2026-10-06T18:25:30.9583197Z Current runner version: '2.337.0'
2026-10-06T18:25:30.9609309Z ##[group]Runner Image Provisioner
2026-10-06T18:25:30.9610632Z Hosted Compute Agent
2026-10-06T18:25:30.9611582Z Version: 20260901.588
2026-10-06T18:25:30.9612846Z Commit: f88ec8081b781fac6c440065ac7ff9e710ce3d0b
2026-10-06T18:25:30.9613971Z Build Date: 2026-09-01T19:56:44Z
2026-10-06T18:25:30.9614961Z Worker ID: {8811a96c-3707-4811-82b2-5e77ed31c3ab}
2026-10-06T18:25:30.9615640Z Azure Region: centralus
2026-10-06T18:25:30.9616206Z ##[endgroup]
2026-10-06T18:25:30.9617741Z ##[group]Operating System
2026-10-06T18:25:30.9618370Z Microsoft Windows Server 2025
2026-10-06T18:25:30.9618964Z 10.0.26100
2026-10-06T18:25:30.9619440Z Datacenter
2026-10-06T18:25:30.9619974Z ##[endgroup]
2026-10-06T18:25:30.9620585Z ##[group]Runner Image
2026-10-06T18:25:30.9621149Z Image: windows-2025-vs2026
2026-10-06T18:25:30.9621746Z Version: 20260925.250.1
2026-10-06T18:25:30.9623304Z Included Software: https://github.com/actions/runner-images/blob/win25-vs2026/20260925.250/images/windows/Windows2025-VS2026-Readme.md
2026-10-06T18:25:30.9625646Z Image Release: https://github.com/actions/runner-images/releases/tag/win25-vs2026%2F20260925.250
2026-10-06T18:25:30.9626596Z ##[endgroup]
2026-10-06T18:25:30.9627778Z ##[group]GITHUB_TOKEN Permissions
2026-10-06T18:25:30.9630030Z Contents: read
2026-10-06T18:25:30.9630609Z Metadata: read
2026-10-06T18:25:30.9631165Z PullRequests: read
2026-10-06T18:25:30.9631722Z ##[endgroup]
2026-10-06T18:25:30.9633967Z Secret source: Actions
2026-10-06T18:25:30.9634910Z Cache mode: write
2026-10-06T18:25:30.9635558Z Prepare workflow directory
2026-10-06T18:25:31.0052029Z Prepare all required actions
2026-10-06T18:25:31.0107978Z Getting action download info
2026-10-06T18:25:31.2717004Z Download action repository 'actions/checkout@v4' (SHA:11d5960a326750d5838078e36cf38b85af677262)
2026-10-06T18:25:31.4077434Z Download action repository 'actions/setup-go@v5' (SHA:40f1582b2485089dde7abd97c1529aa768e1baff)
2026-10-06T18:25:31.8671810Z Download action repository 'actions/upload-artifact@v4' (SHA:ea165f8d65b6e75b540449e92b4886f43607fa02)
2026-10-06T18:25:32.2087151Z Complete job name: windows-caching-rest-1
2026-10-06T18:25:32.3585512Z ##[group]Run actions/checkout@v4
2026-10-06T18:25:32.3586585Z with:
2026-10-06T18:25:32.3587141Z   repository: snissn/gomap
2026-10-06T18:25:32.3590860Z   token: ***
2026-10-06T18:25:32.3591347Z   ssh-strict: true
2026-10-06T18:25:32.3591865Z   ssh-user: git
2026-10-06T18:25:32.3592416Z   persist-credentials: true
2026-10-06T18:25:32.3592977Z   clean: true
2026-10-06T18:25:32.3593473Z   sparse-checkout-cone-mode: true
2026-10-06T18:25:32.3594072Z   fetch-depth: 1
2026-10-06T18:25:32.3594613Z   fetch-tags: false
2026-10-06T18:25:32.3595118Z   show-progress: true
2026-10-06T18:25:32.3595619Z   lfs: false
2026-10-06T18:25:32.3596100Z   submodules: false
2026-10-06T18:25:32.3596620Z   set-safe-directory: true
2026-10-06T18:25:32.3597258Z   allow-unsafe-pr-checkout: false
2026-10-06T18:25:32.3598071Z ##[endgroup]
2026-10-06T18:25:32.5002246Z Syncing repository: snissn/gomap
2026-10-06T18:25:32.5004191Z ##[group]Getting Git version info
2026-10-06T18:25:32.5004983Z Working directory is 'D:\a\gomap\gomap'
2026-10-06T18:25:32.6027435Z [command]"C:\Program Files\Git\bin\git.exe" version
2026-10-06T18:25:32.9667487Z git version 2.55.0.windows.5
2026-10-06T18:25:32.9714243Z ##[endgroup]
2026-10-06T18:25:32.9734901Z Temporarily overriding HOME='D:\a\_temp\05e0aff8-bf0f-4cfc-80c5-4dabf5b4a4e8' before making global git config changes
2026-10-06T18:25:32.9736412Z Adding repository directory to the temporary git global config as a safe directory
2026-10-06T18:25:32.9745221Z [command]"C:\Program Files\Git\bin\git.exe" config --global --add safe.directory D:\a\gomap\gomap
2026-10-06T18:25:33.0416722Z Deleting the contents of 'D:\a\gomap\gomap'
2026-10-06T18:25:33.0425812Z ##[group]Initializing the repository
2026-10-06T18:25:33.0434252Z [command]"C:\Program Files\Git\bin\git.exe" init D:\a\gomap\gomap
2026-10-06T18:25:33.1366379Z Initialized empty Git repository in D:/a/gomap/gomap/.git/
2026-10-06T18:25:33.1408985Z [command]"C:\Program Files\Git\bin\git.exe" remote add origin https://github.com/snissn/gomap
2026-10-06T18:25:33.2095131Z ##[endgroup]
2026-10-06T18:25:33.2096179Z ##[group]Disabling automatic garbage collection
2026-10-06T18:25:33.2103498Z [command]"C:\Program Files\Git\bin\git.exe" config --local gc.auto 0
2026-10-06T18:25:33.2401293Z ##[endgroup]
2026-10-06T18:25:33.2402214Z ##[group]Setting up auth
2026-10-06T18:25:33.2413662Z [command]"C:\Program Files\Git\bin\git.exe" config --local --name-only --get-regexp core\.sshCommand
2026-10-06T18:25:33.2709808Z [command]"C:\Program Files\Git\bin\git.exe" submodule foreach --recursive "sh -c \"git config --local --name-only --get-regexp 'core\.sshCommand' && git config --local --unset-all 'core.sshCommand' || :\""
2026-10-06T18:25:34.7769367Z [command]"C:\Program Files\Git\bin\git.exe" config --local --name-only --get-regexp http\.https\:\/\/github\.com\/\.extraheader
2026-10-06T18:25:34.8071115Z [command]"C:\Program Files\Git\bin\git.exe" submodule foreach --recursive "sh -c \"git config --local --name-only --get-regexp 'http\.https\:\/\/github\.com\/\.extraheader' && git config --local --unset-all 'http.https://github.com/.extraheader' || :\""
2026-10-06T18:25:35.3402758Z [command]"C:\Program Files\Git\bin\git.exe" config --local --name-only --get-regexp ^includeIf\.gitdir:
2026-10-06T18:25:35.3700153Z [command]"C:\Program Files\Git\bin\git.exe" submodule foreach --recursive "git config --local --show-origin --name-only --get-regexp remote.origin.url"
2026-10-06T18:25:35.9878196Z [command]"C:\Program Files\Git\bin\git.exe" config --local http.https://github.com/.extraheader "AUTHORIZATION: basic ***"
2026-10-06T18:25:36.0189017Z ##[endgroup]
2026-10-06T18:25:36.0189798Z ##[group]Fetching the repository
2026-10-06T18:25:36.0201976Z [command]"C:\Program Files\Git\bin\git.exe" -c protocol.version=2 fetch --no-tags --prune --no-recurse-submodules --depth=1 origin +89fd901c3dec77dc9cb07a1dbfc060a7026f52a5:refs/remotes/pull/5071/merge
2026-10-06T18:26:04.6710613Z From https://github.com/snissn/gomap
2026-10-06T18:26:04.6715431Z  * [new ref]         89fd901c3dec77dc9cb07a1dbfc060a7026f52a5 -> pull/5071/merge
2026-10-06T18:26:04.6763348Z ##[endgroup]
2026-10-06T18:26:04.6857025Z ##[group]Determining the checkout info
2026-10-06T18:26:04.6865226Z ##[endgroup]
2026-10-06T18:26:04.6866329Z [command]"C:\Program Files\Git\bin\git.exe" sparse-checkout disable
2026-10-06T18:26:04.7290931Z [command]"C:\Program Files\Git\bin\git.exe" config --local --unset-all extensions.worktreeConfig
2026-10-06T18:26:04.7624001Z ##[group]Checking out the ref
2026-10-06T18:26:04.7624921Z [command]"C:\Program Files\Git\bin\git.exe" checkout --progress --force refs/remotes/pull/5071/merge
2026-10-06T18:26:05.8469233Z Updating files:  32% (2688/8226)
2026-10-06T18:26:05.8876171Z Updating files:  33% (2715/8226)
2026-10-06T18:26:05.9298052Z Updating files:  34% (2797/8226)
2026-10-06T18:26:05.9583606Z Updating files:  35% (2880/8226)
2026-10-06T18:26:05.9837138Z Updating files:  36% (2962/8226)
2026-10-06T18:26:06.0120773Z Updating files:  37% (3044/8226)
2026-10-06T18:26:06.0417441Z Updating files:  38% (3126/8226)
2026-10-06T18:26:06.0763986Z Updating files:  39% (3209/8226)
2026-10-06T18:26:06.9174954Z Updating files:  40% (3291/8226)
2026-10-06T18:26:06.9183248Z Updating files:  40% (3371/8226)
2026-10-06T18:26:07.5089451Z Updating files:  41% (3373/8226)
2026-10-06T18:26:07.5884959Z Updating files:  42% (3455/8226)
2026-10-06T18:26:07.6102108Z Updating files:  43% (3538/8226)
2026-10-06T18:26:07.6306583Z Updating files:  44% (3620/8226)
2026-10-06T18:26:07.6554397Z Updating files:  45% (3702/8226)
2026-10-06T18:26:07.6833378Z Updating files:  46% (3784/8226)
2026-10-06T18:26:07.7211020Z Updating files:  47% (3867/8226)
2026-10-06T18:26:07.7771962Z Updating files:  48% (3949/8226)
2026-10-06T18:26:07.8457023Z Updating files:  49% (4031/8226)
2026-10-06T18:26:07.8772188Z Updating files:  49% (4074/8226)
2026-10-06T18:26:07.9071368Z Updating files:  50% (4113/8226)
2026-10-06T18:26:07.9336516Z Updating files:  51% (4196/8226)
2026-10-06T18:26:07.9604093Z Updating files:  52% (4278/8226)
2026-10-06T18:26:07.9814714Z Updating files:  53% (4360/8226)
2026-10-06T18:26:08.0033132Z Updating files:  54% (4443/8226)
2026-10-06T18:26:08.0269789Z Updating files:  55% (4525/8226)
2026-10-06T18:26:08.0488430Z Updating files:  56% (4607/8226)
2026-10-06T18:26:08.0732218Z Updating files:  57% (4689/8226)
2026-10-06T18:26:08.0970615Z Updating files:  58% (4772/8226)
2026-10-06T18:26:08.1231633Z Updating files:  59% (4854/8226)
2026-10-06T18:26:08.1479073Z Updating files:  60% (4936/8226)
2026-10-06T18:26:08.1693090Z Updating files:  61% (5018/8226)
2026-10-06T18:26:08.1971265Z Updating files:  62% (5101/8226)
2026-10-06T18:26:08.2211065Z Updating files:  63% (5183/8226)
2026-10-06T18:26:08.2455804Z Updating files:  64% (5265/8226)
2026-10-06T18:26:08.2709733Z Updating files:  65% (5347/8226)
2026-10-06T18:26:08.2957478Z Updating files:  66% (5430/8226)
2026-10-06T18:26:08.3188667Z Updating files:  67% (5512/8226)
2026-10-06T18:26:08.3426450Z Updating files:  68% (5594/8226)
2026-10-06T18:26:08.3692260Z Updating files:  69% (5676/8226)
2026-10-06T18:26:08.3959220Z Updating files:  70% (5759/8226)
2026-10-06T18:26:08.4735231Z Updating files:  71% (5841/8226)
2026-10-06T18:26:08.5054895Z Updating files:  72% (5923/8226)
2026-10-06T18:26:08.5333471Z Updating files:  73% (6005/8226)
2026-10-06T18:26:08.5591817Z Updating files:  74% (6088/8226)
2026-10-06T18:26:08.5902675Z Updating files:  75% (6170/8226)
2026-10-06T18:26:08.6179914Z Updating files:  76% (6252/8226)
2026-10-06T18:26:08.6403219Z Updating files:  77% (6335/8226)
2026-10-06T18:26:08.6666933Z Updating files:  78% (6417/8226)
2026-10-06T18:26:08.6933807Z Updating files:  79% (6499/8226)
2026-10-06T18:26:08.7150545Z Updating files:  80% (6581/8226)
2026-10-06T18:26:08.7374295Z Updating files:  81% (6664/8226)
2026-10-06T18:26:08.7548954Z Updating files:  82% (6746/8226)
2026-10-06T18:26:08.7930209Z Updating files:  83% (6828/8226)
2026-10-06T18:26:08.8157931Z Updating files:  84% (6910/8226)
2026-10-06T18:26:08.8238330Z Updating files:  85% (6993/8226)
2026-10-06T18:26:08.8317071Z Updating files:  85% (7032/8226)
2026-10-06T18:26:08.8547613Z Updating files:  86% (7075/8226)
2026-10-06T18:26:08.9041569Z Updating files:  87% (7157/8226)
2026-10-06T18:26:08.9561815Z Updating files:  88% (7239/8226)
2026-10-06T18:26:08.9908287Z Updating files:  89% (7322/8226)
2026-10-06T18:26:09.0263019Z Updating files:  90% (7404/8226)
2026-10-06T18:26:09.0760375Z Updating files:  91% (7486/8226)
2026-10-06T18:26:09.1192853Z Updating files:  92% (7568/8226)
2026-10-06T18:26:09.1498800Z Updating files:  93% (7651/8226)
2026-10-06T18:26:09.1775374Z Updating files:  94% (7733/8226)
2026-10-06T18:26:09.2238416Z Updating files:  95% (7815/8226)
2026-10-06T18:26:09.2531870Z Updating files:  96% (7897/8226)
2026-10-06T18:26:09.2738527Z Updating files:  97% (7980/8226)
2026-10-06T18:26:09.2983794Z Updating files:  98% (8062/8226)
2026-10-06T18:26:09.3231249Z Updating files:  99% (8144/8226)
2026-10-06T18:26:09.3231721Z Updating files: 100% (8226/8226)
2026-10-06T18:26:09.3232072Z Updating files: 100% (8226/8226), done.
2026-10-06T18:26:09.3425468Z Note: switching to 'refs/remotes/pull/5071/merge'.
2026-10-06T18:26:09.3425864Z 
2026-10-06T18:26:09.3426170Z You are in 'detached HEAD' state. You can look around, make experimental
2026-10-06T18:26:09.3426954Z changes and commit them, and you can discard any commits you make in this
2026-10-06T18:26:09.3427722Z state without impacting any branches by switching back to a branch.
2026-10-06T18:26:09.3428158Z 
2026-10-06T18:26:09.3428469Z If you want to create a new branch to retain commits you create, you may
2026-10-06T18:26:09.3428980Z do so (now or later) by using -c with the switch command. Example:
2026-10-06T18:26:09.3429641Z 
2026-10-06T18:26:09.3429802Z   git switch -c <new-branch-name>
2026-10-06T18:26:09.3430004Z 
2026-10-06T18:26:09.3430102Z Or undo this operation with:
2026-10-06T18:26:09.3430282Z 
2026-10-06T18:26:09.3430656Z   git switch -
2026-10-06T18:26:09.3430869Z 
2026-10-06T18:26:09.3431246Z Turn off this advice by setting config variable advice.detachedHead to false
2026-10-06T18:26:09.3431855Z 
2026-10-06T18:26:09.3432542Z HEAD is now at 89fd901 Merge ebe414b6d6a22a7f616c108157a01f8ed109e7cc into 3cfe2ad896cad1818f72d3d14c74e548fecc1657
2026-10-06T18:26:09.3614800Z ##[endgroup]
2026-10-06T18:26:09.3976769Z [command]"C:\Program Files\Git\bin\git.exe" log -1 --format=%H
2026-10-06T18:26:09.4302064Z 89fd901c3dec77dc9cb07a1dbfc060a7026f52a5
2026-10-06T18:26:09.4824541Z ##[group]Run actions/setup-go@v5
2026-10-06T18:26:09.4824977Z with:
2026-10-06T18:26:09.4825249Z   go-version-file: go.mod
2026-10-06T18:26:09.4825579Z   cache: false
2026-10-06T18:26:09.4825906Z   cache-dependency-path: go.sum

2026-10-06T18:26:09.4826301Z   check-latest: false
2026-10-06T18:26:09.4830034Z   token: ***
2026-10-06T18:26:09.4830303Z ##[endgroup]
2026-10-06T18:26:09.6421838Z Setup go version spec 1.26
2026-10-06T18:26:09.6627662Z Found in cache @ C:\hostedtoolcache\windows\go\1.26.8\x64
2026-10-06T18:26:09.6630098Z (node:1468) [DEP0040] DeprecationWarning: The `punycode` module is deprecated. Please use a userland alternative instead.
2026-10-06T18:26:09.6630973Z (Use `node --trace-deprecation ...` to show where the warning was created)
2026-10-06T18:26:09.6636994Z Added go to the path
2026-10-06T18:26:09.6640828Z Successfully set up Go version 1.26
2026-10-06T18:26:11.1787211Z go version go1.26.8 windows/amd64
2026-10-06T18:26:11.1787458Z 
2026-10-06T18:26:11.1787819Z ##[group]go env
2026-10-06T18:26:14.2065994Z set AR=ar
2026-10-06T18:26:14.2066417Z set CC=gcc
2026-10-06T18:26:14.2066765Z set CGO_CFLAGS=-O2 -g
2026-10-06T18:26:14.2067159Z set CGO_CPPFLAGS=
2026-10-06T18:26:14.2067514Z set CGO_CXXFLAGS=-O2 -g
2026-10-06T18:26:14.2067908Z set CGO_ENABLED=1
2026-10-06T18:26:14.2068219Z set CGO_FFLAGS=-O2 -g
2026-10-06T18:26:14.2068520Z set CGO_LDFLAGS=-O2 -g
2026-10-06T18:26:14.2068862Z set CXX=g++
2026-10-06T18:26:14.2069163Z set GCCGO=gccgo
2026-10-06T18:26:14.2069467Z set GO111MODULE=
2026-10-06T18:26:14.2069753Z set GOAMD64=v1
2026-10-06T18:26:14.2070043Z set GOARCH=amd64
2026-10-06T18:26:14.2070344Z set GOAUTH=netrc
2026-10-06T18:26:14.2070642Z set GOBIN=
2026-10-06T18:26:14.2071031Z set GOCACHE=C:\Users\runneradmin\AppData\Local\go-build
2026-10-06T18:26:14.2071513Z set GOCACHEPROG=
2026-10-06T18:26:14.2071786Z set GODEBUG=
2026-10-06T18:26:14.2072143Z set GOENV=C:\Users\runneradmin\AppData\Roaming\go\env
2026-10-06T18:26:14.2072606Z set GOEXE=.exe
2026-10-06T18:26:14.2072887Z set GOEXPERIMENT=
2026-10-06T18:26:14.2073189Z set GOFIPS140=off
2026-10-06T18:26:14.2073390Z set GOFLAGS=
2026-10-06T18:26:14.2074179Z set GOGCCFLAGS=-m64 -mthreads -Wl,--no-gc-sections -fmessage-length=0 -ffile-prefix-map=C:\Users\RUNNER~1\AppData\Local\Temp\go-build4292579439=/tmp/go-build -gno-record-gcc-switches
2026-10-06T18:26:14.2074943Z set GOHOSTARCH=amd64
2026-10-06T18:26:14.2075151Z set GOHOSTOS=windows
2026-10-06T18:26:14.2075335Z set GOINSECURE=
2026-10-06T18:26:14.2075531Z set GOMOD=D:\a\gomap\gomap\go.mod
2026-10-06T18:26:14.2075799Z set GOMODCACHE=C:\Users\runneradmin\go\pkg\mod
2026-10-06T18:26:14.2076075Z set GONOPROXY=
2026-10-06T18:26:14.2076253Z set GONOSUMDB=
2026-10-06T18:26:14.2076421Z set GOOS=windows
2026-10-06T18:26:14.2076621Z set GOPATH=C:\Users\runneradmin\go
2026-10-06T18:26:14.2076865Z set GOPRIVATE=
2026-10-06T18:26:14.2077156Z set GOPROXY=https://proxy.golang.org,direct
2026-10-06T18:26:14.2077505Z set GOROOT=C:\hostedtoolcache\windows\go\1.26.8\x64
2026-10-06T18:26:14.2077794Z set GOSUMDB=sum.golang.org
2026-10-06T18:26:14.2078002Z set GOTELEMETRY=local
2026-10-06T18:26:14.2078309Z set GOTELEMETRYDIR=C:\Users\runneradmin\AppData\Roaming\go\telemetry
2026-10-06T18:26:14.2078915Z set GOTMPDIR=
2026-10-06T18:26:14.2079095Z set GOTOOLCHAIN=auto
2026-10-06T18:26:14.2079429Z set GOTOOLDIR=C:\hostedtoolcache\windows\go\1.26.8\x64\pkg\tool\windows_amd64
2026-10-06T18:26:14.2079790Z set GOVCS=
2026-10-06T18:26:14.2079960Z set GOVERSION=go1.26.8
2026-10-06T18:26:14.2080149Z set GOWORK=
2026-10-06T18:26:14.2080329Z set PKG_CONFIG=pkg-config
2026-10-06T18:26:14.2080470Z 
2026-10-06T18:26:14.2080773Z ##[endgroup]
2026-10-06T18:26:14.2385610Z ##[group]Run set -euo pipefail
2026-10-06T18:26:14.2386393Z [36;1mset -euo pipefail[0m
2026-10-06T18:26:14.2387083Z [36;1mtmp_dir="$(mktemp -d)"[0m
2026-10-06T18:26:14.2387315Z [36;1mcleanup() {[0m
2026-10-06T18:26:14.2387517Z [36;1m  rm -rf "$tmp_dir"[0m
2026-10-06T18:26:14.2387721Z [36;1m}[0m
2026-10-06T18:26:14.2387884Z [36;1mmake_tmp() {[0m
2026-10-06T18:26:14.2388095Z [36;1m  mktemp "$tmp_dir/tmp.XXXXXX"[0m
2026-10-06T18:26:14.2388330Z [36;1m}[0m
2026-10-06T18:26:14.2388486Z [36;1mci_list() {[0m
2026-10-06T18:26:14.2388751Z [36;1m  sed -e 's/\r$//' -e '/^#/d' -e '/^$/d' "$1"[0m
2026-10-06T18:26:14.2389018Z [36;1m}[0m
2026-10-06T18:26:14.2389194Z [36;1mweighted_shard_file() {[0m
2026-10-06T18:26:14.2389411Z [36;1m  kind="$1"[0m
2026-10-06T18:26:14.2389594Z [36;1m  shard_index="$2"[0m
2026-10-06T18:26:14.2389796Z [36;1m  shard_count="$3"[0m
2026-10-06T18:26:14.2389998Z [36;1m  weights_file="$4"[0m
2026-10-06T18:26:14.2390233Z [36;1m  all_file="$5"[0m
2026-10-06T18:26:14.2390442Z [36;1m  shard_file="$6"[0m
2026-10-06T18:26:14.2390756Z [36;1m  awk -F '\t' -v kind="$kind" -v idx="$shard_index" -v n="$shard_count" '[0m
2026-10-06T18:26:14.2391111Z [36;1m    NR == FNR {[0m
2026-10-06T18:26:14.2391347Z [36;1m      if ($0 !~ /^#/ && NF >= 3 && $1 == kind) {[0m
2026-10-06T18:26:14.2391623Z [36;1m        pinned[$3] = $2[0m
2026-10-06T18:26:14.2391917Z [36;1m        preserve_fallback[$3] = ($5 == "preserve-fallback")[0m
2026-10-06T18:26:14.2392232Z [36;1m      }[0m
2026-10-06T18:26:14.2392404Z [36;1m      next[0m
2026-10-06T18:26:14.2392573Z [36;1m    }[0m
2026-10-06T18:26:14.2392752Z [36;1m    $0 in pinned {[0m
2026-10-06T18:26:14.2392985Z [36;1m      if ((pinned[$0] + 0) == idx) print[0m
2026-10-06T18:26:14.2393294Z [36;1m      if (preserve_fallback[$0]) fallback++[0m
2026-10-06T18:26:14.2393550Z [36;1m      next[0m
2026-10-06T18:26:14.2393724Z [36;1m    }[0m
2026-10-06T18:26:14.2393920Z [36;1m    (fallback % n) == idx { print }[0m
2026-10-06T18:26:14.2394174Z [36;1m    { fallback++ }[0m
2026-10-06T18:26:14.2394433Z [36;1m  ' "$weights_file" "$all_file" > "$shard_file"[0m
2026-10-06T18:26:14.2394710Z [36;1m}[0m
2026-10-06T18:26:14.2394879Z [36;1mrun_named_test_file() {[0m
2026-10-06T18:26:14.2395098Z [36;1m  pkg="$1"[0m
2026-10-06T18:26:14.2395275Z [36;1m  label="$2"[0m
2026-10-06T18:26:14.2395463Z [36;1m  tests_file="$3"[0m
2026-10-06T18:26:14.2395664Z [36;1m  output_file="$4"[0m
2026-10-06T18:26:14.2395865Z [36;1m  max_regex_chars=6000[0m
2026-10-06T18:26:14.2396072Z [36;1m  chunk=""[0m
2026-10-06T18:26:14.2396246Z [36;1m  chunk_count=0[0m
2026-10-06T18:26:14.2396439Z [36;1m  chunk_index=0[0m
2026-10-06T18:26:14.2396703Z [36;1m  while IFS= read -r test_name || [ -n "$test_name" ]; do[0m
2026-10-06T18:26:14.2397027Z [36;1m    if [ -z "$test_name" ]; then[0m
2026-10-06T18:26:14.2397259Z [36;1m      continue[0m
2026-10-06T18:26:14.2397441Z [36;1m    fi[0m
2026-10-06T18:26:14.2397614Z [36;1m    if [ -n "$chunk" ]; then[0m
2026-10-06T18:26:14.2397878Z [36;1m      candidate="${chunk}|${test_name}"[0m
2026-10-06T18:26:14.2398133Z [36;1m    else[0m
2026-10-06T18:26:14.2398308Z [36;1m      candidate="$test_name"[0m
2026-10-06T18:26:14.2398522Z [36;1m    fi[0m
2026-10-06T18:26:14.2398779Z [36;1m    if [ -n "$chunk" ] && [ "${#candidate}" -gt "$max_regex_chars" ]; then[0m
2026-10-06T18:26:14.2399134Z [36;1m      chunk_index=$((chunk_index + 1))[0m
2026-10-06T18:26:14.2399391Z [36;1m      regex="^(${chunk})$"[0m
2026-10-06T18:26:14.2400505Z [36;1m      echo "${label} chunk=${chunk_index} tests=${chunk_count} regex_len=${#regex}"[0m
2026-10-06T18:26:14.2401036Z [36;1m      go test -json -timeout 30m -p 1 "$pkg" -run "$regex" | tee -a "$output_file"[0m
2026-10-06T18:26:14.2401428Z [36;1m      chunk="$test_name"[0m
2026-10-06T18:26:14.2401655Z [36;1m      chunk_count=1[0m
2026-10-06T18:26:14.2401853Z [36;1m    else[0m
2026-10-06T18:26:14.2403538Z [36;1m      chunk="$candidate"[0m
2026-10-06T18:26:14.2403876Z [36;1m      chunk_count=$((chunk_count + 1))[0m
2026-10-06T18:26:14.2404150Z [36;1m    fi[0m
2026-10-06T18:26:14.2404344Z [36;1m  done < "$tests_file"[0m
2026-10-06T18:26:14.2404574Z [36;1m  if [ -n "$chunk" ]; then[0m
2026-10-06T18:26:14.2404826Z [36;1m    chunk_index=$((chunk_index + 1))[0m
2026-10-06T18:26:14.2405093Z [36;1m    regex="^(${chunk})$"[0m
2026-10-06T18:26:14.2405459Z [36;1m    echo "${label} chunk=${chunk_index} tests=${chunk_count} regex_len=${#regex}"[0m
2026-10-06T18:26:14.2405998Z [36;1m    go test -json -timeout 30m -p 1 "$pkg" -run "$regex" | tee -a "$output_file"[0m
2026-10-06T18:26:14.2406380Z [36;1m  fi[0m
2026-10-06T18:26:14.2406548Z [36;1m}[0m
2026-10-06T18:26:14.2407159Z [36;1mtrap cleanup EXIT[0m
2026-10-06T18:26:14.2407425Z [36;1mcase "windows-caching-rest" in[0m
2026-10-06T18:26:14.2407678Z [36;1m  all)[0m
2026-10-06T18:26:14.2407874Z [36;1m    package_shard_index=""[0m
2026-10-06T18:26:14.2408121Z [36;1m    package_shard_count=""[0m
2026-10-06T18:26:14.2408376Z [36;1m    package_all_file="$(make_tmp)"[0m
2026-10-06T18:26:14.2408644Z [36;1m    package_file="$(make_tmp)"[0m
2026-10-06T18:26:14.2408914Z [36;1m    go list ./... > "$package_all_file"[0m
2026-10-06T18:26:14.2409594Z [36;1m    weighted_shard_file package "$package_shard_index" "$package_shard_count" ../.github/ci/treedb_unix_weighted_shards.tsv "$package_all_file" "$package_file"[0m
2026-10-06T18:26:14.2410386Z [36;1m    echo "TreeDB package shard=${package_shard_index}/${package_shard_count}"[0m
2026-10-06T18:26:14.2410780Z [36;1m    cat "$package_file"[0m
2026-10-06T18:26:14.2411028Z [36;1m    if [ -s "$package_file" ]; then[0m
2026-10-06T18:26:14.2411445Z [36;1m      xargs go test -json -timeout 30m -p 1 < "$package_file" | tee treedb-test.jsonl[0m
2026-10-06T18:26:14.2411842Z [36;1m    else[0m
2026-10-06T18:26:14.2412346Z [36;1m      printf '{"Time":"%s","Action":"skip","Package":"github.com/snissn/gomap/TreeDB"}\n' "$(date -u +%Y-%m-%dT%H:%M:%SZ)" > treedb-test.jsonl[0m
2026-10-06T18:26:14.2412903Z [36;1m    fi[0m
2026-10-06T18:26:14.2413069Z [36;1m    ;;[0m
2026-10-06T18:26:14.2413256Z [36;1m  windows-core)[0m
2026-10-06T18:26:14.2413471Z [36;1m    package_shard_index=""[0m
2026-10-06T18:26:14.2413716Z [36;1m    package_shard_count=""[0m
2026-10-06T18:26:14.2413977Z [36;1m    if [ -z "$package_shard_index" ]; then[0m
2026-10-06T18:26:14.2414256Z [36;1m      package_shard_index=0[0m
2026-10-06T18:26:14.2414483Z [36;1m    fi[0m
2026-10-06T18:26:14.2414775Z [36;1m    if [ -z "$package_shard_count" ] || [ "$package_shard_count" -lt 1 ]; then[0m
2026-10-06T18:26:14.2415148Z [36;1m      package_shard_count=1[0m
2026-10-06T18:26:14.2415367Z [36;1m    fi[0m
2026-10-06T18:26:14.2415559Z [36;1m    package_all_file="$(make_tmp)"[0m
2026-10-06T18:26:14.2415833Z [36;1m    package_file="$(make_tmp)"[0m
2026-10-06T18:26:14.2416089Z [36;1m    root_all_file="$(make_tmp)"[0m
2026-10-06T18:26:14.2416346Z [36;1m    root_test_file="$(make_tmp)"[0m
2026-10-06T18:26:14.2416605Z [36;1m    db_all_file="$(make_tmp)"[0m
2026-10-06T18:26:14.2416847Z [36;1m    db_test_file="$(make_tmp)"[0m
2026-10-06T18:26:14.2417112Z [36;1m    collections_all_file="$(make_tmp)"[0m
2026-10-06T18:26:14.2417399Z [36;1m    collections_test_file="$(make_tmp)"[0m
2026-10-06T18:26:14.2418682Z [36;1m    go list ./... | grep -v '^github.com/snissn/gomap/TreeDB$' | grep -v '^github.com/snissn/gomap/TreeDB/caching$' | grep -v '^github.com/snissn/gomap/TreeDB/collections$' | grep -v '^github.com/snissn/gomap/TreeDB/db$' | grep -v '^github.com/snissn/gomap/TreeDB/mongo_gateway$' | grep -v '^github.com/snissn/gomap/TreeDB/nativewire$' > "$package_all_file"[0m
2026-10-06T18:26:14.2420436Z [36;1m    go test . -list '^(Test|Example).*' | tr -d '\r' | grep -E '^(Test|Example)' | grep -v '^TestPowerLossOracleEnumerateCutPoints$' > "$root_all_file"[0m
2026-10-06T18:26:14.2421596Z [36;1m    go test ./db -list 'Test.*' | tr -d '\r' | grep '^Test' > "$db_all_file"[0m
2026-10-06T18:26:14.2422273Z [36;1m    go test ./collections -list '^(Test|Example|Fuzz).*' | tr -d '\r' | grep -E '^(Test|Example|Fuzz)' > "$collections_all_file"[0m
2026-10-06T18:26:14.2422906Z [36;1m    weights_file=../.github/ci/treedb_windows_core_weighted_shards.tsv[0m
2026-10-06T18:26:14.2423577Z [36;1m    weighted_shard_file package "$package_shard_index" "$package_shard_count" "$weights_file" "$package_all_file" "$package_file"[0m
2026-10-06T18:26:14.2424398Z [36;1m    weighted_shard_file root "$package_shard_index" "$package_shard_count" "$weights_file" "$root_all_file" "$root_test_file"[0m
2026-10-06T18:26:14.2425181Z [36;1m    weighted_shard_file db "$package_shard_index" "$package_shard_count" "$weights_file" "$db_all_file" "$db_test_file"[0m
2026-10-06T18:26:14.2426036Z [36;1m    weighted_shard_file collections "$package_shard_index" "$package_shard_count" "$weights_file" "$collections_all_file" "$collections_test_file"[0m
2026-10-06T18:26:14.2426823Z [36;1m    echo "TreeDB windows-core package shard=${package_shard_index}/${package_shard_count}"[0m
2026-10-06T18:26:14.2427707Z [36;1m    ran_tests=false[0m
2026-10-06T18:26:14.2427949Z [36;1m    if [ -s "$package_file" ]; then[0m
2026-10-06T18:26:14.2428361Z [36;1m      xargs go test -json -timeout 30m -p 1 < "$package_file" | tee treedb-test.jsonl[0m
2026-10-06T18:26:14.2428759Z [36;1m      ran_tests=true[0m
2026-10-06T18:26:14.2428961Z [36;1m    fi[0m
2026-10-06T18:26:14.2429159Z [36;1m    if [ -s "$root_test_file" ]; then[0m
2026-10-06T18:26:14.2429723Z [36;1m      run_named_test_file . "TreeDB root test shard=${package_shard_index}/${package_shard_count}" "$root_test_file" treedb-test.jsonl[0m
2026-10-06T18:26:14.2430272Z [36;1m      ran_tests=true[0m
2026-10-06T18:26:14.2430477Z [36;1m    fi[0m
2026-10-06T18:26:14.2430666Z [36;1m    if [ -s "$db_test_file" ]; then[0m
2026-10-06T18:26:14.2431208Z [36;1m      run_named_test_file ./db "TreeDB/db test shard=${package_shard_index}/${package_shard_count}" "$db_test_file" treedb-test.jsonl[0m
2026-10-06T18:26:14.2431745Z [36;1m      ran_tests=true[0m
2026-10-06T18:26:14.2431943Z [36;1m    fi[0m
2026-10-06T18:26:14.2432150Z [36;1m    if [ -s "$collections_test_file" ]; then[0m
2026-10-06T18:26:14.2432820Z [36;1m      run_named_test_file ./collections "TreeDB/collections test shard=${package_shard_index}/${package_shard_count}" "$collections_test_file" treedb-test.jsonl[0m
2026-10-06T18:26:14.2433464Z [36;1m      ran_tests=true[0m
2026-10-06T18:26:14.2433671Z [36;1m    fi[0m
2026-10-06T18:26:14.2433857Z [36;1m    if [ "$ran_tests" = false ]; then[0m
2026-10-06T18:26:14.2434355Z [36;1m      echo "no TreeDB windows-core tests found for shard ${package_shard_index}/${package_shard_count}; skipping"[0m
2026-10-06T18:26:14.2435172Z [36;1m      printf '{"Time":"%s","Action":"skip","Package":"github.com/snissn/gomap/TreeDB"}\n' "$(date -u +%Y-%m-%dT%H:%M:%SZ)" > treedb-test.jsonl[0m
2026-10-06T18:26:14.2435716Z [36;1m    fi[0m
2026-10-06T18:26:14.2435877Z [36;1m    ;;[0m
2026-10-06T18:26:14.2436049Z [36;1m  windows-mongo)[0m
2026-10-06T18:26:14.2436325Z [36;1m    echo "TreeDB/mongo_gateway dedicated Windows shard"[0m
2026-10-06T18:26:14.2436772Z [36;1m    go test -json -timeout 30m -p 1 ./mongo_gateway | tee treedb-test.jsonl[0m
2026-10-06T18:26:14.2437142Z [36;1m    ;;[0m
2026-10-06T18:26:14.2437327Z [36;1m  windows-nativewire)[0m
2026-10-06T18:26:14.2437607Z [36;1m    echo "TreeDB/nativewire dedicated Windows shard"[0m
2026-10-06T18:26:14.2438151Z [36;1m    go test -json -timeout 30m -p 1 ./nativewire | tee treedb-test.jsonl[0m
2026-10-06T18:26:14.2438503Z [36;1m    ;;[0m
2026-10-06T18:26:14.2438695Z [36;1m  windows-powerloss-oracle)[0m
2026-10-06T18:26:14.2439014Z [36;1m    echo "TreeDB power-loss oracle dedicated Windows shard"[0m
2026-10-06T18:26:14.2439670Z [36;1m    go test -json -timeout 30m -p 1 . -run '^TestPowerLossOracleEnumerateCutPoints$' | tee treedb-test.jsonl[0m
2026-10-06T18:26:14.2440158Z [36;1m    ;;[0m
2026-10-06T18:26:14.2440344Z [36;1m  windows-caching-heavy)[0m
2026-10-06T18:26:14.2440582Z [36;1m    heavy_file="$(make_tmp)"[0m
2026-10-06T18:26:14.2440832Z [36;1m    heavy_pin_file="$(make_tmp)"[0m
2026-10-06T18:26:14.2441095Z [36;1m    heavy_shard_file="$(make_tmp)"[0m
2026-10-06T18:26:14.2441479Z [36;1m    ci_list ../.github/ci/treedb_windows_caching_heavy_tests.txt > "$heavy_file"[0m
2026-10-06T18:26:14.2442029Z [36;1m    ci_list ../.github/ci/treedb_windows_caching_heavy_shard0_tests.txt > "$heavy_pin_file"[0m
2026-10-06T18:26:14.2442465Z [36;1m    heavy_shard_index=""[0m
2026-10-06T18:26:14.2442700Z [36;1m    heavy_shard_count=""[0m
2026-10-06T18:26:14.2442950Z [36;1m    if [ -z "$heavy_shard_index" ]; then[0m
2026-10-06T18:26:14.2443217Z [36;1m      heavy_shard_index=0[0m
2026-10-06T18:26:14.2443434Z [36;1m    fi[0m
2026-10-06T18:26:14.2443702Z [36;1m    if [ -z "$heavy_shard_count" ] || [ "$heavy_shard_count" -lt 1 ]; then[0m
2026-10-06T18:26:14.2444045Z [36;1m      heavy_shard_count=1[0m
2026-10-06T18:26:14.2444260Z [36;1m    fi[0m
2026-10-06T18:26:14.2444462Z [36;1m    if [ "$heavy_shard_count" -eq 2 ]; then[0m
2026-10-06T18:26:14.2445534Z [36;1m      case "$heavy_shard_index" in[0m
2026-10-06T18:26:14.2445926Z [36;1m        0)[0m
2026-10-06T18:26:14.2446336Z [36;1m          grep -F -x -f "$heavy_pin_file" "$heavy_file" > "$heavy_shard_file"[0m
2026-10-06T18:26:14.2447118Z [36;1m          ;;[0m
2026-10-06T18:26:14.2447381Z [36;1m        1)[0m
2026-10-06T18:26:14.2447809Z [36;1m          grep -F -x -v -f "$heavy_pin_file" "$heavy_file" > "$heavy_shard_file" || true[0m
2026-10-06T18:26:14.2448318Z [36;1m          ;;[0m
2026-10-06T18:26:14.2448560Z [36;1m        *)[0m
2026-10-06T18:26:14.2448822Z [36;1m          : > "$heavy_shard_file"[0m
2026-10-06T18:26:14.2449148Z [36;1m          ;;[0m
2026-10-06T18:26:14.2449392Z [36;1m      esac[0m
2026-10-06T18:26:14.2449621Z [36;1m    else[0m
2026-10-06T18:26:14.2450288Z [36;1m      awk -v idx="$heavy_shard_index" -v n="$heavy_shard_count" 'BEGIN { c = 0 } { if ((c % n) == idx) print; c++ }' "$heavy_file" > "$heavy_shard_file"[0m
2026-10-06T18:26:14.2451025Z [36;1m    fi[0m
2026-10-06T18:26:14.2451289Z [36;1m    if ! [ -s "$heavy_shard_file" ]; then[0m
2026-10-06T18:26:14.2451920Z [36;1m      echo "no heavy caching tests found for shard ${heavy_shard_index}/${heavy_shard_count}; skipping"[0m
2026-10-06T18:26:14.2453006Z [36;1m      printf '{"Time":"%s","Action":"skip","Package":"github.com/snissn/gomap/TreeDB/caching"}\n' "$(date -u +%Y-%m-%dT%H:%M:%SZ)" > treedb-test.jsonl[0m
2026-10-06T18:26:14.2453795Z [36;1m      exit 0[0m
2026-10-06T18:26:14.2454038Z [36;1m    fi[0m
2026-10-06T18:26:14.2454332Z [36;1m    regex="^($(paste -sd'|' "$heavy_shard_file"))$"[0m
2026-10-06T18:26:14.2454986Z [36;1m    echo "TreeDB/caching heavy shard=${heavy_shard_index}/${heavy_shard_count} regex=${regex}"[0m
2026-10-06T18:26:14.2455769Z [36;1m    go test -json -timeout 30m -p 1 ./caching -run "$regex" | tee treedb-test.jsonl[0m
2026-10-06T18:26:14.2456284Z [36;1m    ;;[0m
2026-10-06T18:26:14.2456529Z [36;1m  windows-caching-rest)[0m
2026-10-06T18:26:14.2456848Z [36;1m    heavy_file="$(make_tmp)"[0m
2026-10-06T18:26:14.2457169Z [36;1m    rest_file="$(make_tmp)"[0m
2026-10-06T18:26:14.2457498Z [36;1m    rest_shard_file="$(make_tmp)"[0m
2026-10-06T18:26:14.2458006Z [36;1m    ci_list ../.github/ci/treedb_windows_caching_heavy_tests.txt > "$heavy_file"[0m
2026-10-06T18:26:14.2458972Z [36;1m    go test ./caching -list 'Test.*' | tr -d '\r' | grep '^Test' | grep -F -x -v -f "$heavy_file" > "$rest_file"[0m
2026-10-06T18:26:14.2459586Z [36;1m    rest_shard_index="0"[0m
2026-10-06T18:26:14.2459907Z [36;1m    rest_shard_count="3"[0m
2026-10-06T18:26:14.2460231Z [36;1m    if [ -z "$rest_shard_index" ]; then[0m
2026-10-06T18:26:14.2460671Z [36;1m      rest_shard_index=0[0m
2026-10-06T18:26:14.2460953Z [36;1m    fi[0m
2026-10-06T18:26:14.2461301Z [36;1m    if [ -z "$rest_shard_count" ] || [ "$rest_shard_count" -lt 1 ]; then[0m
2026-10-06T18:26:14.2461748Z [36;1m      rest_shard_count=1[0m
2026-10-06T18:26:14.2462026Z [36;1m    fi[0m
2026-10-06T18:26:14.2462641Z [36;1m    awk -v idx="$rest_shard_index" -v n="$rest_shard_count" 'BEGIN { c = 0 } { if ((c % n) == idx) print; c++ }' "$rest_file" > "$rest_shard_file"[0m
2026-10-06T18:26:14.2463391Z [36;1m    rest_regex="^($(paste -sd'|' "$rest_shard_file"))$"[0m
2026-10-06T18:26:14.2463713Z [36;1m    if [ "$rest_regex" = '^()$' ]; then[0m
2026-10-06T18:26:14.2464182Z [36;1m      echo "no non-heavy caching tests found for shard ${rest_shard_index}/${rest_shard_count}; skipping"[0m
2026-10-06T18:26:14.2465004Z [36;1m      printf '{"Time":"%s","Action":"skip","Package":"github.com/snissn/gomap/TreeDB/caching"}\n' "$(date -u +%Y-%m-%dT%H:%M:%SZ)" > treedb-test.jsonl[0m
2026-10-06T18:26:14.2465594Z [36;1m      exit 0[0m
2026-10-06T18:26:14.2465788Z [36;1m    fi[0m
2026-10-06T18:26:14.2466154Z [36;1m    echo "TreeDB/caching rest shard=${rest_shard_index}/${rest_shard_count} regex=${rest_regex}"[0m
2026-10-06T18:26:14.2467101Z [36;1m    go test -json -timeout 30m -p 1 ./caching -run "$rest_regex" | tee treedb-test.jsonl[0m
2026-10-06T18:26:14.2467514Z [36;1m    ;;[0m
2026-10-06T18:26:14.2467689Z [36;1m  *)[0m
2026-10-06T18:26:14.2467944Z [36;1m    echo "unknown shard kind: windows-caching-rest" >&2[0m
2026-10-06T18:26:14.2468278Z [36;1m    exit 1[0m
2026-10-06T18:26:14.2468460Z [36;1m    ;;[0m
2026-10-06T18:26:14.2468627Z [36;1mesac[0m
2026-10-06T18:26:14.2496671Z shell: C:\Program Files\Git\bin\bash.EXE --noprofile --norc -e -o pipefail {0}
2026-10-06T18:26:14.2497075Z env:
2026-10-06T18:26:14.2497251Z   GOMEMLIMIT: 4GiB
2026-10-06T18:26:14.2497437Z   GOMAXPROCS: 2
2026-10-06T18:26:14.2497696Z ##[endgroup]
2026-10-06T18:26:15.0468236Z go: downloading github.com/cespare/xxhash/v2 v2.3.0
2026-10-06T18:26:15.0596683Z go: downloading github.com/snissn/compress v1.18.2-snissn.0.0.20260506201017-87fb149e4721
2026-10-06T18:26:17.4551879Z go: downloading go.uber.org/goleak v1.3.0
2026-10-06T18:26:18.3849731Z go: downloading github.com/tidwall/btree v1.8.1
2026-10-06T18:26:18.4900141Z go: downloading github.com/golang/snappy v0.0.4
2026-10-06T18:26:18.6132105Z go: downloading github.com/pierrec/lz4/v4 v4.1.22
2026-10-06T18:26:18.9635584Z go: downloading golang.org/x/sys v0.41.0
2026-10-06T18:26:19.8762408Z go: downloading github.com/zeebo/xxh3 v1.1.0
2026-10-06T18:26:21.8022283Z go: downloading github.com/snissn/go-crc32-asm v0.0.0-20260522204125-08945951423a
2026-10-06T18:26:22.0154538Z go: downloading github.com/klauspost/cpuid/v2 v2.2.10
2026-10-06T18:27:38.4378693Z TreeDB/caching rest shard=0/3 regex=^(TestAppendOnlyBatchSetViewCopiesValuesToDirectArenaAcrossMutationAndCheckpoint|TestAppendOnlyDirectWriterArenaStatsExcludeAbandonedTail|TestAppendOnlyDirectWriterArena_RetainChunks_LargeChunkByteBudget|TestAppendOnlyDirectWriterArena_RetainChunks_PressureAwareLimits|TestAppendOnlyEntriesToCapacity_OverflowSafe|TestAppendOnlyReserveDemandHintClampsToPressureCapacity|TestAppendOnlyIteratorSnapshot_PinsOldViewAcrossFlush_CurrentBehavior|TestStopBackpressureFlushesAndReturns|TestCheckpointFlushStats|TestComputeBackpressureThresholds_Seconds|TestWaitForStopSchedulesFlush|TestBatchArenaFreeLeaseDropsAfterBucketCap|TestBatchArenaPoolAccountingMissResetsAfterGC|TestDrainBatchArenaPoolToTargetBytes|TestCurrentBatchArenaRetainedHardCap_UsesOverride|TestBatchArenaRetainedHardCapEffectiveBytes_ReducesUnderDeferredPressure|TestBatchArenaSingleMemtableRetainCoalescesLeaseHeaders|TestBatchArenaTailCompaction_PacksManyAliasesIntoOneBacking|TestBatchArenaCopy_ChunkCapClamped|TestBatchArenaLeases_ReleasedAfterCheckpoint|TestBatchArenaRetainedHardCap_PreflightBlocksLargeFirstBatchLease|TestBatchWrite_BTreeStealSuppressedUnderDeferredPressure|TestBatchStableViewValueLease_AppendOnlyBorrowsWithoutDirectArena|TestNoteBatchArenaRetainedBytesMax|TestBatchCopyArenaInitCapForEntries|TestBatchCopyArenaHint_UsesTotalCopiedBytes|TestBatchCopyArenaInitCap_ClampsUnderCriticalPressure|TestBatchCloseReleasesAuxiliaryIndexSlices|TestBatchShardEntryGroupLeaseReuseAndClear|TestBatchArenaChunkListLeaseReturnedAfterMemtableRelease|TestBatchWrite_DeleteOnlyFastPath_SortedAndUnsorted|TestBatchPtrValueArena_RecycledWhenPointersAssigned|TestBatchSetOps_StreamEligible_DisablesOnNonMonotonic|TestProfileFast_BatchWriteFlushesPointerValueLogBeforeMetadataSync|TestCheckpointWaitProductivityStatsNoopCheckpoint|TestCheckpointWaitProductivityStatsActiveBackgroundDrainsFrontier|TestCachingDB_CheckpointContextCancelsBeforeFrontierDrain|TestCachingDB_Checkpoint_TrimsWAL|TestCachingDB_DirectWriteGateRechecksCheckpointAfterPublicWait|TestCachingDB_ExclusiveWriteWithFlushMuHeldReleasesFlushMuWhileWaiting|TestCachingDB_AutoCheckpoint_IdleTrigger_TrimsWAL|TestCachingDB_AutoCheckpoint_SizeTrigger_RearmsAfterSuccessfulNoRelief|TestCachingDB_AutoCheckpoint_SizeTrigger_DoesNotThrashWithRetainedValueLog|TestCachingDB_CloseFlushesDeletesAndOverwrites|TestBackendSyncBoundaryTreatsStaleCleanupProofAsRetryable|TestCachingDBBackendCheckpointBoundaryUsesCoveredPrefixOnlyForExternalCommandWAL|TestAutoCheckpointCoveredPrefixCleanupFailureRetainsDebtAndReports|TestCachingDBCheckpointCleanupPropagatesUnexpectedError|TestCompactStorageAudit_RealCachedProviderRepeatedDriftReturnsStale|TestConditionalTxnStagedReadDoesNotExtendReadSet|TestCOWBatchStorageAdmissionAndReset|TestCOWBatchCanonicalPreparationPublishesFinalRevisions|TestCOWUnsupportedSurfacesRefuseBeforeEffects|TestCOWEmptyBasisIteratorNeedsNoReadWorkspace|TestCOWChangedSizeSingleAndDuplicateFinalRecord|TestCOWCutPrivatePrepareDoesNotBlockOrMixReaders|TestCOWCutDBCloseExcludesAdmittedReadAndAllowsDelayedRelease|TestCOWCursorDeniedWrapperDoesNotAllocate|TestCOWDrainPublishesActivePointersAndTombstones|TestCOWOrdinaryOverwriteAutomaticallyRollsBoundedGenerations|TestCOWMaintenanceAcceptedRefreshPressureLifetime|TestCOWPointerCheckpointCapturedBasisAndTombstones|TestCOWMaintenanceOwnsFlushFenceAndWaitingWriterProgress|TestCOWReadWorkspaceMetadataAdmissionRefusalAndDrain|TestCOWReadAdapterCursorOwnsOldRoot|TestValuePtrHasNoPointerFieldsForNoClearPool|TestOpenSeedsRIDFromTailValueLogSegments|TestWrapForegroundIterator_AvoidsDoubleWrapAndCloseIsIdempotent|TestForegroundVlogMaintenanceQuietFor_IgnoresReadTraffic|TestForegroundVlogMaintenanceResumedSince_FirstWriteAfterZeroBaseline|TestCachingDB_FlushSyncsWhenWALDisabled|TestCachingDB_FlushAllCombinesMemtables|TestPrepareBypassValueLogOps_RewritesLargeValuesToPointers|TestRotateValueLogMuHeld_RestoresUsableWriterAfterRegisterFailure|TestCheckpoint_AutomaticSkipsSparseVacuum|TestCachingDB_DeleteRange_DisableWAL_CoversInMemoryDeletesBackend|TestCachingDB_IteratorIncludesBackendAfterStreamingBatch|TestCachingDB_SetDoesNotBlockOnWriteMuRLock|TestCachingDB_CloseDeferredValueLogDoesNotFail|TestCachingDB_PrunesRetainedValueLog|TestRetainedValueLogPruneDiagnostics_NoCandidates|TestRetainedValueLogPruneDiagnostics_ForegroundAbort|TestRetainedValueLogPruneCloseCancelsNestedLiveIDScan|TestCheckpoint_DefersRetainedValueLogPruneUntilForegroundQuiet|TestRetainedValueLogPrune_AbortsWhenForegroundWritesResume|TestCheckpoint_RateLimitsRetainedValueLogPrune|TestRetainedValueLogPruneForce_PreemptsQuietWait|TestAdvanceValueLogWriterPastObservedSeq_RollsBackToOriginalSeqOnRegisterFailure|TestCachingDBDeleteRangeStatsCountsVisitedTombstones|TestCachingDB_CommandWALRangeSpanFiltersPublishedRoot|TestCachingDB_CommandWALRangeSpanSurvivesDisjointOrdinaryDeleteRange|TestCachingDB_CommandWALRangeSpanFlushCollectionRespectsLaneBarriers|TestCachingDB_DeleteRange_WALApplyFailurePoisonsWrites|TestCachingDB_DeleteRange_WALFlushesAfterDeletes|TestCachingBatchDeleteRangeSerializesScanAndPublish|TestCachingBatchDeleteRangeMixedOrder|TestDomainIngressDisabledByDefault|TestCurrentTreeDBExpvarStatsIncludesInstances|TestUnregisterTreeDBExpvarStatsDBKeepsCurrentWhenOthersRemain|TestWriteWaitForCheckpointStatsIncrement|TestObserveWriteWaitForCheckpointPreservesZeroDurationSample|TestBeginExclusiveWriteRecordsCheckpointWait|TestLeafLogLaneStatsExposeConfiguredActiveAndPerLaneCounters|TestFlushSpanRunStatsCombinedFlushCountsPostShadowPlannedOps|TestFlushSpanRunLeafAwareChunksDoNotSplitTargetLeaves|TestFlushSpanRunPlannedBackendChunksFallbackOnInvalidCoverage|TestFlushSpanRunBackendChunksExcludeEmptySyncBoundary|TestFlushBacklogCoalescingDefaultPressureGatesAdmitObservedRandomShape|TestFlushBacklogCoalescingOpsBudgetAllowsOneWholeMemtableOvershoot|TestFlushBacklogCoalescingCheckpointAdmissionAccountsForBaseByteBudget|TestFlushCollectionModeSpanNativeFallbackOnlyForClose|TestFlushCollectionModeRangeOnlyCheckpointFallbackReason|TestCheckpointActiveFrontierFiltersBackgroundFlush|TestCheckpointSharedFrontierRecordsBackgroundAndCheckpointWork|TestFlushBacklogCoalescingAgeGate|TestMemtableBatchApplyPreservesEntryRevision|TestBuildOpRunsAppendOnlyRandomDeleteHeavyLatestWins|TestCanStreamCanonicalPointUnitsFromStableIteratorsRejectsFallbackCases|TestOpMergeHeapEightByteDuplicatePriorityAndTombstone|TestCachingDB_MultiLaneFlushDrainsQueue|TestFlushAllBlocksWhileFlushMuHeld|TestCachingDB_FlushSomeAndFlushAllStress|TestFlushCoordinatorHardOverloadFallsBackToForegroundAssist|TestFlushCoordinatorFlushErrorRemovesActiveCredit|TestFlushCoordinatorCloseDrainsQueuedWork|TestCachingDB_FlushAllParallelBuildCombinesMemtables|TestPutEntryRunsClearsReferences|TestBuildOpRunsChunking|TestFlushDeferredValueLogMemtableReservesBackendBatch|TestOuterLeafArenaLeaseRoundTripWithOversizeReuse|TestEntrySliceLeaseRoundTripWithOversizeReuse|TestEntrySliceLeaseRejectsRoundedBucketAbovePressureCap|TestPutEntrySliceBudgetCapsRetention|TestMaybeResetEntrySlicePoolBytesAfterGC_FirstEpochKeepsAccountedBytes|TestOuterLeafArenaMaxReuseCapClampOverflow|TestAppendOnlyMemtableLeaseReuse|TestFlushLaneOnce_UsesPointerViewForCanonicalizedUnstableIterators|TestGetMany_MemtablePointerValues_DefensiveCopyAndCapacityCapped|TestIterator_BackendOnlyFastPathUsesBackendIterator|TestIterator_IncludesCachedWrites_ValuePointers|TestRetiredMemtableHoldWaitsForUntrackedRetainAfterTrackedRelease|TestIterator_BackendErrorClosesQueuedIterators|TestRotateWithCapacity_EnqueuesOnlyNonEmptyShards|TestOpenStatsExposeExplicitJournalLaneOverride|TestLeafGenerationPackReclaimPerByteCopiedPPM_OverflowSafe|TestCachingLeafPageLogConcurrentSequenceReservations|TestValueLogLaneForFileID_LeafAppendLookupDoesNotAllocate|TestCachingLeafPageLog_SyncRespectsRelaxedSync|TestCachingLeafPageLog_AppendLeafPagesGroupsPointersAndPayloads|TestCachingSpanNativeLeafLogOutputUsesSelectedLanes|TestCachingLeafPageLogLaneMaintenanceAdvanceUsesUniqueSequences|TestCollectLeafRefValueLogLiveIDs_RespectsCanceledContext|TestBatchSetCallerStatsSampled|TestAdaptiveMemtableMode_EarlyRotationKeepsSampling|TestAdaptiveMemtableMode_SwitchesAfterWarmupRotation|TestAdaptiveMemtableMode_BTreeMinIteratorSamplesEnvExplicitZero|TestRetainMemtableViewSelfHealsZeroRefPublishedView|TestRetiredMemtableRecycleDoesNotWaitForUnrelatedNewerView|TestPutAppendOnlyMemLease_RespectsCap|TestBatch_WALOffStreamBypass_DisabledWithValueLog|TestMVCCPhysicalVersionsShareMutableShard|TestSeekGEExactMVCCRangeDoesNotHideOversizedMalformedSuffix|TestSeekGEExactMVCCRangeUsesShardLocalInMemorySources|TestRemoveFileRetryClassifiesLeafValueLogUnlink|TestNextNativeRootValueLogAppendSeqRejectsExhaustion|TestDBGet_PointerValueRemainsCallerOwned|TestSnapshotPointReads_ConsultOnlyShardImmutableQueue|TestGetMany_ConsultsOnlyTouchedPublishedRootPointShards|TestGetMany_DuplicateHitsReuseSingleProbeWithoutResultAliasing|TestSeekGE_RawPhysicalDeleteCounterexample|TestSeekGEVersionRange_PhysicalDeleteRetriesFreshView|TestSeekGEVersionRange_FallbackExclusive|TestSeekGEVersionRange_PruneRequiresStoreFence|TestSeekGE_SourceCountersSpanTombstoneRounds|TestSeekGE_DoesNotRotateOrCreateGeneralIterator|TestSeekGE_AttributionPartitionsWinningSource|TestSeekGE_ConcurrentCommitSnapshotIsCoherent|TestPoolPressureIncludesUnreleasedIdleHeap|TestPoolPressureTrimPreservesNonLeasePoolAccounting|TestBatchAuxPoolsSkipRetentionUnderCriticalPressure|TestMutableFlushThresholdTracksPressureTransitions|TestPoolPressureSamplerPublishesInitialPressureSnapshot|TestRawKVParitySnapshotGetEntryPreservesEmptyKeyAndValue|TestCachingRawSpanNativeCheckpointAndCloseDrainRoutes|TestSnapshot_HasAllocsIndependentOfQueuedMemtables|TestDB_MemtableSnapshotImmutableAcrossInPlaceQueueCompaction|TestPointReads_RawFallbackHasAllocsIndependentOfQueuedShards|TestDB_GetRecordsForegroundGraceCrossing|TestTrimAppendOnlyMemLeases_DropsColdWhenModeNotAppendOnly|TestStoreMemtableMode_DropsAppendOnlyPoolsOnColdTransition|TestTrimRetainedArenasAfterFlush_TrimsSparseAppendOnlyMutableBacking|TestReverseIterator_IncludesCachedWrites_SnapshotIsolated|TestIterator_UsesPublishedRootDomainIteratorAsAuthority|TestPointReads_IgnoreSyntheticViewStateWithoutPublishedRootDomains|TestReverseIterator_UsesPublishedRootDomainIteratorRangesAsAuthority|TestRootDomainProbeStats_SnapshotHasManyAndHasPrefixes|TestRootDomainSnapshot_TombstoneHidesOlderRuns|TestRootDomainState_SnapshotDoesNotAliasLaterImmutableReuse|TestRootDomainSnapshotFromMemtableView_ForSnapshotReadsExcludesMutableRun|TestRootDomainSnapshotFromCachedSnapshot_UsesBackendFallbackLookup|TestRawPointRootDomainEntry_NewestWinsAcrossMutableAndQueue|TestPublishMemtablesLocked_UsesRootDomainStateAuthority|TestPromoteRootDomainMutableLocked_SkipsEmptySealedMemtable|TestRootDomainSnapshot_HasPrefixesSortedUsesOneIteratorPerSource|TestInstallPublishedRootSetLocked_NilClearsPublishedViews|TestPublishInstalledRootSetLocked_HookFailureKeepsPreviousGeneration|TestPublishInstalledRootSetLocked_SuccessClearsDirtyPublishGroup|TestFlushCheckpointEmptyFrontierPublishesDirtyRoots|TestPublishInstalledRootSetLocked_HookSeesOrderedRunsAsOneGroup|TestPublishInstalledRootSet_NewerGenerationInstalledDuringHookWins|TestPublishInstalledRootSet_PublishesSystemDescriptorRunWithoutBackendBatch|TestPublishInstalledRootSet_WarmGroupedNonSystemRoots_PublishesDirtyRoots|TestPublishInstalledRootSet_WarmMixedSystemAndNonSystemRoots_PublishesAtomically|TestRootDomainSnapshotFromCachedSnapshot_UsesPerRootPublishedView|TestAcquireSnapshot_PinsInstalledPublishedRootSet|TestAcquireSnapshot_PinsGroupedWarmPublishAcrossMixedSystemAndNonSystemRoots|TestLeafGenerationGCOptionsIncludePublishedRoots|TestCollectValueLogLiveIDsUntil_IncludesSystemDescriptorCollectionRootLeafRefs|TestPruneRetainedValueLogs_PublishedNonSystemRootsKeepClosedSegment|TestCachedSnapshotReadCallbackCanCloseOwner|TestCachedSnapshotIteratorCreationSerializesCloseAndRelease|TestCachedSnapshotIteratorDoubleCloseCannotMutateDetachedOwner|TestSnapshotReverseIterator_QueueValueOverridesPublishedAndTombstoneHidesPublished|TestSnapshot_IteratorUsesCapturedRootDomainStateAsAuthority|TestAcquireSnapshotDebugAccounting|TestAcquireSnapshot_CachedPathConcurrentAcquireCloseWithWrites|TestAcquireSnapshot_CapturesPublishedRootDomainVersion|TestAcquireBackendSnapshotFastPath_RejectsMutableCachedWrites|TestAcquireBackendSnapshotFastPath_RejectsPublishedRootState|TestSnapshotGetAppend_PublishedAppendHitReturnsWithoutFallback|TestSnapshotGetAppend_PublishedMissFallbackHandlesShortErrorOutput|TestSnapshotGetAppend_BackendPublishedMissSkipsEntryProbe|TestSnapshotGet_NilReceiverReturnsClosed|TestSnapshotGetAppend_RootBoundPublishedMissDoesNotFallbackToDefaultRoot|TestBatchWriteAppendOnlyReservesShardEntriesBeforeApply|TestBatchWriteSortedOverlappingExistingKeyFallsBackToGeneric|TestValueLogDirForLane_UsesLeafDirOnlyForReservedLeafLog|TestOpenSharesBackendValueLogIdentityPinRegistry|TestAtomicStats|TestChooseAdaptiveMode_BTreeMinIteratorSamplesExplicitZero|TestNoteWriteSortedRunMatchesPerKey_NoPrior|TestUnifiedWAL_ValueLogFlow|TestUnifiedWAL_CrashRecoveryCompactZeroInlineBatch|TestUnifiedWAL_LargeBatch|TestRelaxedSync_Performance|TestLockUpdateKeyWithDeferNoAlloc|TestCachingValueLogExternalRefFlusherDefersRotatedCommandFrameSyncToPinnedDebt|TestCachingValueLogAppenderStripesOnlyAcrossHotGenerationLanes|TestCachingValueLogAppenderLaneFailureReturnsNoPointers|TestCachingValueLogExternalRefFlusherEmptyIDsSyncsAllPendingLanes|TestPutValueLogRecordsNoClear_Smoke|TestReserveValueLogRIDs_InvalidCount|TestOpenRejectsInvalidValueLogDomainInlineThresholds|TestCommandWALPointCallbacksReceiveVisibleRevision|TestAllowAutoDictSampling_BootstrapIgnoresMissingSelector|TestVlogAutotuneMetricsVirtualTime|TestChooseValueLogBlockWriteK_LargePayloadUsesExpandedTarget|TestValueLogBlockFrames_BoundedOrdinaryPayload|TestAppendValueLog_RestoresWriterPolicyAfterBoundedHandoff|TestResolveVlogWriteMode_DictAggressiveLargeOuterLeafPayloadPrefersBlock|TestAppendValueLog_AutoBalancedCompactRetainedTemplateBatchUsesBlockFrames|TestAppendValueLogOne_DictAggressiveWithoutDictRecordsBlockStats|TestAppendValueLogOne_LeafLaneAutoBalancedPrefersLZ4|TestAppendValueLogOne_AutoForcePointerRetainedPayloadResetsBlockBackoff|TestAppendValueLog_AutoBalancedForcePointerHighEntropyPayloadUsesGroupedRawFrame|TestAppendValueLog_DictModeOuterLeafBypassFallsBackToBlock|TestAppendValueLogOne_BlockModeSingleWriteTracksCompressedRatio|TestVlogCompressionSelector_EntersHoldAndProbes|TestVlogCompressionSelector_DictSelectionByPolicy|TestVlogCompressionSelector_SeededDictGetsRealExplorationBeforeUnsampledBlockCodecs|TestVlogCompressionSelector_SnapshotCounters|TestChooseValueLogBlockWriteK_RecordsBlockKStats|TestChooseValueLogBlockWriteK_DictAggressiveUsesLaneRatio|TestChooseValueLogBlockWriteK_ForcePointerLargePayloadRespectsConfiguredLargeTarget|TestPreferLeafPageBlockCodec_CompactedLeafPayloadsPreferLZ4|TestChooseValueLogBlockWriteK_ThroughputFastPathUsesAveragePayload|TestVlogCompressionSelector_AllowDictSampling|TestVlogCompressionSelector_ExplorationStopsAfterStrongBlockSignal|TestVlogCompressionSelector_ShouldContinueExploration_WhenAlternativeNotDominated|TestVlogCompressionSelector_LargePayloadDoesNotForceLZ4WithoutVeryStrongRatio|TestResolveVlogWriteMode_LargePayloadBalancedBypassesSelectorToConfiguredBlock|TestValueLogPayloadLooksRetainedLikeSemanticStreamBlock|TestChooseRetainedStorageFirstBlockCodec_ExplicitBlockKeepsConfiguredCodec|TestResolveVlogWriteMode_ThroughputPolicyBypassesSelectorForMediumPayload|TestObserveVlogWriteMode_ThroughputSmallStillObserves|TestResolveVlogWriteMode_StorageFirstValueLogUsesDomainThreshold|TestShouldBypassAutoRawValueCompression_CompressibleStorageOwnedStaysEligible|TestObserveVlogWriteMode_UsesUnitPayloadForSkipDecision|TestRecordLaneVlogPayloadSplitObservation|TestStats_ExposeVlogWriteModeBreakdown|TestOpen_DoesNotInstallBackendReadBarrierWhenOpenFails|TestReadValueLogAppend_FlushesCurrentSegmentBufferedTailEvenWhenDirtyBitCleared|TestValueLogDictCandidateK_DefaultForcePointers|TestValueLogDictCandidateK_ForcePointersKeepsExplicitDefaultCandidateSet|TestClampValueLogDictK_RespectsConfiguredMax|TestValueLogDictCollectBudget_ScalesForLargeBatchSmallValues|TestValueLogDictClassifierBypass_AllowsOuterLeafPagesForDictSizeAggressive|TestValueLogDictClassifierBypass_AllowsOuterLeafHighEntropyForAutoSize|TestClassifyVlogPayloadKindForRecords|TestValueLogDictClassRangesForRecords_SingleMode|TestValueLogDictCollectSamples_IgnoresOuterLeafPages|TestValueLogDictClassifierBypass_AllowsLargeValuesAfterDictPublish|TestShouldBypassValueLogDictForRecords_MixedBatchWithIgnoredSamplesDoesNotBypass|TestShouldBypassValueLogDictForRecords_OuterLeafMagicPayloadsBypassDict|TestValueLogDictShouldAttemptCompression_LargePayloadPauseProbeDoesNotFireBackToBack|TestValueLogDictCollectSamples_SkipsDuringIncompressibleHold|TestApplyValueLogDictProfileForClass_SerializesConcurrentPublishers|TestApplyValueLogDictProfileForClass_ClosingSkipsPublish|TestApplyValueLogDictProfileForClass_SingleClassUpdatesGlobalAndClassCurrent|TestValueLogDictPauseAndProbeResume|TestChooseValueLogDictWriteK_RespectsConfiguredMax|TestChooseValueLogDictWriteK_DefaultOpenForcePointersWalOffUsesForcePointerMaxK|TestFlushValueLogLane_WaitsForBarrierBeforeDirtyCheck|TestAppendValueLogOne_DirectSetsDirtyBeforeUnlock|TestVlogGenerationCheckpointKick_SkipsWhenWALOn|TestVlogGenerationGC_ProtectedPathsSnapshotDoesNotDeleteNewerSegments|TestCachedGenerationalMaintenance_LeafRefsBackgroundReopenable_WALOn|TestCachedRepeatedRewriteVacuumLeafRefsRemainReopenable_WALOn|TestVlogGenerationRewrite_UsesSharedRIDAllocator|TestPruneRetainedValueLogs_IgnoresLeafPathsInSplitMode|TestShouldRunVlogGenerationRewrite_TotalBytes|TestShouldRunVlogGenerationRewrite_NoTrigger|TestVlogGenerationRewriteQueueLiveBytesSnapshot_UsesLoadedLedger|TestConsumeVlogGenerationRewriteQueueChunk_RebuildsLedgerByFileID|TestObserveVlogGenerationRewritePlanOutcome_EmptyReasonBuckets|TestObserveVlogGenerationRewriteDeadlineCountersByQueueState|TestSetMaintenancePhase_WALOnSteadyDoesNotArmSchedulerWhileClosing|TestDeferredVectorBuildVlogMaintenanceBeginWaitsForAdmittedPass|TestDeferredVectorBuildVlogMaintenanceFinalizeRetainsAdministrativeDebt|TestShouldRunVlogGenerationIndexVacuum_TracksSkipReasons|TestRunVlogGenerationMaintenanceRetries_CoalescesPendingCollisionRetries|TestVlogGenerationRewriteMinStaleRatioForGenericPass_PreservesHigherConfiguredRatio|TestVlogGenerationRewriteMinStaleRatioForQueuedDebt_UsesGenericFloorForTotalBytes|TestVlogGenerationRewriteMinStaleRatioForStaleRatioTrigger_UsesHigherConfiguredRatio|TestShouldRunVlogGenerationGC_ReclaimableBytes|TestShouldRunVlogGenerationIndexVacuum_Threshold|TestVlogGenerationRewriteBudgetCapEnforcedOnLargeElapsed|TestAddClampInt64_SaturatesAndClamps|TestVlogGenerationRewriteSegmentCapForRun_Limiter|TestVlogGenerationObserveRewriteSegmentCapDecision|TestVlogGenerationRewriteMaxSegmentsForFreshPlan_ClampsToFreshCap|TestLeafGenerationPackMaintenance_RequiresExplicitEnv|TestLeafGenerationPackMaintenance_PassesReserveRIDs|TestLeafGenerationPackMaintenance_StopsAfterLowYieldWindow|TestVlogGenerationRewritePlanContext_BudgetsPeriodicFreshPlans|TestVlogGenerationMaintenance_PeriodicPassRunsLeafPackUnderSteadyForegroundActivity|TestVlogGenerationMaintenance_PeriodicLeafPackDoesNotBlockOnScheduledRetainedPruneQuietWait|TestVlogGenerationMaintenance_LeafPackDeadlineIsNotAnError|TestVlogGenerationMaintenance_LeafPackCloseCanceledIsNotAnError|TestVlogGenerationMaintenance_BypassQuietSkipsLeafPack|TestVlogGenerationRewrite_ObservedSourceRetainedBlock_RunsSecondGC|TestVlogGenerationMaintenance_ObservedSourceGCCompletionClearsRetryState|TestVlogGenerationRewrite_FreshPlanExecIgnoresForegroundCancelUntilBoundedComplete|TestVlogGenerationMaintenance_DrainsPendingCheckpointKickAfterPass|TestVlogGenerationMaintenance_ArmsDedicatedRewriteQueueSourceForExecutableDebt|TestSchedulePendingVlogGenerationCheckpointKick_PrioritizesDueDeferredWake|TestVlogGenerationMaintenance_PeriodicPassReturnsDuringCheckpointing|TestVlogGenerationRewrite_SkipsZeroLivePlannedLedger|TestVlogGenerationRewriteQueue_LedgerOrdersByStaleRatio|TestVlogGenerationRewriteQueue_PrefersHistoricallyUsefulExpiredRetry|TestVlogGenerationRewriteQueue_AdmitsSingleExpiredPenaltyWhenAllDebtRetried|TestVlogGenerationRewriteQueue_AggressiveFlowBypassesCooledDebtAndReadmitsImprovedSegment|TestVlogGenerationRewriteQueue_PrunesZeroLiveLedgerBeforeResume|TestVlogGenerationRewriteQueue_KeepsStillReferencedSegmentQueuedWhenBounded|TestVlogGenerationRewriteQueue_ConsumesMissingBoundedSourceIDs|TestVlogGenerationRewriteQueue_CheckpointKickDebtDrainCapsSingleSegment|TestVlogGenerationRewriteResume_CancelBackoffSkipsImmediateRetry|TestVlogGenerationRewrite_CoolsProcessedDebtAfterMaterialIneffectiveGrowth|TestVlogGenerationRewrite_KeepsRemainingDebtForSmallIneffectiveGrowth|TestVlogGenerationRewritePlan_ReadmitsPenalizedSegmentWhenStaleBytesImprove|TestVlogGenerationRewritePlan_StageConfirmationReplansEvenWhenOtherTriggersFire|TestShouldDeferVlogGenerationRewritePlanForAge|TestVlogGenerationMaintenance_CheckpointPendingYieldsToDueAgeBlockedRetry|TestVlogGenerationRewriteAgeBlocked_ParksDuringAutomaticCheckpoint|TestVlogGenerationRewritePlan_AgeBlockedRetryReschedulesEarlierDeadlineAndPreservesAutomaticBoundary|TestTakeVlogGenerationDeferredMaintenanceClearsOrphanedAutomaticMode|TestVlogGenerationRewrite_IneffectiveBackoffSkipsImmediateGenericRetry|TestCheckpoint_KickHotDebtOnlyGuardCanBeDisabled|TestVlogGenerationAutomaticDelayedWakesPreserveMaintenanceBoundary|TestVlogGenerationAutomaticRetainedPruneFollowupPreservesMaintenanceBoundary|TestCheckpoint_KickHotDebtOnlyWakeRunsAfterForegroundQuiets|TestCheckpoint_KickHotDebtOnlyStillRunsQueuedRewriteDebtDuringRecentForegroundActivity|TestVlogGenerationMaintenance_PeriodicGCSkipsWhileRewriteAgeBlocked|TestVlogGenerationMaintenance_WALOffPreCheckpointSkipsRewriteByDefault|TestVlogGenerationMaintenance_PeriodicPreflightSkipsHotNoPending|TestVlogGenerationRewrite_ConsumesBudgetToZeroWhenRewriteExceedsBudgetCap|TestVlogGenerationRewritePlan_TracksEmptyPlanOutcome|TestVlogGenerationMaintenance_SkipsBeforeFirstCheckpointInWALOffMode|TestVlogGenerationMaintenance_SkipsDuringRecentForegroundReads|TestVlogGenerationRewritePlan_GraceAllowsShortPlanDuringForegroundResume|TestForegroundMaintenanceContextResumeGrace_WriteBoundaryOrdering|TestVlogGenerationRewritePlan_CancelBackoffCheckpointKickBypasses|TestVlogGenerationRewritePlan_ForegroundReadsStillRunForcedGC|TestVlogGenerationStats_ReportRewriteBacklogAndDurations|TestVlogGenerationSegmentTargetEnvOverrides|TestLoadValueLogGenerationRewriteState_PreservesPenaltiesWithoutQueue|TestPrioritizeVlogGenerationRewriteIDs_PrefersUsefulThenUnknownThenZeroYield|TestAppendPreparedLeafPageAllocsBudget|TestAppendValueLogOne_QueuedDictProbeClearsPause|TestCheckpoint_RetainsValueLogWhenBackendDefersZombieMark|TestAppendValueLog_RelaxedSyncRotatesWithoutFsync|TestRotateWALLockedWithOptions_DoesNotAdvanceSeqOnFailure|TestMaxValueLogRIDFromSegmentsScansAllSegments|TestStats_ExportsVlogShapeKeys|TestOpen_DisableWALWiresZipperParallelMergePressure)$
2026-10-06T18:27:40.2757312Z {"Time":"2026-10-06T18:27:40.2642028Z","Action":"start","Package":"github.com/snissn/gomap/TreeDB/caching"}
2026-10-06T18:27:40.3379798Z {"Time":"2026-10-06T18:27:40.3199189Z","Action":"run","Package":"github.com/snissn/gomap/TreeDB/caching","Test":"TestAppendOnlyBatchSetViewCopiesValuesToDirectArenaAcrossMutationAndCheckpoint"}
2026-10-06T18:27:40.3383380Z {"Time":"2026-10-06T18:27:40.3265588Z","Action":"output","Package":"github.com/snissn/gomap/TreeDB/caching","Test":"TestAppendOnlyBatchSetViewCopiesValuesToDirectArenaAcrossMutationAndCheckpoint","Output":"=== RUN   TestAppendOnlyBatchSetViewCopiesValuesToDirectArenaAcrossMutationAndCheckpoint\n"}
2026-10-06T18:27:40.3387777Z {"Time":"2026-10-06T18:27:40.3290159Z","Action":"output","Package":"github.com/snissn/gomap/TreeDB/caching","Test":"TestAppendOnlyBatchSetViewCopiesValuesToDirectArenaAcrossMutationAndCheckpoint","Output":"--- PASS: TestAppendOnlyBatchSetViewCopiesValuesToDirectArenaAcrossMutationAndCheckpoint (0.01s)\n"}
2026-10-06T18:27:40.3390939Z {"Time":"2026-10-06T18:27:40.3301373Z","Action":"pass","Package":"github.com/snissn/gomap/TreeDB/caching","Test":"TestAppendOnlyBatchSetViewCopiesValuesToDirectArenaAcrossMutationAndCheckpoint","Elapsed":0.01}
2026-10-06T18:27:40.3393264Z {"Time":"2026-10-06T18:27:40.3305977Z","Action":"run","Package":"github.com/snissn/gomap/TreeDB/caching","Test":"TestAppendOnlyDirectWriterArenaStatsExcludeAbandonedTail"}
2026-10-06T18:27:40.3395798Z {"Time":"2026-10-06T18:27:40.3305977Z","Action":"output","Package":"github.com/snissn/gomap/TreeDB/caching","Test":"TestAppendOnlyDirectWriterArenaStatsExcludeAbandonedTail","Output":"=== RUN   TestAppendOnlyDirectWriterArenaStatsExcludeAbandonedTail\n"}
2026-10-06T18:27:40.3399267Z {"Time":"2026-10-06T18:27:40.3305977Z","Action":"output","Package":"github.com/snissn/gomap/TreeDB/caching","Test":"TestAppendOnlyDirectWriterArenaStatsExcludeAbandonedTail","Output":"--- PASS: TestAppendOnlyDirectWriterArenaStatsExcludeAbandonedTail (0.00s)\n"}
2026-10-06T18:27:40.3402227Z {"Time":"2026-10-06T18:27:40.3305977Z","Action":"pass","Package":"github.com/snissn/gomap/TreeDB/caching","Test":"TestAppendOnlyDirectWriterArenaStatsExcludeAbandonedTail","Elapsed":0}
2026-10-06T18:27:40.3404296Z {"Time":"2026-10-06T18:27:40.3305977Z","Action":"run","Package":"github.com/snissn/gomap/TreeDB/caching","Test":"TestAppendOnlyDirectWriterArena_RetainChunks_LargeChunkByteBudget"}
2026-10-06T18:27:40.3407097Z {"Time":"2026-10-06T18:27:40.3305977Z","Action":"output","Package":"github.com/snissn/gomap/TreeDB/caching","Test":"TestAppendOnlyDirectWriterArena_RetainChunks_LargeChunkByteBudget","Output":"=== RUN   TestAppendOnlyDirectWriterArena_RetainChunks_LargeChunkByteBudget\n"}
2026-10-06T18:27:40.3410417Z {"Time":"2026-10-06T18:27:40.3321711Z","Action":"output","Package":"github.com/snissn/gomap/TreeDB/caching","Test":"TestAppendOnlyDirectWriterArena_RetainChunks_LargeChunkByteBudget","Output":"--- PASS: TestAppendOnlyDirectWriterArena_RetainChunks_LargeChunkByteBudget (0.00s)\n"}
2026-10-06T18:27:40.3413266Z {"Time":"2026-10-06T18:27:40.3321711Z","Action":"pass","Package":"github.com/snissn/gomap/TreeDB/caching","Test":"TestAppendOnlyDirectWriterArena_RetainChunks_LargeChunkByteBudget","Elapsed":0}
2026-10-06T18:27:40.3415601Z {"Time":"2026-10-06T18:27:40.3321711Z","Action":"run","Package":"github.com/snissn/gomap/TreeDB/caching","Test":"TestAppendOnlyDirectWriterArena_RetainChunks_PressureAwareLimits"}
2026-10-06T18:27:40.3418849Z {"Time":"2026-10-06T18:27:40.3321711Z","Action":"output","Package":"github.com/snissn/gomap/TreeDB/caching","Test":"TestAppendOnlyDirectWriterArena_RetainChunks_PressureAwareLimits","Output":"=== RUN   TestAppendOnlyDirectWriterArena_RetainChunks_PressureAwareLimits\n"}
2026-10-06T18:27:40.3422476Z {"Time":"2026-10-06T18:27:40.3354396Z","Action":"output","Package":"github.com/snissn/gomap/TreeDB/caching","Test":"TestAppendOnlyDirectWriterArena_RetainChunks_PressureAwareLimits","Output":"--- PASS: TestAppendOnlyDirectWriterArena_RetainChunks_PressureAwareLimits (0.00s)\n"}
2026-10-06T18:27:40.3425582Z {"Time":"2026-10-06T18:27:40.3354396Z","Action":"pass","Package":"github.com/snissn/gomap/TreeDB/caching","Test":"TestAppendOnlyDirectWriterArena_RetainChunks_PressureAwareLimits","Elapsed":0}
2026-10-06T18:27:40.3427766Z {"Time":"2026-10-06T18:27:40.3354396Z","Action":"run","Package":"github.com/snissn/gomap/TreeDB/caching","Test":"TestAppendOnlyEntriesToCapacity_OverflowSafe"}
2026-10-06T18:27:40.3430033Z {"Time":"2026-10-06T18:27:40.3354396Z","Action":"output","Package":"github.com/snissn/gomap/TreeDB/caching","Test":"TestAppendOnlyEntriesToCapacity_OverflowSafe","Output":"=== RUN   TestAppendOnlyEntriesToCapacity_OverflowSafe\n"}
2026-10-06T18:27:40.3433008Z {"Time":"2026-10-06T18:27:40.3354396Z","Action":"output","Package":"github.com/snissn/gomap/TreeDB/caching","Test":"TestAppendOnlyEntriesToCapacity_OverflowSafe","Output":"--- PASS: TestAppendOnlyEntriesToCapacity_OverflowSafe (0.00s)\n"}
2026-10-06T18:27:40.3435588Z {"Time":"2026-10-06T18:27:40.3354396Z","Action":"pass","Package":"github.com/snissn/gomap/TreeDB/caching","Test":"TestAppendOnlyEntriesToCapacity_OverflowSafe","Elapsed":0}
2026-10-06T18:27:40.3438058Z {"Time":"2026-10-06T18:27:40.3354396Z","Action":"run","Package":"github.com/snissn/gomap/TreeDB/caching","Test":"TestAppendOnlyReserveDemandHintClampsToPressureCapacity"}
2026-10-06T18:27:40.3440881Z {"Time":"2026-10-06T18:27:40.3354396Z","Action":"output","Package":"github.com/snissn/gomap/TreeDB/caching","Test":"TestAppendOnlyReserveDemandHintClampsToPressureCapacity","Output":"=== RUN   TestAppendOnlyReserveDemandHintClampsToPressureCapacity\n"}
2026-10-06T18:27:40.3444352Z {"Time":"2026-10-06T18:27:40.3354396Z","Action":"output","Package":"github.com/snissn/gomap/TreeDB/caching","Test":"TestAppendOnlyReserveDemandHintClampsToPressureCapacity","Output":"--- PASS: TestAppendOnlyReserveDemandHintClampsToPressureCapacity (0.00s)\n"}
2026-10-06T18:27:40.3447265Z {"Time":"2026-10-06T18:27:40.3354396Z","Action":"pass","Package":"github.com/snissn/gomap/TreeDB/caching","Test":"TestAppendOnlyReserveDemandHintClampsToPressureCapacity","Elapsed":0}
2026-10-06T18:27:40.3449874Z {"Time":"2026-10-06T18:27:40.3354396Z","Action":"run","Package":"github.com/snissn/gomap/TreeDB/caching","Test":"TestAppendOnlyIteratorSnapshot_PinsOldViewAcrossFlush_CurrentBehavior"}
2026-10-06T18:27:40.3453080Z {"Time":"2026-10-06T18:27:40.3354396Z","Action":"output","Package":"github.com/snissn/gomap/TreeDB/caching","Test":"TestAppendOnlyIteratorSnapshot_PinsOldViewAcrossFlush_CurrentBehavior","Output":"=== RUN   TestAppendOnlyIteratorSnapshot_PinsOldViewAcrossFlush_CurrentBehavior\n"}
2026-10-06T18:27:40.3528537Z {"Time":"2026-10-06T18:27:40.3423718Z","Action":"output","Package":"github.com/snissn/gomap/TreeDB/caching","Test":"TestAppendOnlyIteratorSnapshot_PinsOldViewAcrossFlush_CurrentBehavior","Output":"--- PASS: TestAppendOnlyIteratorSnapshot_PinsOldViewAcrossFlush_CurrentBehavior (0.01s)\n"}
2026-10-06T18:27:40.3532165Z {"Time":"2026-10-06T18:27:40.3423718Z","Action":"pass","Package":"github.com/snissn/gomap/TreeDB/caching","Test":"TestAppendOnlyIteratorSnapshot_PinsOldViewAcrossFlush_CurrentBehavior","Elapsed":0.01}
2026-10-06T18:27:40.3534428Z {"Time":"2026-10-06T18:27:40.3429255Z","Action":"run","Package":"github.com/snissn/gomap/TreeDB/caching","Test":"TestStopBackpressureFlushesAndReturns"}
2026-10-06T18:27:40.3536499Z {"Time":"2026-10-06T18:27:40.3429255Z","Action":"output","Package":"github.com/snissn/gomap/TreeDB/caching","Test":"TestStopBackpressureFlushesAndReturns","Output":"=== RUN   TestStopBackpressureFlushesAndReturns\n"}
2026-10-06T18:27:40.3539421Z {"Time":"2026-10-06T18:27:40.3518069Z","Action":"output","Package":"github.com/snissn/gomap/TreeDB/caching","Test":"TestStopBackpressureFlushesAndReturns","Output":"--- PASS: TestStopBackpressureFlushesAndReturns (0.01s)\n"}
2026-10-06T18:27:40.3542228Z {"Time":"2026-10-06T18:27:40.3518069Z","Action":"pass","Package":"github.com/snissn/gomap/TreeDB/caching","Test":"TestStopBackpressureFlushesAndReturns","Elapsed":0.01}
2026-10-06T18:27:40.3555124Z {"Time":"2026-10-06T18:27:40.3530882Z","Action":"run","Package":"github.com/snissn/gomap/TreeDB/caching","Test":"TestCheckpointFlushStats"}
2026-10-06T18:27:40.3557129Z {"Time":"2026-10-06T18:27:40.3530882Z","Action":"output","Package":"github.com/snissn/gomap/TreeDB/caching","Test":"TestCheckpointFlushStats","Output":"=== RUN   TestCheckpointFlushStats\n"}
2026-10-06T18:27:40.3682831Z {"Time":"2026-10-06T18:27:40.3633786Z","Action":"output","Package":"github.com/snissn/gomap/TreeDB/caching","Test":"TestCheckpointFlushStats","Output":"--- PASS: TestCheckpointFlushStats (0.01s)\n"}
2026-10-06T18:27:40.4137677Z {"Time":"2026-10-06T18:27:40.3633786Z","Action":"pass","Package":"github.com/snissn/gomap/TreeDB/caching","Test":"TestCheckpointFlushStats","Elapsed":0.01}
2026-10-06T18:27:40.4140406Z {"Time":"2026-10-06T18:27:40.3633786Z","Action":"run","Package":"github.com/snissn/gomap/TreeDB/caching","Test":"TestComputeBackpressureThresholds_Seconds"}
2026-10-06T18:27:40.4142664Z {"Time":"2026-10-06T18:27:40.3633786Z","Action":"output","Package":"github.com/snissn/gomap/TreeDB/caching","Test":"TestComputeBackpressureThresholds_Seconds","Output":"=== RUN   TestComputeBackpressureThresholds_Seconds\n"}
2026-10-06T18:27:40.4144754Z {"Time":"2026-10-06T18:27:40.3633786Z","Action":"output","Package":"github.com/snissn/gomap/TreeDB/caching","Test":"TestComputeBackpressureThresholds_Seconds","Output":"--- PASS: TestComputeBackpressureThresholds_Seconds (0.00s)\n"}
2026-10-06T18:27:40.4146943Z {"Time":"2026-10-06T18:27:40.3633786Z","Action":"pass","Package":"github.com/snissn/gomap/TreeDB/caching","Test":"TestComputeBackpressureThresholds_Seconds","Elapsed":0}
2026-10-06T18:27:40.4147987Z {"Time":"2026-10-06T18:27:40.3639278Z","Action":"run","Package":"github.com/snissn/gomap/TreeDB/caching","Test":"TestWaitForStopSchedulesFlush"}
2026-10-06T18:27:40.4149279Z {"Time":"2026-10-06T18:27:40.3639278Z","Action":"output","Package":"github.com/snissn/gomap/TreeDB/caching","Test":"TestWaitForStopSchedulesFlush","Output":"=== RUN   TestWaitForStopSchedulesFlush\n"}
2026-10-06T18:27:40.4152470Z {"Time":"2026-10-06T18:27:40.403801Z","Action":"output","Package":"github.com/snissn/gomap/TreeDB/caching","Test":"TestWaitForStopSchedulesFlush","Output":"--- PASS: TestWaitForStopSchedulesFlush (0.04s)\n"}
2026-10-06T18:27:40.4153959Z {"Time":"2026-10-06T18:27:40.403801Z","Action":"pass","Package":"github.com/snissn/gomap/TreeDB/caching","Test":"TestWaitForStopSchedulesFlush","Elapsed":0.04}
2026-10-06T18:27:40.4155014Z {"Time":"2026-10-06T18:27:40.403801Z","Action":"run","Package":"github.com/snissn/gomap/TreeDB/caching","Test":"TestBatchArenaFreeLeaseDropsAfterBucketCap"}
2026-10-06T18:27:40.4156292Z {"Time":"2026-10-06T18:27:40.403801Z","Action":"output","Package":"github.com/snissn/gomap/TreeDB/caching","Test":"TestBatchArenaFreeLeaseDropsAfterBucketCap","Output":"=== RUN   TestBatchArenaFreeLeaseDropsAfterBucketCap\n"}
2026-10-06T18:27:40.4158672Z {"Time":"2026-10-06T18:27:40.403801Z","Action":"output","Package":"github.com/snissn/gomap/TreeDB/caching","Test":"TestBatchArenaFreeLeaseDropsAfterBucketCap","Output":"--- PASS: TestBatchArenaFreeLeaseDropsAfterBucketCap (0.00s)\n"}
2026-10-06T18:27:40.4160018Z {"Time":"2026-10-06T18:27:40.403801Z","Action":"pass","Package":"github.com/snissn/gomap/TreeDB/caching","Test":"TestBatchArenaFreeLeaseDropsAfterBucketCap","Elapsed":0}
2026-10-06T18:27:40.4161112Z {"Time":"2026-10-06T18:27:40.4043609Z","Action":"run","Package":"github.com/snissn/gomap/TreeDB/caching","Test":"TestBatchArenaPoolAccountingMissResetsAfterGC"}
2026-10-06T18:27:40.4163553Z {"Time":"2026-10-06T18:27:40.4043609Z","Action":"output","Package":"github.com/snissn/gomap/TreeDB/caching","Test":"TestBatchArenaPoolAccountingMissResetsAfterGC","Output":"=== RUN   TestBatchArenaPoolAccountingMissResetsAfterGC\n"}
2026-10-06T18:27:40.4165241Z {"Time":"2026-10-06T18:27:40.4043609Z","Action":"output","Package":"github.com/snissn/gomap/TreeDB/caching","Test":"TestBatchArenaPoolAccountingMissResetsAfterGC","Output":"--- PASS: TestBatchArenaPoolAccountingMissResetsAfterGC (0.00s)\n"}
2026-10-06T18:27:40.4166649Z {"Time":"2026-10-06T18:27:40.4043609Z","Action":"pass","Package":"github.com/snissn/gomap/TreeDB/caching","Test":"TestBatchArenaPoolAccountingMissResetsAfterGC","Elapsed":0}
2026-10-06T18:27:40.4167720Z {"Time":"2026-10-06T18:27:40.4043609Z","Action":"run","Package":"github.com/snissn/gomap/TreeDB/caching","Test":"TestDrainBatchArenaPoolToTargetBytes"}
2026-10-06T18:27:40.4170491Z {"Time":"2026-10-06T18:27:40.4043609Z","Action":"output","Package":"github.com/snissn/gomap/TreeDB/caching","Test":"TestDrainBatchArenaPoolToTargetBytes","Output":"=== RUN   TestDrainBatchArenaPoolToTargetBytes\n"}
2026-10-06T18:27:40.4172002Z {"Time":"2026-10-06T18:27:40.4043609Z","Action":"output","Package":"github.com/snissn/gomap/TreeDB/caching","Test":"TestDrainBatchArenaPoolToTargetBytes","Output":"--- PASS: TestDrainBatchArenaPoolToTargetBytes (0.00s)\n"}
2026-10-06T18:27:40.4173306Z {"Time":"2026-10-06T18:27:40.4043609Z","Action":"pass","Package":"github.com/snissn/gomap/TreeDB/caching","Test":"TestDrainBatchArenaPoolToTargetBytes","Elapsed":0}
2026-10-06T18:27:40.4174766Z {"Time":"2026-10-06T18:27:40.4043609Z","Action":"run","Package":"github.com/snissn/gomap/TreeDB/caching","Test":"TestCurrentBatchArenaRetainedHardCap_UsesOverride"}
2026-10-06T18:27:40.4176150Z {"Time":"2026-10-06T18:27:40.4043609Z","Action":"output","Package":"github.com/snissn/gomap/TreeDB/caching","Test":"TestCurrentBatchArenaRetainedHardCap_UsesOverride","Output":"=== RUN   TestCurrentBatchArenaRetainedHardCap_UsesOverride\n"}
2026-10-06T18:27:40.4177816Z {"Time":"2026-10-06T18:27:40.4043609Z","Action":"output","Package":"github.com/snissn/gomap/TreeDB/caching","Test":"TestCurrentBatchArenaRetainedHardCap_UsesOverride","Output":"--- PASS: TestCurrentBatchArenaRetainedHardCap_UsesOverride (0.00s)\n"}
2026-10-06T18:27:40.4179239Z {"Time":"2026-10-06T18:27:40.4043609Z","Action":"pass","Package":"github.com/snissn/gomap/TreeDB/caching","Test":"TestCurrentBatchArenaRetainedHardCap_UsesOverride","Elapsed":0}
2026-10-06T18:27:40.4181034Z {"Time":"2026-10-06T18:27:40.4043609Z","Action":"run","Package":"github.com/snissn/gomap/TreeDB/caching","Test":"TestBatchArenaRetainedHardCapEffectiveBytes_ReducesUnderDeferredPressure"}
2026-10-06T18:27:40.4183022Z {"Time":"2026-10-06T18:27:40.4043609Z","Action":"output","Package":"github.com/snissn/gomap/TreeDB/caching","Test":"TestBatchArenaRetainedHardCapEffectiveBytes_ReducesUnderDeferredPressure","Output":"=== RUN   TestBatchArenaRetainedHardCapEffectiveBytes_ReducesUnderDeferredPressure\n"}
2026-10-06T18:27:40.4185202Z {"Time":"2026-10-06T18:27:40.4043609Z","Action":"output","Package":"github.com/snissn/gomap/TreeDB/caching","Test":"TestBatchArenaRetainedHardCapEffectiveBytes_ReducesUnderDeferredPressure","Output":"--- PASS: TestBatchArenaRetainedHardCapEffectiveBytes_ReducesUnderDeferredPressure (0.00s)\n"}
2026-10-06T18:27:40.4187178Z {"Time":"2026-10-06T18:27:40.4043609Z","Action":"pass","Package":"github.com/snissn/gomap/TreeDB/caching","Test":"TestBatchArenaRetainedHardCapEffectiveBytes_ReducesUnderDeferredPressure","Elapsed":0}
2026-10-06T18:27:40.4188434Z {"Time":"2026-10-06T18:27:40.4049422Z","Action":"run","Package":"github.com/snissn/gomap/TreeDB/caching","Test":"TestBatchArenaSingleMemtableRetainCoalescesLeaseHeaders"}
2026-10-06T18:27:40.4189890Z {"Time":"2026-10-06T18:27:40.4049422Z","Action":"output","Package":"github.com/snissn/gomap/TreeDB/caching","Test":"TestBatchArenaSingleMemtableRetainCoalescesLeaseHeaders","Output":"=== RUN   TestBatchArenaSingleMemtableRetainCoalescesLeaseHeaders\n"}
2026-10-06T18:27:40.4192024Z {"Time":"2026-10-06T18:27:40.4049422Z","Action":"output","Package":"github.com/snissn/gomap/TreeDB/caching","Test":"TestBatchArenaSingleMemtableRetainCoalescesLeaseHeaders","Output":"--- PASS: TestBatchArenaSingleMemtableRetainCoalescesLeaseHeaders (0.00s)\n"}
2026-10-06T18:27:40.4194785Z {"Time":"2026-10-06T18:27:40.4049422Z","Action":"pass","Package":"github.com/snissn/gomap/TreeDB/caching","Test":"TestBatchArenaSingleMemtableRetainCoalescesLeaseHeaders","Elapsed":0}
2026-10-06T18:27:40.4197001Z {"Time":"2026-10-06T18:27:40.4049422Z","Action":"run","Package":"github.com/snissn/gomap/TreeDB/caching","Test":"TestBatchArenaTailCompaction_PacksManyAliasesIntoOneBacking"}
2026-10-06T18:27:40.4199724Z {"Time":"2026-10-06T18:27:40.4049422Z","Action":"output","Package":"github.com/snissn/gomap/TreeDB/caching","Test":"TestBatchArenaTailCompaction_PacksManyAliasesIntoOneBacking","Output":"=== RUN   TestBatchArenaTailCompaction_PacksManyAliasesIntoOneBacking\n"}
2026-10-06T18:27:40.4203492Z {"Time":"2026-10-06T18:27:40.4049422Z","Action":"output","Package":"github.com/snissn/gomap/TreeDB/caching","Test":"TestBatchArenaTailCompaction_PacksManyAliasesIntoOneBacking","Output":"--- PASS: TestBatchArenaTailCompaction_PacksManyAliasesIntoOneBacking (0.00s)\n"}
2026-10-06T18:27:40.4206235Z {"Time":"2026-10-06T18:27:40.4049422Z","Action":"pass","Package":"github.com/snissn/gomap/TreeDB/caching","Test":"TestBatchArenaTailCompaction_PacksManyAliasesIntoOneBacking","Elapsed":0}
2026-10-06T18:27:40.4208173Z {"Time":"2026-10-06T18:27:40.4049422Z","Action":"run","Package":"github.com/snissn/gomap/TreeDB/caching","Test":"TestBatchArenaCopy_ChunkCapClamped"}
2026-10-06T18:27:40.4210220Z {"Time":"2026-10-06T18:27:40.4049422Z","Action":"output","Package":"github.com/snissn/gomap/TreeDB/caching","Test":"TestBatchArenaCopy_ChunkCapClamped","Output":"=== RUN   TestBatchArenaCopy_ChunkCapClamped\n"}
2026-10-06T18:27:40.4212573Z {"Time":"2026-10-06T18:27:40.4110921Z","Action":"output","Package":"github.com/snissn/gomap/TreeDB/caching","Test":"TestBatchArenaCopy_ChunkCapClamped","Output":"--- PASS: TestBatchArenaCopy_ChunkCapClamped (0.01s)\n"}
2026-10-06T18:27:40.4214753Z {"Time":"2026-10-06T18:27:40.4110921Z","Action":"pass","Package":"github.com/snissn/gomap/TreeDB/caching","Test":"TestBatchArenaCopy_ChunkCapClamped","Elapsed":0.01}
2026-10-06T18:27:40.4216774Z {"Time":"2026-10-06T18:27:40.4110921Z","Action":"run","Package":"github.com/snissn/gomap/TreeDB/caching","Test":"TestBatchArenaLeases_ReleasedAfterCheckpoint"}
2026-10-06T18:27:40.4219009Z {"Time":"2026-10-06T18:27:40.4110921Z","Action":"output","Package":"github.com/snissn/gomap/TreeDB/caching","Test":"TestBatchArenaLeases_ReleasedAfterCheckpoint","Output":"=== RUN   TestBatchArenaLeases_ReleasedAfterCheckpoint\n"}
2026-10-06T18:27:40.4221409Z {"Time":"2026-10-06T18:27:40.4110921Z","Action":"run","Package":"github.com/snissn/gomap/TreeDB/caching","Test":"TestBatchArenaLeases_ReleasedAfterCheckpoint/btree"}
2026-10-06T18:27:40.4223952Z {"Time":"2026-10-06T18:27:40.4110921Z","Action":"output","Package":"github.com/snissn/gomap/TreeDB/caching","Test":"TestBatchArenaLeases_ReleasedAfterCheckpoint/btree","Output":"=== RUN   TestBatchArenaLeases_ReleasedAfterCheckpoint/btree\n"}
2026-10-06T18:27:40.4296214Z {"Time":"2026-10-06T18:27:40.4161511Z","Action":"output","Package":"github.com/snissn/gomap/TreeDB/caching","Test":"TestBatchArenaLeases_ReleasedAfterCheckpoint/btree","Output":"--- PASS: TestBatchArenaLeases_ReleasedAfterCheckpoint/btree (0.00s)\n"}
2026-10-06T18:27:40.4298689Z {"Time":"2026-10-06T18:27:40.4161511Z","Action":"pass","Package":"github.com/snissn/gomap/TreeDB/caching","Test":"TestBatchArenaLeases_ReleasedAfterCheckpoint/btree","Elapsed":0}
2026-10-06T18:27:40.4300597Z {"Time":"2026-10-06T18:27:40.4161511Z","Action":"run","Package":"github.com/snissn/gomap/TreeDB/caching","Test":"TestBatchArenaLeases_ReleasedAfterCheckpoint/append_only"}
2026-10-06T18:27:40.4303063Z {"Time":"2026-10-06T18:27:40.4161511Z","Action":"output","Package":"github.com/snissn/gomap/TreeDB/caching","Test":"TestBatchArenaLeases_ReleasedAfterCheckpoint/append_only","Output":"=== RUN   TestBatchArenaLeases_ReleasedAfterCheckpoint/append_only\n"}
2026-10-06T18:27:40.4453437Z {"Time":"2026-10-06T18:27:40.4312763Z","Action":"output","Package":"github.com/snissn/gomap/TreeDB/caching","Test":"TestBatchArenaLeases_ReleasedAfterCheckpoint/append_only","Output":"--- PASS: TestBatchArenaLeases_ReleasedAfterCheckpoint/append_only (0.01s)\n"}
2026-10-06T18:27:40.4455312Z {"Time":"2026-10-06T18:27:40.4312763Z","Action":"pass","Package":"github.com/snissn/gomap/TreeDB/caching","Test":"TestBatchArenaLeases_ReleasedAfterCheckpoint/append_only","Elapsed":0.01}
2026-10-06T18:27:40.4456694Z {"Time":"2026-10-06T18:27:40.4312763Z","Action":"run","Package":"github.com/snissn/gomap/TreeDB/caching","Test":"TestBatchArenaLeases_ReleasedAfterCheckpoint/hash_sorted"}
2026-10-06T18:27:40.4458520Z {"Time":"2026-10-06T18:27:40.4312763Z","Action":"output","Package":"github.com/snissn/gomap/TreeDB/caching","Test":"TestBatchArenaLeases_ReleasedAfterCheckpoint/hash_sorted","Output":"=== RUN   TestBatchArenaLeases_ReleasedAfterCheckpoint/hash_sorted\n"}
2026-10-06T18:27:40.4610856Z {"Time":"2026-10-06T18:27:40.4468825Z","Action":"output","Package":"github.com/snissn/gomap/TreeDB/caching","Test":"TestBatchArenaLeases_ReleasedAfterCheckpoint/hash_sorted","Output":"--- PASS: TestBatchArenaLeases_ReleasedAfterCheckpoint/hash_sorted (0.02s)\n"}
2026-10-06T18:27:40.4613141Z {"Time":"2026-10-06T18:27:40.4468825Z","Action":"pass","Package":"github.com/snissn/gomap/TreeDB/caching","Test":"TestBatchArenaLeases_ReleasedAfterCheckpoint/hash_sorted","Elapsed":0.02}
2026-10-06T18:27:40.4614994Z {"Time":"2026-10-06T18:27:40.4468825Z","Action":"output","Package":"github.com/snissn/gomap/TreeDB/caching","Test":"TestBatchArenaLeases_ReleasedAfterCheckpoint","Output":"--- PASS: TestBatchArenaLeases_ReleasedAfterCheckpoint (0.04s)\n"}
2026-10-06T18:27:40.4616848Z {"Time":"2026-10-06T18:27:40.4468825Z","Action":"pass","Package":"github.com/snissn/gomap/TreeDB/caching","Test":"TestBatchArenaLeases_ReleasedAfterCheckpoint","Elapsed":0.04}
2026-10-06T18:27:40.4618740Z {"Time":"2026-10-06T18:27:40.4474155Z","Action":"run","Package":"github.com/snissn/gomap/TreeDB/caching","Test":"TestBatchArenaRetainedHardCap_PreflightBlocksLargeFirstBatchLease"}
2026-10-06T18:27:40.4621130Z {"Time":"2026-10-06T18:27:40.4474155Z","Action":"output","Package":"github.com/snissn/gomap/TreeDB/caching","Test":"TestBatchArenaRetainedHardCap_PreflightBlocksLargeFirstBatchLease","Output":"=== RUN   TestBatchArenaRetainedHardCap_PreflightBlocksLargeFirstBatchLease\n"}
2026-10-06T18:27:40.4945832Z {"Time":"2026-10-06T18:27:40.4927189Z","Action":"output","Package":"github.com/snissn/gomap/TreeDB/caching","Test":"TestBatchArenaRetainedHardCap_PreflightBlocksLargeFirstBatchLease","Output":"--- PASS: TestBatchArenaRetainedHardCap_PreflightBlocksLargeFirstBatchLease (0.05s)\n"}
2026-10-06T18:27:40.4947656Z {"Time":"2026-10-06T18:27:40.4927189Z","Action":"pass","Package":"github.com/snissn/gomap/TreeDB/caching","Test":"TestBatchArenaRetainedHardCap_PreflightBlocksLargeFirstBatchLease","Elapsed":0.05}
2026-10-06T18:27:40.4948901Z {"Time":"2026-10-06T18:27:40.4927189Z","Action":"run","Package":"github.com/snissn/gomap/TreeDB/caching","Test":"TestBatchWrite_BTreeStealSuppressedUnderDeferredPressure"}
2026-10-06T18:27:40.4950365Z {"Time":"2026-10-06T18:27:40.4927189Z","Action":"output","Package":"github.com/snissn/gomap/TreeDB/caching","Test":"TestBatchWrite_BTreeStealSuppressedUnderDeferredPressure","Output":"=== RUN   TestBatchWrite_BTreeStealSuppressedUnderDeferredPressure\n"}
2026-10-06T18:27:40.5076549Z {"Time":"2026-10-06T18:27:40.4967678Z","Action":"output","Package":"github.com/snissn/gomap/TreeDB/caching","Test":"TestBatchWrite_BTreeStealSuppressedUnderDeferredPressure","Output":"--- PASS: TestBatchWrite_BTreeStealSuppressedUnderDeferredPressure (0.00s)\n"}
2026-10-06T18:27:40.5079414Z {"Time":"2026-10-06T18:27:40.4967678Z","Action":"pass","Package":"github.com/snissn/gomap/TreeDB/caching","Test":"TestBatchWrite_BTreeStealSuppressedUnderDeferredPressure","Elapsed":0}
2026-10-06T18:27:40.5081699Z {"Time":"2026-10-06T18:27:40.4967678Z","Action":"run","Package":"github.com/snissn/gomap/TreeDB/caching","Test":"TestBatchStableViewValueLease_AppendOnlyBorrowsWithoutDirectArena"}
2026-10-06T18:27:40.5084549Z {"Time":"2026-10-06T18:27:40.4967678Z","Action":"output","Package":"github.com/snissn/gomap/TreeDB/caching","Test":"TestBatchStableViewValueLease_AppendOnlyBorrowsWithoutDirectArena","Output":"=== RUN   TestBatchStableViewValueLease_AppendOnlyBorrowsWithoutDirectArena\n"}
2026-10-06T18:27:40.5228771Z {"Time":"2026-10-06T18:27:40.5169092Z","Action":"output","Package":"github.com/snissn/gomap/TreeDB/caching","Test":"TestBatchStableViewValueLease_AppendOnlyBorrowsWithoutDirectArena","Output":"--- PASS: TestBatchStableViewValueLease_AppendOnlyBorrowsWithoutDirectArena (0.02s)\n"}
2026-10-06T18:27:40.5232229Z {"Time":"2026-10-06T18:27:40.5173313Z","Action":"pass","Package":"github.com/snissn/gomap/TreeDB/caching","Test":"TestBatchStableViewValueLease_AppendOnlyBorrowsWithoutDirectArena","Elapsed":0.02}
2026-10-06T18:27:40.5234279Z {"Time":"2026-10-06T18:27:40.5173313Z","Action":"run","Package":"github.com/snissn/gomap/TreeDB/caching","Test":"TestNoteBatchArenaRetainedBytesMax"}
2026-10-06T18:27:40.5236348Z {"Time":"2026-10-06T18:27:40.5173313Z","Action":"output","Package":"github.com/snissn/gomap/TreeDB/caching","Test":"TestNoteBatchArenaRetainedBytesMax","Output":"=== RUN   TestNoteBatchArenaRetainedBytesMax\n"}
2026-10-06T18:27:40.5238440Z {"Time":"2026-10-06T18:27:40.5173313Z","Action":"output","Package":"github.com/snissn/gomap/TreeDB/caching","Test":"TestNoteBatchArenaRetainedBytesMax","Output":"--- PASS: TestNoteBatchArenaRetainedBytesMax (0.00s)\n"}
2026-10-06T18:27:40.5239992Z {"Time":"2026-10-06T18:27:40.5173313Z","Action":"pass","Package":"github.com/snissn/gomap/TreeDB/caching","Test":"TestNoteBatchArenaRetainedBytesMax","Elapsed":0}
2026-10-06T18:27:40.5241053Z {"Time":"2026-10-06T18:27:40.5173313Z","Action":"run","Package":"github.com/snissn/gomap/TreeDB/caching","Test":"TestBatchCopyArenaInitCapForEntries"}
2026-10-06T18:27:40.5242292Z {"Time":"2026-10-06T18:27:40.5173313Z","Action":"output","Package":"github.com/snissn/gomap/TreeDB/caching","Test":"TestBatchCopyArenaInitCapForEntries","Output":"=== RUN   TestBatchCopyArenaInitCapForEntries\n"}
2026-10-06T18:27:40.5244454Z {"Time":"2026-10-06T18:27:40.5173313Z","Action":"run","Package":"github.com/snissn/gomap/TreeDB/caching","Test":"TestBatchCopyArenaInitCapForEntries/unsized"}
2026-10-06T18:27:40.5247754Z {"Time":"2026-10-06T18:27:40.5173313Z","Action":"output","Package":"github.com/snissn/gomap/TreeDB/caching","Test":"TestBatchCopyArenaInitCapForEntries/unsized","Output":"=== RUN   TestBatchCopyArenaInitCapForEntries/unsized\n"}
2026-10-06T18:27:40.5249942Z {"Time":"2026-10-06T18:27:40.5173313Z","Action":"output","Package":"github.com/snissn/gomap/TreeDB/caching","Test":"TestBatchCopyArenaInitCapForEntries/unsized","Output":"--- PASS: TestBatchCopyArenaInitCapForEntries/unsized (0.00s)\n"}
2026-10-06T18:27:40.5251317Z {"Time":"2026-10-06T18:27:40.5173313Z","Action":"pass","Package":"github.com/snissn/gomap/TreeDB/caching","Test":"TestBatchCopyArenaInitCapForEntries/unsized","Elapsed":0}
2026-10-06T18:27:40.5252395Z {"Time":"2026-10-06T18:27:40.5173313Z","Action":"run","Package":"github.com/snissn/gomap/TreeDB/caching","Test":"TestBatchCopyArenaInitCapForEntries/sized"}
2026-10-06T18:27:40.5253731Z {"Time":"2026-10-06T18:27:40.5173313Z","Action":"output","Package":"github.com/snissn/gomap/TreeDB/caching","Test":"TestBatchCopyArenaInitCapForEntries/sized","Output":"=== RUN   TestBatchCopyArenaInitCapForEntries/sized\n"}
2026-10-06T18:27:40.5255921Z {"Time":"2026-10-06T18:27:40.5173313Z","Action":"output","Package":"github.com/snissn/gomap/TreeDB/caching","Test":"TestBatchCopyArenaInitCapForEntries/sized","Output":"--- PASS: TestBatchCopyArenaInitCapForEntries/sized (0.00s)\n"}
2026-10-06T18:27:40.5257253Z {"Time":"2026-10-06T18:27:40.5173313Z","Action":"pass","Package":"github.com/snissn/gomap/TreeDB/caching","Test":"TestBatchCopyArenaInitCapForEntries/sized","Elapsed":0}
2026-10-06T18:27:40.5258314Z {"Time":"2026-10-06T18:27:40.5173313Z","Action":"run","Package":"github.com/snissn/gomap/TreeDB/caching","Test":"TestBatchCopyArenaInitCapForEntries/clamped"}
2026-10-06T18:27:40.5260017Z {"Time":"2026-10-06T18:27:40.5173313Z","Action":"output","Package":"github.com/snissn/gomap/TreeDB/caching","Test":"TestBatchCopyArenaInitCapForEntries/clamped","Output":"=== RUN   TestBatchCopyArenaInitCapForEntries/clamped\n"}
2026-10-06T18:27:40.5261688Z {"Time":"2026-10-06T18:27:40.5173313Z","Action":"output","Package":"github.com/snissn/gomap/TreeDB/caching","Test":"TestBatchCopyArenaInitCapForEntries/clamped","Output":"--- PASS: TestBatchCopyArenaInitCapForEntries/clamped (0.00s)\n"}
2026-10-06T18:27:40.5263030Z {"Time":"2026-10-06T18:27:40.5173313Z","Action":"pass","Package":"github.com/snissn/gomap/TreeDB/caching","Test":"TestBatchCopyArenaInitCapForEntries/clamped","Elapsed":0}
2026-10-06T18:27:40.5264507Z {"Time":"2026-10-06T18:27:40.5173313Z","Action":"output","Package":"github.com/snissn/gomap/TreeDB/caching","Test":"TestBatchCopyArenaInitCapForEntries","Output":"--- PASS: TestBatchCopyArenaInitCapForEntries (0.00s)\n"}
2026-10-06T18:27:40.5266245Z {"Time":"2026-10-06T18:27:40.5178624Z","Action":"pass","Package":"github.com/snissn/gomap/TreeDB/caching","Test":"TestBatchCopyArenaInitCapForEntries","Elapsed":0}
2026-10-06T18:27:40.5267294Z {"Time":"2026-10-06T18:27:40.5178624Z","Action":"run","Package":"github.com/snissn/gomap/TreeDB/caching","Test":"TestBatchCopyArenaHint_UsesTotalCopiedBytes"}
2026-10-06T18:27:40.5268554Z {"Time":"2026-10-06T18:27:40.5178624Z","Action":"output","Package":"github.com/snissn/gomap/TreeDB/caching","Test":"TestBatchCopyArenaHint_UsesTotalCopiedBytes","Output":"=== RUN   TestBatchCopyArenaHint_UsesTotalCopiedBytes\n"}
2026-10-06T18:27:40.5270082Z {"Time":"2026-10-06T18:27:40.5178624Z","Action":"output","Package":"github.com/snissn/gomap/TreeDB/caching","Test":"TestBatchCopyArenaHint_UsesTotalCopiedBytes","Output":"--- PASS: TestBatchCopyArenaHint_UsesTotalCopiedBytes (0.00s)\n"}
2026-10-06T18:27:40.5272050Z {"Time":"2026-10-06T18:27:40.5178624Z","Action":"pass","Package":"github.com/snissn/gomap/TreeDB/caching","Test":"TestBatchCopyArenaHint_UsesTotalCopiedBytes","Elapsed":0}
2026-10-06T18:27:40.5274315Z {"Time":"2026-10-06T18:27:40.5178624Z","Action":"run","Package":"github.com/snissn/gomap/TreeDB/caching","Test":"TestBatchCopyArenaInitCap_ClampsUnderCriticalPressure"}
2026-10-06T18:27:40.5276249Z {"Time":"2026-10-06T18:27:40.5178624Z","Action":"output","Package":"github.com/snissn/gomap/TreeDB/caching","Test":"TestBatchCopyArenaInitCap_ClampsUnderCriticalPressure","Output":"=== RUN   TestBatchCopyArenaInitCap_ClampsUnderCriticalPressure\n"}
2026-10-06T18:27:40.5278426Z {"Time":"2026-10-06T18:27:40.5178624Z","Action":"output","Package":"github.com/snissn/gomap/TreeDB/caching","Test":"TestBatchCopyArenaInitCap_ClampsUnderCriticalPressure","Output":"--- PASS: TestBatchCopyArenaInitCap_ClampsUnderCriticalPressure (0.00s)\n"}
2026-10-06T18:27:40.5279885Z {"Time":"2026-10-06T18:27:40.5178624Z","Action":"pass","Package":"github.com/snissn/gomap/TreeDB/caching","Test":"TestBatchCopyArenaInitCap_ClampsUnderCriticalPressure","Elapsed":0}
2026-10-06T18:27:40.5280997Z {"Time":"2026-10-06T18:27:40.5178624Z","Action":"run","Package":"github.com/snissn/gomap/TreeDB/caching","Test":"TestBatchCloseReleasesAuxiliaryIndexSlices"}
2026-10-06T18:27:40.5282642Z {"Time":"2026-10-06T18:27:40.5178624Z","Action":"output","Package":"github.com/snissn/gomap/TreeDB/caching","Test":"TestBatchCloseReleasesAuxiliaryIndexSlices","Output":"=== RUN   TestBatchCloseReleasesAuxiliaryIndexSlices\n"}
2026-10-06T18:27:40.5284378Z {"Time":"2026-10-06T18:27:40.5178624Z","Action":"output","Package":"github.com/snissn/gomap/TreeDB/caching","Test":"TestBatchCloseReleasesAuxiliaryIndexSlices","Output":"--- PASS: TestBatchCloseReleasesAuxiliaryIndexSlices (0.00s)\n"}
2026-10-06T18:27:40.5285742Z {"Time":"2026-10-06T18:27:40.5178624Z","Action":"pass","Package":"github.com/snissn/gomap/TreeDB/caching","Test":"TestBatchCloseReleasesAuxiliaryIndexSlices","Elapsed":0}
2026-10-06T18:27:40.5286811Z {"Time":"2026-10-06T18:27:40.5178624Z","Action":"run","Package":"github.com/snissn/gomap/TreeDB/caching","Test":"TestBatchShardEntryGroupLeaseReuseAndClear"}
2026-10-06T18:27:40.5288477Z {"Time":"2026-10-06T18:27:40.5178624Z","Action":"output","Package":"github.com/snissn/gomap/TreeDB/caching","Test":"TestBatchShardEntryGroupLeaseReuseAndClear","Output":"=== RUN   TestBatchShardEntryGroupLeaseReuseAndClear\n"}
2026-10-06T18:27:40.5290042Z {"Time":"2026-10-06T18:27:40.5185402Z","Action":"output","Package":"github.com/snissn/gomap/TreeDB/caching","Test":"TestBatchShardEntryGroupLeaseReuseAndClear","Output":"--- PASS: TestBatchShardEntryGroupLeaseReuseAndClear (0.00s)\n"}
2026-10-06T18:27:40.5291385Z {"Time":"2026-10-06T18:27:40.5185402Z","Action":"pass","Package":"github.com/snissn/gomap/TreeDB/caching","Test":"TestBatchShardEntryGroupLeaseReuseAndClear","Elapsed":0}
2026-10-06T18:27:40.5292509Z {"Time":"2026-10-06T18:27:40.5185402Z","Action":"run","Package":"github.com/snissn/gomap/TreeDB/caching","Test":"TestBatchArenaChunkListLeaseReturnedAfterMemtableRelease"}
2026-10-06T18:27:40.5294431Z {"Time":"2026-10-06T18:27:40.5185402Z","Action":"output","Package":"github.com/snissn/gomap/TreeDB/caching","Test":"TestBatchArenaChunkListLeaseReturnedAfterMemtableRelease","Output":"=== RUN   TestBatchArenaChunkListLeaseReturnedAfterMemtableRelease\n"}
2026-10-06T18:27:40.5296262Z {"Time":"2026-10-06T18:27:40.5185402Z","Action":"output","Package":"github.com/snissn/gomap/TreeDB/caching","Test":"TestBatchArenaChunkListLeaseReturnedAfterMemtableRelease","Output":"--- PASS: TestBatchArenaChunkListLeaseReturnedAfterMemtableRelease (0.00s)\n"}
2026-10-06T18:27:40.5297801Z {"Time":"2026-10-06T18:27:40.5185402Z","Action":"pass","Package":"github.com/snissn/gomap/TreeDB/caching","Test":"TestBatchArenaChunkListLeaseReturnedAfterMemtableRelease","Elapsed":0}
2026-10-06T18:27:40.5299367Z {"Time":"2026-10-06T18:27:40.5185402Z","Action":"run","Package":"github.com/snissn/gomap/TreeDB/caching","Test":"TestBatchWrite_DeleteOnlyFastPath_SortedAndUnsorted"}
2026-10-06T18:27:40.5300715Z {"Time":"2026-10-06T18:27:40.5185402Z","Action":"output","Package":"github.com/snissn/gomap/TreeDB/caching","Test":"TestBatchWrite_DeleteOnlyFastPath_SortedAndUnsorted","Output":"=== RUN   TestBatchWrite_DeleteOnlyFastPath_SortedAndUnsorted\n"}
2026-10-06T18:27:40.5302262Z {"Time":"2026-10-06T18:27:40.5185402Z","Action":"run","Package":"github.com/snissn/gomap/TreeDB/caching","Test":"TestBatchWrite_DeleteOnlyFastPath_SortedAndUnsorted/sorted"}
2026-10-06T18:27:40.5303753Z {"Time":"2026-10-06T18:27:40.5185402Z","Action":"output","Package":"github.com/snissn/gomap/TreeDB/caching","Test":"TestBatchWrite_DeleteOnlyFastPath_SortedAndUnsorted/sorted","Output":"=== RUN   TestBatchWrite_DeleteOnlyFastPath_SortedAndUnsorted/sorted\n"}
2026-10-06T18:27:40.5305966Z {"Time":"2026-10-06T18:27:40.5223967Z","Action":"output","Package":"github.com/snissn/gomap/TreeDB/caching","Test":"TestBatchWrite_DeleteOnlyFastPath_SortedAndUnsorted/sorted","Output":"--- PASS: TestBatchWrite_DeleteOnlyFastPath_SortedAndUnsorted/sorted (0.00s)\n"}
2026-10-06T18:27:40.5307516Z {"Time":"2026-10-06T18:27:40.5223967Z","Action":"pass","Package":"github.com/snissn/gomap/TreeDB/caching","Test":"TestBatchWrite_DeleteOnlyFastPath_SortedAndUnsorted/sorted","Elapsed":0}
2026-10-06T18:27:40.5308684Z {"Time":"2026-10-06T18:27:40.5231134Z","Action":"run","Package":"github.com/snissn/gomap/TreeDB/caching","Test":"TestBatchWrite_DeleteOnlyFastPath_SortedAndUnsorted/unsorted"}
2026-10-06T18:27:40.5310528Z {"Time":"2026-10-06T18:27:40.5231134Z","Action":"output","Package":"github.com/snissn/gomap/TreeDB/caching","Test":"TestBatchWrite_DeleteOnlyFastPath_SortedAndUnsorted/unsorted","Output":"=== RUN   TestBatchWrite_DeleteOnlyFastPath_SortedAndUnsorted/unsorted\n"}
2026-10-06T18:27:40.5382366Z {"Time":"2026-10-06T18:27:40.5270785Z","Action":"output","Package":"github.com/snissn/gomap/TreeDB/caching","Test":"TestBatchWrite_DeleteOnlyFastPath_SortedAndUnsorted/unsorted","Output":"--- PASS: TestBatchWrite_DeleteOnlyFastPath_SortedAndUnsorted/unsorted (0.00s)\n"}
2026-10-06T18:27:40.5384120Z {"Time":"2026-10-06T18:27:40.5270785Z","Action":"pass","Package":"github.com/snissn/gomap/TreeDB/caching","Test":"TestBatchWrite_DeleteOnlyFastPath_SortedAndUnsorted/unsorted","Elapsed":0}
2026-10-06T18:27:40.5385627Z {"Time":"2026-10-06T18:27:40.5270785Z","Action":"output","Package":"github.com/snissn/gomap/TreeDB/caching","Test":"TestBatchWrite_DeleteOnlyFastPath_SortedAndUnsorted","Output":"--- PASS: TestBatchWrite_DeleteOnlyFastPath_SortedAndUnsorted (0.01s)\n"}
2026-10-06T18:27:40.5387068Z {"Time":"2026-10-06T18:27:40.5270785Z","Action":"pass","Package":"github.com/snissn/gomap/TreeDB/caching","Test":"TestBatchWrite_DeleteOnlyFastPath_SortedAndUnsorted","Elapsed":0.01}
2026-10-06T18:27:40.5388203Z {"Time":"2026-10-06T18:27:40.5270785Z","Action":"run","Package":"github.com/snissn/gomap/TreeDB/caching","Test":"TestBatchPtrValueArena_RecycledWhenPointersAssigned"}
2026-10-06T18:27:40.5389563Z {"Time":"2026-10-06T18:27:40.5270785Z","Action":"output","Package":"github.com/snissn/gomap/TreeDB/caching","Test":"TestBatchPtrValueArena_RecycledWhenPointersAssigned","Output":"=== RUN   TestBatchPtrValueArena_RecycledWhenPointersAssigned\n"}
2026-10-06T18:27:40.5694013Z {"Time":"2026-10-06T18:27:40.5635551Z","Action":"output","Package":"github.com/snissn/gomap/TreeDB/caching","Test":"TestBatchPtrValueArena_RecycledWhenPointersAssigned","Output":"--- PASS: TestBatchPtrValueArena_RecycledWhenPointersAssigned (0.04s)\n"}
2026-10-06T18:27:40.5696249Z {"Time":"2026-10-06T18:27:40.5635551Z","Action":"pass","Package":"github.com/snissn/gomap/TreeDB/caching","Test":"TestBatchPtrValueArena_RecycledWhenPointersAssigned","Elapsed":0.04}
2026-10-06T18:27:40.5698395Z {"Time":"2026-10-06T18:27:40.5635551Z","Action":"run","Package":"github.com/snissn/gomap/TreeDB/caching","Test":"TestBatchSetOps_StreamEligible_DisablesOnNonMonotonic"}
2026-10-06T18:27:40.5700115Z {"Time":"2026-10-06T18:27:40.5638782Z","Action":"output","Package":"github.com/snissn/gomap/TreeDB/caching","Test":"TestBatchSetOps_StreamEligible_DisablesOnNonMonotonic","Output":"=== RUN   TestBatchSetOps_StreamEligible_DisablesOnNonMonotonic\n"}
2026-10-06T18:27:40.5702887Z {"Time":"2026-10-06T18:27:40.5638782Z","Action":"output","Package":"github.com/snissn/gomap/TreeDB/caching","Test":"TestBatchSetOps_StreamEligible_DisablesOnNonMonotonic","Output":"--- PASS: TestBatchSetOps_StreamEligible_DisablesOnNonMonotonic (0.00s)\n"}
2026-10-06T18:27:40.5705708Z {"Time":"2026-10-06T18:27:40.5638782Z","Action":"pass","Package":"github.com/snissn/gomap/TreeDB/caching","Test":"TestBatchSetOps_StreamEligible_DisablesOnNonMonotonic","Elapsed":0}
2026-10-06T18:27:40.5707213Z {"Time":"2026-10-06T18:27:40.5638782Z","Action":"run","Package":"github.com/snissn/gomap/TreeDB/caching","Test":"TestProfileFast_BatchWriteFlushesPointerValueLogBeforeMetadataSync"}
2026-10-06T18:27:40.5709316Z {"Time":"2026-10-06T18:27:40.5638782Z","Action":"output","Package":"github.com/snissn/gomap/TreeDB/caching","Test":"TestProfileFast_BatchWriteFlushesPointerValueLogBeforeMetadataSync","Output":"=== RUN   TestProfileFast_BatchWriteFlushesPointerValueLogBeforeMetadataSync\n"}
2026-10-06T18:27:40.7085517Z {"Time":"2026-10-06T18:27:40.7042426Z","Action":"output","Package":"github.com/snissn/gomap/TreeDB/caching","Test":"TestProfileFast_BatchWriteFlushesPointerValueLogBeforeMetadataSync","Output":"--- PASS: TestProfileFast_BatchWriteFlushesPointerValueLogBeforeMetadataSync (0.14s)\n"}
2026-10-06T18:27:40.7088860Z {"Time":"2026-10-06T18:27:40.7042426Z","Action":"pass","Package":"github.com/snissn/gomap/TreeDB/caching","Test":"TestProfileFast_BatchWriteFlushesPointerValueLogBeforeMetadataSync","Elapsed":0.14}
2026-10-06T18:27:40.7091933Z {"Time":"2026-10-06T18:27:40.7052706Z","Action":"run","Package":"github.com/snissn/gomap/TreeDB/caching","Test":"TestCheckpointWaitProductivityStatsNoopCheckpoint"}
2026-10-06T18:27:40.7094517Z {"Time":"2026-10-06T18:27:40.7052706Z","Action":"output","Package":"github.com/snissn/gomap/TreeDB/caching","Test":"TestCheckpointWaitProductivityStatsNoopCheckpoint","Output":"=== RUN   TestCheckpointWaitProductivityStatsNoopCheckpoint\n"}
2026-10-06T18:27:40.7243061Z {"Time":"2026-10-06T18:27:40.7115187Z","Action":"output","Package":"github.com/snissn/gomap/TreeDB/caching","Test":"TestCheckpointWaitProductivityStatsNoopCheckpoint","Output":"--- PASS: TestCheckpointWaitProductivityStatsNoopCheckpoint (0.01s)\n"}
2026-10-06T18:27:40.7245801Z {"Time":"2026-10-06T18:27:40.7115187Z","Action":"pass","Package":"github.com/snissn/gomap/TreeDB/caching","Test":"TestCheckpointWaitProductivityStatsNoopCheckpoint","Elapsed":0.01}
2026-10-06T18:27:40.7247970Z {"Time":"2026-10-06T18:27:40.7115187Z","Action":"run","Package":"github.com/snissn/gomap/TreeDB/caching","Test":"TestCheckpointWaitProductivityStatsActiveBackgroundDrainsFrontier"}
2026-10-06T18:27:40.7250845Z {"Time":"2026-10-06T18:27:40.7115187Z","Action":"output","Package":"github.com/snissn/gomap/TreeDB/caching","Test":"TestCheckpointWaitProductivityStatsActiveBackgroundDrainsFrontier","Output":"=== RUN   TestCheckpointWaitProductivityStatsActiveBackgroundDrainsFrontier\n"}
2026-10-06T18:27:40.7554487Z {"Time":"2026-10-06T18:27:40.7527554Z","Action":"output","Package":"github.com/snissn/gomap/TreeDB/caching","Test":"TestCheckpointWaitProductivityStatsActiveBackgroundDrainsFrontier","Output":"--- PASS: TestCheckpointWaitProductivityStatsActiveBackgroundDrainsFrontier (0.04s)\n"}
2026-10-06T18:27:40.7557142Z {"Time":"2026-10-06T18:27:40.7527554Z","Action":"pass","Package":"github.com/snissn/gomap/TreeDB/caching","Test":"TestCheckpointWaitProductivityStatsActiveBackgroundDrainsFrontier","Elapsed":0.04}
2026-10-06T18:27:40.7559073Z {"Time":"2026-10-06T18:27:40.7533281Z","Action":"run","Package":"github.com/snissn/gomap/TreeDB/caching","Test":"TestCachingDB_CheckpointContextCancelsBeforeFrontierDrain"}
2026-10-06T18:27:40.7560920Z {"Time":"2026-10-06T18:27:40.7533281Z","Action":"output","Package":"github.com/snissn/gomap/TreeDB/caching","Test":"TestCachingDB_CheckpointContextCancelsBeforeFrontierDrain","Output":"=== RUN   TestCachingDB_CheckpointContextCancelsBeforeFrontierDrain\n"}
2026-10-06T18:27:40.8021050Z {"Time":"2026-10-06T18:27:40.795488Z","Action":"output","Package":"github.com/snissn/gomap/TreeDB/caching","Test":"TestCachingDB_CheckpointContextCancelsBeforeFrontierDrain","Output":"--- PASS: TestCachingDB_CheckpointContextCancelsBeforeFrontierDrain (0.04s)\n"}
2026-10-06T18:27:40.8024597Z {"Time":"2026-10-06T18:27:40.795488Z","Action":"pass","Package":"github.com/snissn/gomap/TreeDB/caching","Test":"TestCachingDB_CheckpointContextCancelsBeforeFrontierDrain","Elapsed":0.04}
2026-10-06T18:27:40.8025789Z {"Time":"2026-10-06T18:27:40.7960525Z","Action":"run","Package":"github.com/snissn/gomap/TreeDB/caching","Test":"TestCachingDB_Checkpoint_TrimsWAL"}
2026-10-06T18:27:40.8026974Z {"Time":"2026-10-06T18:27:40.7960525Z","Action":"output","Package":"github.com/snissn/gomap/TreeDB/caching","Test":"TestCachingDB_Checkpoint_TrimsWAL","Output":"=== RUN   TestCachingDB_Checkpoint_TrimsWAL\n"}
2026-10-06T18:27:40.9116159Z {"Time":"2026-10-06T18:27:40.9102545Z","Action":"output","Package":"github.com/snissn/gomap/TreeDB/caching","Test":"TestCachingDB_Checkpoint_TrimsWAL","Output":"--- PASS: TestCachingDB_Checkpoint_TrimsWAL (0.11s)\n"}
2026-10-06T18:27:40.9119565Z {"Time":"2026-10-06T18:27:40.9102545Z","Action":"pass","Package":"github.com/snissn/gomap/TreeDB/caching","Test":"TestCachingDB_Checkpoint_TrimsWAL","Elapsed":0.11}
2026-10-06T18:27:40.9122334Z {"Time":"2026-10-06T18:27:40.9102545Z","Action":"run","Package":"github.com/snissn/gomap/TreeDB/caching","Test":"TestCachingDB_DirectWriteGateRechecksCheckpointAfterPublicWait"}
2026-10-06T18:27:40.9123947Z {"Time":"2026-10-06T18:27:40.9102545Z","Action":"output","Package":"github.com/snissn/gomap/TreeDB/caching","Test":"TestCachingDB_DirectWriteGateRechecksCheckpointAfterPublicWait","Output":"=== RUN   TestCachingDB_DirectWriteGateRechecksCheckpointAfterPublicWait\n"}
2026-10-06T18:27:40.9895519Z {"Time":"2026-10-06T18:27:40.9813333Z","Action":"output","Package":"github.com/snissn/gomap/TreeDB/caching","Test":"TestCachingDB_DirectWriteGateRechecksCheckpointAfterPublicWait","Output":"--- PASS: TestCachingDB_DirectWriteGateRechecksCheckpointAfterPublicWait (0.07s)\n"}
2026-10-06T18:27:40.9897685Z {"Time":"2026-10-06T18:27:40.9813333Z","Action":"pass","Package":"github.com/snissn/gomap/TreeDB/caching","Test":"TestCachingDB_DirectWriteGateRechecksCheckpointAfterPublicWait","Elapsed":0.07}
2026-10-06T18:27:40.9899433Z {"Time":"2026-10-06T18:27:40.9816726Z","Action":"run","Package":"github.com/snissn/gomap/TreeDB/caching","Test":"TestCachingDB_ExclusiveWriteWithFlushMuHeldReleasesFlushMuWhileWaiting"}
2026-10-06T18:27:40.9901233Z {"Time":"2026-10-06T18:27:40.9816726Z","Action":"output","Package":"github.com/snissn/gomap/TreeDB/caching","Test":"TestCachingDB_ExclusiveWriteWithFlushMuHeldReleasesFlushMuWhileWaiting","Output":"=== RUN   TestCachingDB_ExclusiveWriteWithFlushMuHeldReleasesFlushMuWhileWaiting\n"}
2026-10-06T18:27:41.0237355Z {"Time":"2026-10-06T18:27:41.0227376Z","Action":"output","Package":"github.com/snissn/gomap/TreeDB/caching","Test":"TestCachingDB_ExclusiveWriteWithFlushMuHeldReleasesFlushMuWhileWaiting","Output":"--- PASS: TestCachingDB_ExclusiveWriteWithFlushMuHeldReleasesFlushMuWhileWaiting (0.04s)\n"}
2026-10-06T18:27:41.0241881Z {"Time":"2026-10-06T18:27:41.0227376Z","Action":"pass","Package":"github.com/snissn/gomap/TreeDB/caching","Test":"TestCachingDB_ExclusiveWriteWithFlushMuHeldReleasesFlushMuWhileWaiting","Elapsed":0.04}
2026-10-06T18:27:41.0244994Z {"Time":"2026-10-06T18:27:41.0227376Z","Action":"run","Package":"github.com/snissn/gomap/TreeDB/caching","Test":"TestCachingDB_AutoCheckpoint_IdleTrigger_TrimsWAL"}
2026-10-06T18:27:41.0247711Z {"Time":"2026-10-06T18:27:41.0227376Z","Action":"output","Package":"github.com/snissn/gomap/TreeDB/caching","Test":"TestCachingDB_AutoCheckpoint_IdleTrigger_TrimsWAL","Output":"=== RUN   TestCachingDB_AutoCheckpoint_IdleTrigger_TrimsWAL\n"}
2026-10-06T18:27:41.2865726Z {"Time":"2026-10-06T18:27:41.2838525Z","Action":"output","Package":"github.com/snissn/gomap/TreeDB/caching","Test":"TestCachingDB_AutoCheckpoint_IdleTrigger_TrimsWAL","Output":"--- PASS: TestCachingDB_AutoCheckpoint_IdleTrigger_TrimsWAL (0.26s)\n"}
2026-10-06T18:27:41.2868400Z {"Time":"2026-10-06T18:27:41.2844041Z","Action":"pass","Package":"github.com/snissn/gomap/TreeDB/caching","Test":"TestCachingDB_AutoCheckpoint_IdleTrigger_TrimsWAL","Elapsed":0.26}
2026-10-06T18:27:41.2870350Z {"Time":"2026-10-06T18:27:41.2844041Z","Action":"run","Package":"github.com/snissn/gomap/TreeDB/caching","Test":"TestCachingDB_AutoCheckpoint_SizeTrigger_RearmsAfterSuccessfulNoRelief"}
2026-10-06T18:27:41.2872528Z {"Time":"2026-10-06T18:27:41.2844041Z","Action":"output","Package":"github.com/snissn/gomap/TreeDB/caching","Test":"TestCachingDB_AutoCheckpoint_SizeTrigger_RearmsAfterSuccessfulNoRelief","Output":"=== RUN   TestCachingDB_AutoCheckpoint_SizeTrigger_RearmsAfterSuccessfulNoRelief\n"}
2026-10-06T18:27:41.3515153Z {"Time":"2026-10-06T18:27:41.3387015Z","Action":"output","Package":"github.com/snissn/gomap/TreeDB/caching","Test":"TestCachingDB_AutoCheckpoint_SizeTrigger_RearmsAfterSuccessfulNoRelief","Output":"--- PASS: TestCachingDB_AutoCheckpoint_SizeTrigger_RearmsAfterSuccessfulNoRelief (0.05s)\n"}
2026-10-06T18:27:41.3518424Z {"Time":"2026-10-06T18:27:41.3387015Z","Action":"pass","Package":"github.com/snissn/gomap/TreeDB/caching","Test":"TestCachingDB_AutoCheckpoint_SizeTrigger_RearmsAfterSuccessfulNoRelief","Elapsed":0.05}
2026-10-06T18:27:41.3520515Z {"Time":"2026-10-06T18:27:41.3387015Z","Action":"run","Package":"github.com/snissn/gomap/TreeDB/caching","Test":"TestCachingDB_AutoCheckpoint_SizeTrigger_DoesNotThrashWithRetainedValueLog"}
2026-10-06T18:27:41.3522255Z {"Time":"2026-10-06T18:27:41.3387015Z","Action":"output","Package":"github.com/snissn/gomap/TreeDB/caching","Test":"TestCachingDB_AutoCheckpoint_SizeTrigger_DoesNotThrashWithRetainedValueLog","Output":"=== RUN   TestCachingDB_AutoCheckpoint_SizeTrigger_DoesNotThrashWithRetainedValueLog\n"}
2026-10-06T18:27:41.8210215Z {"Time":"2026-10-06T18:27:41.8083856Z","Action":"output","Package":"github.com/snissn/gomap/TreeDB/caching","Test":"TestCachingDB_AutoCheckpoint_SizeTrigger_DoesNotThrashWithRetainedValueLog","Output":"--- PASS: TestCachingDB_AutoCheckpoint_SizeTrigger_DoesNotThrashWithRetainedValueLog (0.47s)\n"}
2026-10-06T18:27:41.8214634Z {"Time":"2026-10-06T18:27:41.8083856Z","Action":"pass","Package":"github.com/snissn/gomap/TreeDB/caching","Test":"TestCachingDB_AutoCheckpoint_SizeTrigger_DoesNotThrashWithRetainedValueLog","Elapsed":0.47}
2026-10-06T18:27:41.8216570Z {"Time":"2026-10-06T18:27:41.8083856Z","Action":"run","Package":"github.com/snissn/gomap/TreeDB/caching","Test":"TestCachingDB_CloseFlushesDeletesAndOverwrites"}
2026-10-06T18:27:41.8218357Z {"Time":"2026-10-06T18:27:41.8083856Z","Action":"output","Package":"github.com/snissn/gomap/TreeDB/caching","Test":"TestCachingDB_CloseFlushesDeletesAndOverwrites","Output":"=== RUN   TestCachingDB_CloseFlushesDeletesAndOverwrites\n"}
2026-10-06T18:27:41.8220173Z {"Time":"2026-10-06T18:27:41.8083856Z","Action":"run","Package":"github.com/snissn/gomap/TreeDB/caching","Test":"TestCachingDB_CloseFlushesDeletesAndOverwrites/wal_on"}
2026-10-06T18:27:41.8221720Z {"Time":"2026-10-06T18:27:41.8089311Z","Action":"output","Package":"github.com/snissn/gomap/TreeDB/caching","Test":"TestCachingDB_CloseFlushesDeletesAndOverwrites/wal_on","Output":"=== RUN   TestCachingDB_CloseFlushesDeletesAndOverwrites/wal_on\n"}
2026-10-06T18:27:41.8679104Z {"Time":"2026-10-06T18:27:41.8623738Z","Action":"output","Package":"github.com/snissn/gomap/TreeDB/caching","Test":"TestCachingDB_CloseFlushesDeletesAndOverwrites/wal_on","Output":"--- PASS: TestCachingDB_CloseFlushesDeletesAndOverwrites/wal_on (0.05s)\n"}
2026-10-06T18:27:41.8682569Z {"Time":"2026-10-06T18:27:41.8623738Z","Action":"pass","Package":"github.com/snissn/gomap/TreeDB/caching","Test":"TestCachingDB_CloseFlushesDeletesAndOverwrites/wal_on","Elapsed":0.05}
2026-10-06T18:27:41.8684694Z {"Time":"2026-10-06T18:27:41.8623738Z","Action":"run","Package":"github.com/snissn/gomap/TreeDB/caching","Test":"TestCachingDB_CloseFlushesDeletesAndOverwrites/wal_off"}
2026-10-06T18:27:41.8687750Z {"Time":"2026-10-06T18:27:41.8623738Z","Action":"output","Package":"github.com/snissn/gomap/TreeDB/caching","Test":"TestCachingDB_CloseFlushesDeletesAndOverwrites/wal_off","Output":"=== RUN   TestCachingDB_CloseFlushesDeletesAndOverwrites/wal_off\n"}
2026-10-06T18:27:41.8833727Z {"Time":"2026-10-06T18:27:41.8752349Z","Action":"output","Package":"github.com/snissn/gomap/TreeDB/caching","Test":"TestCachingDB_CloseFlushesDeletesAndOverwrites/wal_off","Output":"--- PASS: TestCachingDB_CloseFlushesDeletesAndOverwrites/wal_off (0.01s)\n"}
2026-10-06T18:27:41.8836779Z {"Time":"2026-10-06T18:27:41.8752349Z","Action":"pass","Package":"github.com/snissn/gomap/TreeDB/caching","Test":"TestCachingDB_CloseFlushesDeletesAndOverwrites/wal_off","Elapsed":0.01}
2026-10-06T18:27:41.8838281Z {"Time":"2026-10-06T18:27:41.8752349Z","Action":"output","Package":"github.com/snissn/gomap/TreeDB/caching","Test":"TestCachingDB_CloseFlushesDeletesAndOverwrites","Output":"--- PASS: TestCachingDB_CloseFlushesDeletesAndOverwrites (0.07s)\n"}
2026-10-06T18:27:41.8839729Z {"Time":"2026-10-06T18:27:41.8752349Z","Action":"pass","Package":"github.com/snissn/gomap/TreeDB/caching","Test":"TestCachingDB_CloseFlushesDeletesAndOverwrites","Elapsed":0.07}
2026-10-06T18:27:41.8840932Z {"Time":"2026-10-06T18:27:41.8752349Z","Action":"run","Package":"github.com/snissn/gomap/TreeDB/caching","Test":"TestBackendSyncBoundaryTreatsStaleCleanupProofAsRetryable"}
2026-10-06T18:27:41.8842454Z {"Time":"2026-10-06T18:27:41.8752349Z","Action":"output","Package":"github.com/snissn/gomap/TreeDB/caching","Test":"TestBackendSyncBoundaryTreatsStaleCleanupProofAsRetryable","Output":"=== RUN   TestBackendSyncBoundaryTreatsStaleCleanupProofAsRetryable\n"}
2026-10-06T18:27:41.8844306Z {"Time":"2026-10-06T18:27:41.8757634Z","Action":"output","Package":"github.com/snissn/gomap/TreeDB/caching","Test":"TestBackendSyncBoundaryTreatsStaleCleanupProofAsRetryable","Output":"--- PASS: TestBackendSyncBoundaryTreatsStaleCleanupProofAsRetryable (0.00s)\n"}
2026-10-06T18:27:41.8845865Z {"Time":"2026-10-06T18:27:41.8757634Z","Action":"pass","Package":"github.com/snissn/gomap/TreeDB/caching","Test":"TestBackendSyncBoundaryTreatsStaleCleanupProofAsRetryable","Elapsed":0}
2026-10-06T18:27:41.8847194Z {"Time":"2026-10-06T18:27:41.8757634Z","Action":"run","Package":"github.com/snissn/gomap/TreeDB/caching","Test":"TestCachingDBBackendCheckpointBoundaryUsesCoveredPrefixOnlyForExternalCommandWAL"}
2026-10-06T18:27:41.8849025Z {"Time":"2026-10-06T18:27:41.8757634Z","Action":"output","Package":"github.com/snissn/gomap/TreeDB/caching","Test":"TestCachingDBBackendCheckpointBoundaryUsesCoveredPrefixOnlyForExternalCommandWAL","Output":"=== RUN   TestCachingDBBackendCheckpointBoundaryUsesCoveredPrefixOnlyForExternalCommandWAL\n"}
2026-10-06T18:27:41.8851371Z {"Time":"2026-10-06T18:27:41.8757634Z","Action":"run","Package":"github.com/snissn/gomap/TreeDB/caching","Test":"TestCachingDBBackendCheckpointBoundaryUsesCoveredPrefixOnlyForExternalCommandWAL/automatic_legacy"}
2026-10-06T18:27:41.8853409Z {"Time":"2026-10-06T18:27:41.8757634Z","Action":"output","Package":"github.com/snissn/gomap/TreeDB/caching","Test":"TestCachingDBBackendCheckpointBoundaryUsesCoveredPrefixOnlyForExternalCommandWAL/automatic_legacy","Output":"=== RUN   TestCachingDBBackendCheckpointBoundaryUsesCoveredPrefixOnlyForExternalCommandWAL/automatic_legacy\n"}
2026-10-06T18:27:41.8856307Z {"Time":"2026-10-06T18:27:41.8757634Z","Action":"output","Package":"github.com/snissn/gomap/TreeDB/caching","Test":"TestCachingDBBackendCheckpointBoundaryUsesCoveredPrefixOnlyForExternalCommandWAL/automatic_legacy","Output":"--- PASS: TestCachingDBBackendCheckpointBoundaryUsesCoveredPrefixOnlyForExternalCommandWAL/automatic_legacy (0.00s)\n"}
2026-10-06T18:27:41.8858398Z {"Time":"2026-10-06T18:27:41.8757634Z","Action":"pass","Package":"github.com/snissn/gomap/TreeDB/caching","Test":"TestCachingDBBackendCheckpointBoundaryUsesCoveredPrefixOnlyForExternalCommandWAL/automatic_legacy","Elapsed":0}
2026-10-06T18:27:41.8860272Z {"Time":"2026-10-06T18:27:41.8757634Z","Action":"run","Package":"github.com/snissn/gomap/TreeDB/caching","Test":"TestCachingDBBackendCheckpointBoundaryUsesCoveredPrefixOnlyForExternalCommandWAL/automatic_external_command_WAL"}
2026-10-06T18:27:41.8862903Z {"Time":"2026-10-06T18:27:41.8757634Z","Action":"output","Package":"github.com/snissn/gomap/TreeDB/caching","Test":"TestCachingDBBackendCheckpointBoundaryUsesCoveredPrefixOnlyForExternalCommandWAL/automatic_external_command_WAL","Output":"=== RUN   TestCachingDBBackendCheckpointBoundaryUsesCoveredPrefixOnlyForExternalCommandWAL/automatic_external_command_WAL\n"}
2026-10-06T18:27:41.8865826Z {"Time":"2026-10-06T18:27:41.8761018Z","Action":"output","Package":"github.com/snissn/gomap/TreeDB/caching","Test":"TestCachingDBBackendCheckpointBoundaryUsesCoveredPrefixOnlyForExternalCommandWAL/automatic_external_command_WAL","Output":"--- PASS: TestCachingDBBackendCheckpointBoundaryUsesCoveredPrefixOnlyForExternalCommandWAL/automatic_external_command_WAL (0.00s)\n"}
2026-10-06T18:27:41.8868072Z {"Time":"2026-10-06T18:27:41.8761018Z","Action":"pass","Package":"github.com/snissn/gomap/TreeDB/caching","Test":"TestCachingDBBackendCheckpointBoundaryUsesCoveredPrefixOnlyForExternalCommandWAL/automatic_external_command_WAL","Elapsed":0}
2026-10-06T18:27:41.8869740Z {"Time":"2026-10-06T18:27:41.8761018Z","Action":"run","Package":"github.com/snissn/gomap/TreeDB/caching","Test":"TestCachingDBBackendCheckpointBoundaryUsesCoveredPrefixOnlyForExternalCommandWAL/explicit_external_command_WAL"}
2026-10-06T18:27:41.8871914Z {"Time":"2026-10-06T18:27:41.8761018Z","Action":"output","Package":"github.com/snissn/gomap/TreeDB/caching","Test":"TestCachingDBBackendCheckpointBoundaryUsesCoveredPrefixOnlyForExternalCommandWAL/explicit_external_command_WAL","Output":"=== RUN   TestCachingDBBackendCheckpointBoundaryUsesCoveredPrefixOnlyForExternalCommandWAL/explicit_external_command_WAL\n"}
2026-10-06T18:27:41.8874992Z {"Time":"2026-10-06T18:27:41.8761018Z","Action":"output","Package":"github.com/snissn/gomap/TreeDB/caching","Test":"TestCachingDBBackendCheckpointBoundaryUsesCoveredPrefixOnlyForExternalCommandWAL/explicit_external_command_WAL","Output":"--- PASS: TestCachingDBBackendCheckpointBoundaryUsesCoveredPrefixOnlyForExternalCommandWAL/explicit_external_command_WAL (0.00s)\n"}
2026-10-06T18:27:41.8877263Z {"Time":"2026-10-06T18:27:41.8761018Z","Action":"pass","Package":"github.com/snissn/gomap/TreeDB/caching","Test":"TestCachingDBBackendCheckpointBoundaryUsesCoveredPrefixOnlyForExternalCommandWAL/explicit_external_command_WAL","Elapsed":0}
2026-10-06T18:27:41.8879378Z {"Time":"2026-10-06T18:27:41.8761018Z","Action":"output","Package":"github.com/snissn/gomap/TreeDB/caching","Test":"TestCachingDBBackendCheckpointBoundaryUsesCoveredPrefixOnlyForExternalCommandWAL","Output":"--- PASS: TestCachingDBBackendCheckpointBoundaryUsesCoveredPrefixOnlyForExternalCommandWAL (0.00s)\n"}
2026-10-06T18:27:41.8881559Z {"Time":"2026-10-06T18:27:41.8761018Z","Action":"pass","Package":"github.com/snissn/gomap/TreeDB/caching","Test":"TestCachingDBBackendCheckpointBoundaryUsesCoveredPrefixOnlyForExternalCommandWAL","Elapsed":0}
2026-10-06T18:27:41.8882932Z {"Time":"2026-10-06T18:27:41.8761018Z","Action":"run","Package":"github.com/snissn/gomap/TreeDB/caching","Test":"TestAutoCheckpointCoveredPrefixCleanupFailureRetainsDebtAndReports"}
2026-10-06T18:27:41.8884583Z {"Time":"2026-10-06T18:27:41.8761018Z","Action":"output","Package":"github.com/snissn/gomap/TreeDB/caching","Test":"TestAutoCheckpointCoveredPrefixCleanupFailureRetainsDebtAndReports","Output":"=== RUN   TestAutoCheckpointCoveredPrefixCleanupFailureRetainsDebtAndReports\n"}
2026-10-06T18:27:41.8886589Z {"Time":"2026-10-06T18:27:41.8761018Z","Action":"output","Package":"github.com/snissn/gomap/TreeDB/caching","Test":"TestAutoCheckpointCoveredPrefixCleanupFailureRetainsDebtAndReports","Output":"--- PASS: TestAutoCheckpointCoveredPrefixCleanupFailureRetainsDebtAndReports (0.00s)\n"}
2026-10-06T18:27:41.8888428Z {"Time":"2026-10-06T18:27:41.8761018Z","Action":"pass","Package":"github.com/snissn/gomap/TreeDB/caching","Test":"TestAutoCheckpointCoveredPrefixCleanupFailureRetainsDebtAndReports","Elapsed":0}
2026-10-06T18:27:41.8889758Z {"Time":"2026-10-06T18:27:41.8761018Z","Action":"run","Package":"github.com/snissn/gomap/TreeDB/caching","Test":"TestCachingDBCheckpointCleanupPropagatesUnexpectedError"}
2026-10-06T18:27:41.8891229Z {"Time":"2026-10-06T18:27:41.8761018Z","Action":"output","Package":"github.com/snissn/gomap/TreeDB/caching","Test":"TestCachingDBCheckpointCleanupPropagatesUnexpectedError","Output":"=== RUN   TestCachingDBCheckpointCleanupPropagatesUnexpectedError\n"}
2026-10-06T18:27:41.8893016Z {"Time":"2026-10-06T18:27:41.8761018Z","Action":"output","Package":"github.com/snissn/gomap/TreeDB/caching","Test":"TestCachingDBCheckpointCleanupPropagatesUnexpectedError","Output":"--- PASS: TestCachingDBCheckpointCleanupPropagatesUnexpectedError (0.00s)\n"}
2026-10-06T18:27:41.8894848Z {"Time":"2026-10-06T18:27:41.8761018Z","Action":"pass","Package":"github.com/snissn/gomap/TreeDB/caching","Test":"TestCachingDBCheckpointCleanupPropagatesUnexpectedError","Elapsed":0}
2026-10-06T18:27:41.8896125Z {"Time":"2026-10-06T18:27:41.8761018Z","Action":"run","Package":"github.com/snissn/gomap/TreeDB/caching","Test":"TestCompactStorageAudit_RealCachedProviderRepeatedDriftReturnsStale"}
2026-10-06T18:27:41.8897696Z {"Time":"2026-10-06T18:27:41.8761018Z","Action":"output","Package":"github.com/snissn/gomap/TreeDB/caching","Test":"TestCompactStorageAudit_RealCachedProviderRepeatedDriftReturnsStale","Output":"=== RUN   TestCompactStorageAudit_RealCachedProviderRepeatedDriftReturnsStale\n"}
2026-10-06T18:27:42.1634340Z {"Time":"2026-10-06T18:27:42.1494281Z","Action":"output","Package":"github.com/snissn/gomap/TreeDB/caching","Test":"TestCompactStorageAudit_RealCachedProviderRepeatedDriftReturnsStale","Output":"--- PASS: TestCompactStorageAudit_RealCachedProviderRepeatedDriftReturnsStale (0.27s)\n"}
2026-10-06T18:27:42.1637337Z {"Time":"2026-10-06T18:27:42.1494281Z","Action":"pass","Package":"github.com/snissn/gomap/TreeDB/caching","Test":"TestCompactStorageAudit_RealCachedProviderRepeatedDriftReturnsStale","Elapsed":0.27}
2026-10-06T18:27:42.1639406Z {"Time":"2026-10-06T18:27:42.1494281Z","Action":"run","Package":"github.com/snissn/gomap/TreeDB/caching","Test":"TestConditionalTxnStagedReadDoesNotExtendReadSet"}
2026-10-06T18:27:42.1641964Z {"Time":"2026-10-06T18:27:42.1494281Z","Action":"output","Package":"github.com/snissn/gomap/TreeDB/caching","Test":"TestConditionalTxnStagedReadDoesNotExtendReadSet","Output":"=== RUN   TestConditionalTxnStagedReadDoesNotExtendReadSet\n"}
2026-10-06T18:27:42.1643899Z {"Time":"2026-10-06T18:27:42.1619143Z","Action":"output","Package":"github.com/snissn/gomap/TreeDB/caching","Test":"TestConditionalTxnStagedReadDoesNotExtendReadSet","Output":"--- PASS: TestConditionalTxnStagedReadDoesNotExtendReadSet (0.01s)\n"}
2026-10-06T18:27:42.1645370Z {"Time":"2026-10-06T18:27:42.1619143Z","Action":"pass","Package":"github.com/snissn/gomap/TreeDB/caching","Test":"TestConditionalTxnStagedReadDoesNotExtendReadSet","Elapsed":0.01}
2026-10-06T18:27:42.1646922Z {"Time":"2026-10-06T18:27:42.1619143Z","Action":"run","Package":"github.com/snissn/gomap/TreeDB/caching","Test":"TestCOWBatchStorageAdmissionAndReset"}
2026-10-06T18:27:42.1648203Z {"Time":"2026-10-06T18:27:42.1619143Z","Action":"output","Package":"github.com/snissn/gomap/TreeDB/caching","Test":"TestCOWBatchStorageAdmissionAndReset","Output":"=== RUN   TestCOWBatchStorageAdmissionAndReset\n"}
2026-10-06T18:27:42.2724960Z {"Time":"2026-10-06T18:27:42.2712511Z","Action":"output","Package":"github.com/snissn/gomap/TreeDB/caching","Test":"TestCOWBatchStorageAdmissionAndReset","Output":"--- PASS: TestCOWBatchStorageAdmissionAndReset (0.11s)\n"}
2026-10-06T18:27:42.2727453Z {"Time":"2026-10-06T18:27:42.2712511Z","Action":"pass","Package":"github.com/snissn/gomap/TreeDB/caching","Test":"TestCOWBatchStorageAdmissionAndReset","Elapsed":0.11}
2026-10-06T18:27:42.2729928Z {"Time":"2026-10-06T18:27:42.2716656Z","Action":"run","Package":"github.com/snissn/gomap/TreeDB/caching","Test":"TestCOWBatchCanonicalPreparationPublishesFinalRevisions"}
2026-10-06T18:27:42.2732665Z {"Time":"2026-10-06T18:27:42.2716656Z","Action":"output","Package":"github.com/snissn/gomap/TreeDB/caching","Test":"TestCOWBatchCanonicalPreparationPublishesFinalRevisions","Output":"=== RUN   TestCOWBatchCanonicalPreparationPublishesFinalRevisions\n"}
2026-10-06T18:27:42.3796968Z {"Time":"2026-10-06T18:27:42.3739405Z","Action":"output","Package":"github.com/snissn/gomap/TreeDB/caching","Test":"TestCOWBatchCanonicalPreparationPublishesFinalRevisions","Output":"--- PASS: TestCOWBatchCanonicalPreparationPublishesFinalRevisions (0.10s)\n"}
2026-10-06T18:27:42.3799895Z {"Time":"2026-10-06T18:27:42.3739405Z","Action":"pass","Package":"github.com/snissn/gomap/TreeDB/caching","Test":"TestCOWBatchCanonicalPreparationPublishesFinalRevisions","Elapsed":0.1}
2026-10-06T18:27:42.3801698Z {"Time":"2026-10-06T18:27:42.3739405Z","Action":"run","Package":"github.com/snissn/gomap/TreeDB/caching","Test":"TestCOWUnsupportedSurfacesRefuseBeforeEffects"}
2026-10-06T18:27:42.3804110Z {"Time":"2026-10-06T18:27:42.3739405Z","Action":"output","Package":"github.com/snissn/gomap/TreeDB/caching","Test":"TestCOWUnsupportedSurfacesRefuseBeforeEffects","Output":"=== RUN   TestCOWUnsupportedSurfacesRefuseBeforeEffects\n"}
2026-10-06T18:27:42.5037857Z {"Time":"2026-10-06T18:27:42.5017133Z","Action":"output","Package":"github.com/snissn/gomap/TreeDB/caching","Test":"TestCOWUnsupportedSurfacesRefuseBeforeEffects","Output":"--- PASS: TestCOWUnsupportedSurfacesRefuseBeforeEffects (0.13s)\n"}
2026-10-06T18:27:42.5039371Z {"Time":"2026-10-06T18:27:42.5017133Z","Action":"pass","Package":"github.com/snissn/gomap/TreeDB/caching","Test":"TestCOWUnsupportedSurfacesRefuseBeforeEffects","Elapsed":0.13}
2026-10-06T18:27:42.5041139Z {"Time":"2026-10-06T18:27:42.5017133Z","Action":"run","Package":"github.com/snissn/gomap/TreeDB/caching","Test":"TestCOWEmptyBasisIteratorNeedsNoReadWorkspace"}
2026-10-06T18:27:42.5042687Z {"Time":"2026-10-06T18:27:42.5017133Z","Action":"output","Package":"github.com/snissn/gomap/TreeDB/caching","Test":"TestCOWEmptyBasisIteratorNeedsNoReadWorkspace","Output":"=== RUN   TestCOWEmptyBasisIteratorNeedsNoReadWorkspace\n"}
2026-10-06T18:27:42.6741723Z {"Time":"2026-10-06T18:27:42.6662219Z","Action":"output","Package":"github.com/snissn/gomap/TreeDB/caching","Test":"TestCOWEmptyBasisIteratorNeedsNoReadWorkspace","Output":"--- PASS: TestCOWEmptyBasisIteratorNeedsNoReadWorkspace (0.16s)\n"}
2026-10-06T18:27:42.6743888Z {"Time":"2026-10-06T18:27:42.6662219Z","Action":"pass","Package":"github.com/snissn/gomap/TreeDB/caching","Test":"TestCOWEmptyBasisIteratorNeedsNoReadWorkspace","Elapsed":0.16}
2026-10-06T18:27:42.6746294Z {"Time":"2026-10-06T18:27:42.6662219Z","Action":"run","Package":"github.com/snissn/gomap/TreeDB/caching","Test":"TestCOWChangedSizeSingleAndDuplicateFinalRecord"}
2026-10-06T18:27:42.6748326Z {"Time":"2026-10-06T18:27:42.6662219Z","Action":"output","Package":"github.com/snissn/gomap/TreeDB/caching","Test":"TestCOWChangedSizeSingleAndDuplicateFinalRecord","Output":"=== RUN   TestCOWChangedSizeSingleAndDuplicateFinalRecord\n"}
2026-10-06T18:27:42.8442144Z {"Time":"2026-10-06T18:27:42.8393192Z","Action":"output","Package":"github.com/snissn/gomap/TreeDB/caching","Test":"TestCOWChangedSizeSingleAndDuplicateFinalRecord","Output":"--- PASS: TestCOWChangedSizeSingleAndDuplicateFinalRecord (0.17s)\n"}
2026-10-06T18:27:42.8443739Z {"Time":"2026-10-06T18:27:42.8400623Z","Action":"pass","Package":"github.com/snissn/gomap/TreeDB/caching","Test":"TestCOWChangedSizeSingleAndDuplicateFinalRecord","Elapsed":0.17}
2026-10-06T18:27:42.8446123Z {"Time":"2026-10-06T18:27:42.8400623Z","Action":"run","Package":"github.com/snissn/gomap/TreeDB/caching","Test":"TestCOWCutPrivatePrepareDoesNotBlockOrMixReaders"}
2026-10-06T18:27:42.8448091Z {"Time":"2026-10-06T18:27:42.8400623Z","Action":"output","Package":"github.com/snissn/gomap/TreeDB/caching","Test":"TestCOWCutPrivatePrepareDoesNotBlockOrMixReaders","Output":"=== RUN   TestCOWCutPrivatePrepareDoesNotBlockOrMixReaders\n"}
2026-10-06T18:27:42.9691399Z {"Time":"2026-10-06T18:27:42.9638189Z","Action":"output","Package":"github.com/snissn/gomap/TreeDB/caching","Test":"TestCOWCutPrivatePrepareDoesNotBlockOrMixReaders","Output":"--- PASS: TestCOWCutPrivatePrepareDoesNotBlockOrMixReaders (0.12s)\n"}
2026-10-06T18:27:42.9693694Z {"Time":"2026-10-06T18:27:42.9638189Z","Action":"pass","Package":"github.com/snissn/gomap/TreeDB/caching","Test":"TestCOWCutPrivatePrepareDoesNotBlockOrMixReaders","Elapsed":0.12}
2026-10-06T18:27:42.9695482Z {"Time":"2026-10-06T18:27:42.9638189Z","Action":"run","Package":"github.com/snissn/gomap/TreeDB/caching","Test":"TestCOWCutDBCloseExcludesAdmittedReadAndAllowsDelayedRelease"}
2026-10-06T18:27:42.9698291Z {"Time":"2026-10-06T18:27:42.9638189Z","Action":"output","Package":"github.com/snissn/gomap/TreeDB/caching","Test":"TestCOWCutDBCloseExcludesAdmittedReadAndAllowsDelayedRelease","Output":"=== RUN   TestCOWCutDBCloseExcludesAdmittedReadAndAllowsDelayedRelease\n"}
2026-10-06T18:27:43.1408955Z {"Time":"2026-10-06T18:27:43.1360178Z","Action":"output","Package":"github.com/snissn/gomap/TreeDB/caching","Test":"TestCOWCutDBCloseExcludesAdmittedReadAndAllowsDelayedRelease","Output":"--- PASS: TestCOWCutDBCloseExcludesAdmittedReadAndAllowsDelayedRelease (0.17s)\n"}
2026-10-06T18:27:43.1412941Z {"Time":"2026-10-06T18:27:43.1360178Z","Action":"pass","Package":"github.com/snissn/gomap/TreeDB/caching","Test":"TestCOWCutDBCloseExcludesAdmittedReadAndAllowsDelayedRelease","Elapsed":0.17}
2026-10-06T18:27:43.1415729Z {"Time":"2026-10-06T18:27:43.1360178Z","Action":"run","Package":"github.com/snissn/gomap/TreeDB/caching","Test":"TestCOWCursorDeniedWrapperDoesNotAllocate"}
2026-10-06T18:27:43.1417859Z {"Time":"2026-10-06T18:27:43.1360178Z","Action":"output","Package":"github.com/snissn/gomap/TreeDB/caching","Test":"TestCOWCursorDeniedWrapperDoesNotAllocate","Output":"=== RUN   TestCOWCursorDeniedWrapperDoesNotAllocate\n"}
2026-10-06T18:27:43.3127776Z {"Time":"2026-10-06T18:27:43.3102113Z","Action":"output","Package":"github.com/snissn/gomap/TreeDB/caching","Test":"TestCOWCursorDeniedWrapperDoesNotAllocate","Output":"--- PASS: TestCOWCursorDeniedWrapperDoesNotAllocate (0.17s)\n"}
2026-10-06T18:27:43.3130082Z {"Time":"2026-10-06T18:27:43.3102113Z","Action":"pass","Package":"github.com/snissn/gomap/TreeDB/caching","Test":"TestCOWCursorDeniedWrapperDoesNotAllocate","Elapsed":0.17}
2026-10-06T18:27:43.3132140Z {"Time":"2026-10-06T18:27:43.3102113Z","Action":"run","Package":"github.com/snissn/gomap/TreeDB/caching","Test":"TestCOWDrainPublishesActivePointersAndTombstones"}
2026-10-06T18:27:43.3134172Z {"Time":"2026-10-06T18:27:43.3102113Z","Action":"output","Package":"github.com/snissn/gomap/TreeDB/caching","Test":"TestCOWDrainPublishesActivePointersAndTombstones","Output":"=== RUN   TestCOWDrainPublishesActivePointersAndTombstones\n"}
2026-10-06T18:27:43.5179913Z {"Time":"2026-10-06T18:27:43.5152114Z","Action":"output","Package":"github.com/snissn/gomap/TreeDB/caching","Test":"TestCOWDrainPublishesActivePointersAndTombstones","Output":"--- PASS: TestCOWDrainPublishesActivePointersAndTombstones (0.20s)\n"}
2026-10-06T18:27:43.5181674Z {"Time":"2026-10-06T18:27:43.5152114Z","Action":"pass","Package":"github.com/snissn/gomap/TreeDB/caching","Test":"TestCOWDrainPublishesActivePointersAndTombstones","Elapsed":0.2}
2026-10-06T18:27:43.5182909Z {"Time":"2026-10-06T18:27:43.5152114Z","Action":"run","Package":"github.com/snissn/gomap/TreeDB/caching","Test":"TestCOWOrdinaryOverwriteAutomaticallyRollsBoundedGenerations"}
2026-10-06T18:27:43.5184476Z {"Time":"2026-10-06T18:27:43.5152114Z","Action":"output","Package":"github.com/snissn/gomap/TreeDB/caching","Test":"TestCOWOrdinaryOverwriteAutomaticallyRollsBoundedGenerations","Output":"=== RUN   TestCOWOrdinaryOverwriteAutomaticallyRollsBoundedGenerations\n"}
2026-10-06T18:27:43.8917523Z {"Time":"2026-10-06T18:27:43.8833256Z","Action":"output","Package":"github.com/snissn/gomap/TreeDB/caching","Test":"TestCOWOrdinaryOverwriteAutomaticallyRollsBoundedGenerations","Output":"--- PASS: TestCOWOrdinaryOverwriteAutomaticallyRollsBoundedGenerations (0.37s)\n"}
2026-10-06T18:27:43.8920313Z {"Time":"2026-10-06T18:27:43.8833256Z","Action":"pass","Package":"github.com/snissn/gomap/TreeDB/caching","Test":"TestCOWOrdinaryOverwriteAutomaticallyRollsBoundedGenerations","Elapsed":0.37}
2026-10-06T18:27:43.8922309Z {"Time":"2026-10-06T18:27:43.8833256Z","Action":"run","Package":"github.com/snissn/gomap/TreeDB/caching","Test":"TestCOWMaintenanceAcceptedRefreshPressureLifetime"}
2026-10-06T18:27:43.8924365Z {"Time":"2026-10-06T18:27:43.8833256Z","Action":"output","Package":"github.com/snissn/gomap/TreeDB/caching","Test":"TestCOWMaintenanceAcceptedRefreshPressureLifetime","Output":"=== RUN   TestCOWMaintenanceAcceptedRefreshPressureLifetime\n"}
2026-10-06T18:27:43.8926828Z {"Time":"2026-10-06T18:27:43.8838758Z","Action":"run","Package":"github.com/snissn/gomap/TreeDB/caching","Test":"TestCOWMaintenanceAcceptedRefreshPressureLifetime/central-maintenance/unsupported-native-vacuum"}
2026-10-06T18:27:43.8929751Z {"Time":"2026-10-06T18:27:43.8838758Z","Action":"output","Package":"github.com/snissn/gomap/TreeDB/caching","Test":"TestCOWMaintenanceAcceptedRefreshPressureLifetime/central-maintenance/unsupported-native-vacuum","Output":"=== RUN   TestCOWMaintenanceAcceptedRefreshPressureLifetime/central-maintenance/unsupported-native-vacuum\n"}
2026-10-06T18:27:44.0939434Z {"Time":"2026-10-06T18:27:44.0822499Z","Action":"output","Package":"github.com/snissn/gomap/TreeDB/caching","Test":"TestCOWMaintenanceAcceptedRefreshPressureLifetime/central-maintenance/unsupported-native-vacuum","Output":"--- PASS: TestCOWMaintenanceAcceptedRefreshPressureLifetime/central-maintenance/unsupported-native-vacuum (0.20s)\n"}
2026-10-06T18:27:44.0942266Z {"Time":"2026-10-06T18:27:44.0822499Z","Action":"pass","Package":"github.com/snissn/gomap/TreeDB/caching","Test":"TestCOWMaintenanceAcceptedRefreshPressureLifetime/central-maintenance/unsupported-native-vacuum","Elapsed":0.2}
2026-10-06T18:27:44.0944650Z {"Time":"2026-10-06T18:27:44.0822499Z","Action":"run","Package":"github.com/snissn/gomap/TreeDB/caching","Test":"TestCOWMaintenanceAcceptedRefreshPressureLifetime/checkpoint-vacuum/unsupported-native-vacuum"}
2026-10-06T18:27:44.0947618Z {"Time":"2026-10-06T18:27:44.0822499Z","Action":"output","Package":"github.com/snissn/gomap/TreeDB/caching","Test":"TestCOWMaintenanceAcceptedRefreshPressureLifetime/checkpoint-vacuum/unsupported-native-vacuum","Output":"=== RUN   TestCOWMaintenanceAcceptedRefreshPressureLifetime/checkpoint-vacuum/unsupported-native-vacuum\n"}
2026-10-06T18:27:44.5957937Z {"Time":"2026-10-06T18:27:44.580199Z","Action":"output","Package":"github.com/snissn/gomap/TreeDB/caching","Test":"TestCOWMaintenanceAcceptedRefreshPressureLifetime/checkpoint-vacuum/unsupported-native-vacuum","Output":"--- PASS: TestCOWMaintenanceAcceptedRefreshPressureLifetime/checkpoint-vacuum/unsupported-native-vacuum (0.50s)\n"}
2026-10-06T18:27:44.5961887Z {"Time":"2026-10-06T18:27:44.5807715Z","Action":"pass","Package":"github.com/snissn/gomap/TreeDB/caching","Test":"TestCOWMaintenanceAcceptedRefreshPressureLifetime/checkpoint-vacuum/unsupported-native-vacuum","Elapsed":0.5}
2026-10-06T18:27:44.5963955Z {"Time":"2026-10-06T18:27:44.5807715Z","Action":"run","Package":"github.com/snissn/gomap/TreeDB/caching","Test":"TestCOWMaintenanceAcceptedRefreshPressureLifetime/central-index-compaction/capture"}
2026-10-06T18:27:44.5966548Z {"Time":"2026-10-06T18:27:44.5807715Z","Action":"output","Package":"github.com/snissn/gomap/TreeDB/caching","Test":"TestCOWMaintenanceAcceptedRefreshPressureLifetime/central-index-compaction/capture","Output":"=== RUN   TestCOWMaintenanceAcceptedRefreshPressureLifetime/central-index-compaction/capture\n"}
2026-10-06T18:27:47.5996039Z {"Time":"2026-10-06T18:27:47.5867225Z","Action":"output","Package":"github.com/snissn/gomap/TreeDB/caching","Test":"TestCOWMaintenanceAcceptedRefreshPressureLifetime/central-index-compaction/capture","Output":"    cow_maintenance_lifetime_test.go:244: following Set=\u003cnil\u003e\n"}
2026-10-06T18:27:49.6062108Z {"Time":"2026-10-06T18:27:49.6016667Z","Action":"output","Package":"github.com/snissn/gomap/TreeDB/caching","Test":"TestCOWMaintenanceAcceptedRefreshPressureLifetime/central-index-compaction/capture","Output":"--- FAIL: TestCOWMaintenanceAcceptedRefreshPressureLifetime/central-index-compaction/capture (5.02s)\n"}
2026-10-06T18:27:49.6064122Z {"Time":"2026-10-06T18:27:49.6016667Z","Action":"fail","Package":"github.com/snissn/gomap/TreeDB/caching","Test":"TestCOWMaintenanceAcceptedRefreshPressureLifetime/central-index-compaction/capture","Elapsed":5.02}
2026-10-06T18:27:49.6065618Z {"Time":"2026-10-06T18:27:49.6016667Z","Action":"run","Package":"github.com/snissn/gomap/TreeDB/caching","Test":"TestCOWMaintenanceAcceptedRefreshPressureLifetime/central-index-compaction/install"}
2026-10-06T18:27:49.6067744Z {"Time":"2026-10-06T18:27:49.6016667Z","Action":"output","Package":"github.com/snissn/gomap/TreeDB/caching","Test":"TestCOWMaintenanceAcceptedRefreshPressureLifetime/central-index-compaction/install","Output":"=== RUN   TestCOWMaintenanceAcceptedRefreshPressureLifetime/central-index-compaction/install\n"}
2026-10-06T18:27:53.9755246Z {"Time":"2026-10-06T18:27:53.9652751Z","Action":"output","Package":"github.com/snissn/gomap/TreeDB/caching","Test":"TestCOWMaintenanceAcceptedRefreshPressureLifetime/central-index-compaction/install","Output":"    cow_maintenance_lifetime_test.go:308: real accepted maintenance1; install refusal then retry; captures5 oldRevision1\n"}
2026-10-06T18:27:54.4509121Z {"Time":"2026-10-06T18:27:54.4478825Z","Action":"output","Package":"github.com/snissn/gomap/TreeDB/caching","Test":"TestCOWMaintenanceAcceptedRefreshPressureLifetime/central-index-compaction/install","Output":"--- PASS: TestCOWMaintenanceAcceptedRefreshPressureLifetime/central-index-compaction/install (4.85s)\n"}
2026-10-06T18:27:54.4512685Z {"Time":"2026-10-06T18:27:54.4478825Z","Action":"pass","Package":"github.com/snissn/gomap/TreeDB/caching","Test":"TestCOWMaintenanceAcceptedRefreshPressureLifetime/central-index-compaction/install","Elapsed":4.85}
2026-10-06T18:27:54.4515697Z {"Time":"2026-10-06T18:27:54.4478825Z","Action":"output","Package":"github.com/snissn/gomap/TreeDB/caching","Test":"TestCOWMaintenanceAcceptedRefreshPressureLifetime","Output":"--- FAIL: TestCOWMaintenanceAcceptedRefreshPressureLifetime (10.56s)\n"}
2026-10-06T18:27:54.4518422Z {"Time":"2026-10-06T18:27:54.4478825Z","Action":"fail","Package":"github.com/snissn/gomap/TreeDB/caching","Test":"TestCOWMaintenanceAcceptedRefreshPressureLifetime","Elapsed":10.56}
2026-10-06T18:27:54.4520532Z {"Time":"2026-10-06T18:27:54.4478825Z","Action":"run","Package":"github.com/snissn/gomap/TreeDB/caching","Test":"TestCOWPointerCheckpointCapturedBasisAndTombstones"}
2026-10-06T18:27:54.4523093Z {"Time":"2026-10-06T18:27:54.4478825Z","Action":"output","Package":"github.com/snissn/gomap/TreeDB/caching","Test":"TestCOWPointerCheckpointCapturedBasisAndTombstones","Output":"=== RUN   TestCOWPointerCheckpointCapturedBasisAndTombstones\n"}
2026-10-06T18:27:56.1998467Z {"Time":"2026-10-06T18:27:56.1865646Z","Action":"output","Package":"github.com/snissn/gomap/TreeDB/caching","Test":"TestCOWPointerCheckpointCapturedBasisAndTombstones","Output":"--- PASS: TestCOWPointerCheckpointCapturedBasisAndTombstones (1.74s)\n"}
2026-10-06T18:27:56.2001344Z {"Time":"2026-10-06T18:27:56.1865646Z","Action":"pass","Package":"github.com/snissn/gomap/TreeDB/caching","Test":"TestCOWPointerCheckpointCapturedBasisAndTombstones","Elapsed":1.74}
2026-10-06T18:27:56.2003553Z {"Time":"2026-10-06T18:27:56.1865646Z","Action":"run","Package":"github.com/snissn/gomap/TreeDB/caching","Test":"TestCOWMaintenanceOwnsFlushFenceAndWaitingWriterProgress"}
2026-10-06T18:27:56.2006311Z {"Time":"2026-10-06T18:27:56.1865646Z","Action":"output","Package":"github.com/snissn/gomap/TreeDB/caching","Test":"TestCOWMaintenanceOwnsFlushFenceAndWaitingWriterProgress","Output":"=== RUN   TestCOWMaintenanceOwnsFlushFenceAndWaitingWriterProgress\n"}
2026-10-06T18:27:58.2860540Z {"Time":"2026-10-06T18:27:58.2773557Z","Action":"output","Package":"github.com/snissn/gomap/TreeDB/caching","Test":"TestCOWMaintenanceOwnsFlushFenceAndWaitingWriterProgress","Output":"--- PASS: TestCOWMaintenanceOwnsFlushFenceAndWaitingWriterProgress (2.09s)\n"}
2026-10-06T18:27:58.2863694Z {"Time":"2026-10-06T18:27:58.277871Z","Action":"pass","Package":"github.com/snissn/gomap/TreeDB/caching","Test":"TestCOWMaintenanceOwnsFlushFenceAndWaitingWriterProgress","Elapsed":2.09}
2026-10-06T18:27:58.2865220Z {"Time":"2026-10-06T18:27:58.277871Z","Action":"run","Package":"github.com/snissn/gomap/TreeDB/caching","Test":"TestCOWReadWorkspaceMetadataAdmissionRefusalAndDrain"}
2026-10-06T18:27:58.2866679Z {"Time":"2026-10-06T18:27:58.277871Z","Action":"output","Package":"github.com/snissn/gomap/TreeDB/caching","Test":"TestCOWReadWorkspaceMetadataAdmissionRefusalAndDrain","Output":"=== RUN   TestCOWReadWorkspaceMetadataAdmissionRefusalAndDrain\n"}
2026-10-06T18:27:59.8964325Z {"Time":"2026-10-06T18:27:59.887048Z","Action":"output","Package":"github.com/snissn/gomap/TreeDB/caching","Test":"TestCOWReadWorkspaceMetadataAdmissionRefusalAndDrain","Output":"--- PASS: TestCOWReadWorkspaceMetadataAdmissionRefusalAndDrain (1.61s)\n"}
2026-10-06T18:27:59.8968088Z {"Time":"2026-10-06T18:27:59.887048Z","Action":"pass","Package":"github.com/snissn/gomap/TreeDB/caching","Test":"TestCOWReadWorkspaceMetadataAdmissionRefusalAndDrain","Elapsed":1.61}
2026-10-06T18:27:59.8970187Z {"Time":"2026-10-06T18:27:59.887048Z","Action":"run","Package":"github.com/snissn/gomap/TreeDB/caching","Test":"TestCOWReadAdapterCursorOwnsOldRoot"}
2026-10-06T18:27:59.8972279Z {"Time":"2026-10-06T18:27:59.887048Z","Action":"output","Package":"github.com/snissn/gomap/TreeDB/caching","Test":"TestCOWReadAdapterCursorOwnsOldRoot","Output":"=== RUN   TestCOWReadAdapterCursorOwnsOldRoot\n"}
2026-10-06T18:27:59.8974953Z {"Time":"2026-10-06T18:27:59.887048Z","Action":"output","Package":"github.com/snissn/gomap/TreeDB/caching","Test":"TestCOWReadAdapterCursorOwnsOldRoot","Output":"--- PASS: TestCOWReadAdapterCursorOwnsOldRoot (0.00s)\n"}
2026-10-06T18:27:59.8977359Z {"Time":"2026-10-06T18:27:59.887048Z","Action":"pass","Package":"github.com/snissn/gomap/TreeDB/caching","Test":"TestCOWReadAdapterCursorOwnsOldRoot","Elapsed":0}
2026-10-06T18:27:59.8979349Z {"Time":"2026-10-06T18:27:59.8873703Z","Action":"run","Package":"github.com/snissn/gomap/TreeDB/caching","Test":"TestValuePtrHasNoPointerFieldsForNoClearPool"}
2026-10-06T18:27:59.8982240Z {"Time":"2026-10-06T18:27:59.8873703Z","Action":"output","Package":"github.com/snissn/gomap/TreeDB/caching","Test":"TestValuePtrHasNoPointerFieldsForNoClearPool","Output":"=== RUN   TestValuePtrHasNoPointerFieldsForNoClearPool\n"}
2026-10-06T18:27:59.8985406Z {"Time":"2026-10-06T18:27:59.8873703Z","Action":"output","Package":"github.com/snissn/gomap/TreeDB/caching","Test":"TestValuePtrHasNoPointerFieldsForNoClearPool","Output":"--- PASS: TestValuePtrHasNoPointerFieldsForNoClearPool (0.00s)\n"}
2026-10-06T18:27:59.8988136Z {"Time":"2026-10-06T18:27:59.8873703Z","Action":"pass","Package":"github.com/snissn/gomap/TreeDB/caching","Test":"TestValuePtrHasNoPointerFieldsForNoClearPool","Elapsed":0}
2026-10-06T18:27:59.8990217Z {"Time":"2026-10-06T18:27:59.8873703Z","Action":"run","Package":"github.com/snissn/gomap/TreeDB/caching","Test":"TestOpenSeedsRIDFromTailValueLogSegments"}
2026-10-06T18:27:59.8992643Z {"Time":"2026-10-06T18:27:59.8873703Z","Action":"output","Package":"github.com/snissn/gomap/TreeDB/caching","Test":"TestOpenSeedsRIDFromTailValueLogSegments","Output":"=== RUN   TestOpenSeedsRIDFromTailValueLogSegments\n"}
2026-10-06T18:27:59.8995579Z {"Time":"2026-10-06T18:27:59.8963617Z","Action":"output","Package":"github.com/snissn/gomap/TreeDB/caching","Test":"TestOpenSeedsRIDFromTailValueLogSegments","Output":"--- PASS: TestOpenSeedsRIDFromTailValueLogSegments (0.01s)\n"}
2026-10-06T18:27:59.8998453Z {"Time":"2026-10-06T18:27:59.8970693Z","Action":"pass","Package":"github.com/snissn/gomap/TreeDB/caching","Test":"TestOpenSeedsRIDFromTailValueLogSegments","Elapsed":0.01}
2026-10-06T18:27:59.9000963Z {"Time":"2026-10-06T18:27:59.8970693Z","Action":"run","Package":"github.com/snissn/gomap/TreeDB/caching","Test":"TestWrapForegroundIterator_AvoidsDoubleWrapAndCloseIsIdempotent"}
2026-10-06T18:27:59.9003001Z {"Time":"2026-10-06T18:27:59.8970693Z","Action":"output","Package":"github.com/snissn/gomap/TreeDB/caching","Test":"TestWrapForegroundIterator_AvoidsDoubleWrapAndCloseIsIdempotent","Output":"=== RUN   TestWrapForegroundIterator_AvoidsDoubleWrapAndCloseIsIdempotent\n"}
2026-10-06T18:27:59.9005227Z {"Time":"2026-10-06T18:27:59.8970693Z","Action":"output","Package":"github.com/snissn/gomap/TreeDB/caching","Test":"TestWrapForegroundIterator_AvoidsDoubleWrapAndCloseIsIdempotent","Output":"--- PASS: TestWrapForegroundIterator_AvoidsDoubleWrapAndCloseIsIdempotent (0.00s)\n"}
2026-10-06T18:27:59.9007330Z {"Time":"2026-10-06T18:27:59.8970693Z","Action":"pass","Package":"github.com/snissn/gomap/TreeDB/caching","Test":"TestWrapForegroundIterator_AvoidsDoubleWrapAndCloseIsIdempotent","Elapsed":0}
2026-10-06T18:27:59.9009572Z {"Time":"2026-10-06T18:27:59.8970693Z","Action":"run","Package":"github.com/snissn/gomap/TreeDB/caching","Test":"TestForegroundVlogMaintenanceQuietFor_IgnoresReadTraffic"}
2026-10-06T18:27:59.9011543Z {"Time":"2026-10-06T18:27:59.8970693Z","Action":"output","Package":"github.com/snissn/gomap/TreeDB/caching","Test":"TestForegroundVlogMaintenanceQuietFor_IgnoresReadTraffic","Output":"=== RUN   TestForegroundVlogMaintenanceQuietFor_IgnoresReadTraffic\n"}
2026-10-06T18:27:59.9013311Z {"Time":"2026-10-06T18:27:59.8970693Z","Action":"output","Package":"github.com/snissn/gomap/TreeDB/caching","Test":"TestForegroundVlogMaintenanceQuietFor_IgnoresReadTraffic","Output":"--- PASS: TestForegroundVlogMaintenanceQuietFor_IgnoresReadTraffic (0.00s)\n"}
2026-10-06T18:27:59.9015011Z {"Time":"2026-10-06T18:27:59.8970693Z","Action":"pass","Package":"github.com/snissn/gomap/TreeDB/caching","Test":"TestForegroundVlogMaintenanceQuietFor_IgnoresReadTraffic","Elapsed":0}
2026-10-06T18:27:59.9017299Z {"Time":"2026-10-06T18:27:59.8970693Z","Action":"run","Package":"github.com/snissn/gomap/TreeDB/caching","Test":"TestForegroundVlogMaintenanceResumedSince_FirstWriteAfterZeroBaseline"}
2026-10-06T18:27:59.9020320Z {"Time":"2026-10-06T18:27:59.8970693Z","Action":"output","Package":"github.com/snissn/gomap/TreeDB/caching","Test":"TestForegroundVlogMaintenanceResumedSince_FirstWriteAfterZeroBaseline","Output":"=== RUN   TestForegroundVlogMaintenanceResumedSince_FirstWriteAfterZeroBaseline\n"}
2026-10-06T18:27:59.9024088Z {"Time":"2026-10-06T18:27:59.8970693Z","Action":"output","Package":"github.com/snissn/gomap/TreeDB/caching","Test":"TestForegroundVlogMaintenanceResumedSince_FirstWriteAfterZeroBaseline","Output":"--- PASS: TestForegroundVlogMaintenanceResumedSince_FirstWriteAfterZeroBaseline (0.00s)\n"}
2026-10-06T18:27:59.9027636Z {"Time":"2026-10-06T18:27:59.8970693Z","Action":"pass","Package":"github.com/snissn/gomap/TreeDB/caching","Test":"TestForegroundVlogMaintenanceResumedSince_FirstWriteAfterZeroBaseline","Elapsed":0}
2026-10-06T18:27:59.9029841Z {"Time":"2026-10-06T18:27:59.8970693Z","Action":"run","Package":"github.com/snissn/gomap/TreeDB/caching","Test":"TestCachingDB_FlushSyncsWhenWALDisabled"}
2026-10-06T18:27:59.9032120Z {"Time":"2026-10-06T18:27:59.8970693Z","Action":"output","Package":"github.com/snissn/gomap/TreeDB/caching","Test":"TestCachingDB_FlushSyncsWhenWALDisabled","Output":"=== RUN   TestCachingDB_FlushSyncsWhenWALDisabled\n"}
2026-10-06T18:27:59.9111833Z {"Time":"2026-10-06T18:27:59.9045383Z","Action":"output","Package":"github.com/snissn/gomap/TreeDB/caching","Test":"TestCachingDB_FlushSyncsWhenWALDisabled","Output":"--- PASS: TestCachingDB_FlushSyncsWhenWALDisabled (0.01s)\n"}
2026-10-06T18:27:59.9113695Z {"Time":"2026-10-06T18:27:59.9052347Z","Action":"pass","Package":"github.com/snissn/gomap/TreeDB/caching","Test":"TestCachingDB_FlushSyncsWhenWALDisabled","Elapsed":0.01}
2026-10-06T18:27:59.9114850Z {"Time":"2026-10-06T18:27:59.9052347Z","Action":"run","Package":"github.com/snissn/gomap/TreeDB/caching","Test":"TestCachingDB_FlushAllCombinesMemtables"}
2026-10-06T18:27:59.9116354Z {"Time":"2026-10-06T18:27:59.9052347Z","Action":"output","Package":"github.com/snissn/gomap/TreeDB/caching","Test":"TestCachingDB_FlushAllCombinesMemtables","Output":"=== RUN   TestCachingDB_FlushAllCombinesMemtables\n"}
2026-10-06T18:28:00.1951480Z {"Time":"2026-10-06T18:28:00.1921673Z","Action":"output","Package":"github.com/snissn/gomap/TreeDB/caching","Test":"TestCachingDB_FlushAllCombinesMemtables","Output":"--- PASS: TestCachingDB_FlushAllCombinesMemtables (0.29s)\n"}
2026-10-06T18:28:00.1953895Z {"Time":"2026-10-06T18:28:00.1921673Z","Action":"pass","Package":"github.com/snissn/gomap/TreeDB/caching","Test":"TestCachingDB_FlushAllCombinesMemtables","Elapsed":0.29}
2026-10-06T18:28:00.1955105Z {"Time":"2026-10-06T18:28:00.193673Z","Action":"run","Package":"github.com/snissn/gomap/TreeDB/caching","Test":"TestPrepareBypassValueLogOps_RewritesLargeValuesToPointers"}
2026-10-06T18:28:00.1957197Z {"Time":"2026-10-06T18:28:00.193673Z","Action":"output","Package":"github.com/snissn/gomap/TreeDB/caching","Test":"TestPrepareBypassValueLogOps_RewritesLargeValuesToPointers","Output":"=== RUN   TestPrepareBypassValueLogOps_RewritesLargeValuesToPointers\n"}
2026-10-06T18:28:00.2112430Z {"Time":"2026-10-06T18:28:00.200173Z","Action":"output","Package":"github.com/snissn/gomap/TreeDB/caching","Test":"TestPrepareBypassValueLogOps_RewritesLargeValuesToPointers","Output":"--- PASS: TestPrepareBypassValueLogOps_RewritesLargeValuesToPointers (0.01s)\n"}
2026-10-06T18:28:00.2115433Z {"Time":"2026-10-06T18:28:00.2012489Z","Action":"pass","Package":"github.com/snissn/gomap/TreeDB/caching","Test":"TestPrepareBypassValueLogOps_RewritesLargeValuesToPointers","Elapsed":0.01}
2026-10-06T18:28:00.2117870Z {"Time":"2026-10-06T18:28:00.2012489Z","Action":"run","Package":"github.com/snissn/gomap/TreeDB/caching","Test":"TestRotateValueLogMuHeld_RestoresUsableWriterAfterRegisterFailure"}
2026-10-06T18:28:00.2120782Z {"Time":"2026-10-06T18:28:00.2012489Z","Action":"output","Package":"github.com/snissn/gomap/TreeDB/caching","Test":"TestRotateValueLogMuHeld_RestoresUsableWriterAfterRegisterFailure","Output":"=== RUN   TestRotateValueLogMuHeld_RestoresUsableWriterAfterRegisterFailure\n"}
2026-10-06T18:28:00.2267359Z {"Time":"2026-10-06T18:28:00.2186599Z","Action":"output","Package":"github.com/snissn/gomap/TreeDB/caching","Test":"TestRotateValueLogMuHeld_RestoresUsableWriterAfterRegisterFailure","Output":"--- PASS: TestRotateValueLogMuHeld_RestoresUsableWriterAfterRegisterFailure (0.02s)\n"}
2026-10-06T18:28:00.2271111Z {"Time":"2026-10-06T18:28:00.2186599Z","Action":"pass","Package":"github.com/snissn/gomap/TreeDB/caching","Test":"TestRotateValueLogMuHeld_RestoresUsableWriterAfterRegisterFailure","Elapsed":0.02}
2026-10-06T18:28:00.2273631Z {"Time":"2026-10-06T18:28:00.2186599Z","Action":"run","Package":"github.com/snissn/gomap/TreeDB/caching","Test":"TestCheckpoint_AutomaticSkipsSparseVacuum"}
2026-10-06T18:28:00.2277157Z {"Time":"2026-10-06T18:28:00.2186599Z","Action":"output","Package":"github.com/snissn/gomap/TreeDB/caching","Test":"TestCheckpoint_AutomaticSkipsSparseVacuum","Output":"=== RUN   TestCheckpoint_AutomaticSkipsSparseVacuum\n"}
2026-10-06T18:28:00.2280300Z {"Time":"2026-10-06T18:28:00.2186599Z","Action":"output","Package":"github.com/snissn/gomap/TreeDB/caching","Test":"TestCheckpoint_AutomaticSkipsSparseVacuum","Output":"--- PASS: TestCheckpoint_AutomaticSkipsSparseVacuum (0.00s)\n"}
2026-10-06T18:28:00.2282053Z {"Time":"2026-10-06T18:28:00.2186599Z","Action":"pass","Package":"github.com/snissn/gomap/TreeDB/caching","Test":"TestCheckpoint_AutomaticSkipsSparseVacuum","Elapsed":0}
2026-10-06T18:28:00.2283936Z {"Time":"2026-10-06T18:28:00.2194381Z","Action":"run","Package":"github.com/snissn/gomap/TreeDB/caching","Test":"TestCachingDB_DeleteRange_DisableWAL_CoversInMemoryDeletesBackend"}
2026-10-06T18:28:00.2286709Z {"Time":"2026-10-06T18:28:00.2194381Z","Action":"output","Package":"github.com/snissn/gomap/TreeDB/caching","Test":"TestCachingDB_DeleteRange_DisableWAL_CoversInMemoryDeletesBackend","Output":"=== RUN   TestCachingDB_DeleteRange_DisableWAL_CoversInMemoryDeletesBackend\n"}
2026-10-06T18:28:00.2288654Z {"Time":"2026-10-06T18:28:00.2234155Z","Action":"output","Package":"github.com/snissn/gomap/TreeDB/caching","Test":"TestCachingDB_DeleteRange_DisableWAL_CoversInMemoryDeletesBackend","Output":"--- PASS: TestCachingDB_DeleteRange_DisableWAL_CoversInMemoryDeletesBackend (0.00s)\n"}
2026-10-06T18:28:00.2290221Z {"Time":"2026-10-06T18:28:00.2234155Z","Action":"pass","Package":"github.com/snissn/gomap/TreeDB/caching","Test":"TestCachingDB_DeleteRange_DisableWAL_CoversInMemoryDeletesBackend","Elapsed":0}
2026-10-06T18:28:00.2291701Z {"Time":"2026-10-06T18:28:00.2234155Z","Action":"run","Package":"github.com/snissn/gomap/TreeDB/caching","Test":"TestCachingDB_IteratorIncludesBackendAfterStreamingBatch"}
2026-10-06T18:28:00.2293160Z {"Time":"2026-10-06T18:28:00.2234155Z","Action":"output","Package":"github.com/snissn/gomap/TreeDB/caching","Test":"TestCachingDB_IteratorIncludesBackendAfterStreamingBatch","Output":"=== RUN   TestCachingDB_IteratorIncludesBackendAfterStreamingBatch\n"}
2026-10-06T18:28:00.6061162Z {"Time":"2026-10-06T18:28:00.6016442Z","Action":"output","Package":"github.com/snissn/gomap/TreeDB/caching","Test":"TestCachingDB_IteratorIncludesBackendAfterStreamingBatch","Output":"--- PASS: TestCachingDB_IteratorIncludesBackendAfterStreamingBatch (0.38s)\n"}
2026-10-06T18:28:00.6064187Z {"Time":"2026-10-06T18:28:00.6016442Z","Action":"pass","Package":"github.com/snissn/gomap/TreeDB/caching","Test":"TestCachingDB_IteratorIncludesBackendAfterStreamingBatch","Elapsed":0.38}
2026-10-06T18:28:00.6066314Z {"Time":"2026-10-06T18:28:00.6016442Z","Action":"run","Package":"github.com/snissn/gomap/TreeDB/caching","Test":"TestCachingDB_SetDoesNotBlockOnWriteMuRLock"}
2026-10-06T18:28:00.6068695Z {"Time":"2026-10-06T18:28:00.6016442Z","Action":"output","Package":"github.com/snissn/gomap/TreeDB/caching","Test":"TestCachingDB_SetDoesNotBlockOnWriteMuRLock","Output":"=== RUN   TestCachingDB_SetDoesNotBlockOnWriteMuRLock\n"}
2026-10-06T18:28:00.7641439Z {"Time":"2026-10-06T18:28:00.7592753Z","Action":"output","Package":"github.com/snissn/gomap/TreeDB/caching","Test":"TestCachingDB_SetDoesNotBlockOnWriteMuRLock","Output":"--- PASS: TestCachingDB_SetDoesNotBlockOnWriteMuRLock (0.16s)\n"}
2026-10-06T18:28:00.7644992Z {"Time":"2026-10-06T18:28:00.7592753Z","Action":"pass","Package":"github.com/snissn/gomap/TreeDB/caching","Test":"TestCachingDB_SetDoesNotBlockOnWriteMuRLock","Elapsed":0.16}
2026-10-06T18:28:00.7647046Z {"Time":"2026-10-06T18:28:00.7592753Z","Action":"run","Package":"github.com/snissn/gomap/TreeDB/caching","Test":"TestCachingDB_CloseDeferredValueLogDoesNotFail"}
2026-10-06T18:28:00.7649647Z {"Time":"2026-10-06T18:28:00.7592753Z","Action":"output","Package":"github.com/snissn/gomap/TreeDB/caching","Test":"TestCachingDB_CloseDeferredValueLogDoesNotFail","Output":"=== RUN   TestCachingDB_CloseDeferredValueLogDoesNotFail\n"}
2026-10-06T18:28:02.5619332Z {"Time":"2026-10-06T18:28:02.5531718Z","Action":"output","Package":"github.com/snissn/gomap/TreeDB/caching","Test":"TestCachingDB_CloseDeferredValueLogDoesNotFail","Output":"--- PASS: TestCachingDB_CloseDeferredValueLogDoesNotFail (1.79s)\n"}
2026-10-06T18:28:02.5621409Z {"Time":"2026-10-06T18:28:02.5531718Z","Action":"pass","Package":"github.com/snissn/gomap/TreeDB/caching","Test":"TestCachingDB_CloseDeferredValueLogDoesNotFail","Elapsed":1.79}
2026-10-06T18:28:02.5622532Z {"Time":"2026-10-06T18:28:02.553752Z","Action":"run","Package":"github.com/snissn/gomap/TreeDB/caching","Test":"TestCachingDB_PrunesRetainedValueLog"}
2026-10-06T18:28:02.5623746Z {"Time":"2026-10-06T18:28:02.553752Z","Action":"output","Package":"github.com/snissn/gomap/TreeDB/caching","Test":"TestCachingDB_PrunesRetainedValueLog","Output":"=== RUN   TestCachingDB_PrunesRetainedValueLog\n"}
2026-10-06T18:28:05.6627345Z {"Time":"2026-10-06T18:28:05.6605784Z","Action":"output","Package":"github.com/snissn/gomap/TreeDB/caching","Test":"TestCachingDB_PrunesRetainedValueLog","Output":"--- PASS: TestCachingDB_PrunesRetainedValueLog (3.11s)\n"}
2026-10-06T18:28:05.6630826Z {"Time":"2026-10-06T18:28:05.6605784Z","Action":"pass","Package":"github.com/snissn/gomap/TreeDB/caching","Test":"TestCachingDB_PrunesRetainedValueLog","Elapsed":3.11}
2026-10-06T18:28:05.6632916Z {"Time":"2026-10-06T18:28:05.6605784Z","Action":"run","Package":"github.com/snissn/gomap/TreeDB/caching","Test":"TestRetainedValueLogPruneDiagnostics_NoCandidates"}
2026-10-06T18:28:05.6635422Z {"Time":"2026-10-06T18:28:05.6605784Z","Action":"output","Package":"github.com/snissn/gomap/TreeDB/caching","Test":"TestRetainedValueLogPruneDiagnostics_NoCandidates","Output":"=== RUN   TestRetainedValueLogPruneDiagnostics_NoCandidates\n"}
2026-10-06T18:28:05.6745094Z {"Time":"2026-10-06T18:28:05.6666702Z","Action":"output","Package":"github.com/snissn/gomap/TreeDB/caching","Test":"TestRetainedValueLogPruneDiagnostics_NoCandidates","Output":"--- PASS: TestRetainedValueLogPruneDiagnostics_NoCandidates (0.01s)\n"}
2026-10-06T18:28:05.6748288Z {"Time":"2026-10-06T18:28:05.6666702Z","Action":"pass","Package":"github.com/snissn/gomap/TreeDB/caching","Test":"TestRetainedValueLogPruneDiagnostics_NoCandidates","Elapsed":0.01}
2026-10-06T18:28:05.6750429Z {"Time":"2026-10-06T18:28:05.6666702Z","Action":"run","Package":"github.com/snissn/gomap/TreeDB/caching","Test":"TestRetainedValueLogPruneDiagnostics_ForegroundAbort"}
2026-10-06T18:28:05.6753040Z {"Time":"2026-10-06T18:28:05.6666702Z","Action":"output","Package":"github.com/snissn/gomap/TreeDB/caching","Test":"TestRetainedValueLogPruneDiagnostics_ForegroundAbort","Output":"=== RUN   TestRetainedValueLogPruneDiagnostics_ForegroundAbort\n"}
2026-10-06T18:28:05.6756226Z {"Time":"2026-10-06T18:28:05.6735464Z","Action":"output","Package":"github.com/snissn/gomap/TreeDB/caching","Test":"TestRetainedValueLogPruneDiagnostics_ForegroundAbort","Output":"--- PASS: TestRetainedValueLogPruneDiagnostics_ForegroundAbort (0.01s)\n"}
2026-10-06T18:28:05.6758927Z {"Time":"2026-10-06T18:28:05.6735464Z","Action":"pass","Package":"github.com/snissn/gomap/TreeDB/caching","Test":"TestRetainedValueLogPruneDiagnostics_ForegroundAbort","Elapsed":0.01}
2026-10-06T18:28:05.6768726Z {"Time":"2026-10-06T18:28:05.6741447Z","Action":"run","Package":"github.com/snissn/gomap/TreeDB/caching","Test":"TestRetainedValueLogPruneCloseCancelsNestedLiveIDScan"}
2026-10-06T18:28:05.6771396Z {"Time":"2026-10-06T18:28:05.6741447Z","Action":"output","Package":"github.com/snissn/gomap/TreeDB/caching","Test":"TestRetainedValueLogPruneCloseCancelsNestedLiveIDScan","Output":"=== RUN   TestRetainedValueLogPruneCloseCancelsNestedLiveIDScan\n"}
2026-10-06T18:28:05.6907616Z {"Time":"2026-10-06T18:28:05.6805617Z","Action":"output","Package":"github.com/snissn/gomap/TreeDB/caching","Test":"TestRetainedValueLogPruneCloseCancelsNestedLiveIDScan","Output":"--- PASS: TestRetainedValueLogPruneCloseCancelsNestedLiveIDScan (0.01s)\n"}
2026-10-06T18:28:05.6910629Z {"Time":"2026-10-06T18:28:05.6805617Z","Action":"pass","Package":"github.com/snissn/gomap/TreeDB/caching","Test":"TestRetainedValueLogPruneCloseCancelsNestedLiveIDScan","Elapsed":0.01}
2026-10-06T18:28:05.6912896Z {"Time":"2026-10-06T18:28:05.6805617Z","Action":"run","Package":"github.com/snissn/gomap/TreeDB/caching","Test":"TestCheckpoint_DefersRetainedValueLogPruneUntilForegroundQuiet"}
2026-10-06T18:28:05.6915718Z {"Time":"2026-10-06T18:28:05.6805617Z","Action":"output","Package":"github.com/snissn/gomap/TreeDB/caching","Test":"TestCheckpoint_DefersRetainedValueLogPruneUntilForegroundQuiet","Output":"=== RUN   TestCheckpoint_DefersRetainedValueLogPruneUntilForegroundQuiet\n"}
2026-10-06T18:28:05.9108016Z {"Time":"2026-10-06T18:28:05.8968534Z","Action":"output","Package":"github.com/snissn/gomap/TreeDB/caching","Test":"TestCheckpoint_DefersRetainedValueLogPruneUntilForegroundQuiet","Output":"--- PASS: TestCheckpoint_DefersRetainedValueLogPruneUntilForegroundQuiet (0.22s)\n"}
2026-10-06T18:28:05.9112519Z {"Time":"2026-10-06T18:28:05.8968534Z","Action":"pass","Package":"github.com/snissn/gomap/TreeDB/caching","Test":"TestCheckpoint_DefersRetainedValueLogPruneUntilForegroundQuiet","Elapsed":0.22}
2026-10-06T18:28:05.9114832Z {"Time":"2026-10-06T18:28:05.8968534Z","Action":"run","Package":"github.com/snissn/gomap/TreeDB/caching","Test":"TestRetainedValueLogPrune_AbortsWhenForegroundWritesResume"}
2026-10-06T18:28:05.9117532Z {"Time":"2026-10-06T18:28:05.8968534Z","Action":"output","Package":"github.com/snissn/gomap/TreeDB/caching","Test":"TestRetainedValueLogPrune_AbortsWhenForegroundWritesResume","Output":"=== RUN   TestRetainedValueLogPrune_AbortsWhenForegroundWritesResume\n"}
2026-10-06T18:28:05.9262791Z {"Time":"2026-10-06T18:28:05.9147489Z","Action":"output","Package":"github.com/snissn/gomap/TreeDB/caching","Test":"TestRetainedValueLogPrune_AbortsWhenForegroundWritesResume","Output":"--- PASS: TestRetainedValueLogPrune_AbortsWhenForegroundWritesResume (0.02s)\n"}
2026-10-06T18:28:05.9264605Z {"Time":"2026-10-06T18:28:05.9147489Z","Action":"pass","Package":"github.com/snissn/gomap/TreeDB/caching","Test":"TestRetainedValueLogPrune_AbortsWhenForegroundWritesResume","Elapsed":0.02}
2026-10-06T18:28:06.0856670Z {"Time":"2026-10-06T18:28:05.9147489Z","Action":"run","Package":"github.com/snissn/gomap/TreeDB/caching","Test":"TestCheckpoint_RateLimitsRetainedValueLogPrune"}
2026-10-06T18:28:06.0859263Z {"Time":"2026-10-06T18:28:05.9147489Z","Action":"output","Package":"github.com/snissn/gomap/TreeDB/caching","Test":"TestCheckpoint_RateLimitsRetainedValueLogPrune","Output":"=== RUN   TestCheckpoint_RateLimitsRetainedValueLogPrune\n"}
2026-10-06T18:28:06.0860936Z {"Time":"2026-10-06T18:28:06.0840398Z","Action":"output","Package":"github.com/snissn/gomap/TreeDB/caching","Test":"TestCheckpoint_RateLimitsRetainedValueLogPrune","Output":"--- PASS: TestCheckpoint_RateLimitsRetainedValueLogPrune (0.17s)\n"}
2026-10-06T18:28:06.0862993Z {"Time":"2026-10-06T18:28:06.0840398Z","Action":"pass","Package":"github.com/snissn/gomap/TreeDB/caching","Test":"TestCheckpoint_RateLimitsRetainedValueLogPrune","Elapsed":0.17}
2026-10-06T18:28:06.0864487Z {"Time":"2026-10-06T18:28:06.0840398Z","Action":"run","Package":"github.com/snissn/gomap/TreeDB/caching","Test":"TestRetainedValueLogPruneForce_PreemptsQuietWait"}
2026-10-06T18:28:06.0865822Z {"Time":"2026-10-06T18:28:06.0840398Z","Action":"output","Package":"github.com/snissn/gomap/TreeDB/caching","Test":"TestRetainedValueLogPruneForce_PreemptsQuietWait","Output":"=== RUN   TestRetainedValueLogPruneForce_PreemptsQuietWait\n"}
2026-10-06T18:28:06.3022632Z {"Time":"2026-10-06T18:28:06.2923603Z","Action":"output","Package":"github.com/snissn/gomap/TreeDB/caching","Test":"TestRetainedValueLogPruneForce_PreemptsQuietWait","Output":"--- PASS: TestRetainedValueLogPruneForce_PreemptsQuietWait (0.21s)\n"}
2026-10-06T18:28:06.3031917Z {"Time":"2026-10-06T18:28:06.2923603Z","Action":"pass","Package":"github.com/snissn/gomap/TreeDB/caching","Test":"TestRetainedValueLogPruneForce_PreemptsQuietWait","Elapsed":0.21}
2026-10-06T18:28:06.3034340Z {"Time":"2026-10-06T18:28:06.2923603Z","Action":"run","Package":"github.com/snissn/gomap/TreeDB/caching","Test":"TestAdvanceValueLogWriterPastObservedSeq_RollsBackToOriginalSeqOnRegisterFailure"}
2026-10-06T18:28:06.3038420Z {"Time":"2026-10-06T18:28:06.2923603Z","Action":"output","Package":"github.com/snissn/gomap/TreeDB/caching","Test":"TestAdvanceValueLogWriterPastObservedSeq_RollsBackToOriginalSeqOnRegisterFailure","Output":"=== RUN   TestAdvanceValueLogWriterPastObservedSeq_RollsBackToOriginalSeqOnRegisterFailure\n"}
2026-10-06T18:28:06.3042802Z {"Time":"2026-10-06T18:28:06.3005694Z","Action":"output","Package":"github.com/snissn/gomap/TreeDB/caching","Test":"TestAdvanceValueLogWriterPastObservedSeq_RollsBackToOriginalSeqOnRegisterFailure","Output":"--- PASS: TestAdvanceValueLogWriterPastObservedSeq_RollsBackToOriginalSeqOnRegisterFailure (0.01s)\n"}
2026-10-06T18:28:06.3047413Z {"Time":"2026-10-06T18:28:06.3005694Z","Action":"pass","Package":"github.com/snissn/gomap/TreeDB/caching","Test":"TestAdvanceValueLogWriterPastObservedSeq_RollsBackToOriginalSeqOnRegisterFailure","Elapsed":0.01}
2026-10-06T18:28:06.3051351Z {"Time":"2026-10-06T18:28:06.3005694Z","Action":"run","Package":"github.com/snissn/gomap/TreeDB/caching","Test":"TestCachingDBDeleteRangeStatsCountsVisitedTombstones"}
2026-10-06T18:28:06.3054294Z {"Time":"2026-10-06T18:28:06.3005694Z","Action":"output","Package":"github.com/snissn/gomap/TreeDB/caching","Test":"TestCachingDBDeleteRangeStatsCountsVisitedTombstones","Output":"=== RUN   TestCachingDBDeleteRangeStatsCountsVisitedTombstones\n"}
2026-10-06T18:28:06.3175813Z {"Time":"2026-10-06T18:28:06.3148811Z","Action":"output","Package":"github.com/snissn/gomap/TreeDB/caching","Test":"TestCachingDBDeleteRangeStatsCountsVisitedTombstones","Output":"--- PASS: TestCachingDBDeleteRangeStatsCountsVisitedTombstones (0.01s)\n"}
2026-10-06T18:28:06.3178864Z {"Time":"2026-10-06T18:28:06.3148811Z","Action":"pass","Package":"github.com/snissn/gomap/TreeDB/caching","Test":"TestCachingDBDeleteRangeStatsCountsVisitedTombstones","Elapsed":0.01}
2026-10-06T18:28:06.3183823Z {"Time":"2026-10-06T18:28:06.3154383Z","Action":"run","Package":"github.com/snissn/gomap/TreeDB/caching","Test":"TestCachingDB_CommandWALRangeSpanFiltersPublishedRoot"}
2026-10-06T18:28:06.3186911Z {"Time":"2026-10-06T18:28:06.3154383Z","Action":"output","Package":"github.com/snissn/gomap/TreeDB/caching","Test":"TestCachingDB_CommandWALRangeSpanFiltersPublishedRoot","Output":"=== RUN   TestCachingDB_CommandWALRangeSpanFiltersPublishedRoot\n"}
2026-10-06T18:28:06.4580330Z {"Time":"2026-10-06T18:28:06.4536509Z","Action":"output","Package":"github.com/snissn/gomap/TreeDB/caching","Test":"TestCachingDB_CommandWALRangeSpanFiltersPublishedRoot","Output":"--- PASS: TestCachingDB_CommandWALRangeSpanFiltersPublishedRoot (0.14s)\n"}
2026-10-06T18:28:06.4583265Z {"Time":"2026-10-06T18:28:06.4536509Z","Action":"pass","Package":"github.com/snissn/gomap/TreeDB/caching","Test":"TestCachingDB_CommandWALRangeSpanFiltersPublishedRoot","Elapsed":0.14}
2026-10-06T18:28:06.4585965Z {"Time":"2026-10-06T18:28:06.4536509Z","Action":"run","Package":"github.com/snissn/gomap/TreeDB/caching","Test":"TestCachingDB_CommandWALRangeSpanSurvivesDisjointOrdinaryDeleteRange"}
2026-10-06T18:28:06.4589790Z {"Time":"2026-10-06T18:28:06.4536509Z","Action":"output","Package":"github.com/snissn/gomap/TreeDB/caching","Test":"TestCachingDB_CommandWALRangeSpanSurvivesDisjointOrdinaryDeleteRange","Output":"=== RUN   TestCachingDB_CommandWALRangeSpanSurvivesDisjointOrdinaryDeleteRange\n"}
2026-10-06T18:28:06.4613571Z {"Time":"2026-10-06T18:28:06.459359Z","Action":"output","Package":"github.com/snissn/gomap/TreeDB/caching","Test":"TestCachingDB_CommandWALRangeSpanSurvivesDisjointOrdinaryDeleteRange","Output":"--- PASS: TestCachingDB_CommandWALRangeSpanSurvivesDisjointOrdinaryDeleteRange (0.01s)\n"}
2026-10-06T18:28:06.4616863Z {"Time":"2026-10-06T18:28:06.459359Z","Action":"pass","Package":"github.com/snissn/gomap/TreeDB/caching","Test":"TestCachingDB_CommandWALRangeSpanSurvivesDisjointOrdinaryDeleteRange","Elapsed":0.01}
2026-10-06T18:28:06.4619348Z {"Time":"2026-10-06T18:28:06.459359Z","Action":"run","Package":"github.com/snissn/gomap/TreeDB/caching","Test":"TestCachingDB_CommandWALRangeSpanFlushCollectionRespectsLaneBarriers"}
2026-10-06T18:28:06.4622373Z {"Time":"2026-10-06T18:28:06.459359Z","Action":"output","Package":"github.com/snissn/gomap/TreeDB/caching","Test":"TestCachingDB_CommandWALRangeSpanFlushCollectionRespectsLaneBarriers","Output":"=== RUN   TestCachingDB_CommandWALRangeSpanFlushCollectionRespectsLaneBarriers\n"}
2026-10-06T18:28:06.4625610Z {"Time":"2026-10-06T18:28:06.459359Z","Action":"run","Package":"github.com/snissn/gomap/TreeDB/caching","Test":"TestCachingDB_CommandWALRangeSpanFlushCollectionRespectsLaneBarriers/span_waits_for_older_point_from_another_lane"}
2026-10-06T18:28:06.4631161Z {"Time":"2026-10-06T18:28:06.459359Z","Action":"output","Package":"github.com/snissn/gomap/TreeDB/caching","Test":"TestCachingDB_CommandWALRangeSpanFlushCollectionRespectsLaneBarriers/span_waits_for_older_point_from_another_lane","Output":"=== RUN   TestCachingDB_CommandWALRangeSpanFlushCollectionRespectsLaneBarriers/span_waits_for_older_point_from_another_lane\n"}
2026-10-06T18:28:06.4740726Z {"Time":"2026-10-06T18:28:06.4650912Z","Action":"output","Package":"github.com/snissn/gomap/TreeDB/caching","Test":"TestCachingDB_CommandWALRangeSpanFlushCollectionRespectsLaneBarriers/span_waits_for_older_point_from_another_lane","Output":"--- PASS: TestCachingDB_CommandWALRangeSpanFlushCollectionRespectsLaneBarriers/span_waits_for_older_point_from_another_lane (0.01s)\n"}
2026-10-06T18:28:06.4744435Z {"Time":"2026-10-06T18:28:06.4650912Z","Action":"pass","Package":"github.com/snissn/gomap/TreeDB/caching","Test":"TestCachingDB_CommandWALRangeSpanFlushCollectionRespectsLaneBarriers/span_waits_for_older_point_from_another_lane","Elapsed":0.01}
2026-10-06T18:28:06.4746187Z {"Time":"2026-10-06T18:28:06.4650912Z","Action":"run","Package":"github.com/snissn/gomap/TreeDB/caching","Test":"TestCachingDB_CommandWALRangeSpanFlushCollectionRespectsLaneBarriers/newer_point_waits_behind_older_span_from_another_lane"}
2026-10-06T18:28:06.4748649Z {"Time":"2026-10-06T18:28:06.4650912Z","Action":"output","Package":"github.com/snissn/gomap/TreeDB/caching","Test":"TestCachingDB_CommandWALRangeSpanFlushCollectionRespectsLaneBarriers/newer_point_waits_behind_older_span_from_another_lane","Output":"=== RUN   TestCachingDB_CommandWALRangeSpanFlushCollectionRespectsLaneBarriers/newer_point_waits_behind_older_span_from_another_lane\n"}
2026-10-06T18:28:06.4751807Z {"Time":"2026-10-06T18:28:06.4695827Z","Action":"output","Package":"github.com/snissn/gomap/TreeDB/caching","Test":"TestCachingDB_CommandWALRangeSpanFlushCollectionRespectsLaneBarriers/newer_point_waits_behind_older_span_from_another_lane","Output":"--- PASS: TestCachingDB_CommandWALRangeSpanFlushCollectionRespectsLaneBarriers/newer_point_waits_behind_older_span_from_another_lane (0.00s)\n"}
2026-10-06T18:28:06.4754356Z {"Time":"2026-10-06T18:28:06.4695827Z","Action":"pass","Package":"github.com/snissn/gomap/TreeDB/caching","Test":"TestCachingDB_CommandWALRangeSpanFlushCollectionRespectsLaneBarriers/newer_point_waits_behind_older_span_from_another_lane","Elapsed":0}
2026-10-06T18:28:06.4757757Z {"Time":"2026-10-06T18:28:06.4695827Z","Action":"output","Package":"github.com/snissn/gomap/TreeDB/caching","Test":"TestCachingDB_CommandWALRangeSpanFlushCollectionRespectsLaneBarriers","Output":"--- PASS: TestCachingDB_CommandWALRangeSpanFlushCollectionRespectsLaneBarriers (0.01s)\n"}
2026-10-06T18:28:06.4760073Z {"Time":"2026-10-06T18:28:06.4695827Z","Action":"pass","Package":"github.com/snissn/gomap/TreeDB/caching","Test":"TestCachingDB_CommandWALRangeSpanFlushCollectionRespectsLaneBarriers","Elapsed":0.01}
2026-10-06T18:28:06.4761316Z {"Time":"2026-10-06T18:28:06.4695827Z","Action":"run","Package":"github.com/snissn/gomap/TreeDB/caching","Test":"TestCachingDB_DeleteRange_WALApplyFailurePoisonsWrites"}
2026-10-06T18:28:06.4762708Z {"Time":"2026-10-06T18:28:06.4695827Z","Action":"output","Package":"github.com/snissn/gomap/TreeDB/caching","Test":"TestCachingDB_DeleteRange_WALApplyFailurePoisonsWrites","Output":"=== RUN   TestCachingDB_DeleteRange_WALApplyFailurePoisonsWrites\n"}
2026-10-06T18:28:06.4891802Z {"Time":"2026-10-06T18:28:06.4827297Z","Action":"output","Package":"github.com/snissn/gomap/TreeDB/caching","Test":"TestCachingDB_DeleteRange_WALApplyFailurePoisonsWrites","Output":"--- PASS: TestCachingDB_DeleteRange_WALApplyFailurePoisonsWrites (0.01s)\n"}
2026-10-06T18:28:06.4894815Z {"Time":"2026-10-06T18:28:06.4827297Z","Action":"pass","Package":"github.com/snissn/gomap/TreeDB/caching","Test":"TestCachingDB_DeleteRange_WALApplyFailurePoisonsWrites","Elapsed":0.01}
2026-10-06T18:28:06.4897428Z {"Time":"2026-10-06T18:28:06.4827297Z","Action":"run","Package":"github.com/snissn/gomap/TreeDB/caching","Test":"TestCachingDB_DeleteRange_WALFlushesAfterDeletes"}
2026-10-06T18:28:06.4900706Z {"Time":"2026-10-06T18:28:06.4827297Z","Action":"output","Package":"github.com/snissn/gomap/TreeDB/caching","Test":"TestCachingDB_DeleteRange_WALFlushesAfterDeletes","Output":"=== RUN   TestCachingDB_DeleteRange_WALFlushesAfterDeletes\n"}
2026-10-06T18:28:06.5046268Z {"Time":"2026-10-06T18:28:06.4942646Z","Action":"output","Package":"github.com/snissn/gomap/TreeDB/caching","Test":"TestCachingDB_DeleteRange_WALFlushesAfterDeletes","Output":"--- PASS: TestCachingDB_DeleteRange_WALFlushesAfterDeletes (0.01s)\n"}
2026-10-06T18:28:06.5048985Z {"Time":"2026-10-06T18:28:06.4942646Z","Action":"pass","Package":"github.com/snissn/gomap/TreeDB/caching","Test":"TestCachingDB_DeleteRange_WALFlushesAfterDeletes","Elapsed":0.01}
2026-10-06T18:28:06.5051146Z {"Time":"2026-10-06T18:28:06.4942646Z","Action":"run","Package":"github.com/snissn/gomap/TreeDB/caching","Test":"TestCachingBatchDeleteRangeSerializesScanAndPublish"}
2026-10-06T18:28:06.5053759Z {"Time":"2026-10-06T18:28:06.4942646Z","Action":"output","Package":"github.com/snissn/gomap/TreeDB/caching","Test":"TestCachingBatchDeleteRangeSerializesScanAndPublish","Output":"=== RUN   TestCachingBatchDeleteRangeSerializesScanAndPublish\n"}
2026-10-06T18:28:06.6623524Z {"Time":"2026-10-06T18:28:06.6569111Z","Action":"output","Package":"github.com/snissn/gomap/TreeDB/caching","Test":"TestCachingBatchDeleteRangeSerializesScanAndPublish","Output":"--- PASS: TestCachingBatchDeleteRangeSerializesScanAndPublish (0.16s)\n"}
2026-10-06T18:28:06.6626377Z {"Time":"2026-10-06T18:28:06.6569111Z","Action":"pass","Package":"github.com/snissn/gomap/TreeDB/caching","Test":"TestCachingBatchDeleteRangeSerializesScanAndPublish","Elapsed":0.16}
2026-10-06T18:28:06.6628413Z {"Time":"2026-10-06T18:28:06.6569111Z","Action":"run","Package":"github.com/snissn/gomap/TreeDB/caching","Test":"TestCachingBatchDeleteRangeMixedOrder"}
2026-10-06T18:28:06.6630817Z {"Time":"2026-10-06T18:28:06.6569111Z","Action":"output","Package":"github.com/snissn/gomap/TreeDB/caching","Test":"TestCachingBatchDeleteRangeMixedOrder","Output":"=== RUN   TestCachingBatchDeleteRangeMixedOrder\n"}
2026-10-06T18:28:06.6779902Z {"Time":"2026-10-06T18:28:06.668811Z","Action":"output","Package":"github.com/snissn/gomap/TreeDB/caching","Test":"TestCachingBatchDeleteRangeMixedOrder","Output":"--- PASS: TestCachingBatchDeleteRangeMixedOrder (0.01s)\n"}
2026-10-06T18:28:06.6782552Z {"Time":"2026-10-06T18:28:06.668811Z","Action":"pass","Package":"github.com/snissn/gomap/TreeDB/caching","Test":"TestCachingBatchDeleteRangeMixedOrder","Elapsed":0.01}
2026-10-06T18:28:06.6784552Z {"Time":"2026-10-06T18:28:06.668811Z","Action":"run","Package":"github.com/snissn/gomap/TreeDB/caching","Test":"TestDomainIngressDisabledByDefault"}
2026-10-06T18:28:06.6786799Z {"Time":"2026-10-06T18:28:06.668811Z","Action":"output","Package":"github.com/snissn/gomap/TreeDB/caching","Test":"TestDomainIngressDisabledByDefault","Output":"=== RUN   TestDomainIngressDisabledByDefault\n"}
2026-10-06T18:28:06.8667534Z {"Time":"2026-10-06T18:28:06.8630248Z","Action":"output","Package":"github.com/snissn/gomap/TreeDB/caching","Test":"TestDomainIngressDisabledByDefault","Output":"--- PASS: TestDomainIngressDisabledByDefault (0.19s)\n"}
2026-10-06T18:28:06.8669705Z {"Time":"2026-10-06T18:28:06.8630248Z","Action":"pass","Package":"github.com/snissn/gomap/TreeDB/caching","Test":"TestDomainIngressDisabledByDefault","Elapsed":0.19}
2026-10-06T18:28:06.8671814Z {"Time":"2026-10-06T18:28:06.8630248Z","Action":"run","Package":"github.com/snissn/gomap/TreeDB/caching","Test":"TestCurrentTreeDBExpvarStatsIncludesInstances"}
2026-10-06T18:28:06.8673272Z {"Time":"2026-10-06T18:28:06.8630248Z","Action":"output","Package":"github.com/snissn/gomap/TreeDB/caching","Test":"TestCurrentTreeDBExpvarStatsIncludesInstances","Output":"=== RUN   TestCurrentTreeDBExpvarStatsIncludesInstances\n"}
2026-10-06T18:28:06.8685806Z {"Time":"2026-10-06T18:28:06.8676129Z","Action":"output","Package":"github.com/snissn/gomap/TreeDB/caching","Test":"TestCurrentTreeDBExpvarStatsIncludesInstances","Output":"--- PASS: TestCurrentTreeDBExpvarStatsIncludesInstances (0.00s)\n"}
2026-10-06T18:28:06.8688075Z {"Time":"2026-10-06T18:28:06.8676129Z","Action":"pass","Package":"github.com/snissn/gomap/TreeDB/caching","Test":"TestCurrentTreeDBExpvarStatsIncludesInstances","Elapsed":0}
2026-10-06T18:28:06.8701478Z {"Time":"2026-10-06T18:28:06.8681736Z","Action":"run","Package":"github.com/snissn/gomap/TreeDB/caching","Test":"TestUnregisterTreeDBExpvarStatsDBKeepsCurrentWhenOthersRemain"}
2026-10-06T18:28:06.8703494Z {"Time":"2026-10-06T18:28:06.8681736Z","Action":"output","Package":"github.com/snissn/gomap/TreeDB/caching","Test":"TestUnregisterTreeDBExpvarStatsDBKeepsCurrentWhenOthersRemain","Output":"=== RUN   TestUnregisterTreeDBExpvarStatsDBKeepsCurrentWhenOthersRemain\n"}
2026-10-06T18:28:06.8816877Z {"Time":"2026-10-06T18:28:06.8715523Z","Action":"output","Package":"github.com/snissn/gomap/TreeDB/caching","Test":"TestUnregisterTreeDBExpvarStatsDBKeepsCurrentWhenOthersRemain","Output":"--- PASS: TestUnregisterTreeDBExpvarStatsDBKeepsCurrentWhenOthersRemain (0.00s)\n"}
2026-10-06T18:28:06.8820524Z {"Time":"2026-10-06T18:28:06.8715523Z","Action":"pass","Package":"github.com/snissn/gomap/TreeDB/caching","Test":"TestUnregisterTreeDBExpvarStatsDBKeepsCurrentWhenOthersRemain","Elapsed":0}
2026-10-06T18:28:06.8823830Z {"Time":"2026-10-06T18:28:06.8721121Z","Action":"run","Package":"github.com/snissn/gomap/TreeDB/caching","Test":"TestWriteWaitForCheckpointStatsIncrement"}
2026-10-06T18:28:06.8826305Z {"Time":"2026-10-06T18:28:06.8721121Z","Action":"output","Package":"github.com/snissn/gomap/TreeDB/caching","Test":"TestWriteWaitForCheckpointStatsIncrement","Output":"=== RUN   TestWriteWaitForCheckpointStatsIncrement\n"}
2026-10-06T18:28:06.8829719Z {"Time":"2026-10-06T18:28:06.8721121Z","Action":"output","Package":"github.com/snissn/gomap/TreeDB/caching","Test":"TestWriteWaitForCheckpointStatsIncrement","Output":"--- PASS: TestWriteWaitForCheckpointStatsIncrement (0.00s)\n"}
2026-10-06T18:28:06.8832151Z {"Time":"2026-10-06T18:28:06.8721121Z","Action":"pass","Package":"github.com/snissn/gomap/TreeDB/caching","Test":"TestWriteWaitForCheckpointStatsIncrement","Elapsed":0}
2026-10-06T18:28:06.8834203Z {"Time":"2026-10-06T18:28:06.8721121Z","Action":"run","Package":"github.com/snissn/gomap/TreeDB/caching","Test":"TestObserveWriteWaitForCheckpointPreservesZeroDurationSample"}
2026-10-06T18:28:06.8837170Z {"Time":"2026-10-06T18:28:06.8721121Z","Action":"output","Package":"github.com/snissn/gomap/TreeDB/caching","Test":"TestObserveWriteWaitForCheckpointPreservesZeroDurationSample","Output":"=== RUN   TestObserveWriteWaitForCheckpointPreservesZeroDurationSample\n"}
2026-10-06T18:28:06.8841299Z {"Time":"2026-10-06T18:28:06.8721121Z","Action":"output","Package":"github.com/snissn/gomap/TreeDB/caching","Test":"TestObserveWriteWaitForCheckpointPreservesZeroDurationSample","Output":"--- PASS: TestObserveWriteWaitForCheckpointPreservesZeroDurationSample (0.00s)\n"}
2026-10-06T18:28:06.8843980Z {"Time":"2026-10-06T18:28:06.8721121Z","Action":"pass","Package":"github.com/snissn/gomap/TreeDB/caching","Test":"TestObserveWriteWaitForCheckpointPreservesZeroDurationSample","Elapsed":0}
2026-10-06T18:28:06.8845409Z {"Time":"2026-10-06T18:28:06.8721121Z","Action":"run","Package":"github.com/snissn/gomap/TreeDB/caching","Test":"TestBeginExclusiveWriteRecordsCheckpointWait"}
2026-10-06T18:28:06.8847743Z {"Time":"2026-10-06T18:28:06.8721121Z","Action":"output","Package":"github.com/snissn/gomap/TreeDB/caching","Test":"TestBeginExclusiveWriteRecordsCheckpointWait","Output":"=== RUN   TestBeginExclusiveWriteRecordsCheckpointWait\n"}
2026-10-06T18:28:06.8981619Z {"Time":"2026-10-06T18:28:06.8824464Z","Action":"output","Package":"github.com/snissn/gomap/TreeDB/caching","Test":"TestBeginExclusiveWriteRecordsCheckpointWait","Output":"--- PASS: TestBeginExclusiveWriteRecordsCheckpointWait (0.01s)\n"}
2026-10-06T18:28:06.8985577Z {"Time":"2026-10-06T18:28:06.8824464Z","Action":"pass","Package":"github.com/snissn/gomap/TreeDB/caching","Test":"TestBeginExclusiveWriteRecordsCheckpointWait","Elapsed":0.01}
2026-10-06T18:28:06.8988605Z {"Time":"2026-10-06T18:28:06.8824464Z","Action":"run","Package":"github.com/snissn/gomap/TreeDB/caching","Test":"TestLeafLogLaneStatsExposeConfiguredActiveAndPerLaneCounters"}
2026-10-06T18:28:06.8991565Z {"Time":"2026-10-06T18:28:06.8824464Z","Action":"output","Package":"github.com/snissn/gomap/TreeDB/caching","Test":"TestLeafLogLaneStatsExposeConfiguredActiveAndPerLaneCounters","Output":"=== RUN   TestLeafLogLaneStatsExposeConfiguredActiveAndPerLaneCounters\n"}
2026-10-06T18:28:06.8996025Z {"Time":"2026-10-06T18:28:06.8824464Z","Action":"output","Package":"github.com/snissn/gomap/TreeDB/caching","Test":"TestLeafLogLaneStatsExposeConfiguredActiveAndPerLaneCounters","Output":"--- PASS: TestLeafLogLaneStatsExposeConfiguredActiveAndPerLaneCounters (0.00s)\n"}
2026-10-06T18:28:06.8999080Z {"Time":"2026-10-06T18:28:06.8824464Z","Action":"pass","Package":"github.com/snissn/gomap/TreeDB/caching","Test":"TestLeafLogLaneStatsExposeConfiguredActiveAndPerLaneCounters","Elapsed":0}
2026-10-06T18:28:06.9002322Z {"Time":"2026-10-06T18:28:06.8824464Z","Action":"run","Package":"github.com/snissn/gomap/TreeDB/caching","Test":"TestFlushSpanRunStatsCombinedFlushCountsPostShadowPlannedOps"}
2026-10-06T18:28:06.9005218Z {"Time":"2026-10-06T18:28:06.8824464Z","Action":"output","Package":"github.com/snissn/gomap/TreeDB/caching","Test":"TestFlushSpanRunStatsCombinedFlushCountsPostShadowPlannedOps","Output":"=== RUN   TestFlushSpanRunStatsCombinedFlushCountsPostShadowPlannedOps\n"}
2026-10-06T18:28:06.9282717Z {"Time":"2026-10-06T18:28:06.9252948Z","Action":"output","Package":"github.com/snissn/gomap/TreeDB/caching","Test":"TestFlushSpanRunStatsCombinedFlushCountsPostShadowPlannedOps","Output":"--- PASS: TestFlushSpanRunStatsCombinedFlushCountsPostShadowPlannedOps (0.04s)\n"}
2026-10-06T18:28:06.9285977Z {"Time":"2026-10-06T18:28:06.9252948Z","Action":"pass","Package":"github.com/snissn/gomap/TreeDB/caching","Test":"TestFlushSpanRunStatsCombinedFlushCountsPostShadowPlannedOps","Elapsed":0.04}
2026-10-06T18:28:06.9288254Z {"Time":"2026-10-06T18:28:06.9252948Z","Action":"run","Package":"github.com/snissn/gomap/TreeDB/caching","Test":"TestFlushSpanRunLeafAwareChunksDoNotSplitTargetLeaves"}
2026-10-06T18:28:06.9290913Z {"Time":"2026-10-06T18:28:06.9252948Z","Action":"output","Package":"github.com/snissn/gomap/TreeDB/caching","Test":"TestFlushSpanRunLeafAwareChunksDoNotSplitTargetLeaves","Output":"=== RUN   TestFlushSpanRunLeafAwareChunksDoNotSplitTargetLeaves\n"}
2026-10-06T18:28:06.9294194Z {"Time":"2026-10-06T18:28:06.9252948Z","Action":"output","Package":"github.com/snissn/gomap/TreeDB/caching","Test":"TestFlushSpanRunLeafAwareChunksDoNotSplitTargetLeaves","Output":"--- PASS: TestFlushSpanRunLeafAwareChunksDoNotSplitTargetLeaves (0.00s)\n"}
2026-10-06T18:28:06.9296983Z {"Time":"2026-10-06T18:28:06.9252948Z","Action":"pass","Package":"github.com/snissn/gomap/TreeDB/caching","Test":"TestFlushSpanRunLeafAwareChunksDoNotSplitTargetLeaves","Elapsed":0}
2026-10-06T18:28:06.9299576Z {"Time":"2026-10-06T18:28:06.9252948Z","Action":"run","Package":"github.com/snissn/gomap/TreeDB/caching","Test":"TestFlushSpanRunPlannedBackendChunksFallbackOnInvalidCoverage"}
2026-10-06T18:28:06.9304482Z {"Time":"2026-10-06T18:28:06.9252948Z","Action":"output","Package":"github.com/snissn/gomap/TreeDB/caching","Test":"TestFlushSpanRunPlannedBackendChunksFallbackOnInvalidCoverage","Output":"=== RUN   TestFlushSpanRunPlannedBackendChunksFallbackOnInvalidCoverage\n"}
2026-10-06T18:28:06.9307461Z {"Time":"2026-10-06T18:28:06.9252948Z","Action":"run","Package":"github.com/snissn/gomap/TreeDB/caching","Test":"TestFlushSpanRunPlannedBackendChunksFallbackOnInvalidCoverage/gapped"}
2026-10-06T18:28:06.9310552Z {"Time":"2026-10-06T18:28:06.9252948Z","Action":"output","Package":"github.com/snissn/gomap/TreeDB/caching","Test":"TestFlushSpanRunPlannedBackendChunksFallbackOnInvalidCoverage/gapped","Output":"=== RUN   TestFlushSpanRunPlannedBackendChunksFallbackOnInvalidCoverage/gapped\n"}
2026-10-06T18:28:06.9314895Z {"Time":"2026-10-06T18:28:06.9252948Z","Action":"output","Package":"github.com/snissn/gomap/TreeDB/caching","Test":"TestFlushSpanRunPlannedBackendChunksFallbackOnInvalidCoverage/gapped","Output":"--- PASS: TestFlushSpanRunPlannedBackendChunksFallbackOnInvalidCoverage/gapped (0.00s)\n"}
2026-10-06T18:28:06.9318046Z {"Time":"2026-10-06T18:28:06.9252948Z","Action":"pass","Package":"github.com/snissn/gomap/TreeDB/caching","Test":"TestFlushSpanRunPlannedBackendChunksFallbackOnInvalidCoverage/gapped","Elapsed":0}
2026-10-06T18:28:06.9320799Z {"Time":"2026-10-06T18:28:06.9252948Z","Action":"run","Package":"github.com/snissn/gomap/TreeDB/caching","Test":"TestFlushSpanRunPlannedBackendChunksFallbackOnInvalidCoverage/tail-truncated"}
2026-10-06T18:28:06.9324011Z {"Time":"2026-10-06T18:28:06.9252948Z","Action":"output","Package":"github.com/snissn/gomap/TreeDB/caching","Test":"TestFlushSpanRunPlannedBackendChunksFallbackOnInvalidCoverage/tail-truncated","Output":"=== RUN   TestFlushSpanRunPlannedBackendChunksFallbackOnInvalidCoverage/tail-truncated\n"}
2026-10-06T18:28:06.9328021Z {"Time":"2026-10-06T18:28:06.926085Z","Action":"output","Package":"github.com/snissn/gomap/TreeDB/caching","Test":"TestFlushSpanRunPlannedBackendChunksFallbackOnInvalidCoverage/tail-truncated","Output":"--- PASS: TestFlushSpanRunPlannedBackendChunksFallbackOnInvalidCoverage/tail-truncated (0.00s)\n"}
2026-10-06T18:28:06.9331334Z {"Time":"2026-10-06T18:28:06.926085Z","Action":"pass","Package":"github.com/snissn/gomap/TreeDB/caching","Test":"TestFlushSpanRunPlannedBackendChunksFallbackOnInvalidCoverage/tail-truncated","Elapsed":0}
2026-10-06T18:28:06.9334444Z {"Time":"2026-10-06T18:28:06.926085Z","Action":"output","Package":"github.com/snissn/gomap/TreeDB/caching","Test":"TestFlushSpanRunPlannedBackendChunksFallbackOnInvalidCoverage","Output":"--- PASS: TestFlushSpanRunPlannedBackendChunksFallbackOnInvalidCoverage (0.00s)\n"}
2026-10-06T18:28:06.9337444Z {"Time":"2026-10-06T18:28:06.926085Z","Action":"pass","Package":"github.com/snissn/gomap/TreeDB/caching","Test":"TestFlushSpanRunPlannedBackendChunksFallbackOnInvalidCoverage","Elapsed":0}
2026-10-06T18:28:06.9339924Z {"Time":"2026-10-06T18:28:06.926085Z","Action":"run","Package":"github.com/snissn/gomap/TreeDB/caching","Test":"TestFlushSpanRunBackendChunksExcludeEmptySyncBoundary"}
2026-10-06T18:28:06.9342579Z {"Time":"2026-10-06T18:28:06.926085Z","Action":"output","Package":"github.com/snissn/gomap/TreeDB/caching","Test":"TestFlushSpanRunBackendChunksExcludeEmptySyncBoundary","Output":"=== RUN   TestFlushSpanRunBackendChunksExcludeEmptySyncBoundary\n"}
2026-10-06T18:28:06.9345252Z {"Time":"2026-10-06T18:28:06.926085Z","Action":"run","Package":"github.com/snissn/gomap/TreeDB/caching","Test":"TestFlushSpanRunBackendChunksExcludeEmptySyncBoundary/parallel"}
2026-10-06T18:28:06.9348096Z {"Time":"2026-10-06T18:28:06.926085Z","Action":"output","Package":"github.com/snissn/gomap/TreeDB/caching","Test":"TestFlushSpanRunBackendChunksExcludeEmptySyncBoundary/parallel","Output":"=== RUN   TestFlushSpanRunBackendChunksExcludeEmptySyncBoundary/parallel\n"}
2026-10-06T18:28:06.9585252Z {"Time":"2026-10-06T18:28:06.9521338Z","Action":"output","Package":"github.com/snissn/gomap/TreeDB/caching","Test":"TestFlushSpanRunBackendChunksExcludeEmptySyncBoundary/parallel","Output":"--- PASS: TestFlushSpanRunBackendChunksExcludeEmptySyncBoundary/parallel (0.03s)\n"}
2026-10-06T18:28:06.9587634Z {"Time":"2026-10-06T18:28:06.9530445Z","Action":"pass","Package":"github.com/snissn/gomap/TreeDB/caching","Test":"TestFlushSpanRunBackendChunksExcludeEmptySyncBoundary/parallel","Elapsed":0.03}
2026-10-06T18:28:06.9588944Z {"Time":"2026-10-06T18:28:06.9530445Z","Action":"run","Package":"github.com/snissn/gomap/TreeDB/caching","Test":"TestFlushSpanRunBackendChunksExcludeEmptySyncBoundary/sequential"}
2026-10-06T18:28:06.9591115Z {"Time":"2026-10-06T18:28:06.9530445Z","Action":"output","Package":"github.com/snissn/gomap/TreeDB/caching","Test":"TestFlushSpanRunBackendChunksExcludeEmptySyncBoundary/sequential","Output":"=== RUN   TestFlushSpanRunBackendChunksExcludeEmptySyncBoundary/sequential\n"}
2026-10-06T18:28:06.9741268Z {"Time":"2026-10-06T18:28:06.9671436Z","Action":"output","Package":"github.com/snissn/gomap/TreeDB/caching","Test":"TestFlushSpanRunBackendChunksExcludeEmptySyncBoundary/sequential","Output":"--- PASS: TestFlushSpanRunBackendChunksExcludeEmptySyncBoundary/sequential (0.01s)\n"}
2026-10-06T18:28:06.9743762Z {"Time":"2026-10-06T18:28:06.9671436Z","Action":"pass","Package":"github.com/snissn/gomap/TreeDB/caching","Test":"TestFlushSpanRunBackendChunksExcludeEmptySyncBoundary/sequential","Elapsed":0.01}
2026-10-06T18:28:06.9745390Z {"Time":"2026-10-06T18:28:06.9671436Z","Action":"output","Package":"github.com/snissn/gomap/TreeDB/caching","Test":"TestFlushSpanRunBackendChunksExcludeEmptySyncBoundary","Output":"--- PASS: TestFlushSpanRunBackendChunksExcludeEmptySyncBoundary (0.04s)\n"}
2026-10-06T18:28:06.9746963Z {"Time":"2026-10-06T18:28:06.9671436Z","Action":"pass","Package":"github.com/snissn/gomap/TreeDB/caching","Test":"TestFlushSpanRunBackendChunksExcludeEmptySyncBoundary","Elapsed":0.04}
2026-10-06T18:28:06.9748282Z {"Time":"2026-10-06T18:28:06.9671436Z","Action":"run","Package":"github.com/snissn/gomap/TreeDB/caching","Test":"TestFlushBacklogCoalescingDefaultPressureGatesAdmitObservedRandomShape"}
2026-10-06T18:28:06.9750209Z {"Time":"2026-10-06T18:28:06.9671436Z","Action":"output","Package":"github.com/snissn/gomap/TreeDB/caching","Test":"TestFlushBacklogCoalescingDefaultPressureGatesAdmitObservedRandomShape","Output":"=== RUN   TestFlushBacklogCoalescingDefaultPressureGatesAdmitObservedRandomShape\n"}
2026-10-06T18:28:07.0231010Z {"Time":"2026-10-06T18:28:07.0214051Z","Action":"output","Package":"github.com/snissn/gomap/TreeDB/caching","Test":"TestFlushBacklogCoalescingDefaultPressureGatesAdmitObservedRandomShape","Output":"--- PASS: TestFlushBacklogCoalescingDefaultPressureGatesAdmitObservedRandomShape (0.05s)\n"}
2026-10-06T18:28:07.0234653Z {"Time":"2026-10-06T18:28:07.0217982Z","Action":"pass","Package":"github.com/snissn/gomap/TreeDB/caching","Test":"TestFlushBacklogCoalescingDefaultPressureGatesAdmitObservedRandomShape","Elapsed":0.05}
2026-10-06T18:28:07.0237321Z {"Time":"2026-10-06T18:28:07.0217982Z","Action":"run","Package":"github.com/snissn/gomap/TreeDB/caching","Test":"TestFlushBacklogCoalescingOpsBudgetAllowsOneWholeMemtableOvershoot"}
2026-10-06T18:28:07.0240428Z {"Time":"2026-10-06T18:28:07.0217982Z","Action":"output","Package":"github.com/snissn/gomap/TreeDB/caching","Test":"TestFlushBacklogCoalescingOpsBudgetAllowsOneWholeMemtableOvershoot","Output":"=== RUN   TestFlushBacklogCoalescingOpsBudgetAllowsOneWholeMemtableOvershoot\n"}
2026-10-06T18:28:07.0667686Z {"Time":"2026-10-06T18:28:07.0630128Z","Action":"output","Package":"github.com/snissn/gomap/TreeDB/caching","Test":"TestFlushBacklogCoalescingOpsBudgetAllowsOneWholeMemtableOvershoot","Output":"--- PASS: TestFlushBacklogCoalescingOpsBudgetAllowsOneWholeMemtableOvershoot (0.04s)\n"}
2026-10-06T18:28:07.0671201Z {"Time":"2026-10-06T18:28:07.0630128Z","Action":"pass","Package":"github.com/snissn/gomap/TreeDB/caching","Test":"TestFlushBacklogCoalescingOpsBudgetAllowsOneWholeMemtableOvershoot","Elapsed":0.04}
2026-10-06T18:28:07.0673749Z {"Time":"2026-10-06T18:28:07.06444Z","Action":"run","Package":"github.com/snissn/gomap/TreeDB/caching","Test":"TestFlushBacklogCoalescingCheckpointAdmissionAccountsForBaseByteBudget"}
2026-10-06T18:28:07.0676989Z {"Time":"2026-10-06T18:28:07.06444Z","Action":"output","Package":"github.com/snissn/gomap/TreeDB/caching","Test":"TestFlushBacklogCoalescingCheckpointAdmissionAccountsForBaseByteBudget","Output":"=== RUN   TestFlushBacklogCoalescingCheckpointAdmissionAccountsForBaseByteBudget\n"}
2026-10-06T18:28:07.0820590Z {"Time":"2026-10-06T18:28:07.0770785Z","Action":"output","Package":"github.com/snissn/gomap/TreeDB/caching","Test":"TestFlushBacklogCoalescingCheckpointAdmissionAccountsForBaseByteBudget","Output":"--- PASS: TestFlushBacklogCoalescingCheckpointAdmissionAccountsForBaseByteBudget (0.01s)\n"}
2026-10-06T18:28:07.0825586Z {"Time":"2026-10-06T18:28:07.0770785Z","Action":"pass","Package":"github.com/snissn/gomap/TreeDB/caching","Test":"TestFlushBacklogCoalescingCheckpointAdmissionAccountsForBaseByteBudget","Elapsed":0.01}
2026-10-06T18:28:07.0828623Z {"Time":"2026-10-06T18:28:07.0770785Z","Action":"run","Package":"github.com/snissn/gomap/TreeDB/caching","Test":"TestFlushCollectionModeSpanNativeFallbackOnlyForClose"}
2026-10-06T18:28:07.0831393Z {"Time":"2026-10-06T18:28:07.0770785Z","Action":"output","Package":"github.com/snissn/gomap/TreeDB/caching","Test":"TestFlushCollectionModeSpanNativeFallbackOnlyForClose","Output":"=== RUN   TestFlushCollectionModeSpanNativeFallbackOnlyForClose\n"}
2026-10-06T18:28:07.0835107Z {"Time":"2026-10-06T18:28:07.0770785Z","Action":"run","Package":"github.com/snissn/gomap/TreeDB/caching","Test":"TestFlushCollectionModeSpanNativeFallbackOnlyForClose/checkpoint"}
2026-10-06T18:28:07.0845175Z {"Time":"2026-10-06T18:28:07.0770785Z","Action":"output","Package":"github.com/snissn/gomap/TreeDB/caching","Test":"TestFlushCollectionModeSpanNativeFallbackOnlyForClose/checkpoint","Output":"=== RUN   TestFlushCollectionModeSpanNativeFallbackOnlyForClose/checkpoint\n"}
2026-10-06T18:28:07.0984110Z {"Time":"2026-10-06T18:28:07.0890543Z","Action":"output","Package":"github.com/snissn/gomap/TreeDB/caching","Test":"TestFlushCollectionModeSpanNativeFallbackOnlyForClose/checkpoint","Output":"--- PASS: TestFlushCollectionModeSpanNativeFallbackOnlyForClose/checkpoint (0.01s)\n"}
2026-10-06T18:28:07.0987673Z {"Time":"2026-10-06T18:28:07.0890543Z","Action":"pass","Package":"github.com/snissn/gomap/TreeDB/caching","Test":"TestFlushCollectionModeSpanNativeFallbackOnlyForClose/checkpoint","Elapsed":0.01}
2026-10-06T18:28:07.0990652Z {"Time":"2026-10-06T18:28:07.0890543Z","Action":"run","Package":"github.com/snissn/gomap/TreeDB/caching","Test":"TestFlushCollectionModeSpanNativeFallbackOnlyForClose/close"}
2026-10-06T18:28:07.0993453Z {"Time":"2026-10-06T18:28:07.0890543Z","Action":"output","Package":"github.com/snissn/gomap/TreeDB/caching","Test":"TestFlushCollectionModeSpanNativeFallbackOnlyForClose/close","Output":"=== RUN   TestFlushCollectionModeSpanNativeFallbackOnlyForClose/close\n"}
2026-10-06T18:28:07.1135207Z {"Time":"2026-10-06T18:28:07.1026111Z","Action":"output","Package":"github.com/snissn/gomap/TreeDB/caching","Test":"TestFlushCollectionModeSpanNativeFallbackOnlyForClose/close","Output":"--- PASS: TestFlushCollectionModeSpanNativeFallbackOnlyForClose/close (0.01s)\n"}
2026-10-06T18:28:07.1136925Z {"Time":"2026-10-06T18:28:07.1031495Z","Action":"pass","Package":"github.com/snissn/gomap/TreeDB/caching","Test":"TestFlushCollectionModeSpanNativeFallbackOnlyForClose/close","Elapsed":0.01}
2026-10-06T18:28:07.1138571Z {"Time":"2026-10-06T18:28:07.1031495Z","Action":"output","Package":"github.com/snissn/gomap/TreeDB/caching","Test":"TestFlushCollectionModeSpanNativeFallbackOnlyForClose","Output":"--- PASS: TestFlushCollectionModeSpanNativeFallbackOnlyForClose (0.03s)\n"}
2026-10-06T18:28:07.1140421Z {"Time":"2026-10-06T18:28:07.1031495Z","Action":"pass","Package":"github.com/snissn/gomap/TreeDB/caching","Test":"TestFlushCollectionModeSpanNativeFallbackOnlyForClose","Elapsed":0.03}
2026-10-06T18:28:07.1141623Z {"Time":"2026-10-06T18:28:07.1031495Z","Action":"run","Package":"github.com/snissn/gomap/TreeDB/caching","Test":"TestFlushCollectionModeRangeOnlyCheckpointFallbackReason"}
2026-10-06T18:28:07.1143095Z {"Time":"2026-10-06T18:28:07.1031495Z","Action":"output","Package":"github.com/snissn/gomap/TreeDB/caching","Test":"TestFlushCollectionModeRangeOnlyCheckpointFallbackReason","Output":"=== RUN   TestFlushCollectionModeRangeOnlyCheckpointFallbackReason\n"}
2026-10-06T18:28:07.1145158Z {"Time":"2026-10-06T18:28:07.108531Z","Action":"output","Package":"github.com/snissn/gomap/TreeDB/caching","Test":"TestFlushCollectionModeRangeOnlyCheckpointFallbackReason","Output":"--- PASS: TestFlushCollectionModeRangeOnlyCheckpointFallbackReason (0.01s)\n"}
2026-10-06T18:28:07.1147445Z {"Time":"2026-10-06T18:28:07.108531Z","Action":"pass","Package":"github.com/snissn/gomap/TreeDB/caching","Test":"TestFlushCollectionModeRangeOnlyCheckpointFallbackReason","Elapsed":0.01}
2026-10-06T18:28:07.1148900Z {"Time":"2026-10-06T18:28:07.108531Z","Action":"run","Package":"github.com/snissn/gomap/TreeDB/caching","Test":"TestCheckpointActiveFrontierFiltersBackgroundFlush"}
2026-10-06T18:28:07.1150464Z {"Time":"2026-10-06T18:28:07.108531Z","Action":"output","Package":"github.com/snissn/gomap/TreeDB/caching","Test":"TestCheckpointActiveFrontierFiltersBackgroundFlush","Output":"=== RUN   TestCheckpointActiveFrontierFiltersBackgroundFlush\n"}
2026-10-06T18:28:07.1435457Z {"Time":"2026-10-06T18:28:07.1334698Z","Action":"output","Package":"github.com/snissn/gomap/TreeDB/caching","Test":"TestCheckpointActiveFrontierFiltersBackgroundFlush","Output":"--- PASS: TestCheckpointActiveFrontierFiltersBackgroundFlush (0.02s)\n"}
2026-10-06T18:28:07.1438544Z {"Time":"2026-10-06T18:28:07.1334698Z","Action":"pass","Package":"github.com/snissn/gomap/TreeDB/caching","Test":"TestCheckpointActiveFrontierFiltersBackgroundFlush","Elapsed":0.02}
2026-10-06T18:28:07.1441314Z {"Time":"2026-10-06T18:28:07.1340077Z","Action":"run","Package":"github.com/snissn/gomap/TreeDB/caching","Test":"TestCheckpointSharedFrontierRecordsBackgroundAndCheckpointWork"}
2026-10-06T18:28:07.1444799Z {"Time":"2026-10-06T18:28:07.1340077Z","Action":"output","Package":"github.com/snissn/gomap/TreeDB/caching","Test":"TestCheckpointSharedFrontierRecordsBackgroundAndCheckpointWork","Output":"=== RUN   TestCheckpointSharedFrontierRecordsBackgroundAndCheckpointWork\n"}
2026-10-06T18:28:07.1750679Z {"Time":"2026-10-06T18:28:07.1698767Z","Action":"output","Package":"github.com/snissn/gomap/TreeDB/caching","Test":"TestCheckpointSharedFrontierRecordsBackgroundAndCheckpointWork","Output":"--- PASS: TestCheckpointSharedFrontierRecordsBackgroundAndCheckpointWork (0.04s)\n"}
2026-10-06T18:28:07.1752793Z {"Time":"2026-10-06T18:28:07.1704256Z","Action":"pass","Package":"github.com/snissn/gomap/TreeDB/caching","Test":"TestCheckpointSharedFrontierRecordsBackgroundAndCheckpointWork","Elapsed":0.04}
2026-10-06T18:28:07.1753977Z {"Time":"2026-10-06T18:28:07.1704256Z","Action":"run","Package":"github.com/snissn/gomap/TreeDB/caching","Test":"TestFlushBacklogCoalescingAgeGate"}
2026-10-06T18:28:07.1755181Z {"Time":"2026-10-06T18:28:07.1704256Z","Action":"output","Package":"github.com/snissn/gomap/TreeDB/caching","Test":"TestFlushBacklogCoalescingAgeGate","Output":"=== RUN   TestFlushBacklogCoalescingAgeGate\n"}
2026-10-06T18:28:07.2211361Z {"Time":"2026-10-06T18:28:07.2174265Z","Action":"output","Package":"github.com/snissn/gomap/TreeDB/caching","Test":"TestFlushBacklogCoalescingAgeGate","Output":"--- PASS: TestFlushBacklogCoalescingAgeGate (0.05s)\n"}
2026-10-06T18:28:07.2215010Z {"Time":"2026-10-06T18:28:07.2174265Z","Action":"pass","Package":"github.com/snissn/gomap/TreeDB/caching","Test":"TestFlushBacklogCoalescingAgeGate","Elapsed":0.05}
2026-10-06T18:28:07.2217250Z {"Time":"2026-10-06T18:28:07.2177813Z","Action":"run","Package":"github.com/snissn/gomap/TreeDB/caching","Test":"TestMemtableBatchApplyPreservesEntryRevision"}
2026-10-06T18:28:07.2219970Z {"Time":"2026-10-06T18:28:07.2177813Z","Action":"output","Package":"github.com/snissn/gomap/TreeDB/caching","Test":"TestMemtableBatchApplyPreservesEntryRevision","Output":"=== RUN   TestMemtableBatchApplyPreservesEntryRevision\n"}
2026-10-06T18:28:07.2228185Z {"Time":"2026-10-06T18:28:07.2177813Z","Action":"output","Package":"github.com/snissn/gomap/TreeDB/caching","Test":"TestMemtableBatchApplyPreservesEntryRevision","Output":"--- PASS: TestMemtableBatchApplyPreservesEntryRevision (0.00s)\n"}
2026-10-06T18:28:07.2231574Z {"Time":"2026-10-06T18:28:07.2177813Z","Action":"pass","Package":"github.com/snissn/gomap/TreeDB/caching","Test":"TestMemtableBatchApplyPreservesEntryRevision","Elapsed":0}
2026-10-06T18:28:07.2234904Z {"Time":"2026-10-06T18:28:07.2177813Z","Action":"run","Package":"github.com/snissn/gomap/TreeDB/caching","Test":"TestBuildOpRunsAppendOnlyRandomDeleteHeavyLatestWins"}
2026-10-06T18:28:07.2238248Z {"Time":"2026-10-06T18:28:07.2177813Z","Action":"output","Package":"github.com/snissn/gomap/TreeDB/caching","Test":"TestBuildOpRunsAppendOnlyRandomDeleteHeavyLatestWins","Output":"=== RUN   TestBuildOpRunsAppendOnlyRandomDeleteHeavyLatestWins\n"}
2026-10-06T18:28:07.2243787Z {"Time":"2026-10-06T18:28:07.2177813Z","Action":"output","Package":"github.com/snissn/gomap/TreeDB/caching","Test":"TestBuildOpRunsAppendOnlyRandomDeleteHeavyLatestWins","Output":"--- PASS: TestBuildOpRunsAppendOnlyRandomDeleteHeavyLatestWins (0.00s)\n"}
2026-10-06T18:28:07.2246602Z {"Time":"2026-10-06T18:28:07.2177813Z","Action":"pass","Package":"github.com/snissn/gomap/TreeDB/caching","Test":"TestBuildOpRunsAppendOnlyRandomDeleteHeavyLatestWins","Elapsed":0}
2026-10-06T18:28:07.2248527Z {"Time":"2026-10-06T18:28:07.2177813Z","Action":"run","Package":"github.com/snissn/gomap/TreeDB/caching","Test":"TestCanStreamCanonicalPointUnitsFromStableIteratorsRejectsFallbackCases"}
2026-10-06T18:28:07.2250756Z {"Time":"2026-10-06T18:28:07.2177813Z","Action":"output","Package":"github.com/snissn/gomap/TreeDB/caching","Test":"TestCanStreamCanonicalPointUnitsFromStableIteratorsRejectsFallbackCases","Output":"=== RUN   TestCanStreamCanonicalPointUnitsFromStableIteratorsRejectsFallbackCases\n"}
2026-10-06T18:28:07.2252941Z {"Time":"2026-10-06T18:28:07.2177813Z","Action":"output","Package":"github.com/snissn/gomap/TreeDB/caching","Test":"TestCanStreamCanonicalPointUnitsFromStableIteratorsRejectsFallbackCases","Output":"--- PASS: TestCanStreamCanonicalPointUnitsFromStableIteratorsRejectsFallbackCases (0.00s)\n"}
2026-10-06T18:28:07.2254719Z {"Time":"2026-10-06T18:28:07.2177813Z","Action":"pass","Package":"github.com/snissn/gomap/TreeDB/caching","Test":"TestCanStreamCanonicalPointUnitsFromStableIteratorsRejectsFallbackCases","Elapsed":0}
2026-10-06T18:28:07.2256205Z {"Time":"2026-10-06T18:28:07.2185387Z","Action":"run","Package":"github.com/snissn/gomap/TreeDB/caching","Test":"TestOpMergeHeapEightByteDuplicatePriorityAndTombstone"}
2026-10-06T18:28:07.2257674Z {"Time":"2026-10-06T18:28:07.2185387Z","Action":"output","Package":"github.com/snissn/gomap/TreeDB/caching","Test":"TestOpMergeHeapEightByteDuplicatePriorityAndTombstone","Output":"=== RUN   TestOpMergeHeapEightByteDuplicatePriorityAndTombstone\n"}
2026-10-06T18:28:07.2259489Z {"Time":"2026-10-06T18:28:07.2185387Z","Action":"output","Package":"github.com/snissn/gomap/TreeDB/caching","Test":"TestOpMergeHeapEightByteDuplicatePriorityAndTombstone","Output":"--- PASS: TestOpMergeHeapEightByteDuplicatePriorityAndTombstone (0.00s)\n"}
2026-10-06T18:28:07.2260996Z {"Time":"2026-10-06T18:28:07.2185387Z","Action":"pass","Package":"github.com/snissn/gomap/TreeDB/caching","Test":"TestOpMergeHeapEightByteDuplicatePriorityAndTombstone","Elapsed":0}
2026-10-06T18:28:07.2262308Z {"Time":"2026-10-06T18:28:07.2185387Z","Action":"run","Package":"github.com/snissn/gomap/TreeDB/caching","Test":"TestCachingDB_MultiLaneFlushDrainsQueue"}
2026-10-06T18:28:07.2263542Z {"Time":"2026-10-06T18:28:07.2185387Z","Action":"output","Package":"github.com/snissn/gomap/TreeDB/caching","Test":"TestCachingDB_MultiLaneFlushDrainsQueue","Output":"=== RUN   TestCachingDB_MultiLaneFlushDrainsQueue\n"}
2026-10-06T18:28:07.2675493Z {"Time":"2026-10-06T18:28:07.262999Z","Action":"output","Package":"github.com/snissn/gomap/TreeDB/caching","Test":"TestCachingDB_MultiLaneFlushDrainsQueue","Output":"--- PASS: TestCachingDB_MultiLaneFlushDrainsQueue (0.04s)\n"}
2026-10-06T18:28:07.2677153Z {"Time":"2026-10-06T18:28:07.262999Z","Action":"pass","Package":"github.com/snissn/gomap/TreeDB/caching","Test":"TestCachingDB_MultiLaneFlushDrainsQueue","Elapsed":0.04}
2026-10-06T18:28:07.2678195Z {"Time":"2026-10-06T18:28:07.262999Z","Action":"run","Package":"github.com/snissn/gomap/TreeDB/caching","Test":"TestFlushAllBlocksWhileFlushMuHeld"}
2026-10-06T18:28:07.2679659Z {"Time":"2026-10-06T18:28:07.262999Z","Action":"output","Package":"github.com/snissn/gomap/TreeDB/caching","Test":"TestFlushAllBlocksWhileFlushMuHeld","Output":"=== RUN   TestFlushAllBlocksWhileFlushMuHeld\n"}
2026-10-06T18:28:07.4433703Z {"Time":"2026-10-06T18:28:07.4408547Z","Action":"output","Package":"github.com/snissn/gomap/TreeDB/caching","Test":"TestFlushAllBlocksWhileFlushMuHeld","Output":"--- PASS: TestFlushAllBlocksWhileFlushMuHeld (0.18s)\n"}
2026-10-06T18:28:07.4436109Z {"Time":"2026-10-06T18:28:07.4408547Z","Action":"pass","Package":"github.com/snissn/gomap/TreeDB/caching","Test":"TestFlushAllBlocksWhileFlushMuHeld","Elapsed":0.18}
2026-10-06T18:28:07.4437984Z {"Time":"2026-10-06T18:28:07.4408547Z","Action":"run","Package":"github.com/snissn/gomap/TreeDB/caching","Test":"TestCachingDB_FlushSomeAndFlushAllStress"}
2026-10-06T18:28:07.4440248Z {"Time":"2026-10-06T18:28:07.4408547Z","Action":"output","Package":"github.com/snissn/gomap/TreeDB/caching","Test":"TestCachingDB_FlushSomeAndFlushAllStress","Output":"=== RUN   TestCachingDB_FlushSomeAndFlushAllStress\n"}
2026-10-06T18:28:08.7298080Z {"Time":"2026-10-06T18:28:08.7222042Z","Action":"output","Package":"github.com/snissn/gomap/TreeDB/caching","Test":"TestCachingDB_FlushSomeAndFlushAllStress","Output":"--- PASS: TestCachingDB_FlushSomeAndFlushAllStress (1.28s)\n"}
2026-10-06T18:28:08.7301955Z {"Time":"2026-10-06T18:28:08.7237011Z","Action":"pass","Package":"github.com/snissn/gomap/TreeDB/caching","Test":"TestCachingDB_FlushSomeAndFlushAllStress","Elapsed":1.28}
2026-10-06T18:28:08.7304123Z {"Time":"2026-10-06T18:28:08.7237011Z","Action":"run","Package":"github.com/snissn/gomap/TreeDB/caching","Test":"TestFlushCoordinatorHardOverloadFallsBackToForegroundAssist"}
2026-10-06T18:28:08.7307956Z {"Time":"2026-10-06T18:28:08.7237011Z","Action":"output","Package":"github.com/snissn/gomap/TreeDB/caching","Test":"TestFlushCoordinatorHardOverloadFallsBackToForegroundAssist","Output":"=== RUN   TestFlushCoordinatorHardOverloadFallsBackToForegroundAssist\n"}
2026-10-06T18:28:08.7312257Z {"Time":"2026-10-06T18:28:08.7237011Z","Action":"output","Package":"github.com/snissn/gomap/TreeDB/caching","Test":"TestFlushCoordinatorHardOverloadFallsBackToForegroundAssist","Output":"--- PASS: TestFlushCoordinatorHardOverloadFallsBackToForegroundAssist (0.00s)\n"}
2026-10-06T18:28:08.7315343Z {"Time":"2026-10-06T18:28:08.7237011Z","Action":"pass","Package":"github.com/snissn/gomap/TreeDB/caching","Test":"TestFlushCoordinatorHardOverloadFallsBackToForegroundAssist","Elapsed":0}
2026-10-06T18:28:08.7318616Z {"Time":"2026-10-06T18:28:08.7237011Z","Action":"run","Package":"github.com/snissn/gomap/TreeDB/caching","Test":"TestFlushCoordinatorFlushErrorRemovesActiveCredit"}
2026-10-06T18:28:08.7321234Z {"Time":"2026-10-06T18:28:08.7237011Z","Action":"output","Package":"github.com/snissn/gomap/TreeDB/caching","Test":"TestFlushCoordinatorFlushErrorRemovesActiveCredit","Output":"=== RUN   TestFlushCoordinatorFlushErrorRemovesActiveCredit\n"}
2026-10-06T18:28:08.7325121Z {"Time":"2026-10-06T18:28:08.7237011Z","Action":"output","Package":"github.com/snissn/gomap/TreeDB/caching","Test":"TestFlushCoordinatorFlushErrorRemovesActiveCredit","Output":"--- PASS: TestFlushCoordinatorFlushErrorRemovesActiveCredit (0.00s)\n"}
2026-10-06T18:28:08.7327674Z {"Time":"2026-10-06T18:28:08.7237011Z","Action":"pass","Package":"github.com/snissn/gomap/TreeDB/caching","Test":"TestFlushCoordinatorFlushErrorRemovesActiveCredit","Elapsed":0}
2026-10-06T18:28:08.7330501Z {"Time":"2026-10-06T18:28:08.7237011Z","Action":"run","Package":"github.com/snissn/gomap/TreeDB/caching","Test":"TestFlushCoordinatorCloseDrainsQueuedWork"}
2026-10-06T18:28:08.7332758Z {"Time":"2026-10-06T18:28:08.7237011Z","Action":"output","Package":"github.com/snissn/gomap/TreeDB/caching","Test":"TestFlushCoordinatorCloseDrainsQueuedWork","Output":"=== RUN   TestFlushCoordinatorCloseDrainsQueuedWork\n"}
2026-10-06T18:28:08.7336949Z {"Time":"2026-10-06T18:28:08.728816Z","Action":"output","Package":"github.com/snissn/gomap/TreeDB/caching","Test":"TestFlushCoordinatorCloseDrainsQueuedWork","Output":"--- PASS: TestFlushCoordinatorCloseDrainsQueuedWork (0.01s)\n"}
2026-10-06T18:28:08.7340336Z {"Time":"2026-10-06T18:28:08.728816Z","Action":"pass","Package":"github.com/snissn/gomap/TreeDB/caching","Test":"TestFlushCoordinatorCloseDrainsQueuedWork","Elapsed":0.01}
2026-10-06T18:28:08.7343159Z {"Time":"2026-10-06T18:28:08.7292774Z","Action":"run","Package":"github.com/snissn/gomap/TreeDB/caching","Test":"TestCachingDB_FlushAllParallelBuildCombinesMemtables"}
2026-10-06T18:28:08.7344596Z {"Time":"2026-10-06T18:28:08.7292774Z","Action":"output","Package":"github.com/snissn/gomap/TreeDB/caching","Test":"TestCachingDB_FlushAllParallelBuildCombinesMemtables","Output":"=== RUN   TestCachingDB_FlushAllParallelBuildCombinesMemtables\n"}
2026-10-06T18:28:08.8552299Z {"Time":"2026-10-06T18:28:08.8452311Z","Action":"output","Package":"github.com/snissn/gomap/TreeDB/caching","Test":"TestCachingDB_FlushAllParallelBuildCombinesMemtables","Output":"--- PASS: TestCachingDB_FlushAllParallelBuildCombinesMemtables (0.12s)\n"}
2026-10-06T18:28:08.8555649Z {"Time":"2026-10-06T18:28:08.8452311Z","Action":"pass","Package":"github.com/snissn/gomap/TreeDB/caching","Test":"TestCachingDB_FlushAllParallelBuildCombinesMemtables","Elapsed":0.12}
2026-10-06T18:28:08.8556924Z {"Time":"2026-10-06T18:28:08.8452311Z","Action":"run","Package":"github.com/snissn/gomap/TreeDB/caching","Test":"TestPutEntryRunsClearsReferences"}
2026-10-06T18:28:08.8558139Z {"Time":"2026-10-06T18:28:08.8452311Z","Action":"output","Package":"github.com/snissn/gomap/TreeDB/caching","Test":"TestPutEntryRunsClearsReferences","Output":"=== RUN   TestPutEntryRunsClearsReferences\n"}
2026-10-06T18:28:08.8559942Z {"Time":"2026-10-06T18:28:08.8452311Z","Action":"output","Package":"github.com/snissn/gomap/TreeDB/caching","Test":"TestPutEntryRunsClearsReferences","Output":"--- PASS: TestPutEntryRunsClearsReferences (0.00s)\n"}
2026-10-06T18:28:08.8561213Z {"Time":"2026-10-06T18:28:08.8452311Z","Action":"pass","Package":"github.com/snissn/gomap/TreeDB/caching","Test":"TestPutEntryRunsClearsReferences","Elapsed":0}
2026-10-06T18:28:08.8562185Z {"Time":"2026-10-06T18:28:08.8452311Z","Action":"run","Package":"github.com/snissn/gomap/TreeDB/caching","Test":"TestBuildOpRunsChunking"}
2026-10-06T18:28:08.8563249Z {"Time":"2026-10-06T18:28:08.8452311Z","Action":"output","Package":"github.com/snissn/gomap/TreeDB/caching","Test":"TestBuildOpRunsChunking","Output":"=== RUN   TestBuildOpRunsChunking\n"}
2026-10-06T18:28:08.8564570Z {"Time":"2026-10-06T18:28:08.8452311Z","Action":"output","Package":"github.com/snissn/gomap/TreeDB/caching","Test":"TestBuildOpRunsChunking","Output":"--- PASS: TestBuildOpRunsChunking (0.00s)\n"}
2026-10-06T18:28:08.8566083Z {"Time":"2026-10-06T18:28:08.8452311Z","Action":"pass","Package":"github.com/snissn/gomap/TreeDB/caching","Test":"TestBuildOpRunsChunking","Elapsed":0}
2026-10-06T18:28:08.8567146Z {"Time":"2026-10-06T18:28:08.8452311Z","Action":"run","Package":"github.com/snissn/gomap/TreeDB/caching","Test":"TestFlushDeferredValueLogMemtableReservesBackendBatch"}
2026-10-06T18:28:08.8568772Z {"Time":"2026-10-06T18:28:08.8452311Z","Action":"output","Package":"github.com/snissn/gomap/TreeDB/caching","Test":"TestFlushDeferredValueLogMemtableReservesBackendBatch","Output":"=== RUN   TestFlushDeferredValueLogMemtableReservesBackendBatch\n"}
2026-10-06T18:28:08.8570988Z {"Time":"2026-10-06T18:28:08.8452311Z","Action":"output","Package":"github.com/snissn/gomap/TreeDB/caching","Test":"TestFlushDeferredValueLogMemtableReservesBackendBatch","Output":"--- PASS: TestFlushDeferredValueLogMemtableReservesBackendBatch (0.00s)\n"}
2026-10-06T18:28:08.8572506Z {"Time":"2026-10-06T18:28:08.8452311Z","Action":"pass","Package":"github.com/snissn/gomap/TreeDB/caching","Test":"TestFlushDeferredValueLogMemtableReservesBackendBatch","Elapsed":0}
2026-10-06T18:28:08.8573938Z {"Time":"2026-10-06T18:28:08.8459562Z","Action":"run","Package":"github.com/snissn/gomap/TreeDB/caching","Test":"TestOuterLeafArenaLeaseRoundTripWithOversizeReuse"}
2026-10-06T18:28:08.8575471Z {"Time":"2026-10-06T18:28:08.8459562Z","Action":"output","Package":"github.com/snissn/gomap/TreeDB/caching","Test":"TestOuterLeafArenaLeaseRoundTripWithOversizeReuse","Output":"=== RUN   TestOuterLeafArenaLeaseRoundTripWithOversizeReuse\n"}
2026-10-06T18:28:08.8577646Z {"Time":"2026-10-06T18:28:08.8459562Z","Action":"output","Package":"github.com/snissn/gomap/TreeDB/caching","Test":"TestOuterLeafArenaLeaseRoundTripWithOversizeReuse","Output":"--- PASS: TestOuterLeafArenaLeaseRoundTripWithOversizeReuse (0.00s)\n"}
2026-10-06T18:28:08.8579107Z {"Time":"2026-10-06T18:28:08.8459562Z","Action":"pass","Package":"github.com/snissn/gomap/TreeDB/caching","Test":"TestOuterLeafArenaLeaseRoundTripWithOversizeReuse","Elapsed":0}
2026-10-06T18:28:08.8580225Z {"Time":"2026-10-06T18:28:08.8459562Z","Action":"run","Package":"github.com/snissn/gomap/TreeDB/caching","Test":"TestEntrySliceLeaseRoundTripWithOversizeReuse"}
2026-10-06T18:28:08.8581808Z {"Time":"2026-10-06T18:28:08.8459562Z","Action":"output","Package":"github.com/snissn/gomap/TreeDB/caching","Test":"TestEntrySliceLeaseRoundTripWithOversizeReuse","Output":"=== RUN   TestEntrySliceLeaseRoundTripWithOversizeReuse\n"}
2026-10-06T18:28:08.8583629Z {"Time":"2026-10-06T18:28:08.8459562Z","Action":"output","Package":"github.com/snissn/gomap/TreeDB/caching","Test":"TestEntrySliceLeaseRoundTripWithOversizeReuse","Output":"--- PASS: TestEntrySliceLeaseRoundTripWithOversizeReuse (0.00s)\n"}
2026-10-06T18:28:08.8585023Z {"Time":"2026-10-06T18:28:08.8459562Z","Action":"pass","Package":"github.com/snissn/gomap/TreeDB/caching","Test":"TestEntrySliceLeaseRoundTripWithOversizeReuse","Elapsed":0}
2026-10-06T18:28:08.8586159Z {"Time":"2026-10-06T18:28:08.8459562Z","Action":"run","Package":"github.com/snissn/gomap/TreeDB/caching","Test":"TestEntrySliceLeaseRejectsRoundedBucketAbovePressureCap"}
2026-10-06T18:28:08.8589108Z {"Time":"2026-10-06T18:28:08.8459562Z","Action":"output","Package":"github.com/snissn/gomap/TreeDB/caching","Test":"TestEntrySliceLeaseRejectsRoundedBucketAbovePressureCap","Output":"=== RUN   TestEntrySliceLeaseRejectsRoundedBucketAbovePressureCap\n"}
2026-10-06T18:28:08.8592540Z {"Time":"2026-10-06T18:28:08.8492521Z","Action":"output","Package":"github.com/snissn/gomap/TreeDB/caching","Test":"TestEntrySliceLeaseRejectsRoundedBucketAbovePressureCap","Output":"--- PASS: TestEntrySliceLeaseRejectsRoundedBucketAbovePressureCap (0.00s)\n"}
2026-10-06T18:28:08.8595462Z {"Time":"2026-10-06T18:28:08.8492521Z","Action":"pass","Package":"github.com/snissn/gomap/TreeDB/caching","Test":"TestEntrySliceLeaseRejectsRoundedBucketAbovePressureCap","Elapsed":0}
2026-10-06T18:28:08.8597519Z {"Time":"2026-10-06T18:28:08.8492521Z","Action":"run","Package":"github.com/snissn/gomap/TreeDB/caching","Test":"TestPutEntrySliceBudgetCapsRetention"}
2026-10-06T18:28:08.8599839Z {"Time":"2026-10-06T18:28:08.8492521Z","Action":"output","Package":"github.com/snissn/gomap/TreeDB/caching","Test":"TestPutEntrySliceBudgetCapsRetention","Output":"=== RUN   TestPutEntrySliceBudgetCapsRetention\n"}
2026-10-06T18:28:08.8602575Z {"Time":"2026-10-06T18:28:08.8492521Z","Action":"output","Package":"github.com/snissn/gomap/TreeDB/caching","Test":"TestPutEntrySliceBudgetCapsRetention","Output":"--- PASS: TestPutEntrySliceBudgetCapsRetention (0.00s)\n"}
2026-10-06T18:28:08.8605259Z {"Time":"2026-10-06T18:28:08.8492521Z","Action":"pass","Package":"github.com/snissn/gomap/TreeDB/caching","Test":"TestPutEntrySliceBudgetCapsRetention","Elapsed":0}
2026-10-06T18:28:08.8607504Z {"Time":"2026-10-06T18:28:08.8492521Z","Action":"run","Package":"github.com/snissn/gomap/TreeDB/caching","Test":"TestMaybeResetEntrySlicePoolBytesAfterGC_FirstEpochKeepsAccountedBytes"}
2026-10-06T18:28:08.8610863Z {"Time":"2026-10-06T18:28:08.8492521Z","Action":"output","Package":"github.com/snissn/gomap/TreeDB/caching","Test":"TestMaybeResetEntrySlicePoolBytesAfterGC_FirstEpochKeepsAccountedBytes","Output":"=== RUN   TestMaybeResetEntrySlicePoolBytesAfterGC_FirstEpochKeepsAccountedBytes\n"}
2026-10-06T18:28:08.8615932Z {"Time":"2026-10-06T18:28:08.8492521Z","Action":"output","Package":"github.com/snissn/gomap/TreeDB/caching","Test":"TestMaybeResetEntrySlicePoolBytesAfterGC_FirstEpochKeepsAccountedBytes","Output":"--- PASS: TestMaybeResetEntrySlicePoolBytesAfterGC_FirstEpochKeepsAccountedBytes (0.00s)\n"}
2026-10-06T18:28:08.8619161Z {"Time":"2026-10-06T18:28:08.8499354Z","Action":"pass","Package":"github.com/snissn/gomap/TreeDB/caching","Test":"TestMaybeResetEntrySlicePoolBytesAfterGC_FirstEpochKeepsAccountedBytes","Elapsed":0}
2026-10-06T18:28:08.8621335Z {"Time":"2026-10-06T18:28:08.8499354Z","Action":"run","Package":"github.com/snissn/gomap/TreeDB/caching","Test":"TestOuterLeafArenaMaxReuseCapClampOverflow"}
2026-10-06T18:28:08.8623708Z {"Time":"2026-10-06T18:28:08.8499354Z","Action":"output","Package":"github.com/snissn/gomap/TreeDB/caching","Test":"TestOuterLeafArenaMaxReuseCapClampOverflow","Output":"=== RUN   TestOuterLeafArenaMaxReuseCapClampOverflow\n"}
2026-10-06T18:28:08.8626592Z {"Time":"2026-10-06T18:28:08.8499354Z","Action":"output","Package":"github.com/snissn/gomap/TreeDB/caching","Test":"TestOuterLeafArenaMaxReuseCapClampOverflow","Output":"--- PASS: TestOuterLeafArenaMaxReuseCapClampOverflow (0.00s)\n"}
2026-10-06T18:28:08.8629086Z {"Time":"2026-10-06T18:28:08.8499354Z","Action":"pass","Package":"github.com/snissn/gomap/TreeDB/caching","Test":"TestOuterLeafArenaMaxReuseCapClampOverflow","Elapsed":0}
2026-10-06T18:28:08.8631230Z {"Time":"2026-10-06T18:28:08.8499354Z","Action":"run","Package":"github.com/snissn/gomap/TreeDB/caching","Test":"TestAppendOnlyMemtableLeaseReuse"}
2026-10-06T18:28:08.8633364Z {"Time":"2026-10-06T18:28:08.8499354Z","Action":"output","Package":"github.com/snissn/gomap/TreeDB/caching","Test":"TestAppendOnlyMemtableLeaseReuse","Output":"=== RUN   TestAppendOnlyMemtableLeaseReuse\n"}
2026-10-06T18:28:08.8635954Z {"Time":"2026-10-06T18:28:08.8499354Z","Action":"output","Package":"github.com/snissn/gomap/TreeDB/caching","Test":"TestAppendOnlyMemtableLeaseReuse","Output":"--- PASS: TestAppendOnlyMemtableLeaseReuse (0.00s)\n"}
2026-10-06T18:28:08.8638172Z {"Time":"2026-10-06T18:28:08.8499354Z","Action":"pass","Package":"github.com/snissn/gomap/TreeDB/caching","Test":"TestAppendOnlyMemtableLeaseReuse","Elapsed":0}
2026-10-06T18:28:08.8640219Z {"Time":"2026-10-06T18:28:08.8499354Z","Action":"run","Package":"github.com/snissn/gomap/TreeDB/caching","Test":"TestFlushLaneOnce_UsesPointerViewForCanonicalizedUnstableIterators"}
2026-10-06T18:28:08.8643112Z {"Time":"2026-10-06T18:28:08.8499354Z","Action":"output","Package":"github.com/snissn/gomap/TreeDB/caching","Test":"TestFlushLaneOnce_UsesPointerViewForCanonicalizedUnstableIterators","Output":"=== RUN   TestFlushLaneOnce_UsesPointerViewForCanonicalizedUnstableIterators\n"}
2026-10-06T18:28:08.9495859Z {"Time":"2026-10-06T18:28:08.9484462Z","Action":"output","Package":"github.com/snissn/gomap/TreeDB/caching","Test":"TestFlushLaneOnce_UsesPointerViewForCanonicalizedUnstableIterators","Output":"--- PASS: TestFlushLaneOnce_UsesPointerViewForCanonicalizedUnstableIterators (0.10s)\n"}
2026-10-06T18:28:08.9500583Z {"Time":"2026-10-06T18:28:08.9484462Z","Action":"pass","Package":"github.com/snissn/gomap/TreeDB/caching","Test":"TestFlushLaneOnce_UsesPointerViewForCanonicalizedUnstableIterators","Elapsed":0.1}
2026-10-06T18:28:08.9649307Z {"Time":"2026-10-06T18:28:08.9496503Z","Action":"run","Package":"github.com/snissn/gomap/TreeDB/caching","Test":"TestGetMany_MemtablePointerValues_DefensiveCopyAndCapacityCapped"}
2026-10-06T18:28:08.9651396Z {"Time":"2026-10-06T18:28:08.9496503Z","Action":"output","Package":"github.com/snissn/gomap/TreeDB/caching","Test":"TestGetMany_MemtablePointerValues_DefensiveCopyAndCapacityCapped","Output":"=== RUN   TestGetMany_MemtablePointerValues_DefensiveCopyAndCapacityCapped\n"}
2026-10-06T18:28:09.1201450Z {"Time":"2026-10-06T18:28:09.1122515Z","Action":"output","Package":"github.com/snissn/gomap/TreeDB/caching","Test":"TestGetMany_MemtablePointerValues_DefensiveCopyAndCapacityCapped","Output":"--- PASS: TestGetMany_MemtablePointerValues_DefensiveCopyAndCapacityCapped (0.16s)\n"}
2026-10-06T18:28:09.1204022Z {"Time":"2026-10-06T18:28:09.1127073Z","Action":"pass","Package":"github.com/snissn/gomap/TreeDB/caching","Test":"TestGetMany_MemtablePointerValues_DefensiveCopyAndCapacityCapped","Elapsed":0.16}
2026-10-06T18:28:09.1205864Z {"Time":"2026-10-06T18:28:09.1127073Z","Action":"run","Package":"github.com/snissn/gomap/TreeDB/caching","Test":"TestIterator_BackendOnlyFastPathUsesBackendIterator"}
2026-10-06T18:28:09.1207454Z {"Time":"2026-10-06T18:28:09.1127073Z","Action":"output","Package":"github.com/snissn/gomap/TreeDB/caching","Test":"TestIterator_BackendOnlyFastPathUsesBackendIterator","Output":"=== RUN   TestIterator_BackendOnlyFastPathUsesBackendIterator\n"}
2026-10-06T18:28:09.1209179Z {"Time":"2026-10-06T18:28:09.118531Z","Action":"output","Package":"github.com/snissn/gomap/TreeDB/caching","Test":"TestIterator_BackendOnlyFastPathUsesBackendIterator","Output":"--- PASS: TestIterator_BackendOnlyFastPathUsesBackendIterator (0.01s)\n"}
2026-10-06T18:28:09.1210949Z {"Time":"2026-10-06T18:28:09.118531Z","Action":"pass","Package":"github.com/snissn/gomap/TreeDB/caching","Test":"TestIterator_BackendOnlyFastPathUsesBackendIterator","Elapsed":0.01}
2026-10-06T18:28:09.1212612Z {"Time":"2026-10-06T18:28:09.118531Z","Action":"run","Package":"github.com/snissn/gomap/TreeDB/caching","Test":"TestIterator_IncludesCachedWrites_ValuePointers"}
2026-10-06T18:28:09.1214932Z {"Time":"2026-10-06T18:28:09.118531Z","Action":"output","Package":"github.com/snissn/gomap/TreeDB/caching","Test":"TestIterator_IncludesCachedWrites_ValuePointers","Output":"=== RUN   TestIterator_IncludesCachedWrites_ValuePointers\n"}
2026-10-06T18:28:09.1675090Z {"Time":"2026-10-06T18:28:09.1623374Z","Action":"output","Package":"github.com/snissn/gomap/TreeDB/caching","Test":"TestIterator_IncludesCachedWrites_ValuePointers","Output":"--- PASS: TestIterator_IncludesCachedWrites_ValuePointers (0.04s)\n"}
2026-10-06T18:28:09.1678639Z {"Time":"2026-10-06T18:28:09.1623374Z","Action":"pass","Package":"github.com/snissn/gomap/TreeDB/caching","Test":"TestIterator_IncludesCachedWrites_ValuePointers","Elapsed":0.04}
2026-10-06T18:28:09.1681720Z {"Time":"2026-10-06T18:28:09.1623374Z","Action":"run","Package":"github.com/snissn/gomap/TreeDB/caching","Test":"TestRetiredMemtableHoldWaitsForUntrackedRetainAfterTrackedRelease"}
2026-10-06T18:28:09.1684823Z {"Time":"2026-10-06T18:28:09.1623374Z","Action":"output","Package":"github.com/snissn/gomap/TreeDB/caching","Test":"TestRetiredMemtableHoldWaitsForUntrackedRetainAfterTrackedRelease","Output":"=== RUN   TestRetiredMemtableHoldWaitsForUntrackedRetainAfterTrackedRelease\n"}
2026-10-06T18:28:09.1827891Z {"Time":"2026-10-06T18:28:09.1817813Z","Action":"output","Package":"github.com/snissn/gomap/TreeDB/caching","Test":"TestRetiredMemtableHoldWaitsForUntrackedRetainAfterTrackedRelease","Output":"--- PASS: TestRetiredMemtableHoldWaitsForUntrackedRetainAfterTrackedRelease (0.02s)\n"}
2026-10-06T18:28:09.1831187Z {"Time":"2026-10-06T18:28:09.1817813Z","Action":"pass","Package":"github.com/snissn/gomap/TreeDB/caching","Test":"TestRetiredMemtableHoldWaitsForUntrackedRetainAfterTrackedRelease","Elapsed":0.02}
2026-10-06T18:28:09.1833721Z {"Time":"2026-10-06T18:28:09.1823652Z","Action":"run","Package":"github.com/snissn/gomap/TreeDB/caching","Test":"TestIterator_BackendErrorClosesQueuedIterators"}
2026-10-06T18:28:09.1836145Z {"Time":"2026-10-06T18:28:09.1823652Z","Action":"output","Package":"github.com/snissn/gomap/TreeDB/caching","Test":"TestIterator_BackendErrorClosesQueuedIterators","Output":"=== RUN   TestIterator_BackendErrorClosesQueuedIterators\n"}
2026-10-06T18:28:09.2137164Z {"Time":"2026-10-06T18:28:09.2006473Z","Action":"output","Package":"github.com/snissn/gomap/TreeDB/caching","Test":"TestIterator_BackendErrorClosesQueuedIterators","Output":"--- PASS: TestIterator_BackendErrorClosesQueuedIterators (0.02s)\n"}
2026-10-06T18:28:09.2140813Z {"Time":"2026-10-06T18:28:09.2006473Z","Action":"pass","Package":"github.com/snissn/gomap/TreeDB/caching","Test":"TestIterator_BackendErrorClosesQueuedIterators","Elapsed":0.02}
2026-10-06T18:28:09.2145398Z {"Time":"2026-10-06T18:28:09.2006473Z","Action":"run","Package":"github.com/snissn/gomap/TreeDB/caching","Test":"TestRotateWithCapacity_EnqueuesOnlyNonEmptyShards"}
2026-10-06T18:28:09.2148825Z {"Time":"2026-10-06T18:28:09.2006473Z","Action":"output","Package":"github.com/snissn/gomap/TreeDB/caching","Test":"TestRotateWithCapacity_EnqueuesOnlyNonEmptyShards","Output":"=== RUN   TestRotateWithCapacity_EnqueuesOnlyNonEmptyShards\n"}
2026-10-06T18:28:09.2291303Z {"Time":"2026-10-06T18:28:09.2197682Z","Action":"output","Package":"github.com/snissn/gomap/TreeDB/caching","Test":"TestRotateWithCapacity_EnqueuesOnlyNonEmptyShards","Output":"--- PASS: TestRotateWithCapacity_EnqueuesOnlyNonEmptyShards (0.02s)\n"}
2026-10-06T18:28:09.2294351Z {"Time":"2026-10-06T18:28:09.2197682Z","Action":"pass","Package":"github.com/snissn/gomap/TreeDB/caching","Test":"TestRotateWithCapacity_EnqueuesOnlyNonEmptyShards","Elapsed":0.02}
2026-10-06T18:28:09.2296430Z {"Time":"2026-10-06T18:28:09.2202097Z","Action":"run","Package":"github.com/snissn/gomap/TreeDB/caching","Test":"TestOpenStatsExposeExplicitJournalLaneOverride"}
2026-10-06T18:28:09.2298918Z {"Time":"2026-10-06T18:28:09.2202097Z","Action":"output","Package":"github.com/snissn/gomap/TreeDB/caching","Test":"TestOpenStatsExposeExplicitJournalLaneOverride","Output":"=== RUN   TestOpenStatsExposeExplicitJournalLaneOverride\n"}
2026-10-06T18:28:09.5295678Z {"Time":"2026-10-06T18:28:09.5178824Z","Action":"output","Package":"github.com/snissn/gomap/TreeDB/caching","Test":"TestOpenStatsExposeExplicitJournalLaneOverride","Output":"--- PASS: TestOpenStatsExposeExplicitJournalLaneOverride (0.30s)\n"}
2026-10-06T18:28:09.5297254Z {"Time":"2026-10-06T18:28:09.51854Z","Action":"pass","Package":"github.com/snissn/gomap/TreeDB/caching","Test":"TestOpenStatsExposeExplicitJournalLaneOverride","Elapsed":0.3}
2026-10-06T18:28:09.5298676Z {"Time":"2026-10-06T18:28:09.51854Z","Action":"run","Package":"github.com/snissn/gomap/TreeDB/caching","Test":"TestLeafGenerationPackReclaimPerByteCopiedPPM_OverflowSafe"}
2026-10-06T18:28:09.5300988Z {"Time":"2026-10-06T18:28:09.51854Z","Action":"output","Package":"github.com/snissn/gomap/TreeDB/caching","Test":"TestLeafGenerationPackReclaimPerByteCopiedPPM_OverflowSafe","Output":"=== RUN   TestLeafGenerationPackReclaimPerByteCopiedPPM_OverflowSafe\n"}
2026-10-06T18:28:09.5303751Z {"Time":"2026-10-06T18:28:09.51854Z","Action":"output","Package":"github.com/snissn/gomap/TreeDB/caching","Test":"TestLeafGenerationPackReclaimPerByteCopiedPPM_OverflowSafe","Output":"--- PASS: TestLeafGenerationPackReclaimPerByteCopiedPPM_OverflowSafe (0.00s)\n"}
2026-10-06T18:28:09.5305289Z {"Time":"2026-10-06T18:28:09.51854Z","Action":"pass","Package":"github.com/snissn/gomap/TreeDB/caching","Test":"TestLeafGenerationPackReclaimPerByteCopiedPPM_OverflowSafe","Elapsed":0}
2026-10-06T18:28:09.5306474Z {"Time":"2026-10-06T18:28:09.51854Z","Action":"run","Package":"github.com/snissn/gomap/TreeDB/caching","Test":"TestCachingLeafPageLogConcurrentSequenceReservations"}
2026-10-06T18:28:09.5308298Z {"Time":"2026-10-06T18:28:09.51854Z","Action":"output","Package":"github.com/snissn/gomap/TreeDB/caching","Test":"TestCachingLeafPageLogConcurrentSequenceReservations","Output":"=== RUN   TestCachingLeafPageLogConcurrentSequenceReservations\n"}
2026-10-06T18:28:09.5310322Z {"Time":"2026-10-06T18:28:09.5208156Z","Action":"output","Package":"github.com/snissn/gomap/TreeDB/caching","Test":"TestCachingLeafPageLogConcurrentSequenceReservations","Output":"--- PASS: TestCachingLeafPageLogConcurrentSequenceReservations (0.00s)\n"}
2026-10-06T18:28:09.5311848Z {"Time":"2026-10-06T18:28:09.5213858Z","Action":"pass","Package":"github.com/snissn/gomap/TreeDB/caching","Test":"TestCachingLeafPageLogConcurrentSequenceReservations","Elapsed":0}
2026-10-06T18:28:09.5313285Z {"Time":"2026-10-06T18:28:09.5213858Z","Action":"run","Package":"github.com/snissn/gomap/TreeDB/caching","Test":"TestValueLogLaneForFileID_LeafAppendLookupDoesNotAllocate"}
2026-10-06T18:28:09.5315469Z {"Time":"2026-10-06T18:28:09.5213858Z","Action":"output","Package":"github.com/snissn/gomap/TreeDB/caching","Test":"TestValueLogLaneForFileID_LeafAppendLookupDoesNotAllocate","Output":"=== RUN   TestValueLogLaneForFileID_LeafAppendLookupDoesNotAllocate\n"}
2026-10-06T18:28:09.5317355Z {"Time":"2026-10-06T18:28:09.5213858Z","Action":"output","Package":"github.com/snissn/gomap/TreeDB/caching","Test":"TestValueLogLaneForFileID_LeafAppendLookupDoesNotAllocate","Output":"--- PASS: TestValueLogLaneForFileID_LeafAppendLookupDoesNotAllocate (0.00s)\n"}
2026-10-06T18:28:09.5318906Z {"Time":"2026-10-06T18:28:09.5213858Z","Action":"pass","Package":"github.com/snissn/gomap/TreeDB/caching","Test":"TestValueLogLaneForFileID_LeafAppendLookupDoesNotAllocate","Elapsed":0}
2026-10-06T18:28:09.5320286Z {"Time":"2026-10-06T18:28:09.5213858Z","Action":"run","Package":"github.com/snissn/gomap/TreeDB/caching","Test":"TestCachingLeafPageLog_SyncRespectsRelaxedSync"}
2026-10-06T18:28:09.5321602Z {"Time":"2026-10-06T18:28:09.5213858Z","Action":"output","Package":"github.com/snissn/gomap/TreeDB/caching","Test":"TestCachingLeafPageLog_SyncRespectsRelaxedSync","Output":"=== RUN   TestCachingLeafPageLog_SyncRespectsRelaxedSync\n"}
2026-10-06T18:28:09.5323181Z {"Time":"2026-10-06T18:28:09.5236072Z","Action":"output","Package":"github.com/snissn/gomap/TreeDB/caching","Test":"TestCachingLeafPageLog_SyncRespectsRelaxedSync","Output":"--- PASS: TestCachingLeafPageLog_SyncRespectsRelaxedSync (0.00s)\n"}
2026-10-06T18:28:09.5324550Z {"Time":"2026-10-06T18:28:09.5236072Z","Action":"pass","Package":"github.com/snissn/gomap/TreeDB/caching","Test":"TestCachingLeafPageLog_SyncRespectsRelaxedSync","Elapsed":0}
2026-10-06T18:28:09.5325918Z {"Time":"2026-10-06T18:28:09.5239266Z","Action":"run","Package":"github.com/snissn/gomap/TreeDB/caching","Test":"TestCachingLeafPageLog_AppendLeafPagesGroupsPointersAndPayloads"}
2026-10-06T18:28:09.5327456Z {"Time":"2026-10-06T18:28:09.5239266Z","Action":"output","Package":"github.com/snissn/gomap/TreeDB/caching","Test":"TestCachingLeafPageLog_AppendLeafPagesGroupsPointersAndPayloads","Output":"=== RUN   TestCachingLeafPageLog_AppendLeafPagesGroupsPointersAndPayloads\n"}
2026-10-06T18:28:09.5329694Z {"Time":"2026-10-06T18:28:09.526358Z","Action":"output","Package":"github.com/snissn/gomap/TreeDB/caching","Test":"TestCachingLeafPageLog_AppendLeafPagesGroupsPointersAndPayloads","Output":"--- PASS: TestCachingLeafPageLog_AppendLeafPagesGroupsPointersAndPayloads (0.00s)\n"}
2026-10-06T18:28:09.5332234Z {"Time":"2026-10-06T18:28:09.526358Z","Action":"pass","Package":"github.com/snissn/gomap/TreeDB/caching","Test":"TestCachingLeafPageLog_AppendLeafPagesGroupsPointersAndPayloads","Elapsed":0}
2026-10-06T18:28:09.5333467Z {"Time":"2026-10-06T18:28:09.5269037Z","Action":"run","Package":"github.com/snissn/gomap/TreeDB/caching","Test":"TestCachingSpanNativeLeafLogOutputUsesSelectedLanes"}
2026-10-06T18:28:09.5334896Z {"Time":"2026-10-06T18:28:09.5269037Z","Action":"output","Package":"github.com/snissn/gomap/TreeDB/caching","Test":"TestCachingSpanNativeLeafLogOutputUsesSelectedLanes","Output":"=== RUN   TestCachingSpanNativeLeafLogOutputUsesSelectedLanes\n"}
2026-10-06T18:28:10.6947040Z {"Time":"2026-10-06T18:28:10.6929195Z","Action":"output","Package":"github.com/snissn/gomap/TreeDB/caching","Test":"TestCachingSpanNativeLeafLogOutputUsesSelectedLanes","Output":"--- PASS: TestCachingSpanNativeLeafLogOutputUsesSelectedLanes (1.17s)\n"}
2026-10-06T18:28:10.6951592Z {"Time":"2026-10-06T18:28:10.6929195Z","Action":"pass","Package":"github.com/snissn/gomap/TreeDB/caching","Test":"TestCachingSpanNativeLeafLogOutputUsesSelectedLanes","Elapsed":1.17}
2026-10-06T18:28:10.6956564Z {"Time":"2026-10-06T18:28:10.6934886Z","Action":"run","Package":"github.com/snissn/gomap/TreeDB/caching","Test":"TestCachingLeafPageLogLaneMaintenanceAdvanceUsesUniqueSequences"}
2026-10-06T18:28:10.6960235Z {"Time":"2026-10-06T18:28:10.6934886Z","Action":"output","Package":"github.com/snissn/gomap/TreeDB/caching","Test":"TestCachingLeafPageLogLaneMaintenanceAdvanceUsesUniqueSequences","Output":"=== RUN   TestCachingLeafPageLogLaneMaintenanceAdvanceUsesUniqueSequences\n"}
2026-10-06T18:28:11.0713987Z {"Time":"2026-10-06T18:28:11.0568032Z","Action":"output","Package":"github.com/snissn/gomap/TreeDB/caching","Test":"TestCachingLeafPageLogLaneMaintenanceAdvanceUsesUniqueSequences","Output":"--- PASS: TestCachingLeafPageLogLaneMaintenanceAdvanceUsesUniqueSequences (0.36s)\n"}
2026-10-06T18:28:11.0717330Z {"Time":"2026-10-06T18:28:11.0568032Z","Action":"pass","Package":"github.com/snissn/gomap/TreeDB/caching","Test":"TestCachingLeafPageLogLaneMaintenanceAdvanceUsesUniqueSequences","Elapsed":0.36}
2026-10-06T18:28:11.0720204Z {"Time":"2026-10-06T18:28:11.0568032Z","Action":"run","Package":"github.com/snissn/gomap/TreeDB/caching","Test":"TestCollectLeafRefValueLogLiveIDs_RespectsCanceledContext"}
2026-10-06T18:28:11.0722899Z {"Time":"2026-10-06T18:28:11.0568032Z","Action":"output","Package":"github.com/snissn/gomap/TreeDB/caching","Test":"TestCollectLeafRefValueLogLiveIDs_RespectsCanceledContext","Output":"=== RUN   TestCollectLeafRefValueLogLiveIDs_RespectsCanceledContext\n"}
2026-10-06T18:28:11.0726820Z {"Time":"2026-10-06T18:28:11.0568032Z","Action":"output","Package":"github.com/snissn/gomap/TreeDB/caching","Test":"TestCollectLeafRefValueLogLiveIDs_RespectsCanceledContext","Output":"--- PASS: TestCollectLeafRefValueLogLiveIDs_RespectsCanceledContext (0.00s)\n"}
2026-10-06T18:28:11.0730017Z {"Time":"2026-10-06T18:28:11.0568032Z","Action":"pass","Package":"github.com/snissn/gomap/TreeDB/caching","Test":"TestCollectLeafRefValueLogLiveIDs_RespectsCanceledContext","Elapsed":0}
2026-10-06T18:28:11.0732663Z {"Time":"2026-10-06T18:28:11.0572574Z","Action":"run","Package":"github.com/snissn/gomap/TreeDB/caching","Test":"TestBatchSetCallerStatsSampled"}
2026-10-06T18:28:11.0734773Z {"Time":"2026-10-06T18:28:11.0572574Z","Action":"output","Package":"github.com/snissn/gomap/TreeDB/caching","Test":"TestBatchSetCallerStatsSampled","Output":"=== RUN   TestBatchSetCallerStatsSampled\n"}
2026-10-06T18:28:11.0737995Z {"Time":"2026-10-06T18:28:11.0628382Z","Action":"output","Package":"github.com/snissn/gomap/TreeDB/caching","Test":"TestBatchSetCallerStatsSampled","Output":"--- PASS: TestBatchSetCallerStatsSampled (0.01s)\n"}
2026-10-06T18:28:11.0740221Z {"Time":"2026-10-06T18:28:11.0628382Z","Action":"pass","Package":"github.com/snissn/gomap/TreeDB/caching","Test":"TestBatchSetCallerStatsSampled","Elapsed":0.01}
2026-10-06T18:28:11.0742983Z {"Time":"2026-10-06T18:28:11.0628382Z","Action":"run","Package":"github.com/snissn/gomap/TreeDB/caching","Test":"TestAdaptiveMemtableMode_EarlyRotationKeepsSampling"}
2026-10-06T18:28:11.0744931Z {"Time":"2026-10-06T18:28:11.0628382Z","Action":"output","Package":"github.com/snissn/gomap/TreeDB/caching","Test":"TestAdaptiveMemtableMode_EarlyRotationKeepsSampling","Output":"=== RUN   TestAdaptiveMemtableMode_EarlyRotationKeepsSampling\n"}
2026-10-06T18:28:11.0746925Z {"Time":"2026-10-06T18:28:11.0633834Z","Action":"run","Package":"github.com/snissn/gomap/TreeDB/caching","Test":"TestAdaptiveMemtableMode_EarlyRotationKeepsSampling/snapshot/mixed"}
2026-10-06T18:28:11.0749509Z {"Time":"2026-10-06T18:28:11.0633834Z","Action":"output","Package":"github.com/snissn/gomap/TreeDB/caching","Test":"TestAdaptiveMemtableMode_EarlyRotationKeepsSampling/snapshot/mixed","Output":"=== RUN   TestAdaptiveMemtableMode_EarlyRotationKeepsSampling/snapshot/mixed\n"}
2026-10-06T18:28:11.7319435Z {"Time":"2026-10-06T18:28:11.7177419Z","Action":"output","Package":"github.com/snissn/gomap/TreeDB/caching","Test":"TestAdaptiveMemtableMode_EarlyRotationKeepsSampling/snapshot/mixed","Output":"--- PASS: TestAdaptiveMemtableMode_EarlyRotationKeepsSampling/snapshot/mixed (0.65s)\n"}
2026-10-06T18:28:11.7323394Z {"Time":"2026-10-06T18:28:11.718048Z","Action":"pass","Package":"github.com/snissn/gomap/TreeDB/caching","Test":"TestAdaptiveMemtableMode_EarlyRotationKeepsSampling/snapshot/mixed","Elapsed":0.65}
2026-10-06T18:28:11.7325742Z {"Time":"2026-10-06T18:28:11.718048Z","Action":"run","Package":"github.com/snissn/gomap/TreeDB/caching","Test":"TestAdaptiveMemtableMode_EarlyRotationKeepsSampling/snapshot/sequential"}
2026-10-06T18:28:11.7329001Z {"Time":"2026-10-06T18:28:11.718048Z","Action":"output","Package":"github.com/snissn/gomap/TreeDB/caching","Test":"TestAdaptiveMemtableMode_EarlyRotationKeepsSampling/snapshot/sequential","Output":"=== RUN   TestAdaptiveMemtableMode_EarlyRotationKeepsSampling/snapshot/sequential\n"}
2026-10-06T18:28:13.4470802Z {"Time":"2026-10-06T18:28:13.437726Z","Action":"output","Package":"github.com/snissn/gomap/TreeDB/caching","Test":"TestAdaptiveMemtableMode_EarlyRotationKeepsSampling/snapshot/sequential","Output":"--- PASS: TestAdaptiveMemtableMode_EarlyRotationKeepsSampling/snapshot/sequential (1.72s)\n"}
2026-10-06T18:28:13.4476614Z {"Time":"2026-10-06T18:28:13.437726Z","Action":"pass","Package":"github.com/snissn/gomap/TreeDB/caching","Test":"TestAdaptiveMemtableMode_EarlyRotationKeepsSampling/snapshot/sequential","Elapsed":1.72}
2026-10-06T18:28:13.4479512Z {"Time":"2026-10-06T18:28:13.437726Z","Action":"run","Package":"github.com/snissn/gomap/TreeDB/caching","Test":"TestAdaptiveMemtableMode_EarlyRotationKeepsSampling/iterator/mixed"}
2026-10-06T18:28:13.4482791Z {"Time":"2026-10-06T18:28:13.437726Z","Action":"output","Package":"github.com/snissn/gomap/TreeDB/caching","Test":"TestAdaptiveMemtableMode_EarlyRotationKeepsSampling/iterator/mixed","Output":"=== RUN   TestAdaptiveMemtableMode_EarlyRotationKeepsSampling/iterator/mixed\n"}
2026-10-06T18:28:14.6752024Z {"Time":"2026-10-06T18:28:14.6667783Z","Action":"output","Package":"github.com/snissn/gomap/TreeDB/caching","Test":"TestAdaptiveMemtableMode_EarlyRotationKeepsSampling/iterator/mixed","Output":"--- PASS: TestAdaptiveMemtableMode_EarlyRotationKeepsSampling/iterator/mixed (1.23s)\n"}
2026-10-06T18:28:14.6754038Z {"Time":"2026-10-06T18:28:14.6667783Z","Action":"pass","Package":"github.com/snissn/gomap/TreeDB/caching","Test":"TestAdaptiveMemtableMode_EarlyRotationKeepsSampling/iterator/mixed","Elapsed":1.23}
2026-10-06T18:28:14.6755528Z {"Time":"2026-10-06T18:28:14.6667783Z","Action":"run","Package":"github.com/snissn/gomap/TreeDB/caching","Test":"TestAdaptiveMemtableMode_EarlyRotationKeepsSampling/iterator/sequential"}
2026-10-06T18:28:14.6757777Z {"Time":"2026-10-06T18:28:14.6667783Z","Action":"output","Package":"github.com/snissn/gomap/TreeDB/caching","Test":"TestAdaptiveMemtableMode_EarlyRotationKeepsSampling/iterator/sequential","Output":"=== RUN   TestAdaptiveMemtableMode_EarlyRotationKeepsSampling/iterator/sequential\n"}
2026-10-06T18:28:17.3429153Z {"Time":"2026-10-06T18:28:17.3368235Z","Action":"output","Package":"github.com/snissn/gomap/TreeDB/caching","Test":"TestAdaptiveMemtableMode_EarlyRotationKeepsSampling/iterator/sequential","Output":"--- PASS: TestAdaptiveMemtableMode_EarlyRotationKeepsSampling/iterator/sequential (2.67s)\n"}
2026-10-06T18:28:17.3432457Z {"Time":"2026-10-06T18:28:17.3368235Z","Action":"pass","Package":"github.com/snissn/gomap/TreeDB/caching","Test":"TestAdaptiveMemtableMode_EarlyRotationKeepsSampling/iterator/sequential","Elapsed":2.67}
2026-10-06T18:28:17.3434425Z {"Time":"2026-10-06T18:28:17.3368235Z","Action":"run","Package":"github.com/snissn/gomap/TreeDB/caching","Test":"TestAdaptiveMemtableMode_EarlyRotationKeepsSampling/ordinary/mixed"}
2026-10-06T18:28:17.3436958Z {"Time":"2026-10-06T18:28:17.3368235Z","Action":"output","Package":"github.com/snissn/gomap/TreeDB/caching","Test":"TestAdaptiveMemtableMode_EarlyRotationKeepsSampling/ordinary/mixed","Output":"=== RUN   TestAdaptiveMemtableMode_EarlyRotationKeepsSampling/ordinary/mixed\n"}
2026-10-06T18:28:19.0321615Z {"Time":"2026-10-06T18:28:19.0233384Z","Action":"output","Package":"github.com/snissn/gomap/TreeDB/caching","Test":"TestAdaptiveMemtableMode_EarlyRotationKeepsSampling/ordinary/mixed","Output":"--- PASS: TestAdaptiveMemtableMode_EarlyRotationKeepsSampling/ordinary/mixed (1.69s)\n"}
2026-10-06T18:28:19.0325182Z {"Time":"2026-10-06T18:28:19.0233384Z","Action":"pass","Package":"github.com/snissn/gomap/TreeDB/caching","Test":"TestAdaptiveMemtableMode_EarlyRotationKeepsSampling/ordinary/mixed","Elapsed":1.69}
2026-10-06T18:28:19.0327748Z {"Time":"2026-10-06T18:28:19.0233384Z","Action":"run","Package":"github.com/snissn/gomap/TreeDB/caching","Test":"TestAdaptiveMemtableMode_EarlyRotationKeepsSampling/ordinary/sequential"}
2026-10-06T18:28:19.0330731Z {"Time":"2026-10-06T18:28:19.0233384Z","Action":"output","Package":"github.com/snissn/gomap/TreeDB/caching","Test":"TestAdaptiveMemtableMode_EarlyRotationKeepsSampling/ordinary/sequential","Output":"=== RUN   TestAdaptiveMemtableMode_EarlyRotationKeepsSampling/ordinary/sequential\n"}
2026-10-06T18:28:22.3674237Z {"Time":"2026-10-06T18:28:22.3608071Z","Action":"output","Package":"github.com/snissn/gomap/TreeDB/caching","Test":"TestAdaptiveMemtableMode_EarlyRotationKeepsSampling/ordinary/sequential","Output":"--- PASS: TestAdaptiveMemtableMode_EarlyRotationKeepsSampling/ordinary/sequential (3.34s)\n"}
2026-10-06T18:28:22.3677883Z {"Time":"2026-10-06T18:28:22.3608071Z","Action":"pass","Package":"github.com/snissn/gomap/TreeDB/caching","Test":"TestAdaptiveMemtableMode_EarlyRotationKeepsSampling/ordinary/sequential","Elapsed":3.34}
2026-10-06T18:28:22.3680705Z {"Time":"2026-10-06T18:28:22.3608071Z","Action":"output","Package":"github.com/snissn/gomap/TreeDB/caching","Test":"TestAdaptiveMemtableMode_EarlyRotationKeepsSampling","Output":"--- PASS: TestAdaptiveMemtableMode_EarlyRotationKeepsSampling (11.30s)\n"}
2026-10-06T18:28:22.3683334Z {"Time":"2026-10-06T18:28:22.3608071Z","Action":"pass","Package":"github.com/snissn/gomap/TreeDB/caching","Test":"TestAdaptiveMemtableMode_EarlyRotationKeepsSampling","Elapsed":11.3}
2026-10-06T18:28:22.3685431Z {"Time":"2026-10-06T18:28:22.3613547Z","Action":"run","Package":"github.com/snissn/gomap/TreeDB/caching","Test":"TestAdaptiveMemtableMode_SwitchesAfterWarmupRotation"}
2026-10-06T18:28:22.3688055Z {"Time":"2026-10-06T18:28:22.3613547Z","Action":"output","Package":"github.com/snissn/gomap/TreeDB/caching","Test":"TestAdaptiveMemtableMode_SwitchesAfterWarmupRotation","Output":"=== RUN   TestAdaptiveMemtableMode_SwitchesAfterWarmupRotation\n"}
2026-10-06T18:28:22.3834515Z {"Time":"2026-10-06T18:28:22.3825794Z","Action":"output","Package":"github.com/snissn/gomap/TreeDB/caching","Test":"TestAdaptiveMemtableMode_SwitchesAfterWarmupRotation","Output":"--- PASS: TestAdaptiveMemtableMode_SwitchesAfterWarmupRotation (0.02s)\n"}
2026-10-06T18:28:22.3838196Z {"Time":"2026-10-06T18:28:22.3825794Z","Action":"pass","Package":"github.com/snissn/gomap/TreeDB/caching","Test":"TestAdaptiveMemtableMode_SwitchesAfterWarmupRotation","Elapsed":0.02}
2026-10-06T18:28:22.3985725Z {"Time":"2026-10-06T18:28:22.3831098Z","Action":"run","Package":"github.com/snissn/gomap/TreeDB/caching","Test":"TestAdaptiveMemtableMode_BTreeMinIteratorSamplesEnvExplicitZero"}
2026-10-06T18:28:22.3988464Z {"Time":"2026-10-06T18:28:22.3831098Z","Action":"output","Package":"github.com/snissn/gomap/TreeDB/caching","Test":"TestAdaptiveMemtableMode_BTreeMinIteratorSamplesEnvExplicitZero","Output":"=== RUN   TestAdaptiveMemtableMode_BTreeMinIteratorSamplesEnvExplicitZero\n"}
2026-10-06T18:28:22.3991900Z {"Time":"2026-10-06T18:28:22.3888896Z","Action":"output","Package":"github.com/snissn/gomap/TreeDB/caching","Test":"TestAdaptiveMemtableMode_BTreeMinIteratorSamplesEnvExplicitZero","Output":"--- PASS: TestAdaptiveMemtableMode_BTreeMinIteratorSamplesEnvExplicitZero (0.01s)\n"}
2026-10-06T18:28:22.3993828Z {"Time":"2026-10-06T18:28:22.3892901Z","Action":"pass","Package":"github.com/snissn/gomap/TreeDB/caching","Test":"TestAdaptiveMemtableMode_BTreeMinIteratorSamplesEnvExplicitZero","Elapsed":0.01}
2026-10-06T18:28:22.3995238Z {"Time":"2026-10-06T18:28:22.3892901Z","Action":"run","Package":"github.com/snissn/gomap/TreeDB/caching","Test":"TestRetainMemtableViewSelfHealsZeroRefPublishedView"}
2026-10-06T18:28:22.3997366Z {"Time":"2026-10-06T18:28:22.3892901Z","Action":"output","Package":"github.com/snissn/gomap/TreeDB/caching","Test":"TestRetainMemtableViewSelfHealsZeroRefPublishedView","Output":"=== RUN   TestRetainMemtableViewSelfHealsZeroRefPublishedView\n"}
2026-10-06T18:28:22.3999442Z {"Time":"2026-10-06T18:28:22.3892901Z","Action":"output","Package":"github.com/snissn/gomap/TreeDB/caching","Test":"TestRetainMemtableViewSelfHealsZeroRefPublishedView","Output":"--- PASS: TestRetainMemtableViewSelfHealsZeroRefPublishedView (0.00s)\n"}
2026-10-06T18:28:22.4000946Z {"Time":"2026-10-06T18:28:22.3892901Z","Action":"pass","Package":"github.com/snissn/gomap/TreeDB/caching","Test":"TestRetainMemtableViewSelfHealsZeroRefPublishedView","Elapsed":0}
2026-10-06T18:28:22.4002357Z {"Time":"2026-10-06T18:28:22.3892901Z","Action":"run","Package":"github.com/snissn/gomap/TreeDB/caching","Test":"TestRetiredMemtableRecycleDoesNotWaitForUnrelatedNewerView"}
2026-10-06T18:28:22.4004243Z {"Time":"2026-10-06T18:28:22.3892901Z","Action":"output","Package":"github.com/snissn/gomap/TreeDB/caching","Test":"TestRetiredMemtableRecycleDoesNotWaitForUnrelatedNewerView","Output":"=== RUN   TestRetiredMemtableRecycleDoesNotWaitForUnrelatedNewerView\n"}
2026-10-06T18:28:22.4006108Z {"Time":"2026-10-06T18:28:22.3896618Z","Action":"output","Package":"github.com/snissn/gomap/TreeDB/caching","Test":"TestRetiredMemtableRecycleDoesNotWaitForUnrelatedNewerView","Output":"--- PASS: TestRetiredMemtableRecycleDoesNotWaitForUnrelatedNewerView (0.00s)\n"}
2026-10-06T18:28:22.4007884Z {"Time":"2026-10-06T18:28:22.3896618Z","Action":"pass","Package":"github.com/snissn/gomap/TreeDB/caching","Test":"TestRetiredMemtableRecycleDoesNotWaitForUnrelatedNewerView","Elapsed":0}
2026-10-06T18:28:22.4009042Z {"Time":"2026-10-06T18:28:22.3896618Z","Action":"run","Package":"github.com/snissn/gomap/TreeDB/caching","Test":"TestPutAppendOnlyMemLease_RespectsCap"}
2026-10-06T18:28:22.4010248Z {"Time":"2026-10-06T18:28:22.3896618Z","Action":"output","Package":"github.com/snissn/gomap/TreeDB/caching","Test":"TestPutAppendOnlyMemLease_RespectsCap","Output":"=== RUN   TestPutAppendOnlyMemLease_RespectsCap\n"}
2026-10-06T18:28:22.4011692Z {"Time":"2026-10-06T18:28:22.3899957Z","Action":"output","Package":"github.com/snissn/gomap/TreeDB/caching","Test":"TestPutAppendOnlyMemLease_RespectsCap","Output":"--- PASS: TestPutAppendOnlyMemLease_RespectsCap (0.00s)\n"}
2026-10-06T18:28:22.4012977Z {"Time":"2026-10-06T18:28:22.3905557Z","Action":"pass","Package":"github.com/snissn/gomap/TreeDB/caching","Test":"TestPutAppendOnlyMemLease_RespectsCap","Elapsed":0}
2026-10-06T18:28:22.4014283Z {"Time":"2026-10-06T18:28:22.3905557Z","Action":"run","Package":"github.com/snissn/gomap/TreeDB/caching","Test":"TestBatch_WALOffStreamBypass_DisabledWithValueLog"}
2026-10-06T18:28:22.4015633Z {"Time":"2026-10-06T18:28:22.3905557Z","Action":"output","Package":"github.com/snissn/gomap/TreeDB/caching","Test":"TestBatch_WALOffStreamBypass_DisabledWithValueLog","Output":"=== RUN   TestBatch_WALOffStreamBypass_DisabledWithValueLog\n"}
2026-10-06T18:28:24.2003485Z {"Time":"2026-10-06T18:28:24.1913023Z","Action":"output","Package":"github.com/snissn/gomap/TreeDB/caching","Test":"TestBatch_WALOffStreamBypass_DisabledWithValueLog","Output":"--- PASS: TestBatch_WALOffStreamBypass_DisabledWithValueLog (1.80s)\n"}
2026-10-06T18:28:24.2006218Z {"Time":"2026-10-06T18:28:24.1913023Z","Action":"pass","Package":"github.com/snissn/gomap/TreeDB/caching","Test":"TestBatch_WALOffStreamBypass_DisabledWithValueLog","Elapsed":1.8}
2026-10-06T18:28:24.2008215Z {"Time":"2026-10-06T18:28:24.1913023Z","Action":"run","Package":"github.com/snissn/gomap/TreeDB/caching","Test":"TestMVCCPhysicalVersionsShareMutableShard"}
2026-10-06T18:28:24.2010552Z {"Time":"2026-10-06T18:28:24.1913023Z","Action":"output","Package":"github.com/snissn/gomap/TreeDB/caching","Test":"TestMVCCPhysicalVersionsShareMutableShard","Output":"=== RUN   TestMVCCPhysicalVersionsShareMutableShard\n"}
2026-10-06T18:28:24.4055709Z {"Time":"2026-10-06T18:28:24.3956241Z","Action":"output","Package":"github.com/snissn/gomap/TreeDB/caching","Test":"TestMVCCPhysicalVersionsShareMutableShard","Output":"--- PASS: TestMVCCPhysicalVersionsShareMutableShard (0.20s)\n"}
2026-10-06T18:28:24.4059446Z {"Time":"2026-10-06T18:28:24.3956241Z","Action":"pass","Package":"github.com/snissn/gomap/TreeDB/caching","Test":"TestMVCCPhysicalVersionsShareMutableShard","Elapsed":0.2}
2026-10-06T18:28:24.4061676Z {"Time":"2026-10-06T18:28:24.3956241Z","Action":"run","Package":"github.com/snissn/gomap/TreeDB/caching","Test":"TestSeekGEExactMVCCRangeDoesNotHideOversizedMalformedSuffix"}
2026-10-06T18:28:24.4064948Z {"Time":"2026-10-06T18:28:24.3956241Z","Action":"output","Package":"github.com/snissn/gomap/TreeDB/caching","Test":"TestSeekGEExactMVCCRangeDoesNotHideOversizedMalformedSuffix","Output":"=== RUN   TestSeekGEExactMVCCRangeDoesNotHideOversizedMalformedSuffix\n"}
2026-10-06T18:28:24.4201457Z {"Time":"2026-10-06T18:28:24.4181426Z","Action":"output","Package":"github.com/snissn/gomap/TreeDB/caching","Test":"TestSeekGEExactMVCCRangeDoesNotHideOversizedMalformedSuffix","Output":"--- PASS: TestSeekGEExactMVCCRangeDoesNotHideOversizedMalformedSuffix (0.02s)\n"}
2026-10-06T18:28:24.4203594Z {"Time":"2026-10-06T18:28:24.4181426Z","Action":"pass","Package":"github.com/snissn/gomap/TreeDB/caching","Test":"TestSeekGEExactMVCCRangeDoesNotHideOversizedMalformedSuffix","Elapsed":0.02}
2026-10-06T18:28:24.4205618Z {"Time":"2026-10-06T18:28:24.4184621Z","Action":"run","Package":"github.com/snissn/gomap/TreeDB/caching","Test":"TestSeekGEExactMVCCRangeUsesShardLocalInMemorySources"}
2026-10-06T18:28:24.4207099Z {"Time":"2026-10-06T18:28:24.4184621Z","Action":"output","Package":"github.com/snissn/gomap/TreeDB/caching","Test":"TestSeekGEExactMVCCRangeUsesShardLocalInMemorySources","Output":"=== RUN   TestSeekGEExactMVCCRangeUsesShardLocalInMemorySources\n"}
2026-10-06T18:28:25.5958152Z {"Time":"2026-10-06T18:28:25.5856919Z","Action":"output","Package":"github.com/snissn/gomap/TreeDB/caching","Test":"TestSeekGEExactMVCCRangeUsesShardLocalInMemorySources","Output":"--- PASS: TestSeekGEExactMVCCRangeUsesShardLocalInMemorySources (1.17s)\n"}
2026-10-06T18:28:25.5959848Z {"Time":"2026-10-06T18:28:25.5856919Z","Action":"pass","Package":"github.com/snissn/gomap/TreeDB/caching","Test":"TestSeekGEExactMVCCRangeUsesShardLocalInMemorySources","Elapsed":1.17}
2026-10-06T18:28:25.5961041Z {"Time":"2026-10-06T18:28:25.5864291Z","Action":"run","Package":"github.com/snissn/gomap/TreeDB/caching","Test":"TestRemoveFileRetryClassifiesLeafValueLogUnlink"}
2026-10-06T18:28:25.5962891Z {"Time":"2026-10-06T18:28:25.5864291Z","Action":"output","Package":"github.com/snissn/gomap/TreeDB/caching","Test":"TestRemoveFileRetryClassifiesLeafValueLogUnlink","Output":"=== RUN   TestRemoveFileRetryClassifiesLeafValueLogUnlink\n"}
2026-10-06T18:28:25.5964587Z {"Time":"2026-10-06T18:28:25.5878802Z","Action":"output","Package":"github.com/snissn/gomap/TreeDB/caching","Test":"TestRemoveFileRetryClassifiesLeafValueLogUnlink","Output":"--- PASS: TestRemoveFileRetryClassifiesLeafValueLogUnlink (0.00s)\n"}
2026-10-06T18:28:25.5967737Z {"Time":"2026-10-06T18:28:25.5878802Z","Action":"pass","Package":"github.com/snissn/gomap/TreeDB/caching","Test":"TestRemoveFileRetryClassifiesLeafValueLogUnlink","Elapsed":0}
2026-10-06T18:28:25.5969956Z {"Time":"2026-10-06T18:28:25.5889535Z","Action":"run","Package":"github.com/snissn/gomap/TreeDB/caching","Test":"TestNextNativeRootValueLogAppendSeqRejectsExhaustion"}
2026-10-06T18:28:25.5973565Z {"Time":"2026-10-06T18:28:25.5889535Z","Action":"output","Package":"github.com/snissn/gomap/TreeDB/caching","Test":"TestNextNativeRootValueLogAppendSeqRejectsExhaustion","Output":"=== RUN   TestNextNativeRootValueLogAppendSeqRejectsExhaustion\n"}
2026-10-06T18:28:25.5977245Z {"Time":"2026-10-06T18:28:25.5889535Z","Action":"output","Package":"github.com/snissn/gomap/TreeDB/caching","Test":"TestNextNativeRootValueLogAppendSeqRejectsExhaustion","Output":"--- PASS: TestNextNativeRootValueLogAppendSeqRejectsExhaustion (0.00s)\n"}
2026-10-06T18:28:25.5980373Z {"Time":"2026-10-06T18:28:25.5889535Z","Action":"pass","Package":"github.com/snissn/gomap/TreeDB/caching","Test":"TestNextNativeRootValueLogAppendSeqRejectsExhaustion","Elapsed":0}
2026-10-06T18:28:25.5982623Z {"Time":"2026-10-06T18:28:25.5889535Z","Action":"run","Package":"github.com/snissn/gomap/TreeDB/caching","Test":"TestDBGet_PointerValueRemainsCallerOwned"}
2026-10-06T18:28:25.5984401Z {"Time":"2026-10-06T18:28:25.5889535Z","Action":"output","Package":"github.com/snissn/gomap/TreeDB/caching","Test":"TestDBGet_PointerValueRemainsCallerOwned","Output":"=== RUN   TestDBGet_PointerValueRemainsCallerOwned\n"}
2026-10-06T18:28:26.3831374Z {"Time":"2026-10-06T18:28:26.3796532Z","Action":"output","Package":"github.com/snissn/gomap/TreeDB/caching","Test":"TestDBGet_PointerValueRemainsCallerOwned","Output":"--- PASS: TestDBGet_PointerValueRemainsCallerOwned (0.79s)\n"}
2026-10-06T18:28:26.3834001Z {"Time":"2026-10-06T18:28:26.3796532Z","Action":"pass","Package":"github.com/snissn/gomap/TreeDB/caching","Test":"TestDBGet_PointerValueRemainsCallerOwned","Elapsed":0.79}
2026-10-06T18:28:26.3836353Z {"Time":"2026-10-06T18:28:26.3802382Z","Action":"run","Package":"github.com/snissn/gomap/TreeDB/caching","Test":"TestSnapshotPointReads_ConsultOnlyShardImmutableQueue"}
2026-10-06T18:28:26.3838990Z {"Time":"2026-10-06T18:28:26.3802382Z","Action":"output","Package":"github.com/snissn/gomap/TreeDB/caching","Test":"TestSnapshotPointReads_ConsultOnlyShardImmutableQueue","Output":"=== RUN   TestSnapshotPointReads_ConsultOnlyShardImmutableQueue\n"}
2026-10-06T18:28:26.3842207Z {"Time":"2026-10-06T18:28:26.3802382Z","Action":"output","Package":"github.com/snissn/gomap/TreeDB/caching","Test":"TestSnapshotPointReads_ConsultOnlyShardImmutableQueue","Output":"--- PASS: TestSnapshotPointReads_ConsultOnlyShardImmutableQueue (0.00s)\n"}
2026-10-06T18:28:26.3844909Z {"Time":"2026-10-06T18:28:26.3802382Z","Action":"pass","Package":"github.com/snissn/gomap/TreeDB/caching","Test":"TestSnapshotPointReads_ConsultOnlyShardImmutableQueue","Elapsed":0}
2026-10-06T18:28:26.3847045Z {"Time":"2026-10-06T18:28:26.3802382Z","Action":"run","Package":"github.com/snissn/gomap/TreeDB/caching","Test":"TestGetMany_ConsultsOnlyTouchedPublishedRootPointShards"}
2026-10-06T18:28:26.3850129Z {"Time":"2026-10-06T18:28:26.3802382Z","Action":"output","Package":"github.com/snissn/gomap/TreeDB/caching","Test":"TestGetMany_ConsultsOnlyTouchedPublishedRootPointShards","Output":"=== RUN   TestGetMany_ConsultsOnlyTouchedPublishedRootPointShards\n"}
2026-10-06T18:28:26.3853382Z {"Time":"2026-10-06T18:28:26.3802382Z","Action":"output","Package":"github.com/snissn/gomap/TreeDB/caching","Test":"TestGetMany_ConsultsOnlyTouchedPublishedRootPointShards","Output":"--- PASS: TestGetMany_ConsultsOnlyTouchedPublishedRootPointShards (0.00s)\n"}
2026-10-06T18:28:26.3856182Z {"Time":"2026-10-06T18:28:26.3802382Z","Action":"pass","Package":"github.com/snissn/gomap/TreeDB/caching","Test":"TestGetMany_ConsultsOnlyTouchedPublishedRootPointShards","Elapsed":0}
2026-10-06T18:28:26.3858387Z {"Time":"2026-10-06T18:28:26.3802382Z","Action":"run","Package":"github.com/snissn/gomap/TreeDB/caching","Test":"TestGetMany_DuplicateHitsReuseSingleProbeWithoutResultAliasing"}
2026-10-06T18:28:26.3861210Z {"Time":"2026-10-06T18:28:26.3802382Z","Action":"output","Package":"github.com/snissn/gomap/TreeDB/caching","Test":"TestGetMany_DuplicateHitsReuseSingleProbeWithoutResultAliasing","Output":"=== RUN   TestGetMany_DuplicateHitsReuseSingleProbeWithoutResultAliasing\n"}
2026-10-06T18:28:26.3864696Z {"Time":"2026-10-06T18:28:26.3802382Z","Action":"output","Package":"github.com/snissn/gomap/TreeDB/caching","Test":"TestGetMany_DuplicateHitsReuseSingleProbeWithoutResultAliasing","Output":"--- PASS: TestGetMany_DuplicateHitsReuseSingleProbeWithoutResultAliasing (0.00s)\n"}
2026-10-06T18:28:26.3867904Z {"Time":"2026-10-06T18:28:26.3802382Z","Action":"pass","Package":"github.com/snissn/gomap/TreeDB/caching","Test":"TestGetMany_DuplicateHitsReuseSingleProbeWithoutResultAliasing","Elapsed":0}
2026-10-06T18:28:26.3870332Z {"Time":"2026-10-06T18:28:26.3802382Z","Action":"run","Package":"github.com/snissn/gomap/TreeDB/caching","Test":"TestSeekGE_RawPhysicalDeleteCounterexample"}
2026-10-06T18:28:26.3872832Z {"Time":"2026-10-06T18:28:26.3802382Z","Action":"output","Package":"github.com/snissn/gomap/TreeDB/caching","Test":"TestSeekGE_RawPhysicalDeleteCounterexample","Output":"=== RUN   TestSeekGE_RawPhysicalDeleteCounterexample\n"}
2026-10-06T18:28:26.4283281Z {"Time":"2026-10-06T18:28:26.4161919Z","Action":"output","Package":"github.com/snissn/gomap/TreeDB/caching","Test":"TestSeekGE_RawPhysicalDeleteCounterexample","Output":"--- PASS: TestSeekGE_RawPhysicalDeleteCounterexample (0.04s)\n"}
2026-10-06T18:28:26.4285260Z {"Time":"2026-10-06T18:28:26.4161919Z","Action":"pass","Package":"github.com/snissn/gomap/TreeDB/caching","Test":"TestSeekGE_RawPhysicalDeleteCounterexample","Elapsed":0.04}
2026-10-06T18:28:26.4286982Z {"Time":"2026-10-06T18:28:26.4161919Z","Action":"run","Package":"github.com/snissn/gomap/TreeDB/caching","Test":"TestSeekGEVersionRange_PhysicalDeleteRetriesFreshView"}
2026-10-06T18:28:26.4288983Z {"Time":"2026-10-06T18:28:26.4161919Z","Action":"output","Package":"github.com/snissn/gomap/TreeDB/caching","Test":"TestSeekGEVersionRange_PhysicalDeleteRetriesFreshView","Output":"=== RUN   TestSeekGEVersionRange_PhysicalDeleteRetriesFreshView\n"}
2026-10-06T18:28:26.4909359Z {"Time":"2026-10-06T18:28:26.4748609Z","Action":"output","Package":"github.com/snissn/gomap/TreeDB/caching","Test":"TestSeekGEVersionRange_PhysicalDeleteRetriesFreshView","Output":"--- PASS: TestSeekGEVersionRange_PhysicalDeleteRetriesFreshView (0.06s)\n"}
2026-10-06T18:28:26.4912940Z {"Time":"2026-10-06T18:28:26.4748609Z","Action":"pass","Package":"github.com/snissn/gomap/TreeDB/caching","Test":"TestSeekGEVersionRange_PhysicalDeleteRetriesFreshView","Elapsed":0.06}
2026-10-06T18:28:26.4915421Z {"Time":"2026-10-06T18:28:26.4763949Z","Action":"run","Package":"github.com/snissn/gomap/TreeDB/caching","Test":"TestSeekGEVersionRange_FallbackExclusive"}
2026-10-06T18:28:26.4917698Z {"Time":"2026-10-06T18:28:26.4763949Z","Action":"output","Package":"github.com/snissn/gomap/TreeDB/caching","Test":"TestSeekGEVersionRange_FallbackExclusive","Output":"=== RUN   TestSeekGEVersionRange_FallbackExclusive\n"}
2026-10-06T18:28:26.4920069Z {"Time":"2026-10-06T18:28:26.4763949Z","Action":"run","Package":"github.com/snissn/gomap/TreeDB/caching","Test":"TestSeekGEVersionRange_FallbackExclusive/noncanonical"}
2026-10-06T18:28:26.4922624Z {"Time":"2026-10-06T18:28:26.4763949Z","Action":"output","Package":"github.com/snissn/gomap/TreeDB/caching","Test":"TestSeekGEVersionRange_FallbackExclusive/noncanonical","Output":"=== RUN   TestSeekGEVersionRange_FallbackExclusive/noncanonical\n"}
2026-10-06T18:28:26.7245377Z {"Time":"2026-10-06T18:28:26.7145852Z","Action":"output","Package":"github.com/snissn/gomap/TreeDB/caching","Test":"TestSeekGEVersionRange_FallbackExclusive/noncanonical","Output":"--- PASS: TestSeekGEVersionRange_FallbackExclusive/noncanonical (0.24s)\n"}
2026-10-06T18:28:26.7246982Z {"Time":"2026-10-06T18:28:26.7145852Z","Action":"pass","Package":"github.com/snissn/gomap/TreeDB/caching","Test":"TestSeekGEVersionRange_FallbackExclusive/noncanonical","Elapsed":0.24}
2026-10-06T18:28:26.7248744Z {"Time":"2026-10-06T18:28:26.7145852Z","Action":"run","Package":"github.com/snissn/gomap/TreeDB/caching","Test":"TestSeekGEVersionRange_FallbackExclusive/range-span"}
2026-10-06T18:28:26.7250874Z {"Time":"2026-10-06T18:28:26.7145852Z","Action":"output","Package":"github.com/snissn/gomap/TreeDB/caching","Test":"TestSeekGEVersionRange_FallbackExclusive/range-span","Output":"=== RUN   TestSeekGEVersionRange_FallbackExclusive/range-span\n"}
2026-10-06T18:28:27.0733318Z {"Time":"2026-10-06T18:28:27.0722515Z","Action":"output","Package":"github.com/snissn/gomap/TreeDB/caching","Test":"TestSeekGEVersionRange_FallbackExclusive/range-span","Output":"--- PASS: TestSeekGEVersionRange_FallbackExclusive/range-span (0.36s)\n"}
2026-10-06T18:28:27.0736514Z {"Time":"2026-10-06T18:28:27.0722515Z","Action":"pass","Package":"github.com/snissn/gomap/TreeDB/caching","Test":"TestSeekGEVersionRange_FallbackExclusive/range-span","Elapsed":0.36}
2026-10-06T18:28:27.0739392Z {"Time":"2026-10-06T18:28:27.0722515Z","Action":"output","Package":"github.com/snissn/gomap/TreeDB/caching","Test":"TestSeekGEVersionRange_FallbackExclusive","Output":"--- PASS: TestSeekGEVersionRange_FallbackExclusive (0.60s)\n"}
2026-10-06T18:28:27.0741845Z {"Time":"2026-10-06T18:28:27.0722515Z","Action":"pass","Package":"github.com/snissn/gomap/TreeDB/caching","Test":"TestSeekGEVersionRange_FallbackExclusive","Elapsed":0.6}
2026-10-06T18:28:27.0743795Z {"Time":"2026-10-06T18:28:27.0722515Z","Action":"run","Package":"github.com/snissn/gomap/TreeDB/caching","Test":"TestSeekGEVersionRange_PruneRequiresStoreFence"}
2026-10-06T18:28:27.0746198Z {"Time":"2026-10-06T18:28:27.0722515Z","Action":"output","Package":"github.com/snissn/gomap/TreeDB/caching","Test":"TestSeekGEVersionRange_PruneRequiresStoreFence","Output":"=== RUN   TestSeekGEVersionRange_PruneRequiresStoreFence\n"}
2026-10-06T18:28:28.3149421Z {"Time":"2026-10-06T18:28:28.3093291Z","Action":"output","Package":"github.com/snissn/gomap/TreeDB/caching","Test":"TestSeekGEVersionRange_PruneRequiresStoreFence","Output":"    point_successor_mvcc_test.go:509: unfenced prune returned retained live40 after backend tomb80 deletion: key=005444424d564343016f6e652d6b65790000ffffffffffffffd7 value=016f6c64\n"}
2026-10-06T18:28:28.4404285Z {"Time":"2026-10-06T18:28:28.426647Z","Action":"output","Package":"github.com/snissn/gomap/TreeDB/caching","Test":"TestSeekGEVersionRange_PruneRequiresStoreFence","Output":"--- PASS: TestSeekGEVersionRange_PruneRequiresStoreFence (1.35s)\n"}
2026-10-06T18:28:28.4406233Z {"Time":"2026-10-06T18:28:28.426647Z","Action":"pass","Package":"github.com/snissn/gomap/TreeDB/caching","Test":"TestSeekGEVersionRange_PruneRequiresStoreFence","Elapsed":1.35}
2026-10-06T18:28:28.4407964Z {"Time":"2026-10-06T18:28:28.426647Z","Action":"run","Package":"github.com/snissn/gomap/TreeDB/caching","Test":"TestSeekGE_SourceCountersSpanTombstoneRounds"}
2026-10-06T18:28:28.4409713Z {"Time":"2026-10-06T18:28:28.426647Z","Action":"output","Package":"github.com/snissn/gomap/TreeDB/caching","Test":"TestSeekGE_SourceCountersSpanTombstoneRounds","Output":"=== RUN   TestSeekGE_SourceCountersSpanTombstoneRounds\n"}
2026-10-06T18:28:28.4884163Z {"Time":"2026-10-06T18:28:28.4808277Z","Action":"output","Package":"github.com/snissn/gomap/TreeDB/caching","Test":"TestSeekGE_SourceCountersSpanTombstoneRounds","Output":"--- PASS: TestSeekGE_SourceCountersSpanTombstoneRounds (0.05s)\n"}
2026-10-06T18:28:28.4886729Z {"Time":"2026-10-06T18:28:28.4808277Z","Action":"pass","Package":"github.com/snissn/gomap/TreeDB/caching","Test":"TestSeekGE_SourceCountersSpanTombstoneRounds","Elapsed":0.05}
2026-10-06T18:28:28.4888821Z {"Time":"2026-10-06T18:28:28.4808277Z","Action":"run","Package":"github.com/snissn/gomap/TreeDB/caching","Test":"TestSeekGE_DoesNotRotateOrCreateGeneralIterator"}
2026-10-06T18:28:28.4891286Z {"Time":"2026-10-06T18:28:28.4808277Z","Action":"output","Package":"github.com/snissn/gomap/TreeDB/caching","Test":"TestSeekGE_DoesNotRotateOrCreateGeneralIterator","Output":"=== RUN   TestSeekGE_DoesNotRotateOrCreateGeneralIterator\n"}
2026-10-06T18:28:28.5184305Z {"Time":"2026-10-06T18:28:28.5140576Z","Action":"output","Package":"github.com/snissn/gomap/TreeDB/caching","Test":"TestSeekGE_DoesNotRotateOrCreateGeneralIterator","Output":"--- PASS: TestSeekGE_DoesNotRotateOrCreateGeneralIterator (0.03s)\n"}
2026-10-06T18:28:28.5185833Z {"Time":"2026-10-06T18:28:28.5140576Z","Action":"pass","Package":"github.com/snissn/gomap/TreeDB/caching","Test":"TestSeekGE_DoesNotRotateOrCreateGeneralIterator","Elapsed":0.03}
2026-10-06T18:28:28.5186960Z {"Time":"2026-10-06T18:28:28.5140576Z","Action":"run","Package":"github.com/snissn/gomap/TreeDB/caching","Test":"TestSeekGE_AttributionPartitionsWinningSource"}
2026-10-06T18:28:28.5189623Z {"Time":"2026-10-06T18:28:28.5140576Z","Action":"output","Package":"github.com/snissn/gomap/TreeDB/caching","Test":"TestSeekGE_AttributionPartitionsWinningSource","Output":"=== RUN   TestSeekGE_AttributionPartitionsWinningSource\n"}
2026-10-06T18:28:28.8336519Z {"Time":"2026-10-06T18:28:28.8236988Z","Action":"output","Package":"github.com/snissn/gomap/TreeDB/caching","Test":"TestSeekGE_AttributionPartitionsWinningSource","Output":"--- PASS: TestSeekGE_AttributionPartitionsWinningSource (0.31s)\n"}
2026-10-06T18:28:28.8338306Z {"Time":"2026-10-06T18:28:28.8240398Z","Action":"pass","Package":"github.com/snissn/gomap/TreeDB/caching","Test":"TestSeekGE_AttributionPartitionsWinningSource","Elapsed":0.31}
2026-10-06T18:28:28.8339559Z {"Time":"2026-10-06T18:28:28.8240398Z","Action":"run","Package":"github.com/snissn/gomap/TreeDB/caching","Test":"TestSeekGE_ConcurrentCommitSnapshotIsCoherent"}
2026-10-06T18:28:28.8340931Z {"Time":"2026-10-06T18:28:28.8240398Z","Action":"output","Package":"github.com/snissn/gomap/TreeDB/caching","Test":"TestSeekGE_ConcurrentCommitSnapshotIsCoherent","Output":"=== RUN   TestSeekGE_ConcurrentCommitSnapshotIsCoherent\n"}
2026-10-06T18:28:28.9112688Z {"Time":"2026-10-06T18:28:28.8947907Z","Action":"output","Package":"github.com/snissn/gomap/TreeDB/caching","Test":"TestSeekGE_ConcurrentCommitSnapshotIsCoherent","Output":"--- PASS: TestSeekGE_ConcurrentCommitSnapshotIsCoherent (0.07s)\n"}
2026-10-06T18:28:28.9115441Z {"Time":"2026-10-06T18:28:28.8947907Z","Action":"pass","Package":"github.com/snissn/gomap/TreeDB/caching","Test":"TestSeekGE_ConcurrentCommitSnapshotIsCoherent","Elapsed":0.07}
2026-10-06T18:28:28.9117445Z {"Time":"2026-10-06T18:28:28.8947907Z","Action":"run","Package":"github.com/snissn/gomap/TreeDB/caching","Test":"TestPoolPressureIncludesUnreleasedIdleHeap"}
2026-10-06T18:28:28.9119832Z {"Time":"2026-10-06T18:28:28.8947907Z","Action":"output","Package":"github.com/snissn/gomap/TreeDB/caching","Test":"TestPoolPressureIncludesUnreleasedIdleHeap","Output":"=== RUN   TestPoolPressureIncludesUnreleasedIdleHeap\n"}
2026-10-06T18:28:28.9122742Z {"Time":"2026-10-06T18:28:28.8947907Z","Action":"output","Package":"github.com/snissn/gomap/TreeDB/caching","Test":"TestPoolPressureIncludesUnreleasedIdleHeap","Output":"--- PASS: TestPoolPressureIncludesUnreleasedIdleHeap (0.00s)\n"}
2026-10-06T18:28:28.9125469Z {"Time":"2026-10-06T18:28:28.8947907Z","Action":"pass","Package":"github.com/snissn/gomap/TreeDB/caching","Test":"TestPoolPressureIncludesUnreleasedIdleHeap","Elapsed":0}
2026-10-06T18:28:28.9127508Z {"Time":"2026-10-06T18:28:28.895586Z","Action":"run","Package":"github.com/snissn/gomap/TreeDB/caching","Test":"TestPoolPressureTrimPreservesNonLeasePoolAccounting"}
2026-10-06T18:28:28.9130115Z {"Time":"2026-10-06T18:28:28.895586Z","Action":"output","Package":"github.com/snissn/gomap/TreeDB/caching","Test":"TestPoolPressureTrimPreservesNonLeasePoolAccounting","Output":"=== RUN   TestPoolPressureTrimPreservesNonLeasePoolAccounting\n"}
2026-10-06T18:28:28.9133343Z {"Time":"2026-10-06T18:28:28.895586Z","Action":"output","Package":"github.com/snissn/gomap/TreeDB/caching","Test":"TestPoolPressureTrimPreservesNonLeasePoolAccounting","Output":"--- PASS: TestPoolPressureTrimPreservesNonLeasePoolAccounting (0.00s)\n"}
2026-10-06T18:28:28.9136069Z {"Time":"2026-10-06T18:28:28.895586Z","Action":"pass","Package":"github.com/snissn/gomap/TreeDB/caching","Test":"TestPoolPressureTrimPreservesNonLeasePoolAccounting","Elapsed":0}
2026-10-06T18:28:28.9138155Z {"Time":"2026-10-06T18:28:28.895586Z","Action":"run","Package":"github.com/snissn/gomap/TreeDB/caching","Test":"TestBatchAuxPoolsSkipRetentionUnderCriticalPressure"}
2026-10-06T18:28:28.9140726Z {"Time":"2026-10-06T18:28:28.895586Z","Action":"output","Package":"github.com/snissn/gomap/TreeDB/caching","Test":"TestBatchAuxPoolsSkipRetentionUnderCriticalPressure","Output":"=== RUN   TestBatchAuxPoolsSkipRetentionUnderCriticalPressure\n"}
2026-10-06T18:28:28.9144226Z {"Time":"2026-10-06T18:28:28.895586Z","Action":"output","Package":"github.com/snissn/gomap/TreeDB/caching","Test":"TestBatchAuxPoolsSkipRetentionUnderCriticalPressure","Output":"--- PASS: TestBatchAuxPoolsSkipRetentionUnderCriticalPressure (0.00s)\n"}
2026-10-06T18:28:28.9147373Z {"Time":"2026-10-06T18:28:28.895586Z","Action":"pass","Package":"github.com/snissn/gomap/TreeDB/caching","Test":"TestBatchAuxPoolsSkipRetentionUnderCriticalPressure","Elapsed":0}
2026-10-06T18:28:28.9149455Z {"Time":"2026-10-06T18:28:28.895586Z","Action":"run","Package":"github.com/snissn/gomap/TreeDB/caching","Test":"TestMutableFlushThresholdTracksPressureTransitions"}
2026-10-06T18:28:28.9152039Z {"Time":"2026-10-06T18:28:28.895586Z","Action":"output","Package":"github.com/snissn/gomap/TreeDB/caching","Test":"TestMutableFlushThresholdTracksPressureTransitions","Output":"=== RUN   TestMutableFlushThresholdTracksPressureTransitions\n"}
2026-10-06T18:28:28.9154601Z {"Time":"2026-10-06T18:28:28.895586Z","Action":"run","Package":"github.com/snissn/gomap/TreeDB/caching","Test":"TestMutableFlushThresholdTracksPressureTransitions/normal"}
2026-10-06T18:28:28.9157295Z {"Time":"2026-10-06T18:28:28.895586Z","Action":"output","Package":"github.com/snissn/gomap/TreeDB/caching","Test":"TestMutableFlushThresholdTracksPressureTransitions/normal","Output":"=== RUN   TestMutableFlushThresholdTracksPressureTransitions/normal\n"}
2026-10-06T18:28:28.9160645Z {"Time":"2026-10-06T18:28:28.895586Z","Action":"output","Package":"github.com/snissn/gomap/TreeDB/caching","Test":"TestMutableFlushThresholdTracksPressureTransitions/normal","Output":"--- PASS: TestMutableFlushThresholdTracksPressureTransitions/normal (0.00s)\n"}
2026-10-06T18:28:28.9163481Z {"Time":"2026-10-06T18:28:28.895586Z","Action":"pass","Package":"github.com/snissn/gomap/TreeDB/caching","Test":"TestMutableFlushThresholdTracksPressureTransitions/normal","Elapsed":0}
2026-10-06T18:28:28.9165886Z {"Time":"2026-10-06T18:28:28.895586Z","Action":"run","Package":"github.com/snissn/gomap/TreeDB/caching","Test":"TestMutableFlushThresholdTracksPressureTransitions/high"}
2026-10-06T18:28:28.9168617Z {"Time":"2026-10-06T18:28:28.895586Z","Action":"output","Package":"github.com/snissn/gomap/TreeDB/caching","Test":"TestMutableFlushThresholdTracksPressureTransitions/high","Output":"=== RUN   TestMutableFlushThresholdTracksPressureTransitions/high\n"}
2026-10-06T18:28:28.9171911Z {"Time":"2026-10-06T18:28:28.895586Z","Action":"output","Package":"github.com/snissn/gomap/TreeDB/caching","Test":"TestMutableFlushThresholdTracksPressureTransitions/high","Output":"--- PASS: TestMutableFlushThresholdTracksPressureTransitions/high (0.00s)\n"}
2026-10-06T18:28:28.9174695Z {"Time":"2026-10-06T18:28:28.895586Z","Action":"pass","Package":"github.com/snissn/gomap/TreeDB/caching","Test":"TestMutableFlushThresholdTracksPressureTransitions/high","Elapsed":0}
2026-10-06T18:28:28.9176948Z {"Time":"2026-10-06T18:28:28.895586Z","Action":"run","Package":"github.com/snissn/gomap/TreeDB/caching","Test":"TestMutableFlushThresholdTracksPressureTransitions/critical"}
2026-10-06T18:28:28.9179681Z {"Time":"2026-10-06T18:28:28.895586Z","Action":"output","Package":"github.com/snissn/gomap/TreeDB/caching","Test":"TestMutableFlushThresholdTracksPressureTransitions/critical","Output":"=== RUN   TestMutableFlushThresholdTracksPressureTransitions/critical\n"}
2026-10-06T18:28:28.9183095Z {"Time":"2026-10-06T18:28:28.895586Z","Action":"output","Package":"github.com/snissn/gomap/TreeDB/caching","Test":"TestMutableFlushThresholdTracksPressureTransitions/critical","Output":"--- PASS: TestMutableFlushThresholdTracksPressureTransitions/critical (0.00s)\n"}
2026-10-06T18:28:28.9186242Z {"Time":"2026-10-06T18:28:28.895586Z","Action":"pass","Package":"github.com/snissn/gomap/TreeDB/caching","Test":"TestMutableFlushThresholdTracksPressureTransitions/critical","Elapsed":0}
2026-10-06T18:28:28.9188484Z {"Time":"2026-10-06T18:28:28.895586Z","Action":"run","Package":"github.com/snissn/gomap/TreeDB/caching","Test":"TestMutableFlushThresholdTracksPressureTransitions/recovered"}
2026-10-06T18:28:28.9191936Z {"Time":"2026-10-06T18:28:28.895586Z","Action":"output","Package":"github.com/snissn/gomap/TreeDB/caching","Test":"TestMutableFlushThresholdTracksPressureTransitions/recovered","Output":"=== RUN   TestMutableFlushThresholdTracksPressureTransitions/recovered\n"}
2026-10-06T18:28:28.9195595Z {"Time":"2026-10-06T18:28:28.895586Z","Action":"output","Package":"github.com/snissn/gomap/TreeDB/caching","Test":"TestMutableFlushThresholdTracksPressureTransitions/recovered","Output":"--- PASS: TestMutableFlushThresholdTracksPressureTransitions/recovered (0.00s)\n"}
2026-10-06T18:28:28.9198500Z {"Time":"2026-10-06T18:28:28.895586Z","Action":"pass","Package":"github.com/snissn/gomap/TreeDB/caching","Test":"TestMutableFlushThresholdTracksPressureTransitions/recovered","Elapsed":0}
2026-10-06T18:28:28.9201274Z {"Time":"2026-10-06T18:28:28.895586Z","Action":"output","Package":"github.com/snissn/gomap/TreeDB/caching","Test":"TestMutableFlushThresholdTracksPressureTransitions","Output":"--- PASS: TestMutableFlushThresholdTracksPressureTransitions (0.00s)\n"}
2026-10-06T18:28:28.9203957Z {"Time":"2026-10-06T18:28:28.895586Z","Action":"pass","Package":"github.com/snissn/gomap/TreeDB/caching","Test":"TestMutableFlushThresholdTracksPressureTransitions","Elapsed":0}
2026-10-06T18:28:28.9206430Z {"Time":"2026-10-06T18:28:28.895586Z","Action":"run","Package":"github.com/snissn/gomap/TreeDB/caching","Test":"TestPoolPressureSamplerPublishesInitialPressureSnapshot"}
2026-10-06T18:28:28.9209135Z {"Time":"2026-10-06T18:28:28.895586Z","Action":"output","Package":"github.com/snissn/gomap/TreeDB/caching","Test":"TestPoolPressureSamplerPublishesInitialPressureSnapshot","Output":"=== RUN   TestPoolPressureSamplerPublishesInitialPressureSnapshot\n"}
2026-10-06T18:28:28.9212470Z {"Time":"2026-10-06T18:28:28.8961561Z","Action":"output","Package":"github.com/snissn/gomap/TreeDB/caching","Test":"TestPoolPressureSamplerPublishesInitialPressureSnapshot","Output":"--- PASS: TestPoolPressureSamplerPublishesInitialPressureSnapshot (0.00s)\n"}
2026-10-06T18:28:28.9215289Z {"Time":"2026-10-06T18:28:28.8961561Z","Action":"pass","Package":"github.com/snissn/gomap/TreeDB/caching","Test":"TestPoolPressureSamplerPublishesInitialPressureSnapshot","Elapsed":0}
2026-10-06T18:28:28.9217483Z {"Time":"2026-10-06T18:28:28.8961561Z","Action":"run","Package":"github.com/snissn/gomap/TreeDB/caching","Test":"TestRawKVParitySnapshotGetEntryPreservesEmptyKeyAndValue"}
2026-10-06T18:28:28.9220203Z {"Time":"2026-10-06T18:28:28.8961561Z","Action":"output","Package":"github.com/snissn/gomap/TreeDB/caching","Test":"TestRawKVParitySnapshotGetEntryPreservesEmptyKeyAndValue","Output":"=== RUN   TestRawKVParitySnapshotGetEntryPreservesEmptyKeyAndValue\n"}
2026-10-06T18:28:29.0484965Z {"Time":"2026-10-06T18:28:29.0390886Z","Action":"output","Package":"github.com/snissn/gomap/TreeDB/caching","Test":"TestRawKVParitySnapshotGetEntryPreservesEmptyKeyAndValue","Output":"--- PASS: TestRawKVParitySnapshotGetEntryPreservesEmptyKeyAndValue (0.14s)\n"}
2026-10-06T18:28:29.0488286Z {"Time":"2026-10-06T18:28:29.0390886Z","Action":"pass","Package":"github.com/snissn/gomap/TreeDB/caching","Test":"TestRawKVParitySnapshotGetEntryPreservesEmptyKeyAndValue","Elapsed":0.14}
2026-10-06T18:28:29.0490519Z {"Time":"2026-10-06T18:28:29.0396228Z","Action":"run","Package":"github.com/snissn/gomap/TreeDB/caching","Test":"TestCachingRawSpanNativeCheckpointAndCloseDrainRoutes"}
2026-10-06T18:28:29.0493195Z {"Time":"2026-10-06T18:28:29.0396228Z","Action":"output","Package":"github.com/snissn/gomap/TreeDB/caching","Test":"TestCachingRawSpanNativeCheckpointAndCloseDrainRoutes","Output":"=== RUN   TestCachingRawSpanNativeCheckpointAndCloseDrainRoutes\n"}
2026-10-06T18:28:29.0495974Z {"Time":"2026-10-06T18:28:29.0396228Z","Action":"run","Package":"github.com/snissn/gomap/TreeDB/caching","Test":"TestCachingRawSpanNativeCheckpointAndCloseDrainRoutes/checkpoint_point_flush"}
2026-10-06T18:28:29.0499141Z {"Time":"2026-10-06T18:28:29.0396228Z","Action":"output","Package":"github.com/snissn/gomap/TreeDB/caching","Test":"TestCachingRawSpanNativeCheckpointAndCloseDrainRoutes/checkpoint_point_flush","Output":"=== RUN   TestCachingRawSpanNativeCheckpointAndCloseDrainRoutes/checkpoint_point_flush\n"}
2026-10-06T18:28:29.3769402Z {"Time":"2026-10-06T18:28:29.3688498Z","Action":"output","Package":"github.com/snissn/gomap/TreeDB/caching","Test":"TestCachingRawSpanNativeCheckpointAndCloseDrainRoutes/checkpoint_point_flush","Output":"--- PASS: TestCachingRawSpanNativeCheckpointAndCloseDrainRoutes/checkpoint_point_flush (0.33s)\n"}
2026-10-06T18:28:29.3771600Z {"Time":"2026-10-06T18:28:29.3688498Z","Action":"pass","Package":"github.com/snissn/gomap/TreeDB/caching","Test":"TestCachingRawSpanNativeCheckpointAndCloseDrainRoutes/checkpoint_point_flush","Elapsed":0.33}
2026-10-06T18:28:29.3773198Z {"Time":"2026-10-06T18:28:29.3688498Z","Action":"run","Package":"github.com/snissn/gomap/TreeDB/caching","Test":"TestCachingRawSpanNativeCheckpointAndCloseDrainRoutes/close_drain_fallback"}
2026-10-06T18:28:29.3775400Z {"Time":"2026-10-06T18:28:29.3688498Z","Action":"output","Package":"github.com/snissn/gomap/TreeDB/caching","Test":"TestCachingRawSpanNativeCheckpointAndCloseDrainRoutes/close_drain_fallback","Output":"=== RUN   TestCachingRawSpanNativeCheckpointAndCloseDrainRoutes/close_drain_fallback\n"}
2026-10-06T18:28:29.6096256Z {"Time":"2026-10-06T18:28:29.6013159Z","Action":"output","Package":"github.com/snissn/gomap/TreeDB/caching","Test":"TestCachingRawSpanNativeCheckpointAndCloseDrainRoutes/close_drain_fallback","Output":"--- PASS: TestCachingRawSpanNativeCheckpointAndCloseDrainRoutes/close_drain_fallback (0.23s)\n"}
2026-10-06T18:28:29.6099405Z {"Time":"2026-10-06T18:28:29.6018593Z","Action":"pass","Package":"github.com/snissn/gomap/TreeDB/caching","Test":"TestCachingRawSpanNativeCheckpointAndCloseDrainRoutes/close_drain_fallback","Elapsed":0.23}
2026-10-06T18:28:29.6102291Z {"Time":"2026-10-06T18:28:29.6018593Z","Action":"output","Package":"github.com/snissn/gomap/TreeDB/caching","Test":"TestCachingRawSpanNativeCheckpointAndCloseDrainRoutes","Output":"--- PASS: TestCachingRawSpanNativeCheckpointAndCloseDrainRoutes (0.56s)\n"}
2026-10-06T18:28:29.6105463Z {"Time":"2026-10-06T18:28:29.6018593Z","Action":"pass","Package":"github.com/snissn/gomap/TreeDB/caching","Test":"TestCachingRawSpanNativeCheckpointAndCloseDrainRoutes","Elapsed":0.56}
2026-10-06T18:28:29.6106942Z {"Time":"2026-10-06T18:28:29.6018593Z","Action":"run","Package":"github.com/snissn/gomap/TreeDB/caching","Test":"TestSnapshot_HasAllocsIndependentOfQueuedMemtables"}
2026-10-06T18:28:29.6108655Z {"Time":"2026-10-06T18:28:29.6018593Z","Action":"output","Package":"github.com/snissn/gomap/TreeDB/caching","Test":"TestSnapshot_HasAllocsIndependentOfQueuedMemtables","Output":"=== RUN   TestSnapshot_HasAllocsIndependentOfQueuedMemtables\n"}
2026-10-06T18:28:29.9861047Z {"Time":"2026-10-06T18:28:29.9826708Z","Action":"output","Package":"github.com/snissn/gomap/TreeDB/caching","Test":"TestSnapshot_HasAllocsIndependentOfQueuedMemtables","Output":"--- PASS: TestSnapshot_HasAllocsIndependentOfQueuedMemtables (0.38s)\n"}
2026-10-06T18:28:29.9865930Z {"Time":"2026-10-06T18:28:29.9826708Z","Action":"pass","Package":"github.com/snissn/gomap/TreeDB/caching","Test":"TestSnapshot_HasAllocsIndependentOfQueuedMemtables","Elapsed":0.38}
2026-10-06T18:28:29.9868694Z {"Time":"2026-10-06T18:28:29.9826708Z","Action":"run","Package":"github.com/snissn/gomap/TreeDB/caching","Test":"TestDB_MemtableSnapshotImmutableAcrossInPlaceQueueCompaction"}
2026-10-06T18:28:29.9875056Z {"Time":"2026-10-06T18:28:29.9826708Z","Action":"output","Package":"github.com/snissn/gomap/TreeDB/caching","Test":"TestDB_MemtableSnapshotImmutableAcrossInPlaceQueueCompaction","Output":"=== RUN   TestDB_MemtableSnapshotImmutableAcrossInPlaceQueueCompaction\n"}
2026-10-06T18:28:30.0017405Z {"Time":"2026-10-06T18:28:29.9882935Z","Action":"output","Package":"github.com/snissn/gomap/TreeDB/caching","Test":"TestDB_MemtableSnapshotImmutableAcrossInPlaceQueueCompaction","Output":"--- PASS: TestDB_MemtableSnapshotImmutableAcrossInPlaceQueueCompaction (0.01s)\n"}
2026-10-06T18:28:30.0021897Z {"Time":"2026-10-06T18:28:29.9882935Z","Action":"pass","Package":"github.com/snissn/gomap/TreeDB/caching","Test":"TestDB_MemtableSnapshotImmutableAcrossInPlaceQueueCompaction","Elapsed":0.01}
2026-10-06T18:28:30.0027589Z {"Time":"2026-10-06T18:28:29.9882935Z","Action":"run","Package":"github.com/snissn/gomap/TreeDB/caching","Test":"TestPointReads_RawFallbackHasAllocsIndependentOfQueuedShards"}
2026-10-06T18:28:30.0031946Z {"Time":"2026-10-06T18:28:29.9882935Z","Action":"output","Package":"github.com/snissn/gomap/TreeDB/caching","Test":"TestPointReads_RawFallbackHasAllocsIndependentOfQueuedShards","Output":"=== RUN   TestPointReads_RawFallbackHasAllocsIndependentOfQueuedShards\n"}
2026-10-06T18:28:30.0036663Z {"Time":"2026-10-06T18:28:29.995802Z","Action":"output","Package":"github.com/snissn/gomap/TreeDB/caching","Test":"TestPointReads_RawFallbackHasAllocsIndependentOfQueuedShards","Output":"--- PASS: TestPointReads_RawFallbackHasAllocsIndependentOfQueuedShards (0.01s)\n"}
2026-10-06T18:28:30.0041112Z {"Time":"2026-10-06T18:28:29.995802Z","Action":"pass","Package":"github.com/snissn/gomap/TreeDB/caching","Test":"TestPointReads_RawFallbackHasAllocsIndependentOfQueuedShards","Elapsed":0.01}
2026-10-06T18:28:30.0043856Z {"Time":"2026-10-06T18:28:29.996471Z","Action":"run","Package":"github.com/snissn/gomap/TreeDB/caching","Test":"TestDB_GetRecordsForegroundGraceCrossing"}
2026-10-06T18:28:30.0047585Z {"Time":"2026-10-06T18:28:29.996471Z","Action":"output","Package":"github.com/snissn/gomap/TreeDB/caching","Test":"TestDB_GetRecordsForegroundGraceCrossing","Output":"=== RUN   TestDB_GetRecordsForegroundGraceCrossing\n"}
2026-10-06T18:28:30.0161973Z {"Time":"2026-10-06T18:28:30.0020221Z","Action":"output","Package":"github.com/snissn/gomap/TreeDB/caching","Test":"TestDB_GetRecordsForegroundGraceCrossing","Output":"--- PASS: TestDB_GetRecordsForegroundGraceCrossing (0.01s)\n"}
2026-10-06T18:28:30.0165233Z {"Time":"2026-10-06T18:28:30.0020221Z","Action":"pass","Package":"github.com/snissn/gomap/TreeDB/caching","Test":"TestDB_GetRecordsForegroundGraceCrossing","Elapsed":0.01}
2026-10-06T18:28:30.0168312Z {"Time":"2026-10-06T18:28:30.0020221Z","Action":"run","Package":"github.com/snissn/gomap/TreeDB/caching","Test":"TestTrimAppendOnlyMemLeases_DropsColdWhenModeNotAppendOnly"}
2026-10-06T18:28:30.0172707Z {"Time":"2026-10-06T18:28:30.0020221Z","Action":"output","Package":"github.com/snissn/gomap/TreeDB/caching","Test":"TestTrimAppendOnlyMemLeases_DropsColdWhenModeNotAppendOnly","Output":"=== RUN   TestTrimAppendOnlyMemLeases_DropsColdWhenModeNotAppendOnly\n"}
2026-10-06T18:28:30.0177121Z {"Time":"2026-10-06T18:28:30.0028866Z","Action":"output","Package":"github.com/snissn/gomap/TreeDB/caching","Test":"TestTrimAppendOnlyMemLeases_DropsColdWhenModeNotAppendOnly","Output":"--- PASS: TestTrimAppendOnlyMemLeases_DropsColdWhenModeNotAppendOnly (0.00s)\n"}
2026-10-06T18:28:30.0180849Z {"Time":"2026-10-06T18:28:30.0028866Z","Action":"pass","Package":"github.com/snissn/gomap/TreeDB/caching","Test":"TestTrimAppendOnlyMemLeases_DropsColdWhenModeNotAppendOnly","Elapsed":0}
2026-10-06T18:28:30.0182997Z {"Time":"2026-10-06T18:28:30.0028866Z","Action":"run","Package":"github.com/snissn/gomap/TreeDB/caching","Test":"TestStoreMemtableMode_DropsAppendOnlyPoolsOnColdTransition"}
2026-10-06T18:28:30.0192835Z {"Time":"2026-10-06T18:28:30.0028866Z","Action":"output","Package":"github.com/snissn/gomap/TreeDB/caching","Test":"TestStoreMemtableMode_DropsAppendOnlyPoolsOnColdTransition","Output":"=== RUN   TestStoreMemtableMode_DropsAppendOnlyPoolsOnColdTransition\n"}
2026-10-06T18:28:30.0195406Z {"Time":"2026-10-06T18:28:30.0028866Z","Action":"output","Package":"github.com/snissn/gomap/TreeDB/caching","Test":"TestStoreMemtableMode_DropsAppendOnlyPoolsOnColdTransition","Output":"--- PASS: TestStoreMemtableMode_DropsAppendOnlyPoolsOnColdTransition (0.00s)\n"}
2026-10-06T18:28:30.0206605Z {"Time":"2026-10-06T18:28:30.0028866Z","Action":"pass","Package":"github.com/snissn/gomap/TreeDB/caching","Test":"TestStoreMemtableMode_DropsAppendOnlyPoolsOnColdTransition","Elapsed":0}
2026-10-06T18:28:30.0209253Z {"Time":"2026-10-06T18:28:30.0028866Z","Action":"run","Package":"github.com/snissn/gomap/TreeDB/caching","Test":"TestTrimRetainedArenasAfterFlush_TrimsSparseAppendOnlyMutableBacking"}
2026-10-06T18:28:30.0216570Z {"Time":"2026-10-06T18:28:30.0028866Z","Action":"output","Package":"github.com/snissn/gomap/TreeDB/caching","Test":"TestTrimRetainedArenasAfterFlush_TrimsSparseAppendOnlyMutableBacking","Output":"=== RUN   TestTrimRetainedArenasAfterFlush_TrimsSparseAppendOnlyMutableBacking\n"}
2026-10-06T18:28:30.0221134Z {"Time":"2026-10-06T18:28:30.0028866Z","Action":"output","Package":"github.com/snissn/gomap/TreeDB/caching","Test":"TestTrimRetainedArenasAfterFlush_TrimsSparseAppendOnlyMutableBacking","Output":"--- PASS: TestTrimRetainedArenasAfterFlush_TrimsSparseAppendOnlyMutableBacking (0.00s)\n"}
2026-10-06T18:28:30.0279723Z {"Time":"2026-10-06T18:28:30.0028866Z","Action":"pass","Package":"github.com/snissn/gomap/TreeDB/caching","Test":"TestTrimRetainedArenasAfterFlush_TrimsSparseAppendOnlyMutableBacking","Elapsed":0}
2026-10-06T18:28:30.0284781Z {"Time":"2026-10-06T18:28:30.0028866Z","Action":"run","Package":"github.com/snissn/gomap/TreeDB/caching","Test":"TestReverseIterator_IncludesCachedWrites_SnapshotIsolated"}
2026-10-06T18:28:30.0287723Z {"Time":"2026-10-06T18:28:30.0034339Z","Action":"output","Package":"github.com/snissn/gomap/TreeDB/caching","Test":"TestReverseIterator_IncludesCachedWrites_SnapshotIsolated","Output":"=== RUN   TestReverseIterator_IncludesCachedWrites_SnapshotIsolated\n"}
2026-10-06T18:28:30.0290853Z {"Time":"2026-10-06T18:28:30.0089314Z","Action":"output","Package":"github.com/snissn/gomap/TreeDB/caching","Test":"TestReverseIterator_IncludesCachedWrites_SnapshotIsolated","Output":"--- PASS: TestReverseIterator_IncludesCachedWrites_SnapshotIsolated (0.01s)\n"}
2026-10-06T18:28:30.0299304Z {"Time":"2026-10-06T18:28:30.0089314Z","Action":"pass","Package":"github.com/snissn/gomap/TreeDB/caching","Test":"TestReverseIterator_IncludesCachedWrites_SnapshotIsolated","Elapsed":0.01}
2026-10-06T18:28:30.0301642Z {"Time":"2026-10-06T18:28:30.0089314Z","Action":"run","Package":"github.com/snissn/gomap/TreeDB/caching","Test":"TestIterator_UsesPublishedRootDomainIteratorAsAuthority"}
2026-10-06T18:28:30.0304553Z {"Time":"2026-10-06T18:28:30.0089314Z","Action":"output","Package":"github.com/snissn/gomap/TreeDB/caching","Test":"TestIterator_UsesPublishedRootDomainIteratorAsAuthority","Output":"=== RUN   TestIterator_UsesPublishedRootDomainIteratorAsAuthority\n"}
2026-10-06T18:28:30.0309197Z {"Time":"2026-10-06T18:28:30.0149951Z","Action":"output","Package":"github.com/snissn/gomap/TreeDB/caching","Test":"TestIterator_UsesPublishedRootDomainIteratorAsAuthority","Output":"--- PASS: TestIterator_UsesPublishedRootDomainIteratorAsAuthority (0.01s)\n"}
2026-10-06T18:28:30.0312395Z {"Time":"2026-10-06T18:28:30.0149951Z","Action":"pass","Package":"github.com/snissn/gomap/TreeDB/caching","Test":"TestIterator_UsesPublishedRootDomainIteratorAsAuthority","Elapsed":0.01}
2026-10-06T18:28:30.0314698Z {"Time":"2026-10-06T18:28:30.0156101Z","Action":"run","Package":"github.com/snissn/gomap/TreeDB/caching","Test":"TestPointReads_IgnoreSyntheticViewStateWithoutPublishedRootDomains"}
2026-10-06T18:28:30.0318474Z {"Time":"2026-10-06T18:28:30.0156101Z","Action":"output","Package":"github.com/snissn/gomap/TreeDB/caching","Test":"TestPointReads_IgnoreSyntheticViewStateWithoutPublishedRootDomains","Output":"=== RUN   TestPointReads_IgnoreSyntheticViewStateWithoutPublishedRootDomains\n"}
2026-10-06T18:28:30.0322122Z {"Time":"2026-10-06T18:28:30.0279061Z","Action":"output","Package":"github.com/snissn/gomap/TreeDB/caching","Test":"TestPointReads_IgnoreSyntheticViewStateWithoutPublishedRootDomains","Output":"--- PASS: TestPointReads_IgnoreSyntheticViewStateWithoutPublishedRootDomains (0.01s)\n"}
2026-10-06T18:28:30.0325538Z {"Time":"2026-10-06T18:28:30.0279061Z","Action":"pass","Package":"github.com/snissn/gomap/TreeDB/caching","Test":"TestPointReads_IgnoreSyntheticViewStateWithoutPublishedRootDomains","Elapsed":0.01}
2026-10-06T18:28:30.0327893Z {"Time":"2026-10-06T18:28:30.0279061Z","Action":"run","Package":"github.com/snissn/gomap/TreeDB/caching","Test":"TestReverseIterator_UsesPublishedRootDomainIteratorRangesAsAuthority"}
2026-10-06T18:28:30.0331096Z {"Time":"2026-10-06T18:28:30.0279061Z","Action":"output","Package":"github.com/snissn/gomap/TreeDB/caching","Test":"TestReverseIterator_UsesPublishedRootDomainIteratorRangesAsAuthority","Output":"=== RUN   TestReverseIterator_UsesPublishedRootDomainIteratorRangesAsAuthority\n"}
2026-10-06T18:28:30.0482708Z {"Time":"2026-10-06T18:28:30.0321736Z","Action":"output","Package":"github.com/snissn/gomap/TreeDB/caching","Test":"TestReverseIterator_UsesPublishedRootDomainIteratorRangesAsAuthority","Output":"--- PASS: TestReverseIterator_UsesPublishedRootDomainIteratorRangesAsAuthority (0.01s)\n"}
2026-10-06T18:28:30.0485962Z {"Time":"2026-10-06T18:28:30.0321736Z","Action":"pass","Package":"github.com/snissn/gomap/TreeDB/caching","Test":"TestReverseIterator_UsesPublishedRootDomainIteratorRangesAsAuthority","Elapsed":0.01}
2026-10-06T18:28:30.0489679Z {"Time":"2026-10-06T18:28:30.0327257Z","Action":"run","Package":"github.com/snissn/gomap/TreeDB/caching","Test":"TestRootDomainProbeStats_SnapshotHasManyAndHasPrefixes"}
2026-10-06T18:28:30.0491650Z {"Time":"2026-10-06T18:28:30.0327257Z","Action":"output","Package":"github.com/snissn/gomap/TreeDB/caching","Test":"TestRootDomainProbeStats_SnapshotHasManyAndHasPrefixes","Output":"=== RUN   TestRootDomainProbeStats_SnapshotHasManyAndHasPrefixes\n"}
2026-10-06T18:28:30.0493283Z {"Time":"2026-10-06T18:28:30.0327257Z","Action":"run","Package":"github.com/snissn/gomap/TreeDB/caching","Test":"TestRootDomainProbeStats_SnapshotHasManyAndHasPrefixes/snapshot_hasmany_native"}
2026-10-06T18:28:30.0495597Z {"Time":"2026-10-06T18:28:30.0327257Z","Action":"output","Package":"github.com/snissn/gomap/TreeDB/caching","Test":"TestRootDomainProbeStats_SnapshotHasManyAndHasPrefixes/snapshot_hasmany_native","Output":"=== RUN   TestRootDomainProbeStats_SnapshotHasManyAndHasPrefixes/snapshot_hasmany_native\n"}
2026-10-06T18:28:30.1571684Z {"Time":"2026-10-06T18:28:30.1527243Z","Action":"output","Package":"github.com/snissn/gomap/TreeDB/caching","Test":"TestRootDomainProbeStats_SnapshotHasManyAndHasPrefixes/snapshot_hasmany_native","Output":"--- PASS: TestRootDomainProbeStats_SnapshotHasManyAndHasPrefixes/snapshot_hasmany_native (0.12s)\n"}
2026-10-06T18:28:30.1575359Z {"Time":"2026-10-06T18:28:30.1533039Z","Action":"pass","Package":"github.com/snissn/gomap/TreeDB/caching","Test":"TestRootDomainProbeStats_SnapshotHasManyAndHasPrefixes/snapshot_hasmany_native","Elapsed":0.12}
2026-10-06T18:28:30.1577924Z {"Time":"2026-10-06T18:28:30.1533039Z","Action":"run","Package":"github.com/snissn/gomap/TreeDB/caching","Test":"TestRootDomainProbeStats_SnapshotHasManyAndHasPrefixes/snapshot_hasmany_backend_fallback"}
2026-10-06T18:28:30.1581401Z {"Time":"2026-10-06T18:28:30.1533039Z","Action":"output","Package":"github.com/snissn/gomap/TreeDB/caching","Test":"TestRootDomainProbeStats_SnapshotHasManyAndHasPrefixes/snapshot_hasmany_backend_fallback","Output":"=== RUN   TestRootDomainProbeStats_SnapshotHasManyAndHasPrefixes/snapshot_hasmany_backend_fallback\n"}
2026-10-06T18:28:30.2821702Z {"Time":"2026-10-06T18:28:30.2690757Z","Action":"output","Package":"github.com/snissn/gomap/TreeDB/caching","Test":"TestRootDomainProbeStats_SnapshotHasManyAndHasPrefixes/snapshot_hasmany_backend_fallback","Output":"--- PASS: TestRootDomainProbeStats_SnapshotHasManyAndHasPrefixes/snapshot_hasmany_backend_fallback (0.12s)\n"}
2026-10-06T18:28:30.2825318Z {"Time":"2026-10-06T18:28:30.2690757Z","Action":"pass","Package":"github.com/snissn/gomap/TreeDB/caching","Test":"TestRootDomainProbeStats_SnapshotHasManyAndHasPrefixes/snapshot_hasmany_backend_fallback","Elapsed":0.12}
2026-10-06T18:28:30.2828263Z {"Time":"2026-10-06T18:28:30.2690757Z","Action":"run","Package":"github.com/snissn/gomap/TreeDB/caching","Test":"TestRootDomainProbeStats_SnapshotHasManyAndHasPrefixes/snapshot_hasprefixes_native"}
2026-10-06T18:28:30.2831690Z {"Time":"2026-10-06T18:28:30.2690757Z","Action":"output","Package":"github.com/snissn/gomap/TreeDB/caching","Test":"TestRootDomainProbeStats_SnapshotHasManyAndHasPrefixes/snapshot_hasprefixes_native","Output":"=== RUN   TestRootDomainProbeStats_SnapshotHasManyAndHasPrefixes/snapshot_hasprefixes_native\n"}
2026-10-06T18:28:30.3759595Z {"Time":"2026-10-06T18:28:30.3724186Z","Action":"output","Package":"github.com/snissn/gomap/TreeDB/caching","Test":"TestRootDomainProbeStats_SnapshotHasManyAndHasPrefixes/snapshot_hasprefixes_native","Output":"--- PASS: TestRootDomainProbeStats_SnapshotHasManyAndHasPrefixes/snapshot_hasprefixes_native (0.10s)\n"}
2026-10-06T18:28:30.3763465Z {"Time":"2026-10-06T18:28:30.3724186Z","Action":"pass","Package":"github.com/snissn/gomap/TreeDB/caching","Test":"TestRootDomainProbeStats_SnapshotHasManyAndHasPrefixes/snapshot_hasprefixes_native","Elapsed":0.1}
2026-10-06T18:28:30.3766572Z {"Time":"2026-10-06T18:28:30.3724186Z","Action":"output","Package":"github.com/snissn/gomap/TreeDB/caching","Test":"TestRootDomainProbeStats_SnapshotHasManyAndHasPrefixes","Output":"--- PASS: TestRootDomainProbeStats_SnapshotHasManyAndHasPrefixes (0.34s)\n"}
2026-10-06T18:28:30.3769506Z {"Time":"2026-10-06T18:28:30.3724186Z","Action":"pass","Package":"github.com/snissn/gomap/TreeDB/caching","Test":"TestRootDomainProbeStats_SnapshotHasManyAndHasPrefixes","Elapsed":0.34}
2026-10-06T18:28:30.3771642Z {"Time":"2026-10-06T18:28:30.3724186Z","Action":"run","Package":"github.com/snissn/gomap/TreeDB/caching","Test":"TestRootDomainSnapshot_TombstoneHidesOlderRuns"}
2026-10-06T18:28:30.3774012Z {"Time":"2026-10-06T18:28:30.3724186Z","Action":"output","Package":"github.com/snissn/gomap/TreeDB/caching","Test":"TestRootDomainSnapshot_TombstoneHidesOlderRuns","Output":"=== RUN   TestRootDomainSnapshot_TombstoneHidesOlderRuns\n"}
2026-10-06T18:28:30.3777177Z {"Time":"2026-10-06T18:28:30.3724186Z","Action":"output","Package":"github.com/snissn/gomap/TreeDB/caching","Test":"TestRootDomainSnapshot_TombstoneHidesOlderRuns","Output":"=== PAUSE TestRootDomainSnapshot_TombstoneHidesOlderRuns\n"}
2026-10-06T18:28:30.3779572Z {"Time":"2026-10-06T18:28:30.3724186Z","Action":"pause","Package":"github.com/snissn/gomap/TreeDB/caching","Test":"TestRootDomainSnapshot_TombstoneHidesOlderRuns"}
2026-10-06T18:28:30.3781520Z {"Time":"2026-10-06T18:28:30.3724186Z","Action":"run","Package":"github.com/snissn/gomap/TreeDB/caching","Test":"TestRootDomainState_SnapshotDoesNotAliasLaterImmutableReuse"}
2026-10-06T18:28:30.3784185Z {"Time":"2026-10-06T18:28:30.3724186Z","Action":"output","Package":"github.com/snissn/gomap/TreeDB/caching","Test":"TestRootDomainState_SnapshotDoesNotAliasLaterImmutableReuse","Output":"=== RUN   TestRootDomainState_SnapshotDoesNotAliasLaterImmutableReuse\n"}
2026-10-06T18:28:30.3787631Z {"Time":"2026-10-06T18:28:30.3724186Z","Action":"output","Package":"github.com/snissn/gomap/TreeDB/caching","Test":"TestRootDomainState_SnapshotDoesNotAliasLaterImmutableReuse","Output":"=== PAUSE TestRootDomainState_SnapshotDoesNotAliasLaterImmutableReuse\n"}
2026-10-06T18:28:30.3790506Z {"Time":"2026-10-06T18:28:30.3724186Z","Action":"pause","Package":"github.com/snissn/gomap/TreeDB/caching","Test":"TestRootDomainState_SnapshotDoesNotAliasLaterImmutableReuse"}
2026-10-06T18:28:30.3792762Z {"Time":"2026-10-06T18:28:30.3724186Z","Action":"run","Package":"github.com/snissn/gomap/TreeDB/caching","Test":"TestRootDomainSnapshotFromMemtableView_ForSnapshotReadsExcludesMutableRun"}
2026-10-06T18:28:30.3794703Z {"Time":"2026-10-06T18:28:30.3724186Z","Action":"output","Package":"github.com/snissn/gomap/TreeDB/caching","Test":"TestRootDomainSnapshotFromMemtableView_ForSnapshotReadsExcludesMutableRun","Output":"=== RUN   TestRootDomainSnapshotFromMemtableView_ForSnapshotReadsExcludesMutableRun\n"}
2026-10-06T18:28:30.3797609Z {"Time":"2026-10-06T18:28:30.3724186Z","Action":"output","Package":"github.com/snissn/gomap/TreeDB/caching","Test":"TestRootDomainSnapshotFromMemtableView_ForSnapshotReadsExcludesMutableRun","Output":"=== PAUSE TestRootDomainSnapshotFromMemtableView_ForSnapshotReadsExcludesMutableRun\n"}
2026-10-06T18:28:30.3799551Z {"Time":"2026-10-06T18:28:30.3724186Z","Action":"pause","Package":"github.com/snissn/gomap/TreeDB/caching","Test":"TestRootDomainSnapshotFromMemtableView_ForSnapshotReadsExcludesMutableRun"}
2026-10-06T18:28:30.3800864Z {"Time":"2026-10-06T18:28:30.3729211Z","Action":"run","Package":"github.com/snissn/gomap/TreeDB/caching","Test":"TestRootDomainSnapshotFromCachedSnapshot_UsesBackendFallbackLookup"}
2026-10-06T18:28:30.3802902Z {"Time":"2026-10-06T18:28:30.3729211Z","Action":"output","Package":"github.com/snissn/gomap/TreeDB/caching","Test":"TestRootDomainSnapshotFromCachedSnapshot_UsesBackendFallbackLookup","Output":"=== RUN   TestRootDomainSnapshotFromCachedSnapshot_UsesBackendFallbackLookup\n"}
2026-10-06T18:28:30.3804865Z {"Time":"2026-10-06T18:28:30.3729211Z","Action":"output","Package":"github.com/snissn/gomap/TreeDB/caching","Test":"TestRootDomainSnapshotFromCachedSnapshot_UsesBackendFallbackLookup","Output":"=== PAUSE TestRootDomainSnapshotFromCachedSnapshot_UsesBackendFallbackLookup\n"}
2026-10-06T18:28:30.3806443Z {"Time":"2026-10-06T18:28:30.3729211Z","Action":"pause","Package":"github.com/snissn/gomap/TreeDB/caching","Test":"TestRootDomainSnapshotFromCachedSnapshot_UsesBackendFallbackLookup"}
2026-10-06T18:28:30.3807990Z {"Time":"2026-10-06T18:28:30.3729211Z","Action":"run","Package":"github.com/snissn/gomap/TreeDB/caching","Test":"TestRawPointRootDomainEntry_NewestWinsAcrossMutableAndQueue"}
2026-10-06T18:28:30.3809461Z {"Time":"2026-10-06T18:28:30.3729211Z","Action":"output","Package":"github.com/snissn/gomap/TreeDB/caching","Test":"TestRawPointRootDomainEntry_NewestWinsAcrossMutableAndQueue","Output":"=== RUN   TestRawPointRootDomainEntry_NewestWinsAcrossMutableAndQueue\n"}
2026-10-06T18:28:30.3811234Z {"Time":"2026-10-06T18:28:30.3729211Z","Action":"output","Package":"github.com/snissn/gomap/TreeDB/caching","Test":"TestRawPointRootDomainEntry_NewestWinsAcrossMutableAndQueue","Output":"=== PAUSE TestRawPointRootDomainEntry_NewestWinsAcrossMutableAndQueue\n"}
2026-10-06T18:28:30.3813048Z {"Time":"2026-10-06T18:28:30.3729211Z","Action":"pause","Package":"github.com/snissn/gomap/TreeDB/caching","Test":"TestRawPointRootDomainEntry_NewestWinsAcrossMutableAndQueue"}
2026-10-06T18:28:30.3814221Z {"Time":"2026-10-06T18:28:30.3729211Z","Action":"run","Package":"github.com/snissn/gomap/TreeDB/caching","Test":"TestPublishMemtablesLocked_UsesRootDomainStateAuthority"}
2026-10-06T18:28:30.3815894Z {"Time":"2026-10-06T18:28:30.3729211Z","Action":"output","Package":"github.com/snissn/gomap/TreeDB/caching","Test":"TestPublishMemtablesLocked_UsesRootDomainStateAuthority","Output":"=== RUN   TestPublishMemtablesLocked_UsesRootDomainStateAuthority\n"}
2026-10-06T18:28:30.3819154Z {"Time":"2026-10-06T18:28:30.3729211Z","Action":"output","Package":"github.com/snissn/gomap/TreeDB/caching","Test":"TestPublishMemtablesLocked_UsesRootDomainStateAuthority","Output":"=== PAUSE TestPublishMemtablesLocked_UsesRootDomainStateAuthority\n"}
2026-10-06T18:28:30.3821781Z {"Time":"2026-10-06T18:28:30.3729211Z","Action":"pause","Package":"github.com/snissn/gomap/TreeDB/caching","Test":"TestPublishMemtablesLocked_UsesRootDomainStateAuthority"}
2026-10-06T18:28:30.3823988Z {"Time":"2026-10-06T18:28:30.3729211Z","Action":"run","Package":"github.com/snissn/gomap/TreeDB/caching","Test":"TestPromoteRootDomainMutableLocked_SkipsEmptySealedMemtable"}
2026-10-06T18:28:30.3826783Z {"Time":"2026-10-06T18:28:30.3729211Z","Action":"output","Package":"github.com/snissn/gomap/TreeDB/caching","Test":"TestPromoteRootDomainMutableLocked_SkipsEmptySealedMemtable","Output":"=== RUN   TestPromoteRootDomainMutableLocked_SkipsEmptySealedMemtable\n"}
2026-10-06T18:28:30.3830276Z {"Time":"2026-10-06T18:28:30.3729211Z","Action":"output","Package":"github.com/snissn/gomap/TreeDB/caching","Test":"TestPromoteRootDomainMutableLocked_SkipsEmptySealedMemtable","Output":"=== PAUSE TestPromoteRootDomainMutableLocked_SkipsEmptySealedMemtable\n"}
2026-10-06T18:28:30.3832996Z {"Time":"2026-10-06T18:28:30.3729211Z","Action":"pause","Package":"github.com/snissn/gomap/TreeDB/caching","Test":"TestPromoteRootDomainMutableLocked_SkipsEmptySealedMemtable"}
2026-10-06T18:28:30.3834563Z {"Time":"2026-10-06T18:28:30.3734074Z","Action":"run","Package":"github.com/snissn/gomap/TreeDB/caching","Test":"TestRootDomainSnapshot_HasPrefixesSortedUsesOneIteratorPerSource"}
2026-10-06T18:28:30.3836825Z {"Time":"2026-10-06T18:28:30.3734074Z","Action":"output","Package":"github.com/snissn/gomap/TreeDB/caching","Test":"TestRootDomainSnapshot_HasPrefixesSortedUsesOneIteratorPerSource","Output":"=== RUN   TestRootDomainSnapshot_HasPrefixesSortedUsesOneIteratorPerSource\n"}
2026-10-06T18:28:30.3838723Z {"Time":"2026-10-06T18:28:30.3734074Z","Action":"output","Package":"github.com/snissn/gomap/TreeDB/caching","Test":"TestRootDomainSnapshot_HasPrefixesSortedUsesOneIteratorPerSource","Output":"=== PAUSE TestRootDomainSnapshot_HasPrefixesSortedUsesOneIteratorPerSource\n"}
2026-10-06T18:28:30.3840274Z {"Time":"2026-10-06T18:28:30.3734074Z","Action":"pause","Package":"github.com/snissn/gomap/TreeDB/caching","Test":"TestRootDomainSnapshot_HasPrefixesSortedUsesOneIteratorPerSource"}
2026-10-06T18:28:30.3841805Z {"Time":"2026-10-06T18:28:30.3734074Z","Action":"run","Package":"github.com/snissn/gomap/TreeDB/caching","Test":"TestInstallPublishedRootSetLocked_NilClearsPublishedViews"}
2026-10-06T18:28:30.3843448Z {"Time":"2026-10-06T18:28:30.3734074Z","Action":"output","Package":"github.com/snissn/gomap/TreeDB/caching","Test":"TestInstallPublishedRootSetLocked_NilClearsPublishedViews","Output":"=== RUN   TestInstallPublishedRootSetLocked_NilClearsPublishedViews\n"}
2026-10-06T18:28:30.3845243Z {"Time":"2026-10-06T18:28:30.3734074Z","Action":"output","Package":"github.com/snissn/gomap/TreeDB/caching","Test":"TestInstallPublishedRootSetLocked_NilClearsPublishedViews","Output":"--- PASS: TestInstallPublishedRootSetLocked_NilClearsPublishedViews (0.00s)\n"}
2026-10-06T18:28:30.3847271Z {"Time":"2026-10-06T18:28:30.3734074Z","Action":"pass","Package":"github.com/snissn/gomap/TreeDB/caching","Test":"TestInstallPublishedRootSetLocked_NilClearsPublishedViews","Elapsed":0}
2026-10-06T18:28:30.3848728Z {"Time":"2026-10-06T18:28:30.3734074Z","Action":"run","Package":"github.com/snissn/gomap/TreeDB/caching","Test":"TestPublishInstalledRootSetLocked_HookFailureKeepsPreviousGeneration"}
2026-10-06T18:28:30.3850486Z {"Time":"2026-10-06T18:28:30.3734074Z","Action":"output","Package":"github.com/snissn/gomap/TreeDB/caching","Test":"TestPublishInstalledRootSetLocked_HookFailureKeepsPreviousGeneration","Output":"=== RUN   TestPublishInstalledRootSetLocked_HookFailureKeepsPreviousGeneration\n"}
2026-10-06T18:28:30.3854023Z {"Time":"2026-10-06T18:28:30.3734074Z","Action":"output","Package":"github.com/snissn/gomap/TreeDB/caching","Test":"TestPublishInstalledRootSetLocked_HookFailureKeepsPreviousGeneration","Output":"--- PASS: TestPublishInstalledRootSetLocked_HookFailureKeepsPreviousGeneration (0.00s)\n"}
2026-10-06T18:28:30.3857463Z {"Time":"2026-10-06T18:28:30.3734074Z","Action":"pass","Package":"github.com/snissn/gomap/TreeDB/caching","Test":"TestPublishInstalledRootSetLocked_HookFailureKeepsPreviousGeneration","Elapsed":0}
2026-10-06T18:28:30.3859936Z {"Time":"2026-10-06T18:28:30.3741752Z","Action":"run","Package":"github.com/snissn/gomap/TreeDB/caching","Test":"TestPublishInstalledRootSetLocked_SuccessClearsDirtyPublishGroup"}
2026-10-06T18:28:30.3863463Z {"Time":"2026-10-06T18:28:30.3741752Z","Action":"output","Package":"github.com/snissn/gomap/TreeDB/caching","Test":"TestPublishInstalledRootSetLocked_SuccessClearsDirtyPublishGroup","Output":"=== RUN   TestPublishInstalledRootSetLocked_SuccessClearsDirtyPublishGroup\n"}
2026-10-06T18:28:30.3867371Z {"Time":"2026-10-06T18:28:30.3741752Z","Action":"output","Package":"github.com/snissn/gomap/TreeDB/caching","Test":"TestPublishInstalledRootSetLocked_SuccessClearsDirtyPublishGroup","Output":"--- PASS: TestPublishInstalledRootSetLocked_SuccessClearsDirtyPublishGroup (0.00s)\n"}
2026-10-06T18:28:30.3870819Z {"Time":"2026-10-06T18:28:30.3741752Z","Action":"pass","Package":"github.com/snissn/gomap/TreeDB/caching","Test":"TestPublishInstalledRootSetLocked_SuccessClearsDirtyPublishGroup","Elapsed":0}
2026-10-06T18:28:30.3873234Z {"Time":"2026-10-06T18:28:30.3741752Z","Action":"run","Package":"github.com/snissn/gomap/TreeDB/caching","Test":"TestFlushCheckpointEmptyFrontierPublishesDirtyRoots"}
2026-10-06T18:28:30.3875027Z {"Time":"2026-10-06T18:28:30.3741752Z","Action":"output","Package":"github.com/snissn/gomap/TreeDB/caching","Test":"TestFlushCheckpointEmptyFrontierPublishesDirtyRoots","Output":"=== RUN   TestFlushCheckpointEmptyFrontierPublishesDirtyRoots\n"}
2026-10-06T18:28:30.3919631Z {"Time":"2026-10-06T18:28:30.3855058Z","Action":"output","Package":"github.com/snissn/gomap/TreeDB/caching","Test":"TestFlushCheckpointEmptyFrontierPublishesDirtyRoots","Output":"--- PASS: TestFlushCheckpointEmptyFrontierPublishesDirtyRoots (0.01s)\n"}
2026-10-06T18:28:30.3922449Z {"Time":"2026-10-06T18:28:30.3855058Z","Action":"pass","Package":"github.com/snissn/gomap/TreeDB/caching","Test":"TestFlushCheckpointEmptyFrontierPublishesDirtyRoots","Elapsed":0.01}
2026-10-06T18:28:30.3924684Z {"Time":"2026-10-06T18:28:30.3855058Z","Action":"run","Package":"github.com/snissn/gomap/TreeDB/caching","Test":"TestPublishInstalledRootSetLocked_HookSeesOrderedRunsAsOneGroup"}
2026-10-06T18:28:30.3927488Z {"Time":"2026-10-06T18:28:30.3855058Z","Action":"output","Package":"github.com/snissn/gomap/TreeDB/caching","Test":"TestPublishInstalledRootSetLocked_HookSeesOrderedRunsAsOneGroup","Output":"=== RUN   TestPublishInstalledRootSetLocked_HookSeesOrderedRunsAsOneGroup\n"}
2026-10-06T18:28:30.3931065Z {"Time":"2026-10-06T18:28:30.3855058Z","Action":"output","Package":"github.com/snissn/gomap/TreeDB/caching","Test":"TestPublishInstalledRootSetLocked_HookSeesOrderedRunsAsOneGroup","Output":"--- PASS: TestPublishInstalledRootSetLocked_HookSeesOrderedRunsAsOneGroup (0.00s)\n"}
2026-10-06T18:28:30.3934033Z {"Time":"2026-10-06T18:28:30.3855058Z","Action":"pass","Package":"github.com/snissn/gomap/TreeDB/caching","Test":"TestPublishInstalledRootSetLocked_HookSeesOrderedRunsAsOneGroup","Elapsed":0}
2026-10-06T18:28:30.3936608Z {"Time":"2026-10-06T18:28:30.3860512Z","Action":"run","Package":"github.com/snissn/gomap/TreeDB/caching","Test":"TestPublishInstalledRootSet_NewerGenerationInstalledDuringHookWins"}
2026-10-06T18:28:30.3939503Z {"Time":"2026-10-06T18:28:30.3860512Z","Action":"output","Package":"github.com/snissn/gomap/TreeDB/caching","Test":"TestPublishInstalledRootSet_NewerGenerationInstalledDuringHookWins","Output":"=== RUN   TestPublishInstalledRootSet_NewerGenerationInstalledDuringHookWins\n"}
2026-10-06T18:28:30.3943079Z {"Time":"2026-10-06T18:28:30.3860512Z","Action":"output","Package":"github.com/snissn/gomap/TreeDB/caching","Test":"TestPublishInstalledRootSet_NewerGenerationInstalledDuringHookWins","Output":"--- PASS: TestPublishInstalledRootSet_NewerGenerationInstalledDuringHookWins (0.00s)\n"}
2026-10-06T18:28:30.3946087Z {"Time":"2026-10-06T18:28:30.3860512Z","Action":"pass","Package":"github.com/snissn/gomap/TreeDB/caching","Test":"TestPublishInstalledRootSet_NewerGenerationInstalledDuringHookWins","Elapsed":0}
2026-10-06T18:28:30.3948461Z {"Time":"2026-10-06T18:28:30.3860512Z","Action":"run","Package":"github.com/snissn/gomap/TreeDB/caching","Test":"TestPublishInstalledRootSet_PublishesSystemDescriptorRunWithoutBackendBatch"}
2026-10-06T18:28:30.3951578Z {"Time":"2026-10-06T18:28:30.3860512Z","Action":"output","Package":"github.com/snissn/gomap/TreeDB/caching","Test":"TestPublishInstalledRootSet_PublishesSystemDescriptorRunWithoutBackendBatch","Output":"=== RUN   TestPublishInstalledRootSet_PublishesSystemDescriptorRunWithoutBackendBatch\n"}
2026-10-06T18:28:30.3955834Z {"Time":"2026-10-06T18:28:30.3860512Z","Action":"output","Package":"github.com/snissn/gomap/TreeDB/caching","Test":"TestPublishInstalledRootSet_PublishesSystemDescriptorRunWithoutBackendBatch","Output":"--- PASS: TestPublishInstalledRootSet_PublishesSystemDescriptorRunWithoutBackendBatch (0.00s)\n"}
2026-10-06T18:28:30.3959529Z {"Time":"2026-10-06T18:28:30.3860512Z","Action":"pass","Package":"github.com/snissn/gomap/TreeDB/caching","Test":"TestPublishInstalledRootSet_PublishesSystemDescriptorRunWithoutBackendBatch","Elapsed":0}
2026-10-06T18:28:30.3961976Z {"Time":"2026-10-06T18:28:30.3860512Z","Action":"run","Package":"github.com/snissn/gomap/TreeDB/caching","Test":"TestPublishInstalledRootSet_WarmGroupedNonSystemRoots_PublishesDirtyRoots"}
2026-10-06T18:28:30.3964964Z {"Time":"2026-10-06T18:28:30.3860512Z","Action":"output","Package":"github.com/snissn/gomap/TreeDB/caching","Test":"TestPublishInstalledRootSet_WarmGroupedNonSystemRoots_PublishesDirtyRoots","Output":"=== RUN   TestPublishInstalledRootSet_WarmGroupedNonSystemRoots_PublishesDirtyRoots\n"}
2026-10-06T18:28:30.3968707Z {"Time":"2026-10-06T18:28:30.3866268Z","Action":"output","Package":"github.com/snissn/gomap/TreeDB/caching","Test":"TestPublishInstalledRootSet_WarmGroupedNonSystemRoots_PublishesDirtyRoots","Output":"--- PASS: TestPublishInstalledRootSet_WarmGroupedNonSystemRoots_PublishesDirtyRoots (0.00s)\n"}
2026-10-06T18:28:30.3971824Z {"Time":"2026-10-06T18:28:30.3866268Z","Action":"pass","Package":"github.com/snissn/gomap/TreeDB/caching","Test":"TestPublishInstalledRootSet_WarmGroupedNonSystemRoots_PublishesDirtyRoots","Elapsed":0}
2026-10-06T18:28:30.3974258Z {"Time":"2026-10-06T18:28:30.3866268Z","Action":"run","Package":"github.com/snissn/gomap/TreeDB/caching","Test":"TestPublishInstalledRootSet_WarmMixedSystemAndNonSystemRoots_PublishesAtomically"}
2026-10-06T18:28:30.3977714Z {"Time":"2026-10-06T18:28:30.3866268Z","Action":"output","Package":"github.com/snissn/gomap/TreeDB/caching","Test":"TestPublishInstalledRootSet_WarmMixedSystemAndNonSystemRoots_PublishesAtomically","Output":"=== RUN   TestPublishInstalledRootSet_WarmMixedSystemAndNonSystemRoots_PublishesAtomically\n"}
2026-10-06T18:28:30.3981689Z {"Time":"2026-10-06T18:28:30.3866268Z","Action":"output","Package":"github.com/snissn/gomap/TreeDB/caching","Test":"TestPublishInstalledRootSet_WarmMixedSystemAndNonSystemRoots_PublishesAtomically","Output":"--- PASS: TestPublishInstalledRootSet_WarmMixedSystemAndNonSystemRoots_PublishesAtomically (0.00s)\n"}
2026-10-06T18:28:30.3984976Z {"Time":"2026-10-06T18:28:30.3866268Z","Action":"pass","Package":"github.com/snissn/gomap/TreeDB/caching","Test":"TestPublishInstalledRootSet_WarmMixedSystemAndNonSystemRoots_PublishesAtomically","Elapsed":0}
2026-10-06T18:28:30.3987357Z {"Time":"2026-10-06T18:28:30.3866268Z","Action":"run","Package":"github.com/snissn/gomap/TreeDB/caching","Test":"TestRootDomainSnapshotFromCachedSnapshot_UsesPerRootPublishedView"}
2026-10-06T18:28:30.3990206Z {"Time":"2026-10-06T18:28:30.3866268Z","Action":"output","Package":"github.com/snissn/gomap/TreeDB/caching","Test":"TestRootDomainSnapshotFromCachedSnapshot_UsesPerRootPublishedView","Output":"=== RUN   TestRootDomainSnapshotFromCachedSnapshot_UsesPerRootPublishedView\n"}
2026-10-06T18:28:30.3993775Z {"Time":"2026-10-06T18:28:30.3866268Z","Action":"output","Package":"github.com/snissn/gomap/TreeDB/caching","Test":"TestRootDomainSnapshotFromCachedSnapshot_UsesPerRootPublishedView","Output":"--- PASS: TestRootDomainSnapshotFromCachedSnapshot_UsesPerRootPublishedView (0.00s)\n"}
2026-10-06T18:28:30.3997178Z {"Time":"2026-10-06T18:28:30.3866268Z","Action":"pass","Package":"github.com/snissn/gomap/TreeDB/caching","Test":"TestRootDomainSnapshotFromCachedSnapshot_UsesPerRootPublishedView","Elapsed":0}
2026-10-06T18:28:30.3999541Z {"Time":"2026-10-06T18:28:30.3866268Z","Action":"run","Package":"github.com/snissn/gomap/TreeDB/caching","Test":"TestAcquireSnapshot_PinsInstalledPublishedRootSet"}
2026-10-06T18:28:30.4002081Z {"Time":"2026-10-06T18:28:30.3866268Z","Action":"output","Package":"github.com/snissn/gomap/TreeDB/caching","Test":"TestAcquireSnapshot_PinsInstalledPublishedRootSet","Output":"=== RUN   TestAcquireSnapshot_PinsInstalledPublishedRootSet\n"}
2026-10-06T18:28:30.6747663Z {"Time":"2026-10-06T18:28:30.6704546Z","Action":"output","Package":"github.com/snissn/gomap/TreeDB/caching","Test":"TestAcquireSnapshot_PinsInstalledPublishedRootSet","Output":"--- PASS: TestAcquireSnapshot_PinsInstalledPublishedRootSet (0.28s)\n"}
2026-10-06T18:28:30.6749326Z {"Time":"2026-10-06T18:28:30.6704546Z","Action":"pass","Package":"github.com/snissn/gomap/TreeDB/caching","Test":"TestAcquireSnapshot_PinsInstalledPublishedRootSet","Elapsed":0.28}
2026-10-06T18:28:30.6751810Z {"Time":"2026-10-06T18:28:30.6704546Z","Action":"run","Package":"github.com/snissn/gomap/TreeDB/caching","Test":"TestAcquireSnapshot_PinsGroupedWarmPublishAcrossMixedSystemAndNonSystemRoots"}
2026-10-06T18:28:30.6753737Z {"Time":"2026-10-06T18:28:30.6704546Z","Action":"output","Package":"github.com/snissn/gomap/TreeDB/caching","Test":"TestAcquireSnapshot_PinsGroupedWarmPublishAcrossMixedSystemAndNonSystemRoots","Output":"=== RUN   TestAcquireSnapshot_PinsGroupedWarmPublishAcrossMixedSystemAndNonSystemRoots\n"}
2026-10-06T18:28:30.8607414Z {"Time":"2026-10-06T18:28:30.8487509Z","Action":"output","Package":"github.com/snissn/gomap/TreeDB/caching","Test":"TestAcquireSnapshot_PinsGroupedWarmPublishAcrossMixedSystemAndNonSystemRoots","Output":"--- PASS: TestAcquireSnapshot_PinsGroupedWarmPublishAcrossMixedSystemAndNonSystemRoots (0.18s)\n"}
2026-10-06T18:28:30.8611181Z {"Time":"2026-10-06T18:28:30.8487509Z","Action":"pass","Package":"github.com/snissn/gomap/TreeDB/caching","Test":"TestAcquireSnapshot_PinsGroupedWarmPublishAcrossMixedSystemAndNonSystemRoots","Elapsed":0.18}
2026-10-06T18:28:30.8613483Z {"Time":"2026-10-06T18:28:30.8487509Z","Action":"run","Package":"github.com/snissn/gomap/TreeDB/caching","Test":"TestLeafGenerationGCOptionsIncludePublishedRoots"}
2026-10-06T18:28:30.8616003Z {"Time":"2026-10-06T18:28:30.8487509Z","Action":"output","Package":"github.com/snissn/gomap/TreeDB/caching","Test":"TestLeafGenerationGCOptionsIncludePublishedRoots","Output":"=== RUN   TestLeafGenerationGCOptionsIncludePublishedRoots\n"}
2026-10-06T18:28:30.8619111Z {"Time":"2026-10-06T18:28:30.8487509Z","Action":"output","Package":"github.com/snissn/gomap/TreeDB/caching","Test":"TestLeafGenerationGCOptionsIncludePublishedRoots","Output":"--- PASS: TestLeafGenerationGCOptionsIncludePublishedRoots (0.00s)\n"}
2026-10-06T18:28:30.8621748Z {"Time":"2026-10-06T18:28:30.8487509Z","Action":"pass","Package":"github.com/snissn/gomap/TreeDB/caching","Test":"TestLeafGenerationGCOptionsIncludePublishedRoots","Elapsed":0}
2026-10-06T18:28:30.8624045Z {"Time":"2026-10-06T18:28:30.8492937Z","Action":"run","Package":"github.com/snissn/gomap/TreeDB/caching","Test":"TestCollectValueLogLiveIDsUntil_IncludesSystemDescriptorCollectionRootLeafRefs"}
2026-10-06T18:28:30.8627242Z {"Time":"2026-10-06T18:28:30.8492937Z","Action":"output","Package":"github.com/snissn/gomap/TreeDB/caching","Test":"TestCollectValueLogLiveIDsUntil_IncludesSystemDescriptorCollectionRootLeafRefs","Output":"=== RUN   TestCollectValueLogLiveIDsUntil_IncludesSystemDescriptorCollectionRootLeafRefs\n"}
2026-10-06T18:28:31.0025186Z {"Time":"2026-10-06T18:28:31.0002579Z","Action":"output","Package":"github.com/snissn/gomap/TreeDB/caching","Test":"TestCollectValueLogLiveIDsUntil_IncludesSystemDescriptorCollectionRootLeafRefs","Output":"--- PASS: TestCollectValueLogLiveIDsUntil_IncludesSystemDescriptorCollectionRootLeafRefs (0.15s)\n"}
2026-10-06T18:28:31.0027207Z {"Time":"2026-10-06T18:28:31.0002579Z","Action":"pass","Package":"github.com/snissn/gomap/TreeDB/caching","Test":"TestCollectValueLogLiveIDsUntil_IncludesSystemDescriptorCollectionRootLeafRefs","Elapsed":0.15}
2026-10-06T18:28:31.0028552Z {"Time":"2026-10-06T18:28:31.0002579Z","Action":"run","Package":"github.com/snissn/gomap/TreeDB/caching","Test":"TestPruneRetainedValueLogs_PublishedNonSystemRootsKeepClosedSegment"}
2026-10-06T18:28:31.0030718Z {"Time":"2026-10-06T18:28:31.0002579Z","Action":"output","Package":"github.com/snissn/gomap/TreeDB/caching","Test":"TestPruneRetainedValueLogs_PublishedNonSystemRootsKeepClosedSegment","Output":"=== RUN   TestPruneRetainedValueLogs_PublishedNonSystemRootsKeepClosedSegment\n"}
2026-10-06T18:28:31.2322794Z {"Time":"2026-10-06T18:28:31.23122Z","Action":"output","Package":"github.com/snissn/gomap/TreeDB/caching","Test":"TestPruneRetainedValueLogs_PublishedNonSystemRootsKeepClosedSegment","Output":"--- PASS: TestPruneRetainedValueLogs_PublishedNonSystemRootsKeepClosedSegment (0.23s)\n"}
2026-10-06T18:28:31.2324814Z {"Time":"2026-10-06T18:28:31.23122Z","Action":"pass","Package":"github.com/snissn/gomap/TreeDB/caching","Test":"TestPruneRetainedValueLogs_PublishedNonSystemRootsKeepClosedSegment","Elapsed":0.23}
2026-10-06T18:28:31.2326556Z {"Time":"2026-10-06T18:28:31.23122Z","Action":"run","Package":"github.com/snissn/gomap/TreeDB/caching","Test":"TestCachedSnapshotReadCallbackCanCloseOwner"}
2026-10-06T18:28:31.2327909Z {"Time":"2026-10-06T18:28:31.23122Z","Action":"output","Package":"github.com/snissn/gomap/TreeDB/caching","Test":"TestCachedSnapshotReadCallbackCanCloseOwner","Output":"=== RUN   TestCachedSnapshotReadCallbackCanCloseOwner\n"}
2026-10-06T18:28:31.6578418Z {"Time":"2026-10-06T18:28:31.6499123Z","Action":"output","Package":"github.com/snissn/gomap/TreeDB/caching","Test":"TestCachedSnapshotReadCallbackCanCloseOwner","Output":"--- PASS: TestCachedSnapshotReadCallbackCanCloseOwner (0.42s)\n"}
2026-10-06T18:28:31.6582625Z {"Time":"2026-10-06T18:28:31.6499123Z","Action":"pass","Package":"github.com/snissn/gomap/TreeDB/caching","Test":"TestCachedSnapshotReadCallbackCanCloseOwner","Elapsed":0.42}
2026-10-06T18:28:31.6585311Z {"Time":"2026-10-06T18:28:31.6499123Z","Action":"run","Package":"github.com/snissn/gomap/TreeDB/caching","Test":"TestCachedSnapshotIteratorCreationSerializesCloseAndRelease"}
2026-10-06T18:28:31.6589434Z {"Time":"2026-10-06T18:28:31.6499123Z","Action":"output","Package":"github.com/snissn/gomap/TreeDB/caching","Test":"TestCachedSnapshotIteratorCreationSerializesCloseAndRelease","Output":"=== RUN   TestCachedSnapshotIteratorCreationSerializesCloseAndRelease\n"}
2026-10-06T18:28:31.7505219Z {"Time":"2026-10-06T18:28:31.7450581Z","Action":"run","Package":"github.com/snissn/gomap/TreeDB/caching","Test":"TestCachedSnapshotIteratorCreationSerializesCloseAndRelease/forward"}
2026-10-06T18:28:31.7508621Z {"Time":"2026-10-06T18:28:31.7450581Z","Action":"output","Package":"github.com/snissn/gomap/TreeDB/caching","Test":"TestCachedSnapshotIteratorCreationSerializesCloseAndRelease/forward","Output":"=== RUN   TestCachedSnapshotIteratorCreationSerializesCloseAndRelease/forward\n"}
2026-10-06T18:28:31.7512397Z {"Time":"2026-10-06T18:28:31.7457818Z","Action":"output","Package":"github.com/snissn/gomap/TreeDB/caching","Test":"TestCachedSnapshotIteratorCreationSerializesCloseAndRelease/forward","Output":"--- PASS: TestCachedSnapshotIteratorCreationSerializesCloseAndRelease/forward (0.00s)\n"}
2026-10-06T18:28:31.7515562Z {"Time":"2026-10-06T18:28:31.7457818Z","Action":"pass","Package":"github.com/snissn/gomap/TreeDB/caching","Test":"TestCachedSnapshotIteratorCreationSerializesCloseAndRelease/forward","Elapsed":0}
2026-10-06T18:28:31.7517945Z {"Time":"2026-10-06T18:28:31.7457818Z","Action":"run","Package":"github.com/snissn/gomap/TreeDB/caching","Test":"TestCachedSnapshotIteratorCreationSerializesCloseAndRelease/reverse"}
2026-10-06T18:28:31.7520933Z {"Time":"2026-10-06T18:28:31.7457818Z","Action":"output","Package":"github.com/snissn/gomap/TreeDB/caching","Test":"TestCachedSnapshotIteratorCreationSerializesCloseAndRelease/reverse","Output":"=== RUN   TestCachedSnapshotIteratorCreationSerializesCloseAndRelease/reverse\n"}
2026-10-06T18:28:31.7524651Z {"Time":"2026-10-06T18:28:31.7463551Z","Action":"output","Package":"github.com/snissn/gomap/TreeDB/caching","Test":"TestCachedSnapshotIteratorCreationSerializesCloseAndRelease/reverse","Output":"--- PASS: TestCachedSnapshotIteratorCreationSerializesCloseAndRelease/reverse (0.00s)\n"}
2026-10-06T18:28:31.7528338Z {"Time":"2026-10-06T18:28:31.7463551Z","Action":"pass","Package":"github.com/snissn/gomap/TreeDB/caching","Test":"TestCachedSnapshotIteratorCreationSerializesCloseAndRelease/reverse","Elapsed":0}
2026-10-06T18:28:31.7817764Z {"Time":"2026-10-06T18:28:31.7722922Z","Action":"output","Package":"github.com/snissn/gomap/TreeDB/caching","Test":"TestCachedSnapshotIteratorCreationSerializesCloseAndRelease","Output":"--- PASS: TestCachedSnapshotIteratorCreationSerializesCloseAndRelease (0.12s)\n"}
2026-10-06T18:28:31.7820866Z {"Time":"2026-10-06T18:28:31.7726893Z","Action":"pass","Package":"github.com/snissn/gomap/TreeDB/caching","Test":"TestCachedSnapshotIteratorCreationSerializesCloseAndRelease","Elapsed":0.12}
2026-10-06T18:28:31.7823186Z {"Time":"2026-10-06T18:28:31.7726893Z","Action":"run","Package":"github.com/snissn/gomap/TreeDB/caching","Test":"TestCachedSnapshotIteratorDoubleCloseCannotMutateDetachedOwner"}
2026-10-06T18:28:31.7826108Z {"Time":"2026-10-06T18:28:31.7726893Z","Action":"output","Package":"github.com/snissn/gomap/TreeDB/caching","Test":"TestCachedSnapshotIteratorDoubleCloseCannotMutateDetachedOwner","Output":"=== RUN   TestCachedSnapshotIteratorDoubleCloseCannotMutateDetachedOwner\n"}
2026-10-06T18:28:31.8741352Z {"Time":"2026-10-06T18:28:31.8719624Z","Action":"output","Package":"github.com/snissn/gomap/TreeDB/caching","Test":"TestCachedSnapshotIteratorDoubleCloseCannotMutateDetachedOwner","Output":"--- PASS: TestCachedSnapshotIteratorDoubleCloseCannotMutateDetachedOwner (0.10s)\n"}
2026-10-06T18:28:31.8744502Z {"Time":"2026-10-06T18:28:31.8719624Z","Action":"pass","Package":"github.com/snissn/gomap/TreeDB/caching","Test":"TestCachedSnapshotIteratorDoubleCloseCannotMutateDetachedOwner","Elapsed":0.1}
2026-10-06T18:28:31.8747235Z {"Time":"2026-10-06T18:28:31.8719624Z","Action":"run","Package":"github.com/snissn/gomap/TreeDB/caching","Test":"TestSnapshotReverseIterator_QueueValueOverridesPublishedAndTombstoneHidesPublished"}
2026-10-06T18:28:31.8750577Z {"Time":"2026-10-06T18:28:31.8719624Z","Action":"output","Package":"github.com/snissn/gomap/TreeDB/caching","Test":"TestSnapshotReverseIterator_QueueValueOverridesPublishedAndTombstoneHidesPublished","Output":"=== RUN   TestSnapshotReverseIterator_QueueValueOverridesPublishedAndTombstoneHidesPublished\n"}
2026-10-06T18:28:32.1069354Z {"Time":"2026-10-06T18:28:32.0963147Z","Action":"output","Package":"github.com/snissn/gomap/TreeDB/caching","Test":"TestSnapshotReverseIterator_QueueValueOverridesPublishedAndTombstoneHidesPublished","Output":"--- PASS: TestSnapshotReverseIterator_QueueValueOverridesPublishedAndTombstoneHidesPublished (0.22s)\n"}
2026-10-06T18:28:32.1072040Z {"Time":"2026-10-06T18:28:32.0963147Z","Action":"pass","Package":"github.com/snissn/gomap/TreeDB/caching","Test":"TestSnapshotReverseIterator_QueueValueOverridesPublishedAndTombstoneHidesPublished","Elapsed":0.22}
2026-10-06T18:28:32.1073717Z {"Time":"2026-10-06T18:28:32.0963147Z","Action":"run","Package":"github.com/snissn/gomap/TreeDB/caching","Test":"TestSnapshot_IteratorUsesCapturedRootDomainStateAsAuthority"}
2026-10-06T18:28:32.1075592Z {"Time":"2026-10-06T18:28:32.0963147Z","Action":"output","Package":"github.com/snissn/gomap/TreeDB/caching","Test":"TestSnapshot_IteratorUsesCapturedRootDomainStateAsAuthority","Output":"=== RUN   TestSnapshot_IteratorUsesCapturedRootDomainStateAsAuthority\n"}
2026-10-06T18:28:32.2458940Z {"Time":"2026-10-06T18:28:32.2403974Z","Action":"output","Package":"github.com/snissn/gomap/TreeDB/caching","Test":"TestSnapshot_IteratorUsesCapturedRootDomainStateAsAuthority","Output":"--- PASS: TestSnapshot_IteratorUsesCapturedRootDomainStateAsAuthority (0.14s)\n"}
2026-10-06T18:28:32.2461296Z {"Time":"2026-10-06T18:28:32.2403974Z","Action":"pass","Package":"github.com/snissn/gomap/TreeDB/caching","Test":"TestSnapshot_IteratorUsesCapturedRootDomainStateAsAuthority","Elapsed":0.14}
2026-10-06T18:28:32.2462485Z {"Time":"2026-10-06T18:28:32.2403974Z","Action":"run","Package":"github.com/snissn/gomap/TreeDB/caching","Test":"TestAcquireSnapshotDebugAccounting"}
2026-10-06T18:28:32.2463979Z {"Time":"2026-10-06T18:28:32.2403974Z","Action":"output","Package":"github.com/snissn/gomap/TreeDB/caching","Test":"TestAcquireSnapshotDebugAccounting","Output":"=== RUN   TestAcquireSnapshotDebugAccounting\n"}
2026-10-06T18:28:32.4488202Z {"Time":"2026-10-06T18:28:32.4440937Z","Action":"output","Package":"github.com/snissn/gomap/TreeDB/caching","Test":"TestAcquireSnapshotDebugAccounting","Output":"--- PASS: TestAcquireSnapshotDebugAccounting (0.20s)\n"}
2026-10-06T18:28:32.4490181Z {"Time":"2026-10-06T18:28:32.4440937Z","Action":"pass","Package":"github.com/snissn/gomap/TreeDB/caching","Test":"TestAcquireSnapshotDebugAccounting","Elapsed":0.2}
2026-10-06T18:28:32.4492267Z {"Time":"2026-10-06T18:28:32.4440937Z","Action":"run","Package":"github.com/snissn/gomap/TreeDB/caching","Test":"TestAcquireSnapshot_CachedPathConcurrentAcquireCloseWithWrites"}
2026-10-06T18:28:32.4494586Z {"Time":"2026-10-06T18:28:32.4440937Z","Action":"output","Package":"github.com/snissn/gomap/TreeDB/caching","Test":"TestAcquireSnapshot_CachedPathConcurrentAcquireCloseWithWrites","Output":"=== RUN   TestAcquireSnapshot_CachedPathConcurrentAcquireCloseWithWrites\n"}
2026-10-06T18:28:32.6191999Z {"Time":"2026-10-06T18:28:32.6128011Z","Action":"output","Package":"github.com/snissn/gomap/TreeDB/caching","Test":"TestAcquireSnapshot_CachedPathConcurrentAcquireCloseWithWrites","Output":"--- PASS: TestAcquireSnapshot_CachedPathConcurrentAcquireCloseWithWrites (0.17s)\n"}
2026-10-06T18:28:32.6194093Z {"Time":"2026-10-06T18:28:32.6128011Z","Action":"pass","Package":"github.com/snissn/gomap/TreeDB/caching","Test":"TestAcquireSnapshot_CachedPathConcurrentAcquireCloseWithWrites","Elapsed":0.17}
2026-10-06T18:28:32.6196113Z {"Time":"2026-10-06T18:28:32.6128011Z","Action":"run","Package":"github.com/snissn/gomap/TreeDB/caching","Test":"TestAcquireSnapshot_CapturesPublishedRootDomainVersion"}
2026-10-06T18:28:32.6198111Z {"Time":"2026-10-06T18:28:32.6128011Z","Action":"output","Package":"github.com/snissn/gomap/TreeDB/caching","Test":"TestAcquireSnapshot_CapturesPublishedRootDomainVersion","Output":"=== RUN   TestAcquireSnapshot_CapturesPublishedRootDomainVersion\n"}
2026-10-06T18:28:32.7585290Z {"Time":"2026-10-06T18:28:32.746781Z","Action":"output","Package":"github.com/snissn/gomap/TreeDB/caching","Test":"TestAcquireSnapshot_CapturesPublishedRootDomainVersion","Output":"--- PASS: TestAcquireSnapshot_CapturesPublishedRootDomainVersion (0.13s)\n"}
2026-10-06T18:28:32.7587857Z {"Time":"2026-10-06T18:28:32.746781Z","Action":"pass","Package":"github.com/snissn/gomap/TreeDB/caching","Test":"TestAcquireSnapshot_CapturesPublishedRootDomainVersion","Elapsed":0.13}
2026-10-06T18:28:32.7589838Z {"Time":"2026-10-06T18:28:32.7472794Z","Action":"run","Package":"github.com/snissn/gomap/TreeDB/caching","Test":"TestAcquireBackendSnapshotFastPath_RejectsMutableCachedWrites"}
2026-10-06T18:28:32.7592114Z {"Time":"2026-10-06T18:28:32.7472794Z","Action":"output","Package":"github.com/snissn/gomap/TreeDB/caching","Test":"TestAcquireBackendSnapshotFastPath_RejectsMutableCachedWrites","Output":"=== RUN   TestAcquireBackendSnapshotFastPath_RejectsMutableCachedWrites\n"}
2026-10-06T18:28:32.8982108Z {"Time":"2026-10-06T18:28:32.8871361Z","Action":"output","Package":"github.com/snissn/gomap/TreeDB/caching","Test":"TestAcquireBackendSnapshotFastPath_RejectsMutableCachedWrites","Output":"--- PASS: TestAcquireBackendSnapshotFastPath_RejectsMutableCachedWrites (0.14s)\n"}
2026-10-06T18:28:32.8984199Z {"Time":"2026-10-06T18:28:32.8871361Z","Action":"pass","Package":"github.com/snissn/gomap/TreeDB/caching","Test":"TestAcquireBackendSnapshotFastPath_RejectsMutableCachedWrites","Elapsed":0.14}
2026-10-06T18:28:32.8985878Z {"Time":"2026-10-06T18:28:32.8871361Z","Action":"run","Package":"github.com/snissn/gomap/TreeDB/caching","Test":"TestAcquireBackendSnapshotFastPath_RejectsPublishedRootState"}
2026-10-06T18:28:32.8988215Z {"Time":"2026-10-06T18:28:32.8871361Z","Action":"output","Package":"github.com/snissn/gomap/TreeDB/caching","Test":"TestAcquireBackendSnapshotFastPath_RejectsPublishedRootState","Output":"=== RUN   TestAcquireBackendSnapshotFastPath_RejectsPublishedRootState\n"}
2026-10-06T18:28:33.0065431Z {"Time":"2026-10-06T18:28:32.9967123Z","Action":"output","Package":"github.com/snissn/gomap/TreeDB/caching","Test":"TestAcquireBackendSnapshotFastPath_RejectsPublishedRootState","Output":"--- PASS: TestAcquireBackendSnapshotFastPath_RejectsPublishedRootState (0.11s)\n"}
2026-10-06T18:28:33.0067140Z {"Time":"2026-10-06T18:28:32.9977937Z","Action":"pass","Package":"github.com/snissn/gomap/TreeDB/caching","Test":"TestAcquireBackendSnapshotFastPath_RejectsPublishedRootState","Elapsed":0.11}
2026-10-06T18:28:33.0068603Z {"Time":"2026-10-06T18:28:32.9977937Z","Action":"run","Package":"github.com/snissn/gomap/TreeDB/caching","Test":"TestSnapshotGetAppend_PublishedAppendHitReturnsWithoutFallback"}
2026-10-06T18:28:33.0070361Z {"Time":"2026-10-06T18:28:32.9977937Z","Action":"output","Package":"github.com/snissn/gomap/TreeDB/caching","Test":"TestSnapshotGetAppend_PublishedAppendHitReturnsWithoutFallback","Output":"=== RUN   TestSnapshotGetAppend_PublishedAppendHitReturnsWithoutFallback\n"}
2026-10-06T18:28:33.0072317Z {"Time":"2026-10-06T18:28:32.9977937Z","Action":"output","Package":"github.com/snissn/gomap/TreeDB/caching","Test":"TestSnapshotGetAppend_PublishedAppendHitReturnsWithoutFallback","Output":"--- PASS: TestSnapshotGetAppend_PublishedAppendHitReturnsWithoutFallback (0.00s)\n"}
2026-10-06T18:28:33.0074264Z {"Time":"2026-10-06T18:28:32.9977937Z","Action":"pass","Package":"github.com/snissn/gomap/TreeDB/caching","Test":"TestSnapshotGetAppend_PublishedAppendHitReturnsWithoutFallback","Elapsed":0}
2026-10-06T18:28:33.0075528Z {"Time":"2026-10-06T18:28:32.9977937Z","Action":"run","Package":"github.com/snissn/gomap/TreeDB/caching","Test":"TestSnapshotGetAppend_PublishedMissFallbackHandlesShortErrorOutput"}
2026-10-06T18:28:33.0077134Z {"Time":"2026-10-06T18:28:32.9977937Z","Action":"output","Package":"github.com/snissn/gomap/TreeDB/caching","Test":"TestSnapshotGetAppend_PublishedMissFallbackHandlesShortErrorOutput","Output":"=== RUN   TestSnapshotGetAppend_PublishedMissFallbackHandlesShortErrorOutput\n"}
2026-10-06T18:28:33.2549936Z {"Time":"2026-10-06T18:28:33.252403Z","Action":"output","Package":"github.com/snissn/gomap/TreeDB/caching","Test":"TestSnapshotGetAppend_PublishedMissFallbackHandlesShortErrorOutput","Output":"--- PASS: TestSnapshotGetAppend_PublishedMissFallbackHandlesShortErrorOutput (0.25s)\n"}
2026-10-06T18:28:33.2551733Z {"Time":"2026-10-06T18:28:33.2529454Z","Action":"pass","Package":"github.com/snissn/gomap/TreeDB/caching","Test":"TestSnapshotGetAppend_PublishedMissFallbackHandlesShortErrorOutput","Elapsed":0.25}
2026-10-06T18:28:33.2553568Z {"Time":"2026-10-06T18:28:33.2529454Z","Action":"run","Package":"github.com/snissn/gomap/TreeDB/caching","Test":"TestSnapshotGetAppend_BackendPublishedMissSkipsEntryProbe"}
2026-10-06T18:28:33.2555066Z {"Time":"2026-10-06T18:28:33.2529454Z","Action":"output","Package":"github.com/snissn/gomap/TreeDB/caching","Test":"TestSnapshotGetAppend_BackendPublishedMissSkipsEntryProbe","Output":"=== RUN   TestSnapshotGetAppend_BackendPublishedMissSkipsEntryProbe\n"}
2026-10-06T18:28:33.2556916Z {"Time":"2026-10-06T18:28:33.2529454Z","Action":"output","Package":"github.com/snissn/gomap/TreeDB/caching","Test":"TestSnapshotGetAppend_BackendPublishedMissSkipsEntryProbe","Output":"--- PASS: TestSnapshotGetAppend_BackendPublishedMissSkipsEntryProbe (0.00s)\n"}
2026-10-06T18:28:33.2559338Z {"Time":"2026-10-06T18:28:33.2529454Z","Action":"pass","Package":"github.com/snissn/gomap/TreeDB/caching","Test":"TestSnapshotGetAppend_BackendPublishedMissSkipsEntryProbe","Elapsed":0}
2026-10-06T18:28:33.2561103Z {"Time":"2026-10-06T18:28:33.2529454Z","Action":"run","Package":"github.com/snissn/gomap/TreeDB/caching","Test":"TestSnapshotGet_NilReceiverReturnsClosed"}
2026-10-06T18:28:33.2562354Z {"Time":"2026-10-06T18:28:33.2529454Z","Action":"output","Package":"github.com/snissn/gomap/TreeDB/caching","Test":"TestSnapshotGet_NilReceiverReturnsClosed","Output":"=== RUN   TestSnapshotGet_NilReceiverReturnsClosed\n"}
2026-10-06T18:28:33.2564570Z {"Time":"2026-10-06T18:28:33.2529454Z","Action":"output","Package":"github.com/snissn/gomap/TreeDB/caching","Test":"TestSnapshotGet_NilReceiverReturnsClosed","Output":"--- PASS: TestSnapshotGet_NilReceiverReturnsClosed (0.00s)\n"}
2026-10-06T18:28:33.2566059Z {"Time":"2026-10-06T18:28:33.2529454Z","Action":"pass","Package":"github.com/snissn/gomap/TreeDB/caching","Test":"TestSnapshotGet_NilReceiverReturnsClosed","Elapsed":0}
2026-10-06T18:28:33.2567250Z {"Time":"2026-10-06T18:28:33.2529454Z","Action":"run","Package":"github.com/snissn/gomap/TreeDB/caching","Test":"TestSnapshotGetAppend_RootBoundPublishedMissDoesNotFallbackToDefaultRoot"}
2026-10-06T18:28:33.2568893Z {"Time":"2026-10-06T18:28:33.2529454Z","Action":"output","Package":"github.com/snissn/gomap/TreeDB/caching","Test":"TestSnapshotGetAppend_RootBoundPublishedMissDoesNotFallbackToDefaultRoot","Output":"=== RUN   TestSnapshotGetAppend_RootBoundPublishedMissDoesNotFallbackToDefaultRoot\n"}
2026-10-06T18:28:33.5815298Z {"Time":"2026-10-06T18:28:33.5800643Z","Action":"output","Package":"github.com/snissn/gomap/TreeDB/caching","Test":"TestSnapshotGetAppend_RootBoundPublishedMissDoesNotFallbackToDefaultRoot","Output":"--- PASS: TestSnapshotGetAppend_RootBoundPublishedMissDoesNotFallbackToDefaultRoot (0.33s)\n"}
2026-10-06T18:28:33.5817390Z {"Time":"2026-10-06T18:28:33.5800643Z","Action":"pass","Package":"github.com/snissn/gomap/TreeDB/caching","Test":"TestSnapshotGetAppend_RootBoundPublishedMissDoesNotFallbackToDefaultRoot","Elapsed":0.33}
2026-10-06T18:28:33.5819877Z {"Time":"2026-10-06T18:28:33.5800643Z","Action":"run","Package":"github.com/snissn/gomap/TreeDB/caching","Test":"TestBatchWriteAppendOnlyReservesShardEntriesBeforeApply"}
2026-10-06T18:28:33.5821399Z {"Time":"2026-10-06T18:28:33.5800643Z","Action":"output","Package":"github.com/snissn/gomap/TreeDB/caching","Test":"TestBatchWriteAppendOnlyReservesShardEntriesBeforeApply","Output":"=== RUN   TestBatchWriteAppendOnlyReservesShardEntriesBeforeApply\n"}
2026-10-06T18:28:33.6436935Z {"Time":"2026-10-06T18:28:33.6342319Z","Action":"output","Package":"github.com/snissn/gomap/TreeDB/caching","Test":"TestBatchWriteAppendOnlyReservesShardEntriesBeforeApply","Output":"--- PASS: TestBatchWriteAppendOnlyReservesShardEntriesBeforeApply (0.05s)\n"}
2026-10-06T18:28:33.6438623Z {"Time":"2026-10-06T18:28:33.6342319Z","Action":"pass","Package":"github.com/snissn/gomap/TreeDB/caching","Test":"TestBatchWriteAppendOnlyReservesShardEntriesBeforeApply","Elapsed":0.05}
2026-10-06T18:28:33.6439874Z {"Time":"2026-10-06T18:28:33.6342319Z","Action":"run","Package":"github.com/snissn/gomap/TreeDB/caching","Test":"TestBatchWriteSortedOverlappingExistingKeyFallsBackToGeneric"}
2026-10-06T18:28:33.6441569Z {"Time":"2026-10-06T18:28:33.6342319Z","Action":"output","Package":"github.com/snissn/gomap/TreeDB/caching","Test":"TestBatchWriteSortedOverlappingExistingKeyFallsBackToGeneric","Output":"=== RUN   TestBatchWriteSortedOverlappingExistingKeyFallsBackToGeneric\n"}
2026-10-06T18:28:33.6941294Z {"Time":"2026-10-06T18:28:33.6917234Z","Action":"output","Package":"github.com/snissn/gomap/TreeDB/caching","Test":"TestBatchWriteSortedOverlappingExistingKeyFallsBackToGeneric","Output":"--- PASS: TestBatchWriteSortedOverlappingExistingKeyFallsBackToGeneric (0.06s)\n"}
2026-10-06T18:28:33.6943043Z {"Time":"2026-10-06T18:28:33.6917234Z","Action":"pass","Package":"github.com/snissn/gomap/TreeDB/caching","Test":"TestBatchWriteSortedOverlappingExistingKeyFallsBackToGeneric","Elapsed":0.06}
2026-10-06T18:28:33.6944274Z {"Time":"2026-10-06T18:28:33.6917234Z","Action":"run","Package":"github.com/snissn/gomap/TreeDB/caching","Test":"TestValueLogDirForLane_UsesLeafDirOnlyForReservedLeafLog"}
2026-10-06T18:28:33.6946116Z {"Time":"2026-10-06T18:28:33.6917234Z","Action":"output","Package":"github.com/snissn/gomap/TreeDB/caching","Test":"TestValueLogDirForLane_UsesLeafDirOnlyForReservedLeafLog","Output":"=== RUN   TestValueLogDirForLane_UsesLeafDirOnlyForReservedLeafLog\n"}
2026-10-06T18:28:33.6948300Z {"Time":"2026-10-06T18:28:33.6917234Z","Action":"output","Package":"github.com/snissn/gomap/TreeDB/caching","Test":"TestValueLogDirForLane_UsesLeafDirOnlyForReservedLeafLog","Output":"--- PASS: TestValueLogDirForLane_UsesLeafDirOnlyForReservedLeafLog (0.00s)\n"}
2026-10-06T18:28:33.6950693Z {"Time":"2026-10-06T18:28:33.6917234Z","Action":"pass","Package":"github.com/snissn/gomap/TreeDB/caching","Test":"TestValueLogDirForLane_UsesLeafDirOnlyForReservedLeafLog","Elapsed":0}
2026-10-06T18:28:33.6952325Z {"Time":"2026-10-06T18:28:33.6917234Z","Action":"run","Package":"github.com/snissn/gomap/TreeDB/caching","Test":"TestOpenSharesBackendValueLogIdentityPinRegistry"}
2026-10-06T18:28:33.6953720Z {"Time":"2026-10-06T18:28:33.6917234Z","Action":"output","Package":"github.com/snissn/gomap/TreeDB/caching","Test":"TestOpenSharesBackendValueLogIdentityPinRegistry","Output":"=== RUN   TestOpenSharesBackendValueLogIdentityPinRegistry\n"}
2026-10-06T18:28:33.8298776Z {"Time":"2026-10-06T18:28:33.8267462Z","Action":"output","Package":"github.com/snissn/gomap/TreeDB/caching","Test":"TestOpenSharesBackendValueLogIdentityPinRegistry","Output":"--- PASS: TestOpenSharesBackendValueLogIdentityPinRegistry (0.13s)\n"}
2026-10-06T18:28:33.8300391Z {"Time":"2026-10-06T18:28:33.8267462Z","Action":"pass","Package":"github.com/snissn/gomap/TreeDB/caching","Test":"TestOpenSharesBackendValueLogIdentityPinRegistry","Elapsed":0.13}
2026-10-06T18:28:33.8301597Z {"Time":"2026-10-06T18:28:33.8267462Z","Action":"run","Package":"github.com/snissn/gomap/TreeDB/caching","Test":"TestAtomicStats"}
2026-10-06T18:28:33.8302573Z {"Time":"2026-10-06T18:28:33.8267462Z","Action":"output","Package":"github.com/snissn/gomap/TreeDB/caching","Test":"TestAtomicStats","Output":"=== RUN   TestAtomicStats\n"}
2026-10-06T18:28:33.8303712Z {"Time":"2026-10-06T18:28:33.8272749Z","Action":"output","Package":"github.com/snissn/gomap/TreeDB/caching","Test":"TestAtomicStats","Output":"--- PASS: TestAtomicStats (0.00s)\n"}
2026-10-06T18:28:33.8304765Z {"Time":"2026-10-06T18:28:33.8272749Z","Action":"pass","Package":"github.com/snissn/gomap/TreeDB/caching","Test":"TestAtomicStats","Elapsed":0}
2026-10-06T18:28:33.8305804Z {"Time":"2026-10-06T18:28:33.8272749Z","Action":"run","Package":"github.com/snissn/gomap/TreeDB/caching","Test":"TestChooseAdaptiveMode_BTreeMinIteratorSamplesExplicitZero"}
2026-10-06T18:28:33.8307460Z {"Time":"2026-10-06T18:28:33.8272749Z","Action":"output","Package":"github.com/snissn/gomap/TreeDB/caching","Test":"TestChooseAdaptiveMode_BTreeMinIteratorSamplesExplicitZero","Output":"=== RUN   TestChooseAdaptiveMode_BTreeMinIteratorSamplesExplicitZero\n"}
2026-10-06T18:28:33.8309352Z {"Time":"2026-10-06T18:28:33.8272749Z","Action":"output","Package":"github.com/snissn/gomap/TreeDB/caching","Test":"TestChooseAdaptiveMode_BTreeMinIteratorSamplesExplicitZero","Output":"--- PASS: TestChooseAdaptiveMode_BTreeMinIteratorSamplesExplicitZero (0.00s)\n"}
2026-10-06T18:28:33.8310945Z {"Time":"2026-10-06T18:28:33.8272749Z","Action":"pass","Package":"github.com/snissn/gomap/TreeDB/caching","Test":"TestChooseAdaptiveMode_BTreeMinIteratorSamplesExplicitZero","Elapsed":0}
2026-10-06T18:28:33.8312265Z {"Time":"2026-10-06T18:28:33.8272749Z","Action":"run","Package":"github.com/snissn/gomap/TreeDB/caching","Test":"TestNoteWriteSortedRunMatchesPerKey_NoPrior"}
2026-10-06T18:28:33.8313557Z {"Time":"2026-10-06T18:28:33.8272749Z","Action":"output","Package":"github.com/snissn/gomap/TreeDB/caching","Test":"TestNoteWriteSortedRunMatchesPerKey_NoPrior","Output":"=== RUN   TestNoteWriteSortedRunMatchesPerKey_NoPrior\n"}
2026-10-06T18:28:33.8315103Z {"Time":"2026-10-06T18:28:33.8272749Z","Action":"output","Package":"github.com/snissn/gomap/TreeDB/caching","Test":"TestNoteWriteSortedRunMatchesPerKey_NoPrior","Output":"--- PASS: TestNoteWriteSortedRunMatchesPerKey_NoPrior (0.00s)\n"}
2026-10-06T18:28:33.8316941Z {"Time":"2026-10-06T18:28:33.8272749Z","Action":"pass","Package":"github.com/snissn/gomap/TreeDB/caching","Test":"TestNoteWriteSortedRunMatchesPerKey_NoPrior","Elapsed":0}
2026-10-06T18:28:33.8318249Z {"Time":"2026-10-06T18:28:33.8272749Z","Action":"run","Package":"github.com/snissn/gomap/TreeDB/caching","Test":"TestUnifiedWAL_ValueLogFlow"}
2026-10-06T18:28:33.8319480Z {"Time":"2026-10-06T18:28:33.8272749Z","Action":"output","Package":"github.com/snissn/gomap/TreeDB/caching","Test":"TestUnifiedWAL_ValueLogFlow","Output":"=== RUN   TestUnifiedWAL_ValueLogFlow\n"}
2026-10-06T18:28:34.3467817Z {"Time":"2026-10-06T18:28:34.3450073Z","Action":"output","Package":"github.com/snissn/gomap/TreeDB/caching","Test":"TestUnifiedWAL_ValueLogFlow","Output":"    unified_wal_comprehensive_test.go:51: CommitLog Size: 0, ValueLog Size: 0\n"}
2026-10-06T18:28:34.3758211Z {"Time":"2026-10-06T18:28:34.3627791Z","Action":"output","Package":"github.com/snissn/gomap/TreeDB/caching","Test":"TestUnifiedWAL_ValueLogFlow","Output":"--- PASS: TestUnifiedWAL_ValueLogFlow (0.54s)\n"}
2026-10-06T18:28:34.3760414Z {"Time":"2026-10-06T18:28:34.3627791Z","Action":"pass","Package":"github.com/snissn/gomap/TreeDB/caching","Test":"TestUnifiedWAL_ValueLogFlow","Elapsed":0.54}
2026-10-06T18:28:34.3762294Z {"Time":"2026-10-06T18:28:34.3627791Z","Action":"run","Package":"github.com/snissn/gomap/TreeDB/caching","Test":"TestUnifiedWAL_CrashRecoveryCompactZeroInlineBatch"}
2026-10-06T18:28:34.3764771Z {"Time":"2026-10-06T18:28:34.3627791Z","Action":"output","Package":"github.com/snissn/gomap/TreeDB/caching","Test":"TestUnifiedWAL_CrashRecoveryCompactZeroInlineBatch","Output":"=== RUN   TestUnifiedWAL_CrashRecoveryCompactZeroInlineBatch\n"}
2026-10-06T18:28:34.5470483Z {"Time":"2026-10-06T18:28:34.5432811Z","Action":"output","Package":"github.com/snissn/gomap/TreeDB/caching","Test":"TestUnifiedWAL_CrashRecoveryCompactZeroInlineBatch","Output":"--- PASS: TestUnifiedWAL_CrashRecoveryCompactZeroInlineBatch (0.18s)\n"}
2026-10-06T18:28:34.5472165Z {"Time":"2026-10-06T18:28:34.5432811Z","Action":"pass","Package":"github.com/snissn/gomap/TreeDB/caching","Test":"TestUnifiedWAL_CrashRecoveryCompactZeroInlineBatch","Elapsed":0.18}
2026-10-06T18:28:34.5473325Z {"Time":"2026-10-06T18:28:34.5432811Z","Action":"run","Package":"github.com/snissn/gomap/TreeDB/caching","Test":"TestUnifiedWAL_LargeBatch"}
2026-10-06T18:28:34.5474688Z {"Time":"2026-10-06T18:28:34.5432811Z","Action":"output","Package":"github.com/snissn/gomap/TreeDB/caching","Test":"TestUnifiedWAL_LargeBatch","Output":"=== RUN   TestUnifiedWAL_LargeBatch\n"}
2026-10-06T18:28:34.8270045Z {"Time":"2026-10-06T18:28:34.8198696Z","Action":"output","Package":"github.com/snissn/gomap/TreeDB/caching","Test":"TestUnifiedWAL_LargeBatch","Output":"--- PASS: TestUnifiedWAL_LargeBatch (0.28s)\n"}
2026-10-06T18:28:34.8271882Z {"Time":"2026-10-06T18:28:34.8198696Z","Action":"pass","Package":"github.com/snissn/gomap/TreeDB/caching","Test":"TestUnifiedWAL_LargeBatch","Elapsed":0.28}
2026-10-06T18:28:34.8273551Z {"Time":"2026-10-06T18:28:34.8198696Z","Action":"run","Package":"github.com/snissn/gomap/TreeDB/caching","Test":"TestRelaxedSync_Performance"}
2026-10-06T18:28:34.8274887Z {"Time":"2026-10-06T18:28:34.8198696Z","Action":"output","Package":"github.com/snissn/gomap/TreeDB/caching","Test":"TestRelaxedSync_Performance","Output":"=== RUN   TestRelaxedSync_Performance\n"}
2026-10-06T18:28:35.8691319Z {"Time":"2026-10-06T18:28:35.864034Z","Action":"output","Package":"github.com/snissn/gomap/TreeDB/caching","Test":"TestRelaxedSync_Performance","Output":"    unsafe_options_test.go:116: Sync: 963.9684ms, Relaxed: 5.622ms\n"}
2026-10-06T18:28:35.8694497Z {"Time":"2026-10-06T18:28:35.864034Z","Action":"output","Package":"github.com/snissn/gomap/TreeDB/caching","Test":"TestRelaxedSync_Performance","Output":"    unsafe_options_test.go:123: Speedup: 171.46x\n"}
2026-10-06T18:28:35.8697010Z {"Time":"2026-10-06T18:28:35.8675942Z","Action":"output","Package":"github.com/snissn/gomap/TreeDB/caching","Test":"TestRelaxedSync_Performance","Output":"--- PASS: TestRelaxedSync_Performance (1.05s)\n"}
2026-10-06T18:28:35.8698931Z {"Time":"2026-10-06T18:28:35.8675942Z","Action":"pass","Package":"github.com/snissn/gomap/TreeDB/caching","Test":"TestRelaxedSync_Performance","Elapsed":1.05}
2026-10-06T18:28:35.8700244Z {"Time":"2026-10-06T18:28:35.8675942Z","Action":"run","Package":"github.com/snissn/gomap/TreeDB/caching","Test":"TestLockUpdateKeyWithDeferNoAlloc"}
2026-10-06T18:28:35.8702411Z {"Time":"2026-10-06T18:28:35.8675942Z","Action":"output","Package":"github.com/snissn/gomap/TreeDB/caching","Test":"TestLockUpdateKeyWithDeferNoAlloc","Output":"=== RUN   TestLockUpdateKeyWithDeferNoAlloc\n"}
2026-10-06T18:28:35.8703907Z {"Time":"2026-10-06T18:28:35.8680709Z","Action":"output","Package":"github.com/snissn/gomap/TreeDB/caching","Test":"TestLockUpdateKeyWithDeferNoAlloc","Output":"--- PASS: TestLockUpdateKeyWithDeferNoAlloc (0.00s)\n"}
2026-10-06T18:28:35.8705170Z {"Time":"2026-10-06T18:28:35.8680709Z","Action":"pass","Package":"github.com/snissn/gomap/TreeDB/caching","Test":"TestLockUpdateKeyWithDeferNoAlloc","Elapsed":0}
2026-10-06T18:28:35.8706706Z {"Time":"2026-10-06T18:28:35.8680709Z","Action":"run","Package":"github.com/snissn/gomap/TreeDB/caching","Test":"TestCachingValueLogExternalRefFlusherDefersRotatedCommandFrameSyncToPinnedDebt"}
2026-10-06T18:28:35.8708557Z {"Time":"2026-10-06T18:28:35.8680709Z","Action":"output","Package":"github.com/snissn/gomap/TreeDB/caching","Test":"TestCachingValueLogExternalRefFlusherDefersRotatedCommandFrameSyncToPinnedDebt","Output":"=== RUN   TestCachingValueLogExternalRefFlusherDefersRotatedCommandFrameSyncToPinnedDebt\n"}
2026-10-06T18:28:35.8711592Z {"Time":"2026-10-06T18:28:35.8680709Z","Action":"output","Package":"github.com/snissn/gomap/TreeDB/caching","Test":"TestCachingValueLogExternalRefFlusherDefersRotatedCommandFrameSyncToPinnedDebt","Output":"    value_log_appender_test.go:228: durable command-WAL activation fails closed without stable namespace persistence\n"}
2026-10-06T18:28:35.8714808Z {"Time":"2026-10-06T18:28:35.8680709Z","Action":"output","Package":"github.com/snissn/gomap/TreeDB/caching","Test":"TestCachingValueLogExternalRefFlusherDefersRotatedCommandFrameSyncToPinnedDebt","Output":"--- SKIP: TestCachingValueLogExternalRefFlusherDefersRotatedCommandFrameSyncToPinnedDebt (0.00s)\n"}
2026-10-06T18:28:35.8716979Z {"Time":"2026-10-06T18:28:35.8680709Z","Action":"skip","Package":"github.com/snissn/gomap/TreeDB/caching","Test":"TestCachingValueLogExternalRefFlusherDefersRotatedCommandFrameSyncToPinnedDebt","Elapsed":0}
2026-10-06T18:28:35.8718416Z {"Time":"2026-10-06T18:28:35.8680709Z","Action":"run","Package":"github.com/snissn/gomap/TreeDB/caching","Test":"TestCachingValueLogAppenderStripesOnlyAcrossHotGenerationLanes"}
2026-10-06T18:28:35.8719984Z {"Time":"2026-10-06T18:28:35.8680709Z","Action":"output","Package":"github.com/snissn/gomap/TreeDB/caching","Test":"TestCachingValueLogAppenderStripesOnlyAcrossHotGenerationLanes","Output":"=== RUN   TestCachingValueLogAppenderStripesOnlyAcrossHotGenerationLanes\n"}
2026-10-06T18:28:35.8721960Z {"Time":"2026-10-06T18:28:35.8680709Z","Action":"output","Package":"github.com/snissn/gomap/TreeDB/caching","Test":"TestCachingValueLogAppenderStripesOnlyAcrossHotGenerationLanes","Output":"--- PASS: TestCachingValueLogAppenderStripesOnlyAcrossHotGenerationLanes (0.00s)\n"}
2026-10-06T18:28:35.8723815Z {"Time":"2026-10-06T18:28:35.8680709Z","Action":"pass","Package":"github.com/snissn/gomap/TreeDB/caching","Test":"TestCachingValueLogAppenderStripesOnlyAcrossHotGenerationLanes","Elapsed":0}
2026-10-06T18:28:35.8725035Z {"Time":"2026-10-06T18:28:35.8680709Z","Action":"run","Package":"github.com/snissn/gomap/TreeDB/caching","Test":"TestCachingValueLogAppenderLaneFailureReturnsNoPointers"}
2026-10-06T18:28:35.8726500Z {"Time":"2026-10-06T18:28:35.8680709Z","Action":"output","Package":"github.com/snissn/gomap/TreeDB/caching","Test":"TestCachingValueLogAppenderLaneFailureReturnsNoPointers","Output":"=== RUN   TestCachingValueLogAppenderLaneFailureReturnsNoPointers\n"}
2026-10-06T18:28:35.8846565Z {"Time":"2026-10-06T18:28:35.8704919Z","Action":"output","Package":"github.com/snissn/gomap/TreeDB/caching","Test":"TestCachingValueLogAppenderLaneFailureReturnsNoPointers","Output":"--- PASS: TestCachingValueLogAppenderLaneFailureReturnsNoPointers (0.00s)\n"}
2026-10-06T18:28:35.8849710Z {"Time":"2026-10-06T18:28:35.8704919Z","Action":"pass","Package":"github.com/snissn/gomap/TreeDB/caching","Test":"TestCachingValueLogAppenderLaneFailureReturnsNoPointers","Elapsed":0}
2026-10-06T18:28:35.8851449Z {"Time":"2026-10-06T18:28:35.8704919Z","Action":"run","Package":"github.com/snissn/gomap/TreeDB/caching","Test":"TestCachingValueLogExternalRefFlusherEmptyIDsSyncsAllPendingLanes"}
2026-10-06T18:28:35.8853728Z {"Time":"2026-10-06T18:28:35.8704919Z","Action":"output","Package":"github.com/snissn/gomap/TreeDB/caching","Test":"TestCachingValueLogExternalRefFlusherEmptyIDsSyncsAllPendingLanes","Output":"=== RUN   TestCachingValueLogExternalRefFlusherEmptyIDsSyncsAllPendingLanes\n"}
2026-10-06T18:28:35.8856927Z {"Time":"2026-10-06T18:28:35.8704919Z","Action":"output","Package":"github.com/snissn/gomap/TreeDB/caching","Test":"TestCachingValueLogExternalRefFlusherEmptyIDsSyncsAllPendingLanes","Output":"--- PASS: TestCachingValueLogExternalRefFlusherEmptyIDsSyncsAllPendingLanes (0.00s)\n"}
2026-10-06T18:28:35.8859266Z {"Time":"2026-10-06T18:28:35.8710877Z","Action":"pass","Package":"github.com/snissn/gomap/TreeDB/caching","Test":"TestCachingValueLogExternalRefFlusherEmptyIDsSyncsAllPendingLanes","Elapsed":0}
2026-10-06T18:28:35.8861123Z {"Time":"2026-10-06T18:28:35.8710877Z","Action":"run","Package":"github.com/snissn/gomap/TreeDB/caching","Test":"TestPutValueLogRecordsNoClear_Smoke"}
2026-10-06T18:28:35.8862343Z {"Time":"2026-10-06T18:28:35.8710877Z","Action":"output","Package":"github.com/snissn/gomap/TreeDB/caching","Test":"TestPutValueLogRecordsNoClear_Smoke","Output":"=== RUN   TestPutValueLogRecordsNoClear_Smoke\n"}
2026-10-06T18:28:35.8863771Z {"Time":"2026-10-06T18:28:35.8710877Z","Action":"output","Package":"github.com/snissn/gomap/TreeDB/caching","Test":"TestPutValueLogRecordsNoClear_Smoke","Output":"--- PASS: TestPutValueLogRecordsNoClear_Smoke (0.00s)\n"}
2026-10-06T18:28:35.8865014Z {"Time":"2026-10-06T18:28:35.8710877Z","Action":"pass","Package":"github.com/snissn/gomap/TreeDB/caching","Test":"TestPutValueLogRecordsNoClear_Smoke","Elapsed":0}
2026-10-06T18:28:35.8867147Z {"Time":"2026-10-06T18:28:35.8710877Z","Action":"run","Package":"github.com/snissn/gomap/TreeDB/caching","Test":"TestReserveValueLogRIDs_InvalidCount"}
2026-10-06T18:28:35.8868384Z {"Time":"2026-10-06T18:28:35.8710877Z","Action":"output","Package":"github.com/snissn/gomap/TreeDB/caching","Test":"TestReserveValueLogRIDs_InvalidCount","Output":"=== RUN   TestReserveValueLogRIDs_InvalidCount\n"}
2026-10-06T18:28:35.8869804Z {"Time":"2026-10-06T18:28:35.8710877Z","Action":"output","Package":"github.com/snissn/gomap/TreeDB/caching","Test":"TestReserveValueLogRIDs_InvalidCount","Output":"--- PASS: TestReserveValueLogRIDs_InvalidCount (0.00s)\n"}
2026-10-06T18:28:35.8871323Z {"Time":"2026-10-06T18:28:35.8710877Z","Action":"pass","Package":"github.com/snissn/gomap/TreeDB/caching","Test":"TestReserveValueLogRIDs_InvalidCount","Elapsed":0}
2026-10-06T18:28:35.8872542Z {"Time":"2026-10-06T18:28:35.8710877Z","Action":"run","Package":"github.com/snissn/gomap/TreeDB/caching","Test":"TestOpenRejectsInvalidValueLogDomainInlineThresholds"}
2026-10-06T18:28:35.8873994Z {"Time":"2026-10-06T18:28:35.871436Z","Action":"output","Package":"github.com/snissn/gomap/TreeDB/caching","Test":"TestOpenRejectsInvalidValueLogDomainInlineThresholds","Output":"=== RUN   TestOpenRejectsInvalidValueLogDomainInlineThresholds\n"}
2026-10-06T18:28:35.8875466Z {"Time":"2026-10-06T18:28:35.871436Z","Action":"run","Package":"github.com/snissn/gomap/TreeDB/caching","Test":"TestOpenRejectsInvalidValueLogDomainInlineThresholds/empty_prefix"}
2026-10-06T18:28:35.8877397Z {"Time":"2026-10-06T18:28:35.871436Z","Action":"output","Package":"github.com/snissn/gomap/TreeDB/caching","Test":"TestOpenRejectsInvalidValueLogDomainInlineThresholds/empty_prefix","Output":"=== RUN   TestOpenRejectsInvalidValueLogDomainInlineThresholds/empty_prefix\n"}
2026-10-06T18:28:35.9634300Z {"Time":"2026-10-06T18:28:35.956095Z","Action":"output","Package":"github.com/snissn/gomap/TreeDB/caching","Test":"TestOpenRejectsInvalidValueLogDomainInlineThresholds/empty_prefix","Output":"--- PASS: TestOpenRejectsInvalidValueLogDomainInlineThresholds/empty_prefix (0.08s)\n"}
2026-10-06T18:28:35.9636327Z {"Time":"2026-10-06T18:28:35.956095Z","Action":"pass","Package":"github.com/snissn/gomap/TreeDB/caching","Test":"TestOpenRejectsInvalidValueLogDomainInlineThresholds/empty_prefix","Elapsed":0.08}
2026-10-06T18:28:35.9637840Z {"Time":"2026-10-06T18:28:35.956095Z","Action":"run","Package":"github.com/snissn/gomap/TreeDB/caching","Test":"TestOpenRejectsInvalidValueLogDomainInlineThresholds/negative_threshold"}
2026-10-06T18:28:35.9640381Z {"Time":"2026-10-06T18:28:35.956095Z","Action":"output","Package":"github.com/snissn/gomap/TreeDB/caching","Test":"TestOpenRejectsInvalidValueLogDomainInlineThresholds/negative_threshold","Output":"=== RUN   TestOpenRejectsInvalidValueLogDomainInlineThresholds/negative_threshold\n"}
2026-10-06T18:28:36.1512405Z {"Time":"2026-10-06T18:28:36.148978Z","Action":"output","Package":"github.com/snissn/gomap/TreeDB/caching","Test":"TestOpenRejectsInvalidValueLogDomainInlineThresholds/negative_threshold","Output":"--- PASS: TestOpenRejectsInvalidValueLogDomainInlineThresholds/negative_threshold (0.19s)\n"}
2026-10-06T18:28:36.1514464Z {"Time":"2026-10-06T18:28:36.148978Z","Action":"pass","Package":"github.com/snissn/gomap/TreeDB/caching","Test":"TestOpenRejectsInvalidValueLogDomainInlineThresholds/negative_threshold","Elapsed":0.19}
2026-10-06T18:28:36.1515821Z {"Time":"2026-10-06T18:28:36.148978Z","Action":"run","Package":"github.com/snissn/gomap/TreeDB/caching","Test":"TestOpenRejectsInvalidValueLogDomainInlineThresholds/duplicate_prefix"}
2026-10-06T18:28:36.1517456Z {"Time":"2026-10-06T18:28:36.148978Z","Action":"output","Package":"github.com/snissn/gomap/TreeDB/caching","Test":"TestOpenRejectsInvalidValueLogDomainInlineThresholds/duplicate_prefix","Output":"=== RUN   TestOpenRejectsInvalidValueLogDomainInlineThresholds/duplicate_prefix\n"}
2026-10-06T18:28:36.2276448Z {"Time":"2026-10-06T18:28:36.2261973Z","Action":"output","Package":"github.com/snissn/gomap/TreeDB/caching","Test":"TestOpenRejectsInvalidValueLogDomainInlineThresholds/duplicate_prefix","Output":"--- PASS: TestOpenRejectsInvalidValueLogDomainInlineThresholds/duplicate_prefix (0.08s)\n"}
2026-10-06T18:28:36.2278476Z {"Time":"2026-10-06T18:28:36.2261973Z","Action":"pass","Package":"github.com/snissn/gomap/TreeDB/caching","Test":"TestOpenRejectsInvalidValueLogDomainInlineThresholds/duplicate_prefix","Elapsed":0.08}
2026-10-06T18:28:36.2280485Z {"Time":"2026-10-06T18:28:36.2261973Z","Action":"output","Package":"github.com/snissn/gomap/TreeDB/caching","Test":"TestOpenRejectsInvalidValueLogDomainInlineThresholds","Output":"--- PASS: TestOpenRejectsInvalidValueLogDomainInlineThresholds (0.35s)\n"}
2026-10-06T18:28:36.2282051Z {"Time":"2026-10-06T18:28:36.2261973Z","Action":"pass","Package":"github.com/snissn/gomap/TreeDB/caching","Test":"TestOpenRejectsInvalidValueLogDomainInlineThresholds","Elapsed":0.35}
2026-10-06T18:28:36.2283232Z {"Time":"2026-10-06T18:28:36.2261973Z","Action":"run","Package":"github.com/snissn/gomap/TreeDB/caching","Test":"TestCommandWALPointCallbacksReceiveVisibleRevision"}
2026-10-06T18:28:36.2284636Z {"Time":"2026-10-06T18:28:36.2261973Z","Action":"output","Package":"github.com/snissn/gomap/TreeDB/caching","Test":"TestCommandWALPointCallbacksReceiveVisibleRevision","Output":"=== RUN   TestCommandWALPointCallbacksReceiveVisibleRevision\n"}
2026-10-06T18:28:36.2321867Z {"Time":"2026-10-06T18:28:36.2306802Z","Action":"output","Package":"github.com/snissn/gomap/TreeDB/caching","Test":"TestCommandWALPointCallbacksReceiveVisibleRevision","Output":"--- PASS: TestCommandWALPointCallbacksReceiveVisibleRevision (0.00s)\n"}
2026-10-06T18:28:36.2325073Z {"Time":"2026-10-06T18:28:36.2306802Z","Action":"pass","Package":"github.com/snissn/gomap/TreeDB/caching","Test":"TestCommandWALPointCallbacksReceiveVisibleRevision","Elapsed":0}
2026-10-06T18:28:36.2327558Z {"Time":"2026-10-06T18:28:36.2306802Z","Action":"run","Package":"github.com/snissn/gomap/TreeDB/caching","Test":"TestAllowAutoDictSampling_BootstrapIgnoresMissingSelector"}
2026-10-06T18:28:36.2330165Z {"Time":"2026-10-06T18:28:36.2306802Z","Action":"output","Package":"github.com/snissn/gomap/TreeDB/caching","Test":"TestAllowAutoDictSampling_BootstrapIgnoresMissingSelector","Output":"=== RUN   TestAllowAutoDictSampling_BootstrapIgnoresMissingSelector\n"}
2026-10-06T18:28:36.2333362Z {"Time":"2026-10-06T18:28:36.2306802Z","Action":"output","Package":"github.com/snissn/gomap/TreeDB/caching","Test":"TestAllowAutoDictSampling_BootstrapIgnoresMissingSelector","Output":"--- PASS: TestAllowAutoDictSampling_BootstrapIgnoresMissingSelector (0.00s)\n"}
2026-10-06T18:28:36.2336057Z {"Time":"2026-10-06T18:28:36.2306802Z","Action":"pass","Package":"github.com/snissn/gomap/TreeDB/caching","Test":"TestAllowAutoDictSampling_BootstrapIgnoresMissingSelector","Elapsed":0}
2026-10-06T18:28:36.2338483Z {"Time":"2026-10-06T18:28:36.2312431Z","Action":"run","Package":"github.com/snissn/gomap/TreeDB/caching","Test":"TestVlogAutotuneMetricsVirtualTime"}
2026-10-06T18:28:36.2340572Z {"Time":"2026-10-06T18:28:36.2312431Z","Action":"output","Package":"github.com/snissn/gomap/TreeDB/caching","Test":"TestVlogAutotuneMetricsVirtualTime","Output":"=== RUN   TestVlogAutotuneMetricsVirtualTime\n"}
2026-10-06T18:28:36.2343085Z {"Time":"2026-10-06T18:28:36.2312431Z","Action":"output","Package":"github.com/snissn/gomap/TreeDB/caching","Test":"TestVlogAutotuneMetricsVirtualTime","Output":"--- PASS: TestVlogAutotuneMetricsVirtualTime (0.00s)\n"}
2026-10-06T18:28:36.2345258Z {"Time":"2026-10-06T18:28:36.2312431Z","Action":"pass","Package":"github.com/snissn/gomap/TreeDB/caching","Test":"TestVlogAutotuneMetricsVirtualTime","Elapsed":0}
2026-10-06T18:28:36.2347277Z {"Time":"2026-10-06T18:28:36.2312431Z","Action":"run","Package":"github.com/snissn/gomap/TreeDB/caching","Test":"TestChooseValueLogBlockWriteK_LargePayloadUsesExpandedTarget"}
2026-10-06T18:28:36.2349981Z {"Time":"2026-10-06T18:28:36.2312431Z","Action":"output","Package":"github.com/snissn/gomap/TreeDB/caching","Test":"TestChooseValueLogBlockWriteK_LargePayloadUsesExpandedTarget","Output":"=== RUN   TestChooseValueLogBlockWriteK_LargePayloadUsesExpandedTarget\n"}
2026-10-06T18:28:36.2353208Z {"Time":"2026-10-06T18:28:36.2312431Z","Action":"output","Package":"github.com/snissn/gomap/TreeDB/caching","Test":"TestChooseValueLogBlockWriteK_LargePayloadUsesExpandedTarget","Output":"--- PASS: TestChooseValueLogBlockWriteK_LargePayloadUsesExpandedTarget (0.00s)\n"}
2026-10-06T18:28:36.2354811Z {"Time":"2026-10-06T18:28:36.2312431Z","Action":"pass","Package":"github.com/snissn/gomap/TreeDB/caching","Test":"TestChooseValueLogBlockWriteK_LargePayloadUsesExpandedTarget","Elapsed":0}
2026-10-06T18:28:36.2355962Z {"Time":"2026-10-06T18:28:36.2312431Z","Action":"run","Package":"github.com/snissn/gomap/TreeDB/caching","Test":"TestValueLogBlockFrames_BoundedOrdinaryPayload"}
2026-10-06T18:28:36.2357681Z {"Time":"2026-10-06T18:28:36.2312431Z","Action":"output","Package":"github.com/snissn/gomap/TreeDB/caching","Test":"TestValueLogBlockFrames_BoundedOrdinaryPayload","Output":"=== RUN   TestValueLogBlockFrames_BoundedOrdinaryPayload\n"}
2026-10-06T18:28:36.2359165Z {"Time":"2026-10-06T18:28:36.2316428Z","Action":"run","Package":"github.com/snissn/gomap/TreeDB/caching","Test":"TestValueLogBlockFrames_BoundedOrdinaryPayload/queued_false/workers_false/opaque_false"}
2026-10-06T18:28:36.2360908Z {"Time":"2026-10-06T18:28:36.2316428Z","Action":"output","Package":"github.com/snissn/gomap/TreeDB/caching","Test":"TestValueLogBlockFrames_BoundedOrdinaryPayload/queued_false/workers_false/opaque_false","Output":"=== RUN   TestValueLogBlockFrames_BoundedOrdinaryPayload/queued_false/workers_false/opaque_false\n"}
2026-10-06T18:28:36.2754097Z {"Time":"2026-10-06T18:28:36.270805Z","Action":"output","Package":"github.com/snissn/gomap/TreeDB/caching","Test":"TestValueLogBlockFrames_BoundedOrdinaryPayload/queued_false/workers_false/opaque_false","Output":"--- PASS: TestValueLogBlockFrames_BoundedOrdinaryPayload/queued_false/workers_false/opaque_false (0.04s)\n"}
2026-10-06T18:28:36.2756338Z {"Time":"2026-10-06T18:28:36.270805Z","Action":"pass","Package":"github.com/snissn/gomap/TreeDB/caching","Test":"TestValueLogBlockFrames_BoundedOrdinaryPayload/queued_false/workers_false/opaque_false","Elapsed":0.04}
2026-10-06T18:28:36.2758037Z {"Time":"2026-10-06T18:28:36.270805Z","Action":"run","Package":"github.com/snissn/gomap/TreeDB/caching","Test":"TestValueLogBlockFrames_BoundedOrdinaryPayload/queued_false/workers_false/opaque_true"}
2026-10-06T18:28:36.2759928Z {"Time":"2026-10-06T18:28:36.270805Z","Action":"output","Package":"github.com/snissn/gomap/TreeDB/caching","Test":"TestValueLogBlockFrames_BoundedOrdinaryPayload/queued_false/workers_false/opaque_true","Output":"=== RUN   TestValueLogBlockFrames_BoundedOrdinaryPayload/queued_false/workers_false/opaque_true\n"}
2026-10-06T18:28:36.3228940Z {"Time":"2026-10-06T18:28:36.3132212Z","Action":"output","Package":"github.com/snissn/gomap/TreeDB/caching","Test":"TestValueLogBlockFrames_BoundedOrdinaryPayload/queued_false/workers_false/opaque_true","Output":"--- PASS: TestValueLogBlockFrames_BoundedOrdinaryPayload/queued_false/workers_false/opaque_true (0.04s)\n"}
2026-10-06T18:28:36.3233133Z {"Time":"2026-10-06T18:28:36.3132212Z","Action":"pass","Package":"github.com/snissn/gomap/TreeDB/caching","Test":"TestValueLogBlockFrames_BoundedOrdinaryPayload/queued_false/workers_false/opaque_true","Elapsed":0.04}
2026-10-06T18:28:36.3236627Z {"Time":"2026-10-06T18:28:36.3137815Z","Action":"run","Package":"github.com/snissn/gomap/TreeDB/caching","Test":"TestValueLogBlockFrames_BoundedOrdinaryPayload/queued_false/workers_true/opaque_false"}
2026-10-06T18:28:36.3240400Z {"Time":"2026-10-06T18:28:36.3137815Z","Action":"output","Package":"github.com/snissn/gomap/TreeDB/caching","Test":"TestValueLogBlockFrames_BoundedOrdinaryPayload/queued_false/workers_true/opaque_false","Output":"=== RUN   TestValueLogBlockFrames_BoundedOrdinaryPayload/queued_false/workers_true/opaque_false\n"}
2026-10-06T18:28:36.3372994Z {"Time":"2026-10-06T18:28:36.3260147Z","Action":"output","Package":"github.com/snissn/gomap/TreeDB/caching","Test":"TestValueLogBlockFrames_BoundedOrdinaryPayload/queued_false/workers_true/opaque_false","Output":"--- PASS: TestValueLogBlockFrames_BoundedOrdinaryPayload/queued_false/workers_true/opaque_false (0.01s)\n"}
2026-10-06T18:28:36.3375906Z {"Time":"2026-10-06T18:28:36.3264843Z","Action":"pass","Package":"github.com/snissn/gomap/TreeDB/caching","Test":"TestValueLogBlockFrames_BoundedOrdinaryPayload/queued_false/workers_true/opaque_false","Elapsed":0.01}
2026-10-06T18:28:36.3377659Z {"Time":"2026-10-06T18:28:36.3264843Z","Action":"run","Package":"github.com/snissn/gomap/TreeDB/caching","Test":"TestValueLogBlockFrames_BoundedOrdinaryPayload/queued_false/workers_true/opaque_true"}
2026-10-06T18:28:36.3379997Z {"Time":"2026-10-06T18:28:36.3264843Z","Action":"output","Package":"github.com/snissn/gomap/TreeDB/caching","Test":"TestValueLogBlockFrames_BoundedOrdinaryPayload/queued_false/workers_true/opaque_true","Output":"=== RUN   TestValueLogBlockFrames_BoundedOrdinaryPayload/queued_false/workers_true/opaque_true\n"}
2026-10-06T18:28:36.4004918Z {"Time":"2026-10-06T18:28:36.3933704Z","Action":"output","Package":"github.com/snissn/gomap/TreeDB/caching","Test":"TestValueLogBlockFrames_BoundedOrdinaryPayload/queued_false/workers_true/opaque_true","Output":"--- PASS: TestValueLogBlockFrames_BoundedOrdinaryPayload/queued_false/workers_true/opaque_true (0.07s)\n"}
2026-10-06T18:28:36.4008011Z {"Time":"2026-10-06T18:28:36.3933704Z","Action":"pass","Package":"github.com/snissn/gomap/TreeDB/caching","Test":"TestValueLogBlockFrames_BoundedOrdinaryPayload/queued_false/workers_true/opaque_true","Elapsed":0.07}
2026-10-06T18:28:36.4010256Z {"Time":"2026-10-06T18:28:36.3933704Z","Action":"run","Package":"github.com/snissn/gomap/TreeDB/caching","Test":"TestValueLogBlockFrames_BoundedOrdinaryPayload/queued_true/workers_false/opaque_false"}
2026-10-06T18:28:36.4013453Z {"Time":"2026-10-06T18:28:36.3933704Z","Action":"output","Package":"github.com/snissn/gomap/TreeDB/caching","Test":"TestValueLogBlockFrames_BoundedOrdinaryPayload/queued_true/workers_false/opaque_false","Output":"=== RUN   TestValueLogBlockFrames_BoundedOrdinaryPayload/queued_true/workers_false/opaque_false\n"}
2026-10-06T18:28:36.4157438Z {"Time":"2026-10-06T18:28:36.4049683Z","Action":"output","Package":"github.com/snissn/gomap/TreeDB/caching","Test":"TestValueLogBlockFrames_BoundedOrdinaryPayload/queued_true/workers_false/opaque_false","Output":"--- PASS: TestValueLogBlockFrames_BoundedOrdinaryPayload/queued_true/workers_false/opaque_false (0.01s)\n"}
2026-10-06T18:28:36.4160634Z {"Time":"2026-10-06T18:28:36.4049683Z","Action":"pass","Package":"github.com/snissn/gomap/TreeDB/caching","Test":"TestValueLogBlockFrames_BoundedOrdinaryPayload/queued_true/workers_false/opaque_false","Elapsed":0.01}
2026-10-06T18:28:36.4162565Z {"Time":"2026-10-06T18:28:36.4049683Z","Action":"run","Package":"github.com/snissn/gomap/TreeDB/caching","Test":"TestValueLogBlockFrames_BoundedOrdinaryPayload/queued_true/workers_false/opaque_true"}
2026-10-06T18:28:36.4165467Z {"Time":"2026-10-06T18:28:36.4049683Z","Action":"output","Package":"github.com/snissn/gomap/TreeDB/caching","Test":"TestValueLogBlockFrames_BoundedOrdinaryPayload/queued_true/workers_false/opaque_true","Output":"=== RUN   TestValueLogBlockFrames_BoundedOrdinaryPayload/queued_true/workers_false/opaque_true\n"}
2026-10-06T18:28:36.4634170Z {"Time":"2026-10-06T18:28:36.4544901Z","Action":"output","Package":"github.com/snissn/gomap/TreeDB/caching","Test":"TestValueLogBlockFrames_BoundedOrdinaryPayload/queued_true/workers_false/opaque_true","Output":"--- PASS: TestValueLogBlockFrames_BoundedOrdinaryPayload/queued_true/workers_false/opaque_true (0.05s)\n"}
2026-10-06T18:28:36.4636147Z {"Time":"2026-10-06T18:28:36.4544901Z","Action":"pass","Package":"github.com/snissn/gomap/TreeDB/caching","Test":"TestValueLogBlockFrames_BoundedOrdinaryPayload/queued_true/workers_false/opaque_true","Elapsed":0.05}
2026-10-06T18:28:36.4637713Z {"Time":"2026-10-06T18:28:36.4544901Z","Action":"output","Package":"github.com/snissn/gomap/TreeDB/caching","Test":"TestValueLogBlockFrames_BoundedOrdinaryPayload","Output":"--- PASS: TestValueLogBlockFrames_BoundedOrdinaryPayload (0.22s)\n"}
2026-10-06T18:28:36.4639903Z {"Time":"2026-10-06T18:28:36.4544901Z","Action":"pass","Package":"github.com/snissn/gomap/TreeDB/caching","Test":"TestValueLogBlockFrames_BoundedOrdinaryPayload","Elapsed":0.22}
2026-10-06T18:28:36.4641102Z {"Time":"2026-10-06T18:28:36.4544901Z","Action":"run","Package":"github.com/snissn/gomap/TreeDB/caching","Test":"TestAppendValueLog_RestoresWriterPolicyAfterBoundedHandoff"}
2026-10-06T18:28:36.4642608Z {"Time":"2026-10-06T18:28:36.4544901Z","Action":"output","Package":"github.com/snissn/gomap/TreeDB/caching","Test":"TestAppendValueLog_RestoresWriterPolicyAfterBoundedHandoff","Output":"=== RUN   TestAppendValueLog_RestoresWriterPolicyAfterBoundedHandoff\n"}
2026-10-06T18:28:36.4645561Z {"Time":"2026-10-06T18:28:36.4550298Z","Action":"output","Package":"github.com/snissn/gomap/TreeDB/caching","Test":"TestAppendValueLog_RestoresWriterPolicyAfterBoundedHandoff","Output":"--- PASS: TestAppendValueLog_RestoresWriterPolicyAfterBoundedHandoff (0.00s)\n"}
2026-10-06T18:28:36.4647167Z {"Time":"2026-10-06T18:28:36.4550298Z","Action":"pass","Package":"github.com/snissn/gomap/TreeDB/caching","Test":"TestAppendValueLog_RestoresWriterPolicyAfterBoundedHandoff","Elapsed":0}
2026-10-06T18:28:36.4648429Z {"Time":"2026-10-06T18:28:36.4550298Z","Action":"run","Package":"github.com/snissn/gomap/TreeDB/caching","Test":"TestResolveVlogWriteMode_DictAggressiveLargeOuterLeafPayloadPrefersBlock"}
2026-10-06T18:28:36.4651652Z {"Time":"2026-10-06T18:28:36.4550298Z","Action":"output","Package":"github.com/snissn/gomap/TreeDB/caching","Test":"TestResolveVlogWriteMode_DictAggressiveLargeOuterLeafPayloadPrefersBlock","Output":"=== RUN   TestResolveVlogWriteMode_DictAggressiveLargeOuterLeafPayloadPrefersBlock\n"}
2026-10-06T18:28:36.4653990Z {"Time":"2026-10-06T18:28:36.4550298Z","Action":"output","Package":"github.com/snissn/gomap/TreeDB/caching","Test":"TestResolveVlogWriteMode_DictAggressiveLargeOuterLeafPayloadPrefersBlock","Output":"--- PASS: TestResolveVlogWriteMode_DictAggressiveLargeOuterLeafPayloadPrefersBlock (0.00s)\n"}
2026-10-06T18:28:36.4655902Z {"Time":"2026-10-06T18:28:36.4550298Z","Action":"pass","Package":"github.com/snissn/gomap/TreeDB/caching","Test":"TestResolveVlogWriteMode_DictAggressiveLargeOuterLeafPayloadPrefersBlock","Elapsed":0}
2026-10-06T18:28:36.4657564Z {"Time":"2026-10-06T18:28:36.4550298Z","Action":"run","Package":"github.com/snissn/gomap/TreeDB/caching","Test":"TestAppendValueLog_AutoBalancedCompactRetainedTemplateBatchUsesBlockFrames"}
2026-10-06T18:28:36.4659254Z {"Time":"2026-10-06T18:28:36.4550298Z","Action":"output","Package":"github.com/snissn/gomap/TreeDB/caching","Test":"TestAppendValueLog_AutoBalancedCompactRetainedTemplateBatchUsesBlockFrames","Output":"=== RUN   TestAppendValueLog_AutoBalancedCompactRetainedTemplateBatchUsesBlockFrames\n"}
2026-10-06T18:28:36.4661429Z {"Time":"2026-10-06T18:28:36.457825Z","Action":"output","Package":"github.com/snissn/gomap/TreeDB/caching","Test":"TestAppendValueLog_AutoBalancedCompactRetainedTemplateBatchUsesBlockFrames","Output":"--- PASS: TestAppendValueLog_AutoBalancedCompactRetainedTemplateBatchUsesBlockFrames (0.00s)\n"}
2026-10-06T18:28:36.4663548Z {"Time":"2026-10-06T18:28:36.457825Z","Action":"pass","Package":"github.com/snissn/gomap/TreeDB/caching","Test":"TestAppendValueLog_AutoBalancedCompactRetainedTemplateBatchUsesBlockFrames","Elapsed":0}
2026-10-06T18:28:36.4664830Z {"Time":"2026-10-06T18:28:36.457825Z","Action":"run","Package":"github.com/snissn/gomap/TreeDB/caching","Test":"TestAppendValueLogOne_DictAggressiveWithoutDictRecordsBlockStats"}
2026-10-06T18:28:36.4666666Z {"Time":"2026-10-06T18:28:36.457825Z","Action":"output","Package":"github.com/snissn/gomap/TreeDB/caching","Test":"TestAppendValueLogOne_DictAggressiveWithoutDictRecordsBlockStats","Output":"=== RUN   TestAppendValueLogOne_DictAggressiveWithoutDictRecordsBlockStats\n"}
2026-10-06T18:28:36.4669072Z {"Time":"2026-10-06T18:28:36.4597538Z","Action":"output","Package":"github.com/snissn/gomap/TreeDB/caching","Test":"TestAppendValueLogOne_DictAggressiveWithoutDictRecordsBlockStats","Output":"--- PASS: TestAppendValueLogOne_DictAggressiveWithoutDictRecordsBlockStats (0.00s)\n"}
2026-10-06T18:28:36.4670667Z {"Time":"2026-10-06T18:28:36.4597538Z","Action":"pass","Package":"github.com/snissn/gomap/TreeDB/caching","Test":"TestAppendValueLogOne_DictAggressiveWithoutDictRecordsBlockStats","Elapsed":0}
2026-10-06T18:28:36.4672029Z {"Time":"2026-10-06T18:28:36.4597538Z","Action":"run","Package":"github.com/snissn/gomap/TreeDB/caching","Test":"TestAppendValueLogOne_LeafLaneAutoBalancedPrefersLZ4"}
2026-10-06T18:28:36.4673893Z {"Time":"2026-10-06T18:28:36.4597538Z","Action":"output","Package":"github.com/snissn/gomap/TreeDB/caching","Test":"TestAppendValueLogOne_LeafLaneAutoBalancedPrefersLZ4","Output":"=== RUN   TestAppendValueLogOne_LeafLaneAutoBalancedPrefersLZ4\n"}
2026-10-06T18:28:36.4675587Z {"Time":"2026-10-06T18:28:36.4618592Z","Action":"output","Package":"github.com/snissn/gomap/TreeDB/caching","Test":"TestAppendValueLogOne_LeafLaneAutoBalancedPrefersLZ4","Output":"--- PASS: TestAppendValueLogOne_LeafLaneAutoBalancedPrefersLZ4 (0.00s)\n"}
2026-10-06T18:28:36.4677027Z {"Time":"2026-10-06T18:28:36.4618592Z","Action":"pass","Package":"github.com/snissn/gomap/TreeDB/caching","Test":"TestAppendValueLogOne_LeafLaneAutoBalancedPrefersLZ4","Elapsed":0}
2026-10-06T18:28:36.4678239Z {"Time":"2026-10-06T18:28:36.4618592Z","Action":"run","Package":"github.com/snissn/gomap/TreeDB/caching","Test":"TestAppendValueLogOne_AutoForcePointerRetainedPayloadResetsBlockBackoff"}
2026-10-06T18:28:36.4680952Z {"Time":"2026-10-06T18:28:36.4618592Z","Action":"output","Package":"github.com/snissn/gomap/TreeDB/caching","Test":"TestAppendValueLogOne_AutoForcePointerRetainedPayloadResetsBlockBackoff","Output":"=== RUN   TestAppendValueLogOne_AutoForcePointerRetainedPayloadResetsBlockBackoff\n"}
2026-10-06T18:28:36.4793088Z {"Time":"2026-10-06T18:28:36.4638706Z","Action":"output","Package":"github.com/snissn/gomap/TreeDB/caching","Test":"TestAppendValueLogOne_AutoForcePointerRetainedPayloadResetsBlockBackoff","Output":"--- PASS: TestAppendValueLogOne_AutoForcePointerRetainedPayloadResetsBlockBackoff (0.00s)\n"}
2026-10-06T18:28:36.4797121Z {"Time":"2026-10-06T18:28:36.4638706Z","Action":"pass","Package":"github.com/snissn/gomap/TreeDB/caching","Test":"TestAppendValueLogOne_AutoForcePointerRetainedPayloadResetsBlockBackoff","Elapsed":0}
2026-10-06T18:28:36.4799796Z {"Time":"2026-10-06T18:28:36.4638706Z","Action":"run","Package":"github.com/snissn/gomap/TreeDB/caching","Test":"TestAppendValueLog_AutoBalancedForcePointerHighEntropyPayloadUsesGroupedRawFrame"}
2026-10-06T18:28:36.4803230Z {"Time":"2026-10-06T18:28:36.4638706Z","Action":"output","Package":"github.com/snissn/gomap/TreeDB/caching","Test":"TestAppendValueLog_AutoBalancedForcePointerHighEntropyPayloadUsesGroupedRawFrame","Output":"=== RUN   TestAppendValueLog_AutoBalancedForcePointerHighEntropyPayloadUsesGroupedRawFrame\n"}
2026-10-06T18:28:36.4807906Z {"Time":"2026-10-06T18:28:36.4661393Z","Action":"output","Package":"github.com/snissn/gomap/TreeDB/caching","Test":"TestAppendValueLog_AutoBalancedForcePointerHighEntropyPayloadUsesGroupedRawFrame","Output":"--- PASS: TestAppendValueLog_AutoBalancedForcePointerHighEntropyPayloadUsesGroupedRawFrame (0.00s)\n"}
2026-10-06T18:28:36.4811427Z {"Time":"2026-10-06T18:28:36.4661393Z","Action":"pass","Package":"github.com/snissn/gomap/TreeDB/caching","Test":"TestAppendValueLog_AutoBalancedForcePointerHighEntropyPayloadUsesGroupedRawFrame","Elapsed":0}
2026-10-06T18:28:36.4813911Z {"Time":"2026-10-06T18:28:36.4661393Z","Action":"run","Package":"github.com/snissn/gomap/TreeDB/caching","Test":"TestAppendValueLog_DictModeOuterLeafBypassFallsBackToBlock"}
2026-10-06T18:28:36.4816696Z {"Time":"2026-10-06T18:28:36.4661393Z","Action":"output","Package":"github.com/snissn/gomap/TreeDB/caching","Test":"TestAppendValueLog_DictModeOuterLeafBypassFallsBackToBlock","Output":"=== RUN   TestAppendValueLog_DictModeOuterLeafBypassFallsBackToBlock\n"}
2026-10-06T18:28:36.4820193Z {"Time":"2026-10-06T18:28:36.4684295Z","Action":"output","Package":"github.com/snissn/gomap/TreeDB/caching","Test":"TestAppendValueLog_DictModeOuterLeafBypassFallsBackToBlock","Output":"--- PASS: TestAppendValueLog_DictModeOuterLeafBypassFallsBackToBlock (0.00s)\n"}
2026-10-06T18:28:36.4823228Z {"Time":"2026-10-06T18:28:36.4684295Z","Action":"pass","Package":"github.com/snissn/gomap/TreeDB/caching","Test":"TestAppendValueLog_DictModeOuterLeafBypassFallsBackToBlock","Elapsed":0}
2026-10-06T18:28:36.4825531Z {"Time":"2026-10-06T18:28:36.4684295Z","Action":"run","Package":"github.com/snissn/gomap/TreeDB/caching","Test":"TestAppendValueLogOne_BlockModeSingleWriteTracksCompressedRatio"}
2026-10-06T18:28:36.4828773Z {"Time":"2026-10-06T18:28:36.4684295Z","Action":"output","Package":"github.com/snissn/gomap/TreeDB/caching","Test":"TestAppendValueLogOne_BlockModeSingleWriteTracksCompressedRatio","Output":"=== RUN   TestAppendValueLogOne_BlockModeSingleWriteTracksCompressedRatio\n"}
2026-10-06T18:28:36.4832424Z {"Time":"2026-10-06T18:28:36.4701168Z","Action":"output","Package":"github.com/snissn/gomap/TreeDB/caching","Test":"TestAppendValueLogOne_BlockModeSingleWriteTracksCompressedRatio","Output":"--- PASS: TestAppendValueLogOne_BlockModeSingleWriteTracksCompressedRatio (0.00s)\n"}
2026-10-06T18:28:36.4835474Z {"Time":"2026-10-06T18:28:36.4701168Z","Action":"pass","Package":"github.com/snissn/gomap/TreeDB/caching","Test":"TestAppendValueLogOne_BlockModeSingleWriteTracksCompressedRatio","Elapsed":0}
2026-10-06T18:28:36.4838005Z {"Time":"2026-10-06T18:28:36.4701168Z","Action":"run","Package":"github.com/snissn/gomap/TreeDB/caching","Test":"TestVlogCompressionSelector_EntersHoldAndProbes"}
2026-10-06T18:28:36.4840749Z {"Time":"2026-10-06T18:28:36.4701168Z","Action":"output","Package":"github.com/snissn/gomap/TreeDB/caching","Test":"TestVlogCompressionSelector_EntersHoldAndProbes","Output":"=== RUN   TestVlogCompressionSelector_EntersHoldAndProbes\n"}
2026-10-06T18:28:36.4843862Z {"Time":"2026-10-06T18:28:36.4701168Z","Action":"output","Package":"github.com/snissn/gomap/TreeDB/caching","Test":"TestVlogCompressionSelector_EntersHoldAndProbes","Output":"--- PASS: TestVlogCompressionSelector_EntersHoldAndProbes (0.00s)\n"}
2026-10-06T18:28:36.4846827Z {"Time":"2026-10-06T18:28:36.4701168Z","Action":"pass","Package":"github.com/snissn/gomap/TreeDB/caching","Test":"TestVlogCompressionSelector_EntersHoldAndProbes","Elapsed":0}
2026-10-06T18:28:36.4848854Z {"Time":"2026-10-06T18:28:36.4706556Z","Action":"run","Package":"github.com/snissn/gomap/TreeDB/caching","Test":"TestVlogCompressionSelector_DictSelectionByPolicy"}
2026-10-06T18:28:36.4851299Z {"Time":"2026-10-06T18:28:36.4706556Z","Action":"output","Package":"github.com/snissn/gomap/TreeDB/caching","Test":"TestVlogCompressionSelector_DictSelectionByPolicy","Output":"=== RUN   TestVlogCompressionSelector_DictSelectionByPolicy\n"}
2026-10-06T18:28:36.4854351Z {"Time":"2026-10-06T18:28:36.4706556Z","Action":"output","Package":"github.com/snissn/gomap/TreeDB/caching","Test":"TestVlogCompressionSelector_DictSelectionByPolicy","Output":"--- PASS: TestVlogCompressionSelector_DictSelectionByPolicy (0.00s)\n"}
2026-10-06T18:28:36.4856964Z {"Time":"2026-10-06T18:28:36.4706556Z","Action":"pass","Package":"github.com/snissn/gomap/TreeDB/caching","Test":"TestVlogCompressionSelector_DictSelectionByPolicy","Elapsed":0}
2026-10-06T18:28:36.4859277Z {"Time":"2026-10-06T18:28:36.4706556Z","Action":"run","Package":"github.com/snissn/gomap/TreeDB/caching","Test":"TestVlogCompressionSelector_SeededDictGetsRealExplorationBeforeUnsampledBlockCodecs"}
2026-10-06T18:28:36.4862599Z {"Time":"2026-10-06T18:28:36.4706556Z","Action":"output","Package":"github.com/snissn/gomap/TreeDB/caching","Test":"TestVlogCompressionSelector_SeededDictGetsRealExplorationBeforeUnsampledBlockCodecs","Output":"=== RUN   TestVlogCompressionSelector_SeededDictGetsRealExplorationBeforeUnsampledBlockCodecs\n"}
2026-10-06T18:28:36.4867041Z {"Time":"2026-10-06T18:28:36.4706556Z","Action":"output","Package":"github.com/snissn/gomap/TreeDB/caching","Test":"TestVlogCompressionSelector_SeededDictGetsRealExplorationBeforeUnsampledBlockCodecs","Output":"--- PASS: TestVlogCompressionSelector_SeededDictGetsRealExplorationBeforeUnsampledBlockCodecs (0.00s)\n"}
2026-10-06T18:28:36.4870437Z {"Time":"2026-10-06T18:28:36.4706556Z","Action":"pass","Package":"github.com/snissn/gomap/TreeDB/caching","Test":"TestVlogCompressionSelector_SeededDictGetsRealExplorationBeforeUnsampledBlockCodecs","Elapsed":0}
2026-10-06T18:28:36.4872744Z {"Time":"2026-10-06T18:28:36.4706556Z","Action":"run","Package":"github.com/snissn/gomap/TreeDB/caching","Test":"TestVlogCompressionSelector_SnapshotCounters"}
2026-10-06T18:28:36.4875208Z {"Time":"2026-10-06T18:28:36.4706556Z","Action":"output","Package":"github.com/snissn/gomap/TreeDB/caching","Test":"TestVlogCompressionSelector_SnapshotCounters","Output":"=== RUN   TestVlogCompressionSelector_SnapshotCounters\n"}
2026-10-06T18:28:36.4878084Z {"Time":"2026-10-06T18:28:36.4706556Z","Action":"output","Package":"github.com/snissn/gomap/TreeDB/caching","Test":"TestVlogCompressionSelector_SnapshotCounters","Output":"--- PASS: TestVlogCompressionSelector_SnapshotCounters (0.00s)\n"}
2026-10-06T18:28:36.4880554Z {"Time":"2026-10-06T18:28:36.4706556Z","Action":"pass","Package":"github.com/snissn/gomap/TreeDB/caching","Test":"TestVlogCompressionSelector_SnapshotCounters","Elapsed":0}
2026-10-06T18:28:36.4882854Z {"Time":"2026-10-06T18:28:36.4706556Z","Action":"run","Package":"github.com/snissn/gomap/TreeDB/caching","Test":"TestChooseValueLogBlockWriteK_RecordsBlockKStats"}
2026-10-06T18:28:36.4885271Z {"Time":"2026-10-06T18:28:36.4706556Z","Action":"output","Package":"github.com/snissn/gomap/TreeDB/caching","Test":"TestChooseValueLogBlockWriteK_RecordsBlockKStats","Output":"=== RUN   TestChooseValueLogBlockWriteK_RecordsBlockKStats\n"}
2026-10-06T18:28:36.4888720Z {"Time":"2026-10-06T18:28:36.4706556Z","Action":"output","Package":"github.com/snissn/gomap/TreeDB/caching","Test":"TestChooseValueLogBlockWriteK_RecordsBlockKStats","Output":"--- PASS: TestChooseValueLogBlockWriteK_RecordsBlockKStats (0.00s)\n"}
2026-10-06T18:28:36.4891257Z {"Time":"2026-10-06T18:28:36.4706556Z","Action":"pass","Package":"github.com/snissn/gomap/TreeDB/caching","Test":"TestChooseValueLogBlockWriteK_RecordsBlockKStats","Elapsed":0}
2026-10-06T18:28:36.4893329Z {"Time":"2026-10-06T18:28:36.4711162Z","Action":"run","Package":"github.com/snissn/gomap/TreeDB/caching","Test":"TestChooseValueLogBlockWriteK_DictAggressiveUsesLaneRatio"}
2026-10-06T18:28:36.4895951Z {"Time":"2026-10-06T18:28:36.4711162Z","Action":"output","Package":"github.com/snissn/gomap/TreeDB/caching","Test":"TestChooseValueLogBlockWriteK_DictAggressiveUsesLaneRatio","Output":"=== RUN   TestChooseValueLogBlockWriteK_DictAggressiveUsesLaneRatio\n"}
2026-10-06T18:28:36.4899242Z {"Time":"2026-10-06T18:28:36.4711162Z","Action":"output","Package":"github.com/snissn/gomap/TreeDB/caching","Test":"TestChooseValueLogBlockWriteK_DictAggressiveUsesLaneRatio","Output":"--- PASS: TestChooseValueLogBlockWriteK_DictAggressiveUsesLaneRatio (0.00s)\n"}
2026-10-06T18:28:36.4902013Z {"Time":"2026-10-06T18:28:36.4711162Z","Action":"pass","Package":"github.com/snissn/gomap/TreeDB/caching","Test":"TestChooseValueLogBlockWriteK_DictAggressiveUsesLaneRatio","Elapsed":0}
2026-10-06T18:28:36.4904376Z {"Time":"2026-10-06T18:28:36.4711162Z","Action":"run","Package":"github.com/snissn/gomap/TreeDB/caching","Test":"TestChooseValueLogBlockWriteK_ForcePointerLargePayloadRespectsConfiguredLargeTarget"}
2026-10-06T18:28:36.4907957Z {"Time":"2026-10-06T18:28:36.4711162Z","Action":"output","Package":"github.com/snissn/gomap/TreeDB/caching","Test":"TestChooseValueLogBlockWriteK_ForcePointerLargePayloadRespectsConfiguredLargeTarget","Output":"=== RUN   TestChooseValueLogBlockWriteK_ForcePointerLargePayloadRespectsConfiguredLargeTarget\n"}
2026-10-06T18:28:36.4912123Z {"Time":"2026-10-06T18:28:36.4711162Z","Action":"output","Package":"github.com/snissn/gomap/TreeDB/caching","Test":"TestChooseValueLogBlockWriteK_ForcePointerLargePayloadRespectsConfiguredLargeTarget","Output":"--- PASS: TestChooseValueLogBlockWriteK_ForcePointerLargePayloadRespectsConfiguredLargeTarget (0.00s)\n"}
2026-10-06T18:28:36.4915513Z {"Time":"2026-10-06T18:28:36.4711162Z","Action":"pass","Package":"github.com/snissn/gomap/TreeDB/caching","Test":"TestChooseValueLogBlockWriteK_ForcePointerLargePayloadRespectsConfiguredLargeTarget","Elapsed":0}
2026-10-06T18:28:36.4917916Z {"Time":"2026-10-06T18:28:36.4711162Z","Action":"run","Package":"github.com/snissn/gomap/TreeDB/caching","Test":"TestPreferLeafPageBlockCodec_CompactedLeafPayloadsPreferLZ4"}
2026-10-06T18:28:36.4920616Z {"Time":"2026-10-06T18:28:36.4711162Z","Action":"output","Package":"github.com/snissn/gomap/TreeDB/caching","Test":"TestPreferLeafPageBlockCodec_CompactedLeafPayloadsPreferLZ4","Output":"=== RUN   TestPreferLeafPageBlockCodec_CompactedLeafPayloadsPreferLZ4\n"}
2026-10-06T18:28:36.4924001Z {"Time":"2026-10-06T18:28:36.4711162Z","Action":"output","Package":"github.com/snissn/gomap/TreeDB/caching","Test":"TestPreferLeafPageBlockCodec_CompactedLeafPayloadsPreferLZ4","Output":"--- PASS: TestPreferLeafPageBlockCodec_CompactedLeafPayloadsPreferLZ4 (0.00s)\n"}
2026-10-06T18:28:36.4927046Z {"Time":"2026-10-06T18:28:36.4711162Z","Action":"pass","Package":"github.com/snissn/gomap/TreeDB/caching","Test":"TestPreferLeafPageBlockCodec_CompactedLeafPayloadsPreferLZ4","Elapsed":0}
2026-10-06T18:28:36.4929661Z {"Time":"2026-10-06T18:28:36.4711162Z","Action":"run","Package":"github.com/snissn/gomap/TreeDB/caching","Test":"TestChooseValueLogBlockWriteK_ThroughputFastPathUsesAveragePayload"}
2026-10-06T18:28:36.4932785Z {"Time":"2026-10-06T18:28:36.4711162Z","Action":"output","Package":"github.com/snissn/gomap/TreeDB/caching","Test":"TestChooseValueLogBlockWriteK_ThroughputFastPathUsesAveragePayload","Output":"=== RUN   TestChooseValueLogBlockWriteK_ThroughputFastPathUsesAveragePayload\n"}
2026-10-06T18:28:36.4936380Z {"Time":"2026-10-06T18:28:36.4711162Z","Action":"output","Package":"github.com/snissn/gomap/TreeDB/caching","Test":"TestChooseValueLogBlockWriteK_ThroughputFastPathUsesAveragePayload","Output":"--- PASS: TestChooseValueLogBlockWriteK_ThroughputFastPathUsesAveragePayload (0.00s)\n"}
2026-10-06T18:28:36.4939687Z {"Time":"2026-10-06T18:28:36.4711162Z","Action":"pass","Package":"github.com/snissn/gomap/TreeDB/caching","Test":"TestChooseValueLogBlockWriteK_ThroughputFastPathUsesAveragePayload","Elapsed":0}
2026-10-06T18:28:36.4941797Z {"Time":"2026-10-06T18:28:36.4711162Z","Action":"run","Package":"github.com/snissn/gomap/TreeDB/caching","Test":"TestVlogCompressionSelector_AllowDictSampling"}
2026-10-06T18:28:36.4944072Z {"Time":"2026-10-06T18:28:36.4711162Z","Action":"output","Package":"github.com/snissn/gomap/TreeDB/caching","Test":"TestVlogCompressionSelector_AllowDictSampling","Output":"=== RUN   TestVlogCompressionSelector_AllowDictSampling\n"}
2026-10-06T18:28:36.4948106Z {"Time":"2026-10-06T18:28:36.4711162Z","Action":"output","Package":"github.com/snissn/gomap/TreeDB/caching","Test":"TestVlogCompressionSelector_AllowDictSampling","Output":"--- PASS: TestVlogCompressionSelector_AllowDictSampling (0.00s)\n"}
2026-10-06T18:28:36.4950638Z {"Time":"2026-10-06T18:28:36.4711162Z","Action":"pass","Package":"github.com/snissn/gomap/TreeDB/caching","Test":"TestVlogCompressionSelector_AllowDictSampling","Elapsed":0}
2026-10-06T18:28:36.4953226Z {"Time":"2026-10-06T18:28:36.4711162Z","Action":"run","Package":"github.com/snissn/gomap/TreeDB/caching","Test":"TestVlogCompressionSelector_ExplorationStopsAfterStrongBlockSignal"}
2026-10-06T18:28:36.4956123Z {"Time":"2026-10-06T18:28:36.4711162Z","Action":"output","Package":"github.com/snissn/gomap/TreeDB/caching","Test":"TestVlogCompressionSelector_ExplorationStopsAfterStrongBlockSignal","Output":"=== RUN   TestVlogCompressionSelector_ExplorationStopsAfterStrongBlockSignal\n"}
2026-10-06T18:28:36.4960644Z {"Time":"2026-10-06T18:28:36.4711162Z","Action":"output","Package":"github.com/snissn/gomap/TreeDB/caching","Test":"TestVlogCompressionSelector_ExplorationStopsAfterStrongBlockSignal","Output":"--- PASS: TestVlogCompressionSelector_ExplorationStopsAfterStrongBlockSignal (0.00s)\n"}
2026-10-06T18:28:36.4963657Z {"Time":"2026-10-06T18:28:36.4711162Z","Action":"pass","Package":"github.com/snissn/gomap/TreeDB/caching","Test":"TestVlogCompressionSelector_ExplorationStopsAfterStrongBlockSignal","Elapsed":0}
2026-10-06T18:28:36.4966595Z {"Time":"2026-10-06T18:28:36.4711162Z","Action":"run","Package":"github.com/snissn/gomap/TreeDB/caching","Test":"TestVlogCompressionSelector_ShouldContinueExploration_WhenAlternativeNotDominated"}
2026-10-06T18:28:36.4969782Z {"Time":"2026-10-06T18:28:36.4711162Z","Action":"output","Package":"github.com/snissn/gomap/TreeDB/caching","Test":"TestVlogCompressionSelector_ShouldContinueExploration_WhenAlternativeNotDominated","Output":"=== RUN   TestVlogCompressionSelector_ShouldContinueExploration_WhenAlternativeNotDominated\n"}
2026-10-06T18:28:36.4974244Z {"Time":"2026-10-06T18:28:36.4711162Z","Action":"output","Package":"github.com/snissn/gomap/TreeDB/caching","Test":"TestVlogCompressionSelector_ShouldContinueExploration_WhenAlternativeNotDominated","Output":"--- PASS: TestVlogCompressionSelector_ShouldContinueExploration_WhenAlternativeNotDominated (0.00s)\n"}
2026-10-06T18:28:36.4977899Z {"Time":"2026-10-06T18:28:36.4711162Z","Action":"pass","Package":"github.com/snissn/gomap/TreeDB/caching","Test":"TestVlogCompressionSelector_ShouldContinueExploration_WhenAlternativeNotDominated","Elapsed":0}
2026-10-06T18:28:36.4980745Z {"Time":"2026-10-06T18:28:36.4711162Z","Action":"run","Package":"github.com/snissn/gomap/TreeDB/caching","Test":"TestVlogCompressionSelector_LargePayloadDoesNotForceLZ4WithoutVeryStrongRatio"}
2026-10-06T18:28:36.4985287Z {"Time":"2026-10-06T18:28:36.4711162Z","Action":"output","Package":"github.com/snissn/gomap/TreeDB/caching","Test":"TestVlogCompressionSelector_LargePayloadDoesNotForceLZ4WithoutVeryStrongRatio","Output":"=== RUN   TestVlogCompressionSelector_LargePayloadDoesNotForceLZ4WithoutVeryStrongRatio\n"}
2026-10-06T18:28:36.4989728Z {"Time":"2026-10-06T18:28:36.4711162Z","Action":"output","Package":"github.com/snissn/gomap/TreeDB/caching","Test":"TestVlogCompressionSelector_LargePayloadDoesNotForceLZ4WithoutVeryStrongRatio","Output":"--- PASS: TestVlogCompressionSelector_LargePayloadDoesNotForceLZ4WithoutVeryStrongRatio (0.00s)\n"}
2026-10-06T18:28:36.4993408Z {"Time":"2026-10-06T18:28:36.4711162Z","Action":"pass","Package":"github.com/snissn/gomap/TreeDB/caching","Test":"TestVlogCompressionSelector_LargePayloadDoesNotForceLZ4WithoutVeryStrongRatio","Elapsed":0}
2026-10-06T18:28:36.4995620Z {"Time":"2026-10-06T18:28:36.4711162Z","Action":"run","Package":"github.com/snissn/gomap/TreeDB/caching","Test":"TestResolveVlogWriteMode_LargePayloadBalancedBypassesSelectorToConfiguredBlock"}
2026-10-06T18:28:36.4999035Z {"Time":"2026-10-06T18:28:36.4711162Z","Action":"output","Package":"github.com/snissn/gomap/TreeDB/caching","Test":"TestResolveVlogWriteMode_LargePayloadBalancedBypassesSelectorToConfiguredBlock","Output":"=== RUN   TestResolveVlogWriteMode_LargePayloadBalancedBypassesSelectorToConfiguredBlock\n"}
2026-10-06T18:28:36.5007113Z {"Time":"2026-10-06T18:28:36.4711162Z","Action":"output","Package":"github.com/snissn/gomap/TreeDB/caching","Test":"TestResolveVlogWriteMode_LargePayloadBalancedBypassesSelectorToConfiguredBlock","Output":"--- PASS: TestResolveVlogWriteMode_LargePayloadBalancedBypassesSelectorToConfiguredBlock (0.00s)\n"}
2026-10-06T18:28:36.5008992Z {"Time":"2026-10-06T18:28:36.4711162Z","Action":"pass","Package":"github.com/snissn/gomap/TreeDB/caching","Test":"TestResolveVlogWriteMode_LargePayloadBalancedBypassesSelectorToConfiguredBlock","Elapsed":0}
2026-10-06T18:28:36.5010880Z {"Time":"2026-10-06T18:28:36.4711162Z","Action":"run","Package":"github.com/snissn/gomap/TreeDB/caching","Test":"TestValueLogPayloadLooksRetainedLikeSemanticStreamBlock"}
2026-10-06T18:28:36.5012390Z {"Time":"2026-10-06T18:28:36.4711162Z","Action":"output","Package":"github.com/snissn/gomap/TreeDB/caching","Test":"TestValueLogPayloadLooksRetainedLikeSemanticStreamBlock","Output":"=== RUN   TestValueLogPayloadLooksRetainedLikeSemanticStreamBlock\n"}
2026-10-06T18:28:36.5014194Z {"Time":"2026-10-06T18:28:36.4711162Z","Action":"output","Package":"github.com/snissn/gomap/TreeDB/caching","Test":"TestValueLogPayloadLooksRetainedLikeSemanticStreamBlock","Output":"--- PASS: TestValueLogPayloadLooksRetainedLikeSemanticStreamBlock (0.00s)\n"}
2026-10-06T18:28:36.5015723Z {"Time":"2026-10-06T18:28:36.4711162Z","Action":"pass","Package":"github.com/snissn/gomap/TreeDB/caching","Test":"TestValueLogPayloadLooksRetainedLikeSemanticStreamBlock","Elapsed":0}
2026-10-06T18:28:36.5016988Z {"Time":"2026-10-06T18:28:36.4711162Z","Action":"run","Package":"github.com/snissn/gomap/TreeDB/caching","Test":"TestChooseRetainedStorageFirstBlockCodec_ExplicitBlockKeepsConfiguredCodec"}
2026-10-06T18:28:36.5019004Z {"Time":"2026-10-06T18:28:36.4711162Z","Action":"output","Package":"github.com/snissn/gomap/TreeDB/caching","Test":"TestChooseRetainedStorageFirstBlockCodec_ExplicitBlockKeepsConfiguredCodec","Output":"=== RUN   TestChooseRetainedStorageFirstBlockCodec_ExplicitBlockKeepsConfiguredCodec\n"}
2026-10-06T18:28:36.5021108Z {"Time":"2026-10-06T18:28:36.4711162Z","Action":"output","Package":"github.com/snissn/gomap/TreeDB/caching","Test":"TestChooseRetainedStorageFirstBlockCodec_ExplicitBlockKeepsConfiguredCodec","Output":"--- PASS: TestChooseRetainedStorageFirstBlockCodec_ExplicitBlockKeepsConfiguredCodec (0.00s)\n"}
2026-10-06T18:28:36.5027797Z {"Time":"2026-10-06T18:28:36.4711162Z","Action":"pass","Package":"github.com/snissn/gomap/TreeDB/caching","Test":"TestChooseRetainedStorageFirstBlockCodec_ExplicitBlockKeepsConfiguredCodec","Elapsed":0}
2026-10-06T18:28:36.5029577Z {"Time":"2026-10-06T18:28:36.4711162Z","Action":"run","Package":"github.com/snissn/gomap/TreeDB/caching","Test":"TestResolveVlogWriteMode_ThroughputPolicyBypassesSelectorForMediumPayload"}
2026-10-06T18:28:36.5032328Z {"Time":"2026-10-06T18:28:36.4711162Z","Action":"output","Package":"github.com/snissn/gomap/TreeDB/caching","Test":"TestResolveVlogWriteMode_ThroughputPolicyBypassesSelectorForMediumPayload","Output":"=== RUN   TestResolveVlogWriteMode_ThroughputPolicyBypassesSelectorForMediumPayload\n"}
2026-10-06T18:28:36.5034395Z {"Time":"2026-10-06T18:28:36.4718691Z","Action":"output","Package":"github.com/snissn/gomap/TreeDB/caching","Test":"TestResolveVlogWriteMode_ThroughputPolicyBypassesSelectorForMediumPayload","Output":"--- PASS: TestResolveVlogWriteMode_ThroughputPolicyBypassesSelectorForMediumPayload (0.00s)\n"}
2026-10-06T18:28:36.5036403Z {"Time":"2026-10-06T18:28:36.4718691Z","Action":"pass","Package":"github.com/snissn/gomap/TreeDB/caching","Test":"TestResolveVlogWriteMode_ThroughputPolicyBypassesSelectorForMediumPayload","Elapsed":0}
2026-10-06T18:28:36.5038261Z {"Time":"2026-10-06T18:28:36.4718691Z","Action":"run","Package":"github.com/snissn/gomap/TreeDB/caching","Test":"TestObserveVlogWriteMode_ThroughputSmallStillObserves"}
2026-10-06T18:28:36.5039638Z {"Time":"2026-10-06T18:28:36.4718691Z","Action":"output","Package":"github.com/snissn/gomap/TreeDB/caching","Test":"TestObserveVlogWriteMode_ThroughputSmallStillObserves","Output":"=== RUN   TestObserveVlogWriteMode_ThroughputSmallStillObserves\n"}
2026-10-06T18:28:36.5041319Z {"Time":"2026-10-06T18:28:36.4718691Z","Action":"output","Package":"github.com/snissn/gomap/TreeDB/caching","Test":"TestObserveVlogWriteMode_ThroughputSmallStillObserves","Output":"--- PASS: TestObserveVlogWriteMode_ThroughputSmallStillObserves (0.00s)\n"}
2026-10-06T18:28:36.5042762Z {"Time":"2026-10-06T18:28:36.4718691Z","Action":"pass","Package":"github.com/snissn/gomap/TreeDB/caching","Test":"TestObserveVlogWriteMode_ThroughputSmallStillObserves","Elapsed":0}
2026-10-06T18:28:36.5043942Z {"Time":"2026-10-06T18:28:36.4718691Z","Action":"run","Package":"github.com/snissn/gomap/TreeDB/caching","Test":"TestResolveVlogWriteMode_StorageFirstValueLogUsesDomainThreshold"}
2026-10-06T18:28:36.5045463Z {"Time":"2026-10-06T18:28:36.4718691Z","Action":"output","Package":"github.com/snissn/gomap/TreeDB/caching","Test":"TestResolveVlogWriteMode_StorageFirstValueLogUsesDomainThreshold","Output":"=== RUN   TestResolveVlogWriteMode_StorageFirstValueLogUsesDomainThreshold\n"}
2026-10-06T18:28:36.5047335Z {"Time":"2026-10-06T18:28:36.4718691Z","Action":"output","Package":"github.com/snissn/gomap/TreeDB/caching","Test":"TestResolveVlogWriteMode_StorageFirstValueLogUsesDomainThreshold","Output":"--- PASS: TestResolveVlogWriteMode_StorageFirstValueLogUsesDomainThreshold (0.00s)\n"}
2026-10-06T18:28:36.5048920Z {"Time":"2026-10-06T18:28:36.4718691Z","Action":"pass","Package":"github.com/snissn/gomap/TreeDB/caching","Test":"TestResolveVlogWriteMode_StorageFirstValueLogUsesDomainThreshold","Elapsed":0}
2026-10-06T18:28:36.5050204Z {"Time":"2026-10-06T18:28:36.4718691Z","Action":"run","Package":"github.com/snissn/gomap/TreeDB/caching","Test":"TestShouldBypassAutoRawValueCompression_CompressibleStorageOwnedStaysEligible"}
2026-10-06T18:28:36.5052394Z {"Time":"2026-10-06T18:28:36.4718691Z","Action":"output","Package":"github.com/snissn/gomap/TreeDB/caching","Test":"TestShouldBypassAutoRawValueCompression_CompressibleStorageOwnedStaysEligible","Output":"=== RUN   TestShouldBypassAutoRawValueCompression_CompressibleStorageOwnedStaysEligible\n"}
2026-10-06T18:28:36.5054977Z {"Time":"2026-10-06T18:28:36.4718691Z","Action":"output","Package":"github.com/snissn/gomap/TreeDB/caching","Test":"TestShouldBypassAutoRawValueCompression_CompressibleStorageOwnedStaysEligible","Output":"--- PASS: TestShouldBypassAutoRawValueCompression_CompressibleStorageOwnedStaysEligible (0.00s)\n"}
2026-10-06T18:28:36.5057033Z {"Time":"2026-10-06T18:28:36.4718691Z","Action":"pass","Package":"github.com/snissn/gomap/TreeDB/caching","Test":"TestShouldBypassAutoRawValueCompression_CompressibleStorageOwnedStaysEligible","Elapsed":0}
2026-10-06T18:28:36.5058663Z {"Time":"2026-10-06T18:28:36.4718691Z","Action":"run","Package":"github.com/snissn/gomap/TreeDB/caching","Test":"TestObserveVlogWriteMode_UsesUnitPayloadForSkipDecision"}
2026-10-06T18:28:36.5060078Z {"Time":"2026-10-06T18:28:36.4718691Z","Action":"output","Package":"github.com/snissn/gomap/TreeDB/caching","Test":"TestObserveVlogWriteMode_UsesUnitPayloadForSkipDecision","Output":"=== RUN   TestObserveVlogWriteMode_UsesUnitPayloadForSkipDecision\n"}
2026-10-06T18:28:36.5061800Z {"Time":"2026-10-06T18:28:36.4718691Z","Action":"output","Package":"github.com/snissn/gomap/TreeDB/caching","Test":"TestObserveVlogWriteMode_UsesUnitPayloadForSkipDecision","Output":"--- PASS: TestObserveVlogWriteMode_UsesUnitPayloadForSkipDecision (0.00s)\n"}
2026-10-06T18:28:36.5063269Z {"Time":"2026-10-06T18:28:36.4718691Z","Action":"pass","Package":"github.com/snissn/gomap/TreeDB/caching","Test":"TestObserveVlogWriteMode_UsesUnitPayloadForSkipDecision","Elapsed":0}
2026-10-06T18:28:36.5064374Z {"Time":"2026-10-06T18:28:36.4718691Z","Action":"run","Package":"github.com/snissn/gomap/TreeDB/caching","Test":"TestRecordLaneVlogPayloadSplitObservation"}
2026-10-06T18:28:36.5065691Z {"Time":"2026-10-06T18:28:36.4718691Z","Action":"output","Package":"github.com/snissn/gomap/TreeDB/caching","Test":"TestRecordLaneVlogPayloadSplitObservation","Output":"=== RUN   TestRecordLaneVlogPayloadSplitObservation\n"}
2026-10-06T18:28:36.5067692Z {"Time":"2026-10-06T18:28:36.4718691Z","Action":"output","Package":"github.com/snissn/gomap/TreeDB/caching","Test":"TestRecordLaneVlogPayloadSplitObservation","Output":"--- PASS: TestRecordLaneVlogPayloadSplitObservation (0.00s)\n"}
2026-10-06T18:28:36.5069040Z {"Time":"2026-10-06T18:28:36.4718691Z","Action":"pass","Package":"github.com/snissn/gomap/TreeDB/caching","Test":"TestRecordLaneVlogPayloadSplitObservation","Elapsed":0}
2026-10-06T18:28:36.5070082Z {"Time":"2026-10-06T18:28:36.4718691Z","Action":"run","Package":"github.com/snissn/gomap/TreeDB/caching","Test":"TestStats_ExposeVlogWriteModeBreakdown"}
2026-10-06T18:28:36.5071278Z {"Time":"2026-10-06T18:28:36.4718691Z","Action":"output","Package":"github.com/snissn/gomap/TreeDB/caching","Test":"TestStats_ExposeVlogWriteModeBreakdown","Output":"=== RUN   TestStats_ExposeVlogWriteModeBreakdown\n"}
2026-10-06T18:28:36.5072714Z {"Time":"2026-10-06T18:28:36.47812Z","Action":"output","Package":"github.com/snissn/gomap/TreeDB/caching","Test":"TestStats_ExposeVlogWriteModeBreakdown","Output":"--- PASS: TestStats_ExposeVlogWriteModeBreakdown (0.01s)\n"}
2026-10-06T18:28:36.5073960Z {"Time":"2026-10-06T18:28:36.47812Z","Action":"pass","Package":"github.com/snissn/gomap/TreeDB/caching","Test":"TestStats_ExposeVlogWriteModeBreakdown","Elapsed":0.01}
2026-10-06T18:28:36.5075024Z {"Time":"2026-10-06T18:28:36.47812Z","Action":"run","Package":"github.com/snissn/gomap/TreeDB/caching","Test":"TestOpen_DoesNotInstallBackendReadBarrierWhenOpenFails"}
2026-10-06T18:28:36.5076411Z {"Time":"2026-10-06T18:28:36.47812Z","Action":"output","Package":"github.com/snissn/gomap/TreeDB/caching","Test":"TestOpen_DoesNotInstallBackendReadBarrierWhenOpenFails","Output":"=== RUN   TestOpen_DoesNotInstallBackendReadBarrierWhenOpenFails\n"}
2026-10-06T18:28:36.5078640Z {"Time":"2026-10-06T18:28:36.4825576Z","Action":"output","Package":"github.com/snissn/gomap/TreeDB/caching","Test":"TestOpen_DoesNotInstallBackendReadBarrierWhenOpenFails","Output":"--- PASS: TestOpen_DoesNotInstallBackendReadBarrierWhenOpenFails (0.00s)\n"}
2026-10-06T18:28:36.5080166Z {"Time":"2026-10-06T18:28:36.4825576Z","Action":"pass","Package":"github.com/snissn/gomap/TreeDB/caching","Test":"TestOpen_DoesNotInstallBackendReadBarrierWhenOpenFails","Elapsed":0}
2026-10-06T18:28:36.5081632Z {"Time":"2026-10-06T18:28:36.4825576Z","Action":"run","Package":"github.com/snissn/gomap/TreeDB/caching","Test":"TestReadValueLogAppend_FlushesCurrentSegmentBufferedTailEvenWhenDirtyBitCleared"}
2026-10-06T18:28:36.5083441Z {"Time":"2026-10-06T18:28:36.4825576Z","Action":"output","Package":"github.com/snissn/gomap/TreeDB/caching","Test":"TestReadValueLogAppend_FlushesCurrentSegmentBufferedTailEvenWhenDirtyBitCleared","Output":"=== RUN   TestReadValueLogAppend_FlushesCurrentSegmentBufferedTailEvenWhenDirtyBitCleared\n"}
2026-10-06T18:28:36.5085670Z {"Time":"2026-10-06T18:28:36.490404Z","Action":"output","Package":"github.com/snissn/gomap/TreeDB/caching","Test":"TestReadValueLogAppend_FlushesCurrentSegmentBufferedTailEvenWhenDirtyBitCleared","Output":"--- PASS: TestReadValueLogAppend_FlushesCurrentSegmentBufferedTailEvenWhenDirtyBitCleared (0.01s)\n"}
2026-10-06T18:28:36.5088089Z {"Time":"2026-10-06T18:28:36.4909676Z","Action":"pass","Package":"github.com/snissn/gomap/TreeDB/caching","Test":"TestReadValueLogAppend_FlushesCurrentSegmentBufferedTailEvenWhenDirtyBitCleared","Elapsed":0.01}
2026-10-06T18:28:36.5089350Z {"Time":"2026-10-06T18:28:36.4909676Z","Action":"run","Package":"github.com/snissn/gomap/TreeDB/caching","Test":"TestValueLogDictCandidateK_DefaultForcePointers"}
2026-10-06T18:28:36.5090671Z {"Time":"2026-10-06T18:28:36.4909676Z","Action":"output","Package":"github.com/snissn/gomap/TreeDB/caching","Test":"TestValueLogDictCandidateK_DefaultForcePointers","Output":"=== RUN   TestValueLogDictCandidateK_DefaultForcePointers\n"}
2026-10-06T18:28:36.5092434Z {"Time":"2026-10-06T18:28:36.4909676Z","Action":"output","Package":"github.com/snissn/gomap/TreeDB/caching","Test":"TestValueLogDictCandidateK_DefaultForcePointers","Output":"--- PASS: TestValueLogDictCandidateK_DefaultForcePointers (0.00s)\n"}
2026-10-06T18:28:36.5093860Z {"Time":"2026-10-06T18:28:36.4909676Z","Action":"pass","Package":"github.com/snissn/gomap/TreeDB/caching","Test":"TestValueLogDictCandidateK_DefaultForcePointers","Elapsed":0}
2026-10-06T18:28:36.5095062Z {"Time":"2026-10-06T18:28:36.4909676Z","Action":"run","Package":"github.com/snissn/gomap/TreeDB/caching","Test":"TestValueLogDictCandidateK_ForcePointersKeepsExplicitDefaultCandidateSet"}
2026-10-06T18:28:36.5097556Z {"Time":"2026-10-06T18:28:36.4909676Z","Action":"output","Package":"github.com/snissn/gomap/TreeDB/caching","Test":"TestValueLogDictCandidateK_ForcePointersKeepsExplicitDefaultCandidateSet","Output":"=== RUN   TestValueLogDictCandidateK_ForcePointersKeepsExplicitDefaultCandidateSet\n"}
2026-10-06T18:28:36.5100031Z {"Time":"2026-10-06T18:28:36.4909676Z","Action":"output","Package":"github.com/snissn/gomap/TreeDB/caching","Test":"TestValueLogDictCandidateK_ForcePointersKeepsExplicitDefaultCandidateSet","Output":"--- PASS: TestValueLogDictCandidateK_ForcePointersKeepsExplicitDefaultCandidateSet (0.00s)\n"}
2026-10-06T18:28:36.5101741Z {"Time":"2026-10-06T18:28:36.4909676Z","Action":"pass","Package":"github.com/snissn/gomap/TreeDB/caching","Test":"TestValueLogDictCandidateK_ForcePointersKeepsExplicitDefaultCandidateSet","Elapsed":0}
2026-10-06T18:28:36.5102909Z {"Time":"2026-10-06T18:28:36.491558Z","Action":"run","Package":"github.com/snissn/gomap/TreeDB/caching","Test":"TestClampValueLogDictK_RespectsConfiguredMax"}
2026-10-06T18:28:36.5104502Z {"Time":"2026-10-06T18:28:36.491558Z","Action":"output","Package":"github.com/snissn/gomap/TreeDB/caching","Test":"TestClampValueLogDictK_RespectsConfiguredMax","Output":"=== RUN   TestClampValueLogDictK_RespectsConfiguredMax\n"}
2026-10-06T18:28:36.5106036Z {"Time":"2026-10-06T18:28:36.491558Z","Action":"output","Package":"github.com/snissn/gomap/TreeDB/caching","Test":"TestClampValueLogDictK_RespectsConfiguredMax","Output":"--- PASS: TestClampValueLogDictK_RespectsConfiguredMax (0.00s)\n"}
2026-10-06T18:28:36.5107402Z {"Time":"2026-10-06T18:28:36.491558Z","Action":"pass","Package":"github.com/snissn/gomap/TreeDB/caching","Test":"TestClampValueLogDictK_RespectsConfiguredMax","Elapsed":0}
2026-10-06T18:28:36.5108811Z {"Time":"2026-10-06T18:28:36.491558Z","Action":"run","Package":"github.com/snissn/gomap/TreeDB/caching","Test":"TestValueLogDictCollectBudget_ScalesForLargeBatchSmallValues"}
2026-10-06T18:28:36.5110973Z {"Time":"2026-10-06T18:28:36.491558Z","Action":"output","Package":"github.com/snissn/gomap/TreeDB/caching","Test":"TestValueLogDictCollectBudget_ScalesForLargeBatchSmallValues","Output":"=== RUN   TestValueLogDictCollectBudget_ScalesForLargeBatchSmallValues\n"}
2026-10-06T18:28:36.5112874Z {"Time":"2026-10-06T18:28:36.4926789Z","Action":"output","Package":"github.com/snissn/gomap/TreeDB/caching","Test":"TestValueLogDictCollectBudget_ScalesForLargeBatchSmallValues","Output":"--- PASS: TestValueLogDictCollectBudget_ScalesForLargeBatchSmallValues (0.00s)\n"}
2026-10-06T18:28:36.5114433Z {"Time":"2026-10-06T18:28:36.4926789Z","Action":"pass","Package":"github.com/snissn/gomap/TreeDB/caching","Test":"TestValueLogDictCollectBudget_ScalesForLargeBatchSmallValues","Elapsed":0}
2026-10-06T18:28:36.5115717Z {"Time":"2026-10-06T18:28:36.4926789Z","Action":"run","Package":"github.com/snissn/gomap/TreeDB/caching","Test":"TestValueLogDictClassifierBypass_AllowsOuterLeafPagesForDictSizeAggressive"}
2026-10-06T18:28:36.5117863Z {"Time":"2026-10-06T18:28:36.4926789Z","Action":"output","Package":"github.com/snissn/gomap/TreeDB/caching","Test":"TestValueLogDictClassifierBypass_AllowsOuterLeafPagesForDictSizeAggressive","Output":"=== RUN   TestValueLogDictClassifierBypass_AllowsOuterLeafPagesForDictSizeAggressive\n"}
2026-10-06T18:28:36.5119966Z {"Time":"2026-10-06T18:28:36.4934621Z","Action":"output","Package":"github.com/snissn/gomap/TreeDB/caching","Test":"TestValueLogDictClassifierBypass_AllowsOuterLeafPagesForDictSizeAggressive","Output":"--- PASS: TestValueLogDictClassifierBypass_AllowsOuterLeafPagesForDictSizeAggressive (0.00s)\n"}
2026-10-06T18:28:36.5121724Z {"Time":"2026-10-06T18:28:36.4934621Z","Action":"pass","Package":"github.com/snissn/gomap/TreeDB/caching","Test":"TestValueLogDictClassifierBypass_AllowsOuterLeafPagesForDictSizeAggressive","Elapsed":0}
2026-10-06T18:28:36.5123040Z {"Time":"2026-10-06T18:28:36.4934621Z","Action":"run","Package":"github.com/snissn/gomap/TreeDB/caching","Test":"TestValueLogDictClassifierBypass_AllowsOuterLeafHighEntropyForAutoSize"}
2026-10-06T18:28:36.5124662Z {"Time":"2026-10-06T18:28:36.4934621Z","Action":"output","Package":"github.com/snissn/gomap/TreeDB/caching","Test":"TestValueLogDictClassifierBypass_AllowsOuterLeafHighEntropyForAutoSize","Output":"=== RUN   TestValueLogDictClassifierBypass_AllowsOuterLeafHighEntropyForAutoSize\n"}
2026-10-06T18:28:36.5126718Z {"Time":"2026-10-06T18:28:36.4934621Z","Action":"output","Package":"github.com/snissn/gomap/TreeDB/caching","Test":"TestValueLogDictClassifierBypass_AllowsOuterLeafHighEntropyForAutoSize","Output":"--- PASS: TestValueLogDictClassifierBypass_AllowsOuterLeafHighEntropyForAutoSize (0.00s)\n"}
2026-10-06T18:28:36.5128405Z {"Time":"2026-10-06T18:28:36.4934621Z","Action":"pass","Package":"github.com/snissn/gomap/TreeDB/caching","Test":"TestValueLogDictClassifierBypass_AllowsOuterLeafHighEntropyForAutoSize","Elapsed":0}
2026-10-06T18:28:36.5129636Z {"Time":"2026-10-06T18:28:36.4934621Z","Action":"run","Package":"github.com/snissn/gomap/TreeDB/caching","Test":"TestClassifyVlogPayloadKindForRecords"}
2026-10-06T18:28:36.5130871Z {"Time":"2026-10-06T18:28:36.4934621Z","Action":"output","Package":"github.com/snissn/gomap/TreeDB/caching","Test":"TestClassifyVlogPayloadKindForRecords","Output":"=== RUN   TestClassifyVlogPayloadKindForRecords\n"}
2026-10-06T18:28:36.5132338Z {"Time":"2026-10-06T18:28:36.4934621Z","Action":"output","Package":"github.com/snissn/gomap/TreeDB/caching","Test":"TestClassifyVlogPayloadKindForRecords","Output":"--- PASS: TestClassifyVlogPayloadKindForRecords (0.00s)\n"}
2026-10-06T18:28:36.5133662Z {"Time":"2026-10-06T18:28:36.4934621Z","Action":"pass","Package":"github.com/snissn/gomap/TreeDB/caching","Test":"TestClassifyVlogPayloadKindForRecords","Elapsed":0}
2026-10-06T18:28:36.5134893Z {"Time":"2026-10-06T18:28:36.4940225Z","Action":"run","Package":"github.com/snissn/gomap/TreeDB/caching","Test":"TestValueLogDictClassRangesForRecords_SingleMode"}
2026-10-06T18:28:36.5137487Z {"Time":"2026-10-06T18:28:36.4940225Z","Action":"output","Package":"github.com/snissn/gomap/TreeDB/caching","Test":"TestValueLogDictClassRangesForRecords_SingleMode","Output":"=== RUN   TestValueLogDictClassRangesForRecords_SingleMode\n"}
2026-10-06T18:28:36.5139212Z {"Time":"2026-10-06T18:28:36.4940225Z","Action":"output","Package":"github.com/snissn/gomap/TreeDB/caching","Test":"TestValueLogDictClassRangesForRecords_SingleMode","Output":"--- PASS: TestValueLogDictClassRangesForRecords_SingleMode (0.00s)\n"}
2026-10-06T18:28:36.5140637Z {"Time":"2026-10-06T18:28:36.4940225Z","Action":"pass","Package":"github.com/snissn/gomap/TreeDB/caching","Test":"TestValueLogDictClassRangesForRecords_SingleMode","Elapsed":0}
2026-10-06T18:28:36.5141825Z {"Time":"2026-10-06T18:28:36.4940225Z","Action":"run","Package":"github.com/snissn/gomap/TreeDB/caching","Test":"TestValueLogDictCollectSamples_IgnoresOuterLeafPages"}
2026-10-06T18:28:36.5143217Z {"Time":"2026-10-06T18:28:36.4940225Z","Action":"output","Package":"github.com/snissn/gomap/TreeDB/caching","Test":"TestValueLogDictCollectSamples_IgnoresOuterLeafPages","Output":"=== RUN   TestValueLogDictCollectSamples_IgnoresOuterLeafPages\n"}
2026-10-06T18:28:36.5144888Z {"Time":"2026-10-06T18:28:36.4946174Z","Action":"output","Package":"github.com/snissn/gomap/TreeDB/caching","Test":"TestValueLogDictCollectSamples_IgnoresOuterLeafPages","Output":"--- PASS: TestValueLogDictCollectSamples_IgnoresOuterLeafPages (0.00s)\n"}
2026-10-06T18:28:36.5146314Z {"Time":"2026-10-06T18:28:36.4946174Z","Action":"pass","Package":"github.com/snissn/gomap/TreeDB/caching","Test":"TestValueLogDictCollectSamples_IgnoresOuterLeafPages","Elapsed":0}
2026-10-06T18:28:36.5147531Z {"Time":"2026-10-06T18:28:36.4946174Z","Action":"run","Package":"github.com/snissn/gomap/TreeDB/caching","Test":"TestValueLogDictClassifierBypass_AllowsLargeValuesAfterDictPublish"}
2026-10-06T18:28:36.5149080Z {"Time":"2026-10-06T18:28:36.4946174Z","Action":"output","Package":"github.com/snissn/gomap/TreeDB/caching","Test":"TestValueLogDictClassifierBypass_AllowsLargeValuesAfterDictPublish","Output":"=== RUN   TestValueLogDictClassifierBypass_AllowsLargeValuesAfterDictPublish\n"}
2026-10-06T18:28:36.5150995Z {"Time":"2026-10-06T18:28:36.4951982Z","Action":"output","Package":"github.com/snissn/gomap/TreeDB/caching","Test":"TestValueLogDictClassifierBypass_AllowsLargeValuesAfterDictPublish","Output":"--- PASS: TestValueLogDictClassifierBypass_AllowsLargeValuesAfterDictPublish (0.00s)\n"}
2026-10-06T18:28:36.5153156Z {"Time":"2026-10-06T18:28:36.4951982Z","Action":"pass","Package":"github.com/snissn/gomap/TreeDB/caching","Test":"TestValueLogDictClassifierBypass_AllowsLargeValuesAfterDictPublish","Elapsed":0}
2026-10-06T18:28:36.5154557Z {"Time":"2026-10-06T18:28:36.4951982Z","Action":"run","Package":"github.com/snissn/gomap/TreeDB/caching","Test":"TestShouldBypassValueLogDictForRecords_MixedBatchWithIgnoredSamplesDoesNotBypass"}
2026-10-06T18:28:36.5156308Z {"Time":"2026-10-06T18:28:36.4951982Z","Action":"output","Package":"github.com/snissn/gomap/TreeDB/caching","Test":"TestShouldBypassValueLogDictForRecords_MixedBatchWithIgnoredSamplesDoesNotBypass","Output":"=== RUN   TestShouldBypassValueLogDictForRecords_MixedBatchWithIgnoredSamplesDoesNotBypass\n"}
2026-10-06T18:28:36.5158841Z {"Time":"2026-10-06T18:28:36.4951982Z","Action":"output","Package":"github.com/snissn/gomap/TreeDB/caching","Test":"TestShouldBypassValueLogDictForRecords_MixedBatchWithIgnoredSamplesDoesNotBypass","Output":"--- PASS: TestShouldBypassValueLogDictForRecords_MixedBatchWithIgnoredSamplesDoesNotBypass (0.00s)\n"}
2026-10-06T18:28:36.5160645Z {"Time":"2026-10-06T18:28:36.4951982Z","Action":"pass","Package":"github.com/snissn/gomap/TreeDB/caching","Test":"TestShouldBypassValueLogDictForRecords_MixedBatchWithIgnoredSamplesDoesNotBypass","Elapsed":0}
2026-10-06T18:28:36.5162194Z {"Time":"2026-10-06T18:28:36.4951982Z","Action":"run","Package":"github.com/snissn/gomap/TreeDB/caching","Test":"TestShouldBypassValueLogDictForRecords_OuterLeafMagicPayloadsBypassDict"}
2026-10-06T18:28:36.5164184Z {"Time":"2026-10-06T18:28:36.4951982Z","Action":"output","Package":"github.com/snissn/gomap/TreeDB/caching","Test":"TestShouldBypassValueLogDictForRecords_OuterLeafMagicPayloadsBypassDict","Output":"=== RUN   TestShouldBypassValueLogDictForRecords_OuterLeafMagicPayloadsBypassDict\n"}
2026-10-06T18:28:36.5166221Z {"Time":"2026-10-06T18:28:36.4951982Z","Action":"output","Package":"github.com/snissn/gomap/TreeDB/caching","Test":"TestShouldBypassValueLogDictForRecords_OuterLeafMagicPayloadsBypassDict","Output":"--- PASS: TestShouldBypassValueLogDictForRecords_OuterLeafMagicPayloadsBypassDict (0.00s)\n"}
2026-10-06T18:28:36.5167960Z {"Time":"2026-10-06T18:28:36.4951982Z","Action":"pass","Package":"github.com/snissn/gomap/TreeDB/caching","Test":"TestShouldBypassValueLogDictForRecords_OuterLeafMagicPayloadsBypassDict","Elapsed":0}
2026-10-06T18:28:36.5169362Z {"Time":"2026-10-06T18:28:36.4957136Z","Action":"run","Package":"github.com/snissn/gomap/TreeDB/caching","Test":"TestValueLogDictShouldAttemptCompression_LargePayloadPauseProbeDoesNotFireBackToBack"}
2026-10-06T18:28:36.5171173Z {"Time":"2026-10-06T18:28:36.4957136Z","Action":"output","Package":"github.com/snissn/gomap/TreeDB/caching","Test":"TestValueLogDictShouldAttemptCompression_LargePayloadPauseProbeDoesNotFireBackToBack","Output":"=== RUN   TestValueLogDictShouldAttemptCompression_LargePayloadPauseProbeDoesNotFireBackToBack\n"}
2026-10-06T18:28:36.5173438Z {"Time":"2026-10-06T18:28:36.4969946Z","Action":"output","Package":"github.com/snissn/gomap/TreeDB/caching","Test":"TestValueLogDictShouldAttemptCompression_LargePayloadPauseProbeDoesNotFireBackToBack","Output":"--- PASS: TestValueLogDictShouldAttemptCompression_LargePayloadPauseProbeDoesNotFireBackToBack (0.00s)\n"}
2026-10-06T18:28:36.5175314Z {"Time":"2026-10-06T18:28:36.4969946Z","Action":"pass","Package":"github.com/snissn/gomap/TreeDB/caching","Test":"TestValueLogDictShouldAttemptCompression_LargePayloadPauseProbeDoesNotFireBackToBack","Elapsed":0}
2026-10-06T18:28:36.5176933Z {"Time":"2026-10-06T18:28:36.4969946Z","Action":"run","Package":"github.com/snissn/gomap/TreeDB/caching","Test":"TestValueLogDictCollectSamples_SkipsDuringIncompressibleHold"}
2026-10-06T18:28:36.5178512Z {"Time":"2026-10-06T18:28:36.4969946Z","Action":"output","Package":"github.com/snissn/gomap/TreeDB/caching","Test":"TestValueLogDictCollectSamples_SkipsDuringIncompressibleHold","Output":"=== RUN   TestValueLogDictCollectSamples_SkipsDuringIncompressibleHold\n"}
2026-10-06T18:28:36.5180388Z {"Time":"2026-10-06T18:28:36.4969946Z","Action":"output","Package":"github.com/snissn/gomap/TreeDB/caching","Test":"TestValueLogDictCollectSamples_SkipsDuringIncompressibleHold","Output":"--- PASS: TestValueLogDictCollectSamples_SkipsDuringIncompressibleHold (0.00s)\n"}
2026-10-06T18:28:36.5181933Z {"Time":"2026-10-06T18:28:36.4975527Z","Action":"pass","Package":"github.com/snissn/gomap/TreeDB/caching","Test":"TestValueLogDictCollectSamples_SkipsDuringIncompressibleHold","Elapsed":0}
2026-10-06T18:28:36.5183168Z {"Time":"2026-10-06T18:28:36.4975527Z","Action":"run","Package":"github.com/snissn/gomap/TreeDB/caching","Test":"TestApplyValueLogDictProfileForClass_SerializesConcurrentPublishers"}
2026-10-06T18:28:36.5184739Z {"Time":"2026-10-06T18:28:36.4975527Z","Action":"output","Package":"github.com/snissn/gomap/TreeDB/caching","Test":"TestApplyValueLogDictProfileForClass_SerializesConcurrentPublishers","Output":"=== RUN   TestApplyValueLogDictProfileForClass_SerializesConcurrentPublishers\n"}
2026-10-06T18:28:36.6348756Z {"Time":"2026-10-06T18:28:36.6315362Z","Action":"output","Package":"github.com/snissn/gomap/TreeDB/caching","Test":"TestApplyValueLogDictProfileForClass_SerializesConcurrentPublishers","Output":"2026/10/06 18:28:36 treedb: value-log dict published class=single_value dict_id=1 k=8 payload_ratio=0.600 total_ratio=0.600\n"}
2026-10-06T18:28:36.6351523Z {"Time":"2026-10-06T18:28:36.6315362Z","Action":"output","Package":"github.com/snissn/gomap/TreeDB/caching","Test":"TestApplyValueLogDictProfileForClass_SerializesConcurrentPublishers","Output":"--- PASS: TestApplyValueLogDictProfileForClass_SerializesConcurrentPublishers (0.13s)\n"}
2026-10-06T18:28:36.6353234Z {"Time":"2026-10-06T18:28:36.6315362Z","Action":"pass","Package":"github.com/snissn/gomap/TreeDB/caching","Test":"TestApplyValueLogDictProfileForClass_SerializesConcurrentPublishers","Elapsed":0.13}
2026-10-06T18:28:36.6354679Z {"Time":"2026-10-06T18:28:36.6315362Z","Action":"run","Package":"github.com/snissn/gomap/TreeDB/caching","Test":"TestApplyValueLogDictProfileForClass_ClosingSkipsPublish"}
2026-10-06T18:28:36.6356193Z {"Time":"2026-10-06T18:28:36.6315362Z","Action":"output","Package":"github.com/snissn/gomap/TreeDB/caching","Test":"TestApplyValueLogDictProfileForClass_ClosingSkipsPublish","Output":"=== RUN   TestApplyValueLogDictProfileForClass_ClosingSkipsPublish\n"}
2026-10-06T18:28:36.6357984Z {"Time":"2026-10-06T18:28:36.6315362Z","Action":"output","Package":"github.com/snissn/gomap/TreeDB/caching","Test":"TestApplyValueLogDictProfileForClass_ClosingSkipsPublish","Output":"--- PASS: TestApplyValueLogDictProfileForClass_ClosingSkipsPublish (0.00s)\n"}
2026-10-06T18:28:36.6359509Z {"Time":"2026-10-06T18:28:36.6320738Z","Action":"pass","Package":"github.com/snissn/gomap/TreeDB/caching","Test":"TestApplyValueLogDictProfileForClass_ClosingSkipsPublish","Elapsed":0}
2026-10-06T18:28:36.6360991Z {"Time":"2026-10-06T18:28:36.6320738Z","Action":"run","Package":"github.com/snissn/gomap/TreeDB/caching","Test":"TestApplyValueLogDictProfileForClass_SingleClassUpdatesGlobalAndClassCurrent"}
2026-10-06T18:28:36.6362701Z {"Time":"2026-10-06T18:28:36.6320738Z","Action":"output","Package":"github.com/snissn/gomap/TreeDB/caching","Test":"TestApplyValueLogDictProfileForClass_SingleClassUpdatesGlobalAndClassCurrent","Output":"=== RUN   TestApplyValueLogDictProfileForClass_SingleClassUpdatesGlobalAndClassCurrent\n"}
2026-10-06T18:28:36.6364891Z {"Time":"2026-10-06T18:28:36.6320738Z","Action":"output","Package":"github.com/snissn/gomap/TreeDB/caching","Test":"TestApplyValueLogDictProfileForClass_SingleClassUpdatesGlobalAndClassCurrent","Output":"2026/10/06 18:28:36 treedb: value-log dict published class=single_value dict_id=56 k=8 payload_ratio=0.600 total_ratio=0.600\n"}
2026-10-06T18:28:36.6367608Z {"Time":"2026-10-06T18:28:36.6320738Z","Action":"output","Package":"github.com/snissn/gomap/TreeDB/caching","Test":"TestApplyValueLogDictProfileForClass_SingleClassUpdatesGlobalAndClassCurrent","Output":"--- PASS: TestApplyValueLogDictProfileForClass_SingleClassUpdatesGlobalAndClassCurrent (0.00s)\n"}
2026-10-06T18:28:36.6369376Z {"Time":"2026-10-06T18:28:36.6320738Z","Action":"pass","Package":"github.com/snissn/gomap/TreeDB/caching","Test":"TestApplyValueLogDictProfileForClass_SingleClassUpdatesGlobalAndClassCurrent","Elapsed":0}
2026-10-06T18:28:36.6370565Z {"Time":"2026-10-06T18:28:36.6320738Z","Action":"run","Package":"github.com/snissn/gomap/TreeDB/caching","Test":"TestValueLogDictPauseAndProbeResume"}
2026-10-06T18:28:36.6371984Z {"Time":"2026-10-06T18:28:36.6320738Z","Action":"output","Package":"github.com/snissn/gomap/TreeDB/caching","Test":"TestValueLogDictPauseAndProbeResume","Output":"=== RUN   TestValueLogDictPauseAndProbeResume\n"}
2026-10-06T18:28:37.0205043Z {"Time":"2026-10-06T18:28:37.013127Z","Action":"output","Package":"github.com/snissn/gomap/TreeDB/caching","Test":"TestValueLogDictPauseAndProbeResume","Output":"--- PASS: TestValueLogDictPauseAndProbeResume (0.38s)\n"}
2026-10-06T18:28:37.0206497Z {"Time":"2026-10-06T18:28:37.013127Z","Action":"pass","Package":"github.com/snissn/gomap/TreeDB/caching","Test":"TestValueLogDictPauseAndProbeResume","Elapsed":0.38}
2026-10-06T18:28:37.0207661Z {"Time":"2026-10-06T18:28:37.0145712Z","Action":"run","Package":"github.com/snissn/gomap/TreeDB/caching","Test":"TestChooseValueLogDictWriteK_RespectsConfiguredMax"}
2026-10-06T18:28:37.0209871Z {"Time":"2026-10-06T18:28:37.0145712Z","Action":"output","Package":"github.com/snissn/gomap/TreeDB/caching","Test":"TestChooseValueLogDictWriteK_RespectsConfiguredMax","Output":"=== RUN   TestChooseValueLogDictWriteK_RespectsConfiguredMax\n"}
2026-10-06T18:28:37.0212715Z {"Time":"2026-10-06T18:28:37.0145712Z","Action":"output","Package":"github.com/snissn/gomap/TreeDB/caching","Test":"TestChooseValueLogDictWriteK_RespectsConfiguredMax","Output":"--- PASS: TestChooseValueLogDictWriteK_RespectsConfiguredMax (0.00s)\n"}
2026-10-06T18:28:37.0215463Z {"Time":"2026-10-06T18:28:37.0145712Z","Action":"pass","Package":"github.com/snissn/gomap/TreeDB/caching","Test":"TestChooseValueLogDictWriteK_RespectsConfiguredMax","Elapsed":0}
2026-10-06T18:28:37.0216954Z {"Time":"2026-10-06T18:28:37.0145712Z","Action":"run","Package":"github.com/snissn/gomap/TreeDB/caching","Test":"TestChooseValueLogDictWriteK_DefaultOpenForcePointersWalOffUsesForcePointerMaxK"}
2026-10-06T18:28:37.0219012Z {"Time":"2026-10-06T18:28:37.0145712Z","Action":"output","Package":"github.com/snissn/gomap/TreeDB/caching","Test":"TestChooseValueLogDictWriteK_DefaultOpenForcePointersWalOffUsesForcePointerMaxK","Output":"=== RUN   TestChooseValueLogDictWriteK_DefaultOpenForcePointersWalOffUsesForcePointerMaxK\n"}
2026-10-06T18:28:37.1296927Z {"Time":"2026-10-06T18:28:37.1165413Z","Action":"output","Package":"github.com/snissn/gomap/TreeDB/caching","Test":"TestChooseValueLogDictWriteK_DefaultOpenForcePointersWalOffUsesForcePointerMaxK","Output":"--- PASS: TestChooseValueLogDictWriteK_DefaultOpenForcePointersWalOffUsesForcePointerMaxK (0.10s)\n"}
2026-10-06T18:28:37.1299537Z {"Time":"2026-10-06T18:28:37.1165413Z","Action":"pass","Package":"github.com/snissn/gomap/TreeDB/caching","Test":"TestChooseValueLogDictWriteK_DefaultOpenForcePointersWalOffUsesForcePointerMaxK","Elapsed":0.1}
2026-10-06T18:28:37.1301286Z {"Time":"2026-10-06T18:28:37.1165413Z","Action":"run","Package":"github.com/snissn/gomap/TreeDB/caching","Test":"TestFlushValueLogLane_WaitsForBarrierBeforeDirtyCheck"}
2026-10-06T18:28:37.1303190Z {"Time":"2026-10-06T18:28:37.1165413Z","Action":"output","Package":"github.com/snissn/gomap/TreeDB/caching","Test":"TestFlushValueLogLane_WaitsForBarrierBeforeDirtyCheck","Output":"=== RUN   TestFlushValueLogLane_WaitsForBarrierBeforeDirtyCheck\n"}
2026-10-06T18:28:37.1305243Z {"Time":"2026-10-06T18:28:37.1171206Z","Action":"output","Package":"github.com/snissn/gomap/TreeDB/caching","Test":"TestFlushValueLogLane_WaitsForBarrierBeforeDirtyCheck","Output":"--- PASS: TestFlushValueLogLane_WaitsForBarrierBeforeDirtyCheck (0.00s)\n"}
2026-10-06T18:28:37.1306798Z {"Time":"2026-10-06T18:28:37.1171206Z","Action":"pass","Package":"github.com/snissn/gomap/TreeDB/caching","Test":"TestFlushValueLogLane_WaitsForBarrierBeforeDirtyCheck","Elapsed":0}
2026-10-06T18:28:37.1308045Z {"Time":"2026-10-06T18:28:37.1171206Z","Action":"run","Package":"github.com/snissn/gomap/TreeDB/caching","Test":"TestAppendValueLogOne_DirectSetsDirtyBeforeUnlock"}
2026-10-06T18:28:37.1309695Z {"Time":"2026-10-06T18:28:37.1171206Z","Action":"output","Package":"github.com/snissn/gomap/TreeDB/caching","Test":"TestAppendValueLogOne_DirectSetsDirtyBeforeUnlock","Output":"=== RUN   TestAppendValueLogOne_DirectSetsDirtyBeforeUnlock\n"}
2026-10-06T18:28:37.1311452Z {"Time":"2026-10-06T18:28:37.1171206Z","Action":"output","Package":"github.com/snissn/gomap/TreeDB/caching","Test":"TestAppendValueLogOne_DirectSetsDirtyBeforeUnlock","Output":"--- PASS: TestAppendValueLogOne_DirectSetsDirtyBeforeUnlock (0.00s)\n"}
2026-10-06T18:28:37.1313311Z {"Time":"2026-10-06T18:28:37.1171206Z","Action":"pass","Package":"github.com/snissn/gomap/TreeDB/caching","Test":"TestAppendValueLogOne_DirectSetsDirtyBeforeUnlock","Elapsed":0}
2026-10-06T18:28:37.1314481Z {"Time":"2026-10-06T18:28:37.1171206Z","Action":"run","Package":"github.com/snissn/gomap/TreeDB/caching","Test":"TestVlogGenerationCheckpointKick_SkipsWhenWALOn"}
2026-10-06T18:28:37.1316111Z {"Time":"2026-10-06T18:28:37.1171206Z","Action":"output","Package":"github.com/snissn/gomap/TreeDB/caching","Test":"TestVlogGenerationCheckpointKick_SkipsWhenWALOn","Output":"=== RUN   TestVlogGenerationCheckpointKick_SkipsWhenWALOn\n"}
2026-10-06T18:28:37.2693851Z {"Time":"2026-10-06T18:28:37.2589161Z","Action":"output","Package":"github.com/snissn/gomap/TreeDB/caching","Test":"TestVlogGenerationCheckpointKick_SkipsWhenWALOn","Output":"--- PASS: TestVlogGenerationCheckpointKick_SkipsWhenWALOn (0.14s)\n"}
2026-10-06T18:28:37.2696541Z {"Time":"2026-10-06T18:28:37.2589161Z","Action":"pass","Package":"github.com/snissn/gomap/TreeDB/caching","Test":"TestVlogGenerationCheckpointKick_SkipsWhenWALOn","Elapsed":0.14}
2026-10-06T18:28:37.2698083Z {"Time":"2026-10-06T18:28:37.2589161Z","Action":"run","Package":"github.com/snissn/gomap/TreeDB/caching","Test":"TestVlogGenerationGC_ProtectedPathsSnapshotDoesNotDeleteNewerSegments"}
2026-10-06T18:28:37.2700120Z {"Time":"2026-10-06T18:28:37.2589161Z","Action":"output","Package":"github.com/snissn/gomap/TreeDB/caching","Test":"TestVlogGenerationGC_ProtectedPathsSnapshotDoesNotDeleteNewerSegments","Output":"=== RUN   TestVlogGenerationGC_ProtectedPathsSnapshotDoesNotDeleteNewerSegments\n"}
2026-10-06T18:28:37.4543849Z {"Time":"2026-10-06T18:28:37.4518108Z","Action":"output","Package":"github.com/snissn/gomap/TreeDB/caching","Test":"TestVlogGenerationGC_ProtectedPathsSnapshotDoesNotDeleteNewerSegments","Output":"--- PASS: TestVlogGenerationGC_ProtectedPathsSnapshotDoesNotDeleteNewerSegments (0.19s)\n"}
2026-10-06T18:28:37.4545670Z {"Time":"2026-10-06T18:28:37.4518108Z","Action":"pass","Package":"github.com/snissn/gomap/TreeDB/caching","Test":"TestVlogGenerationGC_ProtectedPathsSnapshotDoesNotDeleteNewerSegments","Elapsed":0.19}
2026-10-06T18:28:37.4547598Z {"Time":"2026-10-06T18:28:37.4518108Z","Action":"run","Package":"github.com/snissn/gomap/TreeDB/caching","Test":"TestCachedGenerationalMaintenance_LeafRefsBackgroundReopenable_WALOn"}
2026-10-06T18:28:37.4549192Z {"Time":"2026-10-06T18:28:37.4518108Z","Action":"output","Package":"github.com/snissn/gomap/TreeDB/caching","Test":"TestCachedGenerationalMaintenance_LeafRefsBackgroundReopenable_WALOn","Output":"=== RUN   TestCachedGenerationalMaintenance_LeafRefsBackgroundReopenable_WALOn\n"}
2026-10-06T18:28:38.2477383Z {"Time":"2026-10-06T18:28:38.2438722Z","Action":"output","Package":"github.com/snissn/gomap/TreeDB/caching","Test":"TestCachedGenerationalMaintenance_LeafRefsBackgroundReopenable_WALOn","Output":"--- PASS: TestCachedGenerationalMaintenance_LeafRefsBackgroundReopenable_WALOn (0.79s)\n"}
2026-10-06T18:28:38.2479152Z {"Time":"2026-10-06T18:28:38.2444074Z","Action":"pass","Package":"github.com/snissn/gomap/TreeDB/caching","Test":"TestCachedGenerationalMaintenance_LeafRefsBackgroundReopenable_WALOn","Elapsed":0.79}
2026-10-06T18:28:38.2480430Z {"Time":"2026-10-06T18:28:38.2444074Z","Action":"run","Package":"github.com/snissn/gomap/TreeDB/caching","Test":"TestCachedRepeatedRewriteVacuumLeafRefsRemainReopenable_WALOn"}
2026-10-06T18:28:38.2481962Z {"Time":"2026-10-06T18:28:38.2444074Z","Action":"output","Package":"github.com/snissn/gomap/TreeDB/caching","Test":"TestCachedRepeatedRewriteVacuumLeafRefsRemainReopenable_WALOn","Output":"=== RUN   TestCachedRepeatedRewriteVacuumLeafRefsRemainReopenable_WALOn\n"}
2026-10-06T18:28:39.0711838Z {"Time":"2026-10-06T18:28:39.0677611Z","Action":"output","Package":"github.com/snissn/gomap/TreeDB/caching","Test":"TestCachedRepeatedRewriteVacuumLeafRefsRemainReopenable_WALOn","Output":"--- PASS: TestCachedRepeatedRewriteVacuumLeafRefsRemainReopenable_WALOn (0.82s)\n"}
2026-10-06T18:28:39.0713868Z {"Time":"2026-10-06T18:28:39.0677611Z","Action":"pass","Package":"github.com/snissn/gomap/TreeDB/caching","Test":"TestCachedRepeatedRewriteVacuumLeafRefsRemainReopenable_WALOn","Elapsed":0.82}
2026-10-06T18:28:39.0715382Z {"Time":"2026-10-06T18:28:39.0677611Z","Action":"run","Package":"github.com/snissn/gomap/TreeDB/caching","Test":"TestVlogGenerationRewrite_UsesSharedRIDAllocator"}
2026-10-06T18:28:39.0717130Z {"Time":"2026-10-06T18:28:39.0677611Z","Action":"output","Package":"github.com/snissn/gomap/TreeDB/caching","Test":"TestVlogGenerationRewrite_UsesSharedRIDAllocator","Output":"=== RUN   TestVlogGenerationRewrite_UsesSharedRIDAllocator\n"}
2026-10-06T18:28:39.2880448Z {"Time":"2026-10-06T18:28:39.2744423Z","Action":"output","Package":"github.com/snissn/gomap/TreeDB/caching","Test":"TestVlogGenerationRewrite_UsesSharedRIDAllocator","Output":"--- PASS: TestVlogGenerationRewrite_UsesSharedRIDAllocator (0.21s)\n"}
2026-10-06T18:28:39.2882678Z {"Time":"2026-10-06T18:28:39.2744423Z","Action":"pass","Package":"github.com/snissn/gomap/TreeDB/caching","Test":"TestVlogGenerationRewrite_UsesSharedRIDAllocator","Elapsed":0.21}
2026-10-06T18:28:39.2884370Z {"Time":"2026-10-06T18:28:39.2744423Z","Action":"run","Package":"github.com/snissn/gomap/TreeDB/caching","Test":"TestPruneRetainedValueLogs_IgnoresLeafPathsInSplitMode"}
2026-10-06T18:28:39.2886480Z {"Time":"2026-10-06T18:28:39.2744423Z","Action":"output","Package":"github.com/snissn/gomap/TreeDB/caching","Test":"TestPruneRetainedValueLogs_IgnoresLeafPathsInSplitMode","Output":"=== RUN   TestPruneRetainedValueLogs_IgnoresLeafPathsInSplitMode\n"}
2026-10-06T18:28:39.4898844Z {"Time":"2026-10-06T18:28:39.4874953Z","Action":"output","Package":"github.com/snissn/gomap/TreeDB/caching","Test":"TestPruneRetainedValueLogs_IgnoresLeafPathsInSplitMode","Output":"--- PASS: TestPruneRetainedValueLogs_IgnoresLeafPathsInSplitMode (0.21s)\n"}
2026-10-06T18:28:39.4900666Z {"Time":"2026-10-06T18:28:39.488029Z","Action":"pass","Package":"github.com/snissn/gomap/TreeDB/caching","Test":"TestPruneRetainedValueLogs_IgnoresLeafPathsInSplitMode","Elapsed":0.21}
2026-10-06T18:28:39.4901839Z {"Time":"2026-10-06T18:28:39.488029Z","Action":"run","Package":"github.com/snissn/gomap/TreeDB/caching","Test":"TestShouldRunVlogGenerationRewrite_TotalBytes"}
2026-10-06T18:28:39.4903589Z {"Time":"2026-10-06T18:28:39.488029Z","Action":"output","Package":"github.com/snissn/gomap/TreeDB/caching","Test":"TestShouldRunVlogGenerationRewrite_TotalBytes","Output":"=== RUN   TestShouldRunVlogGenerationRewrite_TotalBytes\n"}
2026-10-06T18:28:39.4906218Z {"Time":"2026-10-06T18:28:39.488029Z","Action":"output","Package":"github.com/snissn/gomap/TreeDB/caching","Test":"TestShouldRunVlogGenerationRewrite_TotalBytes","Output":"--- PASS: TestShouldRunVlogGenerationRewrite_TotalBytes (0.00s)\n"}
2026-10-06T18:28:39.4907594Z {"Time":"2026-10-06T18:28:39.488029Z","Action":"pass","Package":"github.com/snissn/gomap/TreeDB/caching","Test":"TestShouldRunVlogGenerationRewrite_TotalBytes","Elapsed":0}
2026-10-06T18:28:39.4908657Z {"Time":"2026-10-06T18:28:39.488029Z","Action":"run","Package":"github.com/snissn/gomap/TreeDB/caching","Test":"TestShouldRunVlogGenerationRewrite_NoTrigger"}
2026-10-06T18:28:39.4910113Z {"Time":"2026-10-06T18:28:39.488029Z","Action":"output","Package":"github.com/snissn/gomap/TreeDB/caching","Test":"TestShouldRunVlogGenerationRewrite_NoTrigger","Output":"=== RUN   TestShouldRunVlogGenerationRewrite_NoTrigger\n"}
2026-10-06T18:28:39.4911702Z {"Time":"2026-10-06T18:28:39.488029Z","Action":"output","Package":"github.com/snissn/gomap/TreeDB/caching","Test":"TestShouldRunVlogGenerationRewrite_NoTrigger","Output":"--- PASS: TestShouldRunVlogGenerationRewrite_NoTrigger (0.00s)\n"}
2026-10-06T18:28:39.4913049Z {"Time":"2026-10-06T18:28:39.488029Z","Action":"pass","Package":"github.com/snissn/gomap/TreeDB/caching","Test":"TestShouldRunVlogGenerationRewrite_NoTrigger","Elapsed":0}
2026-10-06T18:28:39.4914410Z {"Time":"2026-10-06T18:28:39.488029Z","Action":"run","Package":"github.com/snissn/gomap/TreeDB/caching","Test":"TestVlogGenerationRewriteQueueLiveBytesSnapshot_UsesLoadedLedger"}
2026-10-06T18:28:39.4916484Z {"Time":"2026-10-06T18:28:39.488029Z","Action":"output","Package":"github.com/snissn/gomap/TreeDB/caching","Test":"TestVlogGenerationRewriteQueueLiveBytesSnapshot_UsesLoadedLedger","Output":"=== RUN   TestVlogGenerationRewriteQueueLiveBytesSnapshot_UsesLoadedLedger\n"}
2026-10-06T18:28:39.4918769Z {"Time":"2026-10-06T18:28:39.488029Z","Action":"output","Package":"github.com/snissn/gomap/TreeDB/caching","Test":"TestVlogGenerationRewriteQueueLiveBytesSnapshot_UsesLoadedLedger","Output":"--- PASS: TestVlogGenerationRewriteQueueLiveBytesSnapshot_UsesLoadedLedger (0.00s)\n"}
2026-10-06T18:28:39.4920733Z {"Time":"2026-10-06T18:28:39.488029Z","Action":"pass","Package":"github.com/snissn/gomap/TreeDB/caching","Test":"TestVlogGenerationRewriteQueueLiveBytesSnapshot_UsesLoadedLedger","Elapsed":0}
2026-10-06T18:28:39.4922169Z {"Time":"2026-10-06T18:28:39.488029Z","Action":"run","Package":"github.com/snissn/gomap/TreeDB/caching","Test":"TestConsumeVlogGenerationRewriteQueueChunk_RebuildsLedgerByFileID"}
2026-10-06T18:28:39.4923714Z {"Time":"2026-10-06T18:28:39.488029Z","Action":"output","Package":"github.com/snissn/gomap/TreeDB/caching","Test":"TestConsumeVlogGenerationRewriteQueueChunk_RebuildsLedgerByFileID","Output":"=== RUN   TestConsumeVlogGenerationRewriteQueueChunk_RebuildsLedgerByFileID\n"}
2026-10-06T18:28:39.4925629Z {"Time":"2026-10-06T18:28:39.488029Z","Action":"output","Package":"github.com/snissn/gomap/TreeDB/caching","Test":"TestConsumeVlogGenerationRewriteQueueChunk_RebuildsLedgerByFileID","Output":"--- PASS: TestConsumeVlogGenerationRewriteQueueChunk_RebuildsLedgerByFileID (0.00s)\n"}
2026-10-06T18:28:39.4927413Z {"Time":"2026-10-06T18:28:39.4885043Z","Action":"pass","Package":"github.com/snissn/gomap/TreeDB/caching","Test":"TestConsumeVlogGenerationRewriteQueueChunk_RebuildsLedgerByFileID","Elapsed":0}
2026-10-06T18:28:39.4928652Z {"Time":"2026-10-06T18:28:39.4885043Z","Action":"run","Package":"github.com/snissn/gomap/TreeDB/caching","Test":"TestObserveVlogGenerationRewritePlanOutcome_EmptyReasonBuckets"}
2026-10-06T18:28:39.4930162Z {"Time":"2026-10-06T18:28:39.4885043Z","Action":"output","Package":"github.com/snissn/gomap/TreeDB/caching","Test":"TestObserveVlogGenerationRewritePlanOutcome_EmptyReasonBuckets","Output":"=== RUN   TestObserveVlogGenerationRewritePlanOutcome_EmptyReasonBuckets\n"}
2026-10-06T18:28:39.4932179Z {"Time":"2026-10-06T18:28:39.4885043Z","Action":"output","Package":"github.com/snissn/gomap/TreeDB/caching","Test":"TestObserveVlogGenerationRewritePlanOutcome_EmptyReasonBuckets","Output":"--- PASS: TestObserveVlogGenerationRewritePlanOutcome_EmptyReasonBuckets (0.00s)\n"}
2026-10-06T18:28:39.4933772Z {"Time":"2026-10-06T18:28:39.4885043Z","Action":"pass","Package":"github.com/snissn/gomap/TreeDB/caching","Test":"TestObserveVlogGenerationRewritePlanOutcome_EmptyReasonBuckets","Elapsed":0}
2026-10-06T18:28:39.4935214Z {"Time":"2026-10-06T18:28:39.4885043Z","Action":"run","Package":"github.com/snissn/gomap/TreeDB/caching","Test":"TestObserveVlogGenerationRewriteDeadlineCountersByQueueState"}
2026-10-06T18:28:39.4936942Z {"Time":"2026-10-06T18:28:39.4885043Z","Action":"output","Package":"github.com/snissn/gomap/TreeDB/caching","Test":"TestObserveVlogGenerationRewriteDeadlineCountersByQueueState","Output":"=== RUN   TestObserveVlogGenerationRewriteDeadlineCountersByQueueState\n"}
2026-10-06T18:28:39.4939069Z {"Time":"2026-10-06T18:28:39.4885043Z","Action":"output","Package":"github.com/snissn/gomap/TreeDB/caching","Test":"TestObserveVlogGenerationRewriteDeadlineCountersByQueueState","Output":"--- PASS: TestObserveVlogGenerationRewriteDeadlineCountersByQueueState (0.00s)\n"}
2026-10-06T18:28:39.4940687Z {"Time":"2026-10-06T18:28:39.4885043Z","Action":"pass","Package":"github.com/snissn/gomap/TreeDB/caching","Test":"TestObserveVlogGenerationRewriteDeadlineCountersByQueueState","Elapsed":0}
2026-10-06T18:28:39.4941940Z {"Time":"2026-10-06T18:28:39.4885043Z","Action":"run","Package":"github.com/snissn/gomap/TreeDB/caching","Test":"TestSetMaintenancePhase_WALOnSteadyDoesNotArmSchedulerWhileClosing"}
2026-10-06T18:28:39.4943673Z {"Time":"2026-10-06T18:28:39.4885043Z","Action":"output","Package":"github.com/snissn/gomap/TreeDB/caching","Test":"TestSetMaintenancePhase_WALOnSteadyDoesNotArmSchedulerWhileClosing","Output":"=== RUN   TestSetMaintenancePhase_WALOnSteadyDoesNotArmSchedulerWhileClosing\n"}
2026-10-06T18:28:39.6301692Z {"Time":"2026-10-06T18:28:39.6216496Z","Action":"output","Package":"github.com/snissn/gomap/TreeDB/caching","Test":"TestSetMaintenancePhase_WALOnSteadyDoesNotArmSchedulerWhileClosing","Output":"--- PASS: TestSetMaintenancePhase_WALOnSteadyDoesNotArmSchedulerWhileClosing (0.13s)\n"}
2026-10-06T18:28:39.6304107Z {"Time":"2026-10-06T18:28:39.6216496Z","Action":"pass","Package":"github.com/snissn/gomap/TreeDB/caching","Test":"TestSetMaintenancePhase_WALOnSteadyDoesNotArmSchedulerWhileClosing","Elapsed":0.13}
2026-10-06T18:28:39.6305586Z {"Time":"2026-10-06T18:28:39.6216496Z","Action":"run","Package":"github.com/snissn/gomap/TreeDB/caching","Test":"TestDeferredVectorBuildVlogMaintenanceBeginWaitsForAdmittedPass"}
2026-10-06T18:28:39.6307409Z {"Time":"2026-10-06T18:28:39.6216496Z","Action":"output","Package":"github.com/snissn/gomap/TreeDB/caching","Test":"TestDeferredVectorBuildVlogMaintenanceBeginWaitsForAdmittedPass","Output":"=== RUN   TestDeferredVectorBuildVlogMaintenanceBeginWaitsForAdmittedPass\n"}
2026-10-06T18:28:39.6460799Z {"Time":"2026-10-06T18:28:39.64218Z","Action":"output","Package":"github.com/snissn/gomap/TreeDB/caching","Test":"TestDeferredVectorBuildVlogMaintenanceBeginWaitsForAdmittedPass","Output":"--- PASS: TestDeferredVectorBuildVlogMaintenanceBeginWaitsForAdmittedPass (0.02s)\n"}
2026-10-06T18:28:39.6463328Z {"Time":"2026-10-06T18:28:39.64218Z","Action":"pass","Package":"github.com/snissn/gomap/TreeDB/caching","Test":"TestDeferredVectorBuildVlogMaintenanceBeginWaitsForAdmittedPass","Elapsed":0.02}
2026-10-06T18:28:39.6465094Z {"Time":"2026-10-06T18:28:39.64218Z","Action":"run","Package":"github.com/snissn/gomap/TreeDB/caching","Test":"TestDeferredVectorBuildVlogMaintenanceFinalizeRetainsAdministrativeDebt"}
2026-10-06T18:28:39.6467380Z {"Time":"2026-10-06T18:28:39.64218Z","Action":"output","Package":"github.com/snissn/gomap/TreeDB/caching","Test":"TestDeferredVectorBuildVlogMaintenanceFinalizeRetainsAdministrativeDebt","Output":"=== RUN   TestDeferredVectorBuildVlogMaintenanceFinalizeRetainsAdministrativeDebt\n"}
2026-10-06T18:28:39.6469726Z {"Time":"2026-10-06T18:28:39.6425923Z","Action":"run","Package":"github.com/snissn/gomap/TreeDB/caching","Test":"TestDeferredVectorBuildVlogMaintenanceFinalizeRetainsAdministrativeDebt/pause_file"}
2026-10-06T18:28:39.6472025Z {"Time":"2026-10-06T18:28:39.6425923Z","Action":"output","Package":"github.com/snissn/gomap/TreeDB/caching","Test":"TestDeferredVectorBuildVlogMaintenanceFinalizeRetainsAdministrativeDebt/pause_file","Output":"=== RUN   TestDeferredVectorBuildVlogMaintenanceFinalizeRetainsAdministrativeDebt/pause_file\n"}
2026-10-06T18:28:39.6474347Z {"Time":"2026-10-06T18:28:39.6448682Z","Action":"output","Package":"github.com/snissn/gomap/TreeDB/caching","Test":"TestDeferredVectorBuildVlogMaintenanceFinalizeRetainsAdministrativeDebt/pause_file","Output":"--- PASS: TestDeferredVectorBuildVlogMaintenanceFinalizeRetainsAdministrativeDebt/pause_file (0.00s)\n"}
2026-10-06T18:28:39.6476252Z {"Time":"2026-10-06T18:28:39.6448682Z","Action":"pass","Package":"github.com/snissn/gomap/TreeDB/caching","Test":"TestDeferredVectorBuildVlogMaintenanceFinalizeRetainsAdministrativeDebt/pause_file","Elapsed":0}
2026-10-06T18:28:39.6478095Z {"Time":"2026-10-06T18:28:39.6448682Z","Action":"run","Package":"github.com/snissn/gomap/TreeDB/caching","Test":"TestDeferredVectorBuildVlogMaintenanceFinalizeRetainsAdministrativeDebt/restore_phase"}
2026-10-06T18:28:39.6479969Z {"Time":"2026-10-06T18:28:39.6448682Z","Action":"output","Package":"github.com/snissn/gomap/TreeDB/caching","Test":"TestDeferredVectorBuildVlogMaintenanceFinalizeRetainsAdministrativeDebt/restore_phase","Output":"=== RUN   TestDeferredVectorBuildVlogMaintenanceFinalizeRetainsAdministrativeDebt/restore_phase\n"}
2026-10-06T18:28:39.6482303Z {"Time":"2026-10-06T18:28:39.6448682Z","Action":"output","Package":"github.com/snissn/gomap/TreeDB/caching","Test":"TestDeferredVectorBuildVlogMaintenanceFinalizeRetainsAdministrativeDebt/restore_phase","Output":"--- PASS: TestDeferredVectorBuildVlogMaintenanceFinalizeRetainsAdministrativeDebt/restore_phase (0.00s)\n"}
2026-10-06T18:28:39.6484650Z {"Time":"2026-10-06T18:28:39.6448682Z","Action":"pass","Package":"github.com/snissn/gomap/TreeDB/caching","Test":"TestDeferredVectorBuildVlogMaintenanceFinalizeRetainsAdministrativeDebt/restore_phase","Elapsed":0}
2026-10-06T18:28:39.6486482Z {"Time":"2026-10-06T18:28:39.6448682Z","Action":"output","Package":"github.com/snissn/gomap/TreeDB/caching","Test":"TestDeferredVectorBuildVlogMaintenanceFinalizeRetainsAdministrativeDebt","Output":"--- PASS: TestDeferredVectorBuildVlogMaintenanceFinalizeRetainsAdministrativeDebt (0.00s)\n"}
2026-10-06T18:28:39.6488240Z {"Time":"2026-10-06T18:28:39.6448682Z","Action":"pass","Package":"github.com/snissn/gomap/TreeDB/caching","Test":"TestDeferredVectorBuildVlogMaintenanceFinalizeRetainsAdministrativeDebt","Elapsed":0}
2026-10-06T18:28:39.6489507Z {"Time":"2026-10-06T18:28:39.6448682Z","Action":"run","Package":"github.com/snissn/gomap/TreeDB/caching","Test":"TestShouldRunVlogGenerationIndexVacuum_TracksSkipReasons"}
2026-10-06T18:28:39.6490950Z {"Time":"2026-10-06T18:28:39.6448682Z","Action":"output","Package":"github.com/snissn/gomap/TreeDB/caching","Test":"TestShouldRunVlogGenerationIndexVacuum_TracksSkipReasons","Output":"=== RUN   TestShouldRunVlogGenerationIndexVacuum_TracksSkipReasons\n"}
2026-10-06T18:28:39.6492702Z {"Time":"2026-10-06T18:28:39.6454799Z","Action":"output","Package":"github.com/snissn/gomap/TreeDB/caching","Test":"TestShouldRunVlogGenerationIndexVacuum_TracksSkipReasons","Output":"--- PASS: TestShouldRunVlogGenerationIndexVacuum_TracksSkipReasons (0.00s)\n"}
2026-10-06T18:28:39.6494198Z {"Time":"2026-10-06T18:28:39.6454799Z","Action":"pass","Package":"github.com/snissn/gomap/TreeDB/caching","Test":"TestShouldRunVlogGenerationIndexVacuum_TracksSkipReasons","Elapsed":0}
2026-10-06T18:28:39.6495431Z {"Time":"2026-10-06T18:28:39.6454799Z","Action":"run","Package":"github.com/snissn/gomap/TreeDB/caching","Test":"TestRunVlogGenerationMaintenanceRetries_CoalescesPendingCollisionRetries"}
2026-10-06T18:28:39.6497066Z {"Time":"2026-10-06T18:28:39.6454799Z","Action":"output","Package":"github.com/snissn/gomap/TreeDB/caching","Test":"TestRunVlogGenerationMaintenanceRetries_CoalescesPendingCollisionRetries","Output":"=== RUN   TestRunVlogGenerationMaintenanceRetries_CoalescesPendingCollisionRetries\n"}
2026-10-06T18:28:39.7396885Z {"Time":"2026-10-06T18:28:39.737407Z","Action":"output","Package":"github.com/snissn/gomap/TreeDB/caching","Test":"TestRunVlogGenerationMaintenanceRetries_CoalescesPendingCollisionRetries","Output":"--- PASS: TestRunVlogGenerationMaintenanceRetries_CoalescesPendingCollisionRetries (0.09s)\n"}
2026-10-06T18:28:39.7400927Z {"Time":"2026-10-06T18:28:39.737407Z","Action":"pass","Package":"github.com/snissn/gomap/TreeDB/caching","Test":"TestRunVlogGenerationMaintenanceRetries_CoalescesPendingCollisionRetries","Elapsed":0.09}
2026-10-06T18:28:39.7403684Z {"Time":"2026-10-06T18:28:39.737407Z","Action":"run","Package":"github.com/snissn/gomap/TreeDB/caching","Test":"TestVlogGenerationRewriteMinStaleRatioForGenericPass_PreservesHigherConfiguredRatio"}
2026-10-06T18:28:39.7408391Z {"Time":"2026-10-06T18:28:39.737407Z","Action":"output","Package":"github.com/snissn/gomap/TreeDB/caching","Test":"TestVlogGenerationRewriteMinStaleRatioForGenericPass_PreservesHigherConfiguredRatio","Output":"=== RUN   TestVlogGenerationRewriteMinStaleRatioForGenericPass_PreservesHigherConfiguredRatio\n"}
2026-10-06T18:28:39.7411162Z {"Time":"2026-10-06T18:28:39.737407Z","Action":"output","Package":"github.com/snissn/gomap/TreeDB/caching","Test":"TestVlogGenerationRewriteMinStaleRatioForGenericPass_PreservesHigherConfiguredRatio","Output":"--- PASS: TestVlogGenerationRewriteMinStaleRatioForGenericPass_PreservesHigherConfiguredRatio (0.00s)\n"}
2026-10-06T18:28:39.7413248Z {"Time":"2026-10-06T18:28:39.737407Z","Action":"pass","Package":"github.com/snissn/gomap/TreeDB/caching","Test":"TestVlogGenerationRewriteMinStaleRatioForGenericPass_PreservesHigherConfiguredRatio","Elapsed":0}
2026-10-06T18:28:39.7414926Z {"Time":"2026-10-06T18:28:39.737407Z","Action":"run","Package":"github.com/snissn/gomap/TreeDB/caching","Test":"TestVlogGenerationRewriteMinStaleRatioForQueuedDebt_UsesGenericFloorForTotalBytes"}
2026-10-06T18:28:39.7417065Z {"Time":"2026-10-06T18:28:39.737407Z","Action":"output","Package":"github.com/snissn/gomap/TreeDB/caching","Test":"TestVlogGenerationRewriteMinStaleRatioForQueuedDebt_UsesGenericFloorForTotalBytes","Output":"=== RUN   TestVlogGenerationRewriteMinStaleRatioForQueuedDebt_UsesGenericFloorForTotalBytes\n"}
2026-10-06T18:28:39.7419320Z {"Time":"2026-10-06T18:28:39.737407Z","Action":"output","Package":"github.com/snissn/gomap/TreeDB/caching","Test":"TestVlogGenerationRewriteMinStaleRatioForQueuedDebt_UsesGenericFloorForTotalBytes","Output":"--- PASS: TestVlogGenerationRewriteMinStaleRatioForQueuedDebt_UsesGenericFloorForTotalBytes (0.00s)\n"}
2026-10-06T18:28:39.7421690Z {"Time":"2026-10-06T18:28:39.737407Z","Action":"pass","Package":"github.com/snissn/gomap/TreeDB/caching","Test":"TestVlogGenerationRewriteMinStaleRatioForQueuedDebt_UsesGenericFloorForTotalBytes","Elapsed":0}
2026-10-06T18:28:39.7423125Z {"Time":"2026-10-06T18:28:39.7380291Z","Action":"run","Package":"github.com/snissn/gomap/TreeDB/caching","Test":"TestVlogGenerationRewriteMinStaleRatioForStaleRatioTrigger_UsesHigherConfiguredRatio"}
2026-10-06T18:28:39.7424953Z {"Time":"2026-10-06T18:28:39.7380291Z","Action":"output","Package":"github.com/snissn/gomap/TreeDB/caching","Test":"TestVlogGenerationRewriteMinStaleRatioForStaleRatioTrigger_UsesHigherConfiguredRatio","Output":"=== RUN   TestVlogGenerationRewriteMinStaleRatioForStaleRatioTrigger_UsesHigherConfiguredRatio\n"}
2026-10-06T18:28:39.7427387Z {"Time":"2026-10-06T18:28:39.7380291Z","Action":"output","Package":"github.com/snissn/gomap/TreeDB/caching","Test":"TestVlogGenerationRewriteMinStaleRatioForStaleRatioTrigger_UsesHigherConfiguredRatio","Output":"--- PASS: TestVlogGenerationRewriteMinStaleRatioForStaleRatioTrigger_UsesHigherConfiguredRatio (0.00s)\n"}
2026-10-06T18:28:39.7429278Z {"Time":"2026-10-06T18:28:39.7380291Z","Action":"pass","Package":"github.com/snissn/gomap/TreeDB/caching","Test":"TestVlogGenerationRewriteMinStaleRatioForStaleRatioTrigger_UsesHigherConfiguredRatio","Elapsed":0}
2026-10-06T18:28:39.7430530Z {"Time":"2026-10-06T18:28:39.7380291Z","Action":"run","Package":"github.com/snissn/gomap/TreeDB/caching","Test":"TestShouldRunVlogGenerationGC_ReclaimableBytes"}
2026-10-06T18:28:39.7431970Z {"Time":"2026-10-06T18:28:39.7380291Z","Action":"output","Package":"github.com/snissn/gomap/TreeDB/caching","Test":"TestShouldRunVlogGenerationGC_ReclaimableBytes","Output":"=== RUN   TestShouldRunVlogGenerationGC_ReclaimableBytes\n"}
2026-10-06T18:28:39.7433560Z {"Time":"2026-10-06T18:28:39.7380291Z","Action":"output","Package":"github.com/snissn/gomap/TreeDB/caching","Test":"TestShouldRunVlogGenerationGC_ReclaimableBytes","Output":"--- PASS: TestShouldRunVlogGenerationGC_ReclaimableBytes (0.00s)\n"}
2026-10-06T18:28:39.7434915Z {"Time":"2026-10-06T18:28:39.7380291Z","Action":"pass","Package":"github.com/snissn/gomap/TreeDB/caching","Test":"TestShouldRunVlogGenerationGC_ReclaimableBytes","Elapsed":0}
2026-10-06T18:28:39.7436009Z {"Time":"2026-10-06T18:28:39.7380291Z","Action":"run","Package":"github.com/snissn/gomap/TreeDB/caching","Test":"TestShouldRunVlogGenerationIndexVacuum_Threshold"}
2026-10-06T18:28:39.7437484Z {"Time":"2026-10-06T18:28:39.7380291Z","Action":"output","Package":"github.com/snissn/gomap/TreeDB/caching","Test":"TestShouldRunVlogGenerationIndexVacuum_Threshold","Output":"=== RUN   TestShouldRunVlogGenerationIndexVacuum_Threshold\n"}
2026-10-06T18:28:39.7439110Z {"Time":"2026-10-06T18:28:39.7380291Z","Action":"output","Package":"github.com/snissn/gomap/TreeDB/caching","Test":"TestShouldRunVlogGenerationIndexVacuum_Threshold","Output":"--- PASS: TestShouldRunVlogGenerationIndexVacuum_Threshold (0.00s)\n"}
2026-10-06T18:28:39.7441007Z {"Time":"2026-10-06T18:28:39.7380291Z","Action":"pass","Package":"github.com/snissn/gomap/TreeDB/caching","Test":"TestShouldRunVlogGenerationIndexVacuum_Threshold","Elapsed":0}
2026-10-06T18:28:39.7442335Z {"Time":"2026-10-06T18:28:39.7380291Z","Action":"run","Package":"github.com/snissn/gomap/TreeDB/caching","Test":"TestVlogGenerationRewriteBudgetCapEnforcedOnLargeElapsed"}
2026-10-06T18:28:39.7443939Z {"Time":"2026-10-06T18:28:39.7380291Z","Action":"output","Package":"github.com/snissn/gomap/TreeDB/caching","Test":"TestVlogGenerationRewriteBudgetCapEnforcedOnLargeElapsed","Output":"=== RUN   TestVlogGenerationRewriteBudgetCapEnforcedOnLargeElapsed\n"}
2026-10-06T18:28:39.7445756Z {"Time":"2026-10-06T18:28:39.7380291Z","Action":"output","Package":"github.com/snissn/gomap/TreeDB/caching","Test":"TestVlogGenerationRewriteBudgetCapEnforcedOnLargeElapsed","Output":"--- PASS: TestVlogGenerationRewriteBudgetCapEnforcedOnLargeElapsed (0.00s)\n"}
2026-10-06T18:28:39.7447303Z {"Time":"2026-10-06T18:28:39.7380291Z","Action":"pass","Package":"github.com/snissn/gomap/TreeDB/caching","Test":"TestVlogGenerationRewriteBudgetCapEnforcedOnLargeElapsed","Elapsed":0}
2026-10-06T18:28:39.7448563Z {"Time":"2026-10-06T18:28:39.7380291Z","Action":"run","Package":"github.com/snissn/gomap/TreeDB/caching","Test":"TestAddClampInt64_SaturatesAndClamps"}
2026-10-06T18:28:39.7449753Z {"Time":"2026-10-06T18:28:39.7380291Z","Action":"output","Package":"github.com/snissn/gomap/TreeDB/caching","Test":"TestAddClampInt64_SaturatesAndClamps","Output":"=== RUN   TestAddClampInt64_SaturatesAndClamps\n"}
2026-10-06T18:28:39.7451162Z {"Time":"2026-10-06T18:28:39.7380291Z","Action":"output","Package":"github.com/snissn/gomap/TreeDB/caching","Test":"TestAddClampInt64_SaturatesAndClamps","Output":"--- PASS: TestAddClampInt64_SaturatesAndClamps (0.00s)\n"}
2026-10-06T18:28:39.7452432Z {"Time":"2026-10-06T18:28:39.7380291Z","Action":"pass","Package":"github.com/snissn/gomap/TreeDB/caching","Test":"TestAddClampInt64_SaturatesAndClamps","Elapsed":0}
2026-10-06T18:28:39.7453651Z {"Time":"2026-10-06T18:28:39.7380291Z","Action":"run","Package":"github.com/snissn/gomap/TreeDB/caching","Test":"TestVlogGenerationRewriteSegmentCapForRun_Limiter"}
2026-10-06T18:28:39.7455039Z {"Time":"2026-10-06T18:28:39.7380291Z","Action":"output","Package":"github.com/snissn/gomap/TreeDB/caching","Test":"TestVlogGenerationRewriteSegmentCapForRun_Limiter","Output":"=== RUN   TestVlogGenerationRewriteSegmentCapForRun_Limiter\n"}
2026-10-06T18:28:39.7456685Z {"Time":"2026-10-06T18:28:39.7380291Z","Action":"output","Package":"github.com/snissn/gomap/TreeDB/caching","Test":"TestVlogGenerationRewriteSegmentCapForRun_Limiter","Output":"--- PASS: TestVlogGenerationRewriteSegmentCapForRun_Limiter (0.00s)\n"}
2026-10-06T18:28:39.7458101Z {"Time":"2026-10-06T18:28:39.7386057Z","Action":"pass","Package":"github.com/snissn/gomap/TreeDB/caching","Test":"TestVlogGenerationRewriteSegmentCapForRun_Limiter","Elapsed":0}
2026-10-06T18:28:39.7459584Z {"Time":"2026-10-06T18:28:39.7386057Z","Action":"run","Package":"github.com/snissn/gomap/TreeDB/caching","Test":"TestVlogGenerationObserveRewriteSegmentCapDecision"}
2026-10-06T18:28:39.7461304Z {"Time":"2026-10-06T18:28:39.7386057Z","Action":"output","Package":"github.com/snissn/gomap/TreeDB/caching","Test":"TestVlogGenerationObserveRewriteSegmentCapDecision","Output":"=== RUN   TestVlogGenerationObserveRewriteSegmentCapDecision\n"}
2026-10-06T18:28:39.7463025Z {"Time":"2026-10-06T18:28:39.7386057Z","Action":"output","Package":"github.com/snissn/gomap/TreeDB/caching","Test":"TestVlogGenerationObserveRewriteSegmentCapDecision","Output":"--- PASS: TestVlogGenerationObserveRewriteSegmentCapDecision (0.00s)\n"}
2026-10-06T18:28:39.7464671Z {"Time":"2026-10-06T18:28:39.7386057Z","Action":"pass","Package":"github.com/snissn/gomap/TreeDB/caching","Test":"TestVlogGenerationObserveRewriteSegmentCapDecision","Elapsed":0}
2026-10-06T18:28:39.7465875Z {"Time":"2026-10-06T18:28:39.7386057Z","Action":"run","Package":"github.com/snissn/gomap/TreeDB/caching","Test":"TestVlogGenerationRewriteMaxSegmentsForFreshPlan_ClampsToFreshCap"}
2026-10-06T18:28:39.7467685Z {"Time":"2026-10-06T18:28:39.7386057Z","Action":"output","Package":"github.com/snissn/gomap/TreeDB/caching","Test":"TestVlogGenerationRewriteMaxSegmentsForFreshPlan_ClampsToFreshCap","Output":"=== RUN   TestVlogGenerationRewriteMaxSegmentsForFreshPlan_ClampsToFreshCap\n"}
2026-10-06T18:28:39.7469788Z {"Time":"2026-10-06T18:28:39.7386057Z","Action":"output","Package":"github.com/snissn/gomap/TreeDB/caching","Test":"TestVlogGenerationRewriteMaxSegmentsForFreshPlan_ClampsToFreshCap","Output":"--- PASS: TestVlogGenerationRewriteMaxSegmentsForFreshPlan_ClampsToFreshCap (0.00s)\n"}
2026-10-06T18:28:39.7471420Z {"Time":"2026-10-06T18:28:39.7386057Z","Action":"pass","Package":"github.com/snissn/gomap/TreeDB/caching","Test":"TestVlogGenerationRewriteMaxSegmentsForFreshPlan_ClampsToFreshCap","Elapsed":0}
2026-10-06T18:28:39.7472625Z {"Time":"2026-10-06T18:28:39.7386057Z","Action":"run","Package":"github.com/snissn/gomap/TreeDB/caching","Test":"TestLeafGenerationPackMaintenance_RequiresExplicitEnv"}
2026-10-06T18:28:39.7474005Z {"Time":"2026-10-06T18:28:39.7386057Z","Action":"output","Package":"github.com/snissn/gomap/TreeDB/caching","Test":"TestLeafGenerationPackMaintenance_RequiresExplicitEnv","Output":"=== RUN   TestLeafGenerationPackMaintenance_RequiresExplicitEnv\n"}
2026-10-06T18:28:39.8636285Z {"Time":"2026-10-06T18:28:39.8600378Z","Action":"output","Package":"github.com/snissn/gomap/TreeDB/caching","Test":"TestLeafGenerationPackMaintenance_RequiresExplicitEnv","Output":"--- PASS: TestLeafGenerationPackMaintenance_RequiresExplicitEnv (0.12s)\n"}
2026-10-06T18:28:39.8638599Z {"Time":"2026-10-06T18:28:39.8600378Z","Action":"pass","Package":"github.com/snissn/gomap/TreeDB/caching","Test":"TestLeafGenerationPackMaintenance_RequiresExplicitEnv","Elapsed":0.12}
2026-10-06T18:28:39.8640520Z {"Time":"2026-10-06T18:28:39.8600378Z","Action":"run","Package":"github.com/snissn/gomap/TreeDB/caching","Test":"TestLeafGenerationPackMaintenance_PassesReserveRIDs"}
2026-10-06T18:28:39.8642641Z {"Time":"2026-10-06T18:28:39.8600378Z","Action":"output","Package":"github.com/snissn/gomap/TreeDB/caching","Test":"TestLeafGenerationPackMaintenance_PassesReserveRIDs","Output":"=== RUN   TestLeafGenerationPackMaintenance_PassesReserveRIDs\n"}
2026-10-06T18:28:40.0194388Z {"Time":"2026-10-06T18:28:40.0074847Z","Action":"output","Package":"github.com/snissn/gomap/TreeDB/caching","Test":"TestLeafGenerationPackMaintenance_PassesReserveRIDs","Output":"--- PASS: TestLeafGenerationPackMaintenance_PassesReserveRIDs (0.15s)\n"}
2026-10-06T18:28:40.0197215Z {"Time":"2026-10-06T18:28:40.0074847Z","Action":"pass","Package":"github.com/snissn/gomap/TreeDB/caching","Test":"TestLeafGenerationPackMaintenance_PassesReserveRIDs","Elapsed":0.15}
2026-10-06T18:28:40.0199395Z {"Time":"2026-10-06T18:28:40.0074847Z","Action":"run","Package":"github.com/snissn/gomap/TreeDB/caching","Test":"TestLeafGenerationPackMaintenance_StopsAfterLowYieldWindow"}
2026-10-06T18:28:40.0202145Z {"Time":"2026-10-06T18:28:40.0074847Z","Action":"output","Package":"github.com/snissn/gomap/TreeDB/caching","Test":"TestLeafGenerationPackMaintenance_StopsAfterLowYieldWindow","Output":"=== RUN   TestLeafGenerationPackMaintenance_StopsAfterLowYieldWindow\n"}
2026-10-06T18:28:40.1751648Z {"Time":"2026-10-06T18:28:40.1693991Z","Action":"output","Package":"github.com/snissn/gomap/TreeDB/caching","Test":"TestLeafGenerationPackMaintenance_StopsAfterLowYieldWindow","Output":"--- PASS: TestLeafGenerationPackMaintenance_StopsAfterLowYieldWindow (0.16s)\n"}
2026-10-06T18:28:40.1762559Z {"Time":"2026-10-06T18:28:40.1697498Z","Action":"pass","Package":"github.com/snissn/gomap/TreeDB/caching","Test":"TestLeafGenerationPackMaintenance_StopsAfterLowYieldWindow","Elapsed":0.16}
2026-10-06T18:28:40.1763910Z {"Time":"2026-10-06T18:28:40.1697498Z","Action":"run","Package":"github.com/snissn/gomap/TreeDB/caching","Test":"TestVlogGenerationRewritePlanContext_BudgetsPeriodicFreshPlans"}
2026-10-06T18:28:40.1766969Z {"Time":"2026-10-06T18:28:40.1697498Z","Action":"output","Package":"github.com/snissn/gomap/TreeDB/caching","Test":"TestVlogGenerationRewritePlanContext_BudgetsPeriodicFreshPlans","Output":"=== RUN   TestVlogGenerationRewritePlanContext_BudgetsPeriodicFreshPlans\n"}
2026-10-06T18:28:40.1769478Z {"Time":"2026-10-06T18:28:40.1697498Z","Action":"output","Package":"github.com/snissn/gomap/TreeDB/caching","Test":"TestVlogGenerationRewritePlanContext_BudgetsPeriodicFreshPlans","Output":"--- PASS: TestVlogGenerationRewritePlanContext_BudgetsPeriodicFreshPlans (0.00s)\n"}
2026-10-06T18:28:40.1771394Z {"Time":"2026-10-06T18:28:40.1697498Z","Action":"pass","Package":"github.com/snissn/gomap/TreeDB/caching","Test":"TestVlogGenerationRewritePlanContext_BudgetsPeriodicFreshPlans","Elapsed":0}
2026-10-06T18:28:40.1772727Z {"Time":"2026-10-06T18:28:40.1697498Z","Action":"run","Package":"github.com/snissn/gomap/TreeDB/caching","Test":"TestVlogGenerationMaintenance_PeriodicPassRunsLeafPackUnderSteadyForegroundActivity"}
2026-10-06T18:28:40.1774558Z {"Time":"2026-10-06T18:28:40.1697498Z","Action":"output","Package":"github.com/snissn/gomap/TreeDB/caching","Test":"TestVlogGenerationMaintenance_PeriodicPassRunsLeafPackUnderSteadyForegroundActivity","Output":"=== RUN   TestVlogGenerationMaintenance_PeriodicPassRunsLeafPackUnderSteadyForegroundActivity\n"}
2026-10-06T18:28:40.3468179Z {"Time":"2026-10-06T18:28:40.3417159Z","Action":"output","Package":"github.com/snissn/gomap/TreeDB/caching","Test":"TestVlogGenerationMaintenance_PeriodicPassRunsLeafPackUnderSteadyForegroundActivity","Output":"--- PASS: TestVlogGenerationMaintenance_PeriodicPassRunsLeafPackUnderSteadyForegroundActivity (0.17s)\n"}
2026-10-06T18:28:40.3470194Z {"Time":"2026-10-06T18:28:40.3417159Z","Action":"pass","Package":"github.com/snissn/gomap/TreeDB/caching","Test":"TestVlogGenerationMaintenance_PeriodicPassRunsLeafPackUnderSteadyForegroundActivity","Elapsed":0.17}
2026-10-06T18:28:40.3471703Z {"Time":"2026-10-06T18:28:40.3422509Z","Action":"run","Package":"github.com/snissn/gomap/TreeDB/caching","Test":"TestVlogGenerationMaintenance_PeriodicLeafPackDoesNotBlockOnScheduledRetainedPruneQuietWait"}
2026-10-06T18:28:40.3473847Z {"Time":"2026-10-06T18:28:40.3422509Z","Action":"output","Package":"github.com/snissn/gomap/TreeDB/caching","Test":"TestVlogGenerationMaintenance_PeriodicLeafPackDoesNotBlockOnScheduledRetainedPruneQuietWait","Output":"=== RUN   TestVlogGenerationMaintenance_PeriodicLeafPackDoesNotBlockOnScheduledRetainedPruneQuietWait\n"}
2026-10-06T18:28:40.6614171Z {"Time":"2026-10-06T18:28:40.647662Z","Action":"output","Package":"github.com/snissn/gomap/TreeDB/caching","Test":"TestVlogGenerationMaintenance_PeriodicLeafPackDoesNotBlockOnScheduledRetainedPruneQuietWait","Output":"--- PASS: TestVlogGenerationMaintenance_PeriodicLeafPackDoesNotBlockOnScheduledRetainedPruneQuietWait (0.31s)\n"}
2026-10-06T18:28:40.6617339Z {"Time":"2026-10-06T18:28:40.647662Z","Action":"pass","Package":"github.com/snissn/gomap/TreeDB/caching","Test":"TestVlogGenerationMaintenance_PeriodicLeafPackDoesNotBlockOnScheduledRetainedPruneQuietWait","Elapsed":0.31}
2026-10-06T18:28:40.6619421Z {"Time":"2026-10-06T18:28:40.647662Z","Action":"run","Package":"github.com/snissn/gomap/TreeDB/caching","Test":"TestVlogGenerationMaintenance_LeafPackDeadlineIsNotAnError"}
2026-10-06T18:28:40.6621436Z {"Time":"2026-10-06T18:28:40.647662Z","Action":"output","Package":"github.com/snissn/gomap/TreeDB/caching","Test":"TestVlogGenerationMaintenance_LeafPackDeadlineIsNotAnError","Output":"=== RUN   TestVlogGenerationMaintenance_LeafPackDeadlineIsNotAnError\n"}
2026-10-06T18:28:41.8304100Z {"Time":"2026-10-06T18:28:41.8276036Z","Action":"output","Package":"github.com/snissn/gomap/TreeDB/caching","Test":"TestVlogGenerationMaintenance_LeafPackDeadlineIsNotAnError","Output":"--- PASS: TestVlogGenerationMaintenance_LeafPackDeadlineIsNotAnError (1.18s)\n"}
2026-10-06T18:28:41.8306595Z {"Time":"2026-10-06T18:28:41.8276036Z","Action":"pass","Package":"github.com/snissn/gomap/TreeDB/caching","Test":"TestVlogGenerationMaintenance_LeafPackDeadlineIsNotAnError","Elapsed":1.18}
2026-10-06T18:28:41.8328700Z {"Time":"2026-10-06T18:28:41.8276036Z","Action":"run","Package":"github.com/snissn/gomap/TreeDB/caching","Test":"TestVlogGenerationMaintenance_LeafPackCloseCanceledIsNotAnError"}
2026-10-06T18:28:41.8331162Z {"Time":"2026-10-06T18:28:41.8276036Z","Action":"output","Package":"github.com/snissn/gomap/TreeDB/caching","Test":"TestVlogGenerationMaintenance_LeafPackCloseCanceledIsNotAnError","Output":"=== RUN   TestVlogGenerationMaintenance_LeafPackCloseCanceledIsNotAnError\n"}
2026-10-06T18:28:41.9380868Z {"Time":"2026-10-06T18:28:41.9351818Z","Action":"output","Package":"github.com/snissn/gomap/TreeDB/caching","Test":"TestVlogGenerationMaintenance_LeafPackCloseCanceledIsNotAnError","Output":"--- PASS: TestVlogGenerationMaintenance_LeafPackCloseCanceledIsNotAnError (0.11s)\n"}
2026-10-06T18:28:41.9382589Z {"Time":"2026-10-06T18:28:41.9351818Z","Action":"pass","Package":"github.com/snissn/gomap/TreeDB/caching","Test":"TestVlogGenerationMaintenance_LeafPackCloseCanceledIsNotAnError","Elapsed":0.11}
2026-10-06T18:28:41.9383866Z {"Time":"2026-10-06T18:28:41.9351818Z","Action":"run","Package":"github.com/snissn/gomap/TreeDB/caching","Test":"TestVlogGenerationMaintenance_BypassQuietSkipsLeafPack"}
2026-10-06T18:28:41.9385453Z {"Time":"2026-10-06T18:28:41.9351818Z","Action":"output","Package":"github.com/snissn/gomap/TreeDB/caching","Test":"TestVlogGenerationMaintenance_BypassQuietSkipsLeafPack","Output":"=== RUN   TestVlogGenerationMaintenance_BypassQuietSkipsLeafPack\n"}
2026-10-06T18:28:42.0771165Z {"Time":"2026-10-06T18:28:42.0700662Z","Action":"output","Package":"github.com/snissn/gomap/TreeDB/caching","Test":"TestVlogGenerationMaintenance_BypassQuietSkipsLeafPack","Output":"--- PASS: TestVlogGenerationMaintenance_BypassQuietSkipsLeafPack (0.13s)\n"}
2026-10-06T18:28:42.0773473Z {"Time":"2026-10-06T18:28:42.0700662Z","Action":"pass","Package":"github.com/snissn/gomap/TreeDB/caching","Test":"TestVlogGenerationMaintenance_BypassQuietSkipsLeafPack","Elapsed":0.13}
2026-10-06T18:28:42.0775151Z {"Time":"2026-10-06T18:28:42.0700662Z","Action":"run","Package":"github.com/snissn/gomap/TreeDB/caching","Test":"TestVlogGenerationRewrite_ObservedSourceRetainedBlock_RunsSecondGC"}
2026-10-06T18:28:42.0776967Z {"Time":"2026-10-06T18:28:42.0700662Z","Action":"output","Package":"github.com/snissn/gomap/TreeDB/caching","Test":"TestVlogGenerationRewrite_ObservedSourceRetainedBlock_RunsSecondGC","Output":"=== RUN   TestVlogGenerationRewrite_ObservedSourceRetainedBlock_RunsSecondGC\n"}
2026-10-06T18:28:42.2788145Z {"Time":"2026-10-06T18:28:42.2631829Z","Action":"output","Package":"github.com/snissn/gomap/TreeDB/caching","Test":"TestVlogGenerationRewrite_ObservedSourceRetainedBlock_RunsSecondGC","Output":"--- PASS: TestVlogGenerationRewrite_ObservedSourceRetainedBlock_RunsSecondGC (0.19s)\n"}
2026-10-06T18:28:42.2791553Z {"Time":"2026-10-06T18:28:42.2631829Z","Action":"pass","Package":"github.com/snissn/gomap/TreeDB/caching","Test":"TestVlogGenerationRewrite_ObservedSourceRetainedBlock_RunsSecondGC","Elapsed":0.19}
2026-10-06T18:28:42.2793754Z {"Time":"2026-10-06T18:28:42.2631829Z","Action":"run","Package":"github.com/snissn/gomap/TreeDB/caching","Test":"TestVlogGenerationMaintenance_ObservedSourceGCCompletionClearsRetryState"}
2026-10-06T18:28:42.2796547Z {"Time":"2026-10-06T18:28:42.2631829Z","Action":"output","Package":"github.com/snissn/gomap/TreeDB/caching","Test":"TestVlogGenerationMaintenance_ObservedSourceGCCompletionClearsRetryState","Output":"=== RUN   TestVlogGenerationMaintenance_ObservedSourceGCCompletionClearsRetryState\n"}
2026-10-06T18:28:42.3864232Z {"Time":"2026-10-06T18:28:42.3788641Z","Action":"output","Package":"github.com/snissn/gomap/TreeDB/caching","Test":"TestVlogGenerationMaintenance_ObservedSourceGCCompletionClearsRetryState","Output":"--- PASS: TestVlogGenerationMaintenance_ObservedSourceGCCompletionClearsRetryState (0.12s)\n"}
2026-10-06T18:28:42.3867286Z {"Time":"2026-10-06T18:28:42.3788641Z","Action":"pass","Package":"github.com/snissn/gomap/TreeDB/caching","Test":"TestVlogGenerationMaintenance_ObservedSourceGCCompletionClearsRetryState","Elapsed":0.12}
2026-10-06T18:28:42.3869507Z {"Time":"2026-10-06T18:28:42.3788641Z","Action":"run","Package":"github.com/snissn/gomap/TreeDB/caching","Test":"TestVlogGenerationRewrite_FreshPlanExecIgnoresForegroundCancelUntilBoundedComplete"}
2026-10-06T18:28:42.3872222Z {"Time":"2026-10-06T18:28:42.3788641Z","Action":"output","Package":"github.com/snissn/gomap/TreeDB/caching","Test":"TestVlogGenerationRewrite_FreshPlanExecIgnoresForegroundCancelUntilBoundedComplete","Output":"=== RUN   TestVlogGenerationRewrite_FreshPlanExecIgnoresForegroundCancelUntilBoundedComplete\n"}
2026-10-06T18:28:42.8106382Z {"Time":"2026-10-06T18:28:42.7975702Z","Action":"output","Package":"github.com/snissn/gomap/TreeDB/caching","Test":"TestVlogGenerationRewrite_FreshPlanExecIgnoresForegroundCancelUntilBoundedComplete","Output":"--- PASS: TestVlogGenerationRewrite_FreshPlanExecIgnoresForegroundCancelUntilBoundedComplete (0.42s)\n"}
2026-10-06T18:28:42.8108450Z {"Time":"2026-10-06T18:28:42.7975702Z","Action":"pass","Package":"github.com/snissn/gomap/TreeDB/caching","Test":"TestVlogGenerationRewrite_FreshPlanExecIgnoresForegroundCancelUntilBoundedComplete","Elapsed":0.42}
2026-10-06T18:28:42.8111248Z {"Time":"2026-10-06T18:28:42.7975702Z","Action":"run","Package":"github.com/snissn/gomap/TreeDB/caching","Test":"TestVlogGenerationMaintenance_DrainsPendingCheckpointKickAfterPass"}
2026-10-06T18:28:42.8114114Z {"Time":"2026-10-06T18:28:42.7975702Z","Action":"output","Package":"github.com/snissn/gomap/TreeDB/caching","Test":"TestVlogGenerationMaintenance_DrainsPendingCheckpointKickAfterPass","Output":"=== RUN   TestVlogGenerationMaintenance_DrainsPendingCheckpointKickAfterPass\n"}
2026-10-06T18:28:42.8117067Z {"Time":"2026-10-06T18:28:42.7975702Z","Action":"output","Package":"github.com/snissn/gomap/TreeDB/caching","Test":"TestVlogGenerationMaintenance_DrainsPendingCheckpointKickAfterPass","Output":"--- PASS: TestVlogGenerationMaintenance_DrainsPendingCheckpointKickAfterPass (0.00s)\n"}
2026-10-06T18:28:42.8119556Z {"Time":"2026-10-06T18:28:42.7975702Z","Action":"pass","Package":"github.com/snissn/gomap/TreeDB/caching","Test":"TestVlogGenerationMaintenance_DrainsPendingCheckpointKickAfterPass","Elapsed":0}
2026-10-06T18:28:42.8121338Z {"Time":"2026-10-06T18:28:42.7975702Z","Action":"run","Package":"github.com/snissn/gomap/TreeDB/caching","Test":"TestVlogGenerationMaintenance_ArmsDedicatedRewriteQueueSourceForExecutableDebt"}
2026-10-06T18:28:42.8123228Z {"Time":"2026-10-06T18:28:42.7975702Z","Action":"output","Package":"github.com/snissn/gomap/TreeDB/caching","Test":"TestVlogGenerationMaintenance_ArmsDedicatedRewriteQueueSourceForExecutableDebt","Output":"=== RUN   TestVlogGenerationMaintenance_ArmsDedicatedRewriteQueueSourceForExecutableDebt\n"}
2026-10-06T18:28:42.9512023Z {"Time":"2026-10-06T18:28:42.9389891Z","Action":"output","Package":"github.com/snissn/gomap/TreeDB/caching","Test":"TestVlogGenerationMaintenance_ArmsDedicatedRewriteQueueSourceForExecutableDebt","Output":"--- PASS: TestVlogGenerationMaintenance_ArmsDedicatedRewriteQueueSourceForExecutableDebt (0.14s)\n"}
2026-10-06T18:28:42.9515437Z {"Time":"2026-10-06T18:28:42.9389891Z","Action":"pass","Package":"github.com/snissn/gomap/TreeDB/caching","Test":"TestVlogGenerationMaintenance_ArmsDedicatedRewriteQueueSourceForExecutableDebt","Elapsed":0.14}
2026-10-06T18:28:42.9517517Z {"Time":"2026-10-06T18:28:42.9389891Z","Action":"run","Package":"github.com/snissn/gomap/TreeDB/caching","Test":"TestSchedulePendingVlogGenerationCheckpointKick_PrioritizesDueDeferredWake"}
2026-10-06T18:28:42.9520423Z {"Time":"2026-10-06T18:28:42.9389891Z","Action":"output","Package":"github.com/snissn/gomap/TreeDB/caching","Test":"TestSchedulePendingVlogGenerationCheckpointKick_PrioritizesDueDeferredWake","Output":"=== RUN   TestSchedulePendingVlogGenerationCheckpointKick_PrioritizesDueDeferredWake\n"}
2026-10-06T18:28:43.0931843Z {"Time":"2026-10-06T18:28:43.0918039Z","Action":"output","Package":"github.com/snissn/gomap/TreeDB/caching","Test":"TestSchedulePendingVlogGenerationCheckpointKick_PrioritizesDueDeferredWake","Output":"--- PASS: TestSchedulePendingVlogGenerationCheckpointKick_PrioritizesDueDeferredWake (0.15s)\n"}
2026-10-06T18:28:43.0934616Z {"Time":"2026-10-06T18:28:43.0918039Z","Action":"pass","Package":"github.com/snissn/gomap/TreeDB/caching","Test":"TestSchedulePendingVlogGenerationCheckpointKick_PrioritizesDueDeferredWake","Elapsed":0.15}
2026-10-06T18:28:43.0936676Z {"Time":"2026-10-06T18:28:43.0918039Z","Action":"run","Package":"github.com/snissn/gomap/TreeDB/caching","Test":"TestVlogGenerationMaintenance_PeriodicPassReturnsDuringCheckpointing"}
2026-10-06T18:28:43.0938860Z {"Time":"2026-10-06T18:28:43.0918039Z","Action":"output","Package":"github.com/snissn/gomap/TreeDB/caching","Test":"TestVlogGenerationMaintenance_PeriodicPassReturnsDuringCheckpointing","Output":"=== RUN   TestVlogGenerationMaintenance_PeriodicPassReturnsDuringCheckpointing\n"}
2026-10-06T18:28:43.2628607Z {"Time":"2026-10-06T18:28:43.259726Z","Action":"output","Package":"github.com/snissn/gomap/TreeDB/caching","Test":"TestVlogGenerationMaintenance_PeriodicPassReturnsDuringCheckpointing","Output":"--- PASS: TestVlogGenerationMaintenance_PeriodicPassReturnsDuringCheckpointing (0.17s)\n"}
2026-10-06T18:28:43.2631311Z {"Time":"2026-10-06T18:28:43.259726Z","Action":"pass","Package":"github.com/snissn/gomap/TreeDB/caching","Test":"TestVlogGenerationMaintenance_PeriodicPassReturnsDuringCheckpointing","Elapsed":0.17}
2026-10-06T18:28:43.2632946Z {"Time":"2026-10-06T18:28:43.259726Z","Action":"run","Package":"github.com/snissn/gomap/TreeDB/caching","Test":"TestVlogGenerationRewrite_SkipsZeroLivePlannedLedger"}
2026-10-06T18:28:43.2634806Z {"Time":"2026-10-06T18:28:43.259726Z","Action":"output","Package":"github.com/snissn/gomap/TreeDB/caching","Test":"TestVlogGenerationRewrite_SkipsZeroLivePlannedLedger","Output":"=== RUN   TestVlogGenerationRewrite_SkipsZeroLivePlannedLedger\n"}
2026-10-06T18:28:43.4175231Z {"Time":"2026-10-06T18:28:43.4080798Z","Action":"output","Package":"github.com/snissn/gomap/TreeDB/caching","Test":"TestVlogGenerationRewrite_SkipsZeroLivePlannedLedger","Output":"--- PASS: TestVlogGenerationRewrite_SkipsZeroLivePlannedLedger (0.15s)\n"}
2026-10-06T18:28:43.4178050Z {"Time":"2026-10-06T18:28:43.4080798Z","Action":"pass","Package":"github.com/snissn/gomap/TreeDB/caching","Test":"TestVlogGenerationRewrite_SkipsZeroLivePlannedLedger","Elapsed":0.15}
2026-10-06T18:28:43.4179987Z {"Time":"2026-10-06T18:28:43.4080798Z","Action":"run","Package":"github.com/snissn/gomap/TreeDB/caching","Test":"TestVlogGenerationRewriteQueue_LedgerOrdersByStaleRatio"}
2026-10-06T18:28:43.4182120Z {"Time":"2026-10-06T18:28:43.4080798Z","Action":"output","Package":"github.com/snissn/gomap/TreeDB/caching","Test":"TestVlogGenerationRewriteQueue_LedgerOrdersByStaleRatio","Output":"=== RUN   TestVlogGenerationRewriteQueue_LedgerOrdersByStaleRatio\n"}
2026-10-06T18:28:43.6203432Z {"Time":"2026-10-06T18:28:43.6161926Z","Action":"output","Package":"github.com/snissn/gomap/TreeDB/caching","Test":"TestVlogGenerationRewriteQueue_LedgerOrdersByStaleRatio","Output":"--- PASS: TestVlogGenerationRewriteQueue_LedgerOrdersByStaleRatio (0.21s)\n"}
2026-10-06T18:28:43.6205411Z {"Time":"2026-10-06T18:28:43.6167234Z","Action":"pass","Package":"github.com/snissn/gomap/TreeDB/caching","Test":"TestVlogGenerationRewriteQueue_LedgerOrdersByStaleRatio","Elapsed":0.21}
2026-10-06T18:28:43.6207137Z {"Time":"2026-10-06T18:28:43.6167234Z","Action":"run","Package":"github.com/snissn/gomap/TreeDB/caching","Test":"TestVlogGenerationRewriteQueue_PrefersHistoricallyUsefulExpiredRetry"}
2026-10-06T18:28:43.6209874Z {"Time":"2026-10-06T18:28:43.6167234Z","Action":"output","Package":"github.com/snissn/gomap/TreeDB/caching","Test":"TestVlogGenerationRewriteQueue_PrefersHistoricallyUsefulExpiredRetry","Output":"=== RUN   TestVlogGenerationRewriteQueue_PrefersHistoricallyUsefulExpiredRetry\n"}
2026-10-06T18:28:43.8378779Z {"Time":"2026-10-06T18:28:43.8239998Z","Action":"output","Package":"github.com/snissn/gomap/TreeDB/caching","Test":"TestVlogGenerationRewriteQueue_PrefersHistoricallyUsefulExpiredRetry","Output":"--- PASS: TestVlogGenerationRewriteQueue_PrefersHistoricallyUsefulExpiredRetry (0.21s)\n"}
2026-10-06T18:28:43.8381874Z {"Time":"2026-10-06T18:28:43.8239998Z","Action":"pass","Package":"github.com/snissn/gomap/TreeDB/caching","Test":"TestVlogGenerationRewriteQueue_PrefersHistoricallyUsefulExpiredRetry","Elapsed":0.21}
2026-10-06T18:28:43.8383961Z {"Time":"2026-10-06T18:28:43.8245708Z","Action":"run","Package":"github.com/snissn/gomap/TreeDB/caching","Test":"TestVlogGenerationRewriteQueue_AdmitsSingleExpiredPenaltyWhenAllDebtRetried"}
2026-10-06T18:28:43.8386526Z {"Time":"2026-10-06T18:28:43.8245708Z","Action":"output","Package":"github.com/snissn/gomap/TreeDB/caching","Test":"TestVlogGenerationRewriteQueue_AdmitsSingleExpiredPenaltyWhenAllDebtRetried","Output":"=== RUN   TestVlogGenerationRewriteQueue_AdmitsSingleExpiredPenaltyWhenAllDebtRetried\n"}
2026-10-06T18:28:44.0259432Z {"Time":"2026-10-06T18:28:44.023025Z","Action":"output","Package":"github.com/snissn/gomap/TreeDB/caching","Test":"TestVlogGenerationRewriteQueue_AdmitsSingleExpiredPenaltyWhenAllDebtRetried","Output":"--- PASS: TestVlogGenerationRewriteQueue_AdmitsSingleExpiredPenaltyWhenAllDebtRetried (0.20s)\n"}
2026-10-06T18:28:44.0261297Z {"Time":"2026-10-06T18:28:44.023025Z","Action":"pass","Package":"github.com/snissn/gomap/TreeDB/caching","Test":"TestVlogGenerationRewriteQueue_AdmitsSingleExpiredPenaltyWhenAllDebtRetried","Elapsed":0.2}
2026-10-06T18:28:44.0262730Z {"Time":"2026-10-06T18:28:44.023025Z","Action":"run","Package":"github.com/snissn/gomap/TreeDB/caching","Test":"TestVlogGenerationRewriteQueue_AggressiveFlowBypassesCooledDebtAndReadmitsImprovedSegment"}
2026-10-06T18:28:44.0264953Z {"Time":"2026-10-06T18:28:44.023025Z","Action":"output","Package":"github.com/snissn/gomap/TreeDB/caching","Test":"TestVlogGenerationRewriteQueue_AggressiveFlowBypassesCooledDebtAndReadmitsImprovedSegment","Output":"=== RUN   TestVlogGenerationRewriteQueue_AggressiveFlowBypassesCooledDebtAndReadmitsImprovedSegment\n"}
2026-10-06T18:28:44.2125414Z {"Time":"2026-10-06T18:28:44.2097728Z","Action":"output","Package":"github.com/snissn/gomap/TreeDB/caching","Test":"TestVlogGenerationRewriteQueue_AggressiveFlowBypassesCooledDebtAndReadmitsImprovedSegment","Output":"--- PASS: TestVlogGenerationRewriteQueue_AggressiveFlowBypassesCooledDebtAndReadmitsImprovedSegment (0.19s)\n"}
2026-10-06T18:28:44.2128919Z {"Time":"2026-10-06T18:28:44.2097728Z","Action":"pass","Package":"github.com/snissn/gomap/TreeDB/caching","Test":"TestVlogGenerationRewriteQueue_AggressiveFlowBypassesCooledDebtAndReadmitsImprovedSegment","Elapsed":0.19}
2026-10-06T18:28:44.2130964Z {"Time":"2026-10-06T18:28:44.2097728Z","Action":"run","Package":"github.com/snissn/gomap/TreeDB/caching","Test":"TestVlogGenerationRewriteQueue_PrunesZeroLiveLedgerBeforeResume"}
2026-10-06T18:28:44.2133423Z {"Time":"2026-10-06T18:28:44.2097728Z","Action":"output","Package":"github.com/snissn/gomap/TreeDB/caching","Test":"TestVlogGenerationRewriteQueue_PrunesZeroLiveLedgerBeforeResume","Output":"=== RUN   TestVlogGenerationRewriteQueue_PrunesZeroLiveLedgerBeforeResume\n"}
2026-10-06T18:28:44.3823500Z {"Time":"2026-10-06T18:28:44.3726999Z","Action":"output","Package":"github.com/snissn/gomap/TreeDB/caching","Test":"TestVlogGenerationRewriteQueue_PrunesZeroLiveLedgerBeforeResume","Output":"--- PASS: TestVlogGenerationRewriteQueue_PrunesZeroLiveLedgerBeforeResume (0.16s)\n"}
2026-10-06T18:28:44.3826202Z {"Time":"2026-10-06T18:28:44.3726999Z","Action":"pass","Package":"github.com/snissn/gomap/TreeDB/caching","Test":"TestVlogGenerationRewriteQueue_PrunesZeroLiveLedgerBeforeResume","Elapsed":0.16}
2026-10-06T18:28:44.3828523Z {"Time":"2026-10-06T18:28:44.3726999Z","Action":"run","Package":"github.com/snissn/gomap/TreeDB/caching","Test":"TestVlogGenerationRewriteQueue_KeepsStillReferencedSegmentQueuedWhenBounded"}
2026-10-06T18:28:44.3831738Z {"Time":"2026-10-06T18:28:44.3726999Z","Action":"output","Package":"github.com/snissn/gomap/TreeDB/caching","Test":"TestVlogGenerationRewriteQueue_KeepsStillReferencedSegmentQueuedWhenBounded","Output":"=== RUN   TestVlogGenerationRewriteQueue_KeepsStillReferencedSegmentQueuedWhenBounded\n"}
2026-10-06T18:28:44.5675711Z {"Time":"2026-10-06T18:28:44.5627697Z","Action":"output","Package":"github.com/snissn/gomap/TreeDB/caching","Test":"TestVlogGenerationRewriteQueue_KeepsStillReferencedSegmentQueuedWhenBounded","Output":"--- PASS: TestVlogGenerationRewriteQueue_KeepsStillReferencedSegmentQueuedWhenBounded (0.19s)\n"}
2026-10-06T18:28:44.5678119Z {"Time":"2026-10-06T18:28:44.5627697Z","Action":"pass","Package":"github.com/snissn/gomap/TreeDB/caching","Test":"TestVlogGenerationRewriteQueue_KeepsStillReferencedSegmentQueuedWhenBounded","Elapsed":0.19}
2026-10-06T18:28:44.5679445Z {"Time":"2026-10-06T18:28:44.5627697Z","Action":"run","Package":"github.com/snissn/gomap/TreeDB/caching","Test":"TestVlogGenerationRewriteQueue_ConsumesMissingBoundedSourceIDs"}
2026-10-06T18:28:44.5680971Z {"Time":"2026-10-06T18:28:44.5627697Z","Action":"output","Package":"github.com/snissn/gomap/TreeDB/caching","Test":"TestVlogGenerationRewriteQueue_ConsumesMissingBoundedSourceIDs","Output":"=== RUN   TestVlogGenerationRewriteQueue_ConsumesMissingBoundedSourceIDs\n"}
2026-10-06T18:28:44.7375940Z {"Time":"2026-10-06T18:28:44.7324073Z","Action":"output","Package":"github.com/snissn/gomap/TreeDB/caching","Test":"TestVlogGenerationRewriteQueue_ConsumesMissingBoundedSourceIDs","Output":"--- PASS: TestVlogGenerationRewriteQueue_ConsumesMissingBoundedSourceIDs (0.17s)\n"}
2026-10-06T18:28:44.7378081Z {"Time":"2026-10-06T18:28:44.7324073Z","Action":"pass","Package":"github.com/snissn/gomap/TreeDB/caching","Test":"TestVlogGenerationRewriteQueue_ConsumesMissingBoundedSourceIDs","Elapsed":0.17}
2026-10-06T18:28:44.7379718Z {"Time":"2026-10-06T18:28:44.7324073Z","Action":"run","Package":"github.com/snissn/gomap/TreeDB/caching","Test":"TestVlogGenerationRewriteQueue_CheckpointKickDebtDrainCapsSingleSegment"}
2026-10-06T18:28:44.7381453Z {"Time":"2026-10-06T18:28:44.7324073Z","Action":"output","Package":"github.com/snissn/gomap/TreeDB/caching","Test":"TestVlogGenerationRewriteQueue_CheckpointKickDebtDrainCapsSingleSegment","Output":"=== RUN   TestVlogGenerationRewriteQueue_CheckpointKickDebtDrainCapsSingleSegment\n"}
2026-10-06T18:28:45.0015983Z {"Time":"2026-10-06T18:28:44.9922239Z","Action":"output","Package":"github.com/snissn/gomap/TreeDB/caching","Test":"TestVlogGenerationRewriteQueue_CheckpointKickDebtDrainCapsSingleSegment","Output":"--- PASS: TestVlogGenerationRewriteQueue_CheckpointKickDebtDrainCapsSingleSegment (0.26s)\n"}
2026-10-06T18:28:45.0019631Z {"Time":"2026-10-06T18:28:44.9922239Z","Action":"pass","Package":"github.com/snissn/gomap/TreeDB/caching","Test":"TestVlogGenerationRewriteQueue_CheckpointKickDebtDrainCapsSingleSegment","Elapsed":0.26}
2026-10-06T18:28:45.0021786Z {"Time":"2026-10-06T18:28:44.9922239Z","Action":"run","Package":"github.com/snissn/gomap/TreeDB/caching","Test":"TestVlogGenerationRewriteResume_CancelBackoffSkipsImmediateRetry"}
2026-10-06T18:28:45.0025356Z {"Time":"2026-10-06T18:28:44.9922239Z","Action":"output","Package":"github.com/snissn/gomap/TreeDB/caching","Test":"TestVlogGenerationRewriteResume_CancelBackoffSkipsImmediateRetry","Output":"=== RUN   TestVlogGenerationRewriteResume_CancelBackoffSkipsImmediateRetry\n"}
2026-10-06T18:28:45.1887884Z {"Time":"2026-10-06T18:28:45.1751623Z","Action":"output","Package":"github.com/snissn/gomap/TreeDB/caching","Test":"TestVlogGenerationRewriteResume_CancelBackoffSkipsImmediateRetry","Output":"--- PASS: TestVlogGenerationRewriteResume_CancelBackoffSkipsImmediateRetry (0.18s)\n"}
2026-10-06T18:28:45.1890582Z {"Time":"2026-10-06T18:28:45.1751623Z","Action":"pass","Package":"github.com/snissn/gomap/TreeDB/caching","Test":"TestVlogGenerationRewriteResume_CancelBackoffSkipsImmediateRetry","Elapsed":0.18}
2026-10-06T18:28:45.1893207Z {"Time":"2026-10-06T18:28:45.1751623Z","Action":"run","Package":"github.com/snissn/gomap/TreeDB/caching","Test":"TestVlogGenerationRewrite_CoolsProcessedDebtAfterMaterialIneffectiveGrowth"}
2026-10-06T18:28:45.1895847Z {"Time":"2026-10-06T18:28:45.1751623Z","Action":"output","Package":"github.com/snissn/gomap/TreeDB/caching","Test":"TestVlogGenerationRewrite_CoolsProcessedDebtAfterMaterialIneffectiveGrowth","Output":"=== RUN   TestVlogGenerationRewrite_CoolsProcessedDebtAfterMaterialIneffectiveGrowth\n"}
2026-10-06T18:28:45.3445349Z {"Time":"2026-10-06T18:28:45.3425906Z","Action":"output","Package":"github.com/snissn/gomap/TreeDB/caching","Test":"TestVlogGenerationRewrite_CoolsProcessedDebtAfterMaterialIneffectiveGrowth","Output":"--- PASS: TestVlogGenerationRewrite_CoolsProcessedDebtAfterMaterialIneffectiveGrowth (0.17s)\n"}
2026-10-06T18:28:45.3448140Z {"Time":"2026-10-06T18:28:45.3425906Z","Action":"pass","Package":"github.com/snissn/gomap/TreeDB/caching","Test":"TestVlogGenerationRewrite_CoolsProcessedDebtAfterMaterialIneffectiveGrowth","Elapsed":0.17}
2026-10-06T18:28:45.3450731Z {"Time":"2026-10-06T18:28:45.343122Z","Action":"run","Package":"github.com/snissn/gomap/TreeDB/caching","Test":"TestVlogGenerationRewrite_KeepsRemainingDebtForSmallIneffectiveGrowth"}
2026-10-06T18:28:45.3453198Z {"Time":"2026-10-06T18:28:45.343122Z","Action":"output","Package":"github.com/snissn/gomap/TreeDB/caching","Test":"TestVlogGenerationRewrite_KeepsRemainingDebtForSmallIneffectiveGrowth","Output":"=== RUN   TestVlogGenerationRewrite_KeepsRemainingDebtForSmallIneffectiveGrowth\n"}
2026-10-06T18:28:45.4989378Z {"Time":"2026-10-06T18:28:45.4941813Z","Action":"output","Package":"github.com/snissn/gomap/TreeDB/caching","Test":"TestVlogGenerationRewrite_KeepsRemainingDebtForSmallIneffectiveGrowth","Output":"--- PASS: TestVlogGenerationRewrite_KeepsRemainingDebtForSmallIneffectiveGrowth (0.15s)\n"}
2026-10-06T18:28:45.4991550Z {"Time":"2026-10-06T18:28:45.4941813Z","Action":"pass","Package":"github.com/snissn/gomap/TreeDB/caching","Test":"TestVlogGenerationRewrite_KeepsRemainingDebtForSmallIneffectiveGrowth","Elapsed":0.15}
2026-10-06T18:28:45.4993180Z {"Time":"2026-10-06T18:28:45.4941813Z","Action":"run","Package":"github.com/snissn/gomap/TreeDB/caching","Test":"TestVlogGenerationRewritePlan_ReadmitsPenalizedSegmentWhenStaleBytesImprove"}
2026-10-06T18:28:45.4994959Z {"Time":"2026-10-06T18:28:45.4941813Z","Action":"output","Package":"github.com/snissn/gomap/TreeDB/caching","Test":"TestVlogGenerationRewritePlan_ReadmitsPenalizedSegmentWhenStaleBytesImprove","Output":"=== RUN   TestVlogGenerationRewritePlan_ReadmitsPenalizedSegmentWhenStaleBytesImprove\n"}
2026-10-06T18:28:45.6708144Z {"Time":"2026-10-06T18:28:45.6632348Z","Action":"output","Package":"github.com/snissn/gomap/TreeDB/caching","Test":"TestVlogGenerationRewritePlan_ReadmitsPenalizedSegmentWhenStaleBytesImprove","Output":"--- PASS: TestVlogGenerationRewritePlan_ReadmitsPenalizedSegmentWhenStaleBytesImprove (0.17s)\n"}
2026-10-06T18:28:45.6710539Z {"Time":"2026-10-06T18:28:45.6632348Z","Action":"pass","Package":"github.com/snissn/gomap/TreeDB/caching","Test":"TestVlogGenerationRewritePlan_ReadmitsPenalizedSegmentWhenStaleBytesImprove","Elapsed":0.17}
2026-10-06T18:28:45.6712149Z {"Time":"2026-10-06T18:28:45.6638025Z","Action":"run","Package":"github.com/snissn/gomap/TreeDB/caching","Test":"TestVlogGenerationRewritePlan_StageConfirmationReplansEvenWhenOtherTriggersFire"}
2026-10-06T18:28:45.6714212Z {"Time":"2026-10-06T18:28:45.6638025Z","Action":"output","Package":"github.com/snissn/gomap/TreeDB/caching","Test":"TestVlogGenerationRewritePlan_StageConfirmationReplansEvenWhenOtherTriggersFire","Output":"=== RUN   TestVlogGenerationRewritePlan_StageConfirmationReplansEvenWhenOtherTriggersFire\n"}
2026-10-06T18:28:45.8737688Z {"Time":"2026-10-06T18:28:45.8617652Z","Action":"output","Package":"github.com/snissn/gomap/TreeDB/caching","Test":"TestVlogGenerationRewritePlan_StageConfirmationReplansEvenWhenOtherTriggersFire","Output":"--- PASS: TestVlogGenerationRewritePlan_StageConfirmationReplansEvenWhenOtherTriggersFire (0.20s)\n"}
2026-10-06T18:28:45.8740625Z {"Time":"2026-10-06T18:28:45.8617652Z","Action":"pass","Package":"github.com/snissn/gomap/TreeDB/caching","Test":"TestVlogGenerationRewritePlan_StageConfirmationReplansEvenWhenOtherTriggersFire","Elapsed":0.2}
2026-10-06T18:28:45.8742446Z {"Time":"2026-10-06T18:28:45.8617652Z","Action":"run","Package":"github.com/snissn/gomap/TreeDB/caching","Test":"TestShouldDeferVlogGenerationRewritePlanForAge"}
2026-10-06T18:28:45.8744185Z {"Time":"2026-10-06T18:28:45.8617652Z","Action":"output","Package":"github.com/snissn/gomap/TreeDB/caching","Test":"TestShouldDeferVlogGenerationRewritePlanForAge","Output":"=== RUN   TestShouldDeferVlogGenerationRewritePlanForAge\n"}
2026-10-06T18:28:45.8746244Z {"Time":"2026-10-06T18:28:45.8617652Z","Action":"output","Package":"github.com/snissn/gomap/TreeDB/caching","Test":"TestShouldDeferVlogGenerationRewritePlanForAge","Output":"--- PASS: TestShouldDeferVlogGenerationRewritePlanForAge (0.00s)\n"}
2026-10-06T18:28:45.8748015Z {"Time":"2026-10-06T18:28:45.8617652Z","Action":"pass","Package":"github.com/snissn/gomap/TreeDB/caching","Test":"TestShouldDeferVlogGenerationRewritePlanForAge","Elapsed":0}
2026-10-06T18:28:45.8749859Z {"Time":"2026-10-06T18:28:45.8617652Z","Action":"run","Package":"github.com/snissn/gomap/TreeDB/caching","Test":"TestVlogGenerationMaintenance_CheckpointPendingYieldsToDueAgeBlockedRetry"}
2026-10-06T18:28:45.8751579Z {"Time":"2026-10-06T18:28:45.8617652Z","Action":"output","Package":"github.com/snissn/gomap/TreeDB/caching","Test":"TestVlogGenerationMaintenance_CheckpointPendingYieldsToDueAgeBlockedRetry","Output":"=== RUN   TestVlogGenerationMaintenance_CheckpointPendingYieldsToDueAgeBlockedRetry\n"}
2026-10-06T18:28:45.9965323Z {"Time":"2026-10-06T18:28:45.9922705Z","Action":"output","Package":"github.com/snissn/gomap/TreeDB/caching","Test":"TestVlogGenerationMaintenance_CheckpointPendingYieldsToDueAgeBlockedRetry","Output":"--- PASS: TestVlogGenerationMaintenance_CheckpointPendingYieldsToDueAgeBlockedRetry (0.13s)\n"}
2026-10-06T18:28:45.9967202Z {"Time":"2026-10-06T18:28:45.9922705Z","Action":"pass","Package":"github.com/snissn/gomap/TreeDB/caching","Test":"TestVlogGenerationMaintenance_CheckpointPendingYieldsToDueAgeBlockedRetry","Elapsed":0.13}
2026-10-06T18:28:45.9968927Z {"Time":"2026-10-06T18:28:45.9928725Z","Action":"run","Package":"github.com/snissn/gomap/TreeDB/caching","Test":"TestVlogGenerationRewriteAgeBlocked_ParksDuringAutomaticCheckpoint"}
2026-10-06T18:28:45.9970502Z {"Time":"2026-10-06T18:28:45.9928725Z","Action":"output","Package":"github.com/snissn/gomap/TreeDB/caching","Test":"TestVlogGenerationRewriteAgeBlocked_ParksDuringAutomaticCheckpoint","Output":"=== RUN   TestVlogGenerationRewriteAgeBlocked_ParksDuringAutomaticCheckpoint\n"}
2026-10-06T18:28:46.2795557Z {"Time":"2026-10-06T18:28:46.2745465Z","Action":"output","Package":"github.com/snissn/gomap/TreeDB/caching","Test":"TestVlogGenerationRewriteAgeBlocked_ParksDuringAutomaticCheckpoint","Output":"--- PASS: TestVlogGenerationRewriteAgeBlocked_ParksDuringAutomaticCheckpoint (0.28s)\n"}
2026-10-06T18:28:46.2798075Z {"Time":"2026-10-06T18:28:46.2745465Z","Action":"pass","Package":"github.com/snissn/gomap/TreeDB/caching","Test":"TestVlogGenerationRewriteAgeBlocked_ParksDuringAutomaticCheckpoint","Elapsed":0.28}
2026-10-06T18:28:46.2800107Z {"Time":"2026-10-06T18:28:46.2745465Z","Action":"run","Package":"github.com/snissn/gomap/TreeDB/caching","Test":"TestVlogGenerationRewritePlan_AgeBlockedRetryReschedulesEarlierDeadlineAndPreservesAutomaticBoundary"}
2026-10-06T18:28:46.2803119Z {"Time":"2026-10-06T18:28:46.2745465Z","Action":"output","Package":"github.com/snissn/gomap/TreeDB/caching","Test":"TestVlogGenerationRewritePlan_AgeBlockedRetryReschedulesEarlierDeadlineAndPreservesAutomaticBoundary","Output":"=== RUN   TestVlogGenerationRewritePlan_AgeBlockedRetryReschedulesEarlierDeadlineAndPreservesAutomaticBoundary\n"}
2026-10-06T18:28:46.5768792Z {"Time":"2026-10-06T18:28:46.5739605Z","Action":"output","Package":"github.com/snissn/gomap/TreeDB/caching","Test":"TestVlogGenerationRewritePlan_AgeBlockedRetryReschedulesEarlierDeadlineAndPreservesAutomaticBoundary","Output":"--- PASS: TestVlogGenerationRewritePlan_AgeBlockedRetryReschedulesEarlierDeadlineAndPreservesAutomaticBoundary (0.30s)\n"}
2026-10-06T18:28:46.5772556Z {"Time":"2026-10-06T18:28:46.5739605Z","Action":"pass","Package":"github.com/snissn/gomap/TreeDB/caching","Test":"TestVlogGenerationRewritePlan_AgeBlockedRetryReschedulesEarlierDeadlineAndPreservesAutomaticBoundary","Elapsed":0.3}
2026-10-06T18:28:46.5774764Z {"Time":"2026-10-06T18:28:46.5739605Z","Action":"run","Package":"github.com/snissn/gomap/TreeDB/caching","Test":"TestTakeVlogGenerationDeferredMaintenanceClearsOrphanedAutomaticMode"}
2026-10-06T18:28:46.5777450Z {"Time":"2026-10-06T18:28:46.5739605Z","Action":"output","Package":"github.com/snissn/gomap/TreeDB/caching","Test":"TestTakeVlogGenerationDeferredMaintenanceClearsOrphanedAutomaticMode","Output":"=== RUN   TestTakeVlogGenerationDeferredMaintenanceClearsOrphanedAutomaticMode\n"}
2026-10-06T18:28:46.5780563Z {"Time":"2026-10-06T18:28:46.5739605Z","Action":"output","Package":"github.com/snissn/gomap/TreeDB/caching","Test":"TestTakeVlogGenerationDeferredMaintenanceClearsOrphanedAutomaticMode","Output":"--- PASS: TestTakeVlogGenerationDeferredMaintenanceClearsOrphanedAutomaticMode (0.00s)\n"}
2026-10-06T18:28:46.5782805Z {"Time":"2026-10-06T18:28:46.5739605Z","Action":"pass","Package":"github.com/snissn/gomap/TreeDB/caching","Test":"TestTakeVlogGenerationDeferredMaintenanceClearsOrphanedAutomaticMode","Elapsed":0}
2026-10-06T18:28:46.5784166Z {"Time":"2026-10-06T18:28:46.5739605Z","Action":"run","Package":"github.com/snissn/gomap/TreeDB/caching","Test":"TestVlogGenerationRewrite_IneffectiveBackoffSkipsImmediateGenericRetry"}
2026-10-06T18:28:46.5786135Z {"Time":"2026-10-06T18:28:46.5739605Z","Action":"output","Package":"github.com/snissn/gomap/TreeDB/caching","Test":"TestVlogGenerationRewrite_IneffectiveBackoffSkipsImmediateGenericRetry","Output":"=== RUN   TestVlogGenerationRewrite_IneffectiveBackoffSkipsImmediateGenericRetry\n"}
2026-10-06T18:28:46.7791386Z {"Time":"2026-10-06T18:28:46.7678743Z","Action":"output","Package":"github.com/snissn/gomap/TreeDB/caching","Test":"TestVlogGenerationRewrite_IneffectiveBackoffSkipsImmediateGenericRetry","Output":"--- PASS: TestVlogGenerationRewrite_IneffectiveBackoffSkipsImmediateGenericRetry (0.19s)\n"}
2026-10-06T18:28:46.7793780Z {"Time":"2026-10-06T18:28:46.7678743Z","Action":"pass","Package":"github.com/snissn/gomap/TreeDB/caching","Test":"TestVlogGenerationRewrite_IneffectiveBackoffSkipsImmediateGenericRetry","Elapsed":0.19}
2026-10-06T18:28:46.7795629Z {"Time":"2026-10-06T18:28:46.7678743Z","Action":"run","Package":"github.com/snissn/gomap/TreeDB/caching","Test":"TestCheckpoint_KickHotDebtOnlyGuardCanBeDisabled"}
2026-10-06T18:28:46.7797286Z {"Time":"2026-10-06T18:28:46.7678743Z","Action":"output","Package":"github.com/snissn/gomap/TreeDB/caching","Test":"TestCheckpoint_KickHotDebtOnlyGuardCanBeDisabled","Output":"=== RUN   TestCheckpoint_KickHotDebtOnlyGuardCanBeDisabled\n"}
2026-10-06T18:28:46.9494830Z {"Time":"2026-10-06T18:28:46.9479216Z","Action":"output","Package":"github.com/snissn/gomap/TreeDB/caching","Test":"TestCheckpoint_KickHotDebtOnlyGuardCanBeDisabled","Output":"--- PASS: TestCheckpoint_KickHotDebtOnlyGuardCanBeDisabled (0.18s)\n"}
2026-10-06T18:28:46.9497661Z {"Time":"2026-10-06T18:28:46.9482981Z","Action":"pass","Package":"github.com/snissn/gomap/TreeDB/caching","Test":"TestCheckpoint_KickHotDebtOnlyGuardCanBeDisabled","Elapsed":0.18}
2026-10-06T18:28:46.9499549Z {"Time":"2026-10-06T18:28:46.9482981Z","Action":"run","Package":"github.com/snissn/gomap/TreeDB/caching","Test":"TestVlogGenerationAutomaticDelayedWakesPreserveMaintenanceBoundary"}
2026-10-06T18:28:46.9501197Z {"Time":"2026-10-06T18:28:46.9482981Z","Action":"output","Package":"github.com/snissn/gomap/TreeDB/caching","Test":"TestVlogGenerationAutomaticDelayedWakesPreserveMaintenanceBoundary","Output":"=== RUN   TestVlogGenerationAutomaticDelayedWakesPreserveMaintenanceBoundary\n"}
2026-10-06T18:28:46.9503418Z {"Time":"2026-10-06T18:28:46.9482981Z","Action":"run","Package":"github.com/snissn/gomap/TreeDB/caching","Test":"TestVlogGenerationAutomaticDelayedWakesPreserveMaintenanceBoundary/age_blocked"}
2026-10-06T18:28:46.9505328Z {"Time":"2026-10-06T18:28:46.9482981Z","Action":"output","Package":"github.com/snissn/gomap/TreeDB/caching","Test":"TestVlogGenerationAutomaticDelayedWakesPreserveMaintenanceBoundary/age_blocked","Output":"=== RUN   TestVlogGenerationAutomaticDelayedWakesPreserveMaintenanceBoundary/age_blocked\n"}
2026-10-06T18:28:47.1049791Z {"Time":"2026-10-06T18:28:47.1025651Z","Action":"output","Package":"github.com/snissn/gomap/TreeDB/caching","Test":"TestVlogGenerationAutomaticDelayedWakesPreserveMaintenanceBoundary/age_blocked","Output":"--- PASS: TestVlogGenerationAutomaticDelayedWakesPreserveMaintenanceBoundary/age_blocked (0.15s)\n"}
2026-10-06T18:28:47.1052452Z {"Time":"2026-10-06T18:28:47.1025651Z","Action":"pass","Package":"github.com/snissn/gomap/TreeDB/caching","Test":"TestVlogGenerationAutomaticDelayedWakesPreserveMaintenanceBoundary/age_blocked","Elapsed":0.15}
2026-10-06T18:28:47.1054441Z {"Time":"2026-10-06T18:28:47.1034016Z","Action":"run","Package":"github.com/snissn/gomap/TreeDB/caching","Test":"TestVlogGenerationAutomaticDelayedWakesPreserveMaintenanceBoundary/stage_confirmation"}
2026-10-06T18:28:47.1056992Z {"Time":"2026-10-06T18:28:47.1034016Z","Action":"output","Package":"github.com/snissn/gomap/TreeDB/caching","Test":"TestVlogGenerationAutomaticDelayedWakesPreserveMaintenanceBoundary/stage_confirmation","Output":"=== RUN   TestVlogGenerationAutomaticDelayedWakesPreserveMaintenanceBoundary/stage_confirmation\n"}
2026-10-06T18:28:47.2478024Z {"Time":"2026-10-06T18:28:47.24533Z","Action":"output","Package":"github.com/snissn/gomap/TreeDB/caching","Test":"TestVlogGenerationAutomaticDelayedWakesPreserveMaintenanceBoundary/stage_confirmation","Output":"--- PASS: TestVlogGenerationAutomaticDelayedWakesPreserveMaintenanceBoundary/stage_confirmation (0.14s)\n"}
2026-10-06T18:28:47.2481745Z {"Time":"2026-10-06T18:28:47.2463874Z","Action":"pass","Package":"github.com/snissn/gomap/TreeDB/caching","Test":"TestVlogGenerationAutomaticDelayedWakesPreserveMaintenanceBoundary/stage_confirmation","Elapsed":0.14}
2026-10-06T18:28:47.2484553Z {"Time":"2026-10-06T18:28:47.2463874Z","Action":"run","Package":"github.com/snissn/gomap/TreeDB/caching","Test":"TestVlogGenerationAutomaticDelayedWakesPreserveMaintenanceBoundary/stage_confirmation_upgrade"}
2026-10-06T18:28:47.2488289Z {"Time":"2026-10-06T18:28:47.2463874Z","Action":"output","Package":"github.com/snissn/gomap/TreeDB/caching","Test":"TestVlogGenerationAutomaticDelayedWakesPreserveMaintenanceBoundary/stage_confirmation_upgrade","Output":"=== RUN   TestVlogGenerationAutomaticDelayedWakesPreserveMaintenanceBoundary/stage_confirmation_upgrade\n"}
2026-10-06T18:28:47.5568796Z {"Time":"2026-10-06T18:28:47.5460493Z","Action":"output","Package":"github.com/snissn/gomap/TreeDB/caching","Test":"TestVlogGenerationAutomaticDelayedWakesPreserveMaintenanceBoundary/stage_confirmation_upgrade","Output":"--- PASS: TestVlogGenerationAutomaticDelayedWakesPreserveMaintenanceBoundary/stage_confirmation_upgrade (0.30s)\n"}
2026-10-06T18:28:47.5571846Z {"Time":"2026-10-06T18:28:47.5460493Z","Action":"pass","Package":"github.com/snissn/gomap/TreeDB/caching","Test":"TestVlogGenerationAutomaticDelayedWakesPreserveMaintenanceBoundary/stage_confirmation_upgrade","Elapsed":0.3}
2026-10-06T18:28:47.5574365Z {"Time":"2026-10-06T18:28:47.5460493Z","Action":"output","Package":"github.com/snissn/gomap/TreeDB/caching","Test":"TestVlogGenerationAutomaticDelayedWakesPreserveMaintenanceBoundary","Output":"--- PASS: TestVlogGenerationAutomaticDelayedWakesPreserveMaintenanceBoundary (0.60s)\n"}
2026-10-06T18:28:47.5577033Z {"Time":"2026-10-06T18:28:47.5460493Z","Action":"pass","Package":"github.com/snissn/gomap/TreeDB/caching","Test":"TestVlogGenerationAutomaticDelayedWakesPreserveMaintenanceBoundary","Elapsed":0.6}
2026-10-06T18:28:47.5579181Z {"Time":"2026-10-06T18:28:47.5460493Z","Action":"run","Package":"github.com/snissn/gomap/TreeDB/caching","Test":"TestVlogGenerationAutomaticRetainedPruneFollowupPreservesMaintenanceBoundary"}
2026-10-06T18:28:47.5581230Z {"Time":"2026-10-06T18:28:47.5460493Z","Action":"output","Package":"github.com/snissn/gomap/TreeDB/caching","Test":"TestVlogGenerationAutomaticRetainedPruneFollowupPreservesMaintenanceBoundary","Output":"=== RUN   TestVlogGenerationAutomaticRetainedPruneFollowupPreservesMaintenanceBoundary\n"}
2026-10-06T18:28:47.7120082Z {"Time":"2026-10-06T18:28:47.7029866Z","Action":"output","Package":"github.com/snissn/gomap/TreeDB/caching","Test":"TestVlogGenerationAutomaticRetainedPruneFollowupPreservesMaintenanceBoundary","Output":"--- PASS: TestVlogGenerationAutomaticRetainedPruneFollowupPreservesMaintenanceBoundary (0.16s)\n"}
2026-10-06T18:28:47.7122929Z {"Time":"2026-10-06T18:28:47.7029866Z","Action":"pass","Package":"github.com/snissn/gomap/TreeDB/caching","Test":"TestVlogGenerationAutomaticRetainedPruneFollowupPreservesMaintenanceBoundary","Elapsed":0.16}
2026-10-06T18:28:47.7124577Z {"Time":"2026-10-06T18:28:47.7029866Z","Action":"run","Package":"github.com/snissn/gomap/TreeDB/caching","Test":"TestCheckpoint_KickHotDebtOnlyWakeRunsAfterForegroundQuiets"}
2026-10-06T18:28:47.7126446Z {"Time":"2026-10-06T18:28:47.7029866Z","Action":"output","Package":"github.com/snissn/gomap/TreeDB/caching","Test":"TestCheckpoint_KickHotDebtOnlyWakeRunsAfterForegroundQuiets","Output":"=== RUN   TestCheckpoint_KickHotDebtOnlyWakeRunsAfterForegroundQuiets\n"}
2026-10-06T18:28:48.1045667Z {"Time":"2026-10-06T18:28:48.0924168Z","Action":"output","Package":"github.com/snissn/gomap/TreeDB/caching","Test":"TestCheckpoint_KickHotDebtOnlyWakeRunsAfterForegroundQuiets","Output":"--- PASS: TestCheckpoint_KickHotDebtOnlyWakeRunsAfterForegroundQuiets (0.39s)\n"}
2026-10-06T18:28:48.1047890Z {"Time":"2026-10-06T18:28:48.0924168Z","Action":"pass","Package":"github.com/snissn/gomap/TreeDB/caching","Test":"TestCheckpoint_KickHotDebtOnlyWakeRunsAfterForegroundQuiets","Elapsed":0.39}
2026-10-06T18:28:48.1049486Z {"Time":"2026-10-06T18:28:48.0924168Z","Action":"run","Package":"github.com/snissn/gomap/TreeDB/caching","Test":"TestCheckpoint_KickHotDebtOnlyStillRunsQueuedRewriteDebtDuringRecentForegroundActivity"}
2026-10-06T18:28:48.1051842Z {"Time":"2026-10-06T18:28:48.0924168Z","Action":"output","Package":"github.com/snissn/gomap/TreeDB/caching","Test":"TestCheckpoint_KickHotDebtOnlyStillRunsQueuedRewriteDebtDuringRecentForegroundActivity","Output":"=== RUN   TestCheckpoint_KickHotDebtOnlyStillRunsQueuedRewriteDebtDuringRecentForegroundActivity\n"}
2026-10-06T18:28:48.2748473Z {"Time":"2026-10-06T18:28:48.2695772Z","Action":"output","Package":"github.com/snissn/gomap/TreeDB/caching","Test":"TestCheckpoint_KickHotDebtOnlyStillRunsQueuedRewriteDebtDuringRecentForegroundActivity","Output":"--- PASS: TestCheckpoint_KickHotDebtOnlyStillRunsQueuedRewriteDebtDuringRecentForegroundActivity (0.18s)\n"}
2026-10-06T18:28:48.2751319Z {"Time":"2026-10-06T18:28:48.2695772Z","Action":"pass","Package":"github.com/snissn/gomap/TreeDB/caching","Test":"TestCheckpoint_KickHotDebtOnlyStillRunsQueuedRewriteDebtDuringRecentForegroundActivity","Elapsed":0.18}
2026-10-06T18:28:48.2754149Z {"Time":"2026-10-06T18:28:48.2695772Z","Action":"run","Package":"github.com/snissn/gomap/TreeDB/caching","Test":"TestVlogGenerationMaintenance_PeriodicGCSkipsWhileRewriteAgeBlocked"}
2026-10-06T18:28:48.2756156Z {"Time":"2026-10-06T18:28:48.2695772Z","Action":"output","Package":"github.com/snissn/gomap/TreeDB/caching","Test":"TestVlogGenerationMaintenance_PeriodicGCSkipsWhileRewriteAgeBlocked","Output":"=== RUN   TestVlogGenerationMaintenance_PeriodicGCSkipsWhileRewriteAgeBlocked\n"}
2026-10-06T18:28:48.4147406Z {"Time":"2026-10-06T18:28:48.407979Z","Action":"output","Package":"github.com/snissn/gomap/TreeDB/caching","Test":"TestVlogGenerationMaintenance_PeriodicGCSkipsWhileRewriteAgeBlocked","Output":"--- PASS: TestVlogGenerationMaintenance_PeriodicGCSkipsWhileRewriteAgeBlocked (0.14s)\n"}
2026-10-06T18:28:48.4152059Z {"Time":"2026-10-06T18:28:48.407979Z","Action":"pass","Package":"github.com/snissn/gomap/TreeDB/caching","Test":"TestVlogGenerationMaintenance_PeriodicGCSkipsWhileRewriteAgeBlocked","Elapsed":0.14}
2026-10-06T18:28:48.4154394Z {"Time":"2026-10-06T18:28:48.407979Z","Action":"run","Package":"github.com/snissn/gomap/TreeDB/caching","Test":"TestVlogGenerationMaintenance_WALOffPreCheckpointSkipsRewriteByDefault"}
2026-10-06T18:28:48.4156896Z {"Time":"2026-10-06T18:28:48.407979Z","Action":"output","Package":"github.com/snissn/gomap/TreeDB/caching","Test":"TestVlogGenerationMaintenance_WALOffPreCheckpointSkipsRewriteByDefault","Output":"=== RUN   TestVlogGenerationMaintenance_WALOffPreCheckpointSkipsRewriteByDefault\n"}
2026-10-06T18:28:48.5548823Z {"Time":"2026-10-06T18:28:48.5436378Z","Action":"output","Package":"github.com/snissn/gomap/TreeDB/caching","Test":"TestVlogGenerationMaintenance_WALOffPreCheckpointSkipsRewriteByDefault","Output":"--- PASS: TestVlogGenerationMaintenance_WALOffPreCheckpointSkipsRewriteByDefault (0.14s)\n"}
2026-10-06T18:28:48.5551080Z {"Time":"2026-10-06T18:28:48.5436378Z","Action":"pass","Package":"github.com/snissn/gomap/TreeDB/caching","Test":"TestVlogGenerationMaintenance_WALOffPreCheckpointSkipsRewriteByDefault","Elapsed":0.14}
2026-10-06T18:28:48.5553134Z {"Time":"2026-10-06T18:28:48.5436378Z","Action":"run","Package":"github.com/snissn/gomap/TreeDB/caching","Test":"TestVlogGenerationMaintenance_PeriodicPreflightSkipsHotNoPending"}
2026-10-06T18:28:48.5555089Z {"Time":"2026-10-06T18:28:48.5436378Z","Action":"output","Package":"github.com/snissn/gomap/TreeDB/caching","Test":"TestVlogGenerationMaintenance_PeriodicPreflightSkipsHotNoPending","Output":"=== RUN   TestVlogGenerationMaintenance_PeriodicPreflightSkipsHotNoPending\n"}
2026-10-06T18:28:48.7085186Z {"Time":"2026-10-06T18:28:48.7046848Z","Action":"output","Package":"github.com/snissn/gomap/TreeDB/caching","Test":"TestVlogGenerationMaintenance_PeriodicPreflightSkipsHotNoPending","Output":"--- PASS: TestVlogGenerationMaintenance_PeriodicPreflightSkipsHotNoPending (0.16s)\n"}
2026-10-06T18:28:48.7087618Z {"Time":"2026-10-06T18:28:48.7052379Z","Action":"pass","Package":"github.com/snissn/gomap/TreeDB/caching","Test":"TestVlogGenerationMaintenance_PeriodicPreflightSkipsHotNoPending","Elapsed":0.16}
2026-10-06T18:28:48.7089384Z {"Time":"2026-10-06T18:28:48.7052379Z","Action":"run","Package":"github.com/snissn/gomap/TreeDB/caching","Test":"TestVlogGenerationRewrite_ConsumesBudgetToZeroWhenRewriteExceedsBudgetCap"}
2026-10-06T18:28:48.7091598Z {"Time":"2026-10-06T18:28:48.7052379Z","Action":"output","Package":"github.com/snissn/gomap/TreeDB/caching","Test":"TestVlogGenerationRewrite_ConsumesBudgetToZeroWhenRewriteExceedsBudgetCap","Output":"=== RUN   TestVlogGenerationRewrite_ConsumesBudgetToZeroWhenRewriteExceedsBudgetCap\n"}
2026-10-06T18:28:48.8504346Z {"Time":"2026-10-06T18:28:48.8441697Z","Action":"output","Package":"github.com/snissn/gomap/TreeDB/caching","Test":"TestVlogGenerationRewrite_ConsumesBudgetToZeroWhenRewriteExceedsBudgetCap","Output":"--- PASS: TestVlogGenerationRewrite_ConsumesBudgetToZeroWhenRewriteExceedsBudgetCap (0.14s)\n"}
2026-10-06T18:28:48.8506252Z {"Time":"2026-10-06T18:28:48.8441697Z","Action":"pass","Package":"github.com/snissn/gomap/TreeDB/caching","Test":"TestVlogGenerationRewrite_ConsumesBudgetToZeroWhenRewriteExceedsBudgetCap","Elapsed":0.14}
2026-10-06T18:28:48.8507535Z {"Time":"2026-10-06T18:28:48.8441697Z","Action":"run","Package":"github.com/snissn/gomap/TreeDB/caching","Test":"TestVlogGenerationRewritePlan_TracksEmptyPlanOutcome"}
2026-10-06T18:28:48.8508943Z {"Time":"2026-10-06T18:28:48.8441697Z","Action":"output","Package":"github.com/snissn/gomap/TreeDB/caching","Test":"TestVlogGenerationRewritePlan_TracksEmptyPlanOutcome","Output":"=== RUN   TestVlogGenerationRewritePlan_TracksEmptyPlanOutcome\n"}
2026-10-06T18:28:49.0374149Z {"Time":"2026-10-06T18:28:49.0323178Z","Action":"output","Package":"github.com/snissn/gomap/TreeDB/caching","Test":"TestVlogGenerationRewritePlan_TracksEmptyPlanOutcome","Output":"--- PASS: TestVlogGenerationRewritePlan_TracksEmptyPlanOutcome (0.19s)\n"}
2026-10-06T18:28:49.0376701Z {"Time":"2026-10-06T18:28:49.0323178Z","Action":"pass","Package":"github.com/snissn/gomap/TreeDB/caching","Test":"TestVlogGenerationRewritePlan_TracksEmptyPlanOutcome","Elapsed":0.19}
2026-10-06T18:28:49.0379536Z {"Time":"2026-10-06T18:28:49.0323178Z","Action":"run","Package":"github.com/snissn/gomap/TreeDB/caching","Test":"TestVlogGenerationMaintenance_SkipsBeforeFirstCheckpointInWALOffMode"}
2026-10-06T18:28:49.0382205Z {"Time":"2026-10-06T18:28:49.0323178Z","Action":"output","Package":"github.com/snissn/gomap/TreeDB/caching","Test":"TestVlogGenerationMaintenance_SkipsBeforeFirstCheckpointInWALOffMode","Output":"=== RUN   TestVlogGenerationMaintenance_SkipsBeforeFirstCheckpointInWALOffMode\n"}
2026-10-06T18:28:49.2871177Z {"Time":"2026-10-06T18:28:49.2744093Z","Action":"output","Package":"github.com/snissn/gomap/TreeDB/caching","Test":"TestVlogGenerationMaintenance_SkipsBeforeFirstCheckpointInWALOffMode","Output":"--- PASS: TestVlogGenerationMaintenance_SkipsBeforeFirstCheckpointInWALOffMode (0.24s)\n"}
2026-10-06T18:28:49.2873933Z {"Time":"2026-10-06T18:28:49.2744093Z","Action":"pass","Package":"github.com/snissn/gomap/TreeDB/caching","Test":"TestVlogGenerationMaintenance_SkipsBeforeFirstCheckpointInWALOffMode","Elapsed":0.24}
2026-10-06T18:28:49.2875644Z {"Time":"2026-10-06T18:28:49.2749558Z","Action":"run","Package":"github.com/snissn/gomap/TreeDB/caching","Test":"TestVlogGenerationMaintenance_SkipsDuringRecentForegroundReads"}
2026-10-06T18:28:49.2877689Z {"Time":"2026-10-06T18:28:49.2749558Z","Action":"output","Package":"github.com/snissn/gomap/TreeDB/caching","Test":"TestVlogGenerationMaintenance_SkipsDuringRecentForegroundReads","Output":"=== RUN   TestVlogGenerationMaintenance_SkipsDuringRecentForegroundReads\n"}
2026-10-06T18:28:49.4108926Z {"Time":"2026-10-06T18:28:49.4093286Z","Action":"output","Package":"github.com/snissn/gomap/TreeDB/caching","Test":"TestVlogGenerationMaintenance_SkipsDuringRecentForegroundReads","Output":"--- PASS: TestVlogGenerationMaintenance_SkipsDuringRecentForegroundReads (0.13s)\n"}
2026-10-06T18:28:49.4111292Z {"Time":"2026-10-06T18:28:49.4093286Z","Action":"pass","Package":"github.com/snissn/gomap/TreeDB/caching","Test":"TestVlogGenerationMaintenance_SkipsDuringRecentForegroundReads","Elapsed":0.13}
2026-10-06T18:28:49.4112664Z {"Time":"2026-10-06T18:28:49.4093286Z","Action":"run","Package":"github.com/snissn/gomap/TreeDB/caching","Test":"TestVlogGenerationRewritePlan_GraceAllowsShortPlanDuringForegroundResume"}
2026-10-06T18:28:49.4114392Z {"Time":"2026-10-06T18:28:49.4093286Z","Action":"output","Package":"github.com/snissn/gomap/TreeDB/caching","Test":"TestVlogGenerationRewritePlan_GraceAllowsShortPlanDuringForegroundResume","Output":"=== RUN   TestVlogGenerationRewritePlan_GraceAllowsShortPlanDuringForegroundResume\n"}
2026-10-06T18:28:49.7248245Z {"Time":"2026-10-06T18:28:49.7119482Z","Action":"output","Package":"github.com/snissn/gomap/TreeDB/caching","Test":"TestVlogGenerationRewritePlan_GraceAllowsShortPlanDuringForegroundResume","Output":"--- PASS: TestVlogGenerationRewritePlan_GraceAllowsShortPlanDuringForegroundResume (0.30s)\n"}
2026-10-06T18:28:49.7252009Z {"Time":"2026-10-06T18:28:49.7119482Z","Action":"pass","Package":"github.com/snissn/gomap/TreeDB/caching","Test":"TestVlogGenerationRewritePlan_GraceAllowsShortPlanDuringForegroundResume","Elapsed":0.3}
2026-10-06T18:28:49.7254226Z {"Time":"2026-10-06T18:28:49.7119482Z","Action":"run","Package":"github.com/snissn/gomap/TreeDB/caching","Test":"TestForegroundMaintenanceContextResumeGrace_WriteBoundaryOrdering"}
2026-10-06T18:28:49.7257192Z {"Time":"2026-10-06T18:28:49.7124892Z","Action":"output","Package":"github.com/snissn/gomap/TreeDB/caching","Test":"TestForegroundMaintenanceContextResumeGrace_WriteBoundaryOrdering","Output":"=== RUN   TestForegroundMaintenanceContextResumeGrace_WriteBoundaryOrdering\n"}
2026-10-06T18:28:49.7260265Z {"Time":"2026-10-06T18:28:49.7124892Z","Action":"run","Package":"github.com/snissn/gomap/TreeDB/caching","Test":"TestForegroundMaintenanceContextResumeGrace_WriteBoundaryOrdering/write_inside_grace_is_absorbed"}
2026-10-06T18:28:49.7263144Z {"Time":"2026-10-06T18:28:49.7124892Z","Action":"output","Package":"github.com/snissn/gomap/TreeDB/caching","Test":"TestForegroundMaintenanceContextResumeGrace_WriteBoundaryOrdering/write_inside_grace_is_absorbed","Output":"=== RUN   TestForegroundMaintenanceContextResumeGrace_WriteBoundaryOrdering/write_inside_grace_is_absorbed\n"}
2026-10-06T18:28:49.9758060Z {"Time":"2026-10-06T18:28:49.9639652Z","Action":"output","Package":"github.com/snissn/gomap/TreeDB/caching","Test":"TestForegroundMaintenanceContextResumeGrace_WriteBoundaryOrdering/write_inside_grace_is_absorbed","Output":"--- PASS: TestForegroundMaintenanceContextResumeGrace_WriteBoundaryOrdering/write_inside_grace_is_absorbed (0.25s)\n"}
2026-10-06T18:28:49.9761178Z {"Time":"2026-10-06T18:28:49.9639652Z","Action":"pass","Package":"github.com/snissn/gomap/TreeDB/caching","Test":"TestForegroundMaintenanceContextResumeGrace_WriteBoundaryOrdering/write_inside_grace_is_absorbed","Elapsed":0.25}
2026-10-06T18:28:49.9763586Z {"Time":"2026-10-06T18:28:49.9639652Z","Action":"run","Package":"github.com/snissn/gomap/TreeDB/caching","Test":"TestForegroundMaintenanceContextResumeGrace_WriteBoundaryOrdering/write_after_deadline_cancels_with_delayed_boundary"}
2026-10-06T18:28:49.9766841Z {"Time":"2026-10-06T18:28:49.9639652Z","Action":"output","Package":"github.com/snissn/gomap/TreeDB/caching","Test":"TestForegroundMaintenanceContextResumeGrace_WriteBoundaryOrdering/write_after_deadline_cancels_with_delayed_boundary","Output":"=== RUN   TestForegroundMaintenanceContextResumeGrace_WriteBoundaryOrdering/write_after_deadline_cancels_with_delayed_boundary\n"}
2026-10-06T18:28:50.0547212Z {"Time":"2026-10-06T18:28:50.039349Z","Action":"output","Package":"github.com/snissn/gomap/TreeDB/caching","Test":"TestForegroundMaintenanceContextResumeGrace_WriteBoundaryOrdering/write_after_deadline_cancels_with_delayed_boundary","Output":"--- PASS: TestForegroundMaintenanceContextResumeGrace_WriteBoundaryOrdering/write_after_deadline_cancels_with_delayed_boundary (0.08s)\n"}
2026-10-06T18:28:50.0549543Z {"Time":"2026-10-06T18:28:50.039349Z","Action":"pass","Package":"github.com/snissn/gomap/TreeDB/caching","Test":"TestForegroundMaintenanceContextResumeGrace_WriteBoundaryOrdering/write_after_deadline_cancels_with_delayed_boundary","Elapsed":0.08}
2026-10-06T18:28:50.0551216Z {"Time":"2026-10-06T18:28:50.039349Z","Action":"run","Package":"github.com/snissn/gomap/TreeDB/caching","Test":"TestForegroundMaintenanceContextResumeGrace_WriteBoundaryOrdering/read_after_deadline_cancels_with_delayed_boundary"}
2026-10-06T18:28:50.0553338Z {"Time":"2026-10-06T18:28:50.039349Z","Action":"output","Package":"github.com/snissn/gomap/TreeDB/caching","Test":"TestForegroundMaintenanceContextResumeGrace_WriteBoundaryOrdering/read_after_deadline_cancels_with_delayed_boundary","Output":"=== RUN   TestForegroundMaintenanceContextResumeGrace_WriteBoundaryOrdering/read_after_deadline_cancels_with_delayed_boundary\n"}
2026-10-06T18:28:50.1172162Z {"Time":"2026-10-06T18:28:50.1148123Z","Action":"output","Package":"github.com/snissn/gomap/TreeDB/caching","Test":"TestForegroundMaintenanceContextResumeGrace_WriteBoundaryOrdering/read_after_deadline_cancels_with_delayed_boundary","Output":"--- PASS: TestForegroundMaintenanceContextResumeGrace_WriteBoundaryOrdering/read_after_deadline_cancels_with_delayed_boundary (0.08s)\n"}
2026-10-06T18:28:50.1174632Z {"Time":"2026-10-06T18:28:50.1148123Z","Action":"pass","Package":"github.com/snissn/gomap/TreeDB/caching","Test":"TestForegroundMaintenanceContextResumeGrace_WriteBoundaryOrdering/read_after_deadline_cancels_with_delayed_boundary","Elapsed":0.08}
2026-10-06T18:28:50.1176636Z {"Time":"2026-10-06T18:28:50.1148123Z","Action":"output","Package":"github.com/snissn/gomap/TreeDB/caching","Test":"TestForegroundMaintenanceContextResumeGrace_WriteBoundaryOrdering","Output":"--- PASS: TestForegroundMaintenanceContextResumeGrace_WriteBoundaryOrdering (0.40s)\n"}
2026-10-06T18:28:50.1178901Z {"Time":"2026-10-06T18:28:50.1148123Z","Action":"pass","Package":"github.com/snissn/gomap/TreeDB/caching","Test":"TestForegroundMaintenanceContextResumeGrace_WriteBoundaryOrdering","Elapsed":0.4}
2026-10-06T18:28:50.1180220Z {"Time":"2026-10-06T18:28:50.1148123Z","Action":"run","Package":"github.com/snissn/gomap/TreeDB/caching","Test":"TestVlogGenerationRewritePlan_CancelBackoffCheckpointKickBypasses"}
2026-10-06T18:28:50.1181869Z {"Time":"2026-10-06T18:28:50.1148123Z","Action":"output","Package":"github.com/snissn/gomap/TreeDB/caching","Test":"TestVlogGenerationRewritePlan_CancelBackoffCheckpointKickBypasses","Output":"=== RUN   TestVlogGenerationRewritePlan_CancelBackoffCheckpointKickBypasses\n"}
2026-10-06T18:28:50.3371235Z {"Time":"2026-10-06T18:28:50.3328019Z","Action":"output","Package":"github.com/snissn/gomap/TreeDB/caching","Test":"TestVlogGenerationRewritePlan_CancelBackoffCheckpointKickBypasses","Output":"--- PASS: TestVlogGenerationRewritePlan_CancelBackoffCheckpointKickBypasses (0.22s)\n"}
2026-10-06T18:28:50.3375980Z {"Time":"2026-10-06T18:28:50.3328019Z","Action":"pass","Package":"github.com/snissn/gomap/TreeDB/caching","Test":"TestVlogGenerationRewritePlan_CancelBackoffCheckpointKickBypasses","Elapsed":0.22}
2026-10-06T18:28:50.3377901Z {"Time":"2026-10-06T18:28:50.3328019Z","Action":"run","Package":"github.com/snissn/gomap/TreeDB/caching","Test":"TestVlogGenerationRewritePlan_ForegroundReadsStillRunForcedGC"}
2026-10-06T18:28:50.3380709Z {"Time":"2026-10-06T18:28:50.3328019Z","Action":"output","Package":"github.com/snissn/gomap/TreeDB/caching","Test":"TestVlogGenerationRewritePlan_ForegroundReadsStillRunForcedGC","Output":"=== RUN   TestVlogGenerationRewritePlan_ForegroundReadsStillRunForcedGC\n"}
2026-10-06T18:28:50.5240953Z {"Time":"2026-10-06T18:28:50.5193073Z","Action":"output","Package":"github.com/snissn/gomap/TreeDB/caching","Test":"TestVlogGenerationRewritePlan_ForegroundReadsStillRunForcedGC","Output":"--- PASS: TestVlogGenerationRewritePlan_ForegroundReadsStillRunForcedGC (0.19s)\n"}
2026-10-06T18:28:50.5242706Z {"Time":"2026-10-06T18:28:50.5193073Z","Action":"pass","Package":"github.com/snissn/gomap/TreeDB/caching","Test":"TestVlogGenerationRewritePlan_ForegroundReadsStillRunForcedGC","Elapsed":0.19}
2026-10-06T18:28:50.5244380Z {"Time":"2026-10-06T18:28:50.5193073Z","Action":"run","Package":"github.com/snissn/gomap/TreeDB/caching","Test":"TestVlogGenerationStats_ReportRewriteBacklogAndDurations"}
2026-10-06T18:28:50.5246046Z {"Time":"2026-10-06T18:28:50.5193073Z","Action":"output","Package":"github.com/snissn/gomap/TreeDB/caching","Test":"TestVlogGenerationStats_ReportRewriteBacklogAndDurations","Output":"=== RUN   TestVlogGenerationStats_ReportRewriteBacklogAndDurations\n"}
2026-10-06T18:28:50.6649692Z {"Time":"2026-10-06T18:28:50.6587332Z","Action":"output","Package":"github.com/snissn/gomap/TreeDB/caching","Test":"TestVlogGenerationStats_ReportRewriteBacklogAndDurations","Output":"--- PASS: TestVlogGenerationStats_ReportRewriteBacklogAndDurations (0.14s)\n"}
2026-10-06T18:28:50.6652102Z {"Time":"2026-10-06T18:28:50.6587332Z","Action":"pass","Package":"github.com/snissn/gomap/TreeDB/caching","Test":"TestVlogGenerationStats_ReportRewriteBacklogAndDurations","Elapsed":0.14}
2026-10-06T18:28:50.6653715Z {"Time":"2026-10-06T18:28:50.6587332Z","Action":"run","Package":"github.com/snissn/gomap/TreeDB/caching","Test":"TestVlogGenerationSegmentTargetEnvOverrides"}
2026-10-06T18:28:50.6655652Z {"Time":"2026-10-06T18:28:50.6587332Z","Action":"output","Package":"github.com/snissn/gomap/TreeDB/caching","Test":"TestVlogGenerationSegmentTargetEnvOverrides","Output":"=== RUN   TestVlogGenerationSegmentTargetEnvOverrides\n"}
2026-10-06T18:28:50.7716841Z {"Time":"2026-10-06T18:28:50.7586971Z","Action":"output","Package":"github.com/snissn/gomap/TreeDB/caching","Test":"TestVlogGenerationSegmentTargetEnvOverrides","Output":"--- PASS: TestVlogGenerationSegmentTargetEnvOverrides (0.10s)\n"}
2026-10-06T18:28:50.7719757Z {"Time":"2026-10-06T18:28:50.7586971Z","Action":"pass","Package":"github.com/snissn/gomap/TreeDB/caching","Test":"TestVlogGenerationSegmentTargetEnvOverrides","Elapsed":0.1}
2026-10-06T18:28:50.7721246Z {"Time":"2026-10-06T18:28:50.7586971Z","Action":"run","Package":"github.com/snissn/gomap/TreeDB/caching","Test":"TestLoadValueLogGenerationRewriteState_PreservesPenaltiesWithoutQueue"}
2026-10-06T18:28:50.7723528Z {"Time":"2026-10-06T18:28:50.7591214Z","Action":"output","Package":"github.com/snissn/gomap/TreeDB/caching","Test":"TestLoadValueLogGenerationRewriteState_PreservesPenaltiesWithoutQueue","Output":"=== RUN   TestLoadValueLogGenerationRewriteState_PreservesPenaltiesWithoutQueue\n"}
2026-10-06T18:28:50.7726209Z {"Time":"2026-10-06T18:28:50.7607435Z","Action":"output","Package":"github.com/snissn/gomap/TreeDB/caching","Test":"TestLoadValueLogGenerationRewriteState_PreservesPenaltiesWithoutQueue","Output":"--- PASS: TestLoadValueLogGenerationRewriteState_PreservesPenaltiesWithoutQueue (0.00s)\n"}
2026-10-06T18:28:50.7728264Z {"Time":"2026-10-06T18:28:50.7607435Z","Action":"pass","Package":"github.com/snissn/gomap/TreeDB/caching","Test":"TestLoadValueLogGenerationRewriteState_PreservesPenaltiesWithoutQueue","Elapsed":0}
2026-10-06T18:28:50.7730319Z {"Time":"2026-10-06T18:28:50.7607435Z","Action":"run","Package":"github.com/snissn/gomap/TreeDB/caching","Test":"TestPrioritizeVlogGenerationRewriteIDs_PrefersUsefulThenUnknownThenZeroYield"}
2026-10-06T18:28:50.7732164Z {"Time":"2026-10-06T18:28:50.7607435Z","Action":"output","Package":"github.com/snissn/gomap/TreeDB/caching","Test":"TestPrioritizeVlogGenerationRewriteIDs_PrefersUsefulThenUnknownThenZeroYield","Output":"=== RUN   TestPrioritizeVlogGenerationRewriteIDs_PrefersUsefulThenUnknownThenZeroYield\n"}
2026-10-06T18:28:50.7734298Z {"Time":"2026-10-06T18:28:50.7607435Z","Action":"output","Package":"github.com/snissn/gomap/TreeDB/caching","Test":"TestPrioritizeVlogGenerationRewriteIDs_PrefersUsefulThenUnknownThenZeroYield","Output":"--- PASS: TestPrioritizeVlogGenerationRewriteIDs_PrefersUsefulThenUnknownThenZeroYield (0.00s)\n"}
2026-10-06T18:28:50.7736547Z {"Time":"2026-10-06T18:28:50.7607435Z","Action":"pass","Package":"github.com/snissn/gomap/TreeDB/caching","Test":"TestPrioritizeVlogGenerationRewriteIDs_PrefersUsefulThenUnknownThenZeroYield","Elapsed":0}
2026-10-06T18:28:50.7737762Z {"Time":"2026-10-06T18:28:50.7607435Z","Action":"run","Package":"github.com/snissn/gomap/TreeDB/caching","Test":"TestAppendPreparedLeafPageAllocsBudget"}
2026-10-06T18:28:50.7738997Z {"Time":"2026-10-06T18:28:50.7607435Z","Action":"output","Package":"github.com/snissn/gomap/TreeDB/caching","Test":"TestAppendPreparedLeafPageAllocsBudget","Output":"=== RUN   TestAppendPreparedLeafPageAllocsBudget\n"}
2026-10-06T18:28:50.7740484Z {"Time":"2026-10-06T18:28:50.7621671Z","Action":"output","Package":"github.com/snissn/gomap/TreeDB/caching","Test":"TestAppendPreparedLeafPageAllocsBudget","Output":"--- PASS: TestAppendPreparedLeafPageAllocsBudget (0.00s)\n"}
2026-10-06T18:28:50.7742312Z {"Time":"2026-10-06T18:28:50.7621671Z","Action":"pass","Package":"github.com/snissn/gomap/TreeDB/caching","Test":"TestAppendPreparedLeafPageAllocsBudget","Elapsed":0}
2026-10-06T18:28:50.7743387Z {"Time":"2026-10-06T18:28:50.7621671Z","Action":"run","Package":"github.com/snissn/gomap/TreeDB/caching","Test":"TestAppendValueLogOne_QueuedDictProbeClearsPause"}
2026-10-06T18:28:50.7744691Z {"Time":"2026-10-06T18:28:50.7621671Z","Action":"output","Package":"github.com/snissn/gomap/TreeDB/caching","Test":"TestAppendValueLogOne_QueuedDictProbeClearsPause","Output":"=== RUN   TestAppendValueLogOne_QueuedDictProbeClearsPause\n"}
2026-10-06T18:28:50.7746291Z {"Time":"2026-10-06T18:28:50.7651266Z","Action":"output","Package":"github.com/snissn/gomap/TreeDB/caching","Test":"TestAppendValueLogOne_QueuedDictProbeClearsPause","Output":"--- PASS: TestAppendValueLogOne_QueuedDictProbeClearsPause (0.00s)\n"}
2026-10-06T18:28:50.7766138Z {"Time":"2026-10-06T18:28:50.7651266Z","Action":"pass","Package":"github.com/snissn/gomap/TreeDB/caching","Test":"TestAppendValueLogOne_QueuedDictProbeClearsPause","Elapsed":0}
2026-10-06T18:28:50.7767458Z {"Time":"2026-10-06T18:28:50.7651266Z","Action":"run","Package":"github.com/snissn/gomap/TreeDB/caching","Test":"TestCheckpoint_RetainsValueLogWhenBackendDefersZombieMark"}
2026-10-06T18:28:50.7769005Z {"Time":"2026-10-06T18:28:50.7651266Z","Action":"output","Package":"github.com/snissn/gomap/TreeDB/caching","Test":"TestCheckpoint_RetainsValueLogWhenBackendDefersZombieMark","Output":"=== RUN   TestCheckpoint_RetainsValueLogWhenBackendDefersZombieMark\n"}
2026-10-06T18:28:50.7770809Z {"Time":"2026-10-06T18:28:50.7724182Z","Action":"output","Package":"github.com/snissn/gomap/TreeDB/caching","Test":"TestCheckpoint_RetainsValueLogWhenBackendDefersZombieMark","Output":"--- PASS: TestCheckpoint_RetainsValueLogWhenBackendDefersZombieMark (0.01s)\n"}
2026-10-06T18:28:50.7772330Z {"Time":"2026-10-06T18:28:50.7724182Z","Action":"pass","Package":"github.com/snissn/gomap/TreeDB/caching","Test":"TestCheckpoint_RetainsValueLogWhenBackendDefersZombieMark","Elapsed":0.01}
2026-10-06T18:28:50.7773489Z {"Time":"2026-10-06T18:28:50.7724182Z","Action":"run","Package":"github.com/snissn/gomap/TreeDB/caching","Test":"TestAppendValueLog_RelaxedSyncRotatesWithoutFsync"}
2026-10-06T18:28:50.7774845Z {"Time":"2026-10-06T18:28:50.7724182Z","Action":"output","Package":"github.com/snissn/gomap/TreeDB/caching","Test":"TestAppendValueLog_RelaxedSyncRotatesWithoutFsync","Output":"=== RUN   TestAppendValueLog_RelaxedSyncRotatesWithoutFsync\n"}
2026-10-06T18:28:50.7776428Z {"Time":"2026-10-06T18:28:50.7724182Z","Action":"output","Package":"github.com/snissn/gomap/TreeDB/caching","Test":"TestAppendValueLog_RelaxedSyncRotatesWithoutFsync","Output":"=== PAUSE TestAppendValueLog_RelaxedSyncRotatesWithoutFsync\n"}
2026-10-06T18:28:50.7777748Z {"Time":"2026-10-06T18:28:50.7724182Z","Action":"pause","Package":"github.com/snissn/gomap/TreeDB/caching","Test":"TestAppendValueLog_RelaxedSyncRotatesWithoutFsync"}
2026-10-06T18:28:50.7778904Z {"Time":"2026-10-06T18:28:50.7724182Z","Action":"run","Package":"github.com/snissn/gomap/TreeDB/caching","Test":"TestRotateWALLockedWithOptions_DoesNotAdvanceSeqOnFailure"}
2026-10-06T18:28:50.7780629Z {"Time":"2026-10-06T18:28:50.7724182Z","Action":"output","Package":"github.com/snissn/gomap/TreeDB/caching","Test":"TestRotateWALLockedWithOptions_DoesNotAdvanceSeqOnFailure","Output":"=== RUN   TestRotateWALLockedWithOptions_DoesNotAdvanceSeqOnFailure\n"}
2026-10-06T18:28:50.7782357Z {"Time":"2026-10-06T18:28:50.7724182Z","Action":"output","Package":"github.com/snissn/gomap/TreeDB/caching","Test":"TestRotateWALLockedWithOptions_DoesNotAdvanceSeqOnFailure","Output":"=== PAUSE TestRotateWALLockedWithOptions_DoesNotAdvanceSeqOnFailure\n"}
2026-10-06T18:28:50.7783773Z {"Time":"2026-10-06T18:28:50.7724182Z","Action":"pause","Package":"github.com/snissn/gomap/TreeDB/caching","Test":"TestRotateWALLockedWithOptions_DoesNotAdvanceSeqOnFailure"}
2026-10-06T18:28:50.7785104Z {"Time":"2026-10-06T18:28:50.7724182Z","Action":"run","Package":"github.com/snissn/gomap/TreeDB/caching","Test":"TestMaxValueLogRIDFromSegmentsScansAllSegments"}
2026-10-06T18:28:50.7786762Z {"Time":"2026-10-06T18:28:50.7724182Z","Action":"output","Package":"github.com/snissn/gomap/TreeDB/caching","Test":"TestMaxValueLogRIDFromSegmentsScansAllSegments","Output":"=== RUN   TestMaxValueLogRIDFromSegmentsScansAllSegments\n"}
2026-10-06T18:28:50.7788351Z {"Time":"2026-10-06T18:28:50.7724182Z","Action":"output","Package":"github.com/snissn/gomap/TreeDB/caching","Test":"TestMaxValueLogRIDFromSegmentsScansAllSegments","Output":"=== PAUSE TestMaxValueLogRIDFromSegmentsScansAllSegments\n"}
2026-10-06T18:28:50.7789675Z {"Time":"2026-10-06T18:28:50.7724182Z","Action":"pause","Package":"github.com/snissn/gomap/TreeDB/caching","Test":"TestMaxValueLogRIDFromSegmentsScansAllSegments"}
2026-10-06T18:28:50.7791219Z {"Time":"2026-10-06T18:28:50.7729892Z","Action":"run","Package":"github.com/snissn/gomap/TreeDB/caching","Test":"TestStats_ExportsVlogShapeKeys"}
2026-10-06T18:28:50.7792427Z {"Time":"2026-10-06T18:28:50.7729892Z","Action":"output","Package":"github.com/snissn/gomap/TreeDB/caching","Test":"TestStats_ExportsVlogShapeKeys","Output":"=== RUN   TestStats_ExportsVlogShapeKeys\n"}
2026-10-06T18:28:50.8814009Z {"Time":"2026-10-06T18:28:50.8755544Z","Action":"output","Package":"github.com/snissn/gomap/TreeDB/caching","Test":"TestStats_ExportsVlogShapeKeys","Output":"--- PASS: TestStats_ExportsVlogShapeKeys (0.10s)\n"}
2026-10-06T18:28:50.8818486Z {"Time":"2026-10-06T18:28:50.8755544Z","Action":"pass","Package":"github.com/snissn/gomap/TreeDB/caching","Test":"TestStats_ExportsVlogShapeKeys","Elapsed":0.1}
2026-10-06T18:28:50.8821520Z {"Time":"2026-10-06T18:28:50.8755544Z","Action":"run","Package":"github.com/snissn/gomap/TreeDB/caching","Test":"TestOpen_DisableWALWiresZipperParallelMergePressure"}
2026-10-06T18:28:50.8824267Z {"Time":"2026-10-06T18:28:50.8755544Z","Action":"output","Package":"github.com/snissn/gomap/TreeDB/caching","Test":"TestOpen_DisableWALWiresZipperParallelMergePressure","Output":"=== RUN   TestOpen_DisableWALWiresZipperParallelMergePressure\n"}
2026-10-06T18:28:50.8827567Z {"Time":"2026-10-06T18:28:50.8794968Z","Action":"output","Package":"github.com/snissn/gomap/TreeDB/caching","Test":"TestOpen_DisableWALWiresZipperParallelMergePressure","Output":"--- PASS: TestOpen_DisableWALWiresZipperParallelMergePressure (0.00s)\n"}
2026-10-06T18:28:50.8830733Z {"Time":"2026-10-06T18:28:50.8794968Z","Action":"pass","Package":"github.com/snissn/gomap/TreeDB/caching","Test":"TestOpen_DisableWALWiresZipperParallelMergePressure","Elapsed":0}
2026-10-06T18:28:50.8832887Z {"Time":"2026-10-06T18:28:50.8794968Z","Action":"cont","Package":"github.com/snissn/gomap/TreeDB/caching","Test":"TestRootDomainSnapshot_TombstoneHidesOlderRuns"}
2026-10-06T18:28:50.8835454Z {"Time":"2026-10-06T18:28:50.8794968Z","Action":"output","Package":"github.com/snissn/gomap/TreeDB/caching","Test":"TestRootDomainSnapshot_TombstoneHidesOlderRuns","Output":"=== CONT  TestRootDomainSnapshot_TombstoneHidesOlderRuns\n"}
2026-10-06T18:28:50.8837343Z {"Time":"2026-10-06T18:28:50.8794968Z","Action":"cont","Package":"github.com/snissn/gomap/TreeDB/caching","Test":"TestPromoteRootDomainMutableLocked_SkipsEmptySealedMemtable"}
2026-10-06T18:28:50.8839056Z {"Time":"2026-10-06T18:28:50.8794968Z","Action":"output","Package":"github.com/snissn/gomap/TreeDB/caching","Test":"TestPromoteRootDomainMutableLocked_SkipsEmptySealedMemtable","Output":"=== CONT  TestPromoteRootDomainMutableLocked_SkipsEmptySealedMemtable\n"}
2026-10-06T18:28:50.8840935Z {"Time":"2026-10-06T18:28:50.8794968Z","Action":"output","Package":"github.com/snissn/gomap/TreeDB/caching","Test":"TestPromoteRootDomainMutableLocked_SkipsEmptySealedMemtable","Output":"--- PASS: TestPromoteRootDomainMutableLocked_SkipsEmptySealedMemtable (0.00s)\n"}
2026-10-06T18:28:50.8842475Z {"Time":"2026-10-06T18:28:50.8794968Z","Action":"pass","Package":"github.com/snissn/gomap/TreeDB/caching","Test":"TestPromoteRootDomainMutableLocked_SkipsEmptySealedMemtable","Elapsed":0}
2026-10-06T18:28:50.8843633Z {"Time":"2026-10-06T18:28:50.8794968Z","Action":"cont","Package":"github.com/snissn/gomap/TreeDB/caching","Test":"TestMaxValueLogRIDFromSegmentsScansAllSegments"}
2026-10-06T18:28:50.8845228Z {"Time":"2026-10-06T18:28:50.8794968Z","Action":"output","Package":"github.com/snissn/gomap/TreeDB/caching","Test":"TestMaxValueLogRIDFromSegmentsScansAllSegments","Output":"=== CONT  TestMaxValueLogRIDFromSegmentsScansAllSegments\n"}
2026-10-06T18:28:50.8846864Z {"Time":"2026-10-06T18:28:50.8794968Z","Action":"output","Package":"github.com/snissn/gomap/TreeDB/caching","Test":"TestRootDomainSnapshot_TombstoneHidesOlderRuns","Output":"--- PASS: TestRootDomainSnapshot_TombstoneHidesOlderRuns (0.00s)\n"}
2026-10-06T18:28:50.8848564Z {"Time":"2026-10-06T18:28:50.8794968Z","Action":"pass","Package":"github.com/snissn/gomap/TreeDB/caching","Test":"TestRootDomainSnapshot_TombstoneHidesOlderRuns","Elapsed":0}
2026-10-06T18:28:50.8849693Z {"Time":"2026-10-06T18:28:50.8802604Z","Action":"cont","Package":"github.com/snissn/gomap/TreeDB/caching","Test":"TestRotateWALLockedWithOptions_DoesNotAdvanceSeqOnFailure"}
2026-10-06T18:28:50.8851782Z {"Time":"2026-10-06T18:28:50.8802604Z","Action":"output","Package":"github.com/snissn/gomap/TreeDB/caching","Test":"TestRotateWALLockedWithOptions_DoesNotAdvanceSeqOnFailure","Output":"=== CONT  TestRotateWALLockedWithOptions_DoesNotAdvanceSeqOnFailure\n"}
2026-10-06T18:28:50.8853575Z {"Time":"2026-10-06T18:28:50.8820373Z","Action":"output","Package":"github.com/snissn/gomap/TreeDB/caching","Test":"TestRotateWALLockedWithOptions_DoesNotAdvanceSeqOnFailure","Output":"--- PASS: TestRotateWALLockedWithOptions_DoesNotAdvanceSeqOnFailure (0.00s)\n"}
2026-10-06T18:28:50.8855081Z {"Time":"2026-10-06T18:28:50.8820373Z","Action":"pass","Package":"github.com/snissn/gomap/TreeDB/caching","Test":"TestRotateWALLockedWithOptions_DoesNotAdvanceSeqOnFailure","Elapsed":0}
2026-10-06T18:28:50.8856405Z {"Time":"2026-10-06T18:28:50.8820373Z","Action":"cont","Package":"github.com/snissn/gomap/TreeDB/caching","Test":"TestAppendValueLog_RelaxedSyncRotatesWithoutFsync"}
2026-10-06T18:28:50.8857747Z {"Time":"2026-10-06T18:28:50.8820373Z","Action":"output","Package":"github.com/snissn/gomap/TreeDB/caching","Test":"TestAppendValueLog_RelaxedSyncRotatesWithoutFsync","Output":"=== CONT  TestAppendValueLog_RelaxedSyncRotatesWithoutFsync\n"}
2026-10-06T18:28:50.8960497Z {"Time":"2026-10-06T18:28:50.8830383Z","Action":"output","Package":"github.com/snissn/gomap/TreeDB/caching","Test":"TestAppendValueLog_RelaxedSyncRotatesWithoutFsync","Output":"--- PASS: TestAppendValueLog_RelaxedSyncRotatesWithoutFsync (0.00s)\n"}
2026-10-06T18:28:50.8962589Z {"Time":"2026-10-06T18:28:50.8830383Z","Action":"pass","Package":"github.com/snissn/gomap/TreeDB/caching","Test":"TestAppendValueLog_RelaxedSyncRotatesWithoutFsync","Elapsed":0}
2026-10-06T18:28:50.8964790Z {"Time":"2026-10-06T18:28:50.8830383Z","Action":"cont","Package":"github.com/snissn/gomap/TreeDB/caching","Test":"TestRootDomainSnapshot_HasPrefixesSortedUsesOneIteratorPerSource"}
2026-10-06T18:28:50.8967137Z {"Time":"2026-10-06T18:28:50.8830383Z","Action":"output","Package":"github.com/snissn/gomap/TreeDB/caching","Test":"TestRootDomainSnapshot_HasPrefixesSortedUsesOneIteratorPerSource","Output":"=== CONT  TestRootDomainSnapshot_HasPrefixesSortedUsesOneIteratorPerSource\n"}
2026-10-06T18:28:50.8970200Z {"Time":"2026-10-06T18:28:50.8830383Z","Action":"output","Package":"github.com/snissn/gomap/TreeDB/caching","Test":"TestRootDomainSnapshot_HasPrefixesSortedUsesOneIteratorPerSource","Output":"--- PASS: TestRootDomainSnapshot_HasPrefixesSortedUsesOneIteratorPerSource (0.00s)\n"}
2026-10-06T18:28:50.8972320Z {"Time":"2026-10-06T18:28:50.8830383Z","Action":"pass","Package":"github.com/snissn/gomap/TreeDB/caching","Test":"TestRootDomainSnapshot_HasPrefixesSortedUsesOneIteratorPerSource","Elapsed":0}
2026-10-06T18:28:50.8973608Z {"Time":"2026-10-06T18:28:50.8830383Z","Action":"cont","Package":"github.com/snissn/gomap/TreeDB/caching","Test":"TestRootDomainSnapshotFromCachedSnapshot_UsesBackendFallbackLookup"}
2026-10-06T18:28:50.8975556Z {"Time":"2026-10-06T18:28:50.8830383Z","Action":"output","Package":"github.com/snissn/gomap/TreeDB/caching","Test":"TestRootDomainSnapshotFromCachedSnapshot_UsesBackendFallbackLookup","Output":"=== CONT  TestRootDomainSnapshotFromCachedSnapshot_UsesBackendFallbackLookup\n"}
2026-10-06T18:28:50.9268241Z {"Time":"2026-10-06T18:28:50.9158307Z","Action":"output","Package":"github.com/snissn/gomap/TreeDB/caching","Test":"TestMaxValueLogRIDFromSegmentsScansAllSegments","Output":"--- PASS: TestMaxValueLogRIDFromSegmentsScansAllSegments (0.04s)\n"}
2026-10-06T18:28:50.9271299Z {"Time":"2026-10-06T18:28:50.9158307Z","Action":"pass","Package":"github.com/snissn/gomap/TreeDB/caching","Test":"TestMaxValueLogRIDFromSegmentsScansAllSegments","Elapsed":0.04}
2026-10-06T18:28:50.9273862Z {"Time":"2026-10-06T18:28:50.9158307Z","Action":"cont","Package":"github.com/snissn/gomap/TreeDB/caching","Test":"TestPublishMemtablesLocked_UsesRootDomainStateAuthority"}
2026-10-06T18:28:50.9276874Z {"Time":"2026-10-06T18:28:50.9161358Z","Action":"output","Package":"github.com/snissn/gomap/TreeDB/caching","Test":"TestPublishMemtablesLocked_UsesRootDomainStateAuthority","Output":"=== CONT  TestPublishMemtablesLocked_UsesRootDomainStateAuthority\n"}
2026-10-06T18:28:50.9280298Z {"Time":"2026-10-06T18:28:50.9161358Z","Action":"output","Package":"github.com/snissn/gomap/TreeDB/caching","Test":"TestPublishMemtablesLocked_UsesRootDomainStateAuthority","Output":"--- PASS: TestPublishMemtablesLocked_UsesRootDomainStateAuthority (0.00s)\n"}
2026-10-06T18:28:50.9283113Z {"Time":"2026-10-06T18:28:50.9161358Z","Action":"pass","Package":"github.com/snissn/gomap/TreeDB/caching","Test":"TestPublishMemtablesLocked_UsesRootDomainStateAuthority","Elapsed":0}
2026-10-06T18:28:50.9285334Z {"Time":"2026-10-06T18:28:50.9161358Z","Action":"cont","Package":"github.com/snissn/gomap/TreeDB/caching","Test":"TestRawPointRootDomainEntry_NewestWinsAcrossMutableAndQueue"}
2026-10-06T18:28:50.9288136Z {"Time":"2026-10-06T18:28:50.9161358Z","Action":"output","Package":"github.com/snissn/gomap/TreeDB/caching","Test":"TestRawPointRootDomainEntry_NewestWinsAcrossMutableAndQueue","Output":"=== CONT  TestRawPointRootDomainEntry_NewestWinsAcrossMutableAndQueue\n"}
2026-10-06T18:28:50.9292142Z {"Time":"2026-10-06T18:28:50.9161358Z","Action":"output","Package":"github.com/snissn/gomap/TreeDB/caching","Test":"TestRawPointRootDomainEntry_NewestWinsAcrossMutableAndQueue","Output":"--- PASS: TestRawPointRootDomainEntry_NewestWinsAcrossMutableAndQueue (0.00s)\n"}
2026-10-06T18:28:50.9295038Z {"Time":"2026-10-06T18:28:50.9161358Z","Action":"pass","Package":"github.com/snissn/gomap/TreeDB/caching","Test":"TestRawPointRootDomainEntry_NewestWinsAcrossMutableAndQueue","Elapsed":0}
2026-10-06T18:28:50.9297329Z {"Time":"2026-10-06T18:28:50.9161358Z","Action":"cont","Package":"github.com/snissn/gomap/TreeDB/caching","Test":"TestRootDomainSnapshotFromMemtableView_ForSnapshotReadsExcludesMutableRun"}
2026-10-06T18:28:50.9299511Z {"Time":"2026-10-06T18:28:50.9161358Z","Action":"output","Package":"github.com/snissn/gomap/TreeDB/caching","Test":"TestRootDomainSnapshotFromMemtableView_ForSnapshotReadsExcludesMutableRun","Output":"=== CONT  TestRootDomainSnapshotFromMemtableView_ForSnapshotReadsExcludesMutableRun\n"}
2026-10-06T18:28:50.9301589Z {"Time":"2026-10-06T18:28:50.9161358Z","Action":"output","Package":"github.com/snissn/gomap/TreeDB/caching","Test":"TestRootDomainSnapshotFromMemtableView_ForSnapshotReadsExcludesMutableRun","Output":"--- PASS: TestRootDomainSnapshotFromMemtableView_ForSnapshotReadsExcludesMutableRun (0.00s)\n"}
2026-10-06T18:28:50.9303309Z {"Time":"2026-10-06T18:28:50.9161358Z","Action":"pass","Package":"github.com/snissn/gomap/TreeDB/caching","Test":"TestRootDomainSnapshotFromMemtableView_ForSnapshotReadsExcludesMutableRun","Elapsed":0}
2026-10-06T18:28:50.9304579Z {"Time":"2026-10-06T18:28:50.9161358Z","Action":"cont","Package":"github.com/snissn/gomap/TreeDB/caching","Test":"TestRootDomainState_SnapshotDoesNotAliasLaterImmutableReuse"}
2026-10-06T18:28:50.9306094Z {"Time":"2026-10-06T18:28:50.9161358Z","Action":"output","Package":"github.com/snissn/gomap/TreeDB/caching","Test":"TestRootDomainState_SnapshotDoesNotAliasLaterImmutableReuse","Output":"=== CONT  TestRootDomainState_SnapshotDoesNotAliasLaterImmutableReuse\n"}
2026-10-06T18:28:50.9307936Z {"Time":"2026-10-06T18:28:50.9161358Z","Action":"output","Package":"github.com/snissn/gomap/TreeDB/caching","Test":"TestRootDomainState_SnapshotDoesNotAliasLaterImmutableReuse","Output":"--- PASS: TestRootDomainState_SnapshotDoesNotAliasLaterImmutableReuse (0.00s)\n"}
2026-10-06T18:28:51.0203977Z {"Time":"2026-10-06T18:28:51.0098853Z","Action":"pass","Package":"github.com/snissn/gomap/TreeDB/caching","Test":"TestRootDomainState_SnapshotDoesNotAliasLaterImmutableReuse","Elapsed":0}
2026-10-06T18:28:51.0207593Z {"Time":"2026-10-06T18:28:51.0098853Z","Action":"output","Package":"github.com/snissn/gomap/TreeDB/caching","Test":"TestRootDomainSnapshotFromCachedSnapshot_UsesBackendFallbackLookup","Output":"--- PASS: TestRootDomainSnapshotFromCachedSnapshot_UsesBackendFallbackLookup (0.13s)\n"}
2026-10-06T18:28:51.0211905Z {"Time":"2026-10-06T18:28:51.0104361Z","Action":"pass","Package":"github.com/snissn/gomap/TreeDB/caching","Test":"TestRootDomainSnapshotFromCachedSnapshot_UsesBackendFallbackLookup","Elapsed":0.13}
2026-10-06T18:28:51.0214027Z {"Time":"2026-10-06T18:28:51.0104361Z","Action":"output","Package":"github.com/snissn/gomap/TreeDB/caching","Output":"FAIL\n"}
2026-10-06T18:28:51.1161786Z {"Time":"2026-10-06T18:28:51.1148498Z","Action":"output","Package":"github.com/snissn/gomap/TreeDB/caching","Output":"FAIL\tgithub.com/snissn/gomap/TreeDB/caching\t70.851s\n"}
2026-10-06T18:28:51.1163957Z {"Time":"2026-10-06T18:28:51.1148498Z","Action":"fail","Package":"github.com/snissn/gomap/TreeDB/caching","Elapsed":70.851}
2026-10-06T18:28:51.2943983Z ##[error]Process completed with exit code 1.
2026-10-06T18:28:51.3138844Z ##[group]Run python ../.github/scripts/summarize_go_test_json.py treedb-test.jsonl | tee treedb-test-summary.md
2026-10-06T18:28:51.3139709Z [36;1mpython ../.github/scripts/summarize_go_test_json.py treedb-test.jsonl | tee treedb-test-summary.md[0m
2026-10-06T18:28:51.3140186Z [36;1m{[0m
2026-10-06T18:28:51.3140463Z [36;1m  echo "### TreeDB test timing summary (windows-caching-rest-1)"[0m
2026-10-06T18:28:51.3140802Z [36;1m  echo[0m
2026-10-06T18:28:51.3140998Z [36;1m  cat treedb-test-summary.md[0m
2026-10-06T18:28:51.3141243Z [36;1m} >> "$GITHUB_STEP_SUMMARY"[0m
2026-10-06T18:28:51.3158821Z shell: C:\Program Files\Git\bin\bash.EXE --noprofile --norc -e -o pipefail {0}
2026-10-06T18:28:51.3159234Z ##[endgroup]
2026-10-06T18:28:53.5986535Z ## Go Test Timing Summary
2026-10-06T18:28:53.5986910Z 
2026-10-06T18:28:53.5987100Z | elapsed_s | result | package | test |
2026-10-06T18:28:53.5987633Z | ---: | --- | --- | --- |
2026-10-06T18:28:53.5988743Z | 11.30 | pass | `github.com/snissn/gomap/TreeDB/caching` | `TestAdaptiveMemtableMode_EarlyRotationKeepsSampling` |
2026-10-06T18:28:53.5990295Z | 10.56 | fail | `github.com/snissn/gomap/TreeDB/caching` | `TestCOWMaintenanceAcceptedRefreshPressureLifetime` |
2026-10-06T18:28:53.5991824Z | 5.02 | fail | `github.com/snissn/gomap/TreeDB/caching` | `TestCOWMaintenanceAcceptedRefreshPressureLifetime/central-index-compaction/capture` |
2026-10-06T18:28:53.5993565Z | 4.85 | pass | `github.com/snissn/gomap/TreeDB/caching` | `TestCOWMaintenanceAcceptedRefreshPressureLifetime/central-index-compaction/install` |
2026-10-06T18:28:53.5995285Z | 3.34 | pass | `github.com/snissn/gomap/TreeDB/caching` | `TestAdaptiveMemtableMode_EarlyRotationKeepsSampling/ordinary/sequential` |
2026-10-06T18:28:53.5996166Z | 3.11 | pass | `github.com/snissn/gomap/TreeDB/caching` | `TestCachingDB_PrunesRetainedValueLog` |
2026-10-06T18:28:53.5997648Z | 2.67 | pass | `github.com/snissn/gomap/TreeDB/caching` | `TestAdaptiveMemtableMode_EarlyRotationKeepsSampling/iterator/sequential` |
2026-10-06T18:28:53.5999144Z | 2.09 | pass | `github.com/snissn/gomap/TreeDB/caching` | `TestCOWMaintenanceOwnsFlushFenceAndWaitingWriterProgress` |
2026-10-06T18:28:53.6000508Z | 1.80 | pass | `github.com/snissn/gomap/TreeDB/caching` | `TestBatch_WALOffStreamBypass_DisabledWithValueLog` |
2026-10-06T18:28:53.6001829Z | 1.79 | pass | `github.com/snissn/gomap/TreeDB/caching` | `TestCachingDB_CloseDeferredValueLogDoesNotFail` |
2026-10-06T18:28:53.6003237Z | 1.74 | pass | `github.com/snissn/gomap/TreeDB/caching` | `TestCOWPointerCheckpointCapturedBasisAndTombstones` |
2026-10-06T18:28:53.6005144Z | 1.72 | pass | `github.com/snissn/gomap/TreeDB/caching` | `TestAdaptiveMemtableMode_EarlyRotationKeepsSampling/snapshot/sequential` |
2026-10-06T18:28:53.6006557Z | 1.69 | pass | `github.com/snissn/gomap/TreeDB/caching` | `TestAdaptiveMemtableMode_EarlyRotationKeepsSampling/ordinary/mixed` |
2026-10-06T18:28:53.6007661Z | 1.61 | pass | `github.com/snissn/gomap/TreeDB/caching` | `TestCOWReadWorkspaceMetadataAdmissionRefusalAndDrain` |
2026-10-06T18:28:53.6008410Z | 1.35 | pass | `github.com/snissn/gomap/TreeDB/caching` | `TestSeekGEVersionRange_PruneRequiresStoreFence` |
2026-10-06T18:28:53.6009096Z | 1.28 | pass | `github.com/snissn/gomap/TreeDB/caching` | `TestCachingDB_FlushSomeAndFlushAllStress` |
2026-10-06T18:28:53.6009852Z | 1.23 | pass | `github.com/snissn/gomap/TreeDB/caching` | `TestAdaptiveMemtableMode_EarlyRotationKeepsSampling/iterator/mixed` |
2026-10-06T18:28:53.6010686Z | 1.18 | pass | `github.com/snissn/gomap/TreeDB/caching` | `TestVlogGenerationMaintenance_LeafPackDeadlineIsNotAnError` |
2026-10-06T18:28:53.6011514Z | 1.17 | pass | `github.com/snissn/gomap/TreeDB/caching` | `TestSeekGEExactMVCCRangeUsesShardLocalInMemorySources` |
2026-10-06T18:28:53.6012300Z | 1.17 | pass | `github.com/snissn/gomap/TreeDB/caching` | `TestCachingSpanNativeLeafLogOutputUsesSelectedLanes` |
2026-10-06T18:28:53.6014870Z | 1.05 | pass | `github.com/snissn/gomap/TreeDB/caching` | `TestRelaxedSync_Performance` |
2026-10-06T18:28:53.6015713Z | 0.82 | pass | `github.com/snissn/gomap/TreeDB/caching` | `TestCachedRepeatedRewriteVacuumLeafRefsRemainReopenable_WALOn` |
2026-10-06T18:28:53.6016490Z | 0.79 | pass | `github.com/snissn/gomap/TreeDB/caching` | `TestDBGet_PointerValueRemainsCallerOwned` |
2026-10-06T18:28:53.6017288Z | 0.79 | pass | `github.com/snissn/gomap/TreeDB/caching` | `TestCachedGenerationalMaintenance_LeafRefsBackgroundReopenable_WALOn` |
2026-10-06T18:28:53.6018174Z | 0.65 | pass | `github.com/snissn/gomap/TreeDB/caching` | `TestAdaptiveMemtableMode_EarlyRotationKeepsSampling/snapshot/mixed` |
2026-10-06T18:28:53.6018650Z 
2026-10-06T18:28:53.6018738Z ## Package Results
2026-10-06T18:28:53.6018851Z 
2026-10-06T18:28:53.6018946Z | elapsed_s | result | package |
2026-10-06T18:28:53.6019179Z | ---: | --- | --- |
2026-10-06T18:28:53.6019433Z | 70.85 | fail | `github.com/snissn/gomap/TreeDB/caching` |
2026-10-06T18:28:53.6019658Z 
2026-10-06T18:28:53.6019750Z ## Tests Still Running At Log End
2026-10-06T18:28:53.6019903Z 
2026-10-06T18:28:53.6019969Z - none
2026-10-06T18:28:53.6020081Z 
2026-10-06T18:28:53.6649959Z ##[group]Run actions/upload-artifact@v4
2026-10-06T18:28:53.6650289Z with:
2026-10-06T18:28:53.6650592Z   name: treedb-test-json-windows-caching-rest-1
2026-10-06T18:28:53.6661795Z   path: TreeDB/treedb-test.jsonl
TreeDB/treedb-test.jsonl.summary.md

2026-10-06T18:28:53.6662231Z   if-no-files-found: warn
2026-10-06T18:28:53.6662449Z   compression-level: 6
2026-10-06T18:28:53.6662651Z   overwrite: false
2026-10-06T18:28:53.6662856Z   include-hidden-files: false
2026-10-06T18:28:53.6663078Z ##[endgroup]
2026-10-06T18:28:53.8725847Z (node:4200) [DEP0040] DeprecationWarning: The `punycode` module is deprecated. Please use a userland alternative instead.
2026-10-06T18:28:53.8727274Z (Use `node --trace-deprecation ...` to show where the warning was created)
2026-10-06T18:28:53.8804677Z Multiple search paths detected. Calculating the least common ancestor of all paths
2026-10-06T18:28:53.8810615Z The least common ancestor is D:\a\gomap\gomap\TreeDB. This will be the root directory of the artifact
2026-10-06T18:28:53.8811840Z With the provided path, there will be 2 files uploaded
2026-10-06T18:28:53.8816753Z Artifact name is valid!
2026-10-06T18:28:53.8818796Z Root directory input is valid!
2026-10-06T18:28:54.1685840Z Beginning upload of artifact content to blob storage
2026-10-06T18:28:54.1997549Z (node:4200) [DEP0169] DeprecationWarning: `url.parse()` behavior is not standardized and prone to errors that have security implications. Use the WHATWG URL API instead. CVEs are not issued for `url.parse()` vulnerabilities.
2026-10-06T18:28:54.3591022Z Uploaded bytes 32132
2026-10-06T18:28:54.4108755Z Finished uploading artifact content to blob storage!
2026-10-06T18:28:54.4110332Z SHA256 digest of uploaded artifact zip is 1a79e6cc88766ab34fefb65c684205ddca3e8fe5ed3f090cf50839997f1b9ad9
2026-10-06T18:28:54.4111255Z Finalizing artifact upload
2026-10-06T18:28:54.6683344Z Artifact treedb-test-json-windows-caching-rest-1.zip successfully finalized. Artifact ID 11435022709
2026-10-06T18:28:54.6685002Z Artifact treedb-test-json-windows-caching-rest-1 has been successfully uploaded! Final size is 32132 bytes. Artifact ID is 11435022709
2026-10-06T18:28:54.6695534Z Artifact download URL: https://github.com/snissn/gomap/actions/runs/37511192351/artifacts/11435022709
2026-10-06T18:28:54.7073341Z Post job cleanup.
2026-10-06T18:28:54.9090302Z [command]"C:\Program Files\Git\bin\git.exe" version
2026-10-06T18:28:54.9371753Z git version 2.55.0.windows.5
2026-10-06T18:28:54.9444535Z Temporarily overriding HOME='D:\a\_temp\62a74752-53e2-4696-95cc-08e5155b463b' before making global git config changes
2026-10-06T18:28:54.9445630Z Adding repository directory to the temporary git global config as a safe directory
2026-10-06T18:28:54.9456515Z [command]"C:\Program Files\Git\bin\git.exe" config --global --add safe.directory D:\a\gomap\gomap
2026-10-06T18:28:54.9883946Z [command]"C:\Program Files\Git\bin\git.exe" config --local --name-only --get-regexp core\.sshCommand
2026-10-06T18:28:55.0257278Z [command]"C:\Program Files\Git\bin\git.exe" submodule foreach --recursive "sh -c \"git config --local --name-only --get-regexp 'core\.sshCommand' && git config --local --unset-all 'core.sshCommand' || :\""
2026-10-06T18:28:55.6304338Z [command]"C:\Program Files\Git\bin\git.exe" config --local --name-only --get-regexp http\.https\:\/\/github\.com\/\.extraheader
2026-10-06T18:28:55.6578242Z http.https://github.com/.extraheader
2026-10-06T18:28:55.6626281Z [command]"C:\Program Files\Git\bin\git.exe" config --local --unset-all http.https://github.com/.extraheader
2026-10-06T18:28:55.6949093Z [command]"C:\Program Files\Git\bin\git.exe" submodule foreach --recursive "sh -c \"git config --local --name-only --get-regexp 'http\.https\:\/\/github\.com\/\.extraheader' && git config --local --unset-all 'http.https://github.com/.extraheader' || :\""
2026-10-06T18:28:56.2782946Z [command]"C:\Program Files\Git\bin\git.exe" config --local --name-only --get-regexp ^includeIf\.gitdir:
2026-10-06T18:28:56.3095653Z [command]"C:\Program Files\Git\bin\git.exe" submodule foreach --recursive "git config --local --show-origin --name-only --get-regexp remote.origin.url"
2026-10-06T18:28:56.8692857Z Cleaning up orphan processes
2026-10-06T18:28:56.9153179Z ##[warning]Node.js 20 is deprecated. The following actions target Node.js 20 but are being forced to run on Node.js 24: actions/checkout@v4, actions/setup-go@v5, actions/upload-artifact@v4. For more information see: https://github.blog/changelog/2025-09-19-deprecation-of-node-20-on-github-actions-runners/
