2026-10-06T19:32:53.0015670Z Current runner version: '2.337.0'
2026-10-06T19:32:53.0054022Z ##[group]Runner Image Provisioner
2026-10-06T19:32:53.0055992Z Hosted Compute Agent
2026-10-06T19:32:53.0056978Z Version: 20260901.588
2026-10-06T19:32:53.0058112Z Commit: f88ec8081b781fac6c440065ac7ff9e710ce3d0b
2026-10-06T19:32:53.0059342Z Build Date: 2026-09-01T19:56:44Z
2026-10-06T19:32:53.0061021Z Worker ID: {c3719e1e-171d-456d-ad46-94c6266f8625}
2026-10-06T19:32:53.0062300Z Azure Region: centralus
2026-10-06T19:32:53.0063193Z ##[endgroup]
2026-10-06T19:32:53.0065589Z ##[group]Operating System
2026-10-06T19:32:53.0066715Z Microsoft Windows Server 2025
2026-10-06T19:32:53.0067810Z 10.0.26100
2026-10-06T19:32:53.0068674Z Datacenter
2026-10-06T19:32:53.0069522Z ##[endgroup]
2026-10-06T19:32:53.0070519Z ##[group]Runner Image
2026-10-06T19:32:53.0071553Z Image: windows-2025-vs2026
2026-10-06T19:32:53.0072646Z Version: 20260925.250.1
2026-10-06T19:32:53.0075367Z Included Software: https://github.com/actions/runner-images/blob/win25-vs2026/20260925.250/images/windows/Windows2025-VS2026-Readme.md
2026-10-06T19:32:53.0078440Z Image Release: https://github.com/actions/runner-images/releases/tag/win25-vs2026%2F20260925.250
2026-10-06T19:32:53.0080620Z ##[endgroup]
2026-10-06T19:32:53.0082863Z ##[group]GITHUB_TOKEN Permissions
2026-10-06T19:32:53.0085682Z Contents: read
2026-10-06T19:32:53.0086738Z Metadata: read
2026-10-06T19:32:53.0087638Z PullRequests: read
2026-10-06T19:32:53.0088552Z ##[endgroup]
2026-10-06T19:32:53.0091503Z Secret source: Actions
2026-10-06T19:32:53.0092997Z Cache mode: write
2026-10-06T19:32:53.0094249Z Prepare workflow directory
2026-10-06T19:32:53.0502869Z Prepare all required actions
2026-10-06T19:32:53.0580139Z Getting action download info
2026-10-06T19:32:53.3291811Z Download action repository 'actions/checkout@v4' (SHA:11d5960a326750d5838078e36cf38b85af677262)
2026-10-06T19:32:53.4630923Z Download action repository 'actions/setup-go@v5' (SHA:40f1582b2485089dde7abd97c1529aa768e1baff)
2026-10-06T19:32:53.8861902Z Download action repository 'actions/upload-artifact@v4' (SHA:ea165f8d65b6e75b540449e92b4886f43607fa02)
2026-10-06T19:32:54.2716894Z Complete job name: windows-core-2
2026-10-06T19:32:54.4316238Z ##[group]Run actions/checkout@v4
2026-10-06T19:32:54.4317620Z with:
2026-10-06T19:32:54.4318433Z   repository: snissn/gomap
2026-10-06T19:32:54.4322820Z   token: ***
2026-10-06T19:32:54.4323378Z   ssh-strict: true
2026-10-06T19:32:54.4323940Z   ssh-user: git
2026-10-06T19:32:54.4324488Z   persist-credentials: true
2026-10-06T19:32:54.4325071Z   clean: true
2026-10-06T19:32:54.4325657Z   sparse-checkout-cone-mode: true
2026-10-06T19:32:54.4326289Z   fetch-depth: 1
2026-10-06T19:32:54.4326816Z   fetch-tags: false
2026-10-06T19:32:54.4327417Z   show-progress: true
2026-10-06T19:32:54.4327950Z   lfs: false
2026-10-06T19:32:54.4328499Z   submodules: false
2026-10-06T19:32:54.4329071Z   set-safe-directory: true
2026-10-06T19:32:54.4329674Z   allow-unsafe-pr-checkout: false
2026-10-06T19:32:54.4330646Z ##[endgroup]
2026-10-06T19:32:54.6096666Z Syncing repository: snissn/gomap
2026-10-06T19:32:54.6099838Z ##[group]Getting Git version info
2026-10-06T19:32:54.6100986Z Working directory is 'D:\a\gomap\gomap'
2026-10-06T19:32:54.7160375Z [command]"C:\Program Files\Git\bin\git.exe" version
2026-10-06T19:32:54.8730536Z git version 2.55.0.windows.5
2026-10-06T19:32:54.8783004Z ##[endgroup]
2026-10-06T19:32:54.8809490Z Temporarily overriding HOME='D:\a\_temp\e36677f1-5e21-4b9e-915f-f1e9f50a081a' before making global git config changes
2026-10-06T19:32:54.8812003Z Adding repository directory to the temporary git global config as a safe directory
2026-10-06T19:32:54.8825289Z [command]"C:\Program Files\Git\bin\git.exe" config --global --add safe.directory D:\a\gomap\gomap
2026-10-06T19:32:54.9152595Z Deleting the contents of 'D:\a\gomap\gomap'
2026-10-06T19:32:54.9159555Z ##[group]Initializing the repository
2026-10-06T19:32:54.9168944Z [command]"C:\Program Files\Git\bin\git.exe" init D:\a\gomap\gomap
2026-10-06T19:32:54.9690280Z Initialized empty Git repository in D:/a/gomap/gomap/.git/
2026-10-06T19:32:54.9746581Z [command]"C:\Program Files\Git\bin\git.exe" remote add origin https://github.com/snissn/gomap
2026-10-06T19:32:55.0107441Z ##[endgroup]
2026-10-06T19:32:55.0109642Z ##[group]Disabling automatic garbage collection
2026-10-06T19:32:55.0118208Z [command]"C:\Program Files\Git\bin\git.exe" config --local gc.auto 0
2026-10-06T19:32:55.0498756Z ##[endgroup]
2026-10-06T19:32:55.0500351Z ##[group]Setting up auth
2026-10-06T19:32:55.0516073Z [command]"C:\Program Files\Git\bin\git.exe" config --local --name-only --get-regexp core\.sshCommand
2026-10-06T19:32:55.0960479Z [command]"C:\Program Files\Git\bin\git.exe" submodule foreach --recursive "sh -c \"git config --local --name-only --get-regexp 'core\.sshCommand' && git config --local --unset-all 'core.sshCommand' || :\""
2026-10-06T19:32:56.3474646Z [command]"C:\Program Files\Git\bin\git.exe" config --local --name-only --get-regexp http\.https\:\/\/github\.com\/\.extraheader
2026-10-06T19:32:56.3810712Z [command]"C:\Program Files\Git\bin\git.exe" submodule foreach --recursive "sh -c \"git config --local --name-only --get-regexp 'http\.https\:\/\/github\.com\/\.extraheader' && git config --local --unset-all 'http.https://github.com/.extraheader' || :\""
2026-10-06T19:32:56.9808604Z [command]"C:\Program Files\Git\bin\git.exe" config --local --name-only --get-regexp ^includeIf\.gitdir:
2026-10-06T19:32:57.0263187Z [command]"C:\Program Files\Git\bin\git.exe" submodule foreach --recursive "git config --local --show-origin --name-only --get-regexp remote.origin.url"
2026-10-06T19:32:57.6152317Z [command]"C:\Program Files\Git\bin\git.exe" config --local http.https://github.com/.extraheader "AUTHORIZATION: basic ***"
2026-10-06T19:32:57.6498566Z ##[endgroup]
2026-10-06T19:32:57.6499965Z ##[group]Fetching the repository
2026-10-06T19:32:57.6513099Z [command]"C:\Program Files\Git\bin\git.exe" -c protocol.version=2 fetch --no-tags --prune --no-recurse-submodules --depth=1 origin +eb6484b0d581c66831f470fbb8487599c2fd2501:refs/remotes/pull/5071/merge
2026-10-06T19:33:23.2174773Z From https://github.com/snissn/gomap
2026-10-06T19:33:23.2178745Z  * [new ref]         eb6484b0d581c66831f470fbb8487599c2fd2501 -> pull/5071/merge
2026-10-06T19:33:23.2219027Z ##[endgroup]
2026-10-06T19:33:23.2220290Z ##[group]Determining the checkout info
2026-10-06T19:33:23.2325965Z ##[endgroup]
2026-10-06T19:33:23.2327806Z [command]"C:\Program Files\Git\bin\git.exe" sparse-checkout disable
2026-10-06T19:33:23.2695808Z [command]"C:\Program Files\Git\bin\git.exe" config --local --unset-all extensions.worktreeConfig
2026-10-06T19:33:23.3121988Z ##[group]Checking out the ref
2026-10-06T19:33:23.3137491Z [command]"C:\Program Files\Git\bin\git.exe" checkout --progress --force refs/remotes/pull/5071/merge
2026-10-06T19:33:24.4361106Z Updating files:  28% (2320/8227)
2026-10-06T19:33:24.4892850Z Updating files:  29% (2386/8227)
2026-10-06T19:33:24.5341503Z Updating files:  30% (2469/8227)
2026-10-06T19:33:24.5800813Z Updating files:  31% (2551/8227)
2026-10-06T19:33:24.6652146Z Updating files:  32% (2633/8227)
2026-10-06T19:33:24.7175599Z Updating files:  33% (2715/8227)
2026-10-06T19:33:24.7688540Z Updating files:  34% (2798/8227)
2026-10-06T19:33:24.8151749Z Updating files:  35% (2880/8227)
2026-10-06T19:33:24.8516002Z Updating files:  36% (2962/8227)
2026-10-06T19:33:24.8878654Z Updating files:  37% (3044/8227)
2026-10-06T19:33:24.9221186Z Updating files:  38% (3127/8227)
2026-10-06T19:33:24.9649533Z Updating files:  39% (3209/8227)
2026-10-06T19:33:25.5719001Z Updating files:  40% (3291/8227)
2026-10-06T19:33:26.2739538Z Updating files:  40% (3357/8227)
2026-10-06T19:33:26.4908041Z Updating files:  41% (3374/8227)
2026-10-06T19:33:26.8286969Z Updating files:  41% (3378/8227)
2026-10-06T19:33:26.9294943Z Updating files:  42% (3456/8227)
2026-10-06T19:33:26.9576202Z Updating files:  43% (3538/8227)
2026-10-06T19:33:26.9842737Z Updating files:  44% (3620/8227)
2026-10-06T19:33:27.0167129Z Updating files:  45% (3703/8227)
2026-10-06T19:33:27.0526410Z Updating files:  46% (3785/8227)
2026-10-06T19:33:27.1024776Z Updating files:  47% (3867/8227)
2026-10-06T19:33:27.1886439Z Updating files:  48% (3949/8227)
2026-10-06T19:33:27.3162702Z Updating files:  49% (4032/8227)
2026-10-06T19:33:27.3544905Z Updating files:  50% (4114/8227)
2026-10-06T19:33:27.3834954Z Updating files:  51% (4196/8227)
2026-10-06T19:33:27.3874675Z Updating files:  51% (4265/8227)
2026-10-06T19:33:27.4181768Z Updating files:  52% (4279/8227)
2026-10-06T19:33:27.4451329Z Updating files:  53% (4361/8227)
2026-10-06T19:33:27.4728683Z Updating files:  54% (4443/8227)
2026-10-06T19:33:27.5055225Z Updating files:  55% (4525/8227)
2026-10-06T19:33:27.5320566Z Updating files:  56% (4608/8227)
2026-10-06T19:33:27.5639730Z Updating files:  57% (4690/8227)
2026-10-06T19:33:27.5927780Z Updating files:  58% (4772/8227)
2026-10-06T19:33:27.6205544Z Updating files:  59% (4854/8227)
2026-10-06T19:33:27.6537660Z Updating files:  60% (4937/8227)
2026-10-06T19:33:27.6867400Z Updating files:  61% (5019/8227)
2026-10-06T19:33:27.7236895Z Updating files:  62% (5101/8227)
2026-10-06T19:33:27.7541009Z Updating files:  63% (5184/8227)
2026-10-06T19:33:27.7838695Z Updating files:  64% (5266/8227)
2026-10-06T19:33:27.8247250Z Updating files:  65% (5348/8227)
2026-10-06T19:33:27.8539435Z Updating files:  66% (5430/8227)
2026-10-06T19:33:27.8820995Z Updating files:  67% (5513/8227)
2026-10-06T19:33:27.9118388Z Updating files:  68% (5595/8227)
2026-10-06T19:33:27.9551286Z Updating files:  69% (5677/8227)
2026-10-06T19:33:27.9853117Z Updating files:  70% (5759/8227)
2026-10-06T19:33:28.0870469Z Updating files:  71% (5842/8227)
2026-10-06T19:33:28.1227597Z Updating files:  72% (5924/8227)
2026-10-06T19:33:28.1596953Z Updating files:  73% (6006/8227)
2026-10-06T19:33:28.1932539Z Updating files:  74% (6088/8227)
2026-10-06T19:33:28.2332212Z Updating files:  75% (6171/8227)
2026-10-06T19:33:28.2665459Z Updating files:  76% (6253/8227)
2026-10-06T19:33:28.2949985Z Updating files:  77% (6335/8227)
2026-10-06T19:33:28.3234009Z Updating files:  78% (6418/8227)
2026-10-06T19:33:28.3552067Z Updating files:  79% (6500/8227)
2026-10-06T19:33:28.3818819Z Updating files:  80% (6582/8227)
2026-10-06T19:33:28.3970972Z Updating files:  81% (6664/8227)
2026-10-06T19:33:28.4117070Z Updating files:  81% (6709/8227)
2026-10-06T19:33:28.4353927Z Updating files:  82% (6747/8227)
2026-10-06T19:33:28.4556274Z Updating files:  83% (6829/8227)
2026-10-06T19:33:28.4824822Z Updating files:  84% (6911/8227)
2026-10-06T19:33:28.5014965Z Updating files:  85% (6993/8227)
2026-10-06T19:33:28.5235835Z Updating files:  86% (7076/8227)
2026-10-06T19:33:28.5856219Z Updating files:  87% (7158/8227)
2026-10-06T19:33:28.6299018Z Updating files:  88% (7240/8227)
2026-10-06T19:33:28.6701887Z Updating files:  89% (7323/8227)
2026-10-06T19:33:28.7134120Z Updating files:  90% (7405/8227)
2026-10-06T19:33:28.7763536Z Updating files:  91% (7487/8227)
2026-10-06T19:33:28.8273108Z Updating files:  92% (7569/8227)
2026-10-06T19:33:28.8630196Z Updating files:  93% (7652/8227)
2026-10-06T19:33:28.8995000Z Updating files:  94% (7734/8227)
2026-10-06T19:33:28.9571742Z Updating files:  95% (7816/8227)
2026-10-06T19:33:28.9907472Z Updating files:  96% (7898/8227)
2026-10-06T19:33:29.0185757Z Updating files:  97% (7981/8227)
2026-10-06T19:33:29.0498581Z Updating files:  98% (8063/8227)
2026-10-06T19:33:29.0879384Z Updating files:  99% (8145/8227)
2026-10-06T19:33:29.0880000Z Updating files: 100% (8227/8227)
2026-10-06T19:33:29.0880499Z Updating files: 100% (8227/8227), done.
2026-10-06T19:33:29.1140229Z Note: switching to 'refs/remotes/pull/5071/merge'.
2026-10-06T19:33:29.1141033Z 
2026-10-06T19:33:29.1141589Z You are in 'detached HEAD' state. You can look around, make experimental
2026-10-06T19:33:29.1144268Z changes and commit them, and you can discard any commits you make in this
2026-10-06T19:33:29.1145967Z state without impacting any branches by switching back to a branch.
2026-10-06T19:33:29.1146831Z 
2026-10-06T19:33:29.1147163Z If you want to create a new branch to retain commits you create, you may
2026-10-06T19:33:29.1147921Z do so (now or later) by using -c with the switch command. Example:
2026-10-06T19:33:29.1148371Z 
2026-10-06T19:33:29.1148568Z   git switch -c <new-branch-name>
2026-10-06T19:33:29.1148855Z 
2026-10-06T19:33:29.1149007Z Or undo this operation with:
2026-10-06T19:33:29.1149263Z 
2026-10-06T19:33:29.1149387Z   git switch -
2026-10-06T19:33:29.1149564Z 
2026-10-06T19:33:29.1149929Z Turn off this advice by setting config variable advice.detachedHead to false
2026-10-06T19:33:29.1150469Z 
2026-10-06T19:33:29.1151073Z HEAD is now at eb6484b Merge aa8614ea79c63b21ca9a04580ace7f77a90b7f1b into 7649857532521db69ff4cdcf236a11377c85ab3d
2026-10-06T19:33:29.1445799Z ##[endgroup]
2026-10-06T19:33:29.1864787Z [command]"C:\Program Files\Git\bin\git.exe" log -1 --format=%H
2026-10-06T19:33:29.2208349Z eb6484b0d581c66831f470fbb8487599c2fd2501
2026-10-06T19:33:29.2813007Z ##[group]Run actions/setup-go@v5
2026-10-06T19:33:29.2813692Z with:
2026-10-06T19:33:29.2813912Z   go-version-file: go.mod
2026-10-06T19:33:29.2814144Z   cache: false
2026-10-06T19:33:29.2814384Z   cache-dependency-path: go.sum

2026-10-06T19:33:29.2814648Z   check-latest: false
2026-10-06T19:33:29.2817237Z   token: ***
2026-10-06T19:33:29.2817441Z ##[endgroup]
2026-10-06T19:33:29.5322356Z Setup go version spec 1.26
2026-10-06T19:33:29.5391595Z Found in cache @ C:\hostedtoolcache\windows\go\1.26.8\x64
2026-10-06T19:33:29.5394281Z (node:3680) [DEP0040] DeprecationWarning: The `punycode` module is deprecated. Please use a userland alternative instead.
2026-10-06T19:33:29.5395284Z (Use `node --trace-deprecation ...` to show where the warning was created)
2026-10-06T19:33:29.5402417Z Added go to the path
2026-10-06T19:33:29.5406383Z Successfully set up Go version 1.26
2026-10-06T19:33:36.0413553Z go version go1.26.8 windows/amd64
2026-10-06T19:33:36.0413972Z 
2026-10-06T19:33:36.0414498Z ##[group]go env
2026-10-06T19:33:38.8205709Z set AR=ar
2026-10-06T19:33:38.8206017Z set CC=gcc
2026-10-06T19:33:38.8206320Z set CGO_CFLAGS=-O2 -g
2026-10-06T19:33:38.8206671Z set CGO_CPPFLAGS=
2026-10-06T19:33:38.8206975Z set CGO_CXXFLAGS=-O2 -g
2026-10-06T19:33:38.8207308Z set CGO_ENABLED=1
2026-10-06T19:33:38.8207619Z set CGO_FFLAGS=-O2 -g
2026-10-06T19:33:38.8207947Z set CGO_LDFLAGS=-O2 -g
2026-10-06T19:33:38.8208256Z set CXX=g++
2026-10-06T19:33:38.8208534Z set GCCGO=gccgo
2026-10-06T19:33:38.8271432Z set GO111MODULE=
2026-10-06T19:33:38.8271782Z set GOAMD64=v1
2026-10-06T19:33:38.8272077Z set GOARCH=amd64
2026-10-06T19:33:38.8272376Z set GOAUTH=netrc
2026-10-06T19:33:38.8274308Z set GOBIN=
2026-10-06T19:33:38.8274727Z set GOCACHE=C:\Users\runneradmin\AppData\Local\go-build
2026-10-06T19:33:38.8275223Z set GOCACHEPROG=
2026-10-06T19:33:38.8275517Z set GODEBUG=
2026-10-06T19:33:38.8276692Z set GOENV=C:\Users\runneradmin\AppData\Roaming\go\env
2026-10-06T19:33:38.8277157Z set GOEXE=.exe
2026-10-06T19:33:38.8277345Z set GOEXPERIMENT=
2026-10-06T19:33:38.8277534Z set GOFIPS140=off
2026-10-06T19:33:38.8277718Z set GOFLAGS=
2026-10-06T19:33:38.8278500Z set GOGCCFLAGS=-m64 -mthreads -Wl,--no-gc-sections -fmessage-length=0 -ffile-prefix-map=C:\Users\RUNNER~1\AppData\Local\Temp\go-build1497098945=/tmp/go-build -gno-record-gcc-switches
2026-10-06T19:33:38.8279659Z set GOHOSTARCH=amd64
2026-10-06T19:33:38.8279995Z set GOHOSTOS=windows
2026-10-06T19:33:38.8288068Z set GOINSECURE=
2026-10-06T19:33:38.8288453Z set GOMOD=D:\a\gomap\gomap\go.mod
2026-10-06T19:33:38.8289119Z set GOMODCACHE=C:\Users\runneradmin\go\pkg\mod
2026-10-06T19:33:38.8289780Z set GONOPROXY=
2026-10-06T19:33:38.8290083Z set GONOSUMDB=
2026-10-06T19:33:38.8290366Z set GOOS=windows
2026-10-06T19:33:38.8290692Z set GOPATH=C:\Users\runneradmin\go
2026-10-06T19:33:38.8291090Z set GOPRIVATE=
2026-10-06T19:33:38.8291462Z set GOPROXY=https://proxy.golang.org,direct
2026-10-06T19:33:38.8292275Z set GOROOT=C:\hostedtoolcache\windows\go\1.26.8\x64
2026-10-06T19:33:38.8292593Z set GOSUMDB=sum.golang.org
2026-10-06T19:33:38.8292813Z set GOTELEMETRY=local
2026-10-06T19:33:38.8293126Z set GOTELEMETRYDIR=C:\Users\runneradmin\AppData\Roaming\go\telemetry
2026-10-06T19:33:38.8293471Z set GOTMPDIR=
2026-10-06T19:33:38.8293645Z set GOTOOLCHAIN=auto
2026-10-06T19:33:38.8293968Z set GOTOOLDIR=C:\hostedtoolcache\windows\go\1.26.8\x64\pkg\tool\windows_amd64
2026-10-06T19:33:38.8294635Z set GOVCS=
2026-10-06T19:33:38.8294927Z set GOVERSION=go1.26.8
2026-10-06T19:33:38.8295193Z set GOWORK=
2026-10-06T19:33:38.8295451Z set PKG_CONFIG=pkg-config
2026-10-06T19:33:38.8295683Z 
2026-10-06T19:33:38.8296173Z ##[endgroup]
2026-10-06T19:33:38.8704503Z ##[group]Run set -euo pipefail
2026-10-06T19:33:38.8705307Z [36;1mset -euo pipefail[0m
2026-10-06T19:33:38.8705564Z [36;1mtmp_dir="$(mktemp -d)"[0m
2026-10-06T19:33:38.8705797Z [36;1mcleanup() {[0m
2026-10-06T19:33:38.8705998Z [36;1m  rm -rf "$tmp_dir"[0m
2026-10-06T19:33:38.8706224Z [36;1m}[0m
2026-10-06T19:33:38.8706392Z [36;1mmake_tmp() {[0m
2026-10-06T19:33:38.8706616Z [36;1m  mktemp "$tmp_dir/tmp.XXXXXX"[0m
2026-10-06T19:33:38.8706857Z [36;1m}[0m
2026-10-06T19:33:38.8707019Z [36;1mci_list() {[0m
2026-10-06T19:33:38.8707254Z [36;1m  sed -e 's/\r$//' -e '/^#/d' -e '/^$/d' "$1"[0m
2026-10-06T19:33:38.8707530Z [36;1m}[0m
2026-10-06T19:33:38.8707712Z [36;1mweighted_shard_file() {[0m
2026-10-06T19:33:38.8707938Z [36;1m  kind="$1"[0m
2026-10-06T19:33:38.8708127Z [36;1m  shard_index="$2"[0m
2026-10-06T19:33:38.8708338Z [36;1m  shard_count="$3"[0m
2026-10-06T19:33:38.8708551Z [36;1m  weights_file="$4"[0m
2026-10-06T19:33:38.8708805Z [36;1m  all_file="$5"[0m
2026-10-06T19:33:38.8709006Z [36;1m  shard_file="$6"[0m
2026-10-06T19:33:38.8709327Z [36;1m  awk -F '\t' -v kind="$kind" -v idx="$shard_index" -v n="$shard_count" '[0m
2026-10-06T19:33:38.8709674Z [36;1m    NR == FNR {[0m
2026-10-06T19:33:38.8709905Z [36;1m      if ($0 !~ /^#/ && NF >= 3 && $1 == kind) {[0m
2026-10-06T19:33:38.8710175Z [36;1m        pinned[$3] = $2[0m
2026-10-06T19:33:38.8710470Z [36;1m        preserve_fallback[$3] = ($5 == "preserve-fallback")[0m
2026-10-06T19:33:38.8710786Z [36;1m      }[0m
2026-10-06T19:33:38.8710953Z [36;1m      next[0m
2026-10-06T19:33:38.8711125Z [36;1m    }[0m
2026-10-06T19:33:38.8711302Z [36;1m    $0 in pinned {[0m
2026-10-06T19:33:38.8711542Z [36;1m      if ((pinned[$0] + 0) == idx) print[0m
2026-10-06T19:33:38.8711843Z [36;1m      if (preserve_fallback[$0]) fallback++[0m
2026-10-06T19:33:38.8712113Z [36;1m      next[0m
2026-10-06T19:33:38.8712282Z [36;1m    }[0m
2026-10-06T19:33:38.8712478Z [36;1m    (fallback % n) == idx { print }[0m
2026-10-06T19:33:38.8712733Z [36;1m    { fallback++ }[0m
2026-10-06T19:33:38.8712984Z [36;1m  ' "$weights_file" "$all_file" > "$shard_file"[0m
2026-10-06T19:33:38.8713250Z [36;1m}[0m
2026-10-06T19:33:38.8713416Z [36;1mrun_named_test_file() {[0m
2026-10-06T19:33:38.8713637Z [36;1m  pkg="$1"[0m
2026-10-06T19:33:38.8713815Z [36;1m  label="$2"[0m
2026-10-06T19:33:38.8714005Z [36;1m  tests_file="$3"[0m
2026-10-06T19:33:38.8714206Z [36;1m  output_file="$4"[0m
2026-10-06T19:33:38.8714412Z [36;1m  max_regex_chars=6000[0m
2026-10-06T19:33:38.8714621Z [36;1m  chunk=""[0m
2026-10-06T19:33:38.8714798Z [36;1m  chunk_count=0[0m
2026-10-06T19:33:38.8714997Z [36;1m  chunk_index=0[0m
2026-10-06T19:33:38.8715269Z [36;1m  while IFS= read -r test_name || [ -n "$test_name" ]; do[0m
2026-10-06T19:33:38.8715593Z [36;1m    if [ -z "$test_name" ]; then[0m
2026-10-06T19:33:38.8715832Z [36;1m      continue[0m
2026-10-06T19:33:38.8716018Z [36;1m    fi[0m
2026-10-06T19:33:38.8716193Z [36;1m    if [ -n "$chunk" ]; then[0m
2026-10-06T19:33:38.8716501Z [36;1m      candidate="${chunk}|${test_name}"[0m
2026-10-06T19:33:38.8716763Z [36;1m    else[0m
2026-10-06T19:33:38.8716951Z [36;1m      candidate="$test_name"[0m
2026-10-06T19:33:38.8718597Z [36;1m    fi[0m
2026-10-06T19:33:38.8718897Z [36;1m    if [ -n "$chunk" ] && [ "${#candidate}" -gt "$max_regex_chars" ]; then[0m
2026-10-06T19:33:38.8719323Z [36;1m      chunk_index=$((chunk_index + 1))[0m
2026-10-06T19:33:38.8719609Z [36;1m      regex="^(${chunk})$"[0m
2026-10-06T19:33:38.8719984Z [36;1m      echo "${label} chunk=${chunk_index} tests=${chunk_count} regex_len=${#regex}"[0m
2026-10-06T19:33:38.8720525Z [36;1m      go test -json -timeout 30m -p 1 "$pkg" -run "$regex" | tee -a "$output_file"[0m
2026-10-06T19:33:38.8720920Z [36;1m      chunk="$test_name"[0m
2026-10-06T19:33:38.8721149Z [36;1m      chunk_count=1[0m
2026-10-06T19:33:38.8721352Z [36;1m    else[0m
2026-10-06T19:33:38.8723553Z [36;1m      chunk="$candidate"[0m
2026-10-06T19:33:38.8723900Z [36;1m      chunk_count=$((chunk_count + 1))[0m
2026-10-06T19:33:38.8724180Z [36;1m    fi[0m
2026-10-06T19:33:38.8724371Z [36;1m  done < "$tests_file"[0m
2026-10-06T19:33:38.8724613Z [36;1m  if [ -n "$chunk" ]; then[0m
2026-10-06T19:33:38.8724870Z [36;1m    chunk_index=$((chunk_index + 1))[0m
2026-10-06T19:33:38.8725149Z [36;1m    regex="^(${chunk})$"[0m
2026-10-06T19:33:38.8725527Z [36;1m    echo "${label} chunk=${chunk_index} tests=${chunk_count} regex_len=${#regex}"[0m
2026-10-06T19:33:38.8726066Z [36;1m    go test -json -timeout 30m -p 1 "$pkg" -run "$regex" | tee -a "$output_file"[0m
2026-10-06T19:33:38.8726455Z [36;1m  fi[0m
2026-10-06T19:33:38.8726621Z [36;1m}[0m
2026-10-06T19:33:38.8726806Z [36;1mtrap cleanup EXIT[0m
2026-10-06T19:33:38.8727034Z [36;1mcase "windows-core" in[0m
2026-10-06T19:33:38.8727253Z [36;1m  all)[0m
2026-10-06T19:33:38.8727447Z [36;1m    package_shard_index="1"[0m
2026-10-06T19:33:38.8727695Z [36;1m    package_shard_count="8"[0m
2026-10-06T19:33:38.8727949Z [36;1m    package_all_file="$(make_tmp)"[0m
2026-10-06T19:33:38.8728221Z [36;1m    package_file="$(make_tmp)"[0m
2026-10-06T19:33:38.8728495Z [36;1m    go list ./... > "$package_all_file"[0m
2026-10-06T19:33:38.8729193Z [36;1m    weighted_shard_file package "$package_shard_index" "$package_shard_count" ../.github/ci/treedb_unix_weighted_shards.tsv "$package_all_file" "$package_file"[0m
2026-10-06T19:33:38.8730015Z [36;1m    echo "TreeDB package shard=${package_shard_index}/${package_shard_count}"[0m
2026-10-06T19:33:38.8730407Z [36;1m    cat "$package_file"[0m
2026-10-06T19:33:38.8730656Z [36;1m    if [ -s "$package_file" ]; then[0m
2026-10-06T19:33:38.8731075Z [36;1m      xargs go test -json -timeout 30m -p 1 < "$package_file" | tee treedb-test.jsonl[0m
2026-10-06T19:33:38.8731488Z [36;1m    else[0m
2026-10-06T19:33:38.8732003Z [36;1m      printf '{"Time":"%s","Action":"skip","Package":"github.com/snissn/gomap/TreeDB"}\n' "$(date -u +%Y-%m-%dT%H:%M:%SZ)" > treedb-test.jsonl[0m
2026-10-06T19:33:38.8732564Z [36;1m    fi[0m
2026-10-06T19:33:38.8732742Z [36;1m    ;;[0m
2026-10-06T19:33:38.8732923Z [36;1m  windows-core)[0m
2026-10-06T19:33:38.8733149Z [36;1m    package_shard_index="1"[0m
2026-10-06T19:33:38.8733394Z [36;1m    package_shard_count="8"[0m
2026-10-06T19:33:38.8733661Z [36;1m    if [ -z "$package_shard_index" ]; then[0m
2026-10-06T19:33:38.8733941Z [36;1m      package_shard_index=0[0m
2026-10-06T19:33:38.8734156Z [36;1m    fi[0m
2026-10-06T19:33:38.8734443Z [36;1m    if [ -z "$package_shard_count" ] || [ "$package_shard_count" -lt 1 ]; then[0m
2026-10-06T19:33:38.8734811Z [36;1m      package_shard_count=1[0m
2026-10-06T19:33:38.8735034Z [36;1m    fi[0m
2026-10-06T19:33:38.8735237Z [36;1m    package_all_file="$(make_tmp)"[0m
2026-10-06T19:33:38.8735501Z [36;1m    package_file="$(make_tmp)"[0m
2026-10-06T19:33:38.8735759Z [36;1m    root_all_file="$(make_tmp)"[0m
2026-10-06T19:33:38.8736012Z [36;1m    root_test_file="$(make_tmp)"[0m
2026-10-06T19:33:38.8736278Z [36;1m    db_all_file="$(make_tmp)"[0m
2026-10-06T19:33:38.8736523Z [36;1m    db_test_file="$(make_tmp)"[0m
2026-10-06T19:33:38.8736939Z [36;1m    collections_all_file="$(make_tmp)"[0m
2026-10-06T19:33:38.8737237Z [36;1m    collections_test_file="$(make_tmp)"[0m
2026-10-06T19:33:38.8738960Z [36;1m    go list ./... | grep -v '^github.com/snissn/gomap/TreeDB$' | grep -v '^github.com/snissn/gomap/TreeDB/caching$' | grep -v '^github.com/snissn/gomap/TreeDB/collections$' | grep -v '^github.com/snissn/gomap/TreeDB/db$' | grep -v '^github.com/snissn/gomap/TreeDB/mongo_gateway$' | grep -v '^github.com/snissn/gomap/TreeDB/nativewire$' > "$package_all_file"[0m
2026-10-06T19:33:38.8740610Z [36;1m    go test . -list '^(Test|Example).*' | tr -d '\r' | grep -E '^(Test|Example)' | grep -v '^TestPowerLossOracleEnumerateCutPoints$' > "$root_all_file"[0m
2026-10-06T19:33:38.8741800Z [36;1m    go test ./db -list 'Test.*' | tr -d '\r' | grep '^Test' > "$db_all_file"[0m
2026-10-06T19:33:38.8742485Z [36;1m    go test ./collections -list '^(Test|Example|Fuzz).*' | tr -d '\r' | grep -E '^(Test|Example|Fuzz)' > "$collections_all_file"[0m
2026-10-06T19:33:38.8743133Z [36;1m    weights_file=../.github/ci/treedb_windows_core_weighted_shards.tsv[0m
2026-10-06T19:33:38.8743802Z [36;1m    weighted_shard_file package "$package_shard_index" "$package_shard_count" "$weights_file" "$package_all_file" "$package_file"[0m
2026-10-06T19:33:38.8744632Z [36;1m    weighted_shard_file root "$package_shard_index" "$package_shard_count" "$weights_file" "$root_all_file" "$root_test_file"[0m
2026-10-06T19:33:38.8745443Z [36;1m    weighted_shard_file db "$package_shard_index" "$package_shard_count" "$weights_file" "$db_all_file" "$db_test_file"[0m
2026-10-06T19:33:38.8746348Z [36;1m    weighted_shard_file collections "$package_shard_index" "$package_shard_count" "$weights_file" "$collections_all_file" "$collections_test_file"[0m
2026-10-06T19:33:38.8747159Z [36;1m    echo "TreeDB windows-core package shard=${package_shard_index}/${package_shard_count}"[0m
2026-10-06T19:33:38.8747602Z [36;1m    ran_tests=false[0m
2026-10-06T19:33:38.8747840Z [36;1m    if [ -s "$package_file" ]; then[0m
2026-10-06T19:33:38.8748269Z [36;1m      xargs go test -json -timeout 30m -p 1 < "$package_file" | tee treedb-test.jsonl[0m
2026-10-06T19:33:38.8748675Z [36;1m      ran_tests=true[0m
2026-10-06T19:33:38.8748883Z [36;1m    fi[0m
2026-10-06T19:33:38.8749080Z [36;1m    if [ -s "$root_test_file" ]; then[0m
2026-10-06T19:33:38.8749649Z [36;1m      run_named_test_file . "TreeDB root test shard=${package_shard_index}/${package_shard_count}" "$root_test_file" treedb-test.jsonl[0m
2026-10-06T19:33:38.8750219Z [36;1m      ran_tests=true[0m
2026-10-06T19:33:38.8750427Z [36;1m    fi[0m
2026-10-06T19:33:38.8750619Z [36;1m    if [ -s "$db_test_file" ]; then[0m
2026-10-06T19:33:38.8751174Z [36;1m      run_named_test_file ./db "TreeDB/db test shard=${package_shard_index}/${package_shard_count}" "$db_test_file" treedb-test.jsonl[0m
2026-10-06T19:33:38.8751725Z [36;1m      ran_tests=true[0m
2026-10-06T19:33:38.8751927Z [36;1m    fi[0m
2026-10-06T19:33:38.8752144Z [36;1m    if [ -s "$collections_test_file" ]; then[0m
2026-10-06T19:33:38.8752836Z [36;1m      run_named_test_file ./collections "TreeDB/collections test shard=${package_shard_index}/${package_shard_count}" "$collections_test_file" treedb-test.jsonl[0m
2026-10-06T19:33:38.8753505Z [36;1m      ran_tests=true[0m
2026-10-06T19:33:38.8753706Z [36;1m    fi[0m
2026-10-06T19:33:38.8753893Z [36;1m    if [ "$ran_tests" = false ]; then[0m
2026-10-06T19:33:38.8754399Z [36;1m      echo "no TreeDB windows-core tests found for shard ${package_shard_index}/${package_shard_count}; skipping"[0m
2026-10-06T19:33:38.8755229Z [36;1m      printf '{"Time":"%s","Action":"skip","Package":"github.com/snissn/gomap/TreeDB"}\n' "$(date -u +%Y-%m-%dT%H:%M:%SZ)" > treedb-test.jsonl[0m
2026-10-06T19:33:38.8755787Z [36;1m    fi[0m
2026-10-06T19:33:38.8755953Z [36;1m    ;;[0m
2026-10-06T19:33:38.8756131Z [36;1m  windows-mongo)[0m
2026-10-06T19:33:38.8756419Z [36;1m    echo "TreeDB/mongo_gateway dedicated Windows shard"[0m
2026-10-06T19:33:38.8756964Z [36;1m    go test -json -timeout 30m -p 1 ./mongo_gateway | tee treedb-test.jsonl[0m
2026-10-06T19:33:38.8757335Z [36;1m    ;;[0m
2026-10-06T19:33:38.8757527Z [36;1m  windows-nativewire)[0m
2026-10-06T19:33:38.8757813Z [36;1m    echo "TreeDB/nativewire dedicated Windows shard"[0m
2026-10-06T19:33:38.8758238Z [36;1m    go test -json -timeout 30m -p 1 ./nativewire | tee treedb-test.jsonl[0m
2026-10-06T19:33:38.8758977Z [36;1m    ;;[0m
2026-10-06T19:33:38.8759190Z [36;1m  windows-powerloss-oracle)[0m
2026-10-06T19:33:38.8759529Z [36;1m    echo "TreeDB power-loss oracle dedicated Windows shard"[0m
2026-10-06T19:33:38.8760226Z [36;1m    go test -json -timeout 30m -p 1 . -run '^TestPowerLossOracleEnumerateCutPoints$' | tee treedb-test.jsonl[0m
2026-10-06T19:33:38.8760733Z [36;1m    ;;[0m
2026-10-06T19:33:38.8760924Z [36;1m  windows-caching-heavy)[0m
2026-10-06T19:33:38.8761171Z [36;1m    heavy_file="$(make_tmp)"[0m
2026-10-06T19:33:38.8761428Z [36;1m    heavy_pin_file="$(make_tmp)"[0m
2026-10-06T19:33:38.8761695Z [36;1m    heavy_shard_file="$(make_tmp)"[0m
2026-10-06T19:33:38.8762084Z [36;1m    ci_list ../.github/ci/treedb_windows_caching_heavy_tests.txt > "$heavy_file"[0m
2026-10-06T19:33:38.8762649Z [36;1m    ci_list ../.github/ci/treedb_windows_caching_heavy_shard0_tests.txt > "$heavy_pin_file"[0m
2026-10-06T19:33:38.8763079Z [36;1m    heavy_shard_index=""[0m
2026-10-06T19:33:38.8763309Z [36;1m    heavy_shard_count=""[0m
2026-10-06T19:33:38.8763558Z [36;1m    if [ -z "$heavy_shard_index" ]; then[0m
2026-10-06T19:33:38.8763829Z [36;1m      heavy_shard_index=0[0m
2026-10-06T19:33:38.8764048Z [36;1m    fi[0m
2026-10-06T19:33:38.8764321Z [36;1m    if [ -z "$heavy_shard_count" ] || [ "$heavy_shard_count" -lt 1 ]; then[0m
2026-10-06T19:33:38.8764675Z [36;1m      heavy_shard_count=1[0m
2026-10-06T19:33:38.8764891Z [36;1m    fi[0m
2026-10-06T19:33:38.8765100Z [36;1m    if [ "$heavy_shard_count" -eq 2 ]; then[0m
2026-10-06T19:33:38.8765391Z [36;1m      case "$heavy_shard_index" in[0m
2026-10-06T19:33:38.8765637Z [36;1m        0)[0m
2026-10-06T19:33:38.8765931Z [36;1m          grep -F -x -f "$heavy_pin_file" "$heavy_file" > "$heavy_shard_file"[0m
2026-10-06T19:33:38.8766280Z [36;1m          ;;[0m
2026-10-06T19:33:38.8766467Z [36;1m        1)[0m
2026-10-06T19:33:38.8766782Z [36;1m          grep -F -x -v -f "$heavy_pin_file" "$heavy_file" > "$heavy_shard_file" || true[0m
2026-10-06T19:33:38.8767166Z [36;1m          ;;[0m
2026-10-06T19:33:38.8767347Z [36;1m        *)[0m
2026-10-06T19:33:38.8767549Z [36;1m          : > "$heavy_shard_file"[0m
2026-10-06T19:33:38.8767788Z [36;1m          ;;[0m
2026-10-06T19:33:38.8767971Z [36;1m      esac[0m
2026-10-06T19:33:38.8768142Z [36;1m    else[0m
2026-10-06T19:33:38.8768658Z [36;1m      awk -v idx="$heavy_shard_index" -v n="$heavy_shard_count" 'BEGIN { c = 0 } { if ((c % n) == idx) print; c++ }' "$heavy_file" > "$heavy_shard_file"[0m
2026-10-06T19:33:38.8769210Z [36;1m    fi[0m
2026-10-06T19:33:38.8769409Z [36;1m    if ! [ -s "$heavy_shard_file" ]; then[0m
2026-10-06T19:33:38.8769893Z [36;1m      echo "no heavy caching tests found for shard ${heavy_shard_index}/${heavy_shard_count}; skipping"[0m
2026-10-06T19:33:38.8770710Z [36;1m      printf '{"Time":"%s","Action":"skip","Package":"github.com/snissn/gomap/TreeDB/caching"}\n' "$(date -u +%Y-%m-%dT%H:%M:%SZ)" > treedb-test.jsonl[0m
2026-10-06T19:33:38.8771310Z [36;1m      exit 0[0m
2026-10-06T19:33:38.8771489Z [36;1m    fi[0m
2026-10-06T19:33:38.8771714Z [36;1m    regex="^($(paste -sd'|' "$heavy_shard_file"))$"[0m
2026-10-06T19:33:38.8772205Z [36;1m    echo "TreeDB/caching heavy shard=${heavy_shard_index}/${heavy_shard_count} regex=${regex}"[0m
2026-10-06T19:33:38.8772787Z [36;1m    go test -json -timeout 30m -p 1 ./caching -run "$regex" | tee treedb-test.jsonl[0m
2026-10-06T19:33:38.8773172Z [36;1m    ;;[0m
2026-10-06T19:33:38.8773360Z [36;1m  windows-caching-rest)[0m
2026-10-06T19:33:38.8773686Z [36;1m    heavy_file="$(make_tmp)"[0m
2026-10-06T19:33:38.8773930Z [36;1m    rest_file="$(make_tmp)"[0m
2026-10-06T19:33:38.8774180Z [36;1m    rest_shard_file="$(make_tmp)"[0m
2026-10-06T19:33:38.8774562Z [36;1m    ci_list ../.github/ci/treedb_windows_caching_heavy_tests.txt > "$heavy_file"[0m
2026-10-06T19:33:38.8775161Z [36;1m    go test ./caching -list 'Test.*' | tr -d '\r' | grep '^Test' | grep -F -x -v -f "$heavy_file" > "$rest_file"[0m
2026-10-06T19:33:38.8775623Z [36;1m    rest_shard_index=""[0m
2026-10-06T19:33:38.8775849Z [36;1m    rest_shard_count=""[0m
2026-10-06T19:33:38.8776091Z [36;1m    if [ -z "$rest_shard_index" ]; then[0m
2026-10-06T19:33:38.8776437Z [36;1m      rest_shard_index=0[0m
2026-10-06T19:33:38.8776656Z [36;1m    fi[0m
2026-10-06T19:33:38.8776924Z [36;1m    if [ -z "$rest_shard_count" ] || [ "$rest_shard_count" -lt 1 ]; then[0m
2026-10-06T19:33:38.8777271Z [36;1m      rest_shard_count=1[0m
2026-10-06T19:33:38.8777498Z [36;1m    fi[0m
2026-10-06T19:33:38.8777958Z [36;1m    awk -v idx="$rest_shard_index" -v n="$rest_shard_count" 'BEGIN { c = 0 } { if ((c % n) == idx) print; c++ }' "$rest_file" > "$rest_shard_file"[0m
2026-10-06T19:33:38.8778863Z [36;1m    rest_regex="^($(paste -sd'|' "$rest_shard_file"))$"[0m
2026-10-06T19:33:38.8779205Z [36;1m    if [ "$rest_regex" = '^()$' ]; then[0m
2026-10-06T19:33:38.8779676Z [36;1m      echo "no non-heavy caching tests found for shard ${rest_shard_index}/${rest_shard_count}; skipping"[0m
2026-10-06T19:33:38.8780494Z [36;1m      printf '{"Time":"%s","Action":"skip","Package":"github.com/snissn/gomap/TreeDB/caching"}\n' "$(date -u +%Y-%m-%dT%H:%M:%SZ)" > treedb-test.jsonl[0m
2026-10-06T19:33:38.8781099Z [36;1m      exit 0[0m
2026-10-06T19:33:38.8781281Z [36;1m    fi[0m
2026-10-06T19:33:38.8781645Z [36;1m    echo "TreeDB/caching rest shard=${rest_shard_index}/${rest_shard_count} regex=${rest_regex}"[0m
2026-10-06T19:33:38.8782250Z [36;1m    go test -json -timeout 30m -p 1 ./caching -run "$rest_regex" | tee treedb-test.jsonl[0m
2026-10-06T19:33:38.8782657Z [36;1m    ;;[0m
2026-10-06T19:33:38.8801904Z [36;1m  *)[0m
2026-10-06T19:33:38.8802341Z [36;1m    echo "unknown shard kind: windows-core" >&2[0m
2026-10-06T19:33:38.8802825Z [36;1m    exit 1[0m
2026-10-06T19:33:38.8803101Z [36;1m    ;;[0m
2026-10-06T19:33:38.8803284Z [36;1mesac[0m
2026-10-06T19:33:38.8827360Z shell: C:\Program Files\Git\bin\bash.EXE --noprofile --norc -e -o pipefail {0}
2026-10-06T19:33:38.8827783Z env:
2026-10-06T19:33:38.8827967Z   GOMEMLIMIT: 4GiB
2026-10-06T19:33:38.8828168Z   GOMAXPROCS: 2
2026-10-06T19:33:38.8828361Z ##[endgroup]
2026-10-06T19:33:40.7910709Z go: downloading github.com/snissn/compress v1.18.2-snissn.0.0.20260506201017-87fb149e4721
2026-10-06T19:33:42.4785066Z go: downloading github.com/cespare/xxhash/v2 v2.3.0
2026-10-06T19:33:44.1940708Z go: downloading github.com/golang/snappy v0.0.4
2026-10-06T19:33:44.2624062Z go: downloading github.com/pierrec/lz4/v4 v4.1.22
2026-10-06T19:33:44.5461468Z go: downloading github.com/buger/jsonparser v1.1.2
2026-10-06T19:33:44.6253047Z go: downloading github.com/tidwall/gjson v1.14.3
2026-10-06T19:33:44.7092293Z go: downloading go.mongodb.org/mongo-driver/v2 v2.6.0
2026-10-06T19:33:45.9564209Z go: downloading golang.org/x/sys v0.41.0
2026-10-06T19:33:46.4862577Z go: downloading github.com/snissn/go-crc32-asm v0.0.0-20260522204125-08945951423a
2026-10-06T19:33:46.5681563Z go: downloading github.com/tidwall/btree v1.8.1
2026-10-06T19:33:46.6338929Z go: downloading github.com/hashicorp/raft-boltdb/v2 v2.3.1
2026-10-06T19:33:46.6374990Z go: downloading github.com/tphakala/simd v1.0.22
2026-10-06T19:33:47.6284796Z go: downloading github.com/xdg-go/stringprep v1.0.4
2026-10-06T19:33:47.6309526Z go: downloading golang.org/x/crypto v0.39.0
2026-10-06T19:33:47.7540757Z go: downloading github.com/zeebo/xxh3 v1.1.0
2026-10-06T19:33:47.8531981Z go: downloading github.com/hashicorp/go-msgpack/v2 v2.1.2
2026-10-06T19:33:49.3211378Z go: downloading github.com/tidwall/match v1.1.1
2026-10-06T19:33:49.3241219Z go: downloading github.com/tidwall/pretty v1.2.0
2026-10-06T19:33:49.3857481Z go: downloading github.com/hashicorp/go-hclog v1.6.2
2026-10-06T19:33:49.3987364Z go: downloading github.com/hashicorp/go-metrics v0.5.4
2026-10-06T19:33:49.5230216Z go: downloading github.com/boltdb/bolt v1.3.1
2026-10-06T19:33:49.5398721Z go: downloading go.etcd.io/bbolt v1.4.3
2026-10-06T19:33:49.8933649Z go: downloading golang.org/x/text v0.34.0
2026-10-06T19:33:49.9295331Z go: downloading github.com/klauspost/cpuid/v2 v2.2.10
2026-10-06T19:33:50.2908733Z go: downloading github.com/fatih/color v1.13.0
2026-10-06T19:33:50.3499772Z go: downloading github.com/mattn/go-colorable v0.1.13
2026-10-06T19:33:50.4171214Z go: downloading github.com/armon/go-metrics v0.4.1
2026-10-06T19:33:51.7349364Z go: downloading github.com/mattn/go-isatty v0.0.17
2026-10-06T19:33:51.7417225Z go: downloading github.com/hashicorp/go-immutable-radix v1.0.0
2026-10-06T19:33:51.8831629Z go: downloading github.com/hashicorp/golang-lru v0.5.0
2026-10-06T19:33:53.3580811Z go: downloading go.uber.org/goleak v1.3.0
2026-10-06T19:36:18.7580395Z go: downloading github.com/ajroetker/go-highway v0.0.12
2026-10-06T19:37:40.1612285Z TreeDB windows-core package shard=1/8
2026-10-06T19:37:41.0679987Z {"Time":"2026-10-06T19:37:41.0653963Z","Action":"start","Package":"github.com/snissn/gomap/TreeDB/cmd/authority_inventory"}
2026-10-06T19:37:41.0681201Z {"Time":"2026-10-06T19:37:41.0653963Z","Action":"output","Package":"github.com/snissn/gomap/TreeDB/cmd/authority_inventory","Output":"?   \tgithub.com/snissn/gomap/TreeDB/cmd/authority_inventory\t[no test files]\n"}
2026-10-06T19:37:41.0682403Z {"Time":"2026-10-06T19:37:41.0653963Z","Action":"skip","Package":"github.com/snissn/gomap/TreeDB/cmd/authority_inventory","Elapsed":0}
2026-10-06T19:38:06.7552566Z {"Time":"2026-10-06T19:38:06.7530681Z","Action":"start","Package":"github.com/snissn/gomap/TreeDB/cmd/treedb_native_transport_benchmark"}
2026-10-06T19:38:06.7828113Z {"Time":"2026-10-06T19:38:06.7776535Z","Action":"run","Package":"github.com/snissn/gomap/TreeDB/cmd/treedb_native_transport_benchmark","Test":"TestPercentile"}
2026-10-06T19:38:06.7830089Z {"Time":"2026-10-06T19:38:06.7781703Z","Action":"output","Package":"github.com/snissn/gomap/TreeDB/cmd/treedb_native_transport_benchmark","Test":"TestPercentile","Output":"=== RUN   TestPercentile\n"}
2026-10-06T19:38:06.7832004Z {"Time":"2026-10-06T19:38:06.7781703Z","Action":"output","Package":"github.com/snissn/gomap/TreeDB/cmd/treedb_native_transport_benchmark","Test":"TestPercentile","Output":"--- PASS: TestPercentile (0.00s)\n"}
2026-10-06T19:38:06.7833366Z {"Time":"2026-10-06T19:38:06.7781703Z","Action":"pass","Package":"github.com/snissn/gomap/TreeDB/cmd/treedb_native_transport_benchmark","Test":"TestPercentile","Elapsed":0}
2026-10-06T19:38:06.7834519Z {"Time":"2026-10-06T19:38:06.7781703Z","Action":"output","Package":"github.com/snissn/gomap/TreeDB/cmd/treedb_native_transport_benchmark","Output":"PASS\n"}
2026-10-06T19:38:06.7836283Z {"Time":"2026-10-06T19:38:06.7807037Z","Action":"output","Package":"github.com/snissn/gomap/TreeDB/cmd/treedb_native_transport_benchmark","Output":"ok  \tgithub.com/snissn/gomap/TreeDB/cmd/treedb_native_transport_benchmark\t0.027s\n"}
2026-10-06T19:38:06.7983618Z {"Time":"2026-10-06T19:38:06.7857834Z","Action":"pass","Package":"github.com/snissn/gomap/TreeDB/cmd/treedb_native_transport_benchmark","Elapsed":0.033}
2026-10-06T19:38:08.1127346Z {"Time":"2026-10-06T19:38:08.0994607Z","Action":"start","Package":"github.com/snissn/gomap/TreeDB/cmd/vlog_dict_realdata"}
2026-10-06T19:38:08.1283570Z {"Time":"2026-10-06T19:38:08.1246358Z","Action":"run","Package":"github.com/snissn/gomap/TreeDB/cmd/vlog_dict_realdata","Test":"TestTrainDictFixedSize_UsesInitialOffsetsToAvoidInvalidDictionary"}
2026-10-06T19:38:08.1286813Z {"Time":"2026-10-06T19:38:08.1246358Z","Action":"output","Package":"github.com/snissn/gomap/TreeDB/cmd/vlog_dict_realdata","Test":"TestTrainDictFixedSize_UsesInitialOffsetsToAvoidInvalidDictionary","Output":"=== RUN   TestTrainDictFixedSize_UsesInitialOffsetsToAvoidInvalidDictionary\n"}
2026-10-06T19:38:08.1442921Z {"Time":"2026-10-06T19:38:08.1365352Z","Action":"output","Package":"github.com/snissn/gomap/TreeDB/cmd/vlog_dict_realdata","Test":"TestTrainDictFixedSize_UsesInitialOffsetsToAvoidInvalidDictionary","Output":"--- PASS: TestTrainDictFixedSize_UsesInitialOffsetsToAvoidInvalidDictionary (0.01s)\n"}
2026-10-06T19:38:08.1447500Z {"Time":"2026-10-06T19:38:08.1365352Z","Action":"pass","Package":"github.com/snissn/gomap/TreeDB/cmd/vlog_dict_realdata","Test":"TestTrainDictFixedSize_UsesInitialOffsetsToAvoidInvalidDictionary","Elapsed":0.01}
2026-10-06T19:38:08.1449971Z {"Time":"2026-10-06T19:38:08.1365352Z","Action":"run","Package":"github.com/snissn/gomap/TreeDB/cmd/vlog_dict_realdata","Test":"TestWALOffCompressionActivatesDictBeforeSteady"}
2026-10-06T19:38:08.1452666Z {"Time":"2026-10-06T19:38:08.1365352Z","Action":"output","Package":"github.com/snissn/gomap/TreeDB/cmd/vlog_dict_realdata","Test":"TestWALOffCompressionActivatesDictBeforeSteady","Output":"=== RUN   TestWALOffCompressionActivatesDictBeforeSteady\n"}
2026-10-06T19:38:08.3601241Z {"Time":"2026-10-06T19:38:08.3470928Z","Action":"output","Package":"github.com/snissn/gomap/TreeDB/cmd/vlog_dict_realdata","Test":"TestWALOffCompressionActivatesDictBeforeSteady","Output":"2026/10/06 19:38:08 treedb: dict training trained dict stream=0 dict_bytes=65536 samples=128 raw=32768 stored=3106 ratio=0.095\n"}
2026-10-06T19:38:08.4534476Z {"Time":"2026-10-06T19:38:08.4423755Z","Action":"output","Package":"github.com/snissn/gomap/TreeDB/cmd/vlog_dict_realdata","Test":"TestWALOffCompressionActivatesDictBeforeSteady","Output":"2026/10/06 19:38:08 treedb: value-log dict published class=single_value dict_id=469938449452404039 k=32 payload_ratio=0.006 total_ratio=0.057\n"}
2026-10-06T19:38:08.5934838Z {"Time":"2026-10-06T19:38:08.5901494Z","Action":"output","Package":"github.com/snissn/gomap/TreeDB/cmd/vlog_dict_realdata","Test":"TestWALOffCompressionActivatesDictBeforeSteady","Output":"--- PASS: TestWALOffCompressionActivatesDictBeforeSteady (0.45s)\n"}
2026-10-06T19:38:08.5937955Z {"Time":"2026-10-06T19:38:08.5901494Z","Action":"pass","Package":"github.com/snissn/gomap/TreeDB/cmd/vlog_dict_realdata","Test":"TestWALOffCompressionActivatesDictBeforeSteady","Elapsed":0.45}
2026-10-06T19:38:08.5940678Z {"Time":"2026-10-06T19:38:08.5901494Z","Action":"run","Package":"github.com/snissn/gomap/TreeDB/cmd/vlog_dict_realdata","Test":"TestGenerateSyntheticKVDataset_CelestiaHeightPrefixFill"}
2026-10-06T19:38:08.5942876Z {"Time":"2026-10-06T19:38:08.5901494Z","Action":"output","Package":"github.com/snissn/gomap/TreeDB/cmd/vlog_dict_realdata","Test":"TestGenerateSyntheticKVDataset_CelestiaHeightPrefixFill","Output":"=== RUN   TestGenerateSyntheticKVDataset_CelestiaHeightPrefixFill\n"}
2026-10-06T19:38:08.5944888Z {"Time":"2026-10-06T19:38:08.5901494Z","Action":"output","Package":"github.com/snissn/gomap/TreeDB/cmd/vlog_dict_realdata","Test":"TestGenerateSyntheticKVDataset_CelestiaHeightPrefixFill","Output":"--- PASS: TestGenerateSyntheticKVDataset_CelestiaHeightPrefixFill (0.00s)\n"}
2026-10-06T19:38:08.5946645Z {"Time":"2026-10-06T19:38:08.5901494Z","Action":"pass","Package":"github.com/snissn/gomap/TreeDB/cmd/vlog_dict_realdata","Test":"TestGenerateSyntheticKVDataset_CelestiaHeightPrefixFill","Elapsed":0}
2026-10-06T19:38:08.5948314Z {"Time":"2026-10-06T19:38:08.5901494Z","Action":"run","Package":"github.com/snissn/gomap/TreeDB/cmd/vlog_dict_realdata","Test":"TestResolveBenchCompressionMode"}
2026-10-06T19:38:08.5949711Z {"Time":"2026-10-06T19:38:08.5901494Z","Action":"output","Package":"github.com/snissn/gomap/TreeDB/cmd/vlog_dict_realdata","Test":"TestResolveBenchCompressionMode","Output":"=== RUN   TestResolveBenchCompressionMode\n"}
2026-10-06T19:38:08.5951072Z {"Time":"2026-10-06T19:38:08.5901494Z","Action":"run","Package":"github.com/snissn/gomap/TreeDB/cmd/vlog_dict_realdata","Test":"TestResolveBenchCompressionMode/legacy_on"}
2026-10-06T19:38:08.5952837Z {"Time":"2026-10-06T19:38:08.5901494Z","Action":"output","Package":"github.com/snissn/gomap/TreeDB/cmd/vlog_dict_realdata","Test":"TestResolveBenchCompressionMode/legacy_on","Output":"=== RUN   TestResolveBenchCompressionMode/legacy_on\n"}
2026-10-06T19:38:08.5954905Z {"Time":"2026-10-06T19:38:08.5901494Z","Action":"output","Package":"github.com/snissn/gomap/TreeDB/cmd/vlog_dict_realdata","Test":"TestResolveBenchCompressionMode/legacy_on","Output":"--- PASS: TestResolveBenchCompressionMode/legacy_on (0.00s)\n"}
2026-10-06T19:38:08.5956579Z {"Time":"2026-10-06T19:38:08.5901494Z","Action":"pass","Package":"github.com/snissn/gomap/TreeDB/cmd/vlog_dict_realdata","Test":"TestResolveBenchCompressionMode/legacy_on","Elapsed":0}
2026-10-06T19:38:08.5957815Z {"Time":"2026-10-06T19:38:08.5901494Z","Action":"run","Package":"github.com/snissn/gomap/TreeDB/cmd/vlog_dict_realdata","Test":"TestResolveBenchCompressionMode/legacy_off"}
2026-10-06T19:38:08.5959829Z {"Time":"2026-10-06T19:38:08.5901494Z","Action":"output","Package":"github.com/snissn/gomap/TreeDB/cmd/vlog_dict_realdata","Test":"TestResolveBenchCompressionMode/legacy_off","Output":"=== RUN   TestResolveBenchCompressionMode/legacy_off\n"}
2026-10-06T19:38:08.5961591Z {"Time":"2026-10-06T19:38:08.5901494Z","Action":"output","Package":"github.com/snissn/gomap/TreeDB/cmd/vlog_dict_realdata","Test":"TestResolveBenchCompressionMode/legacy_off","Output":"--- PASS: TestResolveBenchCompressionMode/legacy_off (0.00s)\n"}
2026-10-06T19:38:08.5963099Z {"Time":"2026-10-06T19:38:08.5901494Z","Action":"pass","Package":"github.com/snissn/gomap/TreeDB/cmd/vlog_dict_realdata","Test":"TestResolveBenchCompressionMode/legacy_off","Elapsed":0}
2026-10-06T19:38:08.5964670Z {"Time":"2026-10-06T19:38:08.5901494Z","Action":"run","Package":"github.com/snissn/gomap/TreeDB/cmd/vlog_dict_realdata","Test":"TestResolveBenchCompressionMode/explicit_block"}
2026-10-06T19:38:08.5966226Z {"Time":"2026-10-06T19:38:08.5901494Z","Action":"output","Package":"github.com/snissn/gomap/TreeDB/cmd/vlog_dict_realdata","Test":"TestResolveBenchCompressionMode/explicit_block","Output":"=== RUN   TestResolveBenchCompressionMode/explicit_block\n"}
2026-10-06T19:38:08.5968027Z {"Time":"2026-10-06T19:38:08.5901494Z","Action":"output","Package":"github.com/snissn/gomap/TreeDB/cmd/vlog_dict_realdata","Test":"TestResolveBenchCompressionMode/explicit_block","Output":"--- PASS: TestResolveBenchCompressionMode/explicit_block (0.00s)\n"}
2026-10-06T19:38:08.5969572Z {"Time":"2026-10-06T19:38:08.5901494Z","Action":"pass","Package":"github.com/snissn/gomap/TreeDB/cmd/vlog_dict_realdata","Test":"TestResolveBenchCompressionMode/explicit_block","Elapsed":0}
2026-10-06T19:38:08.5971631Z {"Time":"2026-10-06T19:38:08.5901494Z","Action":"run","Package":"github.com/snissn/gomap/TreeDB/cmd/vlog_dict_realdata","Test":"TestResolveBenchCompressionMode/explicit_dict"}
2026-10-06T19:38:08.5973110Z {"Time":"2026-10-06T19:38:08.5901494Z","Action":"output","Package":"github.com/snissn/gomap/TreeDB/cmd/vlog_dict_realdata","Test":"TestResolveBenchCompressionMode/explicit_dict","Output":"=== RUN   TestResolveBenchCompressionMode/explicit_dict\n"}
2026-10-06T19:38:08.5974903Z {"Time":"2026-10-06T19:38:08.5901494Z","Action":"output","Package":"github.com/snissn/gomap/TreeDB/cmd/vlog_dict_realdata","Test":"TestResolveBenchCompressionMode/explicit_dict","Output":"--- PASS: TestResolveBenchCompressionMode/explicit_dict (0.00s)\n"}
2026-10-06T19:38:08.5976880Z {"Time":"2026-10-06T19:38:08.5901494Z","Action":"pass","Package":"github.com/snissn/gomap/TreeDB/cmd/vlog_dict_realdata","Test":"TestResolveBenchCompressionMode/explicit_dict","Elapsed":0}
2026-10-06T19:38:08.5978142Z {"Time":"2026-10-06T19:38:08.5901494Z","Action":"run","Package":"github.com/snissn/gomap/TreeDB/cmd/vlog_dict_realdata","Test":"TestResolveBenchCompressionMode/bad_explicit"}
2026-10-06T19:38:08.5979765Z {"Time":"2026-10-06T19:38:08.5913331Z","Action":"output","Package":"github.com/snissn/gomap/TreeDB/cmd/vlog_dict_realdata","Test":"TestResolveBenchCompressionMode/bad_explicit","Output":"=== RUN   TestResolveBenchCompressionMode/bad_explicit\n"}
2026-10-06T19:38:08.5982163Z {"Time":"2026-10-06T19:38:08.5913331Z","Action":"output","Package":"github.com/snissn/gomap/TreeDB/cmd/vlog_dict_realdata","Test":"TestResolveBenchCompressionMode/bad_explicit","Output":"--- PASS: TestResolveBenchCompressionMode/bad_explicit (0.00s)\n"}
2026-10-06T19:38:08.5983729Z {"Time":"2026-10-06T19:38:08.5913331Z","Action":"pass","Package":"github.com/snissn/gomap/TreeDB/cmd/vlog_dict_realdata","Test":"TestResolveBenchCompressionMode/bad_explicit","Elapsed":0}
2026-10-06T19:38:08.5985104Z {"Time":"2026-10-06T19:38:08.5913331Z","Action":"run","Package":"github.com/snissn/gomap/TreeDB/cmd/vlog_dict_realdata","Test":"TestResolveBenchCompressionMode/bad_legacy"}
2026-10-06T19:38:08.5986615Z {"Time":"2026-10-06T19:38:08.5913331Z","Action":"output","Package":"github.com/snissn/gomap/TreeDB/cmd/vlog_dict_realdata","Test":"TestResolveBenchCompressionMode/bad_legacy","Output":"=== RUN   TestResolveBenchCompressionMode/bad_legacy\n"}
2026-10-06T19:38:08.5989980Z {"Time":"2026-10-06T19:38:08.5913331Z","Action":"output","Package":"github.com/snissn/gomap/TreeDB/cmd/vlog_dict_realdata","Test":"TestResolveBenchCompressionMode/bad_legacy","Output":"--- PASS: TestResolveBenchCompressionMode/bad_legacy (0.00s)\n"}
2026-10-06T19:38:08.5991672Z {"Time":"2026-10-06T19:38:08.5913331Z","Action":"pass","Package":"github.com/snissn/gomap/TreeDB/cmd/vlog_dict_realdata","Test":"TestResolveBenchCompressionMode/bad_legacy","Elapsed":0}
2026-10-06T19:38:08.5993629Z {"Time":"2026-10-06T19:38:08.5913331Z","Action":"output","Package":"github.com/snissn/gomap/TreeDB/cmd/vlog_dict_realdata","Test":"TestResolveBenchCompressionMode","Output":"--- PASS: TestResolveBenchCompressionMode (0.00s)\n"}
2026-10-06T19:38:08.5995044Z {"Time":"2026-10-06T19:38:08.5913331Z","Action":"pass","Package":"github.com/snissn/gomap/TreeDB/cmd/vlog_dict_realdata","Test":"TestResolveBenchCompressionMode","Elapsed":0}
2026-10-06T19:38:08.5996179Z {"Time":"2026-10-06T19:38:08.5913331Z","Action":"run","Package":"github.com/snissn/gomap/TreeDB/cmd/vlog_dict_realdata","Test":"TestParseBenchBlockCodec"}
2026-10-06T19:38:08.5997418Z {"Time":"2026-10-06T19:38:08.5913331Z","Action":"output","Package":"github.com/snissn/gomap/TreeDB/cmd/vlog_dict_realdata","Test":"TestParseBenchBlockCodec","Output":"=== RUN   TestParseBenchBlockCodec\n"}
2026-10-06T19:38:08.5999289Z {"Time":"2026-10-06T19:38:08.5913331Z","Action":"output","Package":"github.com/snissn/gomap/TreeDB/cmd/vlog_dict_realdata","Test":"TestParseBenchBlockCodec","Output":"--- PASS: TestParseBenchBlockCodec (0.00s)\n"}
2026-10-06T19:38:08.6029187Z {"Time":"2026-10-06T19:38:08.5913331Z","Action":"pass","Package":"github.com/snissn/gomap/TreeDB/cmd/vlog_dict_realdata","Test":"TestParseBenchBlockCodec","Elapsed":0}
2026-10-06T19:38:08.6031369Z {"Time":"2026-10-06T19:38:08.5913331Z","Action":"run","Package":"github.com/snissn/gomap/TreeDB/cmd/vlog_dict_realdata","Test":"TestBenchOptions_CompressionModes"}
2026-10-06T19:38:08.6033417Z {"Time":"2026-10-06T19:38:08.5913331Z","Action":"output","Package":"github.com/snissn/gomap/TreeDB/cmd/vlog_dict_realdata","Test":"TestBenchOptions_CompressionModes","Output":"=== RUN   TestBenchOptions_CompressionModes\n"}
2026-10-06T19:38:08.6035321Z {"Time":"2026-10-06T19:38:08.5913331Z","Action":"output","Package":"github.com/snissn/gomap/TreeDB/cmd/vlog_dict_realdata","Test":"TestBenchOptions_CompressionModes","Output":"--- PASS: TestBenchOptions_CompressionModes (0.00s)\n"}
2026-10-06T19:38:08.6036837Z {"Time":"2026-10-06T19:38:08.5913331Z","Action":"pass","Package":"github.com/snissn/gomap/TreeDB/cmd/vlog_dict_realdata","Test":"TestBenchOptions_CompressionModes","Elapsed":0}
2026-10-06T19:38:08.6038632Z {"Time":"2026-10-06T19:38:08.5913331Z","Action":"run","Package":"github.com/snissn/gomap/TreeDB/cmd/vlog_dict_realdata","Test":"TestRunKVBench_WarmupRatioAccounting"}
2026-10-06T19:38:08.6040489Z {"Time":"2026-10-06T19:38:08.5913331Z","Action":"output","Package":"github.com/snissn/gomap/TreeDB/cmd/vlog_dict_realdata","Test":"TestRunKVBench_WarmupRatioAccounting","Output":"=== RUN   TestRunKVBench_WarmupRatioAccounting\n"}
2026-10-06T19:38:08.6042842Z {"Time":"2026-10-06T19:38:08.5924676Z","Action":"output","Package":"github.com/snissn/gomap/TreeDB/cmd/vlog_dict_realdata","Test":"TestRunKVBench_WarmupRatioAccounting","Output":"TreeDB KV throughput bench\n"}
2026-10-06T19:38:08.6044361Z {"Time":"2026-10-06T19:38:08.5924676Z","Action":"output","Package":"github.com/snissn/gomap/TreeDB/cmd/vlog_dict_realdata","Test":"TestRunKVBench_WarmupRatioAccounting","Output":"==========================\n"}
2026-10-06T19:38:08.6047266Z {"Time":"2026-10-06T19:38:08.5924676Z","Action":"output","Package":"github.com/snissn/gomap/TreeDB/cmd/vlog_dict_realdata","Test":"TestRunKVBench_WarmupRatioAccounting","Output":"input:    synthetic:medium_compressible_sparse\n"}
2026-10-06T19:38:08.6049513Z {"Time":"2026-10-06T19:38:08.5924676Z","Action":"output","Package":"github.com/snissn/gomap/TreeDB/cmd/vlog_dict_realdata","Test":"TestRunKVBench_WarmupRatioAccounting","Output":"samples:  train=2000 eval=800 cap=0\n"}
2026-10-06T19:38:08.6051113Z {"Time":"2026-10-06T19:38:08.5924676Z","Action":"output","Package":"github.com/snissn/gomap/TreeDB/cmd/vlog_dict_realdata","Test":"TestRunKVBench_WarmupRatioAccounting","Output":"stats:    total_bytes=716800 avg=256.00 min=256 max=256\n"}
2026-10-06T19:38:08.6053132Z {"Time":"2026-10-06T19:38:08.5924676Z","Action":"output","Package":"github.com/snissn/gomap/TreeDB/cmd/vlog_dict_realdata","Test":"TestRunKVBench_WarmupRatioAccounting","Output":"bench:    mode=wal_on compression_mode=off block_codec=snappy template=off key_mode=random raw_mib=4 batch=512 workers=1 pointer_threshold=1\n"}
2026-10-06T19:38:08.6054923Z {"Time":"2026-10-06T19:38:08.5924676Z","Action":"output","Package":"github.com/snissn/gomap/TreeDB/cmd/vlog_dict_realdata","Test":"TestRunKVBench_WarmupRatioAccounting","Output":"load:     0.000s\n"}
2026-10-06T19:38:08.6056484Z {"Time":"2026-10-06T19:38:08.5924676Z","Action":"output","Package":"github.com/snissn/gomap/TreeDB/cmd/vlog_dict_realdata","Test":"TestRunKVBench_WarmupRatioAccounting","Output":"\n"}
2026-10-06T19:38:08.7180304Z {"Time":"2026-10-06T19:38:08.7130767Z","Action":"output","Package":"github.com/snissn/gomap/TreeDB/cmd/vlog_dict_realdata","Test":"TestRunKVBench_WarmupRatioAccounting","Output":"write_path: mode=command_wal_cached value_store=value_log redo_log=command_wal\n"}
2026-10-06T19:38:08.7184227Z {"Time":"2026-10-06T19:38:08.7130767Z","Action":"output","Package":"github.com/snissn/gomap/TreeDB/cmd/vlog_dict_realdata","Test":"TestRunKVBench_WarmupRatioAccounting","Output":"bench dir: C:\\Users\\RUNNER~1\\AppData\\Local\\Temp\\treedb_livebench_490116227\n"}
2026-10-06T19:38:08.7186943Z {"Time":"2026-10-06T19:38:08.7130767Z","Action":"output","Package":"github.com/snissn/gomap/TreeDB/cmd/vlog_dict_realdata","Test":"TestRunKVBench_WarmupRatioAccounting","Output":"\n"}
2026-10-06T19:38:08.7647736Z {"Time":"2026-10-06T19:38:08.7604117Z","Action":"output","Package":"github.com/snissn/gomap/TreeDB/cmd/vlog_dict_realdata","Test":"TestRunKVBench_WarmupRatioAccounting","Output":"warmup:   raw_bytes=512000 records=2000 elapsed=0.047s raw_MBps=10.816\n"}
2026-10-06T19:38:09.2340663Z {"Time":"2026-10-06T19:38:09.2225114Z","Action":"output","Package":"github.com/snissn/gomap/TreeDB/cmd/vlog_dict_realdata","Test":"TestRunKVBench_WarmupRatioAccounting","Output":"steady:   raw_bytes=4194304 records=16384 elapsed=0.404s raw_MBps=10.378\n"}
2026-10-06T19:38:09.3726262Z {"Time":"2026-10-06T19:38:09.3670004Z","Action":"output","Package":"github.com/snissn/gomap/TreeDB/cmd/vlog_dict_realdata","Test":"TestRunKVBench_WarmupRatioAccounting","Output":"post_steady_checkpoint: elapsed=0.145s\n"}
2026-10-06T19:38:09.3728194Z {"Time":"2026-10-06T19:38:09.3687549Z","Action":"output","Package":"github.com/snissn/gomap/TreeDB/cmd/vlog_dict_realdata","Test":"TestRunKVBench_WarmupRatioAccounting","Output":"vlog_dict: attempted_frac=0.000000 kept_frac=0.000000 current_k=0 dict_id=0\n"}
2026-10-06T19:38:09.3731068Z {"Time":"2026-10-06T19:38:09.3687549Z","Action":"output","Package":"github.com/snissn/gomap/TreeDB/cmd/vlog_dict_realdata","Test":"TestRunKVBench_WarmupRatioAccounting","Output":"vlog_dict_frames: total=2338 attempted=0 kept=0 kept_of_attempted=n/a\n"}
2026-10-06T19:38:09.3732846Z {"Time":"2026-10-06T19:38:09.3687549Z","Action":"output","Package":"github.com/snissn/gomap/TreeDB/cmd/vlog_dict_realdata","Test":"TestRunKVBench_WarmupRatioAccounting","Output":"disk:     value_log_bytes=0 (0.0 MiB) index_bytes=4194304 (4.0 MiB)\n"}
2026-10-06T19:38:09.3735507Z {"Time":"2026-10-06T19:38:09.3687549Z","Action":"output","Package":"github.com/snissn/gomap/TreeDB/cmd/vlog_dict_realdata","Test":"TestRunKVBench_WarmupRatioAccounting","Output":"vlog_ratio: warmup_bytes=0 steady_bytes=0 steady_ratio=0.000000 total_ratio=0.000000\n"}
2026-10-06T19:38:09.3738147Z {"Time":"2026-10-06T19:38:09.3687549Z","Action":"output","Package":"github.com/snissn/gomap/TreeDB/cmd/vlog_dict_realdata","Test":"TestRunKVBench_WarmupRatioAccounting","Output":"headline: steady_raw_MBps=10.378 speedup_vs_off=1.000 attempted_frac=0.000000 kept_frac=0.000000 current_k=0 dict_id=0\n"}
2026-10-06T19:38:09.4048578Z {"Time":"2026-10-06T19:38:09.4009356Z","Action":"output","Package":"github.com/snissn/gomap/TreeDB/cmd/vlog_dict_realdata","Test":"TestRunKVBench_WarmupRatioAccounting","Output":"--- PASS: TestRunKVBench_WarmupRatioAccounting (0.81s)\n"}
2026-10-06T19:38:09.4054065Z {"Time":"2026-10-06T19:38:09.4018454Z","Action":"pass","Package":"github.com/snissn/gomap/TreeDB/cmd/vlog_dict_realdata","Test":"TestRunKVBench_WarmupRatioAccounting","Elapsed":0.81}
2026-10-06T19:38:09.4056462Z {"Time":"2026-10-06T19:38:09.4018454Z","Action":"output","Package":"github.com/snissn/gomap/TreeDB/cmd/vlog_dict_realdata","Output":"PASS\n"}
2026-10-06T19:38:09.4199397Z {"Time":"2026-10-06T19:38:09.4150108Z","Action":"output","Package":"github.com/snissn/gomap/TreeDB/cmd/vlog_dict_realdata","Output":"ok  \tgithub.com/snissn/gomap/TreeDB/cmd/vlog_dict_realdata\t1.316s\n"}
2026-10-06T19:38:09.5125851Z {"Time":"2026-10-06T19:38:09.5038951Z","Action":"pass","Package":"github.com/snissn/gomap/TreeDB/cmd/vlog_dict_realdata","Elapsed":1.404}
2026-10-06T19:38:09.8680037Z {"Time":"2026-10-06T19:38:09.8652292Z","Action":"start","Package":"github.com/snissn/gomap/TreeDB/internal/atomicfile"}
2026-10-06T19:38:09.8988240Z {"Time":"2026-10-06T19:38:09.8840091Z","Action":"run","Package":"github.com/snissn/gomap/TreeDB/internal/atomicfile","Test":"TestWriteClassifiesOnlyPostRenameFailureAsPossiblyCommitted"}
2026-10-06T19:38:09.8991487Z {"Time":"2026-10-06T19:38:09.8840091Z","Action":"output","Package":"github.com/snissn/gomap/TreeDB/internal/atomicfile","Test":"TestWriteClassifiesOnlyPostRenameFailureAsPossiblyCommitted","Output":"=== RUN   TestWriteClassifiesOnlyPostRenameFailureAsPossiblyCommitted\n"}
2026-10-06T19:38:09.8994557Z {"Time":"2026-10-06T19:38:09.8840091Z","Action":"run","Package":"github.com/snissn/gomap/TreeDB/internal/atomicfile","Test":"TestWriteClassifiesOnlyPostRenameFailureAsPossiblyCommitted/create"}
2026-10-06T19:38:09.8997799Z {"Time":"2026-10-06T19:38:09.8840091Z","Action":"output","Package":"github.com/snissn/gomap/TreeDB/internal/atomicfile","Test":"TestWriteClassifiesOnlyPostRenameFailureAsPossiblyCommitted/create","Output":"=== RUN   TestWriteClassifiesOnlyPostRenameFailureAsPossiblyCommitted/create\n"}
2026-10-06T19:38:09.9001795Z {"Time":"2026-10-06T19:38:09.8868712Z","Action":"output","Package":"github.com/snissn/gomap/TreeDB/internal/atomicfile","Test":"TestWriteClassifiesOnlyPostRenameFailureAsPossiblyCommitted/create","Output":"--- PASS: TestWriteClassifiesOnlyPostRenameFailureAsPossiblyCommitted/create (0.00s)\n"}
2026-10-06T19:38:09.9005552Z {"Time":"2026-10-06T19:38:09.8868712Z","Action":"pass","Package":"github.com/snissn/gomap/TreeDB/internal/atomicfile","Test":"TestWriteClassifiesOnlyPostRenameFailureAsPossiblyCommitted/create","Elapsed":0}
2026-10-06T19:38:09.9008688Z {"Time":"2026-10-06T19:38:09.8868712Z","Action":"run","Package":"github.com/snissn/gomap/TreeDB/internal/atomicfile","Test":"TestWriteClassifiesOnlyPostRenameFailureAsPossiblyCommitted/rename"}
2026-10-06T19:38:09.9012217Z {"Time":"2026-10-06T19:38:09.8868712Z","Action":"output","Package":"github.com/snissn/gomap/TreeDB/internal/atomicfile","Test":"TestWriteClassifiesOnlyPostRenameFailureAsPossiblyCommitted/rename","Output":"=== RUN   TestWriteClassifiesOnlyPostRenameFailureAsPossiblyCommitted/rename\n"}
2026-10-06T19:38:09.9016873Z {"Time":"2026-10-06T19:38:09.8970044Z","Action":"output","Package":"github.com/snissn/gomap/TreeDB/internal/atomicfile","Test":"TestWriteClassifiesOnlyPostRenameFailureAsPossiblyCommitted/rename","Output":"--- PASS: TestWriteClassifiesOnlyPostRenameFailureAsPossiblyCommitted/rename (0.01s)\n"}
2026-10-06T19:38:09.9020559Z {"Time":"2026-10-06T19:38:09.8975449Z","Action":"pass","Package":"github.com/snissn/gomap/TreeDB/internal/atomicfile","Test":"TestWriteClassifiesOnlyPostRenameFailureAsPossiblyCommitted/rename","Elapsed":0.01}
2026-10-06T19:38:09.9024667Z {"Time":"2026-10-06T19:38:09.8975449Z","Action":"output","Package":"github.com/snissn/gomap/TreeDB/internal/atomicfile","Test":"TestWriteClassifiesOnlyPostRenameFailureAsPossiblyCommitted","Output":"--- PASS: TestWriteClassifiesOnlyPostRenameFailureAsPossiblyCommitted (0.01s)\n"}
2026-10-06T19:38:09.9028193Z {"Time":"2026-10-06T19:38:09.8975449Z","Action":"pass","Package":"github.com/snissn/gomap/TreeDB/internal/atomicfile","Test":"TestWriteClassifiesOnlyPostRenameFailureAsPossiblyCommitted","Elapsed":0.01}
2026-10-06T19:38:09.9030540Z {"Time":"2026-10-06T19:38:09.8975449Z","Action":"output","Package":"github.com/snissn/gomap/TreeDB/internal/atomicfile","Output":"PASS\n"}
2026-10-06T19:38:09.9143135Z {"Time":"2026-10-06T19:38:09.9002664Z","Action":"output","Package":"github.com/snissn/gomap/TreeDB/internal/atomicfile","Output":"ok  \tgithub.com/snissn/gomap/TreeDB/internal/atomicfile\t0.035s\n"}
2026-10-06T19:38:09.9145558Z {"Time":"2026-10-06T19:38:09.9063411Z","Action":"pass","Package":"github.com/snissn/gomap/TreeDB/internal/atomicfile","Elapsed":0.041}
2026-10-06T19:38:09.9147147Z {"Time":"2026-10-06T19:38:09.9084488Z","Action":"start","Package":"github.com/snissn/gomap/TreeDB/internal/commandwalbarrier"}
2026-10-06T19:38:09.9149414Z {"Time":"2026-10-06T19:38:09.9084488Z","Action":"output","Package":"github.com/snissn/gomap/TreeDB/internal/commandwalbarrier","Output":"?   \tgithub.com/snissn/gomap/TreeDB/internal/commandwalbarrier\t[no test files]\n"}
2026-10-06T19:38:09.9151659Z {"Time":"2026-10-06T19:38:09.9084488Z","Action":"skip","Package":"github.com/snissn/gomap/TreeDB/internal/commandwalbarrier","Elapsed":0}
2026-10-06T19:38:10.3190660Z {"Time":"2026-10-06T19:38:10.3039125Z","Action":"start","Package":"github.com/snissn/gomap/TreeDB/internal/leafrefscan"}
2026-10-06T19:38:10.3342973Z {"Time":"2026-10-06T19:38:10.3261048Z","Action":"run","Package":"github.com/snissn/gomap/TreeDB/internal/leafrefscan","Test":"TestWalk_ZeroRootIsNoOp"}
2026-10-06T19:38:10.3345707Z {"Time":"2026-10-06T19:38:10.3261048Z","Action":"output","Package":"github.com/snissn/gomap/TreeDB/internal/leafrefscan","Test":"TestWalk_ZeroRootIsNoOp","Output":"=== RUN   TestWalk_ZeroRootIsNoOp\n"}
2026-10-06T19:38:10.3348330Z {"Time":"2026-10-06T19:38:10.3261048Z","Action":"output","Package":"github.com/snissn/gomap/TreeDB/internal/leafrefscan","Test":"TestWalk_ZeroRootIsNoOp","Output":"--- PASS: TestWalk_ZeroRootIsNoOp (0.00s)\n"}
2026-10-06T19:38:10.3351038Z {"Time":"2026-10-06T19:38:10.3261048Z","Action":"pass","Package":"github.com/snissn/gomap/TreeDB/internal/leafrefscan","Test":"TestWalk_ZeroRootIsNoOp","Elapsed":0}
2026-10-06T19:38:10.3353200Z {"Time":"2026-10-06T19:38:10.3261048Z","Action":"run","Package":"github.com/snissn/gomap/TreeDB/internal/leafrefscan","Test":"TestWalk_NilGetReturnsError"}
2026-10-06T19:38:10.3355817Z {"Time":"2026-10-06T19:38:10.3261048Z","Action":"output","Package":"github.com/snissn/gomap/TreeDB/internal/leafrefscan","Test":"TestWalk_NilGetReturnsError","Output":"=== RUN   TestWalk_NilGetReturnsError\n"}
2026-10-06T19:38:10.3359082Z {"Time":"2026-10-06T19:38:10.3261048Z","Action":"output","Package":"github.com/snissn/gomap/TreeDB/internal/leafrefscan","Test":"TestWalk_NilGetReturnsError","Output":"--- PASS: TestWalk_NilGetReturnsError (0.00s)\n"}
2026-10-06T19:38:10.3361864Z {"Time":"2026-10-06T19:38:10.3261048Z","Action":"pass","Package":"github.com/snissn/gomap/TreeDB/internal/leafrefscan","Test":"TestWalk_NilGetReturnsError","Elapsed":0}
2026-10-06T19:38:10.3364211Z {"Time":"2026-10-06T19:38:10.3261048Z","Action":"run","Package":"github.com/snissn/gomap/TreeDB/internal/leafrefscan","Test":"TestWalk_NilVisitReturnsError"}
2026-10-06T19:38:10.3366729Z {"Time":"2026-10-06T19:38:10.3261048Z","Action":"output","Package":"github.com/snissn/gomap/TreeDB/internal/leafrefscan","Test":"TestWalk_NilVisitReturnsError","Output":"=== RUN   TestWalk_NilVisitReturnsError\n"}
2026-10-06T19:38:10.3369407Z {"Time":"2026-10-06T19:38:10.3261048Z","Action":"output","Package":"github.com/snissn/gomap/TreeDB/internal/leafrefscan","Test":"TestWalk_NilVisitReturnsError","Output":"--- PASS: TestWalk_NilVisitReturnsError (0.00s)\n"}
2026-10-06T19:38:10.3371816Z {"Time":"2026-10-06T19:38:10.3261048Z","Action":"pass","Package":"github.com/snissn/gomap/TreeDB/internal/leafrefscan","Test":"TestWalk_NilVisitReturnsError","Elapsed":0}
2026-10-06T19:38:10.3374097Z {"Time":"2026-10-06T19:38:10.3261048Z","Action":"run","Package":"github.com/snissn/gomap/TreeDB/internal/leafrefscan","Test":"TestWalk_RootLeafRefVisitsPointer"}
2026-10-06T19:38:10.3376500Z {"Time":"2026-10-06T19:38:10.3261048Z","Action":"output","Package":"github.com/snissn/gomap/TreeDB/internal/leafrefscan","Test":"TestWalk_RootLeafRefVisitsPointer","Output":"=== RUN   TestWalk_RootLeafRefVisitsPointer\n"}
2026-10-06T19:38:10.3379307Z {"Time":"2026-10-06T19:38:10.3261048Z","Action":"output","Package":"github.com/snissn/gomap/TreeDB/internal/leafrefscan","Test":"TestWalk_RootLeafRefVisitsPointer","Output":"--- PASS: TestWalk_RootLeafRefVisitsPointer (0.00s)\n"}
2026-10-06T19:38:10.3382329Z {"Time":"2026-10-06T19:38:10.3261048Z","Action":"pass","Package":"github.com/snissn/gomap/TreeDB/internal/leafrefscan","Test":"TestWalk_RootLeafRefVisitsPointer","Elapsed":0}
2026-10-06T19:38:10.3384409Z {"Time":"2026-10-06T19:38:10.3261048Z","Action":"run","Package":"github.com/snissn/gomap/TreeDB/internal/leafrefscan","Test":"TestWalk_InternalMixedChildrenVisitsOnlyLeafRefs"}
2026-10-06T19:38:10.3387022Z {"Time":"2026-10-06T19:38:10.3261048Z","Action":"output","Package":"github.com/snissn/gomap/TreeDB/internal/leafrefscan","Test":"TestWalk_InternalMixedChildrenVisitsOnlyLeafRefs","Output":"=== RUN   TestWalk_InternalMixedChildrenVisitsOnlyLeafRefs\n"}
2026-10-06T19:38:10.3390183Z {"Time":"2026-10-06T19:38:10.3266868Z","Action":"output","Package":"github.com/snissn/gomap/TreeDB/internal/leafrefscan","Test":"TestWalk_InternalMixedChildrenVisitsOnlyLeafRefs","Output":"--- PASS: TestWalk_InternalMixedChildrenVisitsOnlyLeafRefs (0.00s)\n"}
2026-10-06T19:38:10.3392928Z {"Time":"2026-10-06T19:38:10.3266868Z","Action":"pass","Package":"github.com/snissn/gomap/TreeDB/internal/leafrefscan","Test":"TestWalk_InternalMixedChildrenVisitsOnlyLeafRefs","Elapsed":0}
2026-10-06T19:38:10.3394988Z {"Time":"2026-10-06T19:38:10.3266868Z","Action":"run","Package":"github.com/snissn/gomap/TreeDB/internal/leafrefscan","Test":"TestWalk_InvalidPageTypeReturnsError"}
2026-10-06T19:38:10.3397331Z {"Time":"2026-10-06T19:38:10.3266868Z","Action":"output","Package":"github.com/snissn/gomap/TreeDB/internal/leafrefscan","Test":"TestWalk_InvalidPageTypeReturnsError","Output":"=== RUN   TestWalk_InvalidPageTypeReturnsError\n"}
2026-10-06T19:38:10.3400371Z {"Time":"2026-10-06T19:38:10.3266868Z","Action":"output","Package":"github.com/snissn/gomap/TreeDB/internal/leafrefscan","Test":"TestWalk_InvalidPageTypeReturnsError","Output":"--- PASS: TestWalk_InvalidPageTypeReturnsError (0.00s)\n"}
2026-10-06T19:38:10.3403791Z {"Time":"2026-10-06T19:38:10.3266868Z","Action":"pass","Package":"github.com/snissn/gomap/TreeDB/internal/leafrefscan","Test":"TestWalk_InvalidPageTypeReturnsError","Elapsed":0}
2026-10-06T19:38:10.3405888Z {"Time":"2026-10-06T19:38:10.3266868Z","Action":"run","Package":"github.com/snissn/gomap/TreeDB/internal/leafrefscan","Test":"TestWalkRoots_MultipleRootsDeduplicatesPagerPages"}
2026-10-06T19:38:10.3408534Z {"Time":"2026-10-06T19:38:10.3266868Z","Action":"output","Package":"github.com/snissn/gomap/TreeDB/internal/leafrefscan","Test":"TestWalkRoots_MultipleRootsDeduplicatesPagerPages","Output":"=== RUN   TestWalkRoots_MultipleRootsDeduplicatesPagerPages\n"}
2026-10-06T19:38:10.3411915Z {"Time":"2026-10-06T19:38:10.3266868Z","Action":"output","Package":"github.com/snissn/gomap/TreeDB/internal/leafrefscan","Test":"TestWalkRoots_MultipleRootsDeduplicatesPagerPages","Output":"--- PASS: TestWalkRoots_MultipleRootsDeduplicatesPagerPages (0.00s)\n"}
2026-10-06T19:38:10.3414705Z {"Time":"2026-10-06T19:38:10.3266868Z","Action":"pass","Package":"github.com/snissn/gomap/TreeDB/internal/leafrefscan","Test":"TestWalkRoots_MultipleRootsDeduplicatesPagerPages","Elapsed":0}
2026-10-06T19:38:10.3416615Z {"Time":"2026-10-06T19:38:10.3266868Z","Action":"output","Package":"github.com/snissn/gomap/TreeDB/internal/leafrefscan","Output":"PASS\n"}
2026-10-06T19:38:10.3418550Z {"Time":"2026-10-06T19:38:10.3292724Z","Action":"output","Package":"github.com/snissn/gomap/TreeDB/internal/leafrefscan","Output":"ok  \tgithub.com/snissn/gomap/TreeDB/internal/leafrefscan\t0.025s\n"}
2026-10-06T19:38:10.3420461Z {"Time":"2026-10-06T19:38:10.3336109Z","Action":"pass","Package":"github.com/snissn/gomap/TreeDB/internal/leafrefscan","Elapsed":0.03}
2026-10-06T19:38:11.2740291Z {"Time":"2026-10-06T19:38:11.2705186Z","Action":"start","Package":"github.com/snissn/gomap/TreeDB/internal/outerleaf"}
2026-10-06T19:38:11.3050782Z {"Time":"2026-10-06T19:38:11.2941798Z","Action":"run","Package":"github.com/snissn/gomap/TreeDB/internal/outerleaf","Test":"TestEncodeDecodeSingleRoundTrip"}
2026-10-06T19:38:11.3054942Z {"Time":"2026-10-06T19:38:11.2941798Z","Action":"output","Package":"github.com/snissn/gomap/TreeDB/internal/outerleaf","Test":"TestEncodeDecodeSingleRoundTrip","Output":"=== RUN   TestEncodeDecodeSingleRoundTrip\n"}
2026-10-06T19:38:11.3058572Z {"Time":"2026-10-06T19:38:11.2941798Z","Action":"run","Package":"github.com/snissn/gomap/TreeDB/internal/outerleaf","Test":"TestEncodeDecodeSingleRoundTrip/snappy"}
2026-10-06T19:38:11.3065951Z {"Time":"2026-10-06T19:38:11.2941798Z","Action":"output","Package":"github.com/snissn/gomap/TreeDB/internal/outerleaf","Test":"TestEncodeDecodeSingleRoundTrip/snappy","Output":"=== RUN   TestEncodeDecodeSingleRoundTrip/snappy\n"}
2026-10-06T19:38:11.3072873Z {"Time":"2026-10-06T19:38:11.2946153Z","Action":"output","Package":"github.com/snissn/gomap/TreeDB/internal/outerleaf","Test":"TestEncodeDecodeSingleRoundTrip/snappy","Output":"--- PASS: TestEncodeDecodeSingleRoundTrip/snappy (0.00s)\n"}
2026-10-06T19:38:11.3075551Z {"Time":"2026-10-06T19:38:11.2946153Z","Action":"pass","Package":"github.com/snissn/gomap/TreeDB/internal/outerleaf","Test":"TestEncodeDecodeSingleRoundTrip/snappy","Elapsed":0}
2026-10-06T19:38:11.3078001Z {"Time":"2026-10-06T19:38:11.2946153Z","Action":"run","Package":"github.com/snissn/gomap/TreeDB/internal/outerleaf","Test":"TestEncodeDecodeSingleRoundTrip/lz4"}
2026-10-06T19:38:11.3080463Z {"Time":"2026-10-06T19:38:11.2946153Z","Action":"output","Package":"github.com/snissn/gomap/TreeDB/internal/outerleaf","Test":"TestEncodeDecodeSingleRoundTrip/lz4","Output":"=== RUN   TestEncodeDecodeSingleRoundTrip/lz4\n"}
2026-10-06T19:38:11.3084072Z {"Time":"2026-10-06T19:38:11.2946153Z","Action":"output","Package":"github.com/snissn/gomap/TreeDB/internal/outerleaf","Test":"TestEncodeDecodeSingleRoundTrip/lz4","Output":"--- PASS: TestEncodeDecodeSingleRoundTrip/lz4 (0.00s)\n"}
2026-10-06T19:38:11.3087447Z {"Time":"2026-10-06T19:38:11.2946153Z","Action":"pass","Package":"github.com/snissn/gomap/TreeDB/internal/outerleaf","Test":"TestEncodeDecodeSingleRoundTrip/lz4","Elapsed":0}
2026-10-06T19:38:11.3092027Z {"Time":"2026-10-06T19:38:11.2946153Z","Action":"output","Package":"github.com/snissn/gomap/TreeDB/internal/outerleaf","Test":"TestEncodeDecodeSingleRoundTrip","Output":"--- PASS: TestEncodeDecodeSingleRoundTrip (0.00s)\n"}
2026-10-06T19:38:11.3095212Z {"Time":"2026-10-06T19:38:11.2946153Z","Action":"pass","Package":"github.com/snissn/gomap/TreeDB/internal/outerleaf","Test":"TestEncodeDecodeSingleRoundTrip","Elapsed":0}
2026-10-06T19:38:11.3097222Z {"Time":"2026-10-06T19:38:11.2946153Z","Action":"run","Package":"github.com/snissn/gomap/TreeDB/internal/outerleaf","Test":"TestHasMagic"}
2026-10-06T19:38:11.3098890Z {"Time":"2026-10-06T19:38:11.2946153Z","Action":"output","Package":"github.com/snissn/gomap/TreeDB/internal/outerleaf","Test":"TestHasMagic","Output":"=== RUN   TestHasMagic\n"}
2026-10-06T19:38:11.3100868Z {"Time":"2026-10-06T19:38:11.2946153Z","Action":"output","Package":"github.com/snissn/gomap/TreeDB/internal/outerleaf","Test":"TestHasMagic","Output":"--- PASS: TestHasMagic (0.00s)\n"}
2026-10-06T19:38:11.3102720Z {"Time":"2026-10-06T19:38:11.2946153Z","Action":"pass","Package":"github.com/snissn/gomap/TreeDB/internal/outerleaf","Test":"TestHasMagic","Elapsed":0}
2026-10-06T19:38:11.3105154Z {"Time":"2026-10-06T19:38:11.2946153Z","Action":"run","Package":"github.com/snissn/gomap/TreeDB/internal/outerleaf","Test":"TestEncodeSingleCodecHeaderMapping"}
2026-10-06T19:38:11.3107502Z {"Time":"2026-10-06T19:38:11.2946153Z","Action":"output","Package":"github.com/snissn/gomap/TreeDB/internal/outerleaf","Test":"TestEncodeSingleCodecHeaderMapping","Output":"=== RUN   TestEncodeSingleCodecHeaderMapping\n"}
2026-10-06T19:38:11.3111547Z {"Time":"2026-10-06T19:38:11.2946153Z","Action":"output","Package":"github.com/snissn/gomap/TreeDB/internal/outerleaf","Test":"TestEncodeSingleCodecHeaderMapping","Output":"--- PASS: TestEncodeSingleCodecHeaderMapping (0.00s)\n"}
2026-10-06T19:38:11.3114088Z {"Time":"2026-10-06T19:38:11.2946153Z","Action":"pass","Package":"github.com/snissn/gomap/TreeDB/internal/outerleaf","Test":"TestEncodeSingleCodecHeaderMapping","Elapsed":0}
2026-10-06T19:38:11.3116061Z {"Time":"2026-10-06T19:38:11.2946153Z","Action":"run","Package":"github.com/snissn/gomap/TreeDB/internal/outerleaf","Test":"TestEncodePayloadIncompressibleBypass"}
2026-10-06T19:38:11.3118430Z {"Time":"2026-10-06T19:38:11.2946153Z","Action":"output","Package":"github.com/snissn/gomap/TreeDB/internal/outerleaf","Test":"TestEncodePayloadIncompressibleBypass","Output":"=== RUN   TestEncodePayloadIncompressibleBypass\n"}
2026-10-06T19:38:11.3120730Z {"Time":"2026-10-06T19:38:11.2946153Z","Action":"run","Package":"github.com/snissn/gomap/TreeDB/internal/outerleaf","Test":"TestEncodePayloadIncompressibleBypass/snappy"}
2026-10-06T19:38:11.3123228Z {"Time":"2026-10-06T19:38:11.2946153Z","Action":"output","Package":"github.com/snissn/gomap/TreeDB/internal/outerleaf","Test":"TestEncodePayloadIncompressibleBypass/snappy","Output":"=== RUN   TestEncodePayloadIncompressibleBypass/snappy\n"}
2026-10-06T19:38:11.3126677Z {"Time":"2026-10-06T19:38:11.2946153Z","Action":"output","Package":"github.com/snissn/gomap/TreeDB/internal/outerleaf","Test":"TestEncodePayloadIncompressibleBypass/snappy","Output":"--- PASS: TestEncodePayloadIncompressibleBypass/snappy (0.00s)\n"}
2026-10-06T19:38:11.3129370Z {"Time":"2026-10-06T19:38:11.2951337Z","Action":"pass","Package":"github.com/snissn/gomap/TreeDB/internal/outerleaf","Test":"TestEncodePayloadIncompressibleBypass/snappy","Elapsed":0}
2026-10-06T19:38:11.3131493Z {"Time":"2026-10-06T19:38:11.2951337Z","Action":"run","Package":"github.com/snissn/gomap/TreeDB/internal/outerleaf","Test":"TestEncodePayloadIncompressibleBypass/lz4"}
2026-10-06T19:38:11.3134015Z {"Time":"2026-10-06T19:38:11.2951337Z","Action":"output","Package":"github.com/snissn/gomap/TreeDB/internal/outerleaf","Test":"TestEncodePayloadIncompressibleBypass/lz4","Output":"=== RUN   TestEncodePayloadIncompressibleBypass/lz4\n"}
2026-10-06T19:38:11.3137551Z {"Time":"2026-10-06T19:38:11.2951337Z","Action":"output","Package":"github.com/snissn/gomap/TreeDB/internal/outerleaf","Test":"TestEncodePayloadIncompressibleBypass/lz4","Output":"--- PASS: TestEncodePayloadIncompressibleBypass/lz4 (0.00s)\n"}
2026-10-06T19:38:11.3140154Z {"Time":"2026-10-06T19:38:11.2951337Z","Action":"pass","Package":"github.com/snissn/gomap/TreeDB/internal/outerleaf","Test":"TestEncodePayloadIncompressibleBypass/lz4","Elapsed":0}
2026-10-06T19:38:11.3143998Z {"Time":"2026-10-06T19:38:11.2951337Z","Action":"output","Package":"github.com/snissn/gomap/TreeDB/internal/outerleaf","Test":"TestEncodePayloadIncompressibleBypass","Output":"--- PASS: TestEncodePayloadIncompressibleBypass (0.00s)\n"}
2026-10-06T19:38:11.3147942Z {"Time":"2026-10-06T19:38:11.2951337Z","Action":"pass","Package":"github.com/snissn/gomap/TreeDB/internal/outerleaf","Test":"TestEncodePayloadIncompressibleBypass","Elapsed":0}
2026-10-06T19:38:11.3150609Z {"Time":"2026-10-06T19:38:11.2951337Z","Action":"run","Package":"github.com/snissn/gomap/TreeDB/internal/outerleaf","Test":"TestEncodePayloadCompressibleKeepsCodec"}
2026-10-06T19:38:11.3153495Z {"Time":"2026-10-06T19:38:11.2951337Z","Action":"output","Package":"github.com/snissn/gomap/TreeDB/internal/outerleaf","Test":"TestEncodePayloadCompressibleKeepsCodec","Output":"=== RUN   TestEncodePayloadCompressibleKeepsCodec\n"}
2026-10-06T19:38:11.3156270Z {"Time":"2026-10-06T19:38:11.2951337Z","Action":"run","Package":"github.com/snissn/gomap/TreeDB/internal/outerleaf","Test":"TestEncodePayloadCompressibleKeepsCodec/snappy"}
2026-10-06T19:38:11.3159073Z {"Time":"2026-10-06T19:38:11.2951337Z","Action":"output","Package":"github.com/snissn/gomap/TreeDB/internal/outerleaf","Test":"TestEncodePayloadCompressibleKeepsCodec/snappy","Output":"=== RUN   TestEncodePayloadCompressibleKeepsCodec/snappy\n"}
2026-10-06T19:38:11.3161077Z {"Time":"2026-10-06T19:38:11.2951337Z","Action":"output","Package":"github.com/snissn/gomap/TreeDB/internal/outerleaf","Test":"TestEncodePayloadCompressibleKeepsCodec/snappy","Output":"--- PASS: TestEncodePayloadCompressibleKeepsCodec/snappy (0.00s)\n"}
2026-10-06T19:38:11.3162911Z {"Time":"2026-10-06T19:38:11.2960784Z","Action":"pass","Package":"github.com/snissn/gomap/TreeDB/internal/outerleaf","Test":"TestEncodePayloadCompressibleKeepsCodec/snappy","Elapsed":0}
2026-10-06T19:38:11.3164487Z {"Time":"2026-10-06T19:38:11.2960784Z","Action":"run","Package":"github.com/snissn/gomap/TreeDB/internal/outerleaf","Test":"TestEncodePayloadCompressibleKeepsCodec/lz4"}
2026-10-06T19:38:11.3165949Z {"Time":"2026-10-06T19:38:11.2960784Z","Action":"output","Package":"github.com/snissn/gomap/TreeDB/internal/outerleaf","Test":"TestEncodePayloadCompressibleKeepsCodec/lz4","Output":"=== RUN   TestEncodePayloadCompressibleKeepsCodec/lz4\n"}
2026-10-06T19:38:11.3167880Z {"Time":"2026-10-06T19:38:11.2960784Z","Action":"output","Package":"github.com/snissn/gomap/TreeDB/internal/outerleaf","Test":"TestEncodePayloadCompressibleKeepsCodec/lz4","Output":"--- PASS: TestEncodePayloadCompressibleKeepsCodec/lz4 (0.00s)\n"}
2026-10-06T19:38:11.3169377Z {"Time":"2026-10-06T19:38:11.2960784Z","Action":"pass","Package":"github.com/snissn/gomap/TreeDB/internal/outerleaf","Test":"TestEncodePayloadCompressibleKeepsCodec/lz4","Elapsed":0}
2026-10-06T19:38:11.3170828Z {"Time":"2026-10-06T19:38:11.2960784Z","Action":"output","Package":"github.com/snissn/gomap/TreeDB/internal/outerleaf","Test":"TestEncodePayloadCompressibleKeepsCodec","Output":"--- PASS: TestEncodePayloadCompressibleKeepsCodec (0.00s)\n"}
2026-10-06T19:38:11.3172453Z {"Time":"2026-10-06T19:38:11.2960784Z","Action":"pass","Package":"github.com/snissn/gomap/TreeDB/internal/outerleaf","Test":"TestEncodePayloadCompressibleKeepsCodec","Elapsed":0}
2026-10-06T19:38:11.3174223Z {"Time":"2026-10-06T19:38:11.2960784Z","Action":"run","Package":"github.com/snissn/gomap/TreeDB/internal/outerleaf","Test":"TestEncodePayloadSnappyReusesDstNoAllocs"}
2026-10-06T19:38:11.3178094Z {"Time":"2026-10-06T19:38:11.2960784Z","Action":"output","Package":"github.com/snissn/gomap/TreeDB/internal/outerleaf","Test":"TestEncodePayloadSnappyReusesDstNoAllocs","Output":"=== RUN   TestEncodePayloadSnappyReusesDstNoAllocs\n"}
2026-10-06T19:38:11.3182174Z {"Time":"2026-10-06T19:38:11.298617Z","Action":"output","Package":"github.com/snissn/gomap/TreeDB/internal/outerleaf","Test":"TestEncodePayloadSnappyReusesDstNoAllocs","Output":"--- PASS: TestEncodePayloadSnappyReusesDstNoAllocs (0.00s)\n"}
2026-10-06T19:38:11.3185411Z {"Time":"2026-10-06T19:38:11.298617Z","Action":"pass","Package":"github.com/snissn/gomap/TreeDB/internal/outerleaf","Test":"TestEncodePayloadSnappyReusesDstNoAllocs","Elapsed":0}
2026-10-06T19:38:11.3187947Z {"Time":"2026-10-06T19:38:11.298617Z","Action":"run","Package":"github.com/snissn/gomap/TreeDB/internal/outerleaf","Test":"TestDecodePayloadSnappyPreallocatedDstRoundTrip"}
2026-10-06T19:38:11.3191609Z {"Time":"2026-10-06T19:38:11.298617Z","Action":"output","Package":"github.com/snissn/gomap/TreeDB/internal/outerleaf","Test":"TestDecodePayloadSnappyPreallocatedDstRoundTrip","Output":"=== RUN   TestDecodePayloadSnappyPreallocatedDstRoundTrip\n"}
2026-10-06T19:38:11.3210141Z {"Time":"2026-10-06T19:38:11.298617Z","Action":"output","Package":"github.com/snissn/gomap/TreeDB/internal/outerleaf","Test":"TestDecodePayloadSnappyPreallocatedDstRoundTrip","Output":"--- PASS: TestDecodePayloadSnappyPreallocatedDstRoundTrip (0.00s)\n"}
2026-10-06T19:38:11.3214830Z {"Time":"2026-10-06T19:38:11.298617Z","Action":"pass","Package":"github.com/snissn/gomap/TreeDB/internal/outerleaf","Test":"TestDecodePayloadSnappyPreallocatedDstRoundTrip","Elapsed":0}
2026-10-06T19:38:11.3222301Z {"Time":"2026-10-06T19:38:11.298617Z","Action":"run","Package":"github.com/snissn/gomap/TreeDB/internal/outerleaf","Test":"TestDecodePayloadSnappyPreallocatedDstNoAllocs"}
2026-10-06T19:38:11.3226041Z {"Time":"2026-10-06T19:38:11.298617Z","Action":"output","Package":"github.com/snissn/gomap/TreeDB/internal/outerleaf","Test":"TestDecodePayloadSnappyPreallocatedDstNoAllocs","Output":"=== RUN   TestDecodePayloadSnappyPreallocatedDstNoAllocs\n"}
2026-10-06T19:38:11.3231394Z {"Time":"2026-10-06T19:38:11.3022592Z","Action":"output","Package":"github.com/snissn/gomap/TreeDB/internal/outerleaf","Test":"TestDecodePayloadSnappyPreallocatedDstNoAllocs","Output":"--- PASS: TestDecodePayloadSnappyPreallocatedDstNoAllocs (0.00s)\n"}
2026-10-06T19:38:11.3235026Z {"Time":"2026-10-06T19:38:11.3022592Z","Action":"pass","Package":"github.com/snissn/gomap/TreeDB/internal/outerleaf","Test":"TestDecodePayloadSnappyPreallocatedDstNoAllocs","Elapsed":0}
2026-10-06T19:38:11.3237644Z {"Time":"2026-10-06T19:38:11.3022592Z","Action":"run","Package":"github.com/snissn/gomap/TreeDB/internal/outerleaf","Test":"TestDecodeBlockLeaseRelease"}
2026-10-06T19:38:11.3247512Z {"Time":"2026-10-06T19:38:11.3022592Z","Action":"output","Package":"github.com/snissn/gomap/TreeDB/internal/outerleaf","Test":"TestDecodeBlockLeaseRelease","Output":"=== RUN   TestDecodeBlockLeaseRelease\n"}
2026-10-06T19:38:11.3250365Z {"Time":"2026-10-06T19:38:11.3022592Z","Action":"output","Package":"github.com/snissn/gomap/TreeDB/internal/outerleaf","Test":"TestDecodeBlockLeaseRelease","Output":"--- PASS: TestDecodeBlockLeaseRelease (0.00s)\n"}
2026-10-06T19:38:11.3254497Z {"Time":"2026-10-06T19:38:11.3022592Z","Action":"pass","Package":"github.com/snissn/gomap/TreeDB/internal/outerleaf","Test":"TestDecodeBlockLeaseRelease","Elapsed":0}
2026-10-06T19:38:11.3256894Z {"Time":"2026-10-06T19:38:11.3022592Z","Action":"run","Package":"github.com/snissn/gomap/TreeDB/internal/outerleaf","Test":"TestDecodeBlockLeaseWithScratchAndVerify_TransfersPooledRawToCallerScratch"}
2026-10-06T19:38:11.3260310Z {"Time":"2026-10-06T19:38:11.3022592Z","Action":"output","Package":"github.com/snissn/gomap/TreeDB/internal/outerleaf","Test":"TestDecodeBlockLeaseWithScratchAndVerify_TransfersPooledRawToCallerScratch","Output":"=== RUN   TestDecodeBlockLeaseWithScratchAndVerify_TransfersPooledRawToCallerScratch\n"}
2026-10-06T19:38:11.3266913Z {"Time":"2026-10-06T19:38:11.3022592Z","Action":"output","Package":"github.com/snissn/gomap/TreeDB/internal/outerleaf","Test":"TestDecodeBlockLeaseWithScratchAndVerify_TransfersPooledRawToCallerScratch","Output":"--- PASS: TestDecodeBlockLeaseWithScratchAndVerify_TransfersPooledRawToCallerScratch (0.00s)\n"}
2026-10-06T19:38:11.3271390Z {"Time":"2026-10-06T19:38:11.3022592Z","Action":"pass","Package":"github.com/snissn/gomap/TreeDB/internal/outerleaf","Test":"TestDecodeBlockLeaseWithScratchAndVerify_TransfersPooledRawToCallerScratch","Elapsed":0}
2026-10-06T19:38:11.3276130Z {"Time":"2026-10-06T19:38:11.3022592Z","Action":"run","Package":"github.com/snissn/gomap/TreeDB/internal/outerleaf","Test":"TestDecodedBlockReclaimTransferredScratchForRelease_ZeroLenScratch"}
2026-10-06T19:38:11.3280314Z {"Time":"2026-10-06T19:38:11.3022592Z","Action":"output","Package":"github.com/snissn/gomap/TreeDB/internal/outerleaf","Test":"TestDecodedBlockReclaimTransferredScratchForRelease_ZeroLenScratch","Output":"=== RUN   TestDecodedBlockReclaimTransferredScratchForRelease_ZeroLenScratch\n"}
2026-10-06T19:38:11.3284693Z {"Time":"2026-10-06T19:38:11.3022592Z","Action":"output","Package":"github.com/snissn/gomap/TreeDB/internal/outerleaf","Test":"TestDecodedBlockReclaimTransferredScratchForRelease_ZeroLenScratch","Output":"--- PASS: TestDecodedBlockReclaimTransferredScratchForRelease_ZeroLenScratch (0.00s)\n"}
2026-10-06T19:38:11.3288207Z {"Time":"2026-10-06T19:38:11.3022592Z","Action":"pass","Package":"github.com/snissn/gomap/TreeDB/internal/outerleaf","Test":"TestDecodedBlockReclaimTransferredScratchForRelease_ZeroLenScratch","Elapsed":0}
2026-10-06T19:38:11.3290709Z {"Time":"2026-10-06T19:38:11.3022592Z","Action":"run","Package":"github.com/snissn/gomap/TreeDB/internal/outerleaf","Test":"TestDecodeRestartsFromRawIntoReusesDst"}
2026-10-06T19:38:11.3293297Z {"Time":"2026-10-06T19:38:11.3022592Z","Action":"output","Package":"github.com/snissn/gomap/TreeDB/internal/outerleaf","Test":"TestDecodeRestartsFromRawIntoReusesDst","Output":"=== RUN   TestDecodeRestartsFromRawIntoReusesDst\n"}
2026-10-06T19:38:11.3296398Z {"Time":"2026-10-06T19:38:11.3022592Z","Action":"output","Package":"github.com/snissn/gomap/TreeDB/internal/outerleaf","Test":"TestDecodeRestartsFromRawIntoReusesDst","Output":"--- PASS: TestDecodeRestartsFromRawIntoReusesDst (0.00s)\n"}
2026-10-06T19:38:11.3299358Z {"Time":"2026-10-06T19:38:11.3022592Z","Action":"pass","Package":"github.com/snissn/gomap/TreeDB/internal/outerleaf","Test":"TestDecodeRestartsFromRawIntoReusesDst","Elapsed":0}
2026-10-06T19:38:11.3303035Z {"Time":"2026-10-06T19:38:11.3022592Z","Action":"run","Package":"github.com/snissn/gomap/TreeDB/internal/outerleaf","Test":"TestDecodeV2RestartKeysIntoReusesDst"}
2026-10-06T19:38:11.3305037Z {"Time":"2026-10-06T19:38:11.3022592Z","Action":"output","Package":"github.com/snissn/gomap/TreeDB/internal/outerleaf","Test":"TestDecodeV2RestartKeysIntoReusesDst","Output":"=== RUN   TestDecodeV2RestartKeysIntoReusesDst\n"}
2026-10-06T19:38:11.3308239Z {"Time":"2026-10-06T19:38:11.3022592Z","Action":"output","Package":"github.com/snissn/gomap/TreeDB/internal/outerleaf","Test":"TestDecodeV2RestartKeysIntoReusesDst","Output":"--- PASS: TestDecodeV2RestartKeysIntoReusesDst (0.00s)\n"}
2026-10-06T19:38:11.3310840Z {"Time":"2026-10-06T19:38:11.3022592Z","Action":"pass","Package":"github.com/snissn/gomap/TreeDB/internal/outerleaf","Test":"TestDecodeV2RestartKeysIntoReusesDst","Elapsed":0}
2026-10-06T19:38:11.3313100Z {"Time":"2026-10-06T19:38:11.3022592Z","Action":"run","Package":"github.com/snissn/gomap/TreeDB/internal/outerleaf","Test":"TestRestartDecodeModeForCountBoundaries"}
2026-10-06T19:38:11.3315188Z {"Time":"2026-10-06T19:38:11.3022592Z","Action":"output","Package":"github.com/snissn/gomap/TreeDB/internal/outerleaf","Test":"TestRestartDecodeModeForCountBoundaries","Output":"=== RUN   TestRestartDecodeModeForCountBoundaries\n"}
2026-10-06T19:38:11.3318474Z {"Time":"2026-10-06T19:38:11.3022592Z","Action":"run","Package":"github.com/snissn/gomap/TreeDB/internal/outerleaf","Test":"TestRestartDecodeModeForCountBoundaries/negative"}
2026-10-06T19:38:11.3321535Z {"Time":"2026-10-06T19:38:11.3022592Z","Action":"output","Package":"github.com/snissn/gomap/TreeDB/internal/outerleaf","Test":"TestRestartDecodeModeForCountBoundaries/negative","Output":"=== RUN   TestRestartDecodeModeForCountBoundaries/negative\n"}
2026-10-06T19:38:11.3323737Z {"Time":"2026-10-06T19:38:11.3022592Z","Action":"output","Package":"github.com/snissn/gomap/TreeDB/internal/outerleaf","Test":"TestRestartDecodeModeForCountBoundaries/negative","Output":"--- PASS: TestRestartDecodeModeForCountBoundaries/negative (0.00s)\n"}
2026-10-06T19:38:11.3326635Z {"Time":"2026-10-06T19:38:11.3022592Z","Action":"pass","Package":"github.com/snissn/gomap/TreeDB/internal/outerleaf","Test":"TestRestartDecodeModeForCountBoundaries/negative","Elapsed":0}
2026-10-06T19:38:11.3328956Z {"Time":"2026-10-06T19:38:11.3022592Z","Action":"run","Package":"github.com/snissn/gomap/TreeDB/internal/outerleaf","Test":"TestRestartDecodeModeForCountBoundaries/zero"}
2026-10-06T19:38:11.3332066Z {"Time":"2026-10-06T19:38:11.3022592Z","Action":"output","Package":"github.com/snissn/gomap/TreeDB/internal/outerleaf","Test":"TestRestartDecodeModeForCountBoundaries/zero","Output":"=== RUN   TestRestartDecodeModeForCountBoundaries/zero\n"}
2026-10-06T19:38:11.3335925Z {"Time":"2026-10-06T19:38:11.3022592Z","Action":"output","Package":"github.com/snissn/gomap/TreeDB/internal/outerleaf","Test":"TestRestartDecodeModeForCountBoundaries/zero","Output":"--- PASS: TestRestartDecodeModeForCountBoundaries/zero (0.00s)\n"}
2026-10-06T19:38:11.3339127Z {"Time":"2026-10-06T19:38:11.3022592Z","Action":"pass","Package":"github.com/snissn/gomap/TreeDB/internal/outerleaf","Test":"TestRestartDecodeModeForCountBoundaries/zero","Elapsed":0}
2026-10-06T19:38:11.3342021Z {"Time":"2026-10-06T19:38:11.3022592Z","Action":"run","Package":"github.com/snissn/gomap/TreeDB/internal/outerleaf","Test":"TestRestartDecodeModeForCountBoundaries/stack_cap"}
2026-10-06T19:38:11.3345308Z {"Time":"2026-10-06T19:38:11.3022592Z","Action":"output","Package":"github.com/snissn/gomap/TreeDB/internal/outerleaf","Test":"TestRestartDecodeModeForCountBoundaries/stack_cap","Output":"=== RUN   TestRestartDecodeModeForCountBoundaries/stack_cap\n"}
2026-10-06T19:38:11.3348901Z {"Time":"2026-10-06T19:38:11.3022592Z","Action":"output","Package":"github.com/snissn/gomap/TreeDB/internal/outerleaf","Test":"TestRestartDecodeModeForCountBoundaries/stack_cap","Output":"--- PASS: TestRestartDecodeModeForCountBoundaries/stack_cap (0.00s)\n"}
2026-10-06T19:38:11.3352275Z {"Time":"2026-10-06T19:38:11.3022592Z","Action":"pass","Package":"github.com/snissn/gomap/TreeDB/internal/outerleaf","Test":"TestRestartDecodeModeForCountBoundaries/stack_cap","Elapsed":0}
2026-10-06T19:38:11.3354818Z {"Time":"2026-10-06T19:38:11.3022592Z","Action":"run","Package":"github.com/snissn/gomap/TreeDB/internal/outerleaf","Test":"TestRestartDecodeModeForCountBoundaries/pooled"}
2026-10-06T19:38:11.3357512Z {"Time":"2026-10-06T19:38:11.3022592Z","Action":"output","Package":"github.com/snissn/gomap/TreeDB/internal/outerleaf","Test":"TestRestartDecodeModeForCountBoundaries/pooled","Output":"=== RUN   TestRestartDecodeModeForCountBoundaries/pooled\n"}
2026-10-06T19:38:11.3361013Z {"Time":"2026-10-06T19:38:11.3030418Z","Action":"output","Package":"github.com/snissn/gomap/TreeDB/internal/outerleaf","Test":"TestRestartDecodeModeForCountBoundaries/pooled","Output":"--- PASS: TestRestartDecodeModeForCountBoundaries/pooled (0.00s)\n"}
2026-10-06T19:38:11.3363909Z {"Time":"2026-10-06T19:38:11.3030418Z","Action":"pass","Package":"github.com/snissn/gomap/TreeDB/internal/outerleaf","Test":"TestRestartDecodeModeForCountBoundaries/pooled","Elapsed":0}
2026-10-06T19:38:11.3367553Z {"Time":"2026-10-06T19:38:11.3030418Z","Action":"output","Package":"github.com/snissn/gomap/TreeDB/internal/outerleaf","Test":"TestRestartDecodeModeForCountBoundaries","Output":"--- PASS: TestRestartDecodeModeForCountBoundaries (0.00s)\n"}
2026-10-06T19:38:11.3371092Z {"Time":"2026-10-06T19:38:11.3030418Z","Action":"pass","Package":"github.com/snissn/gomap/TreeDB/internal/outerleaf","Test":"TestRestartDecodeModeForCountBoundaries","Elapsed":0}
2026-10-06T19:38:11.3374363Z {"Time":"2026-10-06T19:38:11.3030418Z","Action":"run","Package":"github.com/snissn/gomap/TreeDB/internal/outerleaf","Test":"TestLookupV2ValueFromRestartRaw_BoundaryMatchesDecodedRestarts"}
2026-10-06T19:38:11.3378354Z {"Time":"2026-10-06T19:38:11.3030418Z","Action":"output","Package":"github.com/snissn/gomap/TreeDB/internal/outerleaf","Test":"TestLookupV2ValueFromRestartRaw_BoundaryMatchesDecodedRestarts","Output":"=== RUN   TestLookupV2ValueFromRestartRaw_BoundaryMatchesDecodedRestarts\n"}
2026-10-06T19:38:11.3381645Z {"Time":"2026-10-06T19:38:11.3030418Z","Action":"run","Package":"github.com/snissn/gomap/TreeDB/internal/outerleaf","Test":"TestLookupV2ValueFromRestartRaw_BoundaryMatchesDecodedRestarts/restart_count_64"}
2026-10-06T19:38:11.3385215Z {"Time":"2026-10-06T19:38:11.3030418Z","Action":"output","Package":"github.com/snissn/gomap/TreeDB/internal/outerleaf","Test":"TestLookupV2ValueFromRestartRaw_BoundaryMatchesDecodedRestarts/restart_count_64","Output":"=== RUN   TestLookupV2ValueFromRestartRaw_BoundaryMatchesDecodedRestarts/restart_count_64\n"}
2026-10-06T19:38:11.3389610Z {"Time":"2026-10-06T19:38:11.3030418Z","Action":"output","Package":"github.com/snissn/gomap/TreeDB/internal/outerleaf","Test":"TestLookupV2ValueFromRestartRaw_BoundaryMatchesDecodedRestarts/restart_count_64","Output":"--- PASS: TestLookupV2ValueFromRestartRaw_BoundaryMatchesDecodedRestarts/restart_count_64 (0.00s)\n"}
2026-10-06T19:38:11.3393281Z {"Time":"2026-10-06T19:38:11.3030418Z","Action":"pass","Package":"github.com/snissn/gomap/TreeDB/internal/outerleaf","Test":"TestLookupV2ValueFromRestartRaw_BoundaryMatchesDecodedRestarts/restart_count_64","Elapsed":0}
2026-10-06T19:38:11.3396392Z {"Time":"2026-10-06T19:38:11.3030418Z","Action":"run","Package":"github.com/snissn/gomap/TreeDB/internal/outerleaf","Test":"TestLookupV2ValueFromRestartRaw_BoundaryMatchesDecodedRestarts/restart_count_65"}
2026-10-06T19:38:11.3400531Z {"Time":"2026-10-06T19:38:11.3030418Z","Action":"output","Package":"github.com/snissn/gomap/TreeDB/internal/outerleaf","Test":"TestLookupV2ValueFromRestartRaw_BoundaryMatchesDecodedRestarts/restart_count_65","Output":"=== RUN   TestLookupV2ValueFromRestartRaw_BoundaryMatchesDecodedRestarts/restart_count_65\n"}
2026-10-06T19:38:11.3404803Z {"Time":"2026-10-06T19:38:11.3030418Z","Action":"output","Package":"github.com/snissn/gomap/TreeDB/internal/outerleaf","Test":"TestLookupV2ValueFromRestartRaw_BoundaryMatchesDecodedRestarts/restart_count_65","Output":"--- PASS: TestLookupV2ValueFromRestartRaw_BoundaryMatchesDecodedRestarts/restart_count_65 (0.00s)\n"}
2026-10-06T19:38:11.3408393Z {"Time":"2026-10-06T19:38:11.3030418Z","Action":"pass","Package":"github.com/snissn/gomap/TreeDB/internal/outerleaf","Test":"TestLookupV2ValueFromRestartRaw_BoundaryMatchesDecodedRestarts/restart_count_65","Elapsed":0}
2026-10-06T19:38:11.3412019Z {"Time":"2026-10-06T19:38:11.3030418Z","Action":"output","Package":"github.com/snissn/gomap/TreeDB/internal/outerleaf","Test":"TestLookupV2ValueFromRestartRaw_BoundaryMatchesDecodedRestarts","Output":"--- PASS: TestLookupV2ValueFromRestartRaw_BoundaryMatchesDecodedRestarts (0.00s)\n"}
2026-10-06T19:38:11.3415879Z {"Time":"2026-10-06T19:38:11.3030418Z","Action":"pass","Package":"github.com/snissn/gomap/TreeDB/internal/outerleaf","Test":"TestLookupV2ValueFromRestartRaw_BoundaryMatchesDecodedRestarts","Elapsed":0}
2026-10-06T19:38:11.3418483Z {"Time":"2026-10-06T19:38:11.3030418Z","Action":"run","Package":"github.com/snissn/gomap/TreeDB/internal/outerleaf","Test":"TestLookupV3EntryFromRestartRaw_BoundaryMatchesDecodedRestarts"}
2026-10-06T19:38:11.3421603Z {"Time":"2026-10-06T19:38:11.3030418Z","Action":"output","Package":"github.com/snissn/gomap/TreeDB/internal/outerleaf","Test":"TestLookupV3EntryFromRestartRaw_BoundaryMatchesDecodedRestarts","Output":"=== RUN   TestLookupV3EntryFromRestartRaw_BoundaryMatchesDecodedRestarts\n"}
2026-10-06T19:38:11.3425106Z {"Time":"2026-10-06T19:38:11.3030418Z","Action":"run","Package":"github.com/snissn/gomap/TreeDB/internal/outerleaf","Test":"TestLookupV3EntryFromRestartRaw_BoundaryMatchesDecodedRestarts/restart_count_64"}
2026-10-06T19:38:11.3428971Z {"Time":"2026-10-06T19:38:11.3030418Z","Action":"output","Package":"github.com/snissn/gomap/TreeDB/internal/outerleaf","Test":"TestLookupV3EntryFromRestartRaw_BoundaryMatchesDecodedRestarts/restart_count_64","Output":"=== RUN   TestLookupV3EntryFromRestartRaw_BoundaryMatchesDecodedRestarts/restart_count_64\n"}
2026-10-06T19:38:11.3433534Z {"Time":"2026-10-06T19:38:11.3030418Z","Action":"output","Package":"github.com/snissn/gomap/TreeDB/internal/outerleaf","Test":"TestLookupV3EntryFromRestartRaw_BoundaryMatchesDecodedRestarts/restart_count_64","Output":"--- PASS: TestLookupV3EntryFromRestartRaw_BoundaryMatchesDecodedRestarts/restart_count_64 (0.00s)\n"}
2026-10-06T19:38:11.3437780Z {"Time":"2026-10-06T19:38:11.3030418Z","Action":"pass","Package":"github.com/snissn/gomap/TreeDB/internal/outerleaf","Test":"TestLookupV3EntryFromRestartRaw_BoundaryMatchesDecodedRestarts/restart_count_64","Elapsed":0}
2026-10-06T19:38:11.3440607Z {"Time":"2026-10-06T19:38:11.3030418Z","Action":"run","Package":"github.com/snissn/gomap/TreeDB/internal/outerleaf","Test":"TestLookupV3EntryFromRestartRaw_BoundaryMatchesDecodedRestarts/restart_count_65"}
2026-10-06T19:38:11.3444122Z {"Time":"2026-10-06T19:38:11.3030418Z","Action":"output","Package":"github.com/snissn/gomap/TreeDB/internal/outerleaf","Test":"TestLookupV3EntryFromRestartRaw_BoundaryMatchesDecodedRestarts/restart_count_65","Output":"=== RUN   TestLookupV3EntryFromRestartRaw_BoundaryMatchesDecodedRestarts/restart_count_65\n"}
2026-10-06T19:38:11.3448455Z {"Time":"2026-10-06T19:38:11.3030418Z","Action":"output","Package":"github.com/snissn/gomap/TreeDB/internal/outerleaf","Test":"TestLookupV3EntryFromRestartRaw_BoundaryMatchesDecodedRestarts/restart_count_65","Output":"--- PASS: TestLookupV3EntryFromRestartRaw_BoundaryMatchesDecodedRestarts/restart_count_65 (0.00s)\n"}
2026-10-06T19:38:11.3452378Z {"Time":"2026-10-06T19:38:11.3030418Z","Action":"pass","Package":"github.com/snissn/gomap/TreeDB/internal/outerleaf","Test":"TestLookupV3EntryFromRestartRaw_BoundaryMatchesDecodedRestarts/restart_count_65","Elapsed":0}
2026-10-06T19:38:11.3456058Z {"Time":"2026-10-06T19:38:11.3030418Z","Action":"output","Package":"github.com/snissn/gomap/TreeDB/internal/outerleaf","Test":"TestLookupV3EntryFromRestartRaw_BoundaryMatchesDecodedRestarts","Output":"--- PASS: TestLookupV3EntryFromRestartRaw_BoundaryMatchesDecodedRestarts (0.00s)\n"}
2026-10-06T19:38:11.3459351Z {"Time":"2026-10-06T19:38:11.3030418Z","Action":"pass","Package":"github.com/snissn/gomap/TreeDB/internal/outerleaf","Test":"TestLookupV3EntryFromRestartRaw_BoundaryMatchesDecodedRestarts","Elapsed":0}
2026-10-06T19:38:11.3462516Z {"Time":"2026-10-06T19:38:11.3030418Z","Action":"run","Package":"github.com/snissn/gomap/TreeDB/internal/outerleaf","Test":"TestLookupFromRestartRaw_RejectsNegativeRestartCount"}
2026-10-06T19:38:11.3465500Z {"Time":"2026-10-06T19:38:11.3030418Z","Action":"output","Package":"github.com/snissn/gomap/TreeDB/internal/outerleaf","Test":"TestLookupFromRestartRaw_RejectsNegativeRestartCount","Output":"=== RUN   TestLookupFromRestartRaw_RejectsNegativeRestartCount\n"}
2026-10-06T19:38:11.3469007Z {"Time":"2026-10-06T19:38:11.3030418Z","Action":"output","Package":"github.com/snissn/gomap/TreeDB/internal/outerleaf","Test":"TestLookupFromRestartRaw_RejectsNegativeRestartCount","Output":"--- PASS: TestLookupFromRestartRaw_RejectsNegativeRestartCount (0.00s)\n"}
2026-10-06T19:38:11.3472241Z {"Time":"2026-10-06T19:38:11.3030418Z","Action":"pass","Package":"github.com/snissn/gomap/TreeDB/internal/outerleaf","Test":"TestLookupFromRestartRaw_RejectsNegativeRestartCount","Elapsed":0}
2026-10-06T19:38:11.3474938Z {"Time":"2026-10-06T19:38:11.3030418Z","Action":"run","Package":"github.com/snissn/gomap/TreeDB/internal/outerleaf","Test":"TestEncodeDecodeEntriesLookup"}
2026-10-06T19:38:11.3477726Z {"Time":"2026-10-06T19:38:11.3030418Z","Action":"output","Package":"github.com/snissn/gomap/TreeDB/internal/outerleaf","Test":"TestEncodeDecodeEntriesLookup","Output":"=== RUN   TestEncodeDecodeEntriesLookup\n"}
2026-10-06T19:38:11.3480290Z {"Time":"2026-10-06T19:38:11.3030418Z","Action":"run","Package":"github.com/snissn/gomap/TreeDB/internal/outerleaf","Test":"TestEncodeDecodeEntriesLookup/snappy"}
2026-10-06T19:38:11.3483130Z {"Time":"2026-10-06T19:38:11.3030418Z","Action":"output","Package":"github.com/snissn/gomap/TreeDB/internal/outerleaf","Test":"TestEncodeDecodeEntriesLookup/snappy","Output":"=== RUN   TestEncodeDecodeEntriesLookup/snappy\n"}
2026-10-06T19:38:11.3486327Z {"Time":"2026-10-06T19:38:11.3030418Z","Action":"output","Package":"github.com/snissn/gomap/TreeDB/internal/outerleaf","Test":"TestEncodeDecodeEntriesLookup/snappy","Output":"--- PASS: TestEncodeDecodeEntriesLookup/snappy (0.00s)\n"}
2026-10-06T19:38:11.3489172Z {"Time":"2026-10-06T19:38:11.3030418Z","Action":"pass","Package":"github.com/snissn/gomap/TreeDB/internal/outerleaf","Test":"TestEncodeDecodeEntriesLookup/snappy","Elapsed":0}
2026-10-06T19:38:11.3491416Z {"Time":"2026-10-06T19:38:11.3030418Z","Action":"run","Package":"github.com/snissn/gomap/TreeDB/internal/outerleaf","Test":"TestEncodeDecodeEntriesLookup/lz4"}
2026-10-06T19:38:11.3493991Z {"Time":"2026-10-06T19:38:11.3030418Z","Action":"output","Package":"github.com/snissn/gomap/TreeDB/internal/outerleaf","Test":"TestEncodeDecodeEntriesLookup/lz4","Output":"=== RUN   TestEncodeDecodeEntriesLookup/lz4\n"}
2026-10-06T19:38:11.3497384Z {"Time":"2026-10-06T19:38:11.3030418Z","Action":"output","Package":"github.com/snissn/gomap/TreeDB/internal/outerleaf","Test":"TestEncodeDecodeEntriesLookup/lz4","Output":"--- PASS: TestEncodeDecodeEntriesLookup/lz4 (0.00s)\n"}
2026-10-06T19:38:11.3500097Z {"Time":"2026-10-06T19:38:11.3030418Z","Action":"pass","Package":"github.com/snissn/gomap/TreeDB/internal/outerleaf","Test":"TestEncodeDecodeEntriesLookup/lz4","Elapsed":0}
2026-10-06T19:38:11.3502767Z {"Time":"2026-10-06T19:38:11.3030418Z","Action":"output","Package":"github.com/snissn/gomap/TreeDB/internal/outerleaf","Test":"TestEncodeDecodeEntriesLookup","Output":"--- PASS: TestEncodeDecodeEntriesLookup (0.00s)\n"}
2026-10-06T19:38:11.3505631Z {"Time":"2026-10-06T19:38:11.3030418Z","Action":"pass","Package":"github.com/snissn/gomap/TreeDB/internal/outerleaf","Test":"TestEncodeDecodeEntriesLookup","Elapsed":0}
2026-10-06T19:38:11.3507963Z {"Time":"2026-10-06T19:38:11.3030418Z","Action":"run","Package":"github.com/snissn/gomap/TreeDB/internal/outerleaf","Test":"TestDecodeValueForEmptyKeyDoesNotMeanFirstEntry"}
2026-10-06T19:38:11.3511244Z {"Time":"2026-10-06T19:38:11.3030418Z","Action":"output","Package":"github.com/snissn/gomap/TreeDB/internal/outerleaf","Test":"TestDecodeValueForEmptyKeyDoesNotMeanFirstEntry","Output":"=== RUN   TestDecodeValueForEmptyKeyDoesNotMeanFirstEntry\n"}
2026-10-06T19:38:11.3514915Z {"Time":"2026-10-06T19:38:11.3030418Z","Action":"output","Package":"github.com/snissn/gomap/TreeDB/internal/outerleaf","Test":"TestDecodeValueForEmptyKeyDoesNotMeanFirstEntry","Output":"--- PASS: TestDecodeValueForEmptyKeyDoesNotMeanFirstEntry (0.00s)\n"}
2026-10-06T19:38:11.3518070Z {"Time":"2026-10-06T19:38:11.3030418Z","Action":"pass","Package":"github.com/snissn/gomap/TreeDB/internal/outerleaf","Test":"TestDecodeValueForEmptyKeyDoesNotMeanFirstEntry","Elapsed":0}
2026-10-06T19:38:11.3520430Z {"Time":"2026-10-06T19:38:11.3036101Z","Action":"run","Package":"github.com/snissn/gomap/TreeDB/internal/outerleaf","Test":"TestDecodeValueForConcreteEmptyKey"}
2026-10-06T19:38:11.3523189Z {"Time":"2026-10-06T19:38:11.3036101Z","Action":"output","Package":"github.com/snissn/gomap/TreeDB/internal/outerleaf","Test":"TestDecodeValueForConcreteEmptyKey","Output":"=== RUN   TestDecodeValueForConcreteEmptyKey\n"}
2026-10-06T19:38:11.3526374Z {"Time":"2026-10-06T19:38:11.3036101Z","Action":"output","Package":"github.com/snissn/gomap/TreeDB/internal/outerleaf","Test":"TestDecodeValueForConcreteEmptyKey","Output":"--- PASS: TestDecodeValueForConcreteEmptyKey (0.00s)\n"}
2026-10-06T19:38:11.3529531Z {"Time":"2026-10-06T19:38:11.3036101Z","Action":"pass","Package":"github.com/snissn/gomap/TreeDB/internal/outerleaf","Test":"TestDecodeValueForConcreteEmptyKey","Elapsed":0}
2026-10-06T19:38:11.3532207Z {"Time":"2026-10-06T19:38:11.3036101Z","Action":"run","Package":"github.com/snissn/gomap/TreeDB/internal/outerleaf","Test":"TestDecodeKeysRangeEmptyUpperBoundIsNotUnbounded"}
2026-10-06T19:38:11.3535430Z {"Time":"2026-10-06T19:38:11.3036101Z","Action":"output","Package":"github.com/snissn/gomap/TreeDB/internal/outerleaf","Test":"TestDecodeKeysRangeEmptyUpperBoundIsNotUnbounded","Output":"=== RUN   TestDecodeKeysRangeEmptyUpperBoundIsNotUnbounded\n"}
2026-10-06T19:38:11.3539142Z {"Time":"2026-10-06T19:38:11.3036101Z","Action":"output","Package":"github.com/snissn/gomap/TreeDB/internal/outerleaf","Test":"TestDecodeKeysRangeEmptyUpperBoundIsNotUnbounded","Output":"--- PASS: TestDecodeKeysRangeEmptyUpperBoundIsNotUnbounded (0.00s)\n"}
2026-10-06T19:38:11.3542354Z {"Time":"2026-10-06T19:38:11.3036101Z","Action":"pass","Package":"github.com/snissn/gomap/TreeDB/internal/outerleaf","Test":"TestDecodeKeysRangeEmptyUpperBoundIsNotUnbounded","Elapsed":0}
2026-10-06T19:38:11.3544801Z {"Time":"2026-10-06T19:38:11.3036101Z","Action":"run","Package":"github.com/snissn/gomap/TreeDB/internal/outerleaf","Test":"TestLowerBoundEmptyTargetIsConcrete"}
2026-10-06T19:38:11.3547521Z {"Time":"2026-10-06T19:38:11.3036101Z","Action":"output","Package":"github.com/snissn/gomap/TreeDB/internal/outerleaf","Test":"TestLowerBoundEmptyTargetIsConcrete","Output":"=== RUN   TestLowerBoundEmptyTargetIsConcrete\n"}
2026-10-06T19:38:11.3551015Z {"Time":"2026-10-06T19:38:11.3036101Z","Action":"output","Package":"github.com/snissn/gomap/TreeDB/internal/outerleaf","Test":"TestLowerBoundEmptyTargetIsConcrete","Output":"--- PASS: TestLowerBoundEmptyTargetIsConcrete (0.00s)\n"}
2026-10-06T19:38:11.3553837Z {"Time":"2026-10-06T19:38:11.3036101Z","Action":"pass","Package":"github.com/snissn/gomap/TreeDB/internal/outerleaf","Test":"TestLowerBoundEmptyTargetIsConcrete","Elapsed":0}
2026-10-06T19:38:11.3556166Z {"Time":"2026-10-06T19:38:11.3036101Z","Action":"run","Package":"github.com/snissn/gomap/TreeDB/internal/outerleaf","Test":"TestEncodeEntriesRequiresIncreasingKeys"}
2026-10-06T19:38:11.3558987Z {"Time":"2026-10-06T19:38:11.3036101Z","Action":"output","Package":"github.com/snissn/gomap/TreeDB/internal/outerleaf","Test":"TestEncodeEntriesRequiresIncreasingKeys","Output":"=== RUN   TestEncodeEntriesRequiresIncreasingKeys\n"}
2026-10-06T19:38:11.3562276Z {"Time":"2026-10-06T19:38:11.3036101Z","Action":"output","Package":"github.com/snissn/gomap/TreeDB/internal/outerleaf","Test":"TestEncodeEntriesRequiresIncreasingKeys","Output":"--- PASS: TestEncodeEntriesRequiresIncreasingKeys (0.00s)\n"}
2026-10-06T19:38:11.3565298Z {"Time":"2026-10-06T19:38:11.3036101Z","Action":"pass","Package":"github.com/snissn/gomap/TreeDB/internal/outerleaf","Test":"TestEncodeEntriesRequiresIncreasingKeys","Elapsed":0}
2026-10-06T19:38:11.3567655Z {"Time":"2026-10-06T19:38:11.3036101Z","Action":"run","Package":"github.com/snissn/gomap/TreeDB/internal/outerleaf","Test":"TestEncoderReuseMatchesStatelessEncode"}
2026-10-06T19:38:11.3570384Z {"Time":"2026-10-06T19:38:11.3036101Z","Action":"output","Package":"github.com/snissn/gomap/TreeDB/internal/outerleaf","Test":"TestEncoderReuseMatchesStatelessEncode","Output":"=== RUN   TestEncoderReuseMatchesStatelessEncode\n"}
2026-10-06T19:38:11.3573655Z {"Time":"2026-10-06T19:38:11.3036101Z","Action":"output","Package":"github.com/snissn/gomap/TreeDB/internal/outerleaf","Test":"TestEncoderReuseMatchesStatelessEncode","Output":"--- PASS: TestEncoderReuseMatchesStatelessEncode (0.00s)\n"}
2026-10-06T19:38:11.3576906Z {"Time":"2026-10-06T19:38:11.3036101Z","Action":"pass","Package":"github.com/snissn/gomap/TreeDB/internal/outerleaf","Test":"TestEncoderReuseMatchesStatelessEncode","Elapsed":0}
2026-10-06T19:38:11.3579460Z {"Time":"2026-10-06T19:38:11.3036101Z","Action":"run","Package":"github.com/snissn/gomap/TreeDB/internal/outerleaf","Test":"TestDecodeNonOuterPayload"}
2026-10-06T19:38:11.3581866Z {"Time":"2026-10-06T19:38:11.3036101Z","Action":"output","Package":"github.com/snissn/gomap/TreeDB/internal/outerleaf","Test":"TestDecodeNonOuterPayload","Output":"=== RUN   TestDecodeNonOuterPayload\n"}
2026-10-06T19:38:11.3584632Z {"Time":"2026-10-06T19:38:11.3036101Z","Action":"output","Package":"github.com/snissn/gomap/TreeDB/internal/outerleaf","Test":"TestDecodeNonOuterPayload","Output":"--- PASS: TestDecodeNonOuterPayload (0.00s)\n"}
2026-10-06T19:38:11.3587440Z {"Time":"2026-10-06T19:38:11.3036101Z","Action":"pass","Package":"github.com/snissn/gomap/TreeDB/internal/outerleaf","Test":"TestDecodeNonOuterPayload","Elapsed":0}
2026-10-06T19:38:11.3589777Z {"Time":"2026-10-06T19:38:11.3065233Z","Action":"run","Package":"github.com/snissn/gomap/TreeDB/internal/outerleaf","Test":"TestDecodePayloadRejectsOversizeRawLen"}
2026-10-06T19:38:11.3592513Z {"Time":"2026-10-06T19:38:11.3065233Z","Action":"output","Package":"github.com/snissn/gomap/TreeDB/internal/outerleaf","Test":"TestDecodePayloadRejectsOversizeRawLen","Output":"=== RUN   TestDecodePayloadRejectsOversizeRawLen\n"}
2026-10-06T19:38:11.3596076Z {"Time":"2026-10-06T19:38:11.3065233Z","Action":"output","Package":"github.com/snissn/gomap/TreeDB/internal/outerleaf","Test":"TestDecodePayloadRejectsOversizeRawLen","Output":"--- PASS: TestDecodePayloadRejectsOversizeRawLen (0.00s)\n"}
2026-10-06T19:38:11.3598929Z {"Time":"2026-10-06T19:38:11.3065233Z","Action":"pass","Package":"github.com/snissn/gomap/TreeDB/internal/outerleaf","Test":"TestDecodePayloadRejectsOversizeRawLen","Elapsed":0}
2026-10-06T19:38:11.3601329Z {"Time":"2026-10-06T19:38:11.3065233Z","Action":"run","Package":"github.com/snissn/gomap/TreeDB/internal/outerleaf","Test":"TestDecodeBlockValueForKey_RestartIndexed"}
2026-10-06T19:38:11.3604126Z {"Time":"2026-10-06T19:38:11.3065233Z","Action":"output","Package":"github.com/snissn/gomap/TreeDB/internal/outerleaf","Test":"TestDecodeBlockValueForKey_RestartIndexed","Output":"=== RUN   TestDecodeBlockValueForKey_RestartIndexed\n"}
2026-10-06T19:38:11.3607384Z {"Time":"2026-10-06T19:38:11.3065233Z","Action":"output","Package":"github.com/snissn/gomap/TreeDB/internal/outerleaf","Test":"TestDecodeBlockValueForKey_RestartIndexed","Output":"--- PASS: TestDecodeBlockValueForKey_RestartIndexed (0.00s)\n"}
2026-10-06T19:38:11.3610255Z {"Time":"2026-10-06T19:38:11.3065233Z","Action":"pass","Package":"github.com/snissn/gomap/TreeDB/internal/outerleaf","Test":"TestDecodeBlockValueForKey_RestartIndexed","Elapsed":0}
2026-10-06T19:38:11.3612479Z {"Time":"2026-10-06T19:38:11.3065233Z","Action":"run","Package":"github.com/snissn/gomap/TreeDB/internal/outerleaf","Test":"TestDecodedBlockLowerBound"}
2026-10-06T19:38:11.3614964Z {"Time":"2026-10-06T19:38:11.3065233Z","Action":"output","Package":"github.com/snissn/gomap/TreeDB/internal/outerleaf","Test":"TestDecodedBlockLowerBound","Output":"=== RUN   TestDecodedBlockLowerBound\n"}
2026-10-06T19:38:11.3618119Z {"Time":"2026-10-06T19:38:11.3065233Z","Action":"output","Package":"github.com/snissn/gomap/TreeDB/internal/outerleaf","Test":"TestDecodedBlockLowerBound","Output":"--- PASS: TestDecodedBlockLowerBound (0.00s)\n"}
2026-10-06T19:38:11.3620705Z {"Time":"2026-10-06T19:38:11.3065233Z","Action":"pass","Package":"github.com/snissn/gomap/TreeDB/internal/outerleaf","Test":"TestDecodedBlockLowerBound","Elapsed":0}
2026-10-06T19:38:11.3623029Z {"Time":"2026-10-06T19:38:11.3065233Z","Action":"run","Package":"github.com/snissn/gomap/TreeDB/internal/outerleaf","Test":"TestDecodeLowerBoundAndKeysOnMatchWithVerify"}
2026-10-06T19:38:11.3625901Z {"Time":"2026-10-06T19:38:11.3065233Z","Action":"output","Package":"github.com/snissn/gomap/TreeDB/internal/outerleaf","Test":"TestDecodeLowerBoundAndKeysOnMatchWithVerify","Output":"=== RUN   TestDecodeLowerBoundAndKeysOnMatchWithVerify\n"}
2026-10-06T19:38:11.3629675Z {"Time":"2026-10-06T19:38:11.3065233Z","Action":"output","Package":"github.com/snissn/gomap/TreeDB/internal/outerleaf","Test":"TestDecodeLowerBoundAndKeysOnMatchWithVerify","Output":"--- PASS: TestDecodeLowerBoundAndKeysOnMatchWithVerify (0.00s)\n"}
2026-10-06T19:38:11.3632694Z {"Time":"2026-10-06T19:38:11.3065233Z","Action":"pass","Package":"github.com/snissn/gomap/TreeDB/internal/outerleaf","Test":"TestDecodeLowerBoundAndKeysOnMatchWithVerify","Elapsed":0}
2026-10-06T19:38:11.3635346Z {"Time":"2026-10-06T19:38:11.3065233Z","Action":"run","Package":"github.com/snissn/gomap/TreeDB/internal/outerleaf","Test":"TestDecodedBlockLowerBound_NoAllocsForSmallKeys"}
2026-10-06T19:38:11.3638547Z {"Time":"2026-10-06T19:38:11.3065233Z","Action":"output","Package":"github.com/snissn/gomap/TreeDB/internal/outerleaf","Test":"TestDecodedBlockLowerBound_NoAllocsForSmallKeys","Output":"=== RUN   TestDecodedBlockLowerBound_NoAllocsForSmallKeys\n"}
2026-10-06T19:38:11.3642102Z {"Time":"2026-10-06T19:38:11.3065233Z","Action":"output","Package":"github.com/snissn/gomap/TreeDB/internal/outerleaf","Test":"TestDecodedBlockLowerBound_NoAllocsForSmallKeys","Output":"--- PASS: TestDecodedBlockLowerBound_NoAllocsForSmallKeys (0.00s)\n"}
2026-10-06T19:38:11.3645110Z {"Time":"2026-10-06T19:38:11.3065233Z","Action":"pass","Package":"github.com/snissn/gomap/TreeDB/internal/outerleaf","Test":"TestDecodedBlockLowerBound_NoAllocsForSmallKeys","Elapsed":0}
2026-10-06T19:38:11.3647595Z {"Time":"2026-10-06T19:38:11.3065233Z","Action":"run","Package":"github.com/snissn/gomap/TreeDB/internal/outerleaf","Test":"TestDecodedBlockLowerBound_LongKeysUseHeapFallback"}
2026-10-06T19:38:11.3650544Z {"Time":"2026-10-06T19:38:11.3065233Z","Action":"output","Package":"github.com/snissn/gomap/TreeDB/internal/outerleaf","Test":"TestDecodedBlockLowerBound_LongKeysUseHeapFallback","Output":"=== RUN   TestDecodedBlockLowerBound_LongKeysUseHeapFallback\n"}
2026-10-06T19:38:11.3654205Z {"Time":"2026-10-06T19:38:11.3094646Z","Action":"output","Package":"github.com/snissn/gomap/TreeDB/internal/outerleaf","Test":"TestDecodedBlockLowerBound_LongKeysUseHeapFallback","Output":"--- PASS: TestDecodedBlockLowerBound_LongKeysUseHeapFallback (0.00s)\n"}
2026-10-06T19:38:11.3657591Z {"Time":"2026-10-06T19:38:11.3094646Z","Action":"pass","Package":"github.com/snissn/gomap/TreeDB/internal/outerleaf","Test":"TestDecodedBlockLowerBound_LongKeysUseHeapFallback","Elapsed":0}
2026-10-06T19:38:11.3659954Z {"Time":"2026-10-06T19:38:11.3094646Z","Action":"run","Package":"github.com/snissn/gomap/TreeDB/internal/outerleaf","Test":"TestDecodeKeysRangeWithVerify"}
2026-10-06T19:38:11.3662453Z {"Time":"2026-10-06T19:38:11.3094646Z","Action":"output","Package":"github.com/snissn/gomap/TreeDB/internal/outerleaf","Test":"TestDecodeKeysRangeWithVerify","Output":"=== RUN   TestDecodeKeysRangeWithVerify\n"}
2026-10-06T19:38:11.3665917Z {"Time":"2026-10-06T19:38:11.3094646Z","Action":"output","Package":"github.com/snissn/gomap/TreeDB/internal/outerleaf","Test":"TestDecodeKeysRangeWithVerify","Output":"--- PASS: TestDecodeKeysRangeWithVerify (0.00s)\n"}
2026-10-06T19:38:11.3668763Z {"Time":"2026-10-06T19:38:11.3094646Z","Action":"pass","Package":"github.com/snissn/gomap/TreeDB/internal/outerleaf","Test":"TestDecodeKeysRangeWithVerify","Elapsed":0}
2026-10-06T19:38:11.3671849Z {"Time":"2026-10-06T19:38:11.3094646Z","Action":"run","Package":"github.com/snissn/gomap/TreeDB/internal/outerleaf","Test":"TestDecodeKeysRangeLeaseWithVerify"}
2026-10-06T19:38:11.3673913Z {"Time":"2026-10-06T19:38:11.3094646Z","Action":"output","Package":"github.com/snissn/gomap/TreeDB/internal/outerleaf","Test":"TestDecodeKeysRangeLeaseWithVerify","Output":"=== RUN   TestDecodeKeysRangeLeaseWithVerify\n"}
2026-10-06T19:38:11.3676199Z {"Time":"2026-10-06T19:38:11.3094646Z","Action":"output","Package":"github.com/snissn/gomap/TreeDB/internal/outerleaf","Test":"TestDecodeKeysRangeLeaseWithVerify","Output":"--- PASS: TestDecodeKeysRangeLeaseWithVerify (0.00s)\n"}
2026-10-06T19:38:11.3678392Z {"Time":"2026-10-06T19:38:11.3094646Z","Action":"pass","Package":"github.com/snissn/gomap/TreeDB/internal/outerleaf","Test":"TestDecodeKeysRangeLeaseWithVerify","Elapsed":0}
2026-10-06T19:38:11.3679967Z {"Time":"2026-10-06T19:38:11.3094646Z","Action":"run","Package":"github.com/snissn/gomap/TreeDB/internal/outerleaf","Test":"TestDecodeLowerBoundAndKeysOnMatchLeaseWithVerify"}
2026-10-06T19:38:11.3682233Z {"Time":"2026-10-06T19:38:11.3094646Z","Action":"output","Package":"github.com/snissn/gomap/TreeDB/internal/outerleaf","Test":"TestDecodeLowerBoundAndKeysOnMatchLeaseWithVerify","Output":"=== RUN   TestDecodeLowerBoundAndKeysOnMatchLeaseWithVerify\n"}
2026-10-06T19:38:11.3684745Z {"Time":"2026-10-06T19:38:11.3094646Z","Action":"output","Package":"github.com/snissn/gomap/TreeDB/internal/outerleaf","Test":"TestDecodeLowerBoundAndKeysOnMatchLeaseWithVerify","Output":"--- PASS: TestDecodeLowerBoundAndKeysOnMatchLeaseWithVerify (0.00s)\n"}
2026-10-06T19:38:11.3687051Z {"Time":"2026-10-06T19:38:11.3094646Z","Action":"pass","Package":"github.com/snissn/gomap/TreeDB/internal/outerleaf","Test":"TestDecodeLowerBoundAndKeysOnMatchLeaseWithVerify","Elapsed":0}
2026-10-06T19:38:11.3688717Z {"Time":"2026-10-06T19:38:11.3094646Z","Action":"run","Package":"github.com/snissn/gomap/TreeDB/internal/outerleaf","Test":"TestDecodeKeysRangeLeaseWithVerify_V3AndUpperBoundEarlyExit"}
2026-10-06T19:38:11.3692266Z {"Time":"2026-10-06T19:38:11.3094646Z","Action":"output","Package":"github.com/snissn/gomap/TreeDB/internal/outerleaf","Test":"TestDecodeKeysRangeLeaseWithVerify_V3AndUpperBoundEarlyExit","Output":"=== RUN   TestDecodeKeysRangeLeaseWithVerify_V3AndUpperBoundEarlyExit\n"}
2026-10-06T19:38:11.3694847Z {"Time":"2026-10-06T19:38:11.3094646Z","Action":"output","Package":"github.com/snissn/gomap/TreeDB/internal/outerleaf","Test":"TestDecodeKeysRangeLeaseWithVerify_V3AndUpperBoundEarlyExit","Output":"--- PASS: TestDecodeKeysRangeLeaseWithVerify_V3AndUpperBoundEarlyExit (0.00s)\n"}
2026-10-06T19:38:11.3697133Z {"Time":"2026-10-06T19:38:11.3094646Z","Action":"pass","Package":"github.com/snissn/gomap/TreeDB/internal/outerleaf","Test":"TestDecodeKeysRangeLeaseWithVerify_V3AndUpperBoundEarlyExit","Elapsed":0}
2026-10-06T19:38:11.3699894Z {"Time":"2026-10-06T19:38:11.3094646Z","Action":"run","Package":"github.com/snissn/gomap/TreeDB/internal/outerleaf","Test":"TestDecodeLowerBoundAndKeysOnMatchLeaseWithVerify_V3"}
2026-10-06T19:38:11.3701854Z {"Time":"2026-10-06T19:38:11.3094646Z","Action":"output","Package":"github.com/snissn/gomap/TreeDB/internal/outerleaf","Test":"TestDecodeLowerBoundAndKeysOnMatchLeaseWithVerify_V3","Output":"=== RUN   TestDecodeLowerBoundAndKeysOnMatchLeaseWithVerify_V3\n"}
2026-10-06T19:38:11.3704504Z {"Time":"2026-10-06T19:38:11.3094646Z","Action":"output","Package":"github.com/snissn/gomap/TreeDB/internal/outerleaf","Test":"TestDecodeLowerBoundAndKeysOnMatchLeaseWithVerify_V3","Output":"--- PASS: TestDecodeLowerBoundAndKeysOnMatchLeaseWithVerify_V3 (0.00s)\n"}
2026-10-06T19:38:11.3706516Z {"Time":"2026-10-06T19:38:11.3094646Z","Action":"pass","Package":"github.com/snissn/gomap/TreeDB/internal/outerleaf","Test":"TestDecodeLowerBoundAndKeysOnMatchLeaseWithVerify_V3","Elapsed":0}
2026-10-06T19:38:11.3708057Z {"Time":"2026-10-06T19:38:11.3094646Z","Action":"run","Package":"github.com/snissn/gomap/TreeDB/internal/outerleaf","Test":"TestOuterLeafPoolCapsBounded"}
2026-10-06T19:38:11.3709869Z {"Time":"2026-10-06T19:38:11.3094646Z","Action":"output","Package":"github.com/snissn/gomap/TreeDB/internal/outerleaf","Test":"TestOuterLeafPoolCapsBounded","Output":"=== RUN   TestOuterLeafPoolCapsBounded\n"}
2026-10-06T19:38:11.3711772Z {"Time":"2026-10-06T19:38:11.3094646Z","Action":"output","Package":"github.com/snissn/gomap/TreeDB/internal/outerleaf","Test":"TestOuterLeafPoolCapsBounded","Output":"--- PASS: TestOuterLeafPoolCapsBounded (0.00s)\n"}
2026-10-06T19:38:11.3713394Z {"Time":"2026-10-06T19:38:11.3094646Z","Action":"pass","Package":"github.com/snissn/gomap/TreeDB/internal/outerleaf","Test":"TestOuterLeafPoolCapsBounded","Elapsed":0}
2026-10-06T19:38:11.3715608Z {"Time":"2026-10-06T19:38:11.3094646Z","Action":"run","Package":"github.com/snissn/gomap/TreeDB/internal/outerleaf","Test":"TestGetPooledLeaseKeys_RequeuesUndersizedBuffer"}
2026-10-06T19:38:11.3717418Z {"Time":"2026-10-06T19:38:11.3094646Z","Action":"output","Package":"github.com/snissn/gomap/TreeDB/internal/outerleaf","Test":"TestGetPooledLeaseKeys_RequeuesUndersizedBuffer","Output":"=== RUN   TestGetPooledLeaseKeys_RequeuesUndersizedBuffer\n"}
2026-10-06T19:38:11.3720150Z {"Time":"2026-10-06T19:38:11.3094646Z","Action":"output","Package":"github.com/snissn/gomap/TreeDB/internal/outerleaf","Test":"TestGetPooledLeaseKeys_RequeuesUndersizedBuffer","Output":"--- PASS: TestGetPooledLeaseKeys_RequeuesUndersizedBuffer (0.00s)\n"}
2026-10-06T19:38:11.3722137Z {"Time":"2026-10-06T19:38:11.3094646Z","Action":"pass","Package":"github.com/snissn/gomap/TreeDB/internal/outerleaf","Test":"TestGetPooledLeaseKeys_RequeuesUndersizedBuffer","Elapsed":0}
2026-10-06T19:38:11.3723614Z {"Time":"2026-10-06T19:38:11.3094646Z","Action":"run","Package":"github.com/snissn/gomap/TreeDB/internal/outerleaf","Test":"TestGetPooledLeaseArena_RequeuesUndersizedArena"}
2026-10-06T19:38:11.3725824Z {"Time":"2026-10-06T19:38:11.3094646Z","Action":"output","Package":"github.com/snissn/gomap/TreeDB/internal/outerleaf","Test":"TestGetPooledLeaseArena_RequeuesUndersizedArena","Output":"=== RUN   TestGetPooledLeaseArena_RequeuesUndersizedArena\n"}
2026-10-06T19:38:11.3727875Z {"Time":"2026-10-06T19:38:11.3094646Z","Action":"output","Package":"github.com/snissn/gomap/TreeDB/internal/outerleaf","Test":"TestGetPooledLeaseArena_RequeuesUndersizedArena","Output":"--- PASS: TestGetPooledLeaseArena_RequeuesUndersizedArena (0.00s)\n"}
2026-10-06T19:38:11.3729785Z {"Time":"2026-10-06T19:38:11.3094646Z","Action":"pass","Package":"github.com/snissn/gomap/TreeDB/internal/outerleaf","Test":"TestGetPooledLeaseArena_RequeuesUndersizedArena","Elapsed":0}
2026-10-06T19:38:11.3731581Z {"Time":"2026-10-06T19:38:11.3094646Z","Action":"run","Package":"github.com/snissn/gomap/TreeDB/internal/outerleaf","Test":"TestGetPooledLeaseKeys_WarmReuseAndClearsBuffer"}
2026-10-06T19:38:11.3733453Z {"Time":"2026-10-06T19:38:11.3094646Z","Action":"output","Package":"github.com/snissn/gomap/TreeDB/internal/outerleaf","Test":"TestGetPooledLeaseKeys_WarmReuseAndClearsBuffer","Output":"=== RUN   TestGetPooledLeaseKeys_WarmReuseAndClearsBuffer\n"}
2026-10-06T19:38:11.3736095Z {"Time":"2026-10-06T19:38:11.3094646Z","Action":"output","Package":"github.com/snissn/gomap/TreeDB/internal/outerleaf","Test":"TestGetPooledLeaseKeys_WarmReuseAndClearsBuffer","Output":"--- PASS: TestGetPooledLeaseKeys_WarmReuseAndClearsBuffer (0.00s)\n"}
2026-10-06T19:38:11.3738130Z {"Time":"2026-10-06T19:38:11.3094646Z","Action":"pass","Package":"github.com/snissn/gomap/TreeDB/internal/outerleaf","Test":"TestGetPooledLeaseKeys_WarmReuseAndClearsBuffer","Elapsed":0}
2026-10-06T19:38:11.3739639Z {"Time":"2026-10-06T19:38:11.3094646Z","Action":"run","Package":"github.com/snissn/gomap/TreeDB/internal/outerleaf","Test":"TestGetPooledLeaseArena_WarmReuse"}
2026-10-06T19:38:11.3741624Z {"Time":"2026-10-06T19:38:11.3094646Z","Action":"output","Package":"github.com/snissn/gomap/TreeDB/internal/outerleaf","Test":"TestGetPooledLeaseArena_WarmReuse","Output":"=== RUN   TestGetPooledLeaseArena_WarmReuse\n"}
2026-10-06T19:38:11.3743504Z {"Time":"2026-10-06T19:38:11.3094646Z","Action":"output","Package":"github.com/snissn/gomap/TreeDB/internal/outerleaf","Test":"TestGetPooledLeaseArena_WarmReuse","Output":"--- PASS: TestGetPooledLeaseArena_WarmReuse (0.00s)\n"}
2026-10-06T19:38:11.3745281Z {"Time":"2026-10-06T19:38:11.3094646Z","Action":"pass","Package":"github.com/snissn/gomap/TreeDB/internal/outerleaf","Test":"TestGetPooledLeaseArena_WarmReuse","Elapsed":0}
2026-10-06T19:38:11.3746966Z {"Time":"2026-10-06T19:38:11.3094646Z","Action":"run","Package":"github.com/snissn/gomap/TreeDB/internal/outerleaf","Test":"TestDecodedBlockKeysRange"}
2026-10-06T19:38:11.3748722Z {"Time":"2026-10-06T19:38:11.3094646Z","Action":"output","Package":"github.com/snissn/gomap/TreeDB/internal/outerleaf","Test":"TestDecodedBlockKeysRange","Output":"=== RUN   TestDecodedBlockKeysRange\n"}
2026-10-06T19:38:11.3750520Z {"Time":"2026-10-06T19:38:11.3094646Z","Action":"output","Package":"github.com/snissn/gomap/TreeDB/internal/outerleaf","Test":"TestDecodedBlockKeysRange","Output":"--- PASS: TestDecodedBlockKeysRange (0.00s)\n"}
2026-10-06T19:38:11.3752407Z {"Time":"2026-10-06T19:38:11.3094646Z","Action":"pass","Package":"github.com/snissn/gomap/TreeDB/internal/outerleaf","Test":"TestDecodedBlockKeysRange","Elapsed":0}
2026-10-06T19:38:11.3753843Z {"Time":"2026-10-06T19:38:11.3094646Z","Action":"run","Package":"github.com/snissn/gomap/TreeDB/internal/outerleaf","Test":"TestDecodedBlockKeysRangeLease"}
2026-10-06T19:38:11.3755932Z {"Time":"2026-10-06T19:38:11.3094646Z","Action":"output","Package":"github.com/snissn/gomap/TreeDB/internal/outerleaf","Test":"TestDecodedBlockKeysRangeLease","Output":"=== RUN   TestDecodedBlockKeysRangeLease\n"}
2026-10-06T19:38:11.3758399Z {"Time":"2026-10-06T19:38:11.3094646Z","Action":"output","Package":"github.com/snissn/gomap/TreeDB/internal/outerleaf","Test":"TestDecodedBlockKeysRangeLease","Output":"--- PASS: TestDecodedBlockKeysRangeLease (0.00s)\n"}
2026-10-06T19:38:11.3760184Z {"Time":"2026-10-06T19:38:11.3094646Z","Action":"pass","Package":"github.com/snissn/gomap/TreeDB/internal/outerleaf","Test":"TestDecodedBlockKeysRangeLease","Elapsed":0}
2026-10-06T19:38:11.3761470Z {"Time":"2026-10-06T19:38:11.3094646Z","Action":"run","Package":"github.com/snissn/gomap/TreeDB/internal/outerleaf","Test":"TestDecodedBlockEntries"}
2026-10-06T19:38:11.3763687Z {"Time":"2026-10-06T19:38:11.3094646Z","Action":"output","Package":"github.com/snissn/gomap/TreeDB/internal/outerleaf","Test":"TestDecodedBlockEntries","Output":"=== RUN   TestDecodedBlockEntries\n"}
2026-10-06T19:38:11.3765484Z {"Time":"2026-10-06T19:38:11.3094646Z","Action":"output","Package":"github.com/snissn/gomap/TreeDB/internal/outerleaf","Test":"TestDecodedBlockEntries","Output":"--- PASS: TestDecodedBlockEntries (0.00s)\n"}
2026-10-06T19:38:11.3767128Z {"Time":"2026-10-06T19:38:11.3094646Z","Action":"pass","Package":"github.com/snissn/gomap/TreeDB/internal/outerleaf","Test":"TestDecodedBlockEntries","Elapsed":0}
2026-10-06T19:38:11.3769131Z {"Time":"2026-10-06T19:38:11.3094646Z","Action":"run","Package":"github.com/snissn/gomap/TreeDB/internal/outerleaf","Test":"TestEncodeDecodeTypedEntriesV3InlineRoundTrip"}
2026-10-06T19:38:11.3771107Z {"Time":"2026-10-06T19:38:11.3094646Z","Action":"output","Package":"github.com/snissn/gomap/TreeDB/internal/outerleaf","Test":"TestEncodeDecodeTypedEntriesV3InlineRoundTrip","Output":"=== RUN   TestEncodeDecodeTypedEntriesV3InlineRoundTrip\n"}
2026-10-06T19:38:11.3773335Z {"Time":"2026-10-06T19:38:11.3094646Z","Action":"output","Package":"github.com/snissn/gomap/TreeDB/internal/outerleaf","Test":"TestEncodeDecodeTypedEntriesV3InlineRoundTrip","Output":"--- PASS: TestEncodeDecodeTypedEntriesV3InlineRoundTrip (0.00s)\n"}
2026-10-06T19:38:11.3776253Z {"Time":"2026-10-06T19:38:11.3094646Z","Action":"pass","Package":"github.com/snissn/gomap/TreeDB/internal/outerleaf","Test":"TestEncodeDecodeTypedEntriesV3InlineRoundTrip","Elapsed":0}
2026-10-06T19:38:11.3777752Z {"Time":"2026-10-06T19:38:11.3094646Z","Action":"run","Package":"github.com/snissn/gomap/TreeDB/internal/outerleaf","Test":"TestEncodeDecodeTypedEntriesV3BlobRefRoundTrip"}
2026-10-06T19:38:11.3779751Z {"Time":"2026-10-06T19:38:11.3094646Z","Action":"output","Package":"github.com/snissn/gomap/TreeDB/internal/outerleaf","Test":"TestEncodeDecodeTypedEntriesV3BlobRefRoundTrip","Output":"=== RUN   TestEncodeDecodeTypedEntriesV3BlobRefRoundTrip\n"}
2026-10-06T19:38:11.3782110Z {"Time":"2026-10-06T19:38:11.3094646Z","Action":"output","Package":"github.com/snissn/gomap/TreeDB/internal/outerleaf","Test":"TestEncodeDecodeTypedEntriesV3BlobRefRoundTrip","Output":"--- PASS: TestEncodeDecodeTypedEntriesV3BlobRefRoundTrip (0.00s)\n"}
2026-10-06T19:38:11.3784255Z {"Time":"2026-10-06T19:38:11.3094646Z","Action":"pass","Package":"github.com/snissn/gomap/TreeDB/internal/outerleaf","Test":"TestEncodeDecodeTypedEntriesV3BlobRefRoundTrip","Elapsed":0}
2026-10-06T19:38:11.3786114Z {"Time":"2026-10-06T19:38:11.3094646Z","Action":"run","Package":"github.com/snissn/gomap/TreeDB/internal/outerleaf","Test":"TestEncodeDecodeTypedEntriesV3MixedLookup"}
2026-10-06T19:38:11.3787893Z {"Time":"2026-10-06T19:38:11.3094646Z","Action":"output","Package":"github.com/snissn/gomap/TreeDB/internal/outerleaf","Test":"TestEncodeDecodeTypedEntriesV3MixedLookup","Output":"=== RUN   TestEncodeDecodeTypedEntriesV3MixedLookup\n"}
2026-10-06T19:38:11.3790044Z {"Time":"2026-10-06T19:38:11.3094646Z","Action":"output","Package":"github.com/snissn/gomap/TreeDB/internal/outerleaf","Test":"TestEncodeDecodeTypedEntriesV3MixedLookup","Output":"--- PASS: TestEncodeDecodeTypedEntriesV3MixedLookup (0.00s)\n"}
2026-10-06T19:38:11.3792298Z {"Time":"2026-10-06T19:38:11.3094646Z","Action":"pass","Package":"github.com/snissn/gomap/TreeDB/internal/outerleaf","Test":"TestEncodeDecodeTypedEntriesV3MixedLookup","Elapsed":0}
2026-10-06T19:38:11.3793785Z {"Time":"2026-10-06T19:38:11.3094646Z","Action":"run","Package":"github.com/snissn/gomap/TreeDB/internal/outerleaf","Test":"TestEmptyKeyLookupIsExactNotFirstSentinel"}
2026-10-06T19:38:11.3795420Z {"Time":"2026-10-06T19:38:11.3094646Z","Action":"output","Package":"github.com/snissn/gomap/TreeDB/internal/outerleaf","Test":"TestEmptyKeyLookupIsExactNotFirstSentinel","Output":"=== RUN   TestEmptyKeyLookupIsExactNotFirstSentinel\n"}
2026-10-06T19:38:11.3797996Z {"Time":"2026-10-06T19:38:11.3094646Z","Action":"run","Package":"github.com/snissn/gomap/TreeDB/internal/outerleaf","Test":"TestEmptyKeyLookupIsExactNotFirstSentinel/v1-single-non-empty"}
2026-10-06T19:38:11.3800142Z {"Time":"2026-10-06T19:38:11.3094646Z","Action":"output","Package":"github.com/snissn/gomap/TreeDB/internal/outerleaf","Test":"TestEmptyKeyLookupIsExactNotFirstSentinel/v1-single-non-empty","Output":"=== RUN   TestEmptyKeyLookupIsExactNotFirstSentinel/v1-single-non-empty\n"}
2026-10-06T19:38:11.3803054Z {"Time":"2026-10-06T19:38:11.3094646Z","Action":"output","Package":"github.com/snissn/gomap/TreeDB/internal/outerleaf","Test":"TestEmptyKeyLookupIsExactNotFirstSentinel/v1-single-non-empty","Output":"--- PASS: TestEmptyKeyLookupIsExactNotFirstSentinel/v1-single-non-empty (0.00s)\n"}
2026-10-06T19:38:11.3805444Z {"Time":"2026-10-06T19:38:11.3094646Z","Action":"pass","Package":"github.com/snissn/gomap/TreeDB/internal/outerleaf","Test":"TestEmptyKeyLookupIsExactNotFirstSentinel/v1-single-non-empty","Elapsed":0}
2026-10-06T19:38:11.3807994Z {"Time":"2026-10-06T19:38:11.3103343Z","Action":"run","Package":"github.com/snissn/gomap/TreeDB/internal/outerleaf","Test":"TestEmptyKeyLookupIsExactNotFirstSentinel/v2-non-empty-first"}
2026-10-06T19:38:11.3810189Z {"Time":"2026-10-06T19:38:11.3103343Z","Action":"output","Package":"github.com/snissn/gomap/TreeDB/internal/outerleaf","Test":"TestEmptyKeyLookupIsExactNotFirstSentinel/v2-non-empty-first","Output":"=== RUN   TestEmptyKeyLookupIsExactNotFirstSentinel/v2-non-empty-first\n"}
2026-10-06T19:38:11.3813266Z {"Time":"2026-10-06T19:38:11.3103343Z","Action":"output","Package":"github.com/snissn/gomap/TreeDB/internal/outerleaf","Test":"TestEmptyKeyLookupIsExactNotFirstSentinel/v2-non-empty-first","Output":"--- PASS: TestEmptyKeyLookupIsExactNotFirstSentinel/v2-non-empty-first (0.00s)\n"}
2026-10-06T19:38:11.3815565Z {"Time":"2026-10-06T19:38:11.3103343Z","Action":"pass","Package":"github.com/snissn/gomap/TreeDB/internal/outerleaf","Test":"TestEmptyKeyLookupIsExactNotFirstSentinel/v2-non-empty-first","Elapsed":0}
2026-10-06T19:38:11.3817321Z {"Time":"2026-10-06T19:38:11.3103343Z","Action":"run","Package":"github.com/snissn/gomap/TreeDB/internal/outerleaf","Test":"TestEmptyKeyLookupIsExactNotFirstSentinel/v3-non-empty-first"}
2026-10-06T19:38:11.3821162Z {"Time":"2026-10-06T19:38:11.3103343Z","Action":"output","Package":"github.com/snissn/gomap/TreeDB/internal/outerleaf","Test":"TestEmptyKeyLookupIsExactNotFirstSentinel/v3-non-empty-first","Output":"=== RUN   TestEmptyKeyLookupIsExactNotFirstSentinel/v3-non-empty-first\n"}
2026-10-06T19:38:11.3826796Z {"Time":"2026-10-06T19:38:11.3103343Z","Action":"output","Package":"github.com/snissn/gomap/TreeDB/internal/outerleaf","Test":"TestEmptyKeyLookupIsExactNotFirstSentinel/v3-non-empty-first","Output":"--- PASS: TestEmptyKeyLookupIsExactNotFirstSentinel/v3-non-empty-first (0.00s)\n"}
2026-10-06T19:38:11.3830402Z {"Time":"2026-10-06T19:38:11.3103343Z","Action":"pass","Package":"github.com/snissn/gomap/TreeDB/internal/outerleaf","Test":"TestEmptyKeyLookupIsExactNotFirstSentinel/v3-non-empty-first","Elapsed":0}
2026-10-06T19:38:11.3833577Z {"Time":"2026-10-06T19:38:11.3103343Z","Action":"output","Package":"github.com/snissn/gomap/TreeDB/internal/outerleaf","Test":"TestEmptyKeyLookupIsExactNotFirstSentinel","Output":"--- PASS: TestEmptyKeyLookupIsExactNotFirstSentinel (0.00s)\n"}
2026-10-06T19:38:11.3836526Z {"Time":"2026-10-06T19:38:11.3103343Z","Action":"pass","Package":"github.com/snissn/gomap/TreeDB/internal/outerleaf","Test":"TestEmptyKeyLookupIsExactNotFirstSentinel","Elapsed":0}
2026-10-06T19:38:11.3838931Z {"Time":"2026-10-06T19:38:11.3103343Z","Action":"run","Package":"github.com/snissn/gomap/TreeDB/internal/outerleaf","Test":"TestEmptyKeyLookupFindsConcreteEmptyFirstKey"}
2026-10-06T19:38:11.3841830Z {"Time":"2026-10-06T19:38:11.3103343Z","Action":"output","Package":"github.com/snissn/gomap/TreeDB/internal/outerleaf","Test":"TestEmptyKeyLookupFindsConcreteEmptyFirstKey","Output":"=== RUN   TestEmptyKeyLookupFindsConcreteEmptyFirstKey\n"}
2026-10-06T19:38:11.3845399Z {"Time":"2026-10-06T19:38:11.3103343Z","Action":"output","Package":"github.com/snissn/gomap/TreeDB/internal/outerleaf","Test":"TestEmptyKeyLookupFindsConcreteEmptyFirstKey","Output":"--- PASS: TestEmptyKeyLookupFindsConcreteEmptyFirstKey (0.00s)\n"}
2026-10-06T19:38:11.3848769Z {"Time":"2026-10-06T19:38:11.3103343Z","Action":"pass","Package":"github.com/snissn/gomap/TreeDB/internal/outerleaf","Test":"TestEmptyKeyLookupFindsConcreteEmptyFirstKey","Elapsed":0}
2026-10-06T19:38:11.3850966Z {"Time":"2026-10-06T19:38:11.3103343Z","Action":"output","Package":"github.com/snissn/gomap/TreeDB/internal/outerleaf","Output":"PASS\n"}
2026-10-06T19:38:11.3853153Z {"Time":"2026-10-06T19:38:11.3132044Z","Action":"output","Package":"github.com/snissn/gomap/TreeDB/internal/outerleaf","Output":"ok  \tgithub.com/snissn/gomap/TreeDB/internal/outerleaf\t0.043s\n"}
2026-10-06T19:38:11.3855314Z {"Time":"2026-10-06T19:38:11.3177493Z","Action":"pass","Package":"github.com/snissn/gomap/TreeDB/internal/outerleaf","Elapsed":0.047}
2026-10-06T19:38:11.9463589Z {"Time":"2026-10-06T19:38:11.944377Z","Action":"start","Package":"github.com/snissn/gomap/TreeDB/internal/skiplist"}
2026-10-06T19:38:11.9750668Z {"Time":"2026-10-06T19:38:11.9656697Z","Action":"run","Package":"github.com/snissn/gomap/TreeDB/internal/skiplist","Test":"TestSkipList_BasicCRUD"}
2026-10-06T19:38:11.9752115Z {"Time":"2026-10-06T19:38:11.9656697Z","Action":"output","Package":"github.com/snissn/gomap/TreeDB/internal/skiplist","Test":"TestSkipList_BasicCRUD","Output":"=== RUN   TestSkipList_BasicCRUD\n"}
2026-10-06T19:38:11.9754279Z {"Time":"2026-10-06T19:38:11.9673884Z","Action":"output","Package":"github.com/snissn/gomap/TreeDB/internal/skiplist","Test":"TestSkipList_BasicCRUD","Output":"--- PASS: TestSkipList_BasicCRUD (0.00s)\n"}
2026-10-06T19:38:11.9756769Z {"Time":"2026-10-06T19:38:11.9673884Z","Action":"pass","Package":"github.com/snissn/gomap/TreeDB/internal/skiplist","Test":"TestSkipList_BasicCRUD","Elapsed":0}
2026-10-06T19:38:11.9758916Z {"Time":"2026-10-06T19:38:11.9673884Z","Action":"run","Package":"github.com/snissn/gomap/TreeDB/internal/skiplist","Test":"TestSkipList_ChunkCrossing"}
2026-10-06T19:38:11.9783699Z {"Time":"2026-10-06T19:38:11.9673884Z","Action":"output","Package":"github.com/snissn/gomap/TreeDB/internal/skiplist","Test":"TestSkipList_ChunkCrossing","Output":"=== RUN   TestSkipList_ChunkCrossing\n"}
2026-10-06T19:38:11.9904722Z {"Time":"2026-10-06T19:38:11.9752345Z","Action":"output","Package":"github.com/snissn/gomap/TreeDB/internal/skiplist","Test":"TestSkipList_ChunkCrossing","Output":"--- PASS: TestSkipList_ChunkCrossing (0.01s)\n"}
2026-10-06T19:38:11.9907297Z {"Time":"2026-10-06T19:38:11.9752345Z","Action":"pass","Package":"github.com/snissn/gomap/TreeDB/internal/skiplist","Test":"TestSkipList_ChunkCrossing","Elapsed":0.01}
2026-10-06T19:38:11.9909390Z {"Time":"2026-10-06T19:38:11.9752345Z","Action":"run","Package":"github.com/snissn/gomap/TreeDB/internal/skiplist","Test":"TestSkipList_HugeAllocations"}
2026-10-06T19:38:11.9911999Z {"Time":"2026-10-06T19:38:11.9752345Z","Action":"output","Package":"github.com/snissn/gomap/TreeDB/internal/skiplist","Test":"TestSkipList_HugeAllocations","Output":"=== RUN   TestSkipList_HugeAllocations\n"}
2026-10-06T19:38:11.9914694Z {"Time":"2026-10-06T19:38:11.9775877Z","Action":"output","Package":"github.com/snissn/gomap/TreeDB/internal/skiplist","Test":"TestSkipList_HugeAllocations","Output":"--- PASS: TestSkipList_HugeAllocations (0.00s)\n"}
2026-10-06T19:38:11.9917111Z {"Time":"2026-10-06T19:38:11.9775877Z","Action":"pass","Package":"github.com/snissn/gomap/TreeDB/internal/skiplist","Test":"TestSkipList_HugeAllocations","Elapsed":0}
2026-10-06T19:38:11.9918845Z {"Time":"2026-10-06T19:38:11.9775877Z","Action":"run","Package":"github.com/snissn/gomap/TreeDB/internal/skiplist","Test":"TestSkipList_ResetReuse"}
2026-10-06T19:38:11.9920120Z {"Time":"2026-10-06T19:38:11.9775877Z","Action":"output","Package":"github.com/snissn/gomap/TreeDB/internal/skiplist","Test":"TestSkipList_ResetReuse","Output":"=== RUN   TestSkipList_ResetReuse\n"}
2026-10-06T19:38:11.9921783Z {"Time":"2026-10-06T19:38:11.9781059Z","Action":"output","Package":"github.com/snissn/gomap/TreeDB/internal/skiplist","Test":"TestSkipList_ResetReuse","Output":"--- PASS: TestSkipList_ResetReuse (0.00s)\n"}
2026-10-06T19:38:11.9923295Z {"Time":"2026-10-06T19:38:11.9781059Z","Action":"pass","Package":"github.com/snissn/gomap/TreeDB/internal/skiplist","Test":"TestSkipList_ResetReuse","Elapsed":0}
2026-10-06T19:38:11.9925272Z {"Time":"2026-10-06T19:38:11.9781059Z","Action":"run","Package":"github.com/snissn/gomap/TreeDB/internal/skiplist","Test":"TestSkipList_Iterator"}
2026-10-06T19:38:11.9927546Z {"Time":"2026-10-06T19:38:11.9781059Z","Action":"output","Package":"github.com/snissn/gomap/TreeDB/internal/skiplist","Test":"TestSkipList_Iterator","Output":"=== RUN   TestSkipList_Iterator\n"}
2026-10-06T19:38:11.9930026Z {"Time":"2026-10-06T19:38:11.9787127Z","Action":"output","Package":"github.com/snissn/gomap/TreeDB/internal/skiplist","Test":"TestSkipList_Iterator","Output":"--- PASS: TestSkipList_Iterator (0.00s)\n"}
2026-10-06T19:38:11.9931629Z {"Time":"2026-10-06T19:38:11.9787127Z","Action":"pass","Package":"github.com/snissn/gomap/TreeDB/internal/skiplist","Test":"TestSkipList_Iterator","Elapsed":0}
2026-10-06T19:38:11.9933583Z {"Time":"2026-10-06T19:38:11.9787127Z","Action":"run","Package":"github.com/snissn/gomap/TreeDB/internal/skiplist","Test":"TestSkipList_ReverseIteratorBounds"}
2026-10-06T19:38:11.9935841Z {"Time":"2026-10-06T19:38:11.9787127Z","Action":"output","Package":"github.com/snissn/gomap/TreeDB/internal/skiplist","Test":"TestSkipList_ReverseIteratorBounds","Output":"=== RUN   TestSkipList_ReverseIteratorBounds\n"}
2026-10-06T19:38:11.9938850Z {"Time":"2026-10-06T19:38:11.9792621Z","Action":"output","Package":"github.com/snissn/gomap/TreeDB/internal/skiplist","Test":"TestSkipList_ReverseIteratorBounds","Output":"--- PASS: TestSkipList_ReverseIteratorBounds (0.00s)\n"}
2026-10-06T19:38:11.9941058Z {"Time":"2026-10-06T19:38:11.9792621Z","Action":"pass","Package":"github.com/snissn/gomap/TreeDB/internal/skiplist","Test":"TestSkipList_ReverseIteratorBounds","Elapsed":0}
2026-10-06T19:38:11.9942527Z {"Time":"2026-10-06T19:38:11.9792621Z","Action":"run","Package":"github.com/snissn/gomap/TreeDB/internal/skiplist","Test":"TestSkipList_ReverseIteratorInvalidStateAccessors"}
2026-10-06T19:38:11.9944268Z {"Time":"2026-10-06T19:38:11.9792621Z","Action":"output","Package":"github.com/snissn/gomap/TreeDB/internal/skiplist","Test":"TestSkipList_ReverseIteratorInvalidStateAccessors","Output":"=== RUN   TestSkipList_ReverseIteratorInvalidStateAccessors\n"}
2026-10-06T19:38:11.9946770Z {"Time":"2026-10-06T19:38:11.9798733Z","Action":"output","Package":"github.com/snissn/gomap/TreeDB/internal/skiplist","Test":"TestSkipList_ReverseIteratorInvalidStateAccessors","Output":"--- PASS: TestSkipList_ReverseIteratorInvalidStateAccessors (0.00s)\n"}
2026-10-06T19:38:11.9948873Z {"Time":"2026-10-06T19:38:11.9798733Z","Action":"pass","Package":"github.com/snissn/gomap/TreeDB/internal/skiplist","Test":"TestSkipList_ReverseIteratorInvalidStateAccessors","Elapsed":0}
2026-10-06T19:38:11.9950362Z {"Time":"2026-10-06T19:38:11.9804564Z","Action":"run","Package":"github.com/snissn/gomap/TreeDB/internal/skiplist","Test":"TestSkipList_RandomStress"}
2026-10-06T19:38:11.9952456Z {"Time":"2026-10-06T19:38:11.9804564Z","Action":"output","Package":"github.com/snissn/gomap/TreeDB/internal/skiplist","Test":"TestSkipList_RandomStress","Output":"=== RUN   TestSkipList_RandomStress\n"}
2026-10-06T19:38:12.0064052Z {"Time":"2026-10-06T19:38:11.992339Z","Action":"output","Package":"github.com/snissn/gomap/TreeDB/internal/skiplist","Test":"TestSkipList_RandomStress","Output":"--- PASS: TestSkipList_RandomStress (0.01s)\n"}
2026-10-06T19:38:12.0067006Z {"Time":"2026-10-06T19:38:11.992339Z","Action":"pass","Package":"github.com/snissn/gomap/TreeDB/internal/skiplist","Test":"TestSkipList_RandomStress","Elapsed":0.01}
2026-10-06T19:38:12.0069007Z {"Time":"2026-10-06T19:38:11.992339Z","Action":"output","Package":"github.com/snissn/gomap/TreeDB/internal/skiplist","Output":"PASS\n"}
2026-10-06T19:38:12.0071188Z {"Time":"2026-10-06T19:38:11.9959685Z","Action":"output","Package":"github.com/snissn/gomap/TreeDB/internal/skiplist","Output":"ok  \tgithub.com/snissn/gomap/TreeDB/internal/skiplist\t0.052s\n"}
2026-10-06T19:38:12.0073220Z {"Time":"2026-10-06T19:38:12.0017604Z","Action":"pass","Package":"github.com/snissn/gomap/TreeDB/internal/skiplist","Elapsed":0.057}
2026-10-06T19:38:12.6316268Z {"Time":"2026-10-06T19:38:12.6269643Z","Action":"start","Package":"github.com/snissn/gomap/TreeDB/internal/typedkernel"}
2026-10-06T19:38:12.6625185Z {"Time":"2026-10-06T19:38:12.6505124Z","Action":"run","Package":"github.com/snissn/gomap/TreeDB/internal/typedkernel","Test":"TestDictionaryCodePredicateHelpersSelectionParity"}
2026-10-06T19:38:12.6629932Z {"Time":"2026-10-06T19:38:12.6505124Z","Action":"output","Package":"github.com/snissn/gomap/TreeDB/internal/typedkernel","Test":"TestDictionaryCodePredicateHelpersSelectionParity","Output":"=== RUN   TestDictionaryCodePredicateHelpersSelectionParity\n"}
2026-10-06T19:38:12.6635270Z {"Time":"2026-10-06T19:38:12.6505124Z","Action":"run","Package":"github.com/snissn/gomap/TreeDB/internal/typedkernel","Test":"TestDictionaryCodePredicateHelpersSelectionParity/sparse/eq"}
2026-10-06T19:38:12.6640938Z {"Time":"2026-10-06T19:38:12.6505124Z","Action":"output","Package":"github.com/snissn/gomap/TreeDB/internal/typedkernel","Test":"TestDictionaryCodePredicateHelpersSelectionParity/sparse/eq","Output":"=== RUN   TestDictionaryCodePredicateHelpersSelectionParity/sparse/eq\n"}
2026-10-06T19:38:12.6646365Z {"Time":"2026-10-06T19:38:12.6510713Z","Action":"output","Package":"github.com/snissn/gomap/TreeDB/internal/typedkernel","Test":"TestDictionaryCodePredicateHelpersSelectionParity/sparse/eq","Output":"--- PASS: TestDictionaryCodePredicateHelpersSelectionParity/sparse/eq (0.00s)\n"}
2026-10-06T19:38:12.6651560Z {"Time":"2026-10-06T19:38:12.6510713Z","Action":"pass","Package":"github.com/snissn/gomap/TreeDB/internal/typedkernel","Test":"TestDictionaryCodePredicateHelpersSelectionParity/sparse/eq","Elapsed":0}
2026-10-06T19:38:12.6653995Z {"Time":"2026-10-06T19:38:12.6510713Z","Action":"run","Package":"github.com/snissn/gomap/TreeDB/internal/typedkernel","Test":"TestDictionaryCodePredicateHelpersSelectionParity/sparse/in"}
2026-10-06T19:38:12.6657086Z {"Time":"2026-10-06T19:38:12.6510713Z","Action":"output","Package":"github.com/snissn/gomap/TreeDB/internal/typedkernel","Test":"TestDictionaryCodePredicateHelpersSelectionParity/sparse/in","Output":"=== RUN   TestDictionaryCodePredicateHelpersSelectionParity/sparse/in\n"}
2026-10-06T19:38:12.6660645Z {"Time":"2026-10-06T19:38:12.6510713Z","Action":"output","Package":"github.com/snissn/gomap/TreeDB/internal/typedkernel","Test":"TestDictionaryCodePredicateHelpersSelectionParity/sparse/in","Output":"--- PASS: TestDictionaryCodePredicateHelpersSelectionParity/sparse/in (0.00s)\n"}
2026-10-06T19:38:12.6663920Z {"Time":"2026-10-06T19:38:12.6510713Z","Action":"pass","Package":"github.com/snissn/gomap/TreeDB/internal/typedkernel","Test":"TestDictionaryCodePredicateHelpersSelectionParity/sparse/in","Elapsed":0}
2026-10-06T19:38:12.6666280Z {"Time":"2026-10-06T19:38:12.6510713Z","Action":"run","Package":"github.com/snissn/gomap/TreeDB/internal/typedkernel","Test":"TestDictionaryCodePredicateHelpersSelectionParity/all/eq"}
2026-10-06T19:38:12.6669457Z {"Time":"2026-10-06T19:38:12.6510713Z","Action":"output","Package":"github.com/snissn/gomap/TreeDB/internal/typedkernel","Test":"TestDictionaryCodePredicateHelpersSelectionParity/all/eq","Output":"=== RUN   TestDictionaryCodePredicateHelpersSelectionParity/all/eq\n"}
2026-10-06T19:38:12.6672996Z {"Time":"2026-10-06T19:38:12.6510713Z","Action":"output","Package":"github.com/snissn/gomap/TreeDB/internal/typedkernel","Test":"TestDictionaryCodePredicateHelpersSelectionParity/all/eq","Output":"--- PASS: TestDictionaryCodePredicateHelpersSelectionParity/all/eq (0.00s)\n"}
2026-10-06T19:38:12.6676109Z {"Time":"2026-10-06T19:38:12.6510713Z","Action":"pass","Package":"github.com/snissn/gomap/TreeDB/internal/typedkernel","Test":"TestDictionaryCodePredicateHelpersSelectionParity/all/eq","Elapsed":0}
2026-10-06T19:38:12.6678604Z {"Time":"2026-10-06T19:38:12.6510713Z","Action":"run","Package":"github.com/snissn/gomap/TreeDB/internal/typedkernel","Test":"TestDictionaryCodePredicateHelpersSelectionParity/all/in"}
2026-10-06T19:38:12.6681667Z {"Time":"2026-10-06T19:38:12.6510713Z","Action":"output","Package":"github.com/snissn/gomap/TreeDB/internal/typedkernel","Test":"TestDictionaryCodePredicateHelpersSelectionParity/all/in","Output":"=== RUN   TestDictionaryCodePredicateHelpersSelectionParity/all/in\n"}
2026-10-06T19:38:12.6685381Z {"Time":"2026-10-06T19:38:12.6510713Z","Action":"output","Package":"github.com/snissn/gomap/TreeDB/internal/typedkernel","Test":"TestDictionaryCodePredicateHelpersSelectionParity/all/in","Output":"--- PASS: TestDictionaryCodePredicateHelpersSelectionParity/all/in (0.00s)\n"}
2026-10-06T19:38:12.6688871Z {"Time":"2026-10-06T19:38:12.6510713Z","Action":"pass","Package":"github.com/snissn/gomap/TreeDB/internal/typedkernel","Test":"TestDictionaryCodePredicateHelpersSelectionParity/all/in","Elapsed":0}
2026-10-06T19:38:12.6691376Z {"Time":"2026-10-06T19:38:12.6510713Z","Action":"run","Package":"github.com/snissn/gomap/TreeDB/internal/typedkernel","Test":"TestDictionaryCodePredicateHelpersSelectionParity/empty/eq"}
2026-10-06T19:38:12.6694482Z {"Time":"2026-10-06T19:38:12.6510713Z","Action":"output","Package":"github.com/snissn/gomap/TreeDB/internal/typedkernel","Test":"TestDictionaryCodePredicateHelpersSelectionParity/empty/eq","Output":"=== RUN   TestDictionaryCodePredicateHelpersSelectionParity/empty/eq\n"}
2026-10-06T19:38:12.6698284Z {"Time":"2026-10-06T19:38:12.6510713Z","Action":"output","Package":"github.com/snissn/gomap/TreeDB/internal/typedkernel","Test":"TestDictionaryCodePredicateHelpersSelectionParity/empty/eq","Output":"--- PASS: TestDictionaryCodePredicateHelpersSelectionParity/empty/eq (0.00s)\n"}
2026-10-06T19:38:12.6701568Z {"Time":"2026-10-06T19:38:12.6510713Z","Action":"pass","Package":"github.com/snissn/gomap/TreeDB/internal/typedkernel","Test":"TestDictionaryCodePredicateHelpersSelectionParity/empty/eq","Elapsed":0}
2026-10-06T19:38:12.6704348Z {"Time":"2026-10-06T19:38:12.6510713Z","Action":"run","Package":"github.com/snissn/gomap/TreeDB/internal/typedkernel","Test":"TestDictionaryCodePredicateHelpersSelectionParity/empty/in"}
2026-10-06T19:38:12.6707419Z {"Time":"2026-10-06T19:38:12.6510713Z","Action":"output","Package":"github.com/snissn/gomap/TreeDB/internal/typedkernel","Test":"TestDictionaryCodePredicateHelpersSelectionParity/empty/in","Output":"=== RUN   TestDictionaryCodePredicateHelpersSelectionParity/empty/in\n"}
2026-10-06T19:38:12.6712503Z {"Time":"2026-10-06T19:38:12.6510713Z","Action":"output","Package":"github.com/snissn/gomap/TreeDB/internal/typedkernel","Test":"TestDictionaryCodePredicateHelpersSelectionParity/empty/in","Output":"--- PASS: TestDictionaryCodePredicateHelpersSelectionParity/empty/in (0.00s)\n"}
2026-10-06T19:38:12.6715685Z {"Time":"2026-10-06T19:38:12.6510713Z","Action":"pass","Package":"github.com/snissn/gomap/TreeDB/internal/typedkernel","Test":"TestDictionaryCodePredicateHelpersSelectionParity/empty/in","Elapsed":0}
2026-10-06T19:38:12.6718166Z {"Time":"2026-10-06T19:38:12.6510713Z","Action":"run","Package":"github.com/snissn/gomap/TreeDB/internal/typedkernel","Test":"TestDictionaryCodePredicateHelpersSelectionParity/range/eq"}
2026-10-06T19:38:12.6721327Z {"Time":"2026-10-06T19:38:12.6510713Z","Action":"output","Package":"github.com/snissn/gomap/TreeDB/internal/typedkernel","Test":"TestDictionaryCodePredicateHelpersSelectionParity/range/eq","Output":"=== RUN   TestDictionaryCodePredicateHelpersSelectionParity/range/eq\n"}
2026-10-06T19:38:12.6725143Z {"Time":"2026-10-06T19:38:12.6510713Z","Action":"output","Package":"github.com/snissn/gomap/TreeDB/internal/typedkernel","Test":"TestDictionaryCodePredicateHelpersSelectionParity/range/eq","Output":"--- PASS: TestDictionaryCodePredicateHelpersSelectionParity/range/eq (0.00s)\n"}
2026-10-06T19:38:12.6728310Z {"Time":"2026-10-06T19:38:12.6510713Z","Action":"pass","Package":"github.com/snissn/gomap/TreeDB/internal/typedkernel","Test":"TestDictionaryCodePredicateHelpersSelectionParity/range/eq","Elapsed":0}
2026-10-06T19:38:12.6730852Z {"Time":"2026-10-06T19:38:12.6516229Z","Action":"run","Package":"github.com/snissn/gomap/TreeDB/internal/typedkernel","Test":"TestDictionaryCodePredicateHelpersSelectionParity/range/in"}
2026-10-06T19:38:12.6733636Z {"Time":"2026-10-06T19:38:12.6516229Z","Action":"output","Package":"github.com/snissn/gomap/TreeDB/internal/typedkernel","Test":"TestDictionaryCodePredicateHelpersSelectionParity/range/in","Output":"=== RUN   TestDictionaryCodePredicateHelpersSelectionParity/range/in\n"}
2026-10-06T19:38:12.6735666Z {"Time":"2026-10-06T19:38:12.6516229Z","Action":"output","Package":"github.com/snissn/gomap/TreeDB/internal/typedkernel","Test":"TestDictionaryCodePredicateHelpersSelectionParity/range/in","Output":"--- PASS: TestDictionaryCodePredicateHelpersSelectionParity/range/in (0.00s)\n"}
2026-10-06T19:38:12.6737365Z {"Time":"2026-10-06T19:38:12.6516229Z","Action":"pass","Package":"github.com/snissn/gomap/TreeDB/internal/typedkernel","Test":"TestDictionaryCodePredicateHelpersSelectionParity/range/in","Elapsed":0}
2026-10-06T19:38:12.6738710Z {"Time":"2026-10-06T19:38:12.6516229Z","Action":"run","Package":"github.com/snissn/gomap/TreeDB/internal/typedkernel","Test":"TestDictionaryCodePredicateHelpersSelectionParity/ranges/eq"}
2026-10-06T19:38:12.6740320Z {"Time":"2026-10-06T19:38:12.6516229Z","Action":"output","Package":"github.com/snissn/gomap/TreeDB/internal/typedkernel","Test":"TestDictionaryCodePredicateHelpersSelectionParity/ranges/eq","Output":"=== RUN   TestDictionaryCodePredicateHelpersSelectionParity/ranges/eq\n"}
2026-10-06T19:38:12.6742281Z {"Time":"2026-10-06T19:38:12.6516229Z","Action":"output","Package":"github.com/snissn/gomap/TreeDB/internal/typedkernel","Test":"TestDictionaryCodePredicateHelpersSelectionParity/ranges/eq","Output":"--- PASS: TestDictionaryCodePredicateHelpersSelectionParity/ranges/eq (0.00s)\n"}
2026-10-06T19:38:12.6743968Z {"Time":"2026-10-06T19:38:12.6516229Z","Action":"pass","Package":"github.com/snissn/gomap/TreeDB/internal/typedkernel","Test":"TestDictionaryCodePredicateHelpersSelectionParity/ranges/eq","Elapsed":0}
2026-10-06T19:38:12.6745507Z {"Time":"2026-10-06T19:38:12.6516229Z","Action":"run","Package":"github.com/snissn/gomap/TreeDB/internal/typedkernel","Test":"TestDictionaryCodePredicateHelpersSelectionParity/ranges/in"}
2026-10-06T19:38:12.6747110Z {"Time":"2026-10-06T19:38:12.6516229Z","Action":"output","Package":"github.com/snissn/gomap/TreeDB/internal/typedkernel","Test":"TestDictionaryCodePredicateHelpersSelectionParity/ranges/in","Output":"=== RUN   TestDictionaryCodePredicateHelpersSelectionParity/ranges/in\n"}
2026-10-06T19:38:12.6749658Z {"Time":"2026-10-06T19:38:12.6516229Z","Action":"output","Package":"github.com/snissn/gomap/TreeDB/internal/typedkernel","Test":"TestDictionaryCodePredicateHelpersSelectionParity/ranges/in","Output":"--- PASS: TestDictionaryCodePredicateHelpersSelectionParity/ranges/in (0.00s)\n"}
2026-10-06T19:38:12.6751774Z {"Time":"2026-10-06T19:38:12.6516229Z","Action":"pass","Package":"github.com/snissn/gomap/TreeDB/internal/typedkernel","Test":"TestDictionaryCodePredicateHelpersSelectionParity/ranges/in","Elapsed":0}
2026-10-06T19:38:12.6753428Z {"Time":"2026-10-06T19:38:12.6516229Z","Action":"run","Package":"github.com/snissn/gomap/TreeDB/internal/typedkernel","Test":"TestDictionaryCodePredicateHelpersSelectionParity/bitmap/eq"}
2026-10-06T19:38:12.6755737Z {"Time":"2026-10-06T19:38:12.6516229Z","Action":"output","Package":"github.com/snissn/gomap/TreeDB/internal/typedkernel","Test":"TestDictionaryCodePredicateHelpersSelectionParity/bitmap/eq","Output":"=== RUN   TestDictionaryCodePredicateHelpersSelectionParity/bitmap/eq\n"}
2026-10-06T19:38:12.6757722Z {"Time":"2026-10-06T19:38:12.6516229Z","Action":"output","Package":"github.com/snissn/gomap/TreeDB/internal/typedkernel","Test":"TestDictionaryCodePredicateHelpersSelectionParity/bitmap/eq","Output":"--- PASS: TestDictionaryCodePredicateHelpersSelectionParity/bitmap/eq (0.00s)\n"}
2026-10-06T19:38:12.6759748Z {"Time":"2026-10-06T19:38:12.6516229Z","Action":"pass","Package":"github.com/snissn/gomap/TreeDB/internal/typedkernel","Test":"TestDictionaryCodePredicateHelpersSelectionParity/bitmap/eq","Elapsed":0}
2026-10-06T19:38:12.6761508Z {"Time":"2026-10-06T19:38:12.6516229Z","Action":"run","Package":"github.com/snissn/gomap/TreeDB/internal/typedkernel","Test":"TestDictionaryCodePredicateHelpersSelectionParity/bitmap/in"}
2026-10-06T19:38:12.6763132Z {"Time":"2026-10-06T19:38:12.6516229Z","Action":"output","Package":"github.com/snissn/gomap/TreeDB/internal/typedkernel","Test":"TestDictionaryCodePredicateHelpersSelectionParity/bitmap/in","Output":"=== RUN   TestDictionaryCodePredicateHelpersSelectionParity/bitmap/in\n"}
2026-10-06T19:38:12.6765113Z {"Time":"2026-10-06T19:38:12.6516229Z","Action":"output","Package":"github.com/snissn/gomap/TreeDB/internal/typedkernel","Test":"TestDictionaryCodePredicateHelpersSelectionParity/bitmap/in","Output":"--- PASS: TestDictionaryCodePredicateHelpersSelectionParity/bitmap/in (0.00s)\n"}
2026-10-06T19:38:12.6767025Z {"Time":"2026-10-06T19:38:12.6516229Z","Action":"pass","Package":"github.com/snissn/gomap/TreeDB/internal/typedkernel","Test":"TestDictionaryCodePredicateHelpersSelectionParity/bitmap/in","Elapsed":0}
2026-10-06T19:38:12.6768657Z {"Time":"2026-10-06T19:38:12.6516229Z","Action":"output","Package":"github.com/snissn/gomap/TreeDB/internal/typedkernel","Test":"TestDictionaryCodePredicateHelpersSelectionParity","Output":"--- PASS: TestDictionaryCodePredicateHelpersSelectionParity (0.00s)\n"}
2026-10-06T19:38:12.6770236Z {"Time":"2026-10-06T19:38:12.6516229Z","Action":"pass","Package":"github.com/snissn/gomap/TreeDB/internal/typedkernel","Test":"TestDictionaryCodePredicateHelpersSelectionParity","Elapsed":0}
2026-10-06T19:38:12.6771531Z {"Time":"2026-10-06T19:38:12.6516229Z","Action":"run","Package":"github.com/snissn/gomap/TreeDB/internal/typedkernel","Test":"TestDictionaryRegistryFallbackStance"}
2026-10-06T19:38:12.6772968Z {"Time":"2026-10-06T19:38:12.6516229Z","Action":"output","Package":"github.com/snissn/gomap/TreeDB/internal/typedkernel","Test":"TestDictionaryRegistryFallbackStance","Output":"=== RUN   TestDictionaryRegistryFallbackStance\n"}
2026-10-06T19:38:12.6774946Z {"Time":"2026-10-06T19:38:12.6516229Z","Action":"run","Package":"github.com/snissn/gomap/TreeDB/internal/typedkernel","Test":"TestDictionaryRegistryFallbackStance/aggregate.dictionary_group_by"}
2026-10-06T19:38:12.6776621Z {"Time":"2026-10-06T19:38:12.6516229Z","Action":"output","Package":"github.com/snissn/gomap/TreeDB/internal/typedkernel","Test":"TestDictionaryRegistryFallbackStance/aggregate.dictionary_group_by","Output":"=== RUN   TestDictionaryRegistryFallbackStance/aggregate.dictionary_group_by\n"}
2026-10-06T19:38:12.6779024Z {"Time":"2026-10-06T19:38:12.6521719Z","Action":"output","Package":"github.com/snissn/gomap/TreeDB/internal/typedkernel","Test":"TestDictionaryRegistryFallbackStance/aggregate.dictionary_group_by","Output":"--- PASS: TestDictionaryRegistryFallbackStance/aggregate.dictionary_group_by (0.00s)\n"}
2026-10-06T19:38:12.6780786Z {"Time":"2026-10-06T19:38:12.6521719Z","Action":"pass","Package":"github.com/snissn/gomap/TreeDB/internal/typedkernel","Test":"TestDictionaryRegistryFallbackStance/aggregate.dictionary_group_by","Elapsed":0}
2026-10-06T19:38:12.6782149Z {"Time":"2026-10-06T19:38:12.6521719Z","Action":"run","Package":"github.com/snissn/gomap/TreeDB/internal/typedkernel","Test":"TestDictionaryRegistryFallbackStance/aggregate.dictionary_count"}
2026-10-06T19:38:12.6785138Z {"Time":"2026-10-06T19:38:12.6521719Z","Action":"output","Package":"github.com/snissn/gomap/TreeDB/internal/typedkernel","Test":"TestDictionaryRegistryFallbackStance/aggregate.dictionary_count","Output":"=== RUN   TestDictionaryRegistryFallbackStance/aggregate.dictionary_count\n"}
2026-10-06T19:38:12.6787310Z {"Time":"2026-10-06T19:38:12.6521719Z","Action":"output","Package":"github.com/snissn/gomap/TreeDB/internal/typedkernel","Test":"TestDictionaryRegistryFallbackStance/aggregate.dictionary_count","Output":"--- PASS: TestDictionaryRegistryFallbackStance/aggregate.dictionary_count (0.00s)\n"}
2026-10-06T19:38:12.6789281Z {"Time":"2026-10-06T19:38:12.6521719Z","Action":"pass","Package":"github.com/snissn/gomap/TreeDB/internal/typedkernel","Test":"TestDictionaryRegistryFallbackStance/aggregate.dictionary_count","Elapsed":0}
2026-10-06T19:38:12.6790675Z {"Time":"2026-10-06T19:38:12.6521719Z","Action":"run","Package":"github.com/snissn/gomap/TreeDB/internal/typedkernel","Test":"TestDictionaryRegistryFallbackStance/aggregate.dictionary_count_distinct"}
2026-10-06T19:38:12.6792416Z {"Time":"2026-10-06T19:38:12.6521719Z","Action":"output","Package":"github.com/snissn/gomap/TreeDB/internal/typedkernel","Test":"TestDictionaryRegistryFallbackStance/aggregate.dictionary_count_distinct","Output":"=== RUN   TestDictionaryRegistryFallbackStance/aggregate.dictionary_count_distinct\n"}
2026-10-06T19:38:12.6794808Z {"Time":"2026-10-06T19:38:12.6521719Z","Action":"output","Package":"github.com/snissn/gomap/TreeDB/internal/typedkernel","Test":"TestDictionaryRegistryFallbackStance/aggregate.dictionary_count_distinct","Output":"--- PASS: TestDictionaryRegistryFallbackStance/aggregate.dictionary_count_distinct (0.00s)\n"}
2026-10-06T19:38:12.6796639Z {"Time":"2026-10-06T19:38:12.6521719Z","Action":"pass","Package":"github.com/snissn/gomap/TreeDB/internal/typedkernel","Test":"TestDictionaryRegistryFallbackStance/aggregate.dictionary_count_distinct","Elapsed":0}
2026-10-06T19:38:12.6798186Z {"Time":"2026-10-06T19:38:12.6521719Z","Action":"output","Package":"github.com/snissn/gomap/TreeDB/internal/typedkernel","Test":"TestDictionaryRegistryFallbackStance","Output":"--- PASS: TestDictionaryRegistryFallbackStance (0.00s)\n"}
2026-10-06T19:38:12.6799580Z {"Time":"2026-10-06T19:38:12.6521719Z","Action":"pass","Package":"github.com/snissn/gomap/TreeDB/internal/typedkernel","Test":"TestDictionaryRegistryFallbackStance","Elapsed":0}
2026-10-06T19:38:12.6800968Z {"Time":"2026-10-06T19:38:12.6521719Z","Action":"run","Package":"github.com/snissn/gomap/TreeDB/internal/typedkernel","Test":"TestInt64AggregateParityRowSelectionShapes"}
2026-10-06T19:38:12.6802564Z {"Time":"2026-10-06T19:38:12.6521719Z","Action":"output","Package":"github.com/snissn/gomap/TreeDB/internal/typedkernel","Test":"TestInt64AggregateParityRowSelectionShapes","Output":"=== RUN   TestInt64AggregateParityRowSelectionShapes\n"}
2026-10-06T19:38:12.6804406Z {"Time":"2026-10-06T19:38:12.6521719Z","Action":"run","Package":"github.com/snissn/gomap/TreeDB/internal/typedkernel","Test":"TestInt64AggregateParityRowSelectionShapes/all/aggregate.count_rows"}
2026-10-06T19:38:12.6806444Z {"Time":"2026-10-06T19:38:12.6521719Z","Action":"output","Package":"github.com/snissn/gomap/TreeDB/internal/typedkernel","Test":"TestInt64AggregateParityRowSelectionShapes/all/aggregate.count_rows","Output":"=== RUN   TestInt64AggregateParityRowSelectionShapes/all/aggregate.count_rows\n"}
2026-10-06T19:38:12.6808539Z {"Time":"2026-10-06T19:38:12.6521719Z","Action":"output","Package":"github.com/snissn/gomap/TreeDB/internal/typedkernel","Test":"TestInt64AggregateParityRowSelectionShapes/all/aggregate.count_rows","Output":"--- PASS: TestInt64AggregateParityRowSelectionShapes/all/aggregate.count_rows (0.00s)\n"}
2026-10-06T19:38:12.6810293Z {"Time":"2026-10-06T19:38:12.6521719Z","Action":"pass","Package":"github.com/snissn/gomap/TreeDB/internal/typedkernel","Test":"TestInt64AggregateParityRowSelectionShapes/all/aggregate.count_rows","Elapsed":0}
2026-10-06T19:38:12.6812084Z {"Time":"2026-10-06T19:38:12.6521719Z","Action":"run","Package":"github.com/snissn/gomap/TreeDB/internal/typedkernel","Test":"TestInt64AggregateParityRowSelectionShapes/all/aggregate.count_non_null"}
2026-10-06T19:38:12.6813816Z {"Time":"2026-10-06T19:38:12.6521719Z","Action":"output","Package":"github.com/snissn/gomap/TreeDB/internal/typedkernel","Test":"TestInt64AggregateParityRowSelectionShapes/all/aggregate.count_non_null","Output":"=== RUN   TestInt64AggregateParityRowSelectionShapes/all/aggregate.count_non_null\n"}
2026-10-06T19:38:12.6815931Z {"Time":"2026-10-06T19:38:12.6521719Z","Action":"output","Package":"github.com/snissn/gomap/TreeDB/internal/typedkernel","Test":"TestInt64AggregateParityRowSelectionShapes/all/aggregate.count_non_null","Output":"--- PASS: TestInt64AggregateParityRowSelectionShapes/all/aggregate.count_non_null (0.00s)\n"}
2026-10-06T19:38:12.6817923Z {"Time":"2026-10-06T19:38:12.6521719Z","Action":"pass","Package":"github.com/snissn/gomap/TreeDB/internal/typedkernel","Test":"TestInt64AggregateParityRowSelectionShapes/all/aggregate.count_non_null","Elapsed":0}
2026-10-06T19:38:12.6819287Z {"Time":"2026-10-06T19:38:12.6521719Z","Action":"run","Package":"github.com/snissn/gomap/TreeDB/internal/typedkernel","Test":"TestInt64AggregateParityRowSelectionShapes/all/aggregate.sum"}
2026-10-06T19:38:12.6820918Z {"Time":"2026-10-06T19:38:12.6521719Z","Action":"output","Package":"github.com/snissn/gomap/TreeDB/internal/typedkernel","Test":"TestInt64AggregateParityRowSelectionShapes/all/aggregate.sum","Output":"=== RUN   TestInt64AggregateParityRowSelectionShapes/all/aggregate.sum\n"}
2026-10-06T19:38:12.6823073Z {"Time":"2026-10-06T19:38:12.6521719Z","Action":"output","Package":"github.com/snissn/gomap/TreeDB/internal/typedkernel","Test":"TestInt64AggregateParityRowSelectionShapes/all/aggregate.sum","Output":"--- PASS: TestInt64AggregateParityRowSelectionShapes/all/aggregate.sum (0.00s)\n"}
2026-10-06T19:38:12.6825117Z {"Time":"2026-10-06T19:38:12.6527543Z","Action":"pass","Package":"github.com/snissn/gomap/TreeDB/internal/typedkernel","Test":"TestInt64AggregateParityRowSelectionShapes/all/aggregate.sum","Elapsed":0}
2026-10-06T19:38:12.6826450Z {"Time":"2026-10-06T19:38:12.6527543Z","Action":"run","Package":"github.com/snissn/gomap/TreeDB/internal/typedkernel","Test":"TestInt64AggregateParityRowSelectionShapes/all/aggregate.avg"}
2026-10-06T19:38:12.6828227Z {"Time":"2026-10-06T19:38:12.6527543Z","Action":"output","Package":"github.com/snissn/gomap/TreeDB/internal/typedkernel","Test":"TestInt64AggregateParityRowSelectionShapes/all/aggregate.avg","Output":"=== RUN   TestInt64AggregateParityRowSelectionShapes/all/aggregate.avg\n"}
2026-10-06T19:38:12.6830338Z {"Time":"2026-10-06T19:38:12.6527543Z","Action":"output","Package":"github.com/snissn/gomap/TreeDB/internal/typedkernel","Test":"TestInt64AggregateParityRowSelectionShapes/all/aggregate.avg","Output":"--- PASS: TestInt64AggregateParityRowSelectionShapes/all/aggregate.avg (0.00s)\n"}
2026-10-06T19:38:12.6831999Z {"Time":"2026-10-06T19:38:12.6527543Z","Action":"pass","Package":"github.com/snissn/gomap/TreeDB/internal/typedkernel","Test":"TestInt64AggregateParityRowSelectionShapes/all/aggregate.avg","Elapsed":0}
2026-10-06T19:38:12.6833400Z {"Time":"2026-10-06T19:38:12.6527543Z","Action":"run","Package":"github.com/snissn/gomap/TreeDB/internal/typedkernel","Test":"TestInt64AggregateParityRowSelectionShapes/all/aggregate.min"}
2026-10-06T19:38:12.6835229Z {"Time":"2026-10-06T19:38:12.6527543Z","Action":"output","Package":"github.com/snissn/gomap/TreeDB/internal/typedkernel","Test":"TestInt64AggregateParityRowSelectionShapes/all/aggregate.min","Output":"=== RUN   TestInt64AggregateParityRowSelectionShapes/all/aggregate.min\n"}
2026-10-06T19:38:12.6837177Z {"Time":"2026-10-06T19:38:12.6527543Z","Action":"output","Package":"github.com/snissn/gomap/TreeDB/internal/typedkernel","Test":"TestInt64AggregateParityRowSelectionShapes/all/aggregate.min","Output":"--- PASS: TestInt64AggregateParityRowSelectionShapes/all/aggregate.min (0.00s)\n"}
2026-10-06T19:38:12.6839345Z {"Time":"2026-10-06T19:38:12.6527543Z","Action":"pass","Package":"github.com/snissn/gomap/TreeDB/internal/typedkernel","Test":"TestInt64AggregateParityRowSelectionShapes/all/aggregate.min","Elapsed":0}
2026-10-06T19:38:12.6841050Z {"Time":"2026-10-06T19:38:12.6527543Z","Action":"run","Package":"github.com/snissn/gomap/TreeDB/internal/typedkernel","Test":"TestInt64AggregateParityRowSelectionShapes/all/aggregate.max"}
2026-10-06T19:38:12.6843320Z {"Time":"2026-10-06T19:38:12.6527543Z","Action":"output","Package":"github.com/snissn/gomap/TreeDB/internal/typedkernel","Test":"TestInt64AggregateParityRowSelectionShapes/all/aggregate.max","Output":"=== RUN   TestInt64AggregateParityRowSelectionShapes/all/aggregate.max\n"}
2026-10-06T19:38:12.6845887Z {"Time":"2026-10-06T19:38:12.6527543Z","Action":"output","Package":"github.com/snissn/gomap/TreeDB/internal/typedkernel","Test":"TestInt64AggregateParityRowSelectionShapes/all/aggregate.max","Output":"--- PASS: TestInt64AggregateParityRowSelectionShapes/all/aggregate.max (0.00s)\n"}
2026-10-06T19:38:12.6847630Z {"Time":"2026-10-06T19:38:12.6527543Z","Action":"pass","Package":"github.com/snissn/gomap/TreeDB/internal/typedkernel","Test":"TestInt64AggregateParityRowSelectionShapes/all/aggregate.max","Elapsed":0}
2026-10-06T19:38:12.6848980Z {"Time":"2026-10-06T19:38:12.6527543Z","Action":"run","Package":"github.com/snissn/gomap/TreeDB/internal/typedkernel","Test":"TestInt64AggregateParityRowSelectionShapes/range/aggregate.count_rows"}
2026-10-06T19:38:12.6850776Z {"Time":"2026-10-06T19:38:12.6527543Z","Action":"output","Package":"github.com/snissn/gomap/TreeDB/internal/typedkernel","Test":"TestInt64AggregateParityRowSelectionShapes/range/aggregate.count_rows","Output":"=== RUN   TestInt64AggregateParityRowSelectionShapes/range/aggregate.count_rows\n"}
2026-10-06T19:38:12.6852982Z {"Time":"2026-10-06T19:38:12.6527543Z","Action":"output","Package":"github.com/snissn/gomap/TreeDB/internal/typedkernel","Test":"TestInt64AggregateParityRowSelectionShapes/range/aggregate.count_rows","Output":"--- PASS: TestInt64AggregateParityRowSelectionShapes/range/aggregate.count_rows (0.00s)\n"}
2026-10-06T19:38:12.6854754Z {"Time":"2026-10-06T19:38:12.6527543Z","Action":"pass","Package":"github.com/snissn/gomap/TreeDB/internal/typedkernel","Test":"TestInt64AggregateParityRowSelectionShapes/range/aggregate.count_rows","Elapsed":0}
2026-10-06T19:38:12.6856159Z {"Time":"2026-10-06T19:38:12.6527543Z","Action":"run","Package":"github.com/snissn/gomap/TreeDB/internal/typedkernel","Test":"TestInt64AggregateParityRowSelectionShapes/range/aggregate.count_non_null"}
2026-10-06T19:38:12.6858325Z {"Time":"2026-10-06T19:38:12.6527543Z","Action":"output","Package":"github.com/snissn/gomap/TreeDB/internal/typedkernel","Test":"TestInt64AggregateParityRowSelectionShapes/range/aggregate.count_non_null","Output":"=== RUN   TestInt64AggregateParityRowSelectionShapes/range/aggregate.count_non_null\n"}
2026-10-06T19:38:12.6860587Z {"Time":"2026-10-06T19:38:12.6527543Z","Action":"output","Package":"github.com/snissn/gomap/TreeDB/internal/typedkernel","Test":"TestInt64AggregateParityRowSelectionShapes/range/aggregate.count_non_null","Output":"--- PASS: TestInt64AggregateParityRowSelectionShapes/range/aggregate.count_non_null (0.00s)\n"}
2026-10-06T19:38:12.6862563Z {"Time":"2026-10-06T19:38:12.6527543Z","Action":"pass","Package":"github.com/snissn/gomap/TreeDB/internal/typedkernel","Test":"TestInt64AggregateParityRowSelectionShapes/range/aggregate.count_non_null","Elapsed":0}
2026-10-06T19:38:12.6864019Z {"Time":"2026-10-06T19:38:12.6527543Z","Action":"run","Package":"github.com/snissn/gomap/TreeDB/internal/typedkernel","Test":"TestInt64AggregateParityRowSelectionShapes/range/aggregate.sum"}
2026-10-06T19:38:12.6866075Z {"Time":"2026-10-06T19:38:12.6527543Z","Action":"output","Package":"github.com/snissn/gomap/TreeDB/internal/typedkernel","Test":"TestInt64AggregateParityRowSelectionShapes/range/aggregate.sum","Output":"=== RUN   TestInt64AggregateParityRowSelectionShapes/range/aggregate.sum\n"}
2026-10-06T19:38:12.6868117Z {"Time":"2026-10-06T19:38:12.6531345Z","Action":"output","Package":"github.com/snissn/gomap/TreeDB/internal/typedkernel","Test":"TestInt64AggregateParityRowSelectionShapes/range/aggregate.sum","Output":"--- PASS: TestInt64AggregateParityRowSelectionShapes/range/aggregate.sum (0.00s)\n"}
2026-10-06T19:38:12.6869980Z {"Time":"2026-10-06T19:38:12.6531345Z","Action":"pass","Package":"github.com/snissn/gomap/TreeDB/internal/typedkernel","Test":"TestInt64AggregateParityRowSelectionShapes/range/aggregate.sum","Elapsed":0}
2026-10-06T19:38:12.6871319Z {"Time":"2026-10-06T19:38:12.6531345Z","Action":"run","Package":"github.com/snissn/gomap/TreeDB/internal/typedkernel","Test":"TestInt64AggregateParityRowSelectionShapes/range/aggregate.avg"}
2026-10-06T19:38:12.6872944Z {"Time":"2026-10-06T19:38:12.6531345Z","Action":"output","Package":"github.com/snissn/gomap/TreeDB/internal/typedkernel","Test":"TestInt64AggregateParityRowSelectionShapes/range/aggregate.avg","Output":"=== RUN   TestInt64AggregateParityRowSelectionShapes/range/aggregate.avg\n"}
2026-10-06T19:38:12.6875122Z {"Time":"2026-10-06T19:38:12.6531345Z","Action":"output","Package":"github.com/snissn/gomap/TreeDB/internal/typedkernel","Test":"TestInt64AggregateParityRowSelectionShapes/range/aggregate.avg","Output":"--- PASS: TestInt64AggregateParityRowSelectionShapes/range/aggregate.avg (0.00s)\n"}
2026-10-06T19:38:12.6876811Z {"Time":"2026-10-06T19:38:12.6531345Z","Action":"pass","Package":"github.com/snissn/gomap/TreeDB/internal/typedkernel","Test":"TestInt64AggregateParityRowSelectionShapes/range/aggregate.avg","Elapsed":0}
2026-10-06T19:38:12.6878142Z {"Time":"2026-10-06T19:38:12.6531345Z","Action":"run","Package":"github.com/snissn/gomap/TreeDB/internal/typedkernel","Test":"TestInt64AggregateParityRowSelectionShapes/range/aggregate.min"}
2026-10-06T19:38:12.6879870Z {"Time":"2026-10-06T19:38:12.6531345Z","Action":"output","Package":"github.com/snissn/gomap/TreeDB/internal/typedkernel","Test":"TestInt64AggregateParityRowSelectionShapes/range/aggregate.min","Output":"=== RUN   TestInt64AggregateParityRowSelectionShapes/range/aggregate.min\n"}
2026-10-06T19:38:12.6881917Z {"Time":"2026-10-06T19:38:12.6531345Z","Action":"output","Package":"github.com/snissn/gomap/TreeDB/internal/typedkernel","Test":"TestInt64AggregateParityRowSelectionShapes/range/aggregate.min","Output":"--- PASS: TestInt64AggregateParityRowSelectionShapes/range/aggregate.min (0.00s)\n"}
2026-10-06T19:38:12.6883598Z {"Time":"2026-10-06T19:38:12.6531345Z","Action":"pass","Package":"github.com/snissn/gomap/TreeDB/internal/typedkernel","Test":"TestInt64AggregateParityRowSelectionShapes/range/aggregate.min","Elapsed":0}
2026-10-06T19:38:12.6885460Z {"Time":"2026-10-06T19:38:12.6531345Z","Action":"run","Package":"github.com/snissn/gomap/TreeDB/internal/typedkernel","Test":"TestInt64AggregateParityRowSelectionShapes/range/aggregate.max"}
2026-10-06T19:38:12.6887314Z {"Time":"2026-10-06T19:38:12.6531345Z","Action":"output","Package":"github.com/snissn/gomap/TreeDB/internal/typedkernel","Test":"TestInt64AggregateParityRowSelectionShapes/range/aggregate.max","Output":"=== RUN   TestInt64AggregateParityRowSelectionShapes/range/aggregate.max\n"}
2026-10-06T19:38:12.6889423Z {"Time":"2026-10-06T19:38:12.6531345Z","Action":"output","Package":"github.com/snissn/gomap/TreeDB/internal/typedkernel","Test":"TestInt64AggregateParityRowSelectionShapes/range/aggregate.max","Output":"--- PASS: TestInt64AggregateParityRowSelectionShapes/range/aggregate.max (0.00s)\n"}
2026-10-06T19:38:12.6891122Z {"Time":"2026-10-06T19:38:12.6531345Z","Action":"pass","Package":"github.com/snissn/gomap/TreeDB/internal/typedkernel","Test":"TestInt64AggregateParityRowSelectionShapes/range/aggregate.max","Elapsed":0}
2026-10-06T19:38:12.6892739Z {"Time":"2026-10-06T19:38:12.6531345Z","Action":"run","Package":"github.com/snissn/gomap/TreeDB/internal/typedkernel","Test":"TestInt64AggregateParityRowSelectionShapes/ranges/aggregate.count_rows"}
2026-10-06T19:38:12.6894474Z {"Time":"2026-10-06T19:38:12.6531345Z","Action":"output","Package":"github.com/snissn/gomap/TreeDB/internal/typedkernel","Test":"TestInt64AggregateParityRowSelectionShapes/ranges/aggregate.count_rows","Output":"=== RUN   TestInt64AggregateParityRowSelectionShapes/ranges/aggregate.count_rows\n"}
2026-10-06T19:38:12.6896587Z {"Time":"2026-10-06T19:38:12.6531345Z","Action":"output","Package":"github.com/snissn/gomap/TreeDB/internal/typedkernel","Test":"TestInt64AggregateParityRowSelectionShapes/ranges/aggregate.count_rows","Output":"--- PASS: TestInt64AggregateParityRowSelectionShapes/ranges/aggregate.count_rows (0.00s)\n"}
2026-10-06T19:38:12.6898584Z {"Time":"2026-10-06T19:38:12.6531345Z","Action":"pass","Package":"github.com/snissn/gomap/TreeDB/internal/typedkernel","Test":"TestInt64AggregateParityRowSelectionShapes/ranges/aggregate.count_rows","Elapsed":0}
2026-10-06T19:38:12.6900000Z {"Time":"2026-10-06T19:38:12.6531345Z","Action":"run","Package":"github.com/snissn/gomap/TreeDB/internal/typedkernel","Test":"TestInt64AggregateParityRowSelectionShapes/ranges/aggregate.count_non_null"}
2026-10-06T19:38:12.6902200Z {"Time":"2026-10-06T19:38:12.6531345Z","Action":"output","Package":"github.com/snissn/gomap/TreeDB/internal/typedkernel","Test":"TestInt64AggregateParityRowSelectionShapes/ranges/aggregate.count_non_null","Output":"=== RUN   TestInt64AggregateParityRowSelectionShapes/ranges/aggregate.count_non_null\n"}
2026-10-06T19:38:12.6906677Z {"Time":"2026-10-06T19:38:12.6531345Z","Action":"output","Package":"github.com/snissn/gomap/TreeDB/internal/typedkernel","Test":"TestInt64AggregateParityRowSelectionShapes/ranges/aggregate.count_non_null","Output":"--- PASS: TestInt64AggregateParityRowSelectionShapes/ranges/aggregate.count_non_null (0.00s)\n"}
2026-10-06T19:38:12.6908873Z {"Time":"2026-10-06T19:38:12.6531345Z","Action":"pass","Package":"github.com/snissn/gomap/TreeDB/internal/typedkernel","Test":"TestInt64AggregateParityRowSelectionShapes/ranges/aggregate.count_non_null","Elapsed":0}
2026-10-06T19:38:12.6910556Z {"Time":"2026-10-06T19:38:12.6531345Z","Action":"run","Package":"github.com/snissn/gomap/TreeDB/internal/typedkernel","Test":"TestInt64AggregateParityRowSelectionShapes/ranges/aggregate.sum"}
2026-10-06T19:38:12.6912244Z {"Time":"2026-10-06T19:38:12.6531345Z","Action":"output","Package":"github.com/snissn/gomap/TreeDB/internal/typedkernel","Test":"TestInt64AggregateParityRowSelectionShapes/ranges/aggregate.sum","Output":"=== RUN   TestInt64AggregateParityRowSelectionShapes/ranges/aggregate.sum\n"}
2026-10-06T19:38:12.6914437Z {"Time":"2026-10-06T19:38:12.6531345Z","Action":"output","Package":"github.com/snissn/gomap/TreeDB/internal/typedkernel","Test":"TestInt64AggregateParityRowSelectionShapes/ranges/aggregate.sum","Output":"--- PASS: TestInt64AggregateParityRowSelectionShapes/ranges/aggregate.sum (0.00s)\n"}
2026-10-06T19:38:12.6916383Z {"Time":"2026-10-06T19:38:12.6531345Z","Action":"pass","Package":"github.com/snissn/gomap/TreeDB/internal/typedkernel","Test":"TestInt64AggregateParityRowSelectionShapes/ranges/aggregate.sum","Elapsed":0}
2026-10-06T19:38:12.6917733Z {"Time":"2026-10-06T19:38:12.6531345Z","Action":"run","Package":"github.com/snissn/gomap/TreeDB/internal/typedkernel","Test":"TestInt64AggregateParityRowSelectionShapes/ranges/aggregate.avg"}
2026-10-06T19:38:12.6919489Z {"Time":"2026-10-06T19:38:12.6531345Z","Action":"output","Package":"github.com/snissn/gomap/TreeDB/internal/typedkernel","Test":"TestInt64AggregateParityRowSelectionShapes/ranges/aggregate.avg","Output":"=== RUN   TestInt64AggregateParityRowSelectionShapes/ranges/aggregate.avg\n"}
2026-10-06T19:38:12.6921714Z {"Time":"2026-10-06T19:38:12.6531345Z","Action":"output","Package":"github.com/snissn/gomap/TreeDB/internal/typedkernel","Test":"TestInt64AggregateParityRowSelectionShapes/ranges/aggregate.avg","Output":"--- PASS: TestInt64AggregateParityRowSelectionShapes/ranges/aggregate.avg (0.00s)\n"}
2026-10-06T19:38:12.6923421Z {"Time":"2026-10-06T19:38:12.6531345Z","Action":"pass","Package":"github.com/snissn/gomap/TreeDB/internal/typedkernel","Test":"TestInt64AggregateParityRowSelectionShapes/ranges/aggregate.avg","Elapsed":0}
2026-10-06T19:38:12.6925048Z {"Time":"2026-10-06T19:38:12.6531345Z","Action":"run","Package":"github.com/snissn/gomap/TreeDB/internal/typedkernel","Test":"TestInt64AggregateParityRowSelectionShapes/ranges/aggregate.min"}
2026-10-06T19:38:12.6926975Z {"Time":"2026-10-06T19:38:12.6531345Z","Action":"output","Package":"github.com/snissn/gomap/TreeDB/internal/typedkernel","Test":"TestInt64AggregateParityRowSelectionShapes/ranges/aggregate.min","Output":"=== RUN   TestInt64AggregateParityRowSelectionShapes/ranges/aggregate.min\n"}
2026-10-06T19:38:12.6928977Z {"Time":"2026-10-06T19:38:12.6531345Z","Action":"output","Package":"github.com/snissn/gomap/TreeDB/internal/typedkernel","Test":"TestInt64AggregateParityRowSelectionShapes/ranges/aggregate.min","Output":"--- PASS: TestInt64AggregateParityRowSelectionShapes/ranges/aggregate.min (0.00s)\n"}
2026-10-06T19:38:12.6930674Z {"Time":"2026-10-06T19:38:12.6531345Z","Action":"pass","Package":"github.com/snissn/gomap/TreeDB/internal/typedkernel","Test":"TestInt64AggregateParityRowSelectionShapes/ranges/aggregate.min","Elapsed":0}
2026-10-06T19:38:12.6932233Z {"Time":"2026-10-06T19:38:12.6531345Z","Action":"run","Package":"github.com/snissn/gomap/TreeDB/internal/typedkernel","Test":"TestInt64AggregateParityRowSelectionShapes/ranges/aggregate.max"}
2026-10-06T19:38:12.6935634Z {"Time":"2026-10-06T19:38:12.6531345Z","Action":"output","Package":"github.com/snissn/gomap/TreeDB/internal/typedkernel","Test":"TestInt64AggregateParityRowSelectionShapes/ranges/aggregate.max","Output":"=== RUN   TestInt64AggregateParityRowSelectionShapes/ranges/aggregate.max\n"}
2026-10-06T19:38:12.6939516Z {"Time":"2026-10-06T19:38:12.6538721Z","Action":"output","Package":"github.com/snissn/gomap/TreeDB/internal/typedkernel","Test":"TestInt64AggregateParityRowSelectionShapes/ranges/aggregate.max","Output":"--- PASS: TestInt64AggregateParityRowSelectionShapes/ranges/aggregate.max (0.00s)\n"}
2026-10-06T19:38:12.6942785Z {"Time":"2026-10-06T19:38:12.6538721Z","Action":"pass","Package":"github.com/snissn/gomap/TreeDB/internal/typedkernel","Test":"TestInt64AggregateParityRowSelectionShapes/ranges/aggregate.max","Elapsed":0}
2026-10-06T19:38:12.6945399Z {"Time":"2026-10-06T19:38:12.6538721Z","Action":"run","Package":"github.com/snissn/gomap/TreeDB/internal/typedkernel","Test":"TestInt64AggregateParityRowSelectionShapes/bitmap/aggregate.count_rows"}
2026-10-06T19:38:12.6948651Z {"Time":"2026-10-06T19:38:12.6538721Z","Action":"output","Package":"github.com/snissn/gomap/TreeDB/internal/typedkernel","Test":"TestInt64AggregateParityRowSelectionShapes/bitmap/aggregate.count_rows","Output":"=== RUN   TestInt64AggregateParityRowSelectionShapes/bitmap/aggregate.count_rows\n"}
2026-10-06T19:38:12.6952810Z {"Time":"2026-10-06T19:38:12.6538721Z","Action":"output","Package":"github.com/snissn/gomap/TreeDB/internal/typedkernel","Test":"TestInt64AggregateParityRowSelectionShapes/bitmap/aggregate.count_rows","Output":"--- PASS: TestInt64AggregateParityRowSelectionShapes/bitmap/aggregate.count_rows (0.00s)\n"}
2026-10-06T19:38:12.6956739Z {"Time":"2026-10-06T19:38:12.6538721Z","Action":"pass","Package":"github.com/snissn/gomap/TreeDB/internal/typedkernel","Test":"TestInt64AggregateParityRowSelectionShapes/bitmap/aggregate.count_rows","Elapsed":0}
2026-10-06T19:38:12.6959419Z {"Time":"2026-10-06T19:38:12.6538721Z","Action":"run","Package":"github.com/snissn/gomap/TreeDB/internal/typedkernel","Test":"TestInt64AggregateParityRowSelectionShapes/bitmap/aggregate.count_non_null"}
2026-10-06T19:38:12.6962678Z {"Time":"2026-10-06T19:38:12.6538721Z","Action":"output","Package":"github.com/snissn/gomap/TreeDB/internal/typedkernel","Test":"TestInt64AggregateParityRowSelectionShapes/bitmap/aggregate.count_non_null","Output":"=== RUN   TestInt64AggregateParityRowSelectionShapes/bitmap/aggregate.count_non_null\n"}
2026-10-06T19:38:12.6966740Z {"Time":"2026-10-06T19:38:12.6538721Z","Action":"output","Package":"github.com/snissn/gomap/TreeDB/internal/typedkernel","Test":"TestInt64AggregateParityRowSelectionShapes/bitmap/aggregate.count_non_null","Output":"--- PASS: TestInt64AggregateParityRowSelectionShapes/bitmap/aggregate.count_non_null (0.00s)\n"}
2026-10-06T19:38:12.6970205Z {"Time":"2026-10-06T19:38:12.6538721Z","Action":"pass","Package":"github.com/snissn/gomap/TreeDB/internal/typedkernel","Test":"TestInt64AggregateParityRowSelectionShapes/bitmap/aggregate.count_non_null","Elapsed":0}
2026-10-06T19:38:12.6972910Z {"Time":"2026-10-06T19:38:12.6538721Z","Action":"run","Package":"github.com/snissn/gomap/TreeDB/internal/typedkernel","Test":"TestInt64AggregateParityRowSelectionShapes/bitmap/aggregate.sum"}
2026-10-06T19:38:12.6976418Z {"Time":"2026-10-06T19:38:12.6538721Z","Action":"output","Package":"github.com/snissn/gomap/TreeDB/internal/typedkernel","Test":"TestInt64AggregateParityRowSelectionShapes/bitmap/aggregate.sum","Output":"=== RUN   TestInt64AggregateParityRowSelectionShapes/bitmap/aggregate.sum\n"}
2026-10-06T19:38:12.6980344Z {"Time":"2026-10-06T19:38:12.6538721Z","Action":"output","Package":"github.com/snissn/gomap/TreeDB/internal/typedkernel","Test":"TestInt64AggregateParityRowSelectionShapes/bitmap/aggregate.sum","Output":"--- PASS: TestInt64AggregateParityRowSelectionShapes/bitmap/aggregate.sum (0.00s)\n"}
2026-10-06T19:38:12.6983647Z {"Time":"2026-10-06T19:38:12.6538721Z","Action":"pass","Package":"github.com/snissn/gomap/TreeDB/internal/typedkernel","Test":"TestInt64AggregateParityRowSelectionShapes/bitmap/aggregate.sum","Elapsed":0}
2026-10-06T19:38:12.6986210Z {"Time":"2026-10-06T19:38:12.6538721Z","Action":"run","Package":"github.com/snissn/gomap/TreeDB/internal/typedkernel","Test":"TestInt64AggregateParityRowSelectionShapes/bitmap/aggregate.avg"}
2026-10-06T19:38:12.6989266Z {"Time":"2026-10-06T19:38:12.6538721Z","Action":"output","Package":"github.com/snissn/gomap/TreeDB/internal/typedkernel","Test":"TestInt64AggregateParityRowSelectionShapes/bitmap/aggregate.avg","Output":"=== RUN   TestInt64AggregateParityRowSelectionShapes/bitmap/aggregate.avg\n"}
2026-10-06T19:38:12.6993068Z {"Time":"2026-10-06T19:38:12.6538721Z","Action":"output","Package":"github.com/snissn/gomap/TreeDB/internal/typedkernel","Test":"TestInt64AggregateParityRowSelectionShapes/bitmap/aggregate.avg","Output":"--- PASS: TestInt64AggregateParityRowSelectionShapes/bitmap/aggregate.avg (0.00s)\n"}
2026-10-06T19:38:12.6996654Z {"Time":"2026-10-06T19:38:12.6538721Z","Action":"pass","Package":"github.com/snissn/gomap/TreeDB/internal/typedkernel","Test":"TestInt64AggregateParityRowSelectionShapes/bitmap/aggregate.avg","Elapsed":0}
2026-10-06T19:38:12.6999474Z {"Time":"2026-10-06T19:38:12.6538721Z","Action":"run","Package":"github.com/snissn/gomap/TreeDB/internal/typedkernel","Test":"TestInt64AggregateParityRowSelectionShapes/bitmap/aggregate.min"}
2026-10-06T19:38:12.7002597Z {"Time":"2026-10-06T19:38:12.6538721Z","Action":"output","Package":"github.com/snissn/gomap/TreeDB/internal/typedkernel","Test":"TestInt64AggregateParityRowSelectionShapes/bitmap/aggregate.min","Output":"=== RUN   TestInt64AggregateParityRowSelectionShapes/bitmap/aggregate.min\n"}
2026-10-06T19:38:12.7006646Z {"Time":"2026-10-06T19:38:12.6538721Z","Action":"output","Package":"github.com/snissn/gomap/TreeDB/internal/typedkernel","Test":"TestInt64AggregateParityRowSelectionShapes/bitmap/aggregate.min","Output":"--- PASS: TestInt64AggregateParityRowSelectionShapes/bitmap/aggregate.min (0.00s)\n"}
2026-10-06T19:38:12.7009956Z {"Time":"2026-10-06T19:38:12.6538721Z","Action":"pass","Package":"github.com/snissn/gomap/TreeDB/internal/typedkernel","Test":"TestInt64AggregateParityRowSelectionShapes/bitmap/aggregate.min","Elapsed":0}
2026-10-06T19:38:12.7012598Z {"Time":"2026-10-06T19:38:12.6538721Z","Action":"run","Package":"github.com/snissn/gomap/TreeDB/internal/typedkernel","Test":"TestInt64AggregateParityRowSelectionShapes/bitmap/aggregate.max"}
2026-10-06T19:38:12.7015711Z {"Time":"2026-10-06T19:38:12.6538721Z","Action":"output","Package":"github.com/snissn/gomap/TreeDB/internal/typedkernel","Test":"TestInt64AggregateParityRowSelectionShapes/bitmap/aggregate.max","Output":"=== RUN   TestInt64AggregateParityRowSelectionShapes/bitmap/aggregate.max\n"}
2026-10-06T19:38:12.7019861Z {"Time":"2026-10-06T19:38:12.6538721Z","Action":"output","Package":"github.com/snissn/gomap/TreeDB/internal/typedkernel","Test":"TestInt64AggregateParityRowSelectionShapes/bitmap/aggregate.max","Output":"--- PASS: TestInt64AggregateParityRowSelectionShapes/bitmap/aggregate.max (0.00s)\n"}
2026-10-06T19:38:12.7023063Z {"Time":"2026-10-06T19:38:12.6538721Z","Action":"pass","Package":"github.com/snissn/gomap/TreeDB/internal/typedkernel","Test":"TestInt64AggregateParityRowSelectionShapes/bitmap/aggregate.max","Elapsed":0}
2026-10-06T19:38:12.7025596Z {"Time":"2026-10-06T19:38:12.6538721Z","Action":"run","Package":"github.com/snissn/gomap/TreeDB/internal/typedkernel","Test":"TestInt64AggregateParityRowSelectionShapes/sparse/aggregate.count_rows"}
2026-10-06T19:38:12.7028776Z {"Time":"2026-10-06T19:38:12.6538721Z","Action":"output","Package":"github.com/snissn/gomap/TreeDB/internal/typedkernel","Test":"TestInt64AggregateParityRowSelectionShapes/sparse/aggregate.count_rows","Output":"=== RUN   TestInt64AggregateParityRowSelectionShapes/sparse/aggregate.count_rows\n"}
2026-10-06T19:38:12.7032821Z {"Time":"2026-10-06T19:38:12.6538721Z","Action":"output","Package":"github.com/snissn/gomap/TreeDB/internal/typedkernel","Test":"TestInt64AggregateParityRowSelectionShapes/sparse/aggregate.count_rows","Output":"--- PASS: TestInt64AggregateParityRowSelectionShapes/sparse/aggregate.count_rows (0.00s)\n"}
2026-10-06T19:38:12.7036447Z {"Time":"2026-10-06T19:38:12.6538721Z","Action":"pass","Package":"github.com/snissn/gomap/TreeDB/internal/typedkernel","Test":"TestInt64AggregateParityRowSelectionShapes/sparse/aggregate.count_rows","Elapsed":0}
2026-10-06T19:38:12.7039073Z {"Time":"2026-10-06T19:38:12.6538721Z","Action":"run","Package":"github.com/snissn/gomap/TreeDB/internal/typedkernel","Test":"TestInt64AggregateParityRowSelectionShapes/sparse/aggregate.count_non_null"}
2026-10-06T19:38:12.7042356Z {"Time":"2026-10-06T19:38:12.6544486Z","Action":"output","Package":"github.com/snissn/gomap/TreeDB/internal/typedkernel","Test":"TestInt64AggregateParityRowSelectionShapes/sparse/aggregate.count_non_null","Output":"=== RUN   TestInt64AggregateParityRowSelectionShapes/sparse/aggregate.count_non_null\n"}
2026-10-06T19:38:12.7046383Z {"Time":"2026-10-06T19:38:12.6544486Z","Action":"output","Package":"github.com/snissn/gomap/TreeDB/internal/typedkernel","Test":"TestInt64AggregateParityRowSelectionShapes/sparse/aggregate.count_non_null","Output":"--- PASS: TestInt64AggregateParityRowSelectionShapes/sparse/aggregate.count_non_null (0.00s)\n"}
2026-10-06T19:38:12.7048707Z {"Time":"2026-10-06T19:38:12.6544486Z","Action":"pass","Package":"github.com/snissn/gomap/TreeDB/internal/typedkernel","Test":"TestInt64AggregateParityRowSelectionShapes/sparse/aggregate.count_non_null","Elapsed":0}
2026-10-06T19:38:12.7050126Z {"Time":"2026-10-06T19:38:12.6544486Z","Action":"run","Package":"github.com/snissn/gomap/TreeDB/internal/typedkernel","Test":"TestInt64AggregateParityRowSelectionShapes/sparse/aggregate.sum"}
2026-10-06T19:38:12.7052155Z {"Time":"2026-10-06T19:38:12.6544486Z","Action":"output","Package":"github.com/snissn/gomap/TreeDB/internal/typedkernel","Test":"TestInt64AggregateParityRowSelectionShapes/sparse/aggregate.sum","Output":"=== RUN   TestInt64AggregateParityRowSelectionShapes/sparse/aggregate.sum\n"}
2026-10-06T19:38:12.7054168Z {"Time":"2026-10-06T19:38:12.6544486Z","Action":"output","Package":"github.com/snissn/gomap/TreeDB/internal/typedkernel","Test":"TestInt64AggregateParityRowSelectionShapes/sparse/aggregate.sum","Output":"--- PASS: TestInt64AggregateParityRowSelectionShapes/sparse/aggregate.sum (0.00s)\n"}
2026-10-06T19:38:12.7055994Z {"Time":"2026-10-06T19:38:12.6544486Z","Action":"pass","Package":"github.com/snissn/gomap/TreeDB/internal/typedkernel","Test":"TestInt64AggregateParityRowSelectionShapes/sparse/aggregate.sum","Elapsed":0}
2026-10-06T19:38:12.7057833Z {"Time":"2026-10-06T19:38:12.6544486Z","Action":"run","Package":"github.com/snissn/gomap/TreeDB/internal/typedkernel","Test":"TestInt64AggregateParityRowSelectionShapes/sparse/aggregate.avg"}
2026-10-06T19:38:12.7059469Z {"Time":"2026-10-06T19:38:12.6544486Z","Action":"output","Package":"github.com/snissn/gomap/TreeDB/internal/typedkernel","Test":"TestInt64AggregateParityRowSelectionShapes/sparse/aggregate.avg","Output":"=== RUN   TestInt64AggregateParityRowSelectionShapes/sparse/aggregate.avg\n"}
2026-10-06T19:38:12.7061464Z {"Time":"2026-10-06T19:38:12.6544486Z","Action":"output","Package":"github.com/snissn/gomap/TreeDB/internal/typedkernel","Test":"TestInt64AggregateParityRowSelectionShapes/sparse/aggregate.avg","Output":"--- PASS: TestInt64AggregateParityRowSelectionShapes/sparse/aggregate.avg (0.00s)\n"}
2026-10-06T19:38:12.7063382Z {"Time":"2026-10-06T19:38:12.6544486Z","Action":"pass","Package":"github.com/snissn/gomap/TreeDB/internal/typedkernel","Test":"TestInt64AggregateParityRowSelectionShapes/sparse/aggregate.avg","Elapsed":0}
2026-10-06T19:38:12.7064721Z {"Time":"2026-10-06T19:38:12.6544486Z","Action":"run","Package":"github.com/snissn/gomap/TreeDB/internal/typedkernel","Test":"TestInt64AggregateParityRowSelectionShapes/sparse/aggregate.min"}
2026-10-06T19:38:12.7066343Z {"Time":"2026-10-06T19:38:12.6544486Z","Action":"output","Package":"github.com/snissn/gomap/TreeDB/internal/typedkernel","Test":"TestInt64AggregateParityRowSelectionShapes/sparse/aggregate.min","Output":"=== RUN   TestInt64AggregateParityRowSelectionShapes/sparse/aggregate.min\n"}
2026-10-06T19:38:12.7068548Z {"Time":"2026-10-06T19:38:12.6544486Z","Action":"output","Package":"github.com/snissn/gomap/TreeDB/internal/typedkernel","Test":"TestInt64AggregateParityRowSelectionShapes/sparse/aggregate.min","Output":"--- PASS: TestInt64AggregateParityRowSelectionShapes/sparse/aggregate.min (0.00s)\n"}
2026-10-06T19:38:12.7070250Z {"Time":"2026-10-06T19:38:12.6544486Z","Action":"pass","Package":"github.com/snissn/gomap/TreeDB/internal/typedkernel","Test":"TestInt64AggregateParityRowSelectionShapes/sparse/aggregate.min","Elapsed":0}
2026-10-06T19:38:12.7071587Z {"Time":"2026-10-06T19:38:12.6544486Z","Action":"run","Package":"github.com/snissn/gomap/TreeDB/internal/typedkernel","Test":"TestInt64AggregateParityRowSelectionShapes/sparse/aggregate.max"}
2026-10-06T19:38:12.7073438Z {"Time":"2026-10-06T19:38:12.6544486Z","Action":"output","Package":"github.com/snissn/gomap/TreeDB/internal/typedkernel","Test":"TestInt64AggregateParityRowSelectionShapes/sparse/aggregate.max","Output":"=== RUN   TestInt64AggregateParityRowSelectionShapes/sparse/aggregate.max\n"}
2026-10-06T19:38:12.7075607Z {"Time":"2026-10-06T19:38:12.6544486Z","Action":"output","Package":"github.com/snissn/gomap/TreeDB/internal/typedkernel","Test":"TestInt64AggregateParityRowSelectionShapes/sparse/aggregate.max","Output":"--- PASS: TestInt64AggregateParityRowSelectionShapes/sparse/aggregate.max (0.00s)\n"}
2026-10-06T19:38:12.7077700Z {"Time":"2026-10-06T19:38:12.6544486Z","Action":"pass","Package":"github.com/snissn/gomap/TreeDB/internal/typedkernel","Test":"TestInt64AggregateParityRowSelectionShapes/sparse/aggregate.max","Elapsed":0}
2026-10-06T19:38:12.7079405Z {"Time":"2026-10-06T19:38:12.6544486Z","Action":"run","Package":"github.com/snissn/gomap/TreeDB/internal/typedkernel","Test":"TestInt64AggregateParityRowSelectionShapes/empty/aggregate.count_rows"}
2026-10-06T19:38:12.7081119Z {"Time":"2026-10-06T19:38:12.6548015Z","Action":"output","Package":"github.com/snissn/gomap/TreeDB/internal/typedkernel","Test":"TestInt64AggregateParityRowSelectionShapes/empty/aggregate.count_rows","Output":"=== RUN   TestInt64AggregateParityRowSelectionShapes/empty/aggregate.count_rows\n"}
2026-10-06T19:38:12.7083200Z {"Time":"2026-10-06T19:38:12.6548015Z","Action":"output","Package":"github.com/snissn/gomap/TreeDB/internal/typedkernel","Test":"TestInt64AggregateParityRowSelectionShapes/empty/aggregate.count_rows","Output":"--- PASS: TestInt64AggregateParityRowSelectionShapes/empty/aggregate.count_rows (0.00s)\n"}
2026-10-06T19:38:12.7088290Z {"Time":"2026-10-06T19:38:12.6548015Z","Action":"pass","Package":"github.com/snissn/gomap/TreeDB/internal/typedkernel","Test":"TestInt64AggregateParityRowSelectionShapes/empty/aggregate.count_rows","Elapsed":0}
2026-10-06T19:38:12.7089796Z {"Time":"2026-10-06T19:38:12.6548015Z","Action":"run","Package":"github.com/snissn/gomap/TreeDB/internal/typedkernel","Test":"TestInt64AggregateParityRowSelectionShapes/empty/aggregate.count_non_null"}
2026-10-06T19:38:12.7091589Z {"Time":"2026-10-06T19:38:12.6548015Z","Action":"output","Package":"github.com/snissn/gomap/TreeDB/internal/typedkernel","Test":"TestInt64AggregateParityRowSelectionShapes/empty/aggregate.count_non_null","Output":"=== RUN   TestInt64AggregateParityRowSelectionShapes/empty/aggregate.count_non_null\n"}
2026-10-06T19:38:12.7094217Z {"Time":"2026-10-06T19:38:12.6548015Z","Action":"output","Package":"github.com/snissn/gomap/TreeDB/internal/typedkernel","Test":"TestInt64AggregateParityRowSelectionShapes/empty/aggregate.count_non_null","Output":"--- PASS: TestInt64AggregateParityRowSelectionShapes/empty/aggregate.count_non_null (0.00s)\n"}
2026-10-06T19:38:12.7096070Z {"Time":"2026-10-06T19:38:12.6548015Z","Action":"pass","Package":"github.com/snissn/gomap/TreeDB/internal/typedkernel","Test":"TestInt64AggregateParityRowSelectionShapes/empty/aggregate.count_non_null","Elapsed":0}
2026-10-06T19:38:12.7097465Z {"Time":"2026-10-06T19:38:12.6548015Z","Action":"run","Package":"github.com/snissn/gomap/TreeDB/internal/typedkernel","Test":"TestInt64AggregateParityRowSelectionShapes/empty/aggregate.sum"}
2026-10-06T19:38:12.7099494Z {"Time":"2026-10-06T19:38:12.6548015Z","Action":"output","Package":"github.com/snissn/gomap/TreeDB/internal/typedkernel","Test":"TestInt64AggregateParityRowSelectionShapes/empty/aggregate.sum","Output":"=== RUN   TestInt64AggregateParityRowSelectionShapes/empty/aggregate.sum\n"}
2026-10-06T19:38:12.7101529Z {"Time":"2026-10-06T19:38:12.6548015Z","Action":"output","Package":"github.com/snissn/gomap/TreeDB/internal/typedkernel","Test":"TestInt64AggregateParityRowSelectionShapes/empty/aggregate.sum","Output":"--- PASS: TestInt64AggregateParityRowSelectionShapes/empty/aggregate.sum (0.00s)\n"}
2026-10-06T19:38:12.7103256Z {"Time":"2026-10-06T19:38:12.6548015Z","Action":"pass","Package":"github.com/snissn/gomap/TreeDB/internal/typedkernel","Test":"TestInt64AggregateParityRowSelectionShapes/empty/aggregate.sum","Elapsed":0}
2026-10-06T19:38:12.7105135Z {"Time":"2026-10-06T19:38:12.6548015Z","Action":"run","Package":"github.com/snissn/gomap/TreeDB/internal/typedkernel","Test":"TestInt64AggregateParityRowSelectionShapes/empty/aggregate.avg"}
2026-10-06T19:38:12.7107865Z {"Time":"2026-10-06T19:38:12.6548015Z","Action":"output","Package":"github.com/snissn/gomap/TreeDB/internal/typedkernel","Test":"TestInt64AggregateParityRowSelectionShapes/empty/aggregate.avg","Output":"=== RUN   TestInt64AggregateParityRowSelectionShapes/empty/aggregate.avg\n"}
2026-10-06T19:38:12.7110468Z {"Time":"2026-10-06T19:38:12.6548015Z","Action":"output","Package":"github.com/snissn/gomap/TreeDB/internal/typedkernel","Test":"TestInt64AggregateParityRowSelectionShapes/empty/aggregate.avg","Output":"--- PASS: TestInt64AggregateParityRowSelectionShapes/empty/aggregate.avg (0.00s)\n"}
2026-10-06T19:38:12.7112194Z {"Time":"2026-10-06T19:38:12.6551492Z","Action":"pass","Package":"github.com/snissn/gomap/TreeDB/internal/typedkernel","Test":"TestInt64AggregateParityRowSelectionShapes/empty/aggregate.avg","Elapsed":0}
2026-10-06T19:38:12.7130983Z {"Time":"2026-10-06T19:38:12.6551492Z","Action":"run","Package":"github.com/snissn/gomap/TreeDB/internal/typedkernel","Test":"TestInt64AggregateParityRowSelectionShapes/empty/aggregate.min"}
2026-10-06T19:38:12.7132710Z {"Time":"2026-10-06T19:38:12.6551492Z","Action":"output","Package":"github.com/snissn/gomap/TreeDB/internal/typedkernel","Test":"TestInt64AggregateParityRowSelectionShapes/empty/aggregate.min","Output":"=== RUN   TestInt64AggregateParityRowSelectionShapes/empty/aggregate.min\n"}
2026-10-06T19:38:12.7135247Z {"Time":"2026-10-06T19:38:12.6551492Z","Action":"output","Package":"github.com/snissn/gomap/TreeDB/internal/typedkernel","Test":"TestInt64AggregateParityRowSelectionShapes/empty/aggregate.min","Output":"--- PASS: TestInt64AggregateParityRowSelectionShapes/empty/aggregate.min (0.00s)\n"}
2026-10-06T19:38:12.7137838Z {"Time":"2026-10-06T19:38:12.6551492Z","Action":"pass","Package":"github.com/snissn/gomap/TreeDB/internal/typedkernel","Test":"TestInt64AggregateParityRowSelectionShapes/empty/aggregate.min","Elapsed":0}
2026-10-06T19:38:12.7141861Z {"Time":"2026-10-06T19:38:12.6551492Z","Action":"run","Package":"github.com/snissn/gomap/TreeDB/internal/typedkernel","Test":"TestInt64AggregateParityRowSelectionShapes/empty/aggregate.max"}
2026-10-06T19:38:12.7143582Z {"Time":"2026-10-06T19:38:12.6551492Z","Action":"output","Package":"github.com/snissn/gomap/TreeDB/internal/typedkernel","Test":"TestInt64AggregateParityRowSelectionShapes/empty/aggregate.max","Output":"=== RUN   TestInt64AggregateParityRowSelectionShapes/empty/aggregate.max\n"}
2026-10-06T19:38:12.7145629Z {"Time":"2026-10-06T19:38:12.6551492Z","Action":"output","Package":"github.com/snissn/gomap/TreeDB/internal/typedkernel","Test":"TestInt64AggregateParityRowSelectionShapes/empty/aggregate.max","Output":"--- PASS: TestInt64AggregateParityRowSelectionShapes/empty/aggregate.max (0.00s)\n"}
2026-10-06T19:38:12.7147565Z {"Time":"2026-10-06T19:38:12.6551492Z","Action":"pass","Package":"github.com/snissn/gomap/TreeDB/internal/typedkernel","Test":"TestInt64AggregateParityRowSelectionShapes/empty/aggregate.max","Elapsed":0}
2026-10-06T19:38:12.7149149Z {"Time":"2026-10-06T19:38:12.6551492Z","Action":"output","Package":"github.com/snissn/gomap/TreeDB/internal/typedkernel","Test":"TestInt64AggregateParityRowSelectionShapes","Output":"--- PASS: TestInt64AggregateParityRowSelectionShapes (0.00s)\n"}
2026-10-06T19:38:12.7150625Z {"Time":"2026-10-06T19:38:12.6551492Z","Action":"pass","Package":"github.com/snissn/gomap/TreeDB/internal/typedkernel","Test":"TestInt64AggregateParityRowSelectionShapes","Elapsed":0}
2026-10-06T19:38:12.7151833Z {"Time":"2026-10-06T19:38:12.6551492Z","Action":"run","Package":"github.com/snissn/gomap/TreeDB/internal/typedkernel","Test":"TestInt64AggregateCursorParityRowSelectionShapes"}
2026-10-06T19:38:12.7153321Z {"Time":"2026-10-06T19:38:12.6551492Z","Action":"output","Package":"github.com/snissn/gomap/TreeDB/internal/typedkernel","Test":"TestInt64AggregateCursorParityRowSelectionShapes","Output":"=== RUN   TestInt64AggregateCursorParityRowSelectionShapes\n"}
2026-10-06T19:38:12.7155065Z {"Time":"2026-10-06T19:38:12.6551492Z","Action":"run","Package":"github.com/snissn/gomap/TreeDB/internal/typedkernel","Test":"TestInt64AggregateCursorParityRowSelectionShapes/raw_int64"}
2026-10-06T19:38:12.7156645Z {"Time":"2026-10-06T19:38:12.6551492Z","Action":"output","Package":"github.com/snissn/gomap/TreeDB/internal/typedkernel","Test":"TestInt64AggregateCursorParityRowSelectionShapes/raw_int64","Output":"=== RUN   TestInt64AggregateCursorParityRowSelectionShapes/raw_int64\n"}
2026-10-06T19:38:12.7159293Z {"Time":"2026-10-06T19:38:12.6551492Z","Action":"run","Package":"github.com/snissn/gomap/TreeDB/internal/typedkernel","Test":"TestInt64AggregateCursorParityRowSelectionShapes/raw_int64/sparse"}
2026-10-06T19:38:12.7160994Z {"Time":"2026-10-06T19:38:12.6551492Z","Action":"output","Package":"github.com/snissn/gomap/TreeDB/internal/typedkernel","Test":"TestInt64AggregateCursorParityRowSelectionShapes/raw_int64/sparse","Output":"=== RUN   TestInt64AggregateCursorParityRowSelectionShapes/raw_int64/sparse\n"}
2026-10-06T19:38:12.7163052Z {"Time":"2026-10-06T19:38:12.6551492Z","Action":"output","Package":"github.com/snissn/gomap/TreeDB/internal/typedkernel","Test":"TestInt64AggregateCursorParityRowSelectionShapes/raw_int64/sparse","Output":"--- PASS: TestInt64AggregateCursorParityRowSelectionShapes/raw_int64/sparse (0.00s)\n"}
2026-10-06T19:38:12.7164814Z {"Time":"2026-10-06T19:38:12.6555963Z","Action":"pass","Package":"github.com/snissn/gomap/TreeDB/internal/typedkernel","Test":"TestInt64AggregateCursorParityRowSelectionShapes/raw_int64/sparse","Elapsed":0}
2026-10-06T19:38:12.7166177Z {"Time":"2026-10-06T19:38:12.6555963Z","Action":"run","Package":"github.com/snissn/gomap/TreeDB/internal/typedkernel","Test":"TestInt64AggregateCursorParityRowSelectionShapes/raw_int64/all"}
2026-10-06T19:38:12.7167930Z {"Time":"2026-10-06T19:38:12.6555963Z","Action":"output","Package":"github.com/snissn/gomap/TreeDB/internal/typedkernel","Test":"TestInt64AggregateCursorParityRowSelectionShapes/raw_int64/all","Output":"=== RUN   TestInt64AggregateCursorParityRowSelectionShapes/raw_int64/all\n"}
2026-10-06T19:38:12.7170769Z {"Time":"2026-10-06T19:38:12.6555963Z","Action":"output","Package":"github.com/snissn/gomap/TreeDB/internal/typedkernel","Test":"TestInt64AggregateCursorParityRowSelectionShapes/raw_int64/all","Output":"--- PASS: TestInt64AggregateCursorParityRowSelectionShapes/raw_int64/all (0.00s)\n"}
2026-10-06T19:38:12.7172483Z {"Time":"2026-10-06T19:38:12.6555963Z","Action":"pass","Package":"github.com/snissn/gomap/TreeDB/internal/typedkernel","Test":"TestInt64AggregateCursorParityRowSelectionShapes/raw_int64/all","Elapsed":0}
2026-10-06T19:38:12.7173835Z {"Time":"2026-10-06T19:38:12.6555963Z","Action":"run","Package":"github.com/snissn/gomap/TreeDB/internal/typedkernel","Test":"TestInt64AggregateCursorParityRowSelectionShapes/raw_int64/range"}
2026-10-06T19:38:12.7175487Z {"Time":"2026-10-06T19:38:12.6555963Z","Action":"output","Package":"github.com/snissn/gomap/TreeDB/internal/typedkernel","Test":"TestInt64AggregateCursorParityRowSelectionShapes/raw_int64/range","Output":"=== RUN   TestInt64AggregateCursorParityRowSelectionShapes/raw_int64/range\n"}
2026-10-06T19:38:12.7177918Z {"Time":"2026-10-06T19:38:12.6555963Z","Action":"output","Package":"github.com/snissn/gomap/TreeDB/internal/typedkernel","Test":"TestInt64AggregateCursorParityRowSelectionShapes/raw_int64/range","Output":"--- PASS: TestInt64AggregateCursorParityRowSelectionShapes/raw_int64/range (0.00s)\n"}
2026-10-06T19:38:12.7181115Z {"Time":"2026-10-06T19:38:12.6555963Z","Action":"pass","Package":"github.com/snissn/gomap/TreeDB/internal/typedkernel","Test":"TestInt64AggregateCursorParityRowSelectionShapes/raw_int64/range","Elapsed":0}
2026-10-06T19:38:12.7183633Z {"Time":"2026-10-06T19:38:12.6555963Z","Action":"run","Package":"github.com/snissn/gomap/TreeDB/internal/typedkernel","Test":"TestInt64AggregateCursorParityRowSelectionShapes/raw_int64/ranges"}
2026-10-06T19:38:12.7186942Z {"Time":"2026-10-06T19:38:12.6555963Z","Action":"output","Package":"github.com/snissn/gomap/TreeDB/internal/typedkernel","Test":"TestInt64AggregateCursorParityRowSelectionShapes/raw_int64/ranges","Output":"=== RUN   TestInt64AggregateCursorParityRowSelectionShapes/raw_int64/ranges\n"}
2026-10-06T19:38:12.7190891Z {"Time":"2026-10-06T19:38:12.6555963Z","Action":"output","Package":"github.com/snissn/gomap/TreeDB/internal/typedkernel","Test":"TestInt64AggregateCursorParityRowSelectionShapes/raw_int64/ranges","Output":"--- PASS: TestInt64AggregateCursorParityRowSelectionShapes/raw_int64/ranges (0.00s)\n"}
2026-10-06T19:38:12.7194440Z {"Time":"2026-10-06T19:38:12.6555963Z","Action":"pass","Package":"github.com/snissn/gomap/TreeDB/internal/typedkernel","Test":"TestInt64AggregateCursorParityRowSelectionShapes/raw_int64/ranges","Elapsed":0}
2026-10-06T19:38:12.7201071Z {"Time":"2026-10-06T19:38:12.6555963Z","Action":"run","Package":"github.com/snissn/gomap/TreeDB/internal/typedkernel","Test":"TestInt64AggregateCursorParityRowSelectionShapes/raw_int64/bitmap"}
2026-10-06T19:38:12.7203220Z {"Time":"2026-10-06T19:38:12.6555963Z","Action":"output","Package":"github.com/snissn/gomap/TreeDB/internal/typedkernel","Test":"TestInt64AggregateCursorParityRowSelectionShapes/raw_int64/bitmap","Output":"=== RUN   TestInt64AggregateCursorParityRowSelectionShapes/raw_int64/bitmap\n"}
2026-10-06T19:38:12.7206015Z {"Time":"2026-10-06T19:38:12.6555963Z","Action":"output","Package":"github.com/snissn/gomap/TreeDB/internal/typedkernel","Test":"TestInt64AggregateCursorParityRowSelectionShapes/raw_int64/bitmap","Output":"--- PASS: TestInt64AggregateCursorParityRowSelectionShapes/raw_int64/bitmap (0.00s)\n"}
2026-10-06T19:38:12.7210235Z {"Time":"2026-10-06T19:38:12.6555963Z","Action":"pass","Package":"github.com/snissn/gomap/TreeDB/internal/typedkernel","Test":"TestInt64AggregateCursorParityRowSelectionShapes/raw_int64/bitmap","Elapsed":0}
2026-10-06T19:38:12.7213025Z {"Time":"2026-10-06T19:38:12.6555963Z","Action":"output","Package":"github.com/snissn/gomap/TreeDB/internal/typedkernel","Test":"TestInt64AggregateCursorParityRowSelectionShapes/raw_int64","Output":"--- PASS: TestInt64AggregateCursorParityRowSelectionShapes/raw_int64 (0.00s)\n"}
2026-10-06T19:38:12.7214784Z {"Time":"2026-10-06T19:38:12.6555963Z","Action":"pass","Package":"github.com/snissn/gomap/TreeDB/internal/typedkernel","Test":"TestInt64AggregateCursorParityRowSelectionShapes/raw_int64","Elapsed":0}
2026-10-06T19:38:12.7216857Z {"Time":"2026-10-06T19:38:12.6555963Z","Action":"run","Package":"github.com/snissn/gomap/TreeDB/internal/typedkernel","Test":"TestInt64AggregateCursorParityRowSelectionShapes/delta_varint"}
2026-10-06T19:38:12.7218555Z {"Time":"2026-10-06T19:38:12.6555963Z","Action":"output","Package":"github.com/snissn/gomap/TreeDB/internal/typedkernel","Test":"TestInt64AggregateCursorParityRowSelectionShapes/delta_varint","Output":"=== RUN   TestInt64AggregateCursorParityRowSelectionShapes/delta_varint\n"}
2026-10-06T19:38:12.7220492Z {"Time":"2026-10-06T19:38:12.6555963Z","Action":"run","Package":"github.com/snissn/gomap/TreeDB/internal/typedkernel","Test":"TestInt64AggregateCursorParityRowSelectionShapes/delta_varint/sparse"}
2026-10-06T19:38:12.7222214Z {"Time":"2026-10-06T19:38:12.6555963Z","Action":"output","Package":"github.com/snissn/gomap/TreeDB/internal/typedkernel","Test":"TestInt64AggregateCursorParityRowSelectionShapes/delta_varint/sparse","Output":"=== RUN   TestInt64AggregateCursorParityRowSelectionShapes/delta_varint/sparse\n"}
2026-10-06T19:38:12.7225042Z {"Time":"2026-10-06T19:38:12.6555963Z","Action":"output","Package":"github.com/snissn/gomap/TreeDB/internal/typedkernel","Test":"TestInt64AggregateCursorParityRowSelectionShapes/delta_varint/sparse","Output":"--- PASS: TestInt64AggregateCursorParityRowSelectionShapes/delta_varint/sparse (0.00s)\n"}
2026-10-06T19:38:12.7229557Z {"Time":"2026-10-06T19:38:12.6561662Z","Action":"pass","Package":"github.com/snissn/gomap/TreeDB/internal/typedkernel","Test":"TestInt64AggregateCursorParityRowSelectionShapes/delta_varint/sparse","Elapsed":0}
2026-10-06T19:38:12.7231558Z {"Time":"2026-10-06T19:38:12.6561662Z","Action":"run","Package":"github.com/snissn/gomap/TreeDB/internal/typedkernel","Test":"TestInt64AggregateCursorParityRowSelectionShapes/delta_varint/all"}
2026-10-06T19:38:12.7233581Z {"Time":"2026-10-06T19:38:12.6561662Z","Action":"output","Package":"github.com/snissn/gomap/TreeDB/internal/typedkernel","Test":"TestInt64AggregateCursorParityRowSelectionShapes/delta_varint/all","Output":"=== RUN   TestInt64AggregateCursorParityRowSelectionShapes/delta_varint/all\n"}
2026-10-06T19:38:12.7236599Z {"Time":"2026-10-06T19:38:12.6561662Z","Action":"output","Package":"github.com/snissn/gomap/TreeDB/internal/typedkernel","Test":"TestInt64AggregateCursorParityRowSelectionShapes/delta_varint/all","Output":"--- PASS: TestInt64AggregateCursorParityRowSelectionShapes/delta_varint/all (0.00s)\n"}
2026-10-06T19:38:12.7240251Z {"Time":"2026-10-06T19:38:12.6561662Z","Action":"pass","Package":"github.com/snissn/gomap/TreeDB/internal/typedkernel","Test":"TestInt64AggregateCursorParityRowSelectionShapes/delta_varint/all","Elapsed":0}
2026-10-06T19:38:12.7241937Z {"Time":"2026-10-06T19:38:12.6561662Z","Action":"run","Package":"github.com/snissn/gomap/TreeDB/internal/typedkernel","Test":"TestInt64AggregateCursorParityRowSelectionShapes/delta_varint/range"}
2026-10-06T19:38:12.7244732Z {"Time":"2026-10-06T19:38:12.6561662Z","Action":"output","Package":"github.com/snissn/gomap/TreeDB/internal/typedkernel","Test":"TestInt64AggregateCursorParityRowSelectionShapes/delta_varint/range","Output":"=== RUN   TestInt64AggregateCursorParityRowSelectionShapes/delta_varint/range\n"}
2026-10-06T19:38:12.7248877Z {"Time":"2026-10-06T19:38:12.6561662Z","Action":"output","Package":"github.com/snissn/gomap/TreeDB/internal/typedkernel","Test":"TestInt64AggregateCursorParityRowSelectionShapes/delta_varint/range","Output":"--- PASS: TestInt64AggregateCursorParityRowSelectionShapes/delta_varint/range (0.00s)\n"}
2026-10-06T19:38:12.7252267Z {"Time":"2026-10-06T19:38:12.6561662Z","Action":"pass","Package":"github.com/snissn/gomap/TreeDB/internal/typedkernel","Test":"TestInt64AggregateCursorParityRowSelectionShapes/delta_varint/range","Elapsed":0}
2026-10-06T19:38:12.7253698Z {"Time":"2026-10-06T19:38:12.6561662Z","Action":"run","Package":"github.com/snissn/gomap/TreeDB/internal/typedkernel","Test":"TestInt64AggregateCursorParityRowSelectionShapes/delta_varint/ranges"}
2026-10-06T19:38:12.7255416Z {"Time":"2026-10-06T19:38:12.6561662Z","Action":"output","Package":"github.com/snissn/gomap/TreeDB/internal/typedkernel","Test":"TestInt64AggregateCursorParityRowSelectionShapes/delta_varint/ranges","Output":"=== RUN   TestInt64AggregateCursorParityRowSelectionShapes/delta_varint/ranges\n"}
2026-10-06T19:38:12.7257940Z {"Time":"2026-10-06T19:38:12.6561662Z","Action":"output","Package":"github.com/snissn/gomap/TreeDB/internal/typedkernel","Test":"TestInt64AggregateCursorParityRowSelectionShapes/delta_varint/ranges","Output":"--- PASS: TestInt64AggregateCursorParityRowSelectionShapes/delta_varint/ranges (0.00s)\n"}
2026-10-06T19:38:12.7260145Z {"Time":"2026-10-06T19:38:12.6561662Z","Action":"pass","Package":"github.com/snissn/gomap/TreeDB/internal/typedkernel","Test":"TestInt64AggregateCursorParityRowSelectionShapes/delta_varint/ranges","Elapsed":0}
2026-10-06T19:38:12.7261671Z {"Time":"2026-10-06T19:38:12.6561662Z","Action":"run","Package":"github.com/snissn/gomap/TreeDB/internal/typedkernel","Test":"TestInt64AggregateCursorParityRowSelectionShapes/delta_varint/bitmap"}
2026-10-06T19:38:12.7263716Z {"Time":"2026-10-06T19:38:12.6561662Z","Action":"output","Package":"github.com/snissn/gomap/TreeDB/internal/typedkernel","Test":"TestInt64AggregateCursorParityRowSelectionShapes/delta_varint/bitmap","Output":"=== RUN   TestInt64AggregateCursorParityRowSelectionShapes/delta_varint/bitmap\n"}
2026-10-06T19:38:12.7266018Z {"Time":"2026-10-06T19:38:12.6561662Z","Action":"output","Package":"github.com/snissn/gomap/TreeDB/internal/typedkernel","Test":"TestInt64AggregateCursorParityRowSelectionShapes/delta_varint/bitmap","Output":"--- PASS: TestInt64AggregateCursorParityRowSelectionShapes/delta_varint/bitmap (0.00s)\n"}
2026-10-06T19:38:12.7268354Z {"Time":"2026-10-06T19:38:12.6561662Z","Action":"pass","Package":"github.com/snissn/gomap/TreeDB/internal/typedkernel","Test":"TestInt64AggregateCursorParityRowSelectionShapes/delta_varint/bitmap","Elapsed":0}
2026-10-06T19:38:12.7271331Z {"Time":"2026-10-06T19:38:12.6561662Z","Action":"output","Package":"github.com/snissn/gomap/TreeDB/internal/typedkernel","Test":"TestInt64AggregateCursorParityRowSelectionShapes/delta_varint","Output":"--- PASS: TestInt64AggregateCursorParityRowSelectionShapes/delta_varint (0.00s)\n"}
2026-10-06T19:38:12.7273465Z {"Time":"2026-10-06T19:38:12.6561662Z","Action":"pass","Package":"github.com/snissn/gomap/TreeDB/internal/typedkernel","Test":"TestInt64AggregateCursorParityRowSelectionShapes/delta_varint","Elapsed":0}
2026-10-06T19:38:12.7274826Z {"Time":"2026-10-06T19:38:12.6561662Z","Action":"run","Package":"github.com/snissn/gomap/TreeDB/internal/typedkernel","Test":"TestInt64AggregateCursorParityRowSelectionShapes/double_delta_varint"}
2026-10-06T19:38:12.7276540Z {"Time":"2026-10-06T19:38:12.6561662Z","Action":"output","Package":"github.com/snissn/gomap/TreeDB/internal/typedkernel","Test":"TestInt64AggregateCursorParityRowSelectionShapes/double_delta_varint","Output":"=== RUN   TestInt64AggregateCursorParityRowSelectionShapes/double_delta_varint\n"}
2026-10-06T19:38:12.7278262Z {"Time":"2026-10-06T19:38:12.6561662Z","Action":"run","Package":"github.com/snissn/gomap/TreeDB/internal/typedkernel","Test":"TestInt64AggregateCursorParityRowSelectionShapes/double_delta_varint/ranges"}
2026-10-06T19:38:12.7280410Z {"Time":"2026-10-06T19:38:12.6561662Z","Action":"output","Package":"github.com/snissn/gomap/TreeDB/internal/typedkernel","Test":"TestInt64AggregateCursorParityRowSelectionShapes/double_delta_varint/ranges","Output":"=== RUN   TestInt64AggregateCursorParityRowSelectionShapes/double_delta_varint/ranges\n"}
2026-10-06T19:38:12.7283035Z {"Time":"2026-10-06T19:38:12.6561662Z","Action":"output","Package":"github.com/snissn/gomap/TreeDB/internal/typedkernel","Test":"TestInt64AggregateCursorParityRowSelectionShapes/double_delta_varint/ranges","Output":"--- PASS: TestInt64AggregateCursorParityRowSelectionShapes/double_delta_varint/ranges (0.00s)\n"}
2026-10-06T19:38:12.7284929Z {"Time":"2026-10-06T19:38:12.6621763Z","Action":"pass","Package":"github.com/snissn/gomap/TreeDB/internal/typedkernel","Test":"TestInt64AggregateCursorParityRowSelectionShapes/double_delta_varint/ranges","Elapsed":0}
2026-10-06T19:38:12.7286387Z {"Time":"2026-10-06T19:38:12.6621763Z","Action":"run","Package":"github.com/snissn/gomap/TreeDB/internal/typedkernel","Test":"TestInt64AggregateCursorParityRowSelectionShapes/double_delta_varint/bitmap"}
2026-10-06T19:38:12.7288177Z {"Time":"2026-10-06T19:38:12.6621763Z","Action":"output","Package":"github.com/snissn/gomap/TreeDB/internal/typedkernel","Test":"TestInt64AggregateCursorParityRowSelectionShapes/double_delta_varint/bitmap","Output":"=== RUN   TestInt64AggregateCursorParityRowSelectionShapes/double_delta_varint/bitmap\n"}
2026-10-06T19:38:12.7290380Z {"Time":"2026-10-06T19:38:12.6621763Z","Action":"output","Package":"github.com/snissn/gomap/TreeDB/internal/typedkernel","Test":"TestInt64AggregateCursorParityRowSelectionShapes/double_delta_varint/bitmap","Output":"--- PASS: TestInt64AggregateCursorParityRowSelectionShapes/double_delta_varint/bitmap (0.00s)\n"}
2026-10-06T19:38:12.7292248Z {"Time":"2026-10-06T19:38:12.6621763Z","Action":"pass","Package":"github.com/snissn/gomap/TreeDB/internal/typedkernel","Test":"TestInt64AggregateCursorParityRowSelectionShapes/double_delta_varint/bitmap","Elapsed":0}
2026-10-06T19:38:12.7293689Z {"Time":"2026-10-06T19:38:12.6621763Z","Action":"run","Package":"github.com/snissn/gomap/TreeDB/internal/typedkernel","Test":"TestInt64AggregateCursorParityRowSelectionShapes/double_delta_varint/sparse"}
2026-10-06T19:38:12.7296005Z {"Time":"2026-10-06T19:38:12.6621763Z","Action":"output","Package":"github.com/snissn/gomap/TreeDB/internal/typedkernel","Test":"TestInt64AggregateCursorParityRowSelectionShapes/double_delta_varint/sparse","Output":"=== RUN   TestInt64AggregateCursorParityRowSelectionShapes/double_delta_varint/sparse\n"}
2026-10-06T19:38:12.7298501Z {"Time":"2026-10-06T19:38:12.6621763Z","Action":"output","Package":"github.com/snissn/gomap/TreeDB/internal/typedkernel","Test":"TestInt64AggregateCursorParityRowSelectionShapes/double_delta_varint/sparse","Output":"--- PASS: TestInt64AggregateCursorParityRowSelectionShapes/double_delta_varint/sparse (0.00s)\n"}
2026-10-06T19:38:12.7300916Z {"Time":"2026-10-06T19:38:12.6621763Z","Action":"pass","Package":"github.com/snissn/gomap/TreeDB/internal/typedkernel","Test":"TestInt64AggregateCursorParityRowSelectionShapes/double_delta_varint/sparse","Elapsed":0}
2026-10-06T19:38:12.7302376Z {"Time":"2026-10-06T19:38:12.6621763Z","Action":"run","Package":"github.com/snissn/gomap/TreeDB/internal/typedkernel","Test":"TestInt64AggregateCursorParityRowSelectionShapes/double_delta_varint/all"}
2026-10-06T19:38:12.7304139Z {"Time":"2026-10-06T19:38:12.6621763Z","Action":"output","Package":"github.com/snissn/gomap/TreeDB/internal/typedkernel","Test":"TestInt64AggregateCursorParityRowSelectionShapes/double_delta_varint/all","Output":"=== RUN   TestInt64AggregateCursorParityRowSelectionShapes/double_delta_varint/all\n"}
2026-10-06T19:38:12.7306288Z {"Time":"2026-10-06T19:38:12.6621763Z","Action":"output","Package":"github.com/snissn/gomap/TreeDB/internal/typedkernel","Test":"TestInt64AggregateCursorParityRowSelectionShapes/double_delta_varint/all","Output":"--- PASS: TestInt64AggregateCursorParityRowSelectionShapes/double_delta_varint/all (0.00s)\n"}
2026-10-06T19:38:12.7308546Z {"Time":"2026-10-06T19:38:12.6621763Z","Action":"pass","Package":"github.com/snissn/gomap/TreeDB/internal/typedkernel","Test":"TestInt64AggregateCursorParityRowSelectionShapes/double_delta_varint/all","Elapsed":0}
2026-10-06T19:38:12.7309982Z {"Time":"2026-10-06T19:38:12.6621763Z","Action":"run","Package":"github.com/snissn/gomap/TreeDB/internal/typedkernel","Test":"TestInt64AggregateCursorParityRowSelectionShapes/double_delta_varint/range"}
2026-10-06T19:38:12.7311803Z {"Time":"2026-10-06T19:38:12.6621763Z","Action":"output","Package":"github.com/snissn/gomap/TreeDB/internal/typedkernel","Test":"TestInt64AggregateCursorParityRowSelectionShapes/double_delta_varint/range","Output":"=== RUN   TestInt64AggregateCursorParityRowSelectionShapes/double_delta_varint/range\n"}
2026-10-06T19:38:12.7313987Z {"Time":"2026-10-06T19:38:12.6621763Z","Action":"output","Package":"github.com/snissn/gomap/TreeDB/internal/typedkernel","Test":"TestInt64AggregateCursorParityRowSelectionShapes/double_delta_varint/range","Output":"--- PASS: TestInt64AggregateCursorParityRowSelectionShapes/double_delta_varint/range (0.00s)\n"}
2026-10-06T19:38:12.7315828Z {"Time":"2026-10-06T19:38:12.6621763Z","Action":"pass","Package":"github.com/snissn/gomap/TreeDB/internal/typedkernel","Test":"TestInt64AggregateCursorParityRowSelectionShapes/double_delta_varint/range","Elapsed":0}
2026-10-06T19:38:12.7317652Z {"Time":"2026-10-06T19:38:12.6621763Z","Action":"output","Package":"github.com/snissn/gomap/TreeDB/internal/typedkernel","Test":"TestInt64AggregateCursorParityRowSelectionShapes/double_delta_varint","Output":"--- PASS: TestInt64AggregateCursorParityRowSelectionShapes/double_delta_varint (0.00s)\n"}
2026-10-06T19:38:12.7319752Z {"Time":"2026-10-06T19:38:12.6621763Z","Action":"pass","Package":"github.com/snissn/gomap/TreeDB/internal/typedkernel","Test":"TestInt64AggregateCursorParityRowSelectionShapes/double_delta_varint","Elapsed":0}
2026-10-06T19:38:12.7321746Z {"Time":"2026-10-06T19:38:12.6621763Z","Action":"output","Package":"github.com/snissn/gomap/TreeDB/internal/typedkernel","Test":"TestInt64AggregateCursorParityRowSelectionShapes","Output":"--- PASS: TestInt64AggregateCursorParityRowSelectionShapes (0.00s)\n"}
2026-10-06T19:38:12.7323486Z {"Time":"2026-10-06T19:38:12.6621763Z","Action":"pass","Package":"github.com/snissn/gomap/TreeDB/internal/typedkernel","Test":"TestInt64AggregateCursorParityRowSelectionShapes","Elapsed":0}
2026-10-06T19:38:12.7324638Z {"Time":"2026-10-06T19:38:12.6621763Z","Action":"run","Package":"github.com/snissn/gomap/TreeDB/internal/typedkernel","Test":"TestInt64AggregateOverflow"}
2026-10-06T19:38:12.7325844Z {"Time":"2026-10-06T19:38:12.6625948Z","Action":"output","Package":"github.com/snissn/gomap/TreeDB/internal/typedkernel","Test":"TestInt64AggregateOverflow","Output":"=== RUN   TestInt64AggregateOverflow\n"}
2026-10-06T19:38:12.7327164Z {"Time":"2026-10-06T19:38:12.6625948Z","Action":"run","Package":"github.com/snissn/gomap/TreeDB/internal/typedkernel","Test":"TestInt64AggregateOverflow/positive"}
2026-10-06T19:38:12.7328458Z {"Time":"2026-10-06T19:38:12.6625948Z","Action":"output","Package":"github.com/snissn/gomap/TreeDB/internal/typedkernel","Test":"TestInt64AggregateOverflow/positive","Output":"=== RUN   TestInt64AggregateOverflow/positive\n"}
2026-10-06T19:38:12.7330497Z {"Time":"2026-10-06T19:38:12.6625948Z","Action":"output","Package":"github.com/snissn/gomap/TreeDB/internal/typedkernel","Test":"TestInt64AggregateOverflow/positive","Output":"--- PASS: TestInt64AggregateOverflow/positive (0.00s)\n"}
2026-10-06T19:38:12.7331888Z {"Time":"2026-10-06T19:38:12.6625948Z","Action":"pass","Package":"github.com/snissn/gomap/TreeDB/internal/typedkernel","Test":"TestInt64AggregateOverflow/positive","Elapsed":0}
2026-10-06T19:38:12.7333009Z {"Time":"2026-10-06T19:38:12.6625948Z","Action":"run","Package":"github.com/snissn/gomap/TreeDB/internal/typedkernel","Test":"TestInt64AggregateOverflow/negative"}
2026-10-06T19:38:12.7334758Z {"Time":"2026-10-06T19:38:12.6625948Z","Action":"output","Package":"github.com/snissn/gomap/TreeDB/internal/typedkernel","Test":"TestInt64AggregateOverflow/negative","Output":"=== RUN   TestInt64AggregateOverflow/negative\n"}
2026-10-06T19:38:12.7336317Z {"Time":"2026-10-06T19:38:12.6625948Z","Action":"output","Package":"github.com/snissn/gomap/TreeDB/internal/typedkernel","Test":"TestInt64AggregateOverflow/negative","Output":"--- PASS: TestInt64AggregateOverflow/negative (0.00s)\n"}
2026-10-06T19:38:12.7337671Z {"Time":"2026-10-06T19:38:12.6625948Z","Action":"pass","Package":"github.com/snissn/gomap/TreeDB/internal/typedkernel","Test":"TestInt64AggregateOverflow/negative","Elapsed":0}
2026-10-06T19:38:12.7338966Z {"Time":"2026-10-06T19:38:12.6625948Z","Action":"output","Package":"github.com/snissn/gomap/TreeDB/internal/typedkernel","Test":"TestInt64AggregateOverflow","Output":"--- PASS: TestInt64AggregateOverflow (0.00s)\n"}
2026-10-06T19:38:12.7340609Z {"Time":"2026-10-06T19:38:12.6625948Z","Action":"pass","Package":"github.com/snissn/gomap/TreeDB/internal/typedkernel","Test":"TestInt64AggregateOverflow","Elapsed":0}
2026-10-06T19:38:12.7341741Z {"Time":"2026-10-06T19:38:12.6625948Z","Action":"run","Package":"github.com/snissn/gomap/TreeDB/internal/typedkernel","Test":"TestInt64MinMaxDoNotAccumulateOverflowingSum"}
2026-10-06T19:38:12.7343162Z {"Time":"2026-10-06T19:38:12.6625948Z","Action":"output","Package":"github.com/snissn/gomap/TreeDB/internal/typedkernel","Test":"TestInt64MinMaxDoNotAccumulateOverflowingSum","Output":"=== RUN   TestInt64MinMaxDoNotAccumulateOverflowingSum\n"}
2026-10-06T19:38:12.7344678Z {"Time":"2026-10-06T19:38:12.6625948Z","Action":"run","Package":"github.com/snissn/gomap/TreeDB/internal/typedkernel","Test":"TestInt64MinMaxDoNotAccumulateOverflowingSum/min_positive_sum_overflow"}
2026-10-06T19:38:12.7346829Z {"Time":"2026-10-06T19:38:12.6625948Z","Action":"output","Package":"github.com/snissn/gomap/TreeDB/internal/typedkernel","Test":"TestInt64MinMaxDoNotAccumulateOverflowingSum/min_positive_sum_overflow","Output":"=== RUN   TestInt64MinMaxDoNotAccumulateOverflowingSum/min_positive_sum_overflow\n"}
2026-10-06T19:38:12.7348947Z {"Time":"2026-10-06T19:38:12.6625948Z","Action":"output","Package":"github.com/snissn/gomap/TreeDB/internal/typedkernel","Test":"TestInt64MinMaxDoNotAccumulateOverflowingSum/min_positive_sum_overflow","Output":"--- PASS: TestInt64MinMaxDoNotAccumulateOverflowingSum/min_positive_sum_overflow (0.00s)\n"}
2026-10-06T19:38:12.7350924Z {"Time":"2026-10-06T19:38:12.6625948Z","Action":"pass","Package":"github.com/snissn/gomap/TreeDB/internal/typedkernel","Test":"TestInt64MinMaxDoNotAccumulateOverflowingSum/min_positive_sum_overflow","Elapsed":0}
2026-10-06T19:38:12.7352308Z {"Time":"2026-10-06T19:38:12.6625948Z","Action":"run","Package":"github.com/snissn/gomap/TreeDB/internal/typedkernel","Test":"TestInt64MinMaxDoNotAccumulateOverflowingSum/max_positive_sum_overflow"}
2026-10-06T19:38:12.7354103Z {"Time":"2026-10-06T19:38:12.6625948Z","Action":"output","Package":"github.com/snissn/gomap/TreeDB/internal/typedkernel","Test":"TestInt64MinMaxDoNotAccumulateOverflowingSum/max_positive_sum_overflow","Output":"=== RUN   TestInt64MinMaxDoNotAccumulateOverflowingSum/max_positive_sum_overflow\n"}
2026-10-06T19:38:12.7356194Z {"Time":"2026-10-06T19:38:12.6625948Z","Action":"output","Package":"github.com/snissn/gomap/TreeDB/internal/typedkernel","Test":"TestInt64MinMaxDoNotAccumulateOverflowingSum/max_positive_sum_overflow","Output":"--- PASS: TestInt64MinMaxDoNotAccumulateOverflowingSum/max_positive_sum_overflow (0.00s)\n"}
2026-10-06T19:38:12.7357972Z {"Time":"2026-10-06T19:38:12.6625948Z","Action":"pass","Package":"github.com/snissn/gomap/TreeDB/internal/typedkernel","Test":"TestInt64MinMaxDoNotAccumulateOverflowingSum/max_positive_sum_overflow","Elapsed":0}
2026-10-06T19:38:12.7360120Z {"Time":"2026-10-06T19:38:12.6625948Z","Action":"run","Package":"github.com/snissn/gomap/TreeDB/internal/typedkernel","Test":"TestInt64MinMaxDoNotAccumulateOverflowingSum/min_negative_sum_overflow"}
2026-10-06T19:38:12.7361854Z {"Time":"2026-10-06T19:38:12.6625948Z","Action":"output","Package":"github.com/snissn/gomap/TreeDB/internal/typedkernel","Test":"TestInt64MinMaxDoNotAccumulateOverflowingSum/min_negative_sum_overflow","Output":"=== RUN   TestInt64MinMaxDoNotAccumulateOverflowingSum/min_negative_sum_overflow\n"}
2026-10-06T19:38:12.7363960Z {"Time":"2026-10-06T19:38:12.6625948Z","Action":"output","Package":"github.com/snissn/gomap/TreeDB/internal/typedkernel","Test":"TestInt64MinMaxDoNotAccumulateOverflowingSum/min_negative_sum_overflow","Output":"--- PASS: TestInt64MinMaxDoNotAccumulateOverflowingSum/min_negative_sum_overflow (0.00s)\n"}
2026-10-06T19:38:12.7365739Z {"Time":"2026-10-06T19:38:12.6625948Z","Action":"pass","Package":"github.com/snissn/gomap/TreeDB/internal/typedkernel","Test":"TestInt64MinMaxDoNotAccumulateOverflowingSum/min_negative_sum_overflow","Elapsed":0}
2026-10-06T19:38:12.7367135Z {"Time":"2026-10-06T19:38:12.6625948Z","Action":"run","Package":"github.com/snissn/gomap/TreeDB/internal/typedkernel","Test":"TestInt64MinMaxDoNotAccumulateOverflowingSum/max_negative_sum_overflow"}
2026-10-06T19:38:12.7368836Z {"Time":"2026-10-06T19:38:12.6625948Z","Action":"output","Package":"github.com/snissn/gomap/TreeDB/internal/typedkernel","Test":"TestInt64MinMaxDoNotAccumulateOverflowingSum/max_negative_sum_overflow","Output":"=== RUN   TestInt64MinMaxDoNotAccumulateOverflowingSum/max_negative_sum_overflow\n"}
2026-10-06T19:38:12.7371275Z {"Time":"2026-10-06T19:38:12.6625948Z","Action":"output","Package":"github.com/snissn/gomap/TreeDB/internal/typedkernel","Test":"TestInt64MinMaxDoNotAccumulateOverflowingSum/max_negative_sum_overflow","Output":"--- PASS: TestInt64MinMaxDoNotAccumulateOverflowingSum/max_negative_sum_overflow (0.00s)\n"}
2026-10-06T19:38:12.7373073Z {"Time":"2026-10-06T19:38:12.6625948Z","Action":"pass","Package":"github.com/snissn/gomap/TreeDB/internal/typedkernel","Test":"TestInt64MinMaxDoNotAccumulateOverflowingSum/max_negative_sum_overflow","Elapsed":0}
2026-10-06T19:38:12.7375240Z {"Time":"2026-10-06T19:38:12.6625948Z","Action":"output","Package":"github.com/snissn/gomap/TreeDB/internal/typedkernel","Test":"TestInt64MinMaxDoNotAccumulateOverflowingSum","Output":"--- PASS: TestInt64MinMaxDoNotAccumulateOverflowingSum (0.00s)\n"}
2026-10-06T19:38:12.7376937Z {"Time":"2026-10-06T19:38:12.6625948Z","Action":"pass","Package":"github.com/snissn/gomap/TreeDB/internal/typedkernel","Test":"TestInt64MinMaxDoNotAccumulateOverflowingSum","Elapsed":0}
2026-10-06T19:38:12.7378173Z {"Time":"2026-10-06T19:38:12.6625948Z","Action":"run","Package":"github.com/snissn/gomap/TreeDB/internal/typedkernel","Test":"TestInt64CountNonNullRejectsCursorWithoutConsuming"}
2026-10-06T19:38:12.7380079Z {"Time":"2026-10-06T19:38:12.6625948Z","Action":"output","Package":"github.com/snissn/gomap/TreeDB/internal/typedkernel","Test":"TestInt64CountNonNullRejectsCursorWithoutConsuming","Output":"=== RUN   TestInt64CountNonNullRejectsCursorWithoutConsuming\n"}
2026-10-06T19:38:12.7382049Z {"Time":"2026-10-06T19:38:12.6633392Z","Action":"output","Package":"github.com/snissn/gomap/TreeDB/internal/typedkernel","Test":"TestInt64CountNonNullRejectsCursorWithoutConsuming","Output":"--- PASS: TestInt64CountNonNullRejectsCursorWithoutConsuming (0.00s)\n"}
2026-10-06T19:38:12.7383646Z {"Time":"2026-10-06T19:38:12.6633392Z","Action":"pass","Package":"github.com/snissn/gomap/TreeDB/internal/typedkernel","Test":"TestInt64CountNonNullRejectsCursorWithoutConsuming","Elapsed":0}
2026-10-06T19:38:12.7385081Z {"Time":"2026-10-06T19:38:12.6633392Z","Action":"run","Package":"github.com/snissn/gomap/TreeDB/internal/typedkernel","Test":"TestInt64EmptySelectionDoesNotRequireValues"}
2026-10-06T19:38:12.7386498Z {"Time":"2026-10-06T19:38:12.6633392Z","Action":"output","Package":"github.com/snissn/gomap/TreeDB/internal/typedkernel","Test":"TestInt64EmptySelectionDoesNotRequireValues","Output":"=== RUN   TestInt64EmptySelectionDoesNotRequireValues\n"}
2026-10-06T19:38:12.7387954Z {"Time":"2026-10-06T19:38:12.6633392Z","Action":"run","Package":"github.com/snissn/gomap/TreeDB/internal/typedkernel","Test":"TestInt64EmptySelectionDoesNotRequireValues/aggregate.sum"}
2026-10-06T19:38:12.7389517Z {"Time":"2026-10-06T19:38:12.6633392Z","Action":"output","Package":"github.com/snissn/gomap/TreeDB/internal/typedkernel","Test":"TestInt64EmptySelectionDoesNotRequireValues/aggregate.sum","Output":"=== RUN   TestInt64EmptySelectionDoesNotRequireValues/aggregate.sum\n"}
2026-10-06T19:38:12.7391435Z {"Time":"2026-10-06T19:38:12.6633392Z","Action":"output","Package":"github.com/snissn/gomap/TreeDB/internal/typedkernel","Test":"TestInt64EmptySelectionDoesNotRequireValues/aggregate.sum","Output":"--- PASS: TestInt64EmptySelectionDoesNotRequireValues/aggregate.sum (0.00s)\n"}
2026-10-06T19:38:12.7393073Z {"Time":"2026-10-06T19:38:12.6633392Z","Action":"pass","Package":"github.com/snissn/gomap/TreeDB/internal/typedkernel","Test":"TestInt64EmptySelectionDoesNotRequireValues/aggregate.sum","Elapsed":0}
2026-10-06T19:38:12.7394369Z {"Time":"2026-10-06T19:38:12.6633392Z","Action":"run","Package":"github.com/snissn/gomap/TreeDB/internal/typedkernel","Test":"TestInt64EmptySelectionDoesNotRequireValues/aggregate.avg"}
2026-10-06T19:38:12.7396691Z {"Time":"2026-10-06T19:38:12.6633392Z","Action":"output","Package":"github.com/snissn/gomap/TreeDB/internal/typedkernel","Test":"TestInt64EmptySelectionDoesNotRequireValues/aggregate.avg","Output":"=== RUN   TestInt64EmptySelectionDoesNotRequireValues/aggregate.avg\n"}
2026-10-06T19:38:12.7401151Z {"Time":"2026-10-06T19:38:12.6633392Z","Action":"output","Package":"github.com/snissn/gomap/TreeDB/internal/typedkernel","Test":"TestInt64EmptySelectionDoesNotRequireValues/aggregate.avg","Output":"--- PASS: TestInt64EmptySelectionDoesNotRequireValues/aggregate.avg (0.00s)\n"}
2026-10-06T19:38:12.7403715Z {"Time":"2026-10-06T19:38:12.6633392Z","Action":"pass","Package":"github.com/snissn/gomap/TreeDB/internal/typedkernel","Test":"TestInt64EmptySelectionDoesNotRequireValues/aggregate.avg","Elapsed":0}
2026-10-06T19:38:12.7406270Z {"Time":"2026-10-06T19:38:12.6633392Z","Action":"run","Package":"github.com/snissn/gomap/TreeDB/internal/typedkernel","Test":"TestInt64EmptySelectionDoesNotRequireValues/aggregate.min"}
2026-10-06T19:38:12.7409300Z {"Time":"2026-10-06T19:38:12.6633392Z","Action":"output","Package":"github.com/snissn/gomap/TreeDB/internal/typedkernel","Test":"TestInt64EmptySelectionDoesNotRequireValues/aggregate.min","Output":"=== RUN   TestInt64EmptySelectionDoesNotRequireValues/aggregate.min\n"}
2026-10-06T19:38:12.7413339Z {"Time":"2026-10-06T19:38:12.6633392Z","Action":"output","Package":"github.com/snissn/gomap/TreeDB/internal/typedkernel","Test":"TestInt64EmptySelectionDoesNotRequireValues/aggregate.min","Output":"--- PASS: TestInt64EmptySelectionDoesNotRequireValues/aggregate.min (0.00s)\n"}
2026-10-06T19:38:12.7416718Z {"Time":"2026-10-06T19:38:12.6633392Z","Action":"pass","Package":"github.com/snissn/gomap/TreeDB/internal/typedkernel","Test":"TestInt64EmptySelectionDoesNotRequireValues/aggregate.min","Elapsed":0}
2026-10-06T19:38:12.7419583Z {"Time":"2026-10-06T19:38:12.6633392Z","Action":"run","Package":"github.com/snissn/gomap/TreeDB/internal/typedkernel","Test":"TestInt64EmptySelectionDoesNotRequireValues/aggregate.max"}
2026-10-06T19:38:12.7422622Z {"Time":"2026-10-06T19:38:12.6633392Z","Action":"output","Package":"github.com/snissn/gomap/TreeDB/internal/typedkernel","Test":"TestInt64EmptySelectionDoesNotRequireValues/aggregate.max","Output":"=== RUN   TestInt64EmptySelectionDoesNotRequireValues/aggregate.max\n"}
2026-10-06T19:38:12.7426306Z {"Time":"2026-10-06T19:38:12.6633392Z","Action":"output","Package":"github.com/snissn/gomap/TreeDB/internal/typedkernel","Test":"TestInt64EmptySelectionDoesNotRequireValues/aggregate.max","Output":"--- PASS: TestInt64EmptySelectionDoesNotRequireValues/aggregate.max (0.00s)\n"}
2026-10-06T19:38:12.7429472Z {"Time":"2026-10-06T19:38:12.6633392Z","Action":"pass","Package":"github.com/snissn/gomap/TreeDB/internal/typedkernel","Test":"TestInt64EmptySelectionDoesNotRequireValues/aggregate.max","Elapsed":0}
2026-10-06T19:38:12.7432430Z {"Time":"2026-10-06T19:38:12.6633392Z","Action":"output","Package":"github.com/snissn/gomap/TreeDB/internal/typedkernel","Test":"TestInt64EmptySelectionDoesNotRequireValues","Output":"--- PASS: TestInt64EmptySelectionDoesNotRequireValues (0.00s)\n"}
2026-10-06T19:38:12.7435152Z {"Time":"2026-10-06T19:38:12.6633392Z","Action":"pass","Package":"github.com/snissn/gomap/TreeDB/internal/typedkernel","Test":"TestInt64EmptySelectionDoesNotRequireValues","Elapsed":0}
2026-10-06T19:38:12.7437392Z {"Time":"2026-10-06T19:38:12.6633392Z","Action":"run","Package":"github.com/snissn/gomap/TreeDB/internal/typedkernel","Test":"TestInt64EmptySelectionValidatesCursorRequests"}
2026-10-06T19:38:12.7440477Z {"Time":"2026-10-06T19:38:12.6633392Z","Action":"output","Package":"github.com/snissn/gomap/TreeDB/internal/typedkernel","Test":"TestInt64EmptySelectionValidatesCursorRequests","Output":"=== RUN   TestInt64EmptySelectionValidatesCursorRequests\n"}
2026-10-06T19:38:12.7443830Z {"Time":"2026-10-06T19:38:12.6633392Z","Action":"output","Package":"github.com/snissn/gomap/TreeDB/internal/typedkernel","Test":"TestInt64EmptySelectionValidatesCursorRequests","Output":"--- PASS: TestInt64EmptySelectionValidatesCursorRequests (0.00s)\n"}
2026-10-06T19:38:12.7446701Z {"Time":"2026-10-06T19:38:12.6633392Z","Action":"pass","Package":"github.com/snissn/gomap/TreeDB/internal/typedkernel","Test":"TestInt64EmptySelectionValidatesCursorRequests","Elapsed":0}
2026-10-06T19:38:12.7448843Z {"Time":"2026-10-06T19:38:12.6633392Z","Action":"run","Package":"github.com/snissn/gomap/TreeDB/internal/typedkernel","Test":"TestDispatchSemanticAndLayoutGates"}
2026-10-06T19:38:12.7451215Z {"Time":"2026-10-06T19:38:12.6633392Z","Action":"output","Package":"github.com/snissn/gomap/TreeDB/internal/typedkernel","Test":"TestDispatchSemanticAndLayoutGates","Output":"=== RUN   TestDispatchSemanticAndLayoutGates\n"}
2026-10-06T19:38:12.7453927Z {"Time":"2026-10-06T19:38:12.6640628Z","Action":"run","Package":"github.com/snissn/gomap/TreeDB/internal/typedkernel","Test":"TestDispatchSemanticAndLayoutGates/semantic_layout_descriptor_mismatch_fails_closed"}
2026-10-06T19:38:12.7457365Z {"Time":"2026-10-06T19:38:12.6640628Z","Action":"output","Package":"github.com/snissn/gomap/TreeDB/internal/typedkernel","Test":"TestDispatchSemanticAndLayoutGates/semantic_layout_descriptor_mismatch_fails_closed","Output":"=== RUN   TestDispatchSemanticAndLayoutGates/semantic_layout_descriptor_mismatch_fails_closed\n"}
2026-10-06T19:38:12.7462216Z {"Time":"2026-10-06T19:38:12.6640628Z","Action":"output","Package":"github.com/snissn/gomap/TreeDB/internal/typedkernel","Test":"TestDispatchSemanticAndLayoutGates/semantic_layout_descriptor_mismatch_fails_closed","Output":"--- PASS: TestDispatchSemanticAndLayoutGates/semantic_layout_descriptor_mismatch_fails_closed (0.00s)\n"}
2026-10-06T19:38:12.7465959Z {"Time":"2026-10-06T19:38:12.6640628Z","Action":"pass","Package":"github.com/snissn/gomap/TreeDB/internal/typedkernel","Test":"TestDispatchSemanticAndLayoutGates/semantic_layout_descriptor_mismatch_fails_closed","Elapsed":0}
2026-10-06T19:38:12.7468549Z {"Time":"2026-10-06T19:38:12.6640628Z","Action":"run","Package":"github.com/snissn/gomap/TreeDB/internal/typedkernel","Test":"TestDispatchSemanticAndLayoutGates/bool_sum_fails_semantic_gate"}
2026-10-06T19:38:12.7471528Z {"Time":"2026-10-06T19:38:12.6640628Z","Action":"output","Package":"github.com/snissn/gomap/TreeDB/internal/typedkernel","Test":"TestDispatchSemanticAndLayoutGates/bool_sum_fails_semantic_gate","Output":"=== RUN   TestDispatchSemanticAndLayoutGates/bool_sum_fails_semantic_gate\n"}
2026-10-06T19:38:12.7475187Z {"Time":"2026-10-06T19:38:12.6640628Z","Action":"output","Package":"github.com/snissn/gomap/TreeDB/internal/typedkernel","Test":"TestDispatchSemanticAndLayoutGates/bool_sum_fails_semantic_gate","Output":"--- PASS: TestDispatchSemanticAndLayoutGates/bool_sum_fails_semantic_gate (0.00s)\n"}
2026-10-06T19:38:12.7478641Z {"Time":"2026-10-06T19:38:12.6640628Z","Action":"pass","Package":"github.com/snissn/gomap/TreeDB/internal/typedkernel","Test":"TestDispatchSemanticAndLayoutGates/bool_sum_fails_semantic_gate","Elapsed":0}
2026-10-06T19:38:12.7481172Z {"Time":"2026-10-06T19:38:12.6640628Z","Action":"run","Package":"github.com/snissn/gomap/TreeDB/internal/typedkernel","Test":"TestDispatchSemanticAndLayoutGates/zstd_int64_sum_fails_layout_gate"}
2026-10-06T19:38:12.7484266Z {"Time":"2026-10-06T19:38:12.6640628Z","Action":"output","Package":"github.com/snissn/gomap/TreeDB/internal/typedkernel","Test":"TestDispatchSemanticAndLayoutGates/zstd_int64_sum_fails_layout_gate","Output":"=== RUN   TestDispatchSemanticAndLayoutGates/zstd_int64_sum_fails_layout_gate\n"}
2026-10-06T19:38:12.7488051Z {"Time":"2026-10-06T19:38:12.6640628Z","Action":"output","Package":"github.com/snissn/gomap/TreeDB/internal/typedkernel","Test":"TestDispatchSemanticAndLayoutGates/zstd_int64_sum_fails_layout_gate","Output":"--- PASS: TestDispatchSemanticAndLayoutGates/zstd_int64_sum_fails_layout_gate (0.00s)\n"}
2026-10-06T19:38:12.7491251Z {"Time":"2026-10-06T19:38:12.6640628Z","Action":"pass","Package":"github.com/snissn/gomap/TreeDB/internal/typedkernel","Test":"TestDispatchSemanticAndLayoutGates/zstd_int64_sum_fails_layout_gate","Elapsed":0}
2026-10-06T19:38:12.7493951Z {"Time":"2026-10-06T19:38:12.6640628Z","Action":"run","Package":"github.com/snissn/gomap/TreeDB/internal/typedkernel","Test":"TestDispatchSemanticAndLayoutGates/nullable_int64_value_aggregate_remains_fallback"}
2026-10-06T19:38:12.7497487Z {"Time":"2026-10-06T19:38:12.6640628Z","Action":"output","Package":"github.com/snissn/gomap/TreeDB/internal/typedkernel","Test":"TestDispatchSemanticAndLayoutGates/nullable_int64_value_aggregate_remains_fallback","Output":"=== RUN   TestDispatchSemanticAndLayoutGates/nullable_int64_value_aggregate_remains_fallback\n"}
2026-10-06T19:38:12.7501570Z {"Time":"2026-10-06T19:38:12.6640628Z","Action":"output","Package":"github.com/snissn/gomap/TreeDB/internal/typedkernel","Test":"TestDispatchSemanticAndLayoutGates/nullable_int64_value_aggregate_remains_fallback","Output":"--- PASS: TestDispatchSemanticAndLayoutGates/nullable_int64_value_aggregate_remains_fallback (0.00s)\n"}
2026-10-06T19:38:12.7503530Z {"Time":"2026-10-06T19:38:12.6640628Z","Action":"pass","Package":"github.com/snissn/gomap/TreeDB/internal/typedkernel","Test":"TestDispatchSemanticAndLayoutGates/nullable_int64_value_aggregate_remains_fallback","Elapsed":0}
2026-10-06T19:38:12.7505258Z {"Time":"2026-10-06T19:38:12.6640628Z","Action":"run","Package":"github.com/snissn/gomap/TreeDB/internal/typedkernel","Test":"TestDispatchSemanticAndLayoutGates/nullable_count_non-null_has_no_value-mask_kernel_yet"}
2026-10-06T19:38:12.7507265Z {"Time":"2026-10-06T19:38:12.6640628Z","Action":"output","Package":"github.com/snissn/gomap/TreeDB/internal/typedkernel","Test":"TestDispatchSemanticAndLayoutGates/nullable_count_non-null_has_no_value-mask_kernel_yet","Output":"=== RUN   TestDispatchSemanticAndLayoutGates/nullable_count_non-null_has_no_value-mask_kernel_yet\n"}
2026-10-06T19:38:12.7509602Z {"Time":"2026-10-06T19:38:12.6640628Z","Action":"output","Package":"github.com/snissn/gomap/TreeDB/internal/typedkernel","Test":"TestDispatchSemanticAndLayoutGates/nullable_count_non-null_has_no_value-mask_kernel_yet","Output":"--- PASS: TestDispatchSemanticAndLayoutGates/nullable_count_non-null_has_no_value-mask_kernel_yet (0.00s)\n"}
2026-10-06T19:38:12.7511604Z {"Time":"2026-10-06T19:38:12.6640628Z","Action":"pass","Package":"github.com/snissn/gomap/TreeDB/internal/typedkernel","Test":"TestDispatchSemanticAndLayoutGates/nullable_count_non-null_has_no_value-mask_kernel_yet","Elapsed":0}
2026-10-06T19:38:12.7513189Z {"Time":"2026-10-06T19:38:12.6640628Z","Action":"output","Package":"github.com/snissn/gomap/TreeDB/internal/typedkernel","Test":"TestDispatchSemanticAndLayoutGates","Output":"--- PASS: TestDispatchSemanticAndLayoutGates (0.01s)\n"}
2026-10-06T19:38:12.7514568Z {"Time":"2026-10-06T19:38:12.6640628Z","Action":"pass","Package":"github.com/snissn/gomap/TreeDB/internal/typedkernel","Test":"TestDispatchSemanticAndLayoutGates","Elapsed":0.01}
2026-10-06T19:38:12.7515710Z {"Time":"2026-10-06T19:38:12.6640628Z","Action":"run","Package":"github.com/snissn/gomap/TreeDB/internal/typedkernel","Test":"TestCountRowsAndCountNonNullDistinct"}
2026-10-06T19:38:12.7517040Z {"Time":"2026-10-06T19:38:12.6640628Z","Action":"output","Package":"github.com/snissn/gomap/TreeDB/internal/typedkernel","Test":"TestCountRowsAndCountNonNullDistinct","Output":"=== RUN   TestCountRowsAndCountNonNullDistinct\n"}
2026-10-06T19:38:12.7518968Z {"Time":"2026-10-06T19:38:12.6640628Z","Action":"output","Package":"github.com/snissn/gomap/TreeDB/internal/typedkernel","Test":"TestCountRowsAndCountNonNullDistinct","Output":"--- PASS: TestCountRowsAndCountNonNullDistinct (0.00s)\n"}
2026-10-06T19:38:12.7520375Z {"Time":"2026-10-06T19:38:12.6640628Z","Action":"pass","Package":"github.com/snissn/gomap/TreeDB/internal/typedkernel","Test":"TestCountRowsAndCountNonNullDistinct","Elapsed":0}
2026-10-06T19:38:12.7521529Z {"Time":"2026-10-06T19:38:12.6640628Z","Action":"run","Package":"github.com/snissn/gomap/TreeDB/internal/typedkernel","Test":"TestGenericCountRowsDispatchesForNonInt64"}
2026-10-06T19:38:12.7522930Z {"Time":"2026-10-06T19:38:12.6640628Z","Action":"output","Package":"github.com/snissn/gomap/TreeDB/internal/typedkernel","Test":"TestGenericCountRowsDispatchesForNonInt64","Output":"=== RUN   TestGenericCountRowsDispatchesForNonInt64\n"}
2026-10-06T19:38:12.7524638Z {"Time":"2026-10-06T19:38:12.6640628Z","Action":"output","Package":"github.com/snissn/gomap/TreeDB/internal/typedkernel","Test":"TestGenericCountRowsDispatchesForNonInt64","Output":"--- PASS: TestGenericCountRowsDispatchesForNonInt64 (0.00s)\n"}
2026-10-06T19:38:12.7526107Z {"Time":"2026-10-06T19:38:12.6640628Z","Action":"pass","Package":"github.com/snissn/gomap/TreeDB/internal/typedkernel","Test":"TestGenericCountRowsDispatchesForNonInt64","Elapsed":0}
2026-10-06T19:38:12.7527267Z {"Time":"2026-10-06T19:38:12.6640628Z","Action":"run","Package":"github.com/snissn/gomap/TreeDB/internal/typedkernel","Test":"TestBoolCountsKernelSelectionParity"}
2026-10-06T19:38:12.7528583Z {"Time":"2026-10-06T19:38:12.6640628Z","Action":"output","Package":"github.com/snissn/gomap/TreeDB/internal/typedkernel","Test":"TestBoolCountsKernelSelectionParity","Output":"=== RUN   TestBoolCountsKernelSelectionParity\n"}
2026-10-06T19:38:12.7530052Z {"Time":"2026-10-06T19:38:12.6640628Z","Action":"run","Package":"github.com/snissn/gomap/TreeDB/internal/typedkernel","Test":"TestBoolCountsKernelSelectionParity/bitmap"}
2026-10-06T19:38:12.7531437Z {"Time":"2026-10-06T19:38:12.6640628Z","Action":"output","Package":"github.com/snissn/gomap/TreeDB/internal/typedkernel","Test":"TestBoolCountsKernelSelectionParity/bitmap","Output":"=== RUN   TestBoolCountsKernelSelectionParity/bitmap\n"}
2026-10-06T19:38:12.7533196Z {"Time":"2026-10-06T19:38:12.6640628Z","Action":"output","Package":"github.com/snissn/gomap/TreeDB/internal/typedkernel","Test":"TestBoolCountsKernelSelectionParity/bitmap","Output":"--- PASS: TestBoolCountsKernelSelectionParity/bitmap (0.00s)\n"}
2026-10-06T19:38:12.7534664Z {"Time":"2026-10-06T19:38:12.6640628Z","Action":"pass","Package":"github.com/snissn/gomap/TreeDB/internal/typedkernel","Test":"TestBoolCountsKernelSelectionParity/bitmap","Elapsed":0}
2026-10-06T19:38:12.7535838Z {"Time":"2026-10-06T19:38:12.6640628Z","Action":"run","Package":"github.com/snissn/gomap/TreeDB/internal/typedkernel","Test":"TestBoolCountsKernelSelectionParity/sparse"}
2026-10-06T19:38:12.7537219Z {"Time":"2026-10-06T19:38:12.6640628Z","Action":"output","Package":"github.com/snissn/gomap/TreeDB/internal/typedkernel","Test":"TestBoolCountsKernelSelectionParity/sparse","Output":"=== RUN   TestBoolCountsKernelSelectionParity/sparse\n"}
2026-10-06T19:38:12.7539322Z {"Time":"2026-10-06T19:38:12.6640628Z","Action":"output","Package":"github.com/snissn/gomap/TreeDB/internal/typedkernel","Test":"TestBoolCountsKernelSelectionParity/sparse","Output":"--- PASS: TestBoolCountsKernelSelectionParity/sparse (0.00s)\n"}
2026-10-06T19:38:12.7540805Z {"Time":"2026-10-06T19:38:12.6640628Z","Action":"pass","Package":"github.com/snissn/gomap/TreeDB/internal/typedkernel","Test":"TestBoolCountsKernelSelectionParity/sparse","Elapsed":0}
2026-10-06T19:38:12.7541983Z {"Time":"2026-10-06T19:38:12.6640628Z","Action":"run","Package":"github.com/snissn/gomap/TreeDB/internal/typedkernel","Test":"TestBoolCountsKernelSelectionParity/all"}
2026-10-06T19:38:12.7543360Z {"Time":"2026-10-06T19:38:12.6640628Z","Action":"output","Package":"github.com/snissn/gomap/TreeDB/internal/typedkernel","Test":"TestBoolCountsKernelSelectionParity/all","Output":"=== RUN   TestBoolCountsKernelSelectionParity/all\n"}
2026-10-06T19:38:12.7544976Z {"Time":"2026-10-06T19:38:12.6640628Z","Action":"output","Package":"github.com/snissn/gomap/TreeDB/internal/typedkernel","Test":"TestBoolCountsKernelSelectionParity/all","Output":"--- PASS: TestBoolCountsKernelSelectionParity/all (0.00s)\n"}
2026-10-06T19:38:12.7546400Z {"Time":"2026-10-06T19:38:12.6640628Z","Action":"pass","Package":"github.com/snissn/gomap/TreeDB/internal/typedkernel","Test":"TestBoolCountsKernelSelectionParity/all","Elapsed":0}
2026-10-06T19:38:12.7547558Z {"Time":"2026-10-06T19:38:12.6640628Z","Action":"run","Package":"github.com/snissn/gomap/TreeDB/internal/typedkernel","Test":"TestBoolCountsKernelSelectionParity/empty"}
2026-10-06T19:38:12.7548933Z {"Time":"2026-10-06T19:38:12.6640628Z","Action":"output","Package":"github.com/snissn/gomap/TreeDB/internal/typedkernel","Test":"TestBoolCountsKernelSelectionParity/empty","Output":"=== RUN   TestBoolCountsKernelSelectionParity/empty\n"}
2026-10-06T19:38:12.7550576Z {"Time":"2026-10-06T19:38:12.6640628Z","Action":"output","Package":"github.com/snissn/gomap/TreeDB/internal/typedkernel","Test":"TestBoolCountsKernelSelectionParity/empty","Output":"--- PASS: TestBoolCountsKernelSelectionParity/empty (0.00s)\n"}
2026-10-06T19:38:12.7552024Z {"Time":"2026-10-06T19:38:12.6640628Z","Action":"pass","Package":"github.com/snissn/gomap/TreeDB/internal/typedkernel","Test":"TestBoolCountsKernelSelectionParity/empty","Elapsed":0}
2026-10-06T19:38:12.7553197Z {"Time":"2026-10-06T19:38:12.6640628Z","Action":"run","Package":"github.com/snissn/gomap/TreeDB/internal/typedkernel","Test":"TestBoolCountsKernelSelectionParity/range"}
2026-10-06T19:38:12.7554689Z {"Time":"2026-10-06T19:38:12.6640628Z","Action":"output","Package":"github.com/snissn/gomap/TreeDB/internal/typedkernel","Test":"TestBoolCountsKernelSelectionParity/range","Output":"=== RUN   TestBoolCountsKernelSelectionParity/range\n"}
2026-10-06T19:38:12.7556879Z {"Time":"2026-10-06T19:38:12.6640628Z","Action":"output","Package":"github.com/snissn/gomap/TreeDB/internal/typedkernel","Test":"TestBoolCountsKernelSelectionParity/range","Output":"--- PASS: TestBoolCountsKernelSelectionParity/range (0.00s)\n"}
2026-10-06T19:38:12.7559812Z {"Time":"2026-10-06T19:38:12.6640628Z","Action":"pass","Package":"github.com/snissn/gomap/TreeDB/internal/typedkernel","Test":"TestBoolCountsKernelSelectionParity/range","Elapsed":0}
2026-10-06T19:38:12.7562263Z {"Time":"2026-10-06T19:38:12.6640628Z","Action":"run","Package":"github.com/snissn/gomap/TreeDB/internal/typedkernel","Test":"TestBoolCountsKernelSelectionParity/ranges"}
2026-10-06T19:38:12.7564938Z {"Time":"2026-10-06T19:38:12.6640628Z","Action":"output","Package":"github.com/snissn/gomap/TreeDB/internal/typedkernel","Test":"TestBoolCountsKernelSelectionParity/ranges","Output":"=== RUN   TestBoolCountsKernelSelectionParity/ranges\n"}
2026-10-06T19:38:12.7568162Z {"Time":"2026-10-06T19:38:12.6640628Z","Action":"output","Package":"github.com/snissn/gomap/TreeDB/internal/typedkernel","Test":"TestBoolCountsKernelSelectionParity/ranges","Output":"--- PASS: TestBoolCountsKernelSelectionParity/ranges (0.00s)\n"}
2026-10-06T19:38:12.7570948Z {"Time":"2026-10-06T19:38:12.6645703Z","Action":"pass","Package":"github.com/snissn/gomap/TreeDB/internal/typedkernel","Test":"TestBoolCountsKernelSelectionParity/ranges","Elapsed":0}
2026-10-06T19:38:12.7573657Z {"Time":"2026-10-06T19:38:12.6645703Z","Action":"output","Package":"github.com/snissn/gomap/TreeDB/internal/typedkernel","Test":"TestBoolCountsKernelSelectionParity","Output":"--- PASS: TestBoolCountsKernelSelectionParity (0.00s)\n"}
2026-10-06T19:38:12.7576679Z {"Time":"2026-10-06T19:38:12.6645703Z","Action":"pass","Package":"github.com/snissn/gomap/TreeDB/internal/typedkernel","Test":"TestBoolCountsKernelSelectionParity","Elapsed":0}
2026-10-06T19:38:12.7578783Z {"Time":"2026-10-06T19:38:12.6645703Z","Action":"run","Package":"github.com/snissn/gomap/TreeDB/internal/typedkernel","Test":"TestBoolCountNonNullKernel"}
2026-10-06T19:38:12.7581098Z {"Time":"2026-10-06T19:38:12.6645703Z","Action":"output","Package":"github.com/snissn/gomap/TreeDB/internal/typedkernel","Test":"TestBoolCountNonNullKernel","Output":"=== RUN   TestBoolCountNonNullKernel\n"}
2026-10-06T19:38:12.7583819Z {"Time":"2026-10-06T19:38:12.6645703Z","Action":"output","Package":"github.com/snissn/gomap/TreeDB/internal/typedkernel","Test":"TestBoolCountNonNullKernel","Output":"--- PASS: TestBoolCountNonNullKernel (0.00s)\n"}
2026-10-06T19:38:12.7586280Z {"Time":"2026-10-06T19:38:12.6645703Z","Action":"pass","Package":"github.com/snissn/gomap/TreeDB/internal/typedkernel","Test":"TestBoolCountNonNullKernel","Elapsed":0}
2026-10-06T19:38:12.7588416Z {"Time":"2026-10-06T19:38:12.6645703Z","Action":"run","Package":"github.com/snissn/gomap/TreeDB/internal/typedkernel","Test":"TestCallerOwnedFakeNonInt64KernelDispatch"}
2026-10-06T19:38:12.7591057Z {"Time":"2026-10-06T19:38:12.6645703Z","Action":"output","Package":"github.com/snissn/gomap/TreeDB/internal/typedkernel","Test":"TestCallerOwnedFakeNonInt64KernelDispatch","Output":"=== RUN   TestCallerOwnedFakeNonInt64KernelDispatch\n"}
2026-10-06T19:38:12.7594300Z {"Time":"2026-10-06T19:38:12.6645703Z","Action":"output","Package":"github.com/snissn/gomap/TreeDB/internal/typedkernel","Test":"TestCallerOwnedFakeNonInt64KernelDispatch","Output":"--- PASS: TestCallerOwnedFakeNonInt64KernelDispatch (0.00s)\n"}
2026-10-06T19:38:12.7597441Z {"Time":"2026-10-06T19:38:12.6645703Z","Action":"pass","Package":"github.com/snissn/gomap/TreeDB/internal/typedkernel","Test":"TestCallerOwnedFakeNonInt64KernelDispatch","Elapsed":0}
2026-10-06T19:38:12.7599695Z {"Time":"2026-10-06T19:38:12.6645703Z","Action":"output","Package":"github.com/snissn/gomap/TreeDB/internal/typedkernel","Output":"PASS\n"}
2026-10-06T19:38:12.7601758Z {"Time":"2026-10-06T19:38:12.6666201Z","Action":"output","Package":"github.com/snissn/gomap/TreeDB/internal/typedkernel","Output":"ok  \tgithub.com/snissn/gomap/TreeDB/internal/typedkernel\t0.040s\n"}
2026-10-06T19:38:12.7603690Z {"Time":"2026-10-06T19:38:12.6699688Z","Action":"pass","Package":"github.com/snissn/gomap/TreeDB/internal/typedkernel","Elapsed":0.043}
2026-10-06T19:38:18.0738265Z {"Time":"2026-10-06T19:38:18.0605424Z","Action":"start","Package":"github.com/snissn/gomap/TreeDB/mongo_gateway/benchsupport"}
2026-10-06T19:38:18.1045660Z {"Time":"2026-10-06T19:38:18.0910978Z","Action":"run","Package":"github.com/snissn/gomap/TreeDB/mongo_gateway/benchsupport","Test":"TestProductionRouteProofCatalogVersionClearsStaleKnownState"}
2026-10-06T19:38:18.1048330Z {"Time":"2026-10-06T19:38:18.0910978Z","Action":"output","Package":"github.com/snissn/gomap/TreeDB/mongo_gateway/benchsupport","Test":"TestProductionRouteProofCatalogVersionClearsStaleKnownState","Output":"=== RUN   TestProductionRouteProofCatalogVersionClearsStaleKnownState\n"}
2026-10-06T19:38:18.1050860Z {"Time":"2026-10-06T19:38:18.0910978Z","Action":"output","Package":"github.com/snissn/gomap/TreeDB/mongo_gateway/benchsupport","Test":"TestProductionRouteProofCatalogVersionClearsStaleKnownState","Output":"--- PASS: TestProductionRouteProofCatalogVersionClearsStaleKnownState (0.00s)\n"}
2026-10-06T19:38:18.1053087Z {"Time":"2026-10-06T19:38:18.0910978Z","Action":"pass","Package":"github.com/snissn/gomap/TreeDB/mongo_gateway/benchsupport","Test":"TestProductionRouteProofCatalogVersionClearsStaleKnownState","Elapsed":0}
2026-10-06T19:38:18.1054581Z {"Time":"2026-10-06T19:38:18.0910978Z","Action":"run","Package":"github.com/snissn/gomap/TreeDB/mongo_gateway/benchsupport","Test":"TestProductionRouteProofCatalogVersionServerCatalogVersionUsesContext"}
2026-10-06T19:38:18.1056476Z {"Time":"2026-10-06T19:38:18.0910978Z","Action":"output","Package":"github.com/snissn/gomap/TreeDB/mongo_gateway/benchsupport","Test":"TestProductionRouteProofCatalogVersionServerCatalogVersionUsesContext","Output":"=== RUN   TestProductionRouteProofCatalogVersionServerCatalogVersionUsesContext\n"}
2026-10-06T19:38:18.1059718Z {"Time":"2026-10-06T19:38:18.0910978Z","Action":"output","Package":"github.com/snissn/gomap/TreeDB/mongo_gateway/benchsupport","Test":"TestProductionRouteProofCatalogVersionServerCatalogVersionUsesContext","Output":"--- PASS: TestProductionRouteProofCatalogVersionServerCatalogVersionUsesContext (0.00s)\n"}
2026-10-06T19:38:18.1061941Z {"Time":"2026-10-06T19:38:18.0910978Z","Action":"pass","Package":"github.com/snissn/gomap/TreeDB/mongo_gateway/benchsupport","Test":"TestProductionRouteProofCatalogVersionServerCatalogVersionUsesContext","Elapsed":0}
2026-10-06T19:38:18.1064621Z {"Time":"2026-10-06T19:38:18.0910978Z","Action":"run","Package":"github.com/snissn/gomap/TreeDB/mongo_gateway/benchsupport","Test":"TestProductionRouteProofRecorderClusterRouteTokenBatchRequiresTokens"}
2026-10-06T19:38:18.1068430Z {"Time":"2026-10-06T19:38:18.0910978Z","Action":"output","Package":"github.com/snissn/gomap/TreeDB/mongo_gateway/benchsupport","Test":"TestProductionRouteProofRecorderClusterRouteTokenBatchRequiresTokens","Output":"=== RUN   TestProductionRouteProofRecorderClusterRouteTokenBatchRequiresTokens\n"}
2026-10-06T19:38:18.1072779Z {"Time":"2026-10-06T19:38:18.0910978Z","Action":"output","Package":"github.com/snissn/gomap/TreeDB/mongo_gateway/benchsupport","Test":"TestProductionRouteProofRecorderClusterRouteTokenBatchRequiresTokens","Output":"--- PASS: TestProductionRouteProofRecorderClusterRouteTokenBatchRequiresTokens (0.00s)\n"}
2026-10-06T19:38:18.1076381Z {"Time":"2026-10-06T19:38:18.0910978Z","Action":"pass","Package":"github.com/snissn/gomap/TreeDB/mongo_gateway/benchsupport","Test":"TestProductionRouteProofRecorderClusterRouteTokenBatchRequiresTokens","Elapsed":0}
2026-10-06T19:38:18.1079337Z {"Time":"2026-10-06T19:38:18.0910978Z","Action":"run","Package":"github.com/snissn/gomap/TreeDB/mongo_gateway/benchsupport","Test":"TestProductionRouteProofRecorderCountsOnlyConfiguredLocalGroups"}
2026-10-06T19:38:18.1082645Z {"Time":"2026-10-06T19:38:18.0910978Z","Action":"output","Package":"github.com/snissn/gomap/TreeDB/mongo_gateway/benchsupport","Test":"TestProductionRouteProofRecorderCountsOnlyConfiguredLocalGroups","Output":"=== RUN   TestProductionRouteProofRecorderCountsOnlyConfiguredLocalGroups\n"}
2026-10-06T19:38:18.1087250Z {"Time":"2026-10-06T19:38:18.0910978Z","Action":"output","Package":"github.com/snissn/gomap/TreeDB/mongo_gateway/benchsupport","Test":"TestProductionRouteProofRecorderCountsOnlyConfiguredLocalGroups","Output":"--- PASS: TestProductionRouteProofRecorderCountsOnlyConfiguredLocalGroups (0.00s)\n"}
2026-10-06T19:38:18.1090892Z {"Time":"2026-10-06T19:38:18.0910978Z","Action":"pass","Package":"github.com/snissn/gomap/TreeDB/mongo_gateway/benchsupport","Test":"TestProductionRouteProofRecorderCountsOnlyConfiguredLocalGroups","Elapsed":0}
2026-10-06T19:38:18.1093623Z {"Time":"2026-10-06T19:38:18.0910978Z","Action":"run","Package":"github.com/snissn/gomap/TreeDB/mongo_gateway/benchsupport","Test":"TestProductionRouteProofRecorderCountsConfiguredForwardGroups"}
2026-10-06T19:38:18.1096866Z {"Time":"2026-10-06T19:38:18.0910978Z","Action":"output","Package":"github.com/snissn/gomap/TreeDB/mongo_gateway/benchsupport","Test":"TestProductionRouteProofRecorderCountsConfiguredForwardGroups","Output":"=== RUN   TestProductionRouteProofRecorderCountsConfiguredForwardGroups\n"}
2026-10-06T19:38:18.1101085Z {"Time":"2026-10-06T19:38:18.0910978Z","Action":"output","Package":"github.com/snissn/gomap/TreeDB/mongo_gateway/benchsupport","Test":"TestProductionRouteProofRecorderCountsConfiguredForwardGroups","Output":"--- PASS: TestProductionRouteProofRecorderCountsConfiguredForwardGroups (0.00s)\n"}
2026-10-06T19:38:18.1104534Z {"Time":"2026-10-06T19:38:18.0910978Z","Action":"pass","Package":"github.com/snissn/gomap/TreeDB/mongo_gateway/benchsupport","Test":"TestProductionRouteProofRecorderCountsConfiguredForwardGroups","Elapsed":0}
2026-10-06T19:38:18.1107724Z {"Time":"2026-10-06T19:38:18.0910978Z","Action":"run","Package":"github.com/snissn/gomap/TreeDB/mongo_gateway/benchsupport","Test":"TestProductionRouteProofRecorderUnknownOwnerProbeAvoidsConfiguredGroups"}
2026-10-06T19:38:18.1110089Z {"Time":"2026-10-06T19:38:18.0910978Z","Action":"output","Package":"github.com/snissn/gomap/TreeDB/mongo_gateway/benchsupport","Test":"TestProductionRouteProofRecorderUnknownOwnerProbeAvoidsConfiguredGroups","Output":"=== RUN   TestProductionRouteProofRecorderUnknownOwnerProbeAvoidsConfiguredGroups\n"}
2026-10-06T19:38:18.1112671Z {"Time":"2026-10-06T19:38:18.0910978Z","Action":"output","Package":"github.com/snissn/gomap/TreeDB/mongo_gateway/benchsupport","Test":"TestProductionRouteProofRecorderUnknownOwnerProbeAvoidsConfiguredGroups","Output":"--- PASS: TestProductionRouteProofRecorderUnknownOwnerProbeAvoidsConfiguredGroups (0.00s)\n"}
2026-10-06T19:38:18.1114690Z {"Time":"2026-10-06T19:38:18.0910978Z","Action":"pass","Package":"github.com/snissn/gomap/TreeDB/mongo_gateway/benchsupport","Test":"TestProductionRouteProofRecorderUnknownOwnerProbeAvoidsConfiguredGroups","Elapsed":0}
2026-10-06T19:38:18.1116186Z {"Time":"2026-10-06T19:38:18.0910978Z","Action":"run","Package":"github.com/snissn/gomap/TreeDB/mongo_gateway/benchsupport","Test":"TestProductionRouteProofRecorderUnconfiguredGroupStillRedirects"}
2026-10-06T19:38:18.1118178Z {"Time":"2026-10-06T19:38:18.0910978Z","Action":"output","Package":"github.com/snissn/gomap/TreeDB/mongo_gateway/benchsupport","Test":"TestProductionRouteProofRecorderUnconfiguredGroupStillRedirects","Output":"=== RUN   TestProductionRouteProofRecorderUnconfiguredGroupStillRedirects\n"}
2026-10-06T19:38:18.1120337Z {"Time":"2026-10-06T19:38:18.0910978Z","Action":"output","Package":"github.com/snissn/gomap/TreeDB/mongo_gateway/benchsupport","Test":"TestProductionRouteProofRecorderUnconfiguredGroupStillRedirects","Output":"--- PASS: TestProductionRouteProofRecorderUnconfiguredGroupStillRedirects (0.00s)\n"}
2026-10-06T19:38:18.1123771Z {"Time":"2026-10-06T19:38:18.0918565Z","Action":"pass","Package":"github.com/snissn/gomap/TreeDB/mongo_gateway/benchsupport","Test":"TestProductionRouteProofRecorderUnconfiguredGroupStillRedirects","Elapsed":0}
2026-10-06T19:38:18.1125233Z {"Time":"2026-10-06T19:38:18.0918565Z","Action":"run","Package":"github.com/snissn/gomap/TreeDB/mongo_gateway/benchsupport","Test":"TestProductionRouteProofRecorderResetCountersPreservesLocalGroups"}
2026-10-06T19:38:18.1127530Z {"Time":"2026-10-06T19:38:18.0918565Z","Action":"output","Package":"github.com/snissn/gomap/TreeDB/mongo_gateway/benchsupport","Test":"TestProductionRouteProofRecorderResetCountersPreservesLocalGroups","Output":"=== RUN   TestProductionRouteProofRecorderResetCountersPreservesLocalGroups\n"}
2026-10-06T19:38:18.1130009Z {"Time":"2026-10-06T19:38:18.0918565Z","Action":"output","Package":"github.com/snissn/gomap/TreeDB/mongo_gateway/benchsupport","Test":"TestProductionRouteProofRecorderResetCountersPreservesLocalGroups","Output":"--- PASS: TestProductionRouteProofRecorderResetCountersPreservesLocalGroups (0.00s)\n"}
2026-10-06T19:38:18.1131906Z {"Time":"2026-10-06T19:38:18.0918565Z","Action":"pass","Package":"github.com/snissn/gomap/TreeDB/mongo_gateway/benchsupport","Test":"TestProductionRouteProofRecorderResetCountersPreservesLocalGroups","Elapsed":0}
2026-10-06T19:38:18.1133130Z {"Time":"2026-10-06T19:38:18.0918565Z","Action":"output","Package":"github.com/snissn/gomap/TreeDB/mongo_gateway/benchsupport","Output":"PASS\n"}
2026-10-06T19:38:18.1134509Z {"Time":"2026-10-06T19:38:18.0943178Z","Action":"output","Package":"github.com/snissn/gomap/TreeDB/mongo_gateway/benchsupport","Output":"ok  \tgithub.com/snissn/gomap/TreeDB/mongo_gateway/benchsupport\t0.034s\n"}
2026-10-06T19:38:18.1135664Z {"Time":"2026-10-06T19:38:18.096568Z","Action":"pass","Package":"github.com/snissn/gomap/TreeDB/mongo_gateway/benchsupport","Elapsed":0.036}
2026-10-06T19:38:18.6838394Z {"Time":"2026-10-06T19:38:18.6772133Z","Action":"start","Package":"github.com/snissn/gomap/TreeDB/template"}
2026-10-06T19:38:18.6987851Z {"Time":"2026-10-06T19:38:18.6955166Z","Action":"run","Package":"github.com/snissn/gomap/TreeDB/template","Test":"TestDecodePayloadAppend_Anchors"}
2026-10-06T19:38:18.6990576Z {"Time":"2026-10-06T19:38:18.6955166Z","Action":"output","Package":"github.com/snissn/gomap/TreeDB/template","Test":"TestDecodePayloadAppend_Anchors","Output":"=== RUN   TestDecodePayloadAppend_Anchors\n"}
2026-10-06T19:38:18.6993132Z {"Time":"2026-10-06T19:38:18.6955166Z","Action":"output","Package":"github.com/snissn/gomap/TreeDB/template","Test":"TestDecodePayloadAppend_Anchors","Output":"--- PASS: TestDecodePayloadAppend_Anchors (0.00s)\n"}
2026-10-06T19:38:18.6995471Z {"Time":"2026-10-06T19:38:18.6955166Z","Action":"pass","Package":"github.com/snissn/gomap/TreeDB/template","Test":"TestDecodePayloadAppend_Anchors","Elapsed":0}
2026-10-06T19:38:18.6997255Z {"Time":"2026-10-06T19:38:18.6955166Z","Action":"run","Package":"github.com/snissn/gomap/TreeDB/template","Test":"TestDecodePayloadAppend_Mask"}
2026-10-06T19:38:18.6999304Z {"Time":"2026-10-06T19:38:18.6955166Z","Action":"output","Package":"github.com/snissn/gomap/TreeDB/template","Test":"TestDecodePayloadAppend_Mask","Output":"=== RUN   TestDecodePayloadAppend_Mask\n"}
2026-10-06T19:38:18.7001665Z {"Time":"2026-10-06T19:38:18.6955166Z","Action":"output","Package":"github.com/snissn/gomap/TreeDB/template","Test":"TestDecodePayloadAppend_Mask","Output":"--- PASS: TestDecodePayloadAppend_Mask (0.00s)\n"}
2026-10-06T19:38:18.7003784Z {"Time":"2026-10-06T19:38:18.6955166Z","Action":"pass","Package":"github.com/snissn/gomap/TreeDB/template","Test":"TestDecodePayloadAppend_Mask","Elapsed":0}
2026-10-06T19:38:18.7005546Z {"Time":"2026-10-06T19:38:18.6955166Z","Action":"run","Package":"github.com/snissn/gomap/TreeDB/template","Test":"TestDecodePayloadAppend_NoAllocs"}
2026-10-06T19:38:18.7009066Z {"Time":"2026-10-06T19:38:18.6955166Z","Action":"output","Package":"github.com/snissn/gomap/TreeDB/template","Test":"TestDecodePayloadAppend_NoAllocs","Output":"=== RUN   TestDecodePayloadAppend_NoAllocs\n"}
2026-10-06T19:38:18.7011206Z {"Time":"2026-10-06T19:38:18.6955166Z","Action":"run","Package":"github.com/snissn/gomap/TreeDB/template","Test":"TestDecodePayloadAppend_NoAllocs/anchors"}
2026-10-06T19:38:18.7013247Z {"Time":"2026-10-06T19:38:18.6955166Z","Action":"output","Package":"github.com/snissn/gomap/TreeDB/template","Test":"TestDecodePayloadAppend_NoAllocs/anchors","Output":"=== RUN   TestDecodePayloadAppend_NoAllocs/anchors\n"}
2026-10-06T19:38:18.7015012Z {"Time":"2026-10-06T19:38:18.6960409Z","Action":"output","Package":"github.com/snissn/gomap/TreeDB/template","Test":"TestDecodePayloadAppend_NoAllocs/anchors","Output":"--- PASS: TestDecodePayloadAppend_NoAllocs/anchors (0.00s)\n"}
2026-10-06T19:38:18.7016420Z {"Time":"2026-10-06T19:38:18.6960409Z","Action":"pass","Package":"github.com/snissn/gomap/TreeDB/template","Test":"TestDecodePayloadAppend_NoAllocs/anchors","Elapsed":0}
2026-10-06T19:38:18.7017468Z {"Time":"2026-10-06T19:38:18.6960409Z","Action":"run","Package":"github.com/snissn/gomap/TreeDB/template","Test":"TestDecodePayloadAppend_NoAllocs/mask"}
2026-10-06T19:38:18.7018934Z {"Time":"2026-10-06T19:38:18.6960409Z","Action":"output","Package":"github.com/snissn/gomap/TreeDB/template","Test":"TestDecodePayloadAppend_NoAllocs/mask","Output":"=== RUN   TestDecodePayloadAppend_NoAllocs/mask\n"}
2026-10-06T19:38:18.7020398Z {"Time":"2026-10-06T19:38:18.6960409Z","Action":"output","Package":"github.com/snissn/gomap/TreeDB/template","Test":"TestDecodePayloadAppend_NoAllocs/mask","Output":"--- PASS: TestDecodePayloadAppend_NoAllocs/mask (0.00s)\n"}
2026-10-06T19:38:18.7021669Z {"Time":"2026-10-06T19:38:18.6960409Z","Action":"pass","Package":"github.com/snissn/gomap/TreeDB/template","Test":"TestDecodePayloadAppend_NoAllocs/mask","Elapsed":0}
2026-10-06T19:38:18.7022908Z {"Time":"2026-10-06T19:38:18.6960409Z","Action":"output","Package":"github.com/snissn/gomap/TreeDB/template","Test":"TestDecodePayloadAppend_NoAllocs","Output":"--- PASS: TestDecodePayloadAppend_NoAllocs (0.00s)\n"}
2026-10-06T19:38:18.7024355Z {"Time":"2026-10-06T19:38:18.6960409Z","Action":"pass","Package":"github.com/snissn/gomap/TreeDB/template","Test":"TestDecodePayloadAppend_NoAllocs","Elapsed":0}
2026-10-06T19:38:18.7025328Z {"Time":"2026-10-06T19:38:18.6960409Z","Action":"run","Package":"github.com/snissn/gomap/TreeDB/template","Test":"TestTemplateDefRoundtrip"}
2026-10-06T19:38:18.7026712Z {"Time":"2026-10-06T19:38:18.6960409Z","Action":"output","Package":"github.com/snissn/gomap/TreeDB/template","Test":"TestTemplateDefRoundtrip","Output":"=== RUN   TestTemplateDefRoundtrip\n"}
2026-10-06T19:38:18.7028042Z {"Time":"2026-10-06T19:38:18.6960409Z","Action":"output","Package":"github.com/snissn/gomap/TreeDB/template","Test":"TestTemplateDefRoundtrip","Output":"--- PASS: TestTemplateDefRoundtrip (0.00s)\n"}
2026-10-06T19:38:18.7029209Z {"Time":"2026-10-06T19:38:18.6960409Z","Action":"pass","Package":"github.com/snissn/gomap/TreeDB/template","Test":"TestTemplateDefRoundtrip","Elapsed":0}
2026-10-06T19:38:18.7030457Z {"Time":"2026-10-06T19:38:18.6960409Z","Action":"run","Package":"github.com/snissn/gomap/TreeDB/template","Test":"TestTemplateMaskRoundtrip"}
2026-10-06T19:38:18.7031550Z {"Time":"2026-10-06T19:38:18.6960409Z","Action":"output","Package":"github.com/snissn/gomap/TreeDB/template","Test":"TestTemplateMaskRoundtrip","Output":"=== RUN   TestTemplateMaskRoundtrip\n"}
2026-10-06T19:38:18.7033144Z {"Time":"2026-10-06T19:38:18.6967208Z","Action":"output","Package":"github.com/snissn/gomap/TreeDB/template","Test":"TestTemplateMaskRoundtrip","Output":"--- PASS: TestTemplateMaskRoundtrip (0.00s)\n"}
2026-10-06T19:38:18.7034310Z {"Time":"2026-10-06T19:38:18.6967208Z","Action":"pass","Package":"github.com/snissn/gomap/TreeDB/template","Test":"TestTemplateMaskRoundtrip","Elapsed":0}
2026-10-06T19:38:18.7036171Z {"Time":"2026-10-06T19:38:18.6967208Z","Action":"run","Package":"github.com/snissn/gomap/TreeDB/template","Test":"TestDecodePayloadMissingTemplate"}
2026-10-06T19:38:18.7037363Z {"Time":"2026-10-06T19:38:18.6967208Z","Action":"output","Package":"github.com/snissn/gomap/TreeDB/template","Test":"TestDecodePayloadMissingTemplate","Output":"=== RUN   TestDecodePayloadMissingTemplate\n"}
2026-10-06T19:38:18.7038776Z {"Time":"2026-10-06T19:38:18.6967208Z","Action":"output","Package":"github.com/snissn/gomap/TreeDB/template","Test":"TestDecodePayloadMissingTemplate","Output":"--- PASS: TestDecodePayloadMissingTemplate (0.00s)\n"}
2026-10-06T19:38:18.7040159Z {"Time":"2026-10-06T19:38:18.6967208Z","Action":"pass","Package":"github.com/snissn/gomap/TreeDB/template","Test":"TestDecodePayloadMissingTemplate","Elapsed":0}
2026-10-06T19:38:18.7041143Z {"Time":"2026-10-06T19:38:18.6967208Z","Action":"run","Package":"github.com/snissn/gomap/TreeDB/template","Test":"TestEncodedPayloadTemplateID"}
2026-10-06T19:38:18.7042509Z {"Time":"2026-10-06T19:38:18.6967208Z","Action":"output","Package":"github.com/snissn/gomap/TreeDB/template","Test":"TestEncodedPayloadTemplateID","Output":"=== RUN   TestEncodedPayloadTemplateID\n"}
2026-10-06T19:38:18.7043854Z {"Time":"2026-10-06T19:38:18.6967208Z","Action":"output","Package":"github.com/snissn/gomap/TreeDB/template","Test":"TestEncodedPayloadTemplateID","Output":"--- PASS: TestEncodedPayloadTemplateID (0.00s)\n"}
2026-10-06T19:38:18.7045041Z {"Time":"2026-10-06T19:38:18.6967208Z","Action":"pass","Package":"github.com/snissn/gomap/TreeDB/template","Test":"TestEncodedPayloadTemplateID","Elapsed":0}
2026-10-06T19:38:18.7045995Z {"Time":"2026-10-06T19:38:18.6967208Z","Action":"run","Package":"github.com/snissn/gomap/TreeDB/template","Test":"TestEngineEncodeDecode"}
2026-10-06T19:38:18.7047151Z {"Time":"2026-10-06T19:38:18.6967208Z","Action":"output","Package":"github.com/snissn/gomap/TreeDB/template","Test":"TestEngineEncodeDecode","Output":"=== RUN   TestEngineEncodeDecode\n"}
2026-10-06T19:38:18.7048504Z {"Time":"2026-10-06T19:38:18.6967208Z","Action":"output","Package":"github.com/snissn/gomap/TreeDB/template","Test":"TestEngineEncodeDecode","Output":"--- PASS: TestEngineEncodeDecode (0.00s)\n"}
2026-10-06T19:38:18.7049611Z {"Time":"2026-10-06T19:38:18.6967208Z","Action":"pass","Package":"github.com/snissn/gomap/TreeDB/template","Test":"TestEngineEncodeDecode","Elapsed":0}
2026-10-06T19:38:18.7050597Z {"Time":"2026-10-06T19:38:18.6967208Z","Action":"run","Package":"github.com/snissn/gomap/TreeDB/template","Test":"TestEngineColdGateLimitsCandidateLookups"}
2026-10-06T19:38:18.7052078Z {"Time":"2026-10-06T19:38:18.6967208Z","Action":"output","Package":"github.com/snissn/gomap/TreeDB/template","Test":"TestEngineColdGateLimitsCandidateLookups","Output":"=== RUN   TestEngineColdGateLimitsCandidateLookups\n"}
2026-10-06T19:38:18.7053969Z {"Time":"2026-10-06T19:38:18.697298Z","Action":"output","Package":"github.com/snissn/gomap/TreeDB/template","Test":"TestEngineColdGateLimitsCandidateLookups","Output":"--- PASS: TestEngineColdGateLimitsCandidateLookups (0.00s)\n"}
2026-10-06T19:38:18.7055353Z {"Time":"2026-10-06T19:38:18.697298Z","Action":"pass","Package":"github.com/snissn/gomap/TreeDB/template","Test":"TestEngineColdGateLimitsCandidateLookups","Elapsed":0}
2026-10-06T19:38:18.7056536Z {"Time":"2026-10-06T19:38:18.697298Z","Action":"run","Package":"github.com/snissn/gomap/TreeDB/template","Test":"TestEngineStartupColdGateLimitsCandidateLookups_DefaultConfig"}
2026-10-06T19:38:18.7058078Z {"Time":"2026-10-06T19:38:18.697298Z","Action":"output","Package":"github.com/snissn/gomap/TreeDB/template","Test":"TestEngineStartupColdGateLimitsCandidateLookups_DefaultConfig","Output":"=== RUN   TestEngineStartupColdGateLimitsCandidateLookups_DefaultConfig\n"}
2026-10-06T19:38:18.7060206Z {"Time":"2026-10-06T19:38:18.697298Z","Action":"output","Package":"github.com/snissn/gomap/TreeDB/template","Test":"TestEngineStartupColdGateLimitsCandidateLookups_DefaultConfig","Output":"--- PASS: TestEngineStartupColdGateLimitsCandidateLookups_DefaultConfig (0.00s)\n"}
2026-10-06T19:38:18.7062380Z {"Time":"2026-10-06T19:38:18.697298Z","Action":"pass","Package":"github.com/snissn/gomap/TreeDB/template","Test":"TestEngineStartupColdGateLimitsCandidateLookups_DefaultConfig","Elapsed":0}
2026-10-06T19:38:18.7063776Z {"Time":"2026-10-06T19:38:18.697298Z","Action":"run","Package":"github.com/snissn/gomap/TreeDB/template","Test":"TestEncodeMaskTemplateSparse_DoesNotMutateInput"}
2026-10-06T19:38:18.7065391Z {"Time":"2026-10-06T19:38:18.697298Z","Action":"output","Package":"github.com/snissn/gomap/TreeDB/template","Test":"TestEncodeMaskTemplateSparse_DoesNotMutateInput","Output":"=== RUN   TestEncodeMaskTemplateSparse_DoesNotMutateInput\n"}
2026-10-06T19:38:18.7067432Z {"Time":"2026-10-06T19:38:18.6977029Z","Action":"output","Package":"github.com/snissn/gomap/TreeDB/template","Test":"TestEncodeMaskTemplateSparse_DoesNotMutateInput","Output":"--- PASS: TestEncodeMaskTemplateSparse_DoesNotMutateInput (0.00s)\n"}
2026-10-06T19:38:18.7069071Z {"Time":"2026-10-06T19:38:18.6977029Z","Action":"pass","Package":"github.com/snissn/gomap/TreeDB/template","Test":"TestEncodeMaskTemplateSparse_DoesNotMutateInput","Elapsed":0}
2026-10-06T19:38:18.7070515Z {"Time":"2026-10-06T19:38:18.6977029Z","Action":"run","Package":"github.com/snissn/gomap/TreeDB/template","Test":"TestFingerprintsDeterministic"}
2026-10-06T19:38:18.7071861Z {"Time":"2026-10-06T19:38:18.6977029Z","Action":"output","Package":"github.com/snissn/gomap/TreeDB/template","Test":"TestFingerprintsDeterministic","Output":"=== RUN   TestFingerprintsDeterministic\n"}
2026-10-06T19:38:18.7073640Z {"Time":"2026-10-06T19:38:18.6977029Z","Action":"output","Package":"github.com/snissn/gomap/TreeDB/template","Test":"TestFingerprintsDeterministic","Output":"--- PASS: TestFingerprintsDeterministic (0.00s)\n"}
2026-10-06T19:38:18.7074871Z {"Time":"2026-10-06T19:38:18.6977029Z","Action":"pass","Package":"github.com/snissn/gomap/TreeDB/template","Test":"TestFingerprintsDeterministic","Elapsed":0}
2026-10-06T19:38:18.7076038Z {"Time":"2026-10-06T19:38:18.6977029Z","Action":"run","Package":"github.com/snissn/gomap/TreeDB/template","Test":"FuzzDecodePayload"}
2026-10-06T19:38:18.7077036Z {"Time":"2026-10-06T19:38:18.6977029Z","Action":"output","Package":"github.com/snissn/gomap/TreeDB/template","Test":"FuzzDecodePayload","Output":"=== RUN   FuzzDecodePayload\n"}
2026-10-06T19:38:18.7078098Z {"Time":"2026-10-06T19:38:18.6977029Z","Action":"run","Package":"github.com/snissn/gomap/TreeDB/template","Test":"FuzzDecodePayload/seed#0"}
2026-10-06T19:38:18.7079176Z {"Time":"2026-10-06T19:38:18.6977029Z","Action":"output","Package":"github.com/snissn/gomap/TreeDB/template","Test":"FuzzDecodePayload/seed#0","Output":"=== RUN   FuzzDecodePayload/seed#0\n"}
2026-10-06T19:38:18.7080442Z {"Time":"2026-10-06T19:38:18.6980553Z","Action":"output","Package":"github.com/snissn/gomap/TreeDB/template","Test":"FuzzDecodePayload/seed#0","Output":"--- PASS: FuzzDecodePayload/seed#0 (0.00s)\n"}
2026-10-06T19:38:18.7081573Z {"Time":"2026-10-06T19:38:18.6980553Z","Action":"pass","Package":"github.com/snissn/gomap/TreeDB/template","Test":"FuzzDecodePayload/seed#0","Elapsed":0}
2026-10-06T19:38:18.7082493Z {"Time":"2026-10-06T19:38:18.6980553Z","Action":"run","Package":"github.com/snissn/gomap/TreeDB/template","Test":"FuzzDecodePayload/seed#1"}
2026-10-06T19:38:18.7083551Z {"Time":"2026-10-06T19:38:18.6980553Z","Action":"output","Package":"github.com/snissn/gomap/TreeDB/template","Test":"FuzzDecodePayload/seed#1","Output":"=== RUN   FuzzDecodePayload/seed#1\n"}
2026-10-06T19:38:18.7084810Z {"Time":"2026-10-06T19:38:18.6980553Z","Action":"output","Package":"github.com/snissn/gomap/TreeDB/template","Test":"FuzzDecodePayload/seed#1","Output":"--- PASS: FuzzDecodePayload/seed#1 (0.00s)\n"}
2026-10-06T19:38:18.7085937Z {"Time":"2026-10-06T19:38:18.6980553Z","Action":"pass","Package":"github.com/snissn/gomap/TreeDB/template","Test":"FuzzDecodePayload/seed#1","Elapsed":0}
2026-10-06T19:38:18.7086858Z {"Time":"2026-10-06T19:38:18.6980553Z","Action":"run","Package":"github.com/snissn/gomap/TreeDB/template","Test":"FuzzDecodePayload/seed#2"}
2026-10-06T19:38:18.7088360Z {"Time":"2026-10-06T19:38:18.6980553Z","Action":"output","Package":"github.com/snissn/gomap/TreeDB/template","Test":"FuzzDecodePayload/seed#2","Output":"=== RUN   FuzzDecodePayload/seed#2\n"}
2026-10-06T19:38:18.7089618Z {"Time":"2026-10-06T19:38:18.6980553Z","Action":"output","Package":"github.com/snissn/gomap/TreeDB/template","Test":"FuzzDecodePayload/seed#2","Output":"--- PASS: FuzzDecodePayload/seed#2 (0.00s)\n"}
2026-10-06T19:38:18.7091748Z {"Time":"2026-10-06T19:38:18.6980553Z","Action":"pass","Package":"github.com/snissn/gomap/TreeDB/template","Test":"FuzzDecodePayload/seed#2","Elapsed":0}
2026-10-06T19:38:18.7092939Z {"Time":"2026-10-06T19:38:18.6980553Z","Action":"output","Package":"github.com/snissn/gomap/TreeDB/template","Test":"FuzzDecodePayload","Output":"--- PASS: FuzzDecodePayload (0.00s)\n"}
2026-10-06T19:38:18.7094285Z {"Time":"2026-10-06T19:38:18.6980553Z","Action":"pass","Package":"github.com/snissn/gomap/TreeDB/template","Test":"FuzzDecodePayload","Elapsed":0}
2026-10-06T19:38:18.7095159Z {"Time":"2026-10-06T19:38:18.6980553Z","Action":"output","Package":"github.com/snissn/gomap/TreeDB/template","Output":"PASS\n"}
2026-10-06T19:38:18.7146305Z {"Time":"2026-10-06T19:38:18.7012326Z","Action":"output","Package":"github.com/snissn/gomap/TreeDB/template","Output":"ok  \tgithub.com/snissn/gomap/TreeDB/template\t0.024s\n"}
2026-10-06T19:38:18.7148571Z {"Time":"2026-10-06T19:38:18.7046071Z","Action":"pass","Package":"github.com/snissn/gomap/TreeDB/template","Elapsed":0.027}
2026-10-06T19:38:18.8785186Z TreeDB root test shard=1/8 chunk=1 tests=71 regex_len=3857
2026-10-06T19:38:20.8535054Z {"Time":"2026-10-06T19:38:20.8442193Z","Action":"start","Package":"github.com/snissn/gomap/TreeDB"}
2026-10-06T19:38:20.8850655Z {"Time":"2026-10-06T19:38:20.8711948Z","Action":"run","Package":"github.com/snissn/gomap/TreeDB","Test":"TestAlgorithmWorkFixture"}
2026-10-06T19:38:20.8852152Z {"Time":"2026-10-06T19:38:20.8711948Z","Action":"output","Package":"github.com/snissn/gomap/TreeDB","Test":"TestAlgorithmWorkFixture","Output":"=== RUN   TestAlgorithmWorkFixture\n"}
2026-10-06T19:38:20.8853284Z {"Time":"2026-10-06T19:38:20.8711948Z","Action":"run","Package":"github.com/snissn/gomap/TreeDB","Test":"TestAlgorithmWorkFixture/invalid_flush_control"}
2026-10-06T19:38:20.8854712Z {"Time":"2026-10-06T19:38:20.8711948Z","Action":"output","Package":"github.com/snissn/gomap/TreeDB","Test":"TestAlgorithmWorkFixture/invalid_flush_control","Output":"=== RUN   TestAlgorithmWorkFixture/invalid_flush_control\n"}
2026-10-06T19:38:20.8857075Z {"Time":"2026-10-06T19:38:20.8719001Z","Action":"output","Package":"github.com/snissn/gomap/TreeDB","Test":"TestAlgorithmWorkFixture/invalid_flush_control","Output":"--- PASS: TestAlgorithmWorkFixture/invalid_flush_control (0.00s)\n"}
2026-10-06T19:38:20.8858672Z {"Time":"2026-10-06T19:38:20.8719001Z","Action":"pass","Package":"github.com/snissn/gomap/TreeDB","Test":"TestAlgorithmWorkFixture/invalid_flush_control","Elapsed":0}
2026-10-06T19:38:21.1327328Z {"Time":"2026-10-06T19:38:21.1275765Z","Action":"output","Package":"github.com/snissn/gomap/TreeDB","Test":"TestAlgorithmWorkFixture","Output":"--- PASS: TestAlgorithmWorkFixture (0.26s)\n"}
2026-10-06T19:38:21.1328749Z {"Time":"2026-10-06T19:38:21.1282673Z","Action":"pass","Package":"github.com/snissn/gomap/TreeDB","Test":"TestAlgorithmWorkFixture","Elapsed":0.26}
2026-10-06T19:38:21.1329950Z {"Time":"2026-10-06T19:38:21.1282673Z","Action":"run","Package":"github.com/snissn/gomap/TreeDB","Test":"TestBackgroundIndexVacuumFailedBackendAttemptDoesNotCountWork"}
2026-10-06T19:38:21.1341354Z {"Time":"2026-10-06T19:38:21.1282673Z","Action":"output","Package":"github.com/snissn/gomap/TreeDB","Test":"TestBackgroundIndexVacuumFailedBackendAttemptDoesNotCountWork","Output":"=== RUN   TestBackgroundIndexVacuumFailedBackendAttemptDoesNotCountWork\n"}
2026-10-06T19:38:21.1343783Z {"Time":"2026-10-06T19:38:21.1282673Z","Action":"output","Package":"github.com/snissn/gomap/TreeDB","Test":"TestBackgroundIndexVacuumFailedBackendAttemptDoesNotCountWork","Output":"    background_vacuum_test.go:171: online vacuum not supported on windows\n"}
2026-10-06T19:38:21.1346740Z {"Time":"2026-10-06T19:38:21.1282673Z","Action":"output","Package":"github.com/snissn/gomap/TreeDB","Test":"TestBackgroundIndexVacuumFailedBackendAttemptDoesNotCountWork","Output":"--- SKIP: TestBackgroundIndexVacuumFailedBackendAttemptDoesNotCountWork (0.00s)\n"}
2026-10-06T19:38:21.1348590Z {"Time":"2026-10-06T19:38:21.1282673Z","Action":"skip","Package":"github.com/snissn/gomap/TreeDB","Test":"TestBackgroundIndexVacuumFailedBackendAttemptDoesNotCountWork","Elapsed":0}
2026-10-06T19:38:21.1349897Z {"Time":"2026-10-06T19:38:21.1282673Z","Action":"run","Package":"github.com/snissn/gomap/TreeDB","Test":"TestDeferredVectorBuildAdmissionHonorsCancellationWhileVacuumOwnsLock"}
2026-10-06T19:38:21.1351571Z {"Time":"2026-10-06T19:38:21.1282673Z","Action":"output","Package":"github.com/snissn/gomap/TreeDB","Test":"TestDeferredVectorBuildAdmissionHonorsCancellationWhileVacuumOwnsLock","Output":"=== RUN   TestDeferredVectorBuildAdmissionHonorsCancellationWhileVacuumOwnsLock\n"}
2026-10-06T19:38:28.8773173Z {"Time":"2026-10-06T19:38:28.8619099Z","Action":"output","Package":"github.com/snissn/gomap/TreeDB","Test":"TestDeferredVectorBuildAdmissionHonorsCancellationWhileVacuumOwnsLock","Output":"--- PASS: TestDeferredVectorBuildAdmissionHonorsCancellationWhileVacuumOwnsLock (7.73s)\n"}
2026-10-06T19:38:28.8776162Z {"Time":"2026-10-06T19:38:28.8619099Z","Action":"pass","Package":"github.com/snissn/gomap/TreeDB","Test":"TestDeferredVectorBuildAdmissionHonorsCancellationWhileVacuumOwnsLock","Elapsed":7.73}
2026-10-06T19:38:28.8777708Z {"Time":"2026-10-06T19:38:28.8619099Z","Action":"run","Package":"github.com/snissn/gomap/TreeDB","Test":"TestDeferredVectorBuildMaintenanceAbortRemovesAllFailedEpoch"}
2026-10-06T19:38:28.8779735Z {"Time":"2026-10-06T19:38:28.862625Z","Action":"output","Package":"github.com/snissn/gomap/TreeDB","Test":"TestDeferredVectorBuildMaintenanceAbortRemovesAllFailedEpoch","Output":"=== RUN   TestDeferredVectorBuildMaintenanceAbortRemovesAllFailedEpoch\n"}
2026-10-06T19:38:36.5960548Z {"Time":"2026-10-06T19:38:36.5886638Z","Action":"output","Package":"github.com/snissn/gomap/TreeDB","Test":"TestDeferredVectorBuildMaintenanceAbortRemovesAllFailedEpoch","Output":"--- PASS: TestDeferredVectorBuildMaintenanceAbortRemovesAllFailedEpoch (7.73s)\n"}
2026-10-06T19:38:36.5962723Z {"Time":"2026-10-06T19:38:36.5886638Z","Action":"pass","Package":"github.com/snissn/gomap/TreeDB","Test":"TestDeferredVectorBuildMaintenanceAbortRemovesAllFailedEpoch","Elapsed":7.73}
2026-10-06T19:38:36.5964510Z {"Time":"2026-10-06T19:38:36.5886638Z","Action":"run","Package":"github.com/snissn/gomap/TreeDB","Test":"TestBackgroundIndexVacuumDeferredVectorBuildAbandonmentRestoresPolicy"}
2026-10-06T19:38:36.5966625Z {"Time":"2026-10-06T19:38:36.5886638Z","Action":"output","Package":"github.com/snissn/gomap/TreeDB","Test":"TestBackgroundIndexVacuumDeferredVectorBuildAbandonmentRestoresPolicy","Output":"=== RUN   TestBackgroundIndexVacuumDeferredVectorBuildAbandonmentRestoresPolicy\n"}
2026-10-06T19:38:44.3326978Z {"Time":"2026-10-06T19:38:44.329865Z","Action":"output","Package":"github.com/snissn/gomap/TreeDB","Test":"TestBackgroundIndexVacuumDeferredVectorBuildAbandonmentRestoresPolicy","Output":"--- PASS: TestBackgroundIndexVacuumDeferredVectorBuildAbandonmentRestoresPolicy (7.74s)\n"}
2026-10-06T19:38:44.3328870Z {"Time":"2026-10-06T19:38:44.329865Z","Action":"pass","Package":"github.com/snissn/gomap/TreeDB","Test":"TestBackgroundIndexVacuumDeferredVectorBuildAbandonmentRestoresPolicy","Elapsed":7.74}
2026-10-06T19:38:44.3330594Z {"Time":"2026-10-06T19:38:44.3305223Z","Action":"run","Package":"github.com/snissn/gomap/TreeDB","Test":"TestBackgroundIndexVacuumFreelistDebtTriggersVacuum"}
2026-10-06T19:38:44.3332261Z {"Time":"2026-10-06T19:38:44.3305223Z","Action":"output","Package":"github.com/snissn/gomap/TreeDB","Test":"TestBackgroundIndexVacuumFreelistDebtTriggersVacuum","Output":"=== RUN   TestBackgroundIndexVacuumFreelistDebtTriggersVacuum\n"}
2026-10-06T19:38:44.3334497Z {"Time":"2026-10-06T19:38:44.3305223Z","Action":"output","Package":"github.com/snissn/gomap/TreeDB","Test":"TestBackgroundIndexVacuumFreelistDebtTriggersVacuum","Output":"    background_vacuum_test.go:1423: online vacuum not supported on windows\n"}
2026-10-06T19:38:44.3337430Z {"Time":"2026-10-06T19:38:44.3305223Z","Action":"output","Package":"github.com/snissn/gomap/TreeDB","Test":"TestBackgroundIndexVacuumFreelistDebtTriggersVacuum","Output":"--- SKIP: TestBackgroundIndexVacuumFreelistDebtTriggersVacuum (0.00s)\n"}
2026-10-06T19:38:44.3339739Z {"Time":"2026-10-06T19:38:44.3305223Z","Action":"skip","Package":"github.com/snissn/gomap/TreeDB","Test":"TestBackgroundIndexVacuumFreelistDebtTriggersVacuum","Elapsed":0}
2026-10-06T19:38:44.3341517Z {"Time":"2026-10-06T19:38:44.3305223Z","Action":"run","Package":"github.com/snissn/gomap/TreeDB","Test":"TestVacuumIndexOnlineContextCancelsWhileWaitingForMaintenance"}
2026-10-06T19:38:44.3343635Z {"Time":"2026-10-06T19:38:44.3305223Z","Action":"output","Package":"github.com/snissn/gomap/TreeDB","Test":"TestVacuumIndexOnlineContextCancelsWhileWaitingForMaintenance","Output":"=== RUN   TestVacuumIndexOnlineContextCancelsWhileWaitingForMaintenance\n"}
2026-10-06T19:38:44.3346349Z {"Time":"2026-10-06T19:38:44.3305223Z","Action":"output","Package":"github.com/snissn/gomap/TreeDB","Test":"TestVacuumIndexOnlineContextCancelsWhileWaitingForMaintenance","Output":"    background_vacuum_test.go:1867: online vacuum not supported on windows\n"}
2026-10-06T19:38:44.3349299Z {"Time":"2026-10-06T19:38:44.3305223Z","Action":"output","Package":"github.com/snissn/gomap/TreeDB","Test":"TestVacuumIndexOnlineContextCancelsWhileWaitingForMaintenance","Output":"--- SKIP: TestVacuumIndexOnlineContextCancelsWhileWaitingForMaintenance (0.00s)\n"}
2026-10-06T19:38:44.3351552Z {"Time":"2026-10-06T19:38:44.3305223Z","Action":"skip","Package":"github.com/snissn/gomap/TreeDB","Test":"TestVacuumIndexOnlineContextCancelsWhileWaitingForMaintenance","Elapsed":0}
2026-10-06T19:38:44.3353432Z {"Time":"2026-10-06T19:38:44.3305223Z","Action":"run","Package":"github.com/snissn/gomap/TreeDB","Test":"TestPublicCommandWALRelaxedExplicitSyncPersistsGroupedDurablePrefix"}
2026-10-06T19:38:44.3355658Z {"Time":"2026-10-06T19:38:44.3305223Z","Action":"output","Package":"github.com/snissn/gomap/TreeDB","Test":"TestPublicCommandWALRelaxedExplicitSyncPersistsGroupedDurablePrefix","Output":"=== RUN   TestPublicCommandWALRelaxedExplicitSyncPersistsGroupedDurablePrefix\n"}
2026-10-06T19:38:44.4715827Z {"Time":"2026-10-06T19:38:44.4657466Z","Action":"output","Package":"github.com/snissn/gomap/TreeDB","Test":"TestPublicCommandWALRelaxedExplicitSyncPersistsGroupedDurablePrefix","Output":"--- PASS: TestPublicCommandWALRelaxedExplicitSyncPersistsGroupedDurablePrefix (0.13s)\n"}
2026-10-06T19:38:44.4717877Z {"Time":"2026-10-06T19:38:44.4657466Z","Action":"pass","Package":"github.com/snissn/gomap/TreeDB","Test":"TestPublicCommandWALRelaxedExplicitSyncPersistsGroupedDurablePrefix","Elapsed":0.13}
2026-10-06T19:38:44.4719655Z {"Time":"2026-10-06T19:38:44.4657466Z","Action":"run","Package":"github.com/snissn/gomap/TreeDB","Test":"TestPublicCommandWALCheckpointReleasesCoveredRotationDebtBeforeNextBarrier"}
2026-10-06T19:38:44.4721425Z {"Time":"2026-10-06T19:38:44.4657466Z","Action":"output","Package":"github.com/snissn/gomap/TreeDB","Test":"TestPublicCommandWALCheckpointReleasesCoveredRotationDebtBeforeNextBarrier","Output":"=== RUN   TestPublicCommandWALCheckpointReleasesCoveredRotationDebtBeforeNextBarrier\n"}
2026-10-06T19:38:44.6144034Z {"Time":"2026-10-06T19:38:44.6119221Z","Action":"output","Package":"github.com/snissn/gomap/TreeDB","Test":"TestPublicCommandWALCheckpointReleasesCoveredRotationDebtBeforeNextBarrier","Output":"--- PASS: TestPublicCommandWALCheckpointReleasesCoveredRotationDebtBeforeNextBarrier (0.15s)\n"}
2026-10-06T19:38:44.6147168Z {"Time":"2026-10-06T19:38:44.6119221Z","Action":"pass","Package":"github.com/snissn/gomap/TreeDB","Test":"TestPublicCommandWALCheckpointReleasesCoveredRotationDebtBeforeNextBarrier","Elapsed":0.15}
2026-10-06T19:38:44.6148906Z {"Time":"2026-10-06T19:38:44.6119221Z","Action":"run","Package":"github.com/snissn/gomap/TreeDB","Test":"TestPublicCommandWALGroupCommitFastRelaxedPreAppendErrorDoesNotPoison"}
2026-10-06T19:38:44.6151159Z {"Time":"2026-10-06T19:38:44.6119221Z","Action":"output","Package":"github.com/snissn/gomap/TreeDB","Test":"TestPublicCommandWALGroupCommitFastRelaxedPreAppendErrorDoesNotPoison","Output":"=== RUN   TestPublicCommandWALGroupCommitFastRelaxedPreAppendErrorDoesNotPoison\n"}
2026-10-06T19:38:44.7521055Z {"Time":"2026-10-06T19:38:44.7382286Z","Action":"output","Package":"github.com/snissn/gomap/TreeDB","Test":"TestPublicCommandWALGroupCommitFastRelaxedPreAppendErrorDoesNotPoison","Output":"--- PASS: TestPublicCommandWALGroupCommitFastRelaxedPreAppendErrorDoesNotPoison (0.13s)\n"}
2026-10-06T19:38:44.7523486Z {"Time":"2026-10-06T19:38:44.7382286Z","Action":"pass","Package":"github.com/snissn/gomap/TreeDB","Test":"TestPublicCommandWALGroupCommitFastRelaxedPreAppendErrorDoesNotPoison","Elapsed":0.13}
2026-10-06T19:38:44.7525147Z {"Time":"2026-10-06T19:38:44.7382286Z","Action":"run","Package":"github.com/snissn/gomap/TreeDB","Test":"TestPublicCommandWALGroupCommitTicketedRelaxedParticipantTriggersBoundsAndAccounting"}
2026-10-06T19:38:44.7527401Z {"Time":"2026-10-06T19:38:44.7382286Z","Action":"output","Package":"github.com/snissn/gomap/TreeDB","Test":"TestPublicCommandWALGroupCommitTicketedRelaxedParticipantTriggersBoundsAndAccounting","Output":"=== RUN   TestPublicCommandWALGroupCommitTicketedRelaxedParticipantTriggersBoundsAndAccounting\n"}
2026-10-06T19:38:44.7529710Z {"Time":"2026-10-06T19:38:44.7386534Z","Action":"run","Package":"github.com/snissn/gomap/TreeDB","Test":"TestPublicCommandWALGroupCommitTicketedRelaxedParticipantTriggersBoundsAndAccounting/participant_limit"}
2026-10-06T19:38:44.7532189Z {"Time":"2026-10-06T19:38:44.7386534Z","Action":"output","Package":"github.com/snissn/gomap/TreeDB","Test":"TestPublicCommandWALGroupCommitTicketedRelaxedParticipantTriggersBoundsAndAccounting/participant_limit","Output":"=== RUN   TestPublicCommandWALGroupCommitTicketedRelaxedParticipantTriggersBoundsAndAccounting/participant_limit\n"}
2026-10-06T19:38:44.8601774Z {"Time":"2026-10-06T19:38:44.8547165Z","Action":"output","Package":"github.com/snissn/gomap/TreeDB","Test":"TestPublicCommandWALGroupCommitTicketedRelaxedParticipantTriggersBoundsAndAccounting/participant_limit","Output":"--- PASS: TestPublicCommandWALGroupCommitTicketedRelaxedParticipantTriggersBoundsAndAccounting/participant_limit (0.12s)\n"}
2026-10-06T19:38:44.8604515Z {"Time":"2026-10-06T19:38:44.8547165Z","Action":"pass","Package":"github.com/snissn/gomap/TreeDB","Test":"TestPublicCommandWALGroupCommitTicketedRelaxedParticipantTriggersBoundsAndAccounting/participant_limit","Elapsed":0.12}
2026-10-06T19:38:44.8606170Z {"Time":"2026-10-06T19:38:44.8547165Z","Action":"run","Package":"github.com/snissn/gomap/TreeDB","Test":"TestPublicCommandWALGroupCommitTicketedRelaxedParticipantTriggersBoundsAndAccounting/byte_limit"}
2026-10-06T19:38:44.8608656Z {"Time":"2026-10-06T19:38:44.8547165Z","Action":"output","Package":"github.com/snissn/gomap/TreeDB","Test":"TestPublicCommandWALGroupCommitTicketedRelaxedParticipantTriggersBoundsAndAccounting/byte_limit","Output":"=== RUN   TestPublicCommandWALGroupCommitTicketedRelaxedParticipantTriggersBoundsAndAccounting/byte_limit\n"}
2026-10-06T19:38:44.9836579Z {"Time":"2026-10-06T19:38:44.9777882Z","Action":"output","Package":"github.com/snissn/gomap/TreeDB","Test":"TestPublicCommandWALGroupCommitTicketedRelaxedParticipantTriggersBoundsAndAccounting/byte_limit","Output":"--- PASS: TestPublicCommandWALGroupCommitTicketedRelaxedParticipantTriggersBoundsAndAccounting/byte_limit (0.12s)\n"}
2026-10-06T19:38:44.9839521Z {"Time":"2026-10-06T19:38:44.9777882Z","Action":"pass","Package":"github.com/snissn/gomap/TreeDB","Test":"TestPublicCommandWALGroupCommitTicketedRelaxedParticipantTriggersBoundsAndAccounting/byte_limit","Elapsed":0.12}
2026-10-06T19:38:44.9842241Z {"Time":"2026-10-06T19:38:44.9777882Z","Action":"output","Package":"github.com/snissn/gomap/TreeDB","Test":"TestPublicCommandWALGroupCommitTicketedRelaxedParticipantTriggersBoundsAndAccounting","Output":"--- PASS: TestPublicCommandWALGroupCommitTicketedRelaxedParticipantTriggersBoundsAndAccounting (0.24s)\n"}
2026-10-06T19:38:44.9845167Z {"Time":"2026-10-06T19:38:44.9777882Z","Action":"pass","Package":"github.com/snissn/gomap/TreeDB","Test":"TestPublicCommandWALGroupCommitTicketedRelaxedParticipantTriggersBoundsAndAccounting","Elapsed":0.24}
2026-10-06T19:38:44.9846772Z {"Time":"2026-10-06T19:38:44.9777882Z","Action":"run","Package":"github.com/snissn/gomap/TreeDB","Test":"TestPublicCommandWALGroupCommitAttributesRelaxedIntentRaceWithoutGroup"}
2026-10-06T19:38:44.9848498Z {"Time":"2026-10-06T19:38:44.9777882Z","Action":"output","Package":"github.com/snissn/gomap/TreeDB","Test":"TestPublicCommandWALGroupCommitAttributesRelaxedIntentRaceWithoutGroup","Output":"=== RUN   TestPublicCommandWALGroupCommitAttributesRelaxedIntentRaceWithoutGroup\n"}
2026-10-06T19:38:45.1075488Z {"Time":"2026-10-06T19:38:45.1043425Z","Action":"output","Package":"github.com/snissn/gomap/TreeDB","Test":"TestPublicCommandWALGroupCommitAttributesRelaxedIntentRaceWithoutGroup","Output":"--- PASS: TestPublicCommandWALGroupCommitAttributesRelaxedIntentRaceWithoutGroup (0.13s)\n"}
2026-10-06T19:38:45.1077679Z {"Time":"2026-10-06T19:38:45.1043425Z","Action":"pass","Package":"github.com/snissn/gomap/TreeDB","Test":"TestPublicCommandWALGroupCommitAttributesRelaxedIntentRaceWithoutGroup","Elapsed":0.13}
2026-10-06T19:38:45.1079174Z {"Time":"2026-10-06T19:38:45.1043425Z","Action":"run","Package":"github.com/snissn/gomap/TreeDB","Test":"TestPublicCommandWALRawKVWritesUseTypedFrames"}
2026-10-06T19:38:45.1080484Z {"Time":"2026-10-06T19:38:45.1043425Z","Action":"output","Package":"github.com/snissn/gomap/TreeDB","Test":"TestPublicCommandWALRawKVWritesUseTypedFrames","Output":"=== RUN   TestPublicCommandWALRawKVWritesUseTypedFrames\n"}
2026-10-06T19:38:54.4731452Z {"Time":"2026-10-06T19:38:54.4635127Z","Action":"output","Package":"github.com/snissn/gomap/TreeDB","Test":"TestPublicCommandWALRawKVWritesUseTypedFrames","Output":"--- PASS: TestPublicCommandWALRawKVWritesUseTypedFrames (9.36s)\n"}
2026-10-06T19:38:54.4789072Z {"Time":"2026-10-06T19:38:54.4635127Z","Action":"pass","Package":"github.com/snissn/gomap/TreeDB","Test":"TestPublicCommandWALRawKVWritesUseTypedFrames","Elapsed":9.36}
2026-10-06T19:38:54.5109451Z {"Time":"2026-10-06T19:38:54.4635127Z","Action":"run","Package":"github.com/snissn/gomap/TreeDB","Test":"TestPublicCommandWALBatchWriteSyncPhaseStatsDisabledByDefault"}
2026-10-06T19:38:54.5170289Z {"Time":"2026-10-06T19:38:54.4635127Z","Action":"output","Package":"github.com/snissn/gomap/TreeDB","Test":"TestPublicCommandWALBatchWriteSyncPhaseStatsDisabledByDefault","Output":"=== RUN   TestPublicCommandWALBatchWriteSyncPhaseStatsDisabledByDefault\n"}
2026-10-06T19:38:57.0561447Z {"Time":"2026-10-06T19:38:57.0492438Z","Action":"output","Package":"github.com/snissn/gomap/TreeDB","Test":"TestPublicCommandWALBatchWriteSyncPhaseStatsDisabledByDefault","Output":"--- PASS: TestPublicCommandWALBatchWriteSyncPhaseStatsDisabledByDefault (2.59s)\n"}
2026-10-06T19:38:57.0572054Z {"Time":"2026-10-06T19:38:57.0497912Z","Action":"pass","Package":"github.com/snissn/gomap/TreeDB","Test":"TestPublicCommandWALBatchWriteSyncPhaseStatsDisabledByDefault","Elapsed":2.59}
2026-10-06T19:38:57.0580618Z {"Time":"2026-10-06T19:38:57.0497912Z","Action":"run","Package":"github.com/snissn/gomap/TreeDB","Test":"TestPublicCommandWALStateShapedDurabilityLedger"}
2026-10-06T19:38:57.0590274Z {"Time":"2026-10-06T19:38:57.0497912Z","Action":"output","Package":"github.com/snissn/gomap/TreeDB","Test":"TestPublicCommandWALStateShapedDurabilityLedger","Output":"=== RUN   TestPublicCommandWALStateShapedDurabilityLedger\n"}
2026-10-06T19:38:58.1060462Z {"Time":"2026-10-06T19:38:58.0940372Z","Action":"output","Package":"github.com/snissn/gomap/TreeDB","Test":"TestPublicCommandWALStateShapedDurabilityLedger","Output":"--- PASS: TestPublicCommandWALStateShapedDurabilityLedger (1.04s)\n"}
2026-10-06T19:38:58.1118154Z {"Time":"2026-10-06T19:38:58.0940372Z","Action":"pass","Package":"github.com/snissn/gomap/TreeDB","Test":"TestPublicCommandWALStateShapedDurabilityLedger","Elapsed":1.04}
2026-10-06T19:38:58.1300934Z {"Time":"2026-10-06T19:38:58.0940372Z","Action":"run","Package":"github.com/snissn/gomap/TreeDB","Test":"TestPublicCommandWALDurableBatchWriteSyncDoesNotCheckpoint"}
2026-10-06T19:38:58.1306339Z {"Time":"2026-10-06T19:38:58.0940372Z","Action":"output","Package":"github.com/snissn/gomap/TreeDB","Test":"TestPublicCommandWALDurableBatchWriteSyncDoesNotCheckpoint","Output":"=== RUN   TestPublicCommandWALDurableBatchWriteSyncDoesNotCheckpoint\n"}
2026-10-06T19:39:06.9087337Z {"Time":"2026-10-06T19:39:06.9021096Z","Action":"output","Package":"github.com/snissn/gomap/TreeDB","Test":"TestPublicCommandWALDurableBatchWriteSyncDoesNotCheckpoint","Output":"--- PASS: TestPublicCommandWALDurableBatchWriteSyncDoesNotCheckpoint (8.81s)\n"}
2026-10-06T19:39:06.9089044Z {"Time":"2026-10-06T19:39:06.9021096Z","Action":"pass","Package":"github.com/snissn/gomap/TreeDB","Test":"TestPublicCommandWALDurableBatchWriteSyncDoesNotCheckpoint","Elapsed":8.81}
2026-10-06T19:39:06.9090619Z {"Time":"2026-10-06T19:39:06.9021096Z","Action":"run","Package":"github.com/snissn/gomap/TreeDB","Test":"TestPublicCommandWALCheckpointCleansCoveredCommandJournalSegment"}
2026-10-06T19:39:06.9092251Z {"Time":"2026-10-06T19:39:06.9021096Z","Action":"output","Package":"github.com/snissn/gomap/TreeDB","Test":"TestPublicCommandWALCheckpointCleansCoveredCommandJournalSegment","Output":"=== RUN   TestPublicCommandWALCheckpointCleansCoveredCommandJournalSegment\n"}
2026-10-06T19:39:07.1581801Z {"Time":"2026-10-06T19:39:07.1497983Z","Action":"output","Package":"github.com/snissn/gomap/TreeDB","Test":"TestPublicCommandWALCheckpointCleansCoveredCommandJournalSegment","Output":"--- PASS: TestPublicCommandWALCheckpointCleansCoveredCommandJournalSegment (0.25s)\n"}
2026-10-06T19:39:07.1584966Z {"Time":"2026-10-06T19:39:07.1497983Z","Action":"pass","Package":"github.com/snissn/gomap/TreeDB","Test":"TestPublicCommandWALCheckpointCleansCoveredCommandJournalSegment","Elapsed":0.25}
2026-10-06T19:39:07.1586917Z {"Time":"2026-10-06T19:39:07.1503586Z","Action":"run","Package":"github.com/snissn/gomap/TreeDB","Test":"TestPublicCommandWALCheckpointHookUsesSyncIntent"}
2026-10-06T19:39:07.1589129Z {"Time":"2026-10-06T19:39:07.1503586Z","Action":"output","Package":"github.com/snissn/gomap/TreeDB","Test":"TestPublicCommandWALCheckpointHookUsesSyncIntent","Output":"=== RUN   TestPublicCommandWALCheckpointHookUsesSyncIntent\n"}
2026-10-06T19:39:07.1591330Z {"Time":"2026-10-06T19:39:07.1503586Z","Action":"run","Package":"github.com/snissn/gomap/TreeDB","Test":"TestPublicCommandWALCheckpointHookUsesSyncIntent/durable"}
2026-10-06T19:39:07.1593689Z {"Time":"2026-10-06T19:39:07.1503586Z","Action":"output","Package":"github.com/snissn/gomap/TreeDB","Test":"TestPublicCommandWALCheckpointHookUsesSyncIntent/durable","Output":"=== RUN   TestPublicCommandWALCheckpointHookUsesSyncIntent/durable\n"}
2026-10-06T19:39:07.3294834Z {"Time":"2026-10-06T19:39:07.3265869Z","Action":"output","Package":"github.com/snissn/gomap/TreeDB","Test":"TestPublicCommandWALCheckpointHookUsesSyncIntent/durable","Output":"--- PASS: TestPublicCommandWALCheckpointHookUsesSyncIntent/durable (0.18s)\n"}
2026-10-06T19:39:07.3298818Z {"Time":"2026-10-06T19:39:07.3265869Z","Action":"pass","Package":"github.com/snissn/gomap/TreeDB","Test":"TestPublicCommandWALCheckpointHookUsesSyncIntent/durable","Elapsed":0.18}
2026-10-06T19:39:07.3301254Z {"Time":"2026-10-06T19:39:07.3265869Z","Action":"run","Package":"github.com/snissn/gomap/TreeDB","Test":"TestPublicCommandWALCheckpointHookUsesSyncIntent/relaxed"}
2026-10-06T19:39:07.3304780Z {"Time":"2026-10-06T19:39:07.3265869Z","Action":"output","Package":"github.com/snissn/gomap/TreeDB","Test":"TestPublicCommandWALCheckpointHookUsesSyncIntent/relaxed","Output":"=== RUN   TestPublicCommandWALCheckpointHookUsesSyncIntent/relaxed\n"}
2026-10-06T19:39:07.4723614Z {"Time":"2026-10-06T19:39:07.4699893Z","Action":"output","Package":"github.com/snissn/gomap/TreeDB","Test":"TestPublicCommandWALCheckpointHookUsesSyncIntent/relaxed","Output":"--- PASS: TestPublicCommandWALCheckpointHookUsesSyncIntent/relaxed (0.14s)\n"}
2026-10-06T19:39:07.4726544Z {"Time":"2026-10-06T19:39:07.4707343Z","Action":"pass","Package":"github.com/snissn/gomap/TreeDB","Test":"TestPublicCommandWALCheckpointHookUsesSyncIntent/relaxed","Elapsed":0.14}
2026-10-06T19:39:07.4728976Z {"Time":"2026-10-06T19:39:07.4707343Z","Action":"output","Package":"github.com/snissn/gomap/TreeDB","Test":"TestPublicCommandWALCheckpointHookUsesSyncIntent","Output":"--- PASS: TestPublicCommandWALCheckpointHookUsesSyncIntent (0.32s)\n"}
2026-10-06T19:39:07.4731302Z {"Time":"2026-10-06T19:39:07.4707343Z","Action":"pass","Package":"github.com/snissn/gomap/TreeDB","Test":"TestPublicCommandWALCheckpointHookUsesSyncIntent","Elapsed":0.32}
2026-10-06T19:39:07.4733201Z {"Time":"2026-10-06T19:39:07.4707343Z","Action":"run","Package":"github.com/snissn/gomap/TreeDB","Test":"TestPublicCommandWALBatchResetPreservesCompactZeroScanFallback"}
2026-10-06T19:39:07.4735778Z {"Time":"2026-10-06T19:39:07.4707343Z","Action":"output","Package":"github.com/snissn/gomap/TreeDB","Test":"TestPublicCommandWALBatchResetPreservesCompactZeroScanFallback","Output":"=== RUN   TestPublicCommandWALBatchResetPreservesCompactZeroScanFallback\n"}
2026-10-06T19:39:07.4739077Z {"Time":"2026-10-06T19:39:07.4707343Z","Action":"output","Package":"github.com/snissn/gomap/TreeDB","Test":"TestPublicCommandWALBatchResetPreservesCompactZeroScanFallback","Output":"--- PASS: TestPublicCommandWALBatchResetPreservesCompactZeroScanFallback (0.00s)\n"}
2026-10-06T19:39:07.4742058Z {"Time":"2026-10-06T19:39:07.4707343Z","Action":"pass","Package":"github.com/snissn/gomap/TreeDB","Test":"TestPublicCommandWALBatchResetPreservesCompactZeroScanFallback","Elapsed":0}
2026-10-06T19:39:07.4744153Z {"Time":"2026-10-06T19:39:07.4707343Z","Action":"run","Package":"github.com/snissn/gomap/TreeDB","Test":"TestPublicCommandWALBatchDeleteViewBypassesPayloadBuilderWithoutInnerCopy"}
2026-10-06T19:39:07.4746986Z {"Time":"2026-10-06T19:39:07.4707343Z","Action":"output","Package":"github.com/snissn/gomap/TreeDB","Test":"TestPublicCommandWALBatchDeleteViewBypassesPayloadBuilderWithoutInnerCopy","Output":"=== RUN   TestPublicCommandWALBatchDeleteViewBypassesPayloadBuilderWithoutInnerCopy\n"}
2026-10-06T19:39:07.4750607Z {"Time":"2026-10-06T19:39:07.4707343Z","Action":"output","Package":"github.com/snissn/gomap/TreeDB","Test":"TestPublicCommandWALBatchDeleteViewBypassesPayloadBuilderWithoutInnerCopy","Output":"--- PASS: TestPublicCommandWALBatchDeleteViewBypassesPayloadBuilderWithoutInnerCopy (0.00s)\n"}
2026-10-06T19:39:07.4753622Z {"Time":"2026-10-06T19:39:07.4707343Z","Action":"pass","Package":"github.com/snissn/gomap/TreeDB","Test":"TestPublicCommandWALBatchDeleteViewBypassesPayloadBuilderWithoutInnerCopy","Elapsed":0}
2026-10-06T19:39:07.4755677Z {"Time":"2026-10-06T19:39:07.4707343Z","Action":"run","Package":"github.com/snissn/gomap/TreeDB","Test":"TestPublicCommandWALBatchPayloadSoftCapPreservesReplayViews"}
2026-10-06T19:39:07.4758212Z {"Time":"2026-10-06T19:39:07.4707343Z","Action":"output","Package":"github.com/snissn/gomap/TreeDB","Test":"TestPublicCommandWALBatchPayloadSoftCapPreservesReplayViews","Output":"=== RUN   TestPublicCommandWALBatchPayloadSoftCapPreservesReplayViews\n"}
2026-10-06T19:39:07.4761595Z {"Time":"2026-10-06T19:39:07.4707343Z","Action":"output","Package":"github.com/snissn/gomap/TreeDB","Test":"TestPublicCommandWALBatchPayloadSoftCapPreservesReplayViews","Output":"--- PASS: TestPublicCommandWALBatchPayloadSoftCapPreservesReplayViews (0.00s)\n"}
2026-10-06T19:39:07.4764528Z {"Time":"2026-10-06T19:39:07.4707343Z","Action":"pass","Package":"github.com/snissn/gomap/TreeDB","Test":"TestPublicCommandWALBatchPayloadSoftCapPreservesReplayViews","Elapsed":0}
2026-10-06T19:39:07.4766559Z {"Time":"2026-10-06T19:39:07.4707343Z","Action":"run","Package":"github.com/snissn/gomap/TreeDB","Test":"TestPublicCommandWALCheckpointPostFrontierGenerationSurvivesCrashReopen"}
2026-10-06T19:39:07.4769320Z {"Time":"2026-10-06T19:39:07.4712506Z","Action":"output","Package":"github.com/snissn/gomap/TreeDB","Test":"TestPublicCommandWALCheckpointPostFrontierGenerationSurvivesCrashReopen","Output":"=== RUN   TestPublicCommandWALCheckpointPostFrontierGenerationSurvivesCrashReopen\n"}
2026-10-06T19:39:15.3683696Z {"Time":"2026-10-06T19:39:15.3667766Z","Action":"output","Package":"github.com/snissn/gomap/TreeDB","Test":"TestPublicCommandWALCheckpointPostFrontierGenerationSurvivesCrashReopen","Output":"--- PASS: TestPublicCommandWALCheckpointPostFrontierGenerationSurvivesCrashReopen (7.90s)\n"}
2026-10-06T19:39:15.3686816Z {"Time":"2026-10-06T19:39:15.3673598Z","Action":"pass","Package":"github.com/snissn/gomap/TreeDB","Test":"TestPublicCommandWALCheckpointPostFrontierGenerationSurvivesCrashReopen","Elapsed":7.9}
2026-10-06T19:39:15.3689003Z {"Time":"2026-10-06T19:39:15.3673598Z","Action":"run","Package":"github.com/snissn/gomap/TreeDB","Test":"TestPublicCommandWALBatchValueLogPointersFlushMultiLaneRefs"}
2026-10-06T19:39:15.3691531Z {"Time":"2026-10-06T19:39:15.3673598Z","Action":"output","Package":"github.com/snissn/gomap/TreeDB","Test":"TestPublicCommandWALBatchValueLogPointersFlushMultiLaneRefs","Output":"=== RUN   TestPublicCommandWALBatchValueLogPointersFlushMultiLaneRefs\n"}
2026-10-06T19:39:15.7566814Z {"Time":"2026-10-06T19:39:15.7537037Z","Action":"output","Package":"github.com/snissn/gomap/TreeDB","Test":"TestPublicCommandWALBatchValueLogPointersFlushMultiLaneRefs","Output":"--- PASS: TestPublicCommandWALBatchValueLogPointersFlushMultiLaneRefs (0.39s)\n"}
2026-10-06T19:39:15.7568537Z {"Time":"2026-10-06T19:39:15.7537037Z","Action":"pass","Package":"github.com/snissn/gomap/TreeDB","Test":"TestPublicCommandWALBatchValueLogPointersFlushMultiLaneRefs","Elapsed":0.39}
2026-10-06T19:39:15.7569819Z {"Time":"2026-10-06T19:39:15.7551588Z","Action":"run","Package":"github.com/snissn/gomap/TreeDB","Test":"TestCompactStorageCachedAdvancesWritersPastBackendSegments"}
2026-10-06T19:39:15.7571893Z {"Time":"2026-10-06T19:39:15.7551588Z","Action":"output","Package":"github.com/snissn/gomap/TreeDB","Test":"TestCompactStorageCachedAdvancesWritersPastBackendSegments","Output":"=== RUN   TestCompactStorageCachedAdvancesWritersPastBackendSegments\n"}
2026-10-06T19:39:15.9114744Z {"Time":"2026-10-06T19:39:15.9038462Z","Action":"output","Package":"github.com/snissn/gomap/TreeDB","Test":"TestCompactStorageCachedAdvancesWritersPastBackendSegments","Output":"--- PASS: TestCompactStorageCachedAdvancesWritersPastBackendSegments (0.15s)\n"}
2026-10-06T19:39:15.9116383Z {"Time":"2026-10-06T19:39:15.9038462Z","Action":"pass","Package":"github.com/snissn/gomap/TreeDB","Test":"TestCompactStorageCachedAdvancesWritersPastBackendSegments","Elapsed":0.15}
2026-10-06T19:39:15.9118163Z {"Time":"2026-10-06T19:39:15.9038462Z","Action":"run","Package":"github.com/snissn/gomap/TreeDB","Test":"TestPublicConditionalTxnCachedHandleConflictsWhenKeyChangesBeforeFirstRead"}
2026-10-06T19:39:15.9119909Z {"Time":"2026-10-06T19:39:15.9038462Z","Action":"output","Package":"github.com/snissn/gomap/TreeDB","Test":"TestPublicConditionalTxnCachedHandleConflictsWhenKeyChangesBeforeFirstRead","Output":"=== RUN   TestPublicConditionalTxnCachedHandleConflictsWhenKeyChangesBeforeFirstRead\n"}
2026-10-06T19:39:16.1272205Z {"Time":"2026-10-06T19:39:16.1234737Z","Action":"output","Package":"github.com/snissn/gomap/TreeDB","Test":"TestPublicConditionalTxnCachedHandleConflictsWhenKeyChangesBeforeFirstRead","Output":"--- PASS: TestPublicConditionalTxnCachedHandleConflictsWhenKeyChangesBeforeFirstRead (0.22s)\n"}
2026-10-06T19:39:16.1275267Z {"Time":"2026-10-06T19:39:16.1234737Z","Action":"pass","Package":"github.com/snissn/gomap/TreeDB","Test":"TestPublicConditionalTxnCachedHandleConflictsWhenKeyChangesBeforeFirstRead","Elapsed":0.22}
2026-10-06T19:39:16.1276624Z {"Time":"2026-10-06T19:39:16.1234737Z","Action":"run","Package":"github.com/snissn/gomap/TreeDB","Test":"TestCOWCloseDrainsChunkedOverwritesBeforeLeafReaderTeardown"}
2026-10-06T19:39:16.1279131Z {"Time":"2026-10-06T19:39:16.1234737Z","Action":"output","Package":"github.com/snissn/gomap/TreeDB","Test":"TestCOWCloseDrainsChunkedOverwritesBeforeLeafReaderTeardown","Output":"=== RUN   TestCOWCloseDrainsChunkedOverwritesBeforeLeafReaderTeardown\n"}
2026-10-06T19:39:16.1282183Z {"Time":"2026-10-06T19:39:16.1234737Z","Action":"run","Package":"github.com/snissn/gomap/TreeDB","Test":"TestCOWCloseDrainsChunkedOverwritesBeforeLeafReaderTeardown/command_wal_durable"}
2026-10-06T19:39:16.1283951Z {"Time":"2026-10-06T19:39:16.1234737Z","Action":"output","Package":"github.com/snissn/gomap/TreeDB","Test":"TestCOWCloseDrainsChunkedOverwritesBeforeLeafReaderTeardown/command_wal_durable","Output":"=== RUN   TestCOWCloseDrainsChunkedOverwritesBeforeLeafReaderTeardown/command_wal_durable\n"}
2026-10-06T19:39:24.2037669Z {"Time":"2026-10-06T19:39:24.1884961Z","Action":"output","Package":"github.com/snissn/gomap/TreeDB","Test":"TestCOWCloseDrainsChunkedOverwritesBeforeLeafReaderTeardown/command_wal_durable","Output":"--- PASS: TestCOWCloseDrainsChunkedOverwritesBeforeLeafReaderTeardown/command_wal_durable (8.06s)\n"}
2026-10-06T19:39:24.2041131Z {"Time":"2026-10-06T19:39:24.1884961Z","Action":"pass","Package":"github.com/snissn/gomap/TreeDB","Test":"TestCOWCloseDrainsChunkedOverwritesBeforeLeafReaderTeardown/command_wal_durable","Elapsed":8.06}
2026-10-06T19:39:24.2043614Z {"Time":"2026-10-06T19:39:24.1884961Z","Action":"run","Package":"github.com/snissn/gomap/TreeDB","Test":"TestCOWCloseDrainsChunkedOverwritesBeforeLeafReaderTeardown/command_wal_relaxed"}
2026-10-06T19:39:24.2046806Z {"Time":"2026-10-06T19:39:24.1884961Z","Action":"output","Package":"github.com/snissn/gomap/TreeDB","Test":"TestCOWCloseDrainsChunkedOverwritesBeforeLeafReaderTeardown/command_wal_relaxed","Output":"=== RUN   TestCOWCloseDrainsChunkedOverwritesBeforeLeafReaderTeardown/command_wal_relaxed\n"}
2026-10-06T19:39:32.3274452Z {"Time":"2026-10-06T19:39:32.3139476Z","Action":"output","Package":"github.com/snissn/gomap/TreeDB","Test":"TestCOWCloseDrainsChunkedOverwritesBeforeLeafReaderTeardown/command_wal_relaxed","Output":"--- PASS: TestCOWCloseDrainsChunkedOverwritesBeforeLeafReaderTeardown/command_wal_relaxed (8.13s)\n"}
2026-10-06T19:39:32.3277940Z {"Time":"2026-10-06T19:39:32.3139476Z","Action":"pass","Package":"github.com/snissn/gomap/TreeDB","Test":"TestCOWCloseDrainsChunkedOverwritesBeforeLeafReaderTeardown/command_wal_relaxed","Elapsed":8.13}
2026-10-06T19:39:32.3280187Z {"Time":"2026-10-06T19:39:32.3139476Z","Action":"run","Package":"github.com/snissn/gomap/TreeDB","Test":"TestCOWCloseDrainsChunkedOverwritesBeforeLeafReaderTeardown/no_wal_fast"}
2026-10-06T19:39:32.3282919Z {"Time":"2026-10-06T19:39:32.3139476Z","Action":"output","Package":"github.com/snissn/gomap/TreeDB","Test":"TestCOWCloseDrainsChunkedOverwritesBeforeLeafReaderTeardown/no_wal_fast","Output":"=== RUN   TestCOWCloseDrainsChunkedOverwritesBeforeLeafReaderTeardown/no_wal_fast\n"}
2026-10-06T19:39:32.7007177Z {"Time":"2026-10-06T19:39:32.6912307Z","Action":"output","Package":"github.com/snissn/gomap/TreeDB","Test":"TestCOWCloseDrainsChunkedOverwritesBeforeLeafReaderTeardown/no_wal_fast","Output":"--- PASS: TestCOWCloseDrainsChunkedOverwritesBeforeLeafReaderTeardown/no_wal_fast (0.38s)\n"}
2026-10-06T19:39:32.7009574Z {"Time":"2026-10-06T19:39:32.6932951Z","Action":"pass","Package":"github.com/snissn/gomap/TreeDB","Test":"TestCOWCloseDrainsChunkedOverwritesBeforeLeafReaderTeardown/no_wal_fast","Elapsed":0.38}
2026-10-06T19:39:32.7011999Z {"Time":"2026-10-06T19:39:32.6932951Z","Action":"output","Package":"github.com/snissn/gomap/TreeDB","Test":"TestCOWCloseDrainsChunkedOverwritesBeforeLeafReaderTeardown","Output":"--- PASS: TestCOWCloseDrainsChunkedOverwritesBeforeLeafReaderTeardown (16.57s)\n"}
2026-10-06T19:39:32.7014351Z {"Time":"2026-10-06T19:39:32.6932951Z","Action":"pass","Package":"github.com/snissn/gomap/TreeDB","Test":"TestCOWCloseDrainsChunkedOverwritesBeforeLeafReaderTeardown","Elapsed":16.57}
2026-10-06T19:39:32.7016040Z {"Time":"2026-10-06T19:39:32.6932951Z","Action":"run","Package":"github.com/snissn/gomap/TreeDB","Test":"TestCOWPublicContractLargeSortedBatch"}
2026-10-06T19:39:32.7017744Z {"Time":"2026-10-06T19:39:32.6932951Z","Action":"output","Package":"github.com/snissn/gomap/TreeDB","Test":"TestCOWPublicContractLargeSortedBatch","Output":"=== RUN   TestCOWPublicContractLargeSortedBatch\n"}
2026-10-06T19:39:32.7019356Z {"Time":"2026-10-06T19:39:32.6932951Z","Action":"run","Package":"github.com/snissn/gomap/TreeDB","Test":"TestCOWPublicContractLargeSortedBatch/command_wal_durable"}
2026-10-06T19:39:32.7021403Z {"Time":"2026-10-06T19:39:32.6932951Z","Action":"output","Package":"github.com/snissn/gomap/TreeDB","Test":"TestCOWPublicContractLargeSortedBatch/command_wal_durable","Output":"=== RUN   TestCOWPublicContractLargeSortedBatch/command_wal_durable\n"}
2026-10-06T19:39:32.9469838Z {"Time":"2026-10-06T19:39:32.9425152Z","Action":"output","Package":"github.com/snissn/gomap/TreeDB","Test":"TestCOWPublicContractLargeSortedBatch/command_wal_durable","Output":"--- PASS: TestCOWPublicContractLargeSortedBatch/command_wal_durable (0.25s)\n"}
2026-10-06T19:39:32.9471617Z {"Time":"2026-10-06T19:39:32.9425152Z","Action":"pass","Package":"github.com/snissn/gomap/TreeDB","Test":"TestCOWPublicContractLargeSortedBatch/command_wal_durable","Elapsed":0.25}
2026-10-06T19:39:32.9473385Z {"Time":"2026-10-06T19:39:32.9425152Z","Action":"run","Package":"github.com/snissn/gomap/TreeDB","Test":"TestCOWPublicContractLargeSortedBatch/command_wal_relaxed"}
2026-10-06T19:39:32.9474812Z {"Time":"2026-10-06T19:39:32.9425152Z","Action":"output","Package":"github.com/snissn/gomap/TreeDB","Test":"TestCOWPublicContractLargeSortedBatch/command_wal_relaxed","Output":"=== RUN   TestCOWPublicContractLargeSortedBatch/command_wal_relaxed\n"}
2026-10-06T19:39:33.2733257Z {"Time":"2026-10-06T19:39:33.2701829Z","Action":"output","Package":"github.com/snissn/gomap/TreeDB","Test":"TestCOWPublicContractLargeSortedBatch/command_wal_relaxed","Output":"--- PASS: TestCOWPublicContractLargeSortedBatch/command_wal_relaxed (0.33s)\n"}
2026-10-06T19:39:33.2736065Z {"Time":"2026-10-06T19:39:33.2701829Z","Action":"pass","Package":"github.com/snissn/gomap/TreeDB","Test":"TestCOWPublicContractLargeSortedBatch/command_wal_relaxed","Elapsed":0.33}
2026-10-06T19:39:33.2737920Z {"Time":"2026-10-06T19:39:33.2701829Z","Action":"run","Package":"github.com/snissn/gomap/TreeDB","Test":"TestCOWPublicContractLargeSortedBatch/no_wal_fast"}
2026-10-06T19:39:33.2740065Z {"Time":"2026-10-06T19:39:33.2701829Z","Action":"output","Package":"github.com/snissn/gomap/TreeDB","Test":"TestCOWPublicContractLargeSortedBatch/no_wal_fast","Output":"=== RUN   TestCOWPublicContractLargeSortedBatch/no_wal_fast\n"}
2026-10-06T19:39:33.5067487Z {"Time":"2026-10-06T19:39:33.5001033Z","Action":"output","Package":"github.com/snissn/gomap/TreeDB","Test":"TestCOWPublicContractLargeSortedBatch/no_wal_fast","Output":"--- PASS: TestCOWPublicContractLargeSortedBatch/no_wal_fast (0.23s)\n"}
2026-10-06T19:39:33.5070409Z {"Time":"2026-10-06T19:39:33.5007691Z","Action":"pass","Package":"github.com/snissn/gomap/TreeDB","Test":"TestCOWPublicContractLargeSortedBatch/no_wal_fast","Elapsed":0.23}
2026-10-06T19:39:33.5071828Z {"Time":"2026-10-06T19:39:33.5007691Z","Action":"output","Package":"github.com/snissn/gomap/TreeDB","Test":"TestCOWPublicContractLargeSortedBatch","Output":"--- PASS: TestCOWPublicContractLargeSortedBatch (0.81s)\n"}
2026-10-06T19:39:33.5073140Z {"Time":"2026-10-06T19:39:33.5007691Z","Action":"pass","Package":"github.com/snissn/gomap/TreeDB","Test":"TestCOWPublicContractLargeSortedBatch","Elapsed":0.81}
2026-10-06T19:39:33.5074462Z {"Time":"2026-10-06T19:39:33.5007691Z","Action":"run","Package":"github.com/snissn/gomap/TreeDB","Test":"TestCOWPublicEncodedMVCCProcessHelper"}
2026-10-06T19:39:33.5075856Z {"Time":"2026-10-06T19:39:33.5007691Z","Action":"output","Package":"github.com/snissn/gomap/TreeDB","Test":"TestCOWPublicEncodedMVCCProcessHelper","Output":"=== RUN   TestCOWPublicEncodedMVCCProcessHelper\n"}
2026-10-06T19:39:33.5077392Z {"Time":"2026-10-06T19:39:33.5007691Z","Action":"output","Package":"github.com/snissn/gomap/TreeDB","Test":"TestCOWPublicEncodedMVCCProcessHelper","Output":"    cow_public_encoded_mvcc_test.go:23: subprocess only\n"}
2026-10-06T19:39:33.5079038Z {"Time":"2026-10-06T19:39:33.5007691Z","Action":"output","Package":"github.com/snissn/gomap/TreeDB","Test":"TestCOWPublicEncodedMVCCProcessHelper","Output":"--- SKIP: TestCOWPublicEncodedMVCCProcessHelper (0.00s)\n"}
2026-10-06T19:39:33.5080294Z {"Time":"2026-10-06T19:39:33.5007691Z","Action":"skip","Package":"github.com/snissn/gomap/TreeDB","Test":"TestCOWPublicEncodedMVCCProcessHelper","Elapsed":0}
2026-10-06T19:39:33.5081495Z {"Time":"2026-10-06T19:39:33.5007691Z","Action":"run","Package":"github.com/snissn/gomap/TreeDB","Test":"TestCOWPublicSelectedSourceRewriteKeepsOldCuts"}
2026-10-06T19:39:33.5082811Z {"Time":"2026-10-06T19:39:33.5007691Z","Action":"output","Package":"github.com/snissn/gomap/TreeDB","Test":"TestCOWPublicSelectedSourceRewriteKeepsOldCuts","Output":"=== RUN   TestCOWPublicSelectedSourceRewriteKeepsOldCuts\n"}
2026-10-06T19:39:33.5084207Z {"Time":"2026-10-06T19:39:33.5007691Z","Action":"run","Package":"github.com/snissn/gomap/TreeDB","Test":"TestCOWPublicSelectedSourceRewriteKeepsOldCuts/command_wal_durable"}
2026-10-06T19:39:33.5085949Z {"Time":"2026-10-06T19:39:33.5007691Z","Action":"output","Package":"github.com/snissn/gomap/TreeDB","Test":"TestCOWPublicSelectedSourceRewriteKeepsOldCuts/command_wal_durable","Output":"=== RUN   TestCOWPublicSelectedSourceRewriteKeepsOldCuts/command_wal_durable\n"}
2026-10-06T19:39:42.7669495Z {"Time":"2026-10-06T19:39:42.7538819Z","Action":"output","Package":"github.com/snissn/gomap/TreeDB","Test":"TestCOWPublicSelectedSourceRewriteKeepsOldCuts/command_wal_durable","Output":"--- PASS: TestCOWPublicSelectedSourceRewriteKeepsOldCuts/command_wal_durable (9.25s)\n"}
2026-10-06T19:39:42.7671756Z {"Time":"2026-10-06T19:39:42.7538819Z","Action":"pass","Package":"github.com/snissn/gomap/TreeDB","Test":"TestCOWPublicSelectedSourceRewriteKeepsOldCuts/command_wal_durable","Elapsed":9.25}
2026-10-06T19:39:42.7673346Z {"Time":"2026-10-06T19:39:42.7538819Z","Action":"run","Package":"github.com/snissn/gomap/TreeDB","Test":"TestCOWPublicSelectedSourceRewriteKeepsOldCuts/command_wal_relaxed"}
2026-10-06T19:39:42.7675347Z {"Time":"2026-10-06T19:39:42.7538819Z","Action":"output","Package":"github.com/snissn/gomap/TreeDB","Test":"TestCOWPublicSelectedSourceRewriteKeepsOldCuts/command_wal_relaxed","Output":"=== RUN   TestCOWPublicSelectedSourceRewriteKeepsOldCuts/command_wal_relaxed\n"}
2026-10-06T19:39:50.7438689Z {"Time":"2026-10-06T19:39:50.7420022Z","Action":"output","Package":"github.com/snissn/gomap/TreeDB","Test":"TestCOWPublicSelectedSourceRewriteKeepsOldCuts/command_wal_relaxed","Output":"--- PASS: TestCOWPublicSelectedSourceRewriteKeepsOldCuts/command_wal_relaxed (7.99s)\n"}
2026-10-06T19:39:50.7441025Z {"Time":"2026-10-06T19:39:50.7420022Z","Action":"pass","Package":"github.com/snissn/gomap/TreeDB","Test":"TestCOWPublicSelectedSourceRewriteKeepsOldCuts/command_wal_relaxed","Elapsed":7.99}
2026-10-06T19:39:50.7442283Z {"Time":"2026-10-06T19:39:50.7427099Z","Action":"run","Package":"github.com/snissn/gomap/TreeDB","Test":"TestCOWPublicSelectedSourceRewriteKeepsOldCuts/no_wal_fast"}
2026-10-06T19:39:50.7443764Z {"Time":"2026-10-06T19:39:50.7427099Z","Action":"output","Package":"github.com/snissn/gomap/TreeDB","Test":"TestCOWPublicSelectedSourceRewriteKeepsOldCuts/no_wal_fast","Output":"=== RUN   TestCOWPublicSelectedSourceRewriteKeepsOldCuts/no_wal_fast\n"}
2026-10-06T19:39:51.0526455Z {"Time":"2026-10-06T19:39:51.0420918Z","Action":"output","Package":"github.com/snissn/gomap/TreeDB","Test":"TestCOWPublicSelectedSourceRewriteKeepsOldCuts/no_wal_fast","Output":"--- PASS: TestCOWPublicSelectedSourceRewriteKeepsOldCuts/no_wal_fast (0.30s)\n"}
2026-10-06T19:39:51.0529947Z {"Time":"2026-10-06T19:39:51.0420918Z","Action":"pass","Package":"github.com/snissn/gomap/TreeDB","Test":"TestCOWPublicSelectedSourceRewriteKeepsOldCuts/no_wal_fast","Elapsed":0.3}
2026-10-06T19:39:51.0531473Z {"Time":"2026-10-06T19:39:51.0420918Z","Action":"output","Package":"github.com/snissn/gomap/TreeDB","Test":"TestCOWPublicSelectedSourceRewriteKeepsOldCuts","Output":"--- PASS: TestCOWPublicSelectedSourceRewriteKeepsOldCuts (17.54s)\n"}
2026-10-06T19:39:51.0533473Z {"Time":"2026-10-06T19:39:51.0420918Z","Action":"pass","Package":"github.com/snissn/gomap/TreeDB","Test":"TestCOWPublicSelectedSourceRewriteKeepsOldCuts","Elapsed":17.54}
2026-10-06T19:39:51.0534625Z {"Time":"2026-10-06T19:39:51.0420918Z","Action":"run","Package":"github.com/snissn/gomap/TreeDB","Test":"TestResolveOpenDirLayout_FlatDirDisablesSideStores"}
2026-10-06T19:39:51.0535964Z {"Time":"2026-10-06T19:39:51.0420918Z","Action":"output","Package":"github.com/snissn/gomap/TreeDB","Test":"TestResolveOpenDirLayout_FlatDirDisablesSideStores","Output":"=== RUN   TestResolveOpenDirLayout_FlatDirDisablesSideStores\n"}
2026-10-06T19:39:51.0537635Z {"Time":"2026-10-06T19:39:51.0431466Z","Action":"output","Package":"github.com/snissn/gomap/TreeDB","Test":"TestResolveOpenDirLayout_FlatDirDisablesSideStores","Output":"--- PASS: TestResolveOpenDirLayout_FlatDirDisablesSideStores (0.00s)\n"}
2026-10-06T19:39:51.0539304Z {"Time":"2026-10-06T19:39:51.0442168Z","Action":"pass","Package":"github.com/snissn/gomap/TreeDB","Test":"TestResolveOpenDirLayout_FlatDirDisablesSideStores","Elapsed":0}
2026-10-06T19:39:51.0540396Z {"Time":"2026-10-06T19:39:51.0442168Z","Action":"run","Package":"github.com/snissn/gomap/TreeDB","Test":"TestApplyEnvMaintenanceOverrides_VlogBlockCodec"}
2026-10-06T19:39:51.0541686Z {"Time":"2026-10-06T19:39:51.0442168Z","Action":"output","Package":"github.com/snissn/gomap/TreeDB","Test":"TestApplyEnvMaintenanceOverrides_VlogBlockCodec","Output":"=== RUN   TestApplyEnvMaintenanceOverrides_VlogBlockCodec\n"}
2026-10-06T19:39:51.0542980Z {"Time":"2026-10-06T19:39:51.0442168Z","Action":"run","Package":"github.com/snissn/gomap/TreeDB","Test":"TestApplyEnvMaintenanceOverrides_VlogBlockCodec/snappy"}
2026-10-06T19:39:51.0544568Z {"Time":"2026-10-06T19:39:51.0442168Z","Action":"output","Package":"github.com/snissn/gomap/TreeDB","Test":"TestApplyEnvMaintenanceOverrides_VlogBlockCodec/snappy","Output":"=== RUN   TestApplyEnvMaintenanceOverrides_VlogBlockCodec/snappy\n"}
2026-10-06T19:39:51.0546264Z {"Time":"2026-10-06T19:39:51.0442168Z","Action":"output","Package":"github.com/snissn/gomap/TreeDB","Test":"TestApplyEnvMaintenanceOverrides_VlogBlockCodec/snappy","Output":"--- PASS: TestApplyEnvMaintenanceOverrides_VlogBlockCodec/snappy (0.00s)\n"}
2026-10-06T19:39:51.0547709Z {"Time":"2026-10-06T19:39:51.0442168Z","Action":"pass","Package":"github.com/snissn/gomap/TreeDB","Test":"TestApplyEnvMaintenanceOverrides_VlogBlockCodec/snappy","Elapsed":0}
2026-10-06T19:39:51.0548793Z {"Time":"2026-10-06T19:39:51.0442168Z","Action":"run","Package":"github.com/snissn/gomap/TreeDB","Test":"TestApplyEnvMaintenanceOverrides_VlogBlockCodec/lz4"}
2026-10-06T19:39:51.0550656Z {"Time":"2026-10-06T19:39:51.0442168Z","Action":"output","Package":"github.com/snissn/gomap/TreeDB","Test":"TestApplyEnvMaintenanceOverrides_VlogBlockCodec/lz4","Output":"=== RUN   TestApplyEnvMaintenanceOverrides_VlogBlockCodec/lz4\n"}
2026-10-06T19:39:51.0552294Z {"Time":"2026-10-06T19:39:51.0442168Z","Action":"output","Package":"github.com/snissn/gomap/TreeDB","Test":"TestApplyEnvMaintenanceOverrides_VlogBlockCodec/lz4","Output":"--- PASS: TestApplyEnvMaintenanceOverrides_VlogBlockCodec/lz4 (0.00s)\n"}
2026-10-06T19:39:51.0553691Z {"Time":"2026-10-06T19:39:51.0442168Z","Action":"pass","Package":"github.com/snissn/gomap/TreeDB","Test":"TestApplyEnvMaintenanceOverrides_VlogBlockCodec/lz4","Elapsed":0}
2026-10-06T19:39:51.0555876Z {"Time":"2026-10-06T19:39:51.0442168Z","Action":"run","Package":"github.com/snissn/gomap/TreeDB","Test":"TestApplyEnvMaintenanceOverrides_VlogBlockCodec/zstd"}
2026-10-06T19:39:51.0557384Z {"Time":"2026-10-06T19:39:51.0442168Z","Action":"output","Package":"github.com/snissn/gomap/TreeDB","Test":"TestApplyEnvMaintenanceOverrides_VlogBlockCodec/zstd","Output":"=== RUN   TestApplyEnvMaintenanceOverrides_VlogBlockCodec/zstd\n"}
2026-10-06T19:39:51.0559195Z {"Time":"2026-10-06T19:39:51.0447321Z","Action":"output","Package":"github.com/snissn/gomap/TreeDB","Test":"TestApplyEnvMaintenanceOverrides_VlogBlockCodec/zstd","Output":"--- PASS: TestApplyEnvMaintenanceOverrides_VlogBlockCodec/zstd (0.00s)\n"}
2026-10-06T19:39:51.0560612Z {"Time":"2026-10-06T19:39:51.0447321Z","Action":"pass","Package":"github.com/snissn/gomap/TreeDB","Test":"TestApplyEnvMaintenanceOverrides_VlogBlockCodec/zstd","Elapsed":0}
2026-10-06T19:39:51.0562190Z {"Time":"2026-10-06T19:39:51.0447321Z","Action":"output","Package":"github.com/snissn/gomap/TreeDB","Test":"TestApplyEnvMaintenanceOverrides_VlogBlockCodec","Output":"--- PASS: TestApplyEnvMaintenanceOverrides_VlogBlockCodec (0.00s)\n"}
2026-10-06T19:39:51.0563544Z {"Time":"2026-10-06T19:39:51.0447321Z","Action":"pass","Package":"github.com/snissn/gomap/TreeDB","Test":"TestApplyEnvMaintenanceOverrides_VlogBlockCodec","Elapsed":0}
2026-10-06T19:39:51.0564657Z {"Time":"2026-10-06T19:39:51.0447321Z","Action":"run","Package":"github.com/snissn/gomap/TreeDB","Test":"TestExternalMVCCCodecIsOptInAndDoesNotReplaceEntryRevision"}
2026-10-06T19:39:51.0566698Z {"Time":"2026-10-06T19:39:51.0447321Z","Action":"output","Package":"github.com/snissn/gomap/TreeDB","Test":"TestExternalMVCCCodecIsOptInAndDoesNotReplaceEntryRevision","Output":"=== RUN   TestExternalMVCCCodecIsOptInAndDoesNotReplaceEntryRevision\n"}
2026-10-06T19:39:51.2235648Z {"Time":"2026-10-06T19:39:51.2156069Z","Action":"output","Package":"github.com/snissn/gomap/TreeDB","Test":"TestExternalMVCCCodecIsOptInAndDoesNotReplaceEntryRevision","Output":"--- PASS: TestExternalMVCCCodecIsOptInAndDoesNotReplaceEntryRevision (0.17s)\n"}
2026-10-06T19:39:51.2238203Z {"Time":"2026-10-06T19:39:51.2156069Z","Action":"pass","Package":"github.com/snissn/gomap/TreeDB","Test":"TestExternalMVCCCodecIsOptInAndDoesNotReplaceEntryRevision","Elapsed":0.17}
2026-10-06T19:39:51.2239547Z {"Time":"2026-10-06T19:39:51.2156069Z","Action":"run","Package":"github.com/snissn/gomap/TreeDB","Test":"TestSnapshotGetManyViewClosedSnapshotBoundary"}
2026-10-06T19:39:51.2241082Z {"Time":"2026-10-06T19:39:51.2156069Z","Action":"output","Package":"github.com/snissn/gomap/TreeDB","Test":"TestSnapshotGetManyViewClosedSnapshotBoundary","Output":"=== RUN   TestSnapshotGetManyViewClosedSnapshotBoundary\n"}
2026-10-06T19:39:51.3773075Z {"Time":"2026-10-06T19:39:51.3746198Z","Action":"output","Package":"github.com/snissn/gomap/TreeDB","Test":"TestSnapshotGetManyViewClosedSnapshotBoundary","Output":"--- PASS: TestSnapshotGetManyViewClosedSnapshotBoundary (0.16s)\n"}
2026-10-06T19:39:51.3775521Z {"Time":"2026-10-06T19:39:51.3746198Z","Action":"pass","Package":"github.com/snissn/gomap/TreeDB","Test":"TestSnapshotGetManyViewClosedSnapshotBoundary","Elapsed":0.16}
2026-10-06T19:39:51.3778684Z {"Time":"2026-10-06T19:39:51.3746198Z","Action":"run","Package":"github.com/snissn/gomap/TreeDB","Test":"TestIndexVacuumM4ExpectedLaneError"}
2026-10-06T19:39:51.3781384Z {"Time":"2026-10-06T19:39:51.3746198Z","Action":"output","Package":"github.com/snissn/gomap/TreeDB","Test":"TestIndexVacuumM4ExpectedLaneError","Output":"=== RUN   TestIndexVacuumM4ExpectedLaneError\n"}
2026-10-06T19:39:51.3783573Z {"Time":"2026-10-06T19:39:51.3746198Z","Action":"run","Package":"github.com/snissn/gomap/TreeDB","Test":"TestIndexVacuumM4ExpectedLaneError/linux_outer_full_namespace"}
2026-10-06T19:39:51.3785670Z {"Time":"2026-10-06T19:39:51.3746198Z","Action":"output","Package":"github.com/snissn/gomap/TreeDB","Test":"TestIndexVacuumM4ExpectedLaneError/linux_outer_full_namespace","Output":"=== RUN   TestIndexVacuumM4ExpectedLaneError/linux_outer_full_namespace\n"}
2026-10-06T19:39:51.3796921Z {"Time":"2026-10-06T19:39:51.3746198Z","Action":"output","Package":"github.com/snissn/gomap/TreeDB","Test":"TestIndexVacuumM4ExpectedLaneError/linux_outer_full_namespace","Output":"--- PASS: TestIndexVacuumM4ExpectedLaneError/linux_outer_full_namespace (0.00s)\n"}
2026-10-06T19:39:51.3798596Z {"Time":"2026-10-06T19:39:51.3746198Z","Action":"pass","Package":"github.com/snissn/gomap/TreeDB","Test":"TestIndexVacuumM4ExpectedLaneError/linux_outer_full_namespace","Elapsed":0}
2026-10-06T19:39:51.3800162Z {"Time":"2026-10-06T19:39:51.3746198Z","Action":"run","Package":"github.com/snissn/gomap/TreeDB","Test":"TestIndexVacuumM4ExpectedLaneError/darwin_outer_full_namespace"}
2026-10-06T19:39:51.3801685Z {"Time":"2026-10-06T19:39:51.3746198Z","Action":"output","Package":"github.com/snissn/gomap/TreeDB","Test":"TestIndexVacuumM4ExpectedLaneError/darwin_outer_full_namespace","Output":"=== RUN   TestIndexVacuumM4ExpectedLaneError/darwin_outer_full_namespace\n"}
2026-10-06T19:39:51.3803502Z {"Time":"2026-10-06T19:39:51.3746198Z","Action":"output","Package":"github.com/snissn/gomap/TreeDB","Test":"TestIndexVacuumM4ExpectedLaneError/darwin_outer_full_namespace","Output":"--- PASS: TestIndexVacuumM4ExpectedLaneError/darwin_outer_full_namespace (0.00s)\n"}
2026-10-06T19:39:51.3805224Z {"Time":"2026-10-06T19:39:51.3746198Z","Action":"pass","Package":"github.com/snissn/gomap/TreeDB","Test":"TestIndexVacuumM4ExpectedLaneError/darwin_outer_full_namespace","Elapsed":0}
2026-10-06T19:39:51.3806409Z {"Time":"2026-10-06T19:39:51.3746198Z","Action":"run","Package":"github.com/snissn/gomap/TreeDB","Test":"TestIndexVacuumM4ExpectedLaneError/freebsd_outer_full_namespace"}
2026-10-06T19:39:51.3807887Z {"Time":"2026-10-06T19:39:51.3746198Z","Action":"output","Package":"github.com/snissn/gomap/TreeDB","Test":"TestIndexVacuumM4ExpectedLaneError/freebsd_outer_full_namespace","Output":"=== RUN   TestIndexVacuumM4ExpectedLaneError/freebsd_outer_full_namespace\n"}
2026-10-06T19:39:51.3809699Z {"Time":"2026-10-06T19:39:51.3746198Z","Action":"output","Package":"github.com/snissn/gomap/TreeDB","Test":"TestIndexVacuumM4ExpectedLaneError/freebsd_outer_full_namespace","Output":"--- PASS: TestIndexVacuumM4ExpectedLaneError/freebsd_outer_full_namespace (0.00s)\n"}
2026-10-06T19:39:51.3811382Z {"Time":"2026-10-06T19:39:51.3746198Z","Action":"pass","Package":"github.com/snissn/gomap/TreeDB","Test":"TestIndexVacuumM4ExpectedLaneError/freebsd_outer_full_namespace","Elapsed":0}
2026-10-06T19:39:51.3812553Z {"Time":"2026-10-06T19:39:51.3746198Z","Action":"run","Package":"github.com/snissn/gomap/TreeDB","Test":"TestIndexVacuumM4ExpectedLaneError/netbsd_outer_full_namespace"}
2026-10-06T19:39:51.3814025Z {"Time":"2026-10-06T19:39:51.3746198Z","Action":"output","Package":"github.com/snissn/gomap/TreeDB","Test":"TestIndexVacuumM4ExpectedLaneError/netbsd_outer_full_namespace","Output":"=== RUN   TestIndexVacuumM4ExpectedLaneError/netbsd_outer_full_namespace\n"}
2026-10-06T19:39:51.3815991Z {"Time":"2026-10-06T19:39:51.3746198Z","Action":"output","Package":"github.com/snissn/gomap/TreeDB","Test":"TestIndexVacuumM4ExpectedLaneError/netbsd_outer_full_namespace","Output":"--- PASS: TestIndexVacuumM4ExpectedLaneError/netbsd_outer_full_namespace (0.00s)\n"}
2026-10-06T19:39:51.3817839Z {"Time":"2026-10-06T19:39:51.3746198Z","Action":"pass","Package":"github.com/snissn/gomap/TreeDB","Test":"TestIndexVacuumM4ExpectedLaneError/netbsd_outer_full_namespace","Elapsed":0}
2026-10-06T19:39:51.3819017Z {"Time":"2026-10-06T19:39:51.3746198Z","Action":"run","Package":"github.com/snissn/gomap/TreeDB","Test":"TestIndexVacuumM4ExpectedLaneError/openbsd_outer_full_namespace"}
2026-10-06T19:39:51.3820480Z {"Time":"2026-10-06T19:39:51.3746198Z","Action":"output","Package":"github.com/snissn/gomap/TreeDB","Test":"TestIndexVacuumM4ExpectedLaneError/openbsd_outer_full_namespace","Output":"=== RUN   TestIndexVacuumM4ExpectedLaneError/openbsd_outer_full_namespace\n"}
2026-10-06T19:39:51.3823295Z {"Time":"2026-10-06T19:39:51.3746198Z","Action":"output","Package":"github.com/snissn/gomap/TreeDB","Test":"TestIndexVacuumM4ExpectedLaneError/openbsd_outer_full_namespace","Output":"--- PASS: TestIndexVacuumM4ExpectedLaneError/openbsd_outer_full_namespace (0.00s)\n"}
2026-10-06T19:39:51.3824878Z {"Time":"2026-10-06T19:39:51.3752061Z","Action":"pass","Package":"github.com/snissn/gomap/TreeDB","Test":"TestIndexVacuumM4ExpectedLaneError/openbsd_outer_full_namespace","Elapsed":0}
2026-10-06T19:39:51.3826196Z {"Time":"2026-10-06T19:39:51.3752061Z","Action":"run","Package":"github.com/snissn/gomap/TreeDB","Test":"TestIndexVacuumM4ExpectedLaneError/windows_outer_full_namespace"}
2026-10-06T19:39:51.3827902Z {"Time":"2026-10-06T19:39:51.3752061Z","Action":"output","Package":"github.com/snissn/gomap/TreeDB","Test":"TestIndexVacuumM4ExpectedLaneError/windows_outer_full_namespace","Output":"=== RUN   TestIndexVacuumM4ExpectedLaneError/windows_outer_full_namespace\n"}
2026-10-06T19:39:51.3829730Z {"Time":"2026-10-06T19:39:51.3752061Z","Action":"output","Package":"github.com/snissn/gomap/TreeDB","Test":"TestIndexVacuumM4ExpectedLaneError/windows_outer_full_namespace","Output":"--- PASS: TestIndexVacuumM4ExpectedLaneError/windows_outer_full_namespace (0.00s)\n"}
2026-10-06T19:39:51.3831283Z {"Time":"2026-10-06T19:39:51.3752061Z","Action":"pass","Package":"github.com/snissn/gomap/TreeDB","Test":"TestIndexVacuumM4ExpectedLaneError/windows_outer_full_namespace","Elapsed":0}
2026-10-06T19:39:51.3832660Z {"Time":"2026-10-06T19:39:51.3752061Z","Action":"run","Package":"github.com/snissn/gomap/TreeDB","Test":"TestIndexVacuumM4ExpectedLaneError/windows_outer_full_owner"}
2026-10-06T19:39:51.3834068Z {"Time":"2026-10-06T19:39:51.3752061Z","Action":"output","Package":"github.com/snissn/gomap/TreeDB","Test":"TestIndexVacuumM4ExpectedLaneError/windows_outer_full_owner","Output":"=== RUN   TestIndexVacuumM4ExpectedLaneError/windows_outer_full_owner\n"}
2026-10-06T19:39:51.3835830Z {"Time":"2026-10-06T19:39:51.3752061Z","Action":"output","Package":"github.com/snissn/gomap/TreeDB","Test":"TestIndexVacuumM4ExpectedLaneError/windows_outer_full_owner","Output":"--- PASS: TestIndexVacuumM4ExpectedLaneError/windows_outer_full_owner (0.00s)\n"}
2026-10-06T19:39:51.3837882Z {"Time":"2026-10-06T19:39:51.3752061Z","Action":"pass","Package":"github.com/snissn/gomap/TreeDB","Test":"TestIndexVacuumM4ExpectedLaneError/windows_outer_full_owner","Elapsed":0}
2026-10-06T19:39:51.3839018Z {"Time":"2026-10-06T19:39:51.3752061Z","Action":"run","Package":"github.com/snissn/gomap/TreeDB","Test":"TestIndexVacuumM4ExpectedLaneError/bsd_outer_full_owner"}
2026-10-06T19:39:51.3840365Z {"Time":"2026-10-06T19:39:51.3752061Z","Action":"output","Package":"github.com/snissn/gomap/TreeDB","Test":"TestIndexVacuumM4ExpectedLaneError/bsd_outer_full_owner","Output":"=== RUN   TestIndexVacuumM4ExpectedLaneError/bsd_outer_full_owner\n"}
2026-10-06T19:39:51.3842039Z {"Time":"2026-10-06T19:39:51.3752061Z","Action":"output","Package":"github.com/snissn/gomap/TreeDB","Test":"TestIndexVacuumM4ExpectedLaneError/bsd_outer_full_owner","Output":"--- PASS: TestIndexVacuumM4ExpectedLaneError/bsd_outer_full_owner (0.00s)\n"}
2026-10-06T19:39:51.3843667Z {"Time":"2026-10-06T19:39:51.3752061Z","Action":"pass","Package":"github.com/snissn/gomap/TreeDB","Test":"TestIndexVacuumM4ExpectedLaneError/bsd_outer_full_owner","Elapsed":0}
2026-10-06T19:39:51.3844824Z {"Time":"2026-10-06T19:39:51.3752061Z","Action":"run","Package":"github.com/snissn/gomap/TreeDB","Test":"TestIndexVacuumM4ExpectedLaneError/linux_outer_exhaustive_namespace"}
2026-10-06T19:39:51.3846325Z {"Time":"2026-10-06T19:39:51.3752061Z","Action":"output","Package":"github.com/snissn/gomap/TreeDB","Test":"TestIndexVacuumM4ExpectedLaneError/linux_outer_exhaustive_namespace","Output":"=== RUN   TestIndexVacuumM4ExpectedLaneError/linux_outer_exhaustive_namespace\n"}
2026-10-06T19:39:51.3848200Z {"Time":"2026-10-06T19:39:51.3752061Z","Action":"output","Package":"github.com/snissn/gomap/TreeDB","Test":"TestIndexVacuumM4ExpectedLaneError/linux_outer_exhaustive_namespace","Output":"--- PASS: TestIndexVacuumM4ExpectedLaneError/linux_outer_exhaustive_namespace (0.00s)\n"}
2026-10-06T19:39:51.3850115Z {"Time":"2026-10-06T19:39:51.3752061Z","Action":"pass","Package":"github.com/snissn/gomap/TreeDB","Test":"TestIndexVacuumM4ExpectedLaneError/linux_outer_exhaustive_namespace","Elapsed":0}
2026-10-06T19:39:51.3851307Z {"Time":"2026-10-06T19:39:51.3752061Z","Action":"run","Package":"github.com/snissn/gomap/TreeDB","Test":"TestIndexVacuumM4ExpectedLaneError/bsd_outer_exhaustive_namespace"}
2026-10-06T19:39:51.3853053Z {"Time":"2026-10-06T19:39:51.3752061Z","Action":"output","Package":"github.com/snissn/gomap/TreeDB","Test":"TestIndexVacuumM4ExpectedLaneError/bsd_outer_exhaustive_namespace","Output":"=== RUN   TestIndexVacuumM4ExpectedLaneError/bsd_outer_exhaustive_namespace\n"}
2026-10-06T19:39:51.3855150Z {"Time":"2026-10-06T19:39:51.3752061Z","Action":"output","Package":"github.com/snissn/gomap/TreeDB","Test":"TestIndexVacuumM4ExpectedLaneError/bsd_outer_exhaustive_namespace","Output":"--- PASS: TestIndexVacuumM4ExpectedLaneError/bsd_outer_exhaustive_namespace (0.00s)\n"}
2026-10-06T19:39:51.3856704Z {"Time":"2026-10-06T19:39:51.3752061Z","Action":"pass","Package":"github.com/snissn/gomap/TreeDB","Test":"TestIndexVacuumM4ExpectedLaneError/bsd_outer_exhaustive_namespace","Elapsed":0}
2026-10-06T19:39:51.3858197Z {"Time":"2026-10-06T19:39:51.3752061Z","Action":"run","Package":"github.com/snissn/gomap/TreeDB","Test":"TestIndexVacuumM4ExpectedLaneError/outer_exhaustive_owner"}
2026-10-06T19:39:51.3859902Z {"Time":"2026-10-06T19:39:51.3752061Z","Action":"output","Package":"github.com/snissn/gomap/TreeDB","Test":"TestIndexVacuumM4ExpectedLaneError/outer_exhaustive_owner","Output":"=== RUN   TestIndexVacuumM4ExpectedLaneError/outer_exhaustive_owner\n"}
2026-10-06T19:39:51.3861761Z {"Time":"2026-10-06T19:39:51.3752061Z","Action":"output","Package":"github.com/snissn/gomap/TreeDB","Test":"TestIndexVacuumM4ExpectedLaneError/outer_exhaustive_owner","Output":"--- PASS: TestIndexVacuumM4ExpectedLaneError/outer_exhaustive_owner (0.00s)\n"}
2026-10-06T19:39:51.3863225Z {"Time":"2026-10-06T19:39:51.3752061Z","Action":"pass","Package":"github.com/snissn/gomap/TreeDB","Test":"TestIndexVacuumM4ExpectedLaneError/outer_exhaustive_owner","Elapsed":0}
2026-10-06T19:39:51.3864309Z {"Time":"2026-10-06T19:39:51.3752061Z","Action":"run","Package":"github.com/snissn/gomap/TreeDB","Test":"TestIndexVacuumM4ExpectedLaneError/outer_backend"}
2026-10-06T19:39:51.3865777Z {"Time":"2026-10-06T19:39:51.3752061Z","Action":"output","Package":"github.com/snissn/gomap/TreeDB","Test":"TestIndexVacuumM4ExpectedLaneError/outer_backend","Output":"=== RUN   TestIndexVacuumM4ExpectedLaneError/outer_backend\n"}
2026-10-06T19:39:51.3867609Z {"Time":"2026-10-06T19:39:51.3752061Z","Action":"output","Package":"github.com/snissn/gomap/TreeDB","Test":"TestIndexVacuumM4ExpectedLaneError/outer_backend","Output":"--- PASS: TestIndexVacuumM4ExpectedLaneError/outer_backend (0.00s)\n"}
2026-10-06T19:39:51.3868973Z {"Time":"2026-10-06T19:39:51.3752061Z","Action":"pass","Package":"github.com/snissn/gomap/TreeDB","Test":"TestIndexVacuumM4ExpectedLaneError/outer_backend","Elapsed":0}
2026-10-06T19:39:51.3870197Z {"Time":"2026-10-06T19:39:51.3752061Z","Action":"run","Package":"github.com/snissn/gomap/TreeDB","Test":"TestIndexVacuumM4ExpectedLaneError/inline_full"}
2026-10-06T19:39:51.3871660Z {"Time":"2026-10-06T19:39:51.3752061Z","Action":"output","Package":"github.com/snissn/gomap/TreeDB","Test":"TestIndexVacuumM4ExpectedLaneError/inline_full","Output":"=== RUN   TestIndexVacuumM4ExpectedLaneError/inline_full\n"}
2026-10-06T19:39:51.3873362Z {"Time":"2026-10-06T19:39:51.3757945Z","Action":"output","Package":"github.com/snissn/gomap/TreeDB","Test":"TestIndexVacuumM4ExpectedLaneError/inline_full","Output":"--- PASS: TestIndexVacuumM4ExpectedLaneError/inline_full (0.00s)\n"}
2026-10-06T19:39:51.3874856Z {"Time":"2026-10-06T19:39:51.3757945Z","Action":"pass","Package":"github.com/snissn/gomap/TreeDB","Test":"TestIndexVacuumM4ExpectedLaneError/inline_full","Elapsed":0}
2026-10-06T19:39:51.3875879Z {"Time":"2026-10-06T19:39:51.3757945Z","Action":"run","Package":"github.com/snissn/gomap/TreeDB","Test":"TestIndexVacuumM4ExpectedLaneError/untyped"}
2026-10-06T19:39:51.3877097Z {"Time":"2026-10-06T19:39:51.3757945Z","Action":"output","Package":"github.com/snissn/gomap/TreeDB","Test":"TestIndexVacuumM4ExpectedLaneError/untyped","Output":"=== RUN   TestIndexVacuumM4ExpectedLaneError/untyped\n"}
2026-10-06T19:39:51.3880059Z {"Time":"2026-10-06T19:39:51.3757945Z","Action":"output","Package":"github.com/snissn/gomap/TreeDB","Test":"TestIndexVacuumM4ExpectedLaneError/untyped","Output":"--- PASS: TestIndexVacuumM4ExpectedLaneError/untyped (0.00s)\n"}
2026-10-06T19:39:51.3881479Z {"Time":"2026-10-06T19:39:51.3757945Z","Action":"pass","Package":"github.com/snissn/gomap/TreeDB","Test":"TestIndexVacuumM4ExpectedLaneError/untyped","Elapsed":0}
2026-10-06T19:39:51.3882750Z {"Time":"2026-10-06T19:39:51.3757945Z","Action":"output","Package":"github.com/snissn/gomap/TreeDB","Test":"TestIndexVacuumM4ExpectedLaneError","Output":"--- PASS: TestIndexVacuumM4ExpectedLaneError (0.00s)\n"}
2026-10-06T19:39:51.3883950Z {"Time":"2026-10-06T19:39:51.3757945Z","Action":"pass","Package":"github.com/snissn/gomap/TreeDB","Test":"TestIndexVacuumM4ExpectedLaneError","Elapsed":0}
2026-10-06T19:39:51.3884924Z {"Time":"2026-10-06T19:39:51.3757945Z","Action":"run","Package":"github.com/snissn/gomap/TreeDB","Test":"TestIteratorRandomizedRanges_ForcePointers"}
2026-10-06T19:39:51.3886131Z {"Time":"2026-10-06T19:39:51.3757945Z","Action":"output","Package":"github.com/snissn/gomap/TreeDB","Test":"TestIteratorRandomizedRanges_ForcePointers","Output":"=== RUN   TestIteratorRandomizedRanges_ForcePointers\n"}
2026-10-06T19:39:51.3887853Z {"Time":"2026-10-06T19:39:51.3757945Z","Action":"output","Package":"github.com/snissn/gomap/TreeDB","Test":"TestIteratorRandomizedRanges_ForcePointers","Output":"    iterator_range_matrix_forcepointers_test.go:231: set TDB_ITERATOR_ATTACK=1 to run iterator attack probes\n"}
2026-10-06T19:39:51.3889740Z {"Time":"2026-10-06T19:39:51.3757945Z","Action":"output","Package":"github.com/snissn/gomap/TreeDB","Test":"TestIteratorRandomizedRanges_ForcePointers","Output":"--- SKIP: TestIteratorRandomizedRanges_ForcePointers (0.00s)\n"}
2026-10-06T19:39:51.3891054Z {"Time":"2026-10-06T19:39:51.3757945Z","Action":"skip","Package":"github.com/snissn/gomap/TreeDB","Test":"TestIteratorRandomizedRanges_ForcePointers","Elapsed":0}
2026-10-06T19:39:51.3892052Z {"Time":"2026-10-06T19:39:51.3757945Z","Action":"run","Package":"github.com/snissn/gomap/TreeDB","Test":"TestNegativeLookupQualificationFixture"}
2026-10-06T19:39:51.3893246Z {"Time":"2026-10-06T19:39:51.3757945Z","Action":"output","Package":"github.com/snissn/gomap/TreeDB","Test":"TestNegativeLookupQualificationFixture","Output":"=== RUN   TestNegativeLookupQualificationFixture\n"}
2026-10-06T19:39:52.4842295Z {"Time":"2026-10-06T19:39:52.4781043Z","Action":"output","Package":"github.com/snissn/gomap/TreeDB","Test":"TestNegativeLookupQualificationFixture","Output":"2026/10/06 19:39:52 treedb: dict training trained dict stream=0 dict_bytes=98304 samples=32 raw=131072 stored=4039 ratio=0.031\n"}
2026-10-06T19:39:52.5758149Z {"Time":"2026-10-06T19:39:52.5726785Z","Action":"output","Package":"github.com/snissn/gomap/TreeDB","Test":"TestNegativeLookupQualificationFixture","Output":"2026/10/06 19:39:52 treedb: value-log dict published class=single_value dict_id=1070561664641535066 k=32 payload_ratio=0.025 total_ratio=0.028\n"}
2026-10-06T19:39:52.6840951Z {"Time":"2026-10-06T19:39:52.6713045Z","Action":"output","Package":"github.com/snissn/gomap/TreeDB","Test":"TestNegativeLookupQualificationFixture","Output":"    negative_lookup_test.go:154: payload=compressible256 enabled=false\n"}
2026-10-06T19:39:52.6842874Z {"Time":"2026-10-06T19:39:52.6724071Z","Action":"output","Package":"github.com/snissn/gomap/TreeDB","Test":"TestNegativeLookupQualificationFixture","Output":"    negative_lookup_test.go:155: stage=initialLoadCheckpoint idx=0x1cc79c770540 seq=3 userRoot=48 systemRoot=3 filter=0x0 activeBytes=0\n"}
2026-10-06T19:39:52.7174330Z {"Time":"2026-10-06T19:39:52.7162197Z","Action":"output","Package":"github.com/snissn/gomap/TreeDB","Test":"TestNegativeLookupQualificationFixture","Output":"    negative_lookup_test.go:175: stage=afterUpdateCheckpoint idx=0x1cc79c770540 seq=4 userRoot=8 systemRoot=3 filter=0x0 activeBytes=0\n"}
2026-10-06T19:39:52.7461619Z {"Time":"2026-10-06T19:39:52.7422492Z","Action":"output","Package":"github.com/snissn/gomap/TreeDB","Test":"TestNegativeLookupQualificationFixture","Output":"    negative_lookup_test.go:180: stage=afterPublicGC idx=0x1cc79c770540 seq=5 userRoot=8 systemRoot=3 filter=0x0 activeBytes=0\n"}
2026-10-06T19:39:53.8547847Z {"Time":"2026-10-06T19:39:53.8517713Z","Action":"output","Package":"github.com/snissn/gomap/TreeDB","Test":"TestNegativeLookupQualificationFixture","Output":"2026/10/06 19:39:53 treedb: dict training trained dict stream=0 dict_bytes=98304 samples=32 raw=131072 stored=4039 ratio=0.031\n"}
2026-10-06T19:39:54.0262652Z {"Time":"2026-10-06T19:39:54.0167344Z","Action":"output","Package":"github.com/snissn/gomap/TreeDB","Test":"TestNegativeLookupQualificationFixture","Output":"2026/10/06 19:39:54 treedb: value-log dict published class=single_value dict_id=1070561664641535066 k=32 payload_ratio=0.025 total_ratio=0.028\n"}
2026-10-06T19:39:54.2142888Z {"Time":"2026-10-06T19:39:54.2018763Z","Action":"output","Package":"github.com/snissn/gomap/TreeDB","Test":"TestNegativeLookupQualificationFixture","Output":"    negative_lookup_test.go:154: payload=compressible256 enabled=true\n"}
2026-10-06T19:39:54.2146614Z {"Time":"2026-10-06T19:39:54.2036788Z","Action":"output","Package":"github.com/snissn/gomap/TreeDB","Test":"TestNegativeLookupQualificationFixture","Output":"    negative_lookup_test.go:155: stage=initialLoadCheckpoint idx=0x1cc79a3fe620 seq=3 userRoot=48 systemRoot=3 filter=0x1cc79a1a00a0 activeBytes=10240\n"}
2026-10-06T19:39:54.2446539Z {"Time":"2026-10-06T19:39:54.2402262Z","Action":"output","Package":"github.com/snissn/gomap/TreeDB","Test":"TestNegativeLookupQualificationFixture","Output":"    negative_lookup_test.go:175: stage=afterUpdateCheckpoint idx=0x1cc79a3fe620 seq=4 userRoot=8 systemRoot=3 filter=0x1cc79a1a00a0 activeBytes=10240\n"}
2026-10-06T19:39:54.2756331Z {"Time":"2026-10-06T19:39:54.2656329Z","Action":"output","Package":"github.com/snissn/gomap/TreeDB","Test":"TestNegativeLookupQualificationFixture","Output":"    negative_lookup_test.go:180: stage=afterPublicGC idx=0x1cc79a3fe620 seq=5 userRoot=8 systemRoot=3 filter=0x1cc79a1a00a0 activeBytes=10240\n"}
2026-10-06T19:39:56.0494203Z {"Time":"2026-10-06T19:39:56.0460225Z","Action":"output","Package":"github.com/snissn/gomap/TreeDB","Test":"TestNegativeLookupQualificationFixture","Output":"    negative_lookup_test.go:154: payload=random4096 enabled=false\n"}
2026-10-06T19:39:56.0498070Z {"Time":"2026-10-06T19:39:56.046814Z","Action":"output","Package":"github.com/snissn/gomap/TreeDB","Test":"TestNegativeLookupQualificationFixture","Output":"    negative_lookup_test.go:155: stage=initialLoadCheckpoint idx=0x1cc79de8db90 seq=3 userRoot=48 systemRoot=3 filter=0x0 activeBytes=0\n"}
2026-10-06T19:39:56.0952575Z {"Time":"2026-10-06T19:39:56.0936406Z","Action":"output","Package":"github.com/snissn/gomap/TreeDB","Test":"TestNegativeLookupQualificationFixture","Output":"    negative_lookup_test.go:175: stage=afterUpdateCheckpoint idx=0x1cc79de8db90 seq=4 userRoot=8 systemRoot=3 filter=0x0 activeBytes=0\n"}
2026-10-06T19:39:56.1418778Z {"Time":"2026-10-06T19:39:56.1302413Z","Action":"output","Package":"github.com/snissn/gomap/TreeDB","Test":"TestNegativeLookupQualificationFixture","Output":"    negative_lookup_test.go:180: stage=afterPublicGC idx=0x1cc79de8db90 seq=5 userRoot=8 systemRoot=3 filter=0x0 activeBytes=0\n"}
2026-10-06T19:39:57.3085171Z {"Time":"2026-10-06T19:39:57.3076324Z","Action":"output","Package":"github.com/snissn/gomap/TreeDB","Test":"TestNegativeLookupQualificationFixture","Output":"    negative_lookup_test.go:154: payload=random4096 enabled=true\n"}
2026-10-06T19:39:57.3243161Z {"Time":"2026-10-06T19:39:57.3082014Z","Action":"output","Package":"github.com/snissn/gomap/TreeDB","Test":"TestNegativeLookupQualificationFixture","Output":"    negative_lookup_test.go:155: stage=initialLoadCheckpoint idx=0x1cc79a594700 seq=3 userRoot=48 systemRoot=3 filter=0x1cc79a1a1b00 activeBytes=10240\n"}
2026-10-06T19:39:57.3550881Z {"Time":"2026-10-06T19:39:57.3484923Z","Action":"output","Package":"github.com/snissn/gomap/TreeDB","Test":"TestNegativeLookupQualificationFixture","Output":"    negative_lookup_test.go:175: stage=afterUpdateCheckpoint idx=0x1cc79a594700 seq=4 userRoot=8 systemRoot=3 filter=0x1cc79a1a1b00 activeBytes=10240\n"}
2026-10-06T19:39:57.3864076Z {"Time":"2026-10-06T19:39:57.374571Z","Action":"output","Package":"github.com/snissn/gomap/TreeDB","Test":"TestNegativeLookupQualificationFixture","Output":"    negative_lookup_test.go:180: stage=afterPublicGC idx=0x1cc79a594700 seq=5 userRoot=8 systemRoot=3 filter=0x1cc79a1a1b00 activeBytes=10240\n"}
2026-10-06T19:39:57.4176153Z {"Time":"2026-10-06T19:39:57.4086992Z","Action":"output","Package":"github.com/snissn/gomap/TreeDB","Test":"TestNegativeLookupQualificationFixture","Output":"--- PASS: TestNegativeLookupQualificationFixture (6.03s)\n"}
2026-10-06T19:39:57.4178262Z {"Time":"2026-10-06T19:39:57.4086992Z","Action":"pass","Package":"github.com/snissn/gomap/TreeDB","Test":"TestNegativeLookupQualificationFixture","Elapsed":6.03}
2026-10-06T19:39:57.4179880Z {"Time":"2026-10-06T19:39:57.4086992Z","Action":"run","Package":"github.com/snissn/gomap/TreeDB","Test":"TestPowerLossCertificationGroupedDependencyFailureDirtyPublicReopen"}
2026-10-06T19:39:57.4182127Z {"Time":"2026-10-06T19:39:57.4086992Z","Action":"output","Package":"github.com/snissn/gomap/TreeDB","Test":"TestPowerLossCertificationGroupedDependencyFailureDirtyPublicReopen","Output":"=== RUN   TestPowerLossCertificationGroupedDependencyFailureDirtyPublicReopen\n"}
2026-10-06T19:40:05.1648075Z {"Time":"2026-10-06T19:40:05.1496583Z","Action":"output","Package":"github.com/snissn/gomap/TreeDB","Test":"TestPowerLossCertificationGroupedDependencyFailureDirtyPublicReopen","Output":"    power_loss_certification_group_commit_test.go:116: close poisoned source: treedb: final command WAL checkpoint during close: collectionwal: recovery required: command wal post-append failure; reopen required\n"}
2026-10-06T19:40:05.1653013Z {"Time":"2026-10-06T19:40:05.1496583Z","Action":"output","Package":"github.com/snissn/gomap/TreeDB","Test":"TestPowerLossCertificationGroupedDependencyFailureDirtyPublicReopen","Output":"        treedb: final command WAL checkpoint during close: collectionwal: recovery required: command wal post-append failure; reopen required\n"}
2026-10-06T19:40:05.2583623Z {"Time":"2026-10-06T19:40:05.2542157Z","Action":"output","Package":"github.com/snissn/gomap/TreeDB","Test":"TestPowerLossCertificationGroupedDependencyFailureDirtyPublicReopen","Output":"    power_loss_certification_group_commit_test.go:116: grouped dirty full-writeback selector cut=cut/public-grouped-dependency-failure-dirty-wal/before-dependency-file-sync/000 variant=cut/public-grouped-dependency-failure-dirty-wal/before-dependency-file-sync/000/variant/full-writeback seed=15425837517959215427\n"}
2026-10-06T19:40:12.8740082Z {"Time":"2026-10-06T19:40:12.8692571Z","Action":"output","Package":"github.com/snissn/gomap/TreeDB","Test":"TestPowerLossCertificationGroupedDependencyFailureDirtyPublicReopen","Output":"--- PASS: TestPowerLossCertificationGroupedDependencyFailureDirtyPublicReopen (15.46s)\n"}
2026-10-06T19:40:12.8741918Z {"Time":"2026-10-06T19:40:12.8692571Z","Action":"pass","Package":"github.com/snissn/gomap/TreeDB","Test":"TestPowerLossCertificationGroupedDependencyFailureDirtyPublicReopen","Elapsed":15.46}
2026-10-06T19:40:12.8743463Z {"Time":"2026-10-06T19:40:12.8692571Z","Action":"run","Package":"github.com/snissn/gomap/TreeDB","Test":"TestPowerLossOracleCounterexampleSourceDeletionBeforeStableCoverage"}
2026-10-06T19:40:12.8745787Z {"Time":"2026-10-06T19:40:12.8692571Z","Action":"output","Package":"github.com/snissn/gomap/TreeDB","Test":"TestPowerLossOracleCounterexampleSourceDeletionBeforeStableCoverage","Output":"=== RUN   TestPowerLossOracleCounterexampleSourceDeletionBeforeStableCoverage\n"}
2026-10-06T19:40:13.0471614Z {"Time":"2026-10-06T19:40:13.0451783Z","Action":"output","Package":"github.com/snissn/gomap/TreeDB","Test":"TestPowerLossOracleCounterexampleSourceDeletionBeforeStableCoverage","Output":"--- PASS: TestPowerLossOracleCounterexampleSourceDeletionBeforeStableCoverage (0.18s)\n"}
2026-10-06T19:40:13.0473700Z {"Time":"2026-10-06T19:40:13.0451783Z","Action":"pass","Package":"github.com/snissn/gomap/TreeDB","Test":"TestPowerLossOracleCounterexampleSourceDeletionBeforeStableCoverage","Elapsed":0.18}
2026-10-06T19:40:13.0474958Z {"Time":"2026-10-06T19:40:13.0451783Z","Action":"run","Package":"github.com/snissn/gomap/TreeDB","Test":"TestProfileFast_ModelCorrectness_WithFlushAndIterators"}
2026-10-06T19:40:13.0476677Z {"Time":"2026-10-06T19:40:13.0461887Z","Action":"output","Package":"github.com/snissn/gomap/TreeDB","Test":"TestProfileFast_ModelCorrectness_WithFlushAndIterators","Output":"=== RUN   TestProfileFast_ModelCorrectness_WithFlushAndIterators\n"}
2026-10-06T19:40:13.7447358Z {"Time":"2026-10-06T19:40:13.7394443Z","Action":"output","Package":"github.com/snissn/gomap/TreeDB","Test":"TestProfileFast_ModelCorrectness_WithFlushAndIterators","Output":"2026/10/06 19:40:13 treedb: dict training trained dict stream=0 dict_bytes=131072 samples=32 raw=123033 stored=4583 ratio=0.037\n"}
2026-10-06T19:40:13.9623188Z {"Time":"2026-10-06T19:40:13.9614293Z","Action":"output","Package":"github.com/snissn/gomap/TreeDB","Test":"TestProfileFast_ModelCorrectness_WithFlushAndIterators","Output":"2026/10/06 19:40:13 treedb: value-log dict published class=single_value dict_id=13206731531392569485 k=16 payload_ratio=0.017 total_ratio=0.021\n"}
2026-10-06T19:40:16.7385735Z {"Time":"2026-10-06T19:40:16.7267162Z","Action":"output","Package":"github.com/snissn/gomap/TreeDB","Test":"TestProfileFast_ModelCorrectness_WithFlushAndIterators","Output":"--- PASS: TestProfileFast_ModelCorrectness_WithFlushAndIterators (3.68s)\n"}
2026-10-06T19:40:16.7388500Z {"Time":"2026-10-06T19:40:16.7267162Z","Action":"pass","Package":"github.com/snissn/gomap/TreeDB","Test":"TestProfileFast_ModelCorrectness_WithFlushAndIterators","Elapsed":3.68}
2026-10-06T19:40:16.7390136Z {"Time":"2026-10-06T19:40:16.7267162Z","Action":"run","Package":"github.com/snissn/gomap/TreeDB","Test":"TestApplyProfile_UnknownProfilePanics"}
2026-10-06T19:40:16.7391374Z {"Time":"2026-10-06T19:40:16.7267162Z","Action":"output","Package":"github.com/snissn/gomap/TreeDB","Test":"TestApplyProfile_UnknownProfilePanics","Output":"=== RUN   TestApplyProfile_UnknownProfilePanics\n"}
2026-10-06T19:40:16.7392776Z {"Time":"2026-10-06T19:40:16.7267162Z","Action":"output","Package":"github.com/snissn/gomap/TreeDB","Test":"TestApplyProfile_UnknownProfilePanics","Output":"--- PASS: TestApplyProfile_UnknownProfilePanics (0.00s)\n"}
2026-10-06T19:40:16.7394000Z {"Time":"2026-10-06T19:40:16.7267162Z","Action":"pass","Package":"github.com/snissn/gomap/TreeDB","Test":"TestApplyProfile_UnknownProfilePanics","Elapsed":0}
2026-10-06T19:40:16.7394957Z {"Time":"2026-10-06T19:40:16.7267162Z","Action":"run","Package":"github.com/snissn/gomap/TreeDB","Test":"TestApplyProfile_FastSetsPolicyBools"}
2026-10-06T19:40:16.7396098Z {"Time":"2026-10-06T19:40:16.7267162Z","Action":"output","Package":"github.com/snissn/gomap/TreeDB","Test":"TestApplyProfile_FastSetsPolicyBools","Output":"=== RUN   TestApplyProfile_FastSetsPolicyBools\n"}
2026-10-06T19:40:16.7397748Z {"Time":"2026-10-06T19:40:16.7267162Z","Action":"output","Package":"github.com/snissn/gomap/TreeDB","Test":"TestApplyProfile_FastSetsPolicyBools","Output":"--- PASS: TestApplyProfile_FastSetsPolicyBools (0.00s)\n"}
2026-10-06T19:40:16.7399222Z {"Time":"2026-10-06T19:40:16.7274101Z","Action":"pass","Package":"github.com/snissn/gomap/TreeDB","Test":"TestApplyProfile_FastSetsPolicyBools","Elapsed":0}
2026-10-06T19:40:16.7400334Z {"Time":"2026-10-06T19:40:16.7274101Z","Action":"run","Package":"github.com/snissn/gomap/TreeDB","Test":"TestApplyProfile_CommandWALPreservesExplicitSegmentOverrides"}
2026-10-06T19:40:16.7402174Z {"Time":"2026-10-06T19:40:16.7274101Z","Action":"output","Package":"github.com/snissn/gomap/TreeDB","Test":"TestApplyProfile_CommandWALPreservesExplicitSegmentOverrides","Output":"=== RUN   TestApplyProfile_CommandWALPreservesExplicitSegmentOverrides\n"}
2026-10-06T19:40:16.7403920Z {"Time":"2026-10-06T19:40:16.7274101Z","Action":"run","Package":"github.com/snissn/gomap/TreeDB","Test":"TestApplyProfile_CommandWALPreservesExplicitSegmentOverrides/command_wal_durable"}
2026-10-06T19:40:16.7405644Z {"Time":"2026-10-06T19:40:16.7274101Z","Action":"output","Package":"github.com/snissn/gomap/TreeDB","Test":"TestApplyProfile_CommandWALPreservesExplicitSegmentOverrides/command_wal_durable","Output":"=== RUN   TestApplyProfile_CommandWALPreservesExplicitSegmentOverrides/command_wal_durable\n"}
2026-10-06T19:40:16.7407777Z {"Time":"2026-10-06T19:40:16.7274101Z","Action":"output","Package":"github.com/snissn/gomap/TreeDB","Test":"TestApplyProfile_CommandWALPreservesExplicitSegmentOverrides/command_wal_durable","Output":"--- PASS: TestApplyProfile_CommandWALPreservesExplicitSegmentOverrides/command_wal_durable (0.00s)\n"}
2026-10-06T19:40:16.7409534Z {"Time":"2026-10-06T19:40:16.7274101Z","Action":"pass","Package":"github.com/snissn/gomap/TreeDB","Test":"TestApplyProfile_CommandWALPreservesExplicitSegmentOverrides/command_wal_durable","Elapsed":0}
2026-10-06T19:40:16.7410865Z {"Time":"2026-10-06T19:40:16.7274101Z","Action":"run","Package":"github.com/snissn/gomap/TreeDB","Test":"TestApplyProfile_CommandWALPreservesExplicitSegmentOverrides/command_wal_relaxed"}
2026-10-06T19:40:16.7412552Z {"Time":"2026-10-06T19:40:16.7274101Z","Action":"output","Package":"github.com/snissn/gomap/TreeDB","Test":"TestApplyProfile_CommandWALPreservesExplicitSegmentOverrides/command_wal_relaxed","Output":"=== RUN   TestApplyProfile_CommandWALPreservesExplicitSegmentOverrides/command_wal_relaxed\n"}
2026-10-06T19:40:16.7414659Z {"Time":"2026-10-06T19:40:16.7274101Z","Action":"output","Package":"github.com/snissn/gomap/TreeDB","Test":"TestApplyProfile_CommandWALPreservesExplicitSegmentOverrides/command_wal_relaxed","Output":"--- PASS: TestApplyProfile_CommandWALPreservesExplicitSegmentOverrides/command_wal_relaxed (0.00s)\n"}
2026-10-06T19:40:16.7416408Z {"Time":"2026-10-06T19:40:16.7274101Z","Action":"pass","Package":"github.com/snissn/gomap/TreeDB","Test":"TestApplyProfile_CommandWALPreservesExplicitSegmentOverrides/command_wal_relaxed","Elapsed":0}
2026-10-06T19:40:16.7418016Z {"Time":"2026-10-06T19:40:16.7274101Z","Action":"output","Package":"github.com/snissn/gomap/TreeDB","Test":"TestApplyProfile_CommandWALPreservesExplicitSegmentOverrides","Output":"--- PASS: TestApplyProfile_CommandWALPreservesExplicitSegmentOverrides (0.00s)\n"}
2026-10-06T19:40:16.7419545Z {"Time":"2026-10-06T19:40:16.7274101Z","Action":"pass","Package":"github.com/snissn/gomap/TreeDB","Test":"TestApplyProfile_CommandWALPreservesExplicitSegmentOverrides","Elapsed":0}
2026-10-06T19:40:16.7420645Z {"Time":"2026-10-06T19:40:16.7274101Z","Action":"run","Package":"github.com/snissn/gomap/TreeDB","Test":"TestOpenFreshFlatEnsuresOuterRootDependency"}
2026-10-06T19:40:16.7422214Z {"Time":"2026-10-06T19:40:16.7274101Z","Action":"output","Package":"github.com/snissn/gomap/TreeDB","Test":"TestOpenFreshFlatEnsuresOuterRootDependency","Output":"=== RUN   TestOpenFreshFlatEnsuresOuterRootDependency\n"}
2026-10-06T19:40:24.3992358Z {"Time":"2026-10-06T19:40:24.3899654Z","Action":"output","Package":"github.com/snissn/gomap/TreeDB","Test":"TestOpenFreshFlatEnsuresOuterRootDependency","Output":"--- PASS: TestOpenFreshFlatEnsuresOuterRootDependency (7.66s)\n"}
2026-10-06T19:40:24.3995955Z {"Time":"2026-10-06T19:40:24.39075Z","Action":"pass","Package":"github.com/snissn/gomap/TreeDB","Test":"TestOpenFreshFlatEnsuresOuterRootDependency","Elapsed":7.66}
2026-10-06T19:40:24.3997038Z {"Time":"2026-10-06T19:40:24.39075Z","Action":"run","Package":"github.com/snissn/gomap/TreeDB","Test":"TestRawKVParityEmptyPointKeyNilValueCached"}
2026-10-06T19:40:24.3998515Z {"Time":"2026-10-06T19:40:24.39075Z","Action":"output","Package":"github.com/snissn/gomap/TreeDB","Test":"TestRawKVParityEmptyPointKeyNilValueCached","Output":"=== RUN   TestRawKVParityEmptyPointKeyNilValueCached\n"}
2026-10-06T19:40:24.6161283Z {"Time":"2026-10-06T19:40:24.6029724Z","Action":"output","Package":"github.com/snissn/gomap/TreeDB","Test":"TestRawKVParityEmptyPointKeyNilValueCached","Output":"--- PASS: TestRawKVParityEmptyPointKeyNilValueCached (0.21s)\n"}
2026-10-06T19:40:24.6162828Z {"Time":"2026-10-06T19:40:24.6032904Z","Action":"pass","Package":"github.com/snissn/gomap/TreeDB","Test":"TestRawKVParityEmptyPointKeyNilValueCached","Elapsed":0.21}
2026-10-06T19:40:24.6164426Z {"Time":"2026-10-06T19:40:24.6032904Z","Action":"run","Package":"github.com/snissn/gomap/TreeDB","Test":"TestStatsReportsValueLogReadIntegrityAndReadCounters"}
2026-10-06T19:40:24.6166068Z {"Time":"2026-10-06T19:40:24.6032904Z","Action":"output","Package":"github.com/snissn/gomap/TreeDB","Test":"TestStatsReportsValueLogReadIntegrityAndReadCounters","Output":"=== RUN   TestStatsReportsValueLogReadIntegrityAndReadCounters\n"}
2026-10-06T19:40:24.6167721Z {"Time":"2026-10-06T19:40:24.6032904Z","Action":"run","Package":"github.com/snissn/gomap/TreeDB","Test":"TestStatsReportsValueLogReadIntegrityAndReadCounters/verify"}
2026-10-06T19:40:24.6169962Z {"Time":"2026-10-06T19:40:24.6032904Z","Action":"output","Package":"github.com/snissn/gomap/TreeDB","Test":"TestStatsReportsValueLogReadIntegrityAndReadCounters/verify","Output":"=== RUN   TestStatsReportsValueLogReadIntegrityAndReadCounters/verify\n"}
2026-10-06T19:40:32.3132506Z {"Time":"2026-10-06T19:40:32.3109728Z","Action":"output","Package":"github.com/snissn/gomap/TreeDB","Test":"TestStatsReportsValueLogReadIntegrityAndReadCounters/verify","Output":"--- PASS: TestStatsReportsValueLogReadIntegrityAndReadCounters/verify (7.71s)\n"}
2026-10-06T19:40:32.3134595Z {"Time":"2026-10-06T19:40:32.3109728Z","Action":"pass","Package":"github.com/snissn/gomap/TreeDB","Test":"TestStatsReportsValueLogReadIntegrityAndReadCounters/verify","Elapsed":7.71}
2026-10-06T19:40:32.3136001Z {"Time":"2026-10-06T19:40:32.3109728Z","Action":"run","Package":"github.com/snissn/gomap/TreeDB","Test":"TestStatsReportsValueLogReadIntegrityAndReadCounters/skip"}
2026-10-06T19:40:32.3137712Z {"Time":"2026-10-06T19:40:32.3109728Z","Action":"output","Package":"github.com/snissn/gomap/TreeDB","Test":"TestStatsReportsValueLogReadIntegrityAndReadCounters/skip","Output":"=== RUN   TestStatsReportsValueLogReadIntegrityAndReadCounters/skip\n"}
2026-10-06T19:40:32.4538206Z {"Time":"2026-10-06T19:40:32.4527065Z","Action":"output","Package":"github.com/snissn/gomap/TreeDB","Test":"TestStatsReportsValueLogReadIntegrityAndReadCounters/skip","Output":"--- PASS: TestStatsReportsValueLogReadIntegrityAndReadCounters/skip (0.14s)\n"}
2026-10-06T19:40:32.4541159Z {"Time":"2026-10-06T19:40:32.4527065Z","Action":"pass","Package":"github.com/snissn/gomap/TreeDB","Test":"TestStatsReportsValueLogReadIntegrityAndReadCounters/skip","Elapsed":0.14}
2026-10-06T19:40:32.4543205Z {"Time":"2026-10-06T19:40:32.4527065Z","Action":"output","Package":"github.com/snissn/gomap/TreeDB","Test":"TestStatsReportsValueLogReadIntegrityAndReadCounters","Output":"--- PASS: TestStatsReportsValueLogReadIntegrityAndReadCounters (7.85s)\n"}
2026-10-06T19:40:32.4545124Z {"Time":"2026-10-06T19:40:32.4527065Z","Action":"pass","Package":"github.com/snissn/gomap/TreeDB","Test":"TestStatsReportsValueLogReadIntegrityAndReadCounters","Elapsed":7.85}
2026-10-06T19:40:32.4546884Z {"Time":"2026-10-06T19:40:32.4527065Z","Action":"run","Package":"github.com/snissn/gomap/TreeDB","Test":"TestAcquireSnapshot_IncludesCachedWrites"}
2026-10-06T19:40:32.4548649Z {"Time":"2026-10-06T19:40:32.4527065Z","Action":"output","Package":"github.com/snissn/gomap/TreeDB","Test":"TestAcquireSnapshot_IncludesCachedWrites","Output":"=== RUN   TestAcquireSnapshot_IncludesCachedWrites\n"}
2026-10-06T19:40:32.6689368Z {"Time":"2026-10-06T19:40:32.65817Z","Action":"output","Package":"github.com/snissn/gomap/TreeDB","Test":"TestAcquireSnapshot_IncludesCachedWrites","Output":"--- PASS: TestAcquireSnapshot_IncludesCachedWrites (0.21s)\n"}
2026-10-06T19:40:32.6690812Z {"Time":"2026-10-06T19:40:32.65817Z","Action":"pass","Package":"github.com/snissn/gomap/TreeDB","Test":"TestAcquireSnapshot_IncludesCachedWrites","Elapsed":0.21}
2026-10-06T19:40:32.6694206Z {"Time":"2026-10-06T19:40:32.65817Z","Action":"run","Package":"github.com/snissn/gomap/TreeDB","Test":"TestSnapshotIterateBackendFastPathUsesPinnedView"}
2026-10-06T19:40:32.6695693Z {"Time":"2026-10-06T19:40:32.65817Z","Action":"output","Package":"github.com/snissn/gomap/TreeDB","Test":"TestSnapshotIterateBackendFastPathUsesPinnedView","Output":"=== RUN   TestSnapshotIterateBackendFastPathUsesPinnedView\n"}
2026-10-06T19:40:32.8397201Z {"Time":"2026-10-06T19:40:32.8328129Z","Action":"output","Package":"github.com/snissn/gomap/TreeDB","Test":"TestSnapshotIterateBackendFastPathUsesPinnedView","Output":"--- PASS: TestSnapshotIterateBackendFastPathUsesPinnedView (0.17s)\n"}
2026-10-06T19:40:32.8398967Z {"Time":"2026-10-06T19:40:32.8328129Z","Action":"pass","Package":"github.com/snissn/gomap/TreeDB","Test":"TestSnapshotIterateBackendFastPathUsesPinnedView","Elapsed":0.17}
2026-10-06T19:40:32.8400597Z {"Time":"2026-10-06T19:40:32.8328129Z","Action":"run","Package":"github.com/snissn/gomap/TreeDB","Test":"TestSnapshotIteratorSeekRandomizedOracle"}
2026-10-06T19:40:32.8402051Z {"Time":"2026-10-06T19:40:32.8328129Z","Action":"output","Package":"github.com/snissn/gomap/TreeDB","Test":"TestSnapshotIteratorSeekRandomizedOracle","Output":"=== RUN   TestSnapshotIteratorSeekRandomizedOracle\n"}
2026-10-06T19:40:33.8763202Z {"Time":"2026-10-06T19:40:33.8627733Z","Action":"output","Package":"github.com/snissn/gomap/TreeDB","Test":"TestSnapshotIteratorSeekRandomizedOracle","Output":"--- PASS: TestSnapshotIteratorSeekRandomizedOracle (1.03s)\n"}
2026-10-06T19:40:33.8765033Z {"Time":"2026-10-06T19:40:33.8627733Z","Action":"pass","Package":"github.com/snissn/gomap/TreeDB","Test":"TestSnapshotIteratorSeekRandomizedOracle","Elapsed":1.03}
2026-10-06T19:40:33.8766527Z {"Time":"2026-10-06T19:40:33.8627733Z","Action":"run","Package":"github.com/snissn/gomap/TreeDB","Test":"TestPublicVacuumIndexOnlineNilReceiverReturnsErrClosed"}
2026-10-06T19:40:33.8768835Z {"Time":"2026-10-06T19:40:33.8627733Z","Action":"output","Package":"github.com/snissn/gomap/TreeDB","Test":"TestPublicVacuumIndexOnlineNilReceiverReturnsErrClosed","Output":"=== RUN   TestPublicVacuumIndexOnlineNilReceiverReturnsErrClosed\n"}
2026-10-06T19:40:33.8771219Z {"Time":"2026-10-06T19:40:33.8627733Z","Action":"output","Package":"github.com/snissn/gomap/TreeDB","Test":"TestPublicVacuumIndexOnlineNilReceiverReturnsErrClosed","Output":"--- PASS: TestPublicVacuumIndexOnlineNilReceiverReturnsErrClosed (0.00s)\n"}
2026-10-06T19:40:33.8773544Z {"Time":"2026-10-06T19:40:33.8627733Z","Action":"pass","Package":"github.com/snissn/gomap/TreeDB","Test":"TestPublicVacuumIndexOnlineNilReceiverReturnsErrClosed","Elapsed":0}
2026-10-06T19:40:33.8775060Z {"Time":"2026-10-06T19:40:33.8627733Z","Action":"run","Package":"github.com/snissn/gomap/TreeDB","Test":"TestDefaultValueLogPointerThreshold_Durable_Keeps128BInline"}
2026-10-06T19:40:33.8776897Z {"Time":"2026-10-06T19:40:33.8627733Z","Action":"output","Package":"github.com/snissn/gomap/TreeDB","Test":"TestDefaultValueLogPointerThreshold_Durable_Keeps128BInline","Output":"=== RUN   TestDefaultValueLogPointerThreshold_Durable_Keeps128BInline\n"}
2026-10-06T19:40:34.1088126Z {"Time":"2026-10-06T19:40:34.1073263Z","Action":"output","Package":"github.com/snissn/gomap/TreeDB","Test":"TestDefaultValueLogPointerThreshold_Durable_Keeps128BInline","Output":"--- PASS: TestDefaultValueLogPointerThreshold_Durable_Keeps128BInline (0.24s)\n"}
2026-10-06T19:40:34.1091208Z {"Time":"2026-10-06T19:40:34.107871Z","Action":"pass","Package":"github.com/snissn/gomap/TreeDB","Test":"TestDefaultValueLogPointerThreshold_Durable_Keeps128BInline","Elapsed":0.24}
2026-10-06T19:40:34.1092790Z {"Time":"2026-10-06T19:40:34.107871Z","Action":"run","Package":"github.com/snissn/gomap/TreeDB","Test":"TestGetUnsafe_ReturnsValue"}
2026-10-06T19:40:34.1094522Z {"Time":"2026-10-06T19:40:34.107871Z","Action":"output","Package":"github.com/snissn/gomap/TreeDB","Test":"TestGetUnsafe_ReturnsValue","Output":"=== RUN   TestGetUnsafe_ReturnsValue\n"}
2026-10-06T19:40:34.2802519Z {"Time":"2026-10-06T19:40:34.2746755Z","Action":"output","Package":"github.com/snissn/gomap/TreeDB","Test":"TestGetUnsafe_ReturnsValue","Output":"--- PASS: TestGetUnsafe_ReturnsValue (0.17s)\n"}
2026-10-06T19:40:34.2803714Z {"Time":"2026-10-06T19:40:34.2746755Z","Action":"pass","Package":"github.com/snissn/gomap/TreeDB","Test":"TestGetUnsafe_ReturnsValue","Elapsed":0.17}
2026-10-06T19:40:34.2805189Z {"Time":"2026-10-06T19:40:34.2746755Z","Action":"run","Package":"github.com/snissn/gomap/TreeDB","Test":"TestConsistency_Get_GetUnsafe_GetAppend"}
2026-10-06T19:40:34.2806822Z {"Time":"2026-10-06T19:40:34.2746755Z","Action":"output","Package":"github.com/snissn/gomap/TreeDB","Test":"TestConsistency_Get_GetUnsafe_GetAppend","Output":"=== RUN   TestConsistency_Get_GetUnsafe_GetAppend\n"}
2026-10-06T19:40:34.4650806Z {"Time":"2026-10-06T19:40:34.458071Z","Action":"output","Package":"github.com/snissn/gomap/TreeDB","Test":"TestConsistency_Get_GetUnsafe_GetAppend","Output":"--- PASS: TestConsistency_Get_GetUnsafe_GetAppend (0.18s)\n"}
2026-10-06T19:40:34.4652975Z {"Time":"2026-10-06T19:40:34.458071Z","Action":"pass","Package":"github.com/snissn/gomap/TreeDB","Test":"TestConsistency_Get_GetUnsafe_GetAppend","Elapsed":0.18}
2026-10-06T19:40:34.4654547Z {"Time":"2026-10-06T19:40:34.458071Z","Action":"run","Package":"github.com/snissn/gomap/TreeDB","Test":"TestCompactStorageCachedDeletesZeroByteValueLogFiles"}
2026-10-06T19:40:34.4656429Z {"Time":"2026-10-06T19:40:34.458071Z","Action":"output","Package":"github.com/snissn/gomap/TreeDB","Test":"TestCompactStorageCachedDeletesZeroByteValueLogFiles","Output":"=== RUN   TestCompactStorageCachedDeletesZeroByteValueLogFiles\n"}
2026-10-06T19:40:34.6043990Z {"Time":"2026-10-06T19:40:34.5923553Z","Action":"output","Package":"github.com/snissn/gomap/TreeDB","Test":"TestCompactStorageCachedDeletesZeroByteValueLogFiles","Output":"--- PASS: TestCompactStorageCachedDeletesZeroByteValueLogFiles (0.13s)\n"}
2026-10-06T19:40:34.6046560Z {"Time":"2026-10-06T19:40:34.5923553Z","Action":"pass","Package":"github.com/snissn/gomap/TreeDB","Test":"TestCompactStorageCachedDeletesZeroByteValueLogFiles","Elapsed":0.13}
2026-10-06T19:40:34.6048169Z {"Time":"2026-10-06T19:40:34.5923553Z","Action":"run","Package":"github.com/snissn/gomap/TreeDB","Test":"TestLeafGenerationGC_CachedModeCheckpointsBeforeDryRun"}
2026-10-06T19:40:34.6050074Z {"Time":"2026-10-06T19:40:34.5923553Z","Action":"output","Package":"github.com/snissn/gomap/TreeDB","Test":"TestLeafGenerationGC_CachedModeCheckpointsBeforeDryRun","Output":"=== RUN   TestLeafGenerationGC_CachedModeCheckpointsBeforeDryRun\n"}
2026-10-06T19:40:35.0066627Z {"Time":"2026-10-06T19:40:34.9933707Z","Action":"output","Package":"github.com/snissn/gomap/TreeDB","Test":"TestLeafGenerationGC_CachedModeCheckpointsBeforeDryRun","Output":"--- PASS: TestLeafGenerationGC_CachedModeCheckpointsBeforeDryRun (0.40s)\n"}
2026-10-06T19:40:35.0068988Z {"Time":"2026-10-06T19:40:34.9933707Z","Action":"pass","Package":"github.com/snissn/gomap/TreeDB","Test":"TestLeafGenerationGC_CachedModeCheckpointsBeforeDryRun","Elapsed":0.4}
2026-10-06T19:40:35.0070601Z {"Time":"2026-10-06T19:40:34.9933707Z","Action":"run","Package":"github.com/snissn/gomap/TreeDB","Test":"TestVacuumIndexOnline_LeafPagesInValueLog_PreservesLeafRefWrites"}
2026-10-06T19:40:35.0072957Z {"Time":"2026-10-06T19:40:34.9933707Z","Action":"output","Package":"github.com/snissn/gomap/TreeDB","Test":"TestVacuumIndexOnline_LeafPagesInValueLog_PreservesLeafRefWrites","Output":"=== RUN   TestVacuumIndexOnline_LeafPagesInValueLog_PreservesLeafRefWrites\n"}
2026-10-06T19:40:35.0075529Z {"Time":"2026-10-06T19:40:34.9933707Z","Action":"output","Package":"github.com/snissn/gomap/TreeDB","Test":"TestVacuumIndexOnline_LeafPagesInValueLog_PreservesLeafRefWrites","Output":"    maintenance_leaf_vlog_test.go:115: online vacuum not supported on windows\n"}
2026-10-06T19:40:35.0078616Z {"Time":"2026-10-06T19:40:34.9933707Z","Action":"output","Package":"github.com/snissn/gomap/TreeDB","Test":"TestVacuumIndexOnline_LeafPagesInValueLog_PreservesLeafRefWrites","Output":"--- SKIP: TestVacuumIndexOnline_LeafPagesInValueLog_PreservesLeafRefWrites (0.00s)\n"}
2026-10-06T19:40:35.0080362Z {"Time":"2026-10-06T19:40:34.9933707Z","Action":"skip","Package":"github.com/snissn/gomap/TreeDB","Test":"TestVacuumIndexOnline_LeafPagesInValueLog_PreservesLeafRefWrites","Elapsed":0}
2026-10-06T19:40:35.0081568Z {"Time":"2026-10-06T19:40:34.9933707Z","Action":"run","Package":"github.com/snissn/gomap/TreeDB","Test":"TestOfflineMaintenanceCommandWALGateBeforeSideStoreOpen"}
2026-10-06T19:40:35.0083222Z {"Time":"2026-10-06T19:40:34.9933707Z","Action":"output","Package":"github.com/snissn/gomap/TreeDB","Test":"TestOfflineMaintenanceCommandWALGateBeforeSideStoreOpen","Output":"=== RUN   TestOfflineMaintenanceCommandWALGateBeforeSideStoreOpen\n"}
2026-10-06T19:40:35.0221136Z {"Time":"2026-10-06T19:40:35.0106142Z","Action":"output","Package":"github.com/snissn/gomap/TreeDB","Test":"TestOfflineMaintenanceCommandWALGateBeforeSideStoreOpen","Output":"--- PASS: TestOfflineMaintenanceCommandWALGateBeforeSideStoreOpen (0.02s)\n"}
2026-10-06T19:40:35.0224434Z {"Time":"2026-10-06T19:40:35.0112184Z","Action":"pass","Package":"github.com/snissn/gomap/TreeDB","Test":"TestOfflineMaintenanceCommandWALGateBeforeSideStoreOpen","Elapsed":0.02}
2026-10-06T19:40:35.0226120Z {"Time":"2026-10-06T19:40:35.0112184Z","Action":"run","Package":"github.com/snissn/gomap/TreeDB","Test":"TestPowerLossCertificationCleanClosePublicReopen"}
2026-10-06T19:40:35.0227505Z {"Time":"2026-10-06T19:40:35.0112184Z","Action":"output","Package":"github.com/snissn/gomap/TreeDB","Test":"TestPowerLossCertificationCleanClosePublicReopen","Output":"=== RUN   TestPowerLossCertificationCleanClosePublicReopen\n"}
2026-10-06T19:40:35.0229301Z {"Time":"2026-10-06T19:40:35.0112184Z","Action":"output","Package":"github.com/snissn/gomap/TreeDB","Test":"TestPowerLossCertificationCleanClosePublicReopen","Output":"    power_loss_certification_api_test.go:308: exact certification replay selector is required\n"}
2026-10-06T19:40:35.0231076Z {"Time":"2026-10-06T19:40:35.0112184Z","Action":"output","Package":"github.com/snissn/gomap/TreeDB","Test":"TestPowerLossCertificationCleanClosePublicReopen","Output":"--- SKIP: TestPowerLossCertificationCleanClosePublicReopen (0.00s)\n"}
2026-10-06T19:40:35.0232488Z {"Time":"2026-10-06T19:40:35.0112184Z","Action":"skip","Package":"github.com/snissn/gomap/TreeDB","Test":"TestPowerLossCertificationCleanClosePublicReopen","Elapsed":0}
2026-10-06T19:40:35.0233633Z {"Time":"2026-10-06T19:40:35.0112184Z","Action":"run","Package":"github.com/snissn/gomap/TreeDB","Test":"TestPowerLossCertificationFreshCompositeAfterOuterParentSync"}
2026-10-06T19:40:35.0235137Z {"Time":"2026-10-06T19:40:35.0112184Z","Action":"output","Package":"github.com/snissn/gomap/TreeDB","Test":"TestPowerLossCertificationFreshCompositeAfterOuterParentSync","Output":"=== RUN   TestPowerLossCertificationFreshCompositeAfterOuterParentSync\n"}
2026-10-06T19:40:35.0237120Z {"Time":"2026-10-06T19:40:35.0112184Z","Action":"output","Package":"github.com/snissn/gomap/TreeDB","Test":"TestPowerLossCertificationFreshCompositeAfterOuterParentSync","Output":"    power_loss_certification_layout_test.go:60: modeled generic parent-directory barriers are unavailable on Windows\n"}
2026-10-06T19:40:35.0239382Z {"Time":"2026-10-06T19:40:35.0112184Z","Action":"output","Package":"github.com/snissn/gomap/TreeDB","Test":"TestPowerLossCertificationFreshCompositeAfterOuterParentSync","Output":"--- SKIP: TestPowerLossCertificationFreshCompositeAfterOuterParentSync (0.00s)\n"}
2026-10-06T19:40:35.0240979Z {"Time":"2026-10-06T19:40:35.0112184Z","Action":"skip","Package":"github.com/snissn/gomap/TreeDB","Test":"TestPowerLossCertificationFreshCompositeAfterOuterParentSync","Elapsed":0}
2026-10-06T19:40:35.0242080Z {"Time":"2026-10-06T19:40:35.0112184Z","Action":"run","Package":"github.com/snissn/gomap/TreeDB","Test":"TestPowerLossOracleReplaySelectionFromEnv"}
2026-10-06T19:40:35.0244017Z {"Time":"2026-10-06T19:40:35.0112184Z","Action":"output","Package":"github.com/snissn/gomap/TreeDB","Test":"TestPowerLossOracleReplaySelectionFromEnv","Output":"=== RUN   TestPowerLossOracleReplaySelectionFromEnv\n"}
2026-10-06T19:40:35.0245306Z {"Time":"2026-10-06T19:40:35.0117912Z","Action":"run","Package":"github.com/snissn/gomap/TreeDB","Test":"TestPowerLossOracleReplaySelectionFromEnv/read-write"}
2026-10-06T19:40:35.0246654Z {"Time":"2026-10-06T19:40:35.0117912Z","Action":"output","Package":"github.com/snissn/gomap/TreeDB","Test":"TestPowerLossOracleReplaySelectionFromEnv/read-write","Output":"=== RUN   TestPowerLossOracleReplaySelectionFromEnv/read-write\n"}
2026-10-06T19:40:35.0248326Z {"Time":"2026-10-06T19:40:35.0126887Z","Action":"output","Package":"github.com/snissn/gomap/TreeDB","Test":"TestPowerLossOracleReplaySelectionFromEnv/read-write","Output":"--- PASS: TestPowerLossOracleReplaySelectionFromEnv/read-write (0.00s)\n"}
2026-10-06T19:40:35.0249752Z {"Time":"2026-10-06T19:40:35.0126887Z","Action":"pass","Package":"github.com/snissn/gomap/TreeDB","Test":"TestPowerLossOracleReplaySelectionFromEnv/read-write","Elapsed":0}
2026-10-06T19:40:35.0250834Z {"Time":"2026-10-06T19:40:35.0126887Z","Action":"run","Package":"github.com/snissn/gomap/TreeDB","Test":"TestPowerLossOracleReplaySelectionFromEnv/read-only"}
2026-10-06T19:40:35.0252201Z {"Time":"2026-10-06T19:40:35.0126887Z","Action":"output","Package":"github.com/snissn/gomap/TreeDB","Test":"TestPowerLossOracleReplaySelectionFromEnv/read-only","Output":"=== RUN   TestPowerLossOracleReplaySelectionFromEnv/read-only\n"}
2026-10-06T19:40:35.0253856Z {"Time":"2026-10-06T19:40:35.0140387Z","Action":"output","Package":"github.com/snissn/gomap/TreeDB","Test":"TestPowerLossOracleReplaySelectionFromEnv/read-only","Output":"--- PASS: TestPowerLossOracleReplaySelectionFromEnv/read-only (0.00s)\n"}
2026-10-06T19:40:35.0255519Z {"Time":"2026-10-06T19:40:35.0140387Z","Action":"pass","Package":"github.com/snissn/gomap/TreeDB","Test":"TestPowerLossOracleReplaySelectionFromEnv/read-only","Elapsed":0}
2026-10-06T19:40:35.0256640Z {"Time":"2026-10-06T19:40:35.0140387Z","Action":"run","Package":"github.com/snissn/gomap/TreeDB","Test":"TestPowerLossOracleReplaySelectionFromEnv/seed-mismatch"}
2026-10-06T19:40:35.0258036Z {"Time":"2026-10-06T19:40:35.0140387Z","Action":"output","Package":"github.com/snissn/gomap/TreeDB","Test":"TestPowerLossOracleReplaySelectionFromEnv/seed-mismatch","Output":"=== RUN   TestPowerLossOracleReplaySelectionFromEnv/seed-mismatch\n"}
2026-10-06T19:40:35.0259756Z {"Time":"2026-10-06T19:40:35.0140387Z","Action":"output","Package":"github.com/snissn/gomap/TreeDB","Test":"TestPowerLossOracleReplaySelectionFromEnv/seed-mismatch","Output":"--- PASS: TestPowerLossOracleReplaySelectionFromEnv/seed-mismatch (0.00s)\n"}
2026-10-06T19:40:35.0261208Z {"Time":"2026-10-06T19:40:35.0140387Z","Action":"pass","Package":"github.com/snissn/gomap/TreeDB","Test":"TestPowerLossOracleReplaySelectionFromEnv/seed-mismatch","Elapsed":0}
2026-10-06T19:40:35.0262351Z {"Time":"2026-10-06T19:40:35.0140387Z","Action":"run","Package":"github.com/snissn/gomap/TreeDB","Test":"TestPowerLossOracleReplaySelectionFromEnv/cut-family-mismatch"}
2026-10-06T19:40:35.0264180Z {"Time":"2026-10-06T19:40:35.0140387Z","Action":"output","Package":"github.com/snissn/gomap/TreeDB","Test":"TestPowerLossOracleReplaySelectionFromEnv/cut-family-mismatch","Output":"=== RUN   TestPowerLossOracleReplaySelectionFromEnv/cut-family-mismatch\n"}
2026-10-06T19:40:35.0266159Z {"Time":"2026-10-06T19:40:35.0146051Z","Action":"output","Package":"github.com/snissn/gomap/TreeDB","Test":"TestPowerLossOracleReplaySelectionFromEnv/cut-family-mismatch","Output":"--- PASS: TestPowerLossOracleReplaySelectionFromEnv/cut-family-mismatch (0.00s)\n"}
2026-10-06T19:40:35.0267687Z {"Time":"2026-10-06T19:40:35.0146051Z","Action":"pass","Package":"github.com/snissn/gomap/TreeDB","Test":"TestPowerLossOracleReplaySelectionFromEnv/cut-family-mismatch","Elapsed":0}
2026-10-06T19:40:35.0269149Z {"Time":"2026-10-06T19:40:35.0146051Z","Action":"output","Package":"github.com/snissn/gomap/TreeDB","Test":"TestPowerLossOracleReplaySelectionFromEnv","Output":"--- PASS: TestPowerLossOracleReplaySelectionFromEnv (0.00s)\n"}
2026-10-06T19:40:35.0270443Z {"Time":"2026-10-06T19:40:35.0146051Z","Action":"pass","Package":"github.com/snissn/gomap/TreeDB","Test":"TestPowerLossOracleReplaySelectionFromEnv","Elapsed":0}
2026-10-06T19:40:35.0271450Z {"Time":"2026-10-06T19:40:35.0146051Z","Action":"run","Package":"github.com/snissn/gomap/TreeDB","Test":"TestNewestCompleteGenerationAppliedLSN"}
2026-10-06T19:40:35.0272637Z {"Time":"2026-10-06T19:40:35.0146051Z","Action":"output","Package":"github.com/snissn/gomap/TreeDB","Test":"TestNewestCompleteGenerationAppliedLSN","Output":"=== RUN   TestNewestCompleteGenerationAppliedLSN\n"}
2026-10-06T19:40:35.0273910Z {"Time":"2026-10-06T19:40:35.0146051Z","Action":"run","Package":"github.com/snissn/gomap/TreeDB","Test":"TestNewestCompleteGenerationAppliedLSN/fully-covered-clean-image"}
2026-10-06T19:40:35.0275414Z {"Time":"2026-10-06T19:40:35.0146051Z","Action":"output","Package":"github.com/snissn/gomap/TreeDB","Test":"TestNewestCompleteGenerationAppliedLSN/fully-covered-clean-image","Output":"=== RUN   TestNewestCompleteGenerationAppliedLSN/fully-covered-clean-image\n"}
2026-10-06T19:40:35.0277277Z {"Time":"2026-10-06T19:40:35.0146051Z","Action":"output","Package":"github.com/snissn/gomap/TreeDB","Test":"TestNewestCompleteGenerationAppliedLSN/fully-covered-clean-image","Output":"--- PASS: TestNewestCompleteGenerationAppliedLSN/fully-covered-clean-image (0.00s)\n"}
2026-10-06T19:40:35.0278851Z {"Time":"2026-10-06T19:40:35.0146051Z","Action":"pass","Package":"github.com/snissn/gomap/TreeDB","Test":"TestNewestCompleteGenerationAppliedLSN/fully-covered-clean-image","Elapsed":0}
2026-10-06T19:40:35.0280170Z {"Time":"2026-10-06T19:40:35.0146051Z","Action":"run","Package":"github.com/snissn/gomap/TreeDB","Test":"TestNewestCompleteGenerationAppliedLSN/fallback-does-not-mask-incomplete-sealed-generation"}
2026-10-06T19:40:35.0282035Z {"Time":"2026-10-06T19:40:35.0146051Z","Action":"output","Package":"github.com/snissn/gomap/TreeDB","Test":"TestNewestCompleteGenerationAppliedLSN/fallback-does-not-mask-incomplete-sealed-generation","Output":"=== RUN   TestNewestCompleteGenerationAppliedLSN/fallback-does-not-mask-incomplete-sealed-generation\n"}
2026-10-06T19:40:35.0285077Z {"Time":"2026-10-06T19:40:35.0146051Z","Action":"output","Package":"github.com/snissn/gomap/TreeDB","Test":"TestNewestCompleteGenerationAppliedLSN/fallback-does-not-mask-incomplete-sealed-generation","Output":"--- PASS: TestNewestCompleteGenerationAppliedLSN/fallback-does-not-mask-incomplete-sealed-generation (0.00s)\n"}
2026-10-06T19:40:35.0287024Z {"Time":"2026-10-06T19:40:35.0146051Z","Action":"pass","Package":"github.com/snissn/gomap/TreeDB","Test":"TestNewestCompleteGenerationAppliedLSN/fallback-does-not-mask-incomplete-sealed-generation","Elapsed":0}
2026-10-06T19:40:35.0288510Z {"Time":"2026-10-06T19:40:35.0146051Z","Action":"output","Package":"github.com/snissn/gomap/TreeDB","Test":"TestNewestCompleteGenerationAppliedLSN","Output":"--- PASS: TestNewestCompleteGenerationAppliedLSN (0.00s)\n"}
2026-10-06T19:40:35.0289768Z {"Time":"2026-10-06T19:40:35.0146051Z","Action":"pass","Package":"github.com/snissn/gomap/TreeDB","Test":"TestNewestCompleteGenerationAppliedLSN","Elapsed":0}
2026-10-06T19:40:35.0290909Z {"Time":"2026-10-06T19:40:35.0151479Z","Action":"run","Package":"github.com/snissn/gomap/TreeDB","Test":"TestPublicCommandWALRawFrames_DurableGrouping"}
2026-10-06T19:40:35.0292158Z {"Time":"2026-10-06T19:40:35.0151479Z","Action":"output","Package":"github.com/snissn/gomap/TreeDB","Test":"TestPublicCommandWALRawFrames_DurableGrouping","Output":"=== RUN   TestPublicCommandWALRawFrames_DurableGrouping\n"}
2026-10-06T19:40:42.8963732Z {"Time":"2026-10-06T19:40:42.8943023Z","Action":"output","Package":"github.com/snissn/gomap/TreeDB","Test":"TestPublicCommandWALRawFrames_DurableGrouping","Output":"--- PASS: TestPublicCommandWALRawFrames_DurableGrouping (7.88s)\n"}
2026-10-06T19:40:42.8966285Z {"Time":"2026-10-06T19:40:42.8943023Z","Action":"pass","Package":"github.com/snissn/gomap/TreeDB","Test":"TestPublicCommandWALRawFrames_DurableGrouping","Elapsed":7.88}
2026-10-06T19:40:42.8968361Z {"Time":"2026-10-06T19:40:42.8943023Z","Action":"run","Package":"github.com/snissn/gomap/TreeDB","Test":"TestCrashRecovery_WALReplayIsCoherent"}
2026-10-06T19:40:42.8970155Z {"Time":"2026-10-06T19:40:42.8948602Z","Action":"output","Package":"github.com/snissn/gomap/TreeDB","Test":"TestCrashRecovery_WALReplayIsCoherent","Output":"=== RUN   TestCrashRecovery_WALReplayIsCoherent\n"}
2026-10-06T19:40:58.4457029Z {"Time":"2026-10-06T19:40:58.4374888Z","Action":"output","Package":"github.com/snissn/gomap/TreeDB","Test":"TestCrashRecovery_WALReplayIsCoherent","Output":"--- PASS: TestCrashRecovery_WALReplayIsCoherent (15.54s)\n"}
2026-10-06T19:40:58.4458602Z {"Time":"2026-10-06T19:40:58.4374888Z","Action":"pass","Package":"github.com/snissn/gomap/TreeDB","Test":"TestCrashRecovery_WALReplayIsCoherent","Elapsed":15.54}
2026-10-06T19:40:58.4459895Z {"Time":"2026-10-06T19:40:58.4374888Z","Action":"run","Package":"github.com/snissn/gomap/TreeDB","Test":"TestCrashRecovery_CommandWALDurableSyncedUncheckpointedFramesReplay"}
2026-10-06T19:40:58.4461963Z {"Time":"2026-10-06T19:40:58.4374888Z","Action":"output","Package":"github.com/snissn/gomap/TreeDB","Test":"TestCrashRecovery_CommandWALDurableSyncedUncheckpointedFramesReplay","Output":"=== RUN   TestCrashRecovery_CommandWALDurableSyncedUncheckpointedFramesReplay\n"}
2026-10-06T19:41:06.4593968Z {"Time":"2026-10-06T19:41:06.4545899Z","Action":"output","Package":"github.com/snissn/gomap/TreeDB","Test":"TestCrashRecovery_CommandWALDurableSyncedUncheckpointedFramesReplay","Output":"--- PASS: TestCrashRecovery_CommandWALDurableSyncedUncheckpointedFramesReplay (8.02s)\n"}
2026-10-06T19:41:06.4595727Z {"Time":"2026-10-06T19:41:06.4545899Z","Action":"pass","Package":"github.com/snissn/gomap/TreeDB","Test":"TestCrashRecovery_CommandWALDurableSyncedUncheckpointedFramesReplay","Elapsed":8.02}
2026-10-06T19:41:06.4597732Z {"Time":"2026-10-06T19:41:06.4551458Z","Action":"run","Package":"github.com/snissn/gomap/TreeDB","Test":"TestCrashRecovery_CommandWALRelaxedRotatedDependenciesSurviveEmptySyncBarrier"}
2026-10-06T19:41:06.4599491Z {"Time":"2026-10-06T19:41:06.4551458Z","Action":"output","Package":"github.com/snissn/gomap/TreeDB","Test":"TestCrashRecovery_CommandWALRelaxedRotatedDependenciesSurviveEmptySyncBarrier","Output":"=== RUN   TestCrashRecovery_CommandWALRelaxedRotatedDependenciesSurviveEmptySyncBarrier\n"}
2026-10-06T19:41:14.3716462Z {"Time":"2026-10-06T19:41:14.36409Z","Action":"output","Package":"github.com/snissn/gomap/TreeDB","Test":"TestCrashRecovery_CommandWALRelaxedRotatedDependenciesSurviveEmptySyncBarrier","Output":"--- PASS: TestCrashRecovery_CommandWALRelaxedRotatedDependenciesSurviveEmptySyncBarrier (7.91s)\n"}
2026-10-06T19:41:14.3719129Z {"Time":"2026-10-06T19:41:14.36409Z","Action":"pass","Package":"github.com/snissn/gomap/TreeDB","Test":"TestCrashRecovery_CommandWALRelaxedRotatedDependenciesSurviveEmptySyncBarrier","Elapsed":7.91}
2026-10-06T19:41:14.3720413Z {"Time":"2026-10-06T19:41:14.36409Z","Action":"run","Package":"github.com/snissn/gomap/TreeDB","Test":"TestRecovery_TruncatedValueLogRecord"}
2026-10-06T19:41:14.3722424Z {"Time":"2026-10-06T19:41:14.36409Z","Action":"output","Package":"github.com/snissn/gomap/TreeDB","Test":"TestRecovery_TruncatedValueLogRecord","Output":"=== RUN   TestRecovery_TruncatedValueLogRecord\n"}
2026-10-06T19:41:14.5583211Z {"Time":"2026-10-06T19:41:14.5449252Z","Action":"output","Package":"github.com/snissn/gomap/TreeDB","Test":"TestRecovery_TruncatedValueLogRecord","Output":"--- PASS: TestRecovery_TruncatedValueLogRecord (0.18s)\n"}
2026-10-06T19:41:14.5585043Z {"Time":"2026-10-06T19:41:14.5449252Z","Action":"pass","Package":"github.com/snissn/gomap/TreeDB","Test":"TestRecovery_TruncatedValueLogRecord","Elapsed":0.18}
2026-10-06T19:41:14.5586994Z {"Time":"2026-10-06T19:41:14.5449252Z","Action":"run","Package":"github.com/snissn/gomap/TreeDB","Test":"TestReopenVerify_ValueLogGC_LeafPagesInValueLog_ReopenParity"}
2026-10-06T19:41:23.2124414Z {"Time":"2026-10-06T19:41:14.5449252Z","Action":"output","Package":"github.com/snissn/gomap/TreeDB","Test":"TestReopenVerify_ValueLogGC_LeafPagesInValueLog_ReopenParity","Output":"=== RUN   TestReopenVerify_ValueLogGC_LeafPagesInValueLog_ReopenParity\n"}
2026-10-06T19:41:23.2129401Z {"Time":"2026-10-06T19:41:23.1995842Z","Action":"output","Package":"github.com/snissn/gomap/TreeDB","Test":"TestReopenVerify_ValueLogGC_LeafPagesInValueLog_ReopenParity","Output":"--- PASS: TestReopenVerify_ValueLogGC_LeafPagesInValueLog_ReopenParity (8.65s)\n"}
2026-10-06T19:41:23.2132930Z {"Time":"2026-10-06T19:41:23.1995842Z","Action":"pass","Package":"github.com/snissn/gomap/TreeDB","Test":"TestReopenVerify_ValueLogGC_LeafPagesInValueLog_ReopenParity","Elapsed":8.65}
2026-10-06T19:41:23.2135283Z {"Time":"2026-10-06T19:41:23.1995842Z","Action":"run","Package":"github.com/snissn/gomap/TreeDB","Test":"TestReopenVerify_SplitMergeDeleteRange_IteratorParity"}
2026-10-06T19:41:23.2138005Z {"Time":"2026-10-06T19:41:23.1995842Z","Action":"output","Package":"github.com/snissn/gomap/TreeDB","Test":"TestReopenVerify_SplitMergeDeleteRange_IteratorParity","Output":"=== RUN   TestReopenVerify_SplitMergeDeleteRange_IteratorParity\n"}
2026-10-06T19:41:53.4056444Z {"Time":"2026-10-06T19:41:53.3950382Z","Action":"output","Package":"github.com/snissn/gomap/TreeDB","Test":"TestReopenVerify_SplitMergeDeleteRange_IteratorParity","Output":"2026/10/06 19:41:53 treedb: dict training trained dict stream=0 dict_bytes=131072 samples=32 raw=123392 stored=2931 ratio=0.024\n"}
2026-10-06T19:41:53.7017078Z {"Time":"2026-10-06T19:41:53.6882077Z","Action":"output","Package":"github.com/snissn/gomap/TreeDB","Test":"TestReopenVerify_SplitMergeDeleteRange_IteratorParity","Output":"2026/10/06 19:41:53 treedb: value-log dict published class=single_value dict_id=514293775353110318 k=32 payload_ratio=0.004 total_ratio=0.008\n"}
2026-10-06T19:42:14.6760597Z {"Time":"2026-10-06T19:42:14.6635993Z","Action":"output","Package":"github.com/snissn/gomap/TreeDB","Test":"TestReopenVerify_SplitMergeDeleteRange_IteratorParity","Output":"--- PASS: TestReopenVerify_SplitMergeDeleteRange_IteratorParity (51.46s)\n"}
2026-10-06T19:42:14.6763727Z {"Time":"2026-10-06T19:42:14.6635993Z","Action":"pass","Package":"github.com/snissn/gomap/TreeDB","Test":"TestReopenVerify_SplitMergeDeleteRange_IteratorParity","Elapsed":51.46}
2026-10-06T19:42:14.6765550Z {"Time":"2026-10-06T19:42:14.6635993Z","Action":"run","Package":"github.com/snissn/gomap/TreeDB","Test":"TestValuePlacement_PerDomainThreshold_ReopenDurability"}
2026-10-06T19:42:14.6767492Z {"Time":"2026-10-06T19:42:14.6635993Z","Action":"output","Package":"github.com/snissn/gomap/TreeDB","Test":"TestValuePlacement_PerDomainThreshold_ReopenDurability","Output":"=== RUN   TestValuePlacement_PerDomainThreshold_ReopenDurability\n"}
2026-10-06T19:42:22.4942769Z {"Time":"2026-10-06T19:42:22.4817802Z","Action":"output","Package":"github.com/snissn/gomap/TreeDB","Test":"TestValuePlacement_PerDomainThreshold_ReopenDurability","Output":"--- PASS: TestValuePlacement_PerDomainThreshold_ReopenDurability (7.82s)\n"}
2026-10-06T19:42:22.4945861Z {"Time":"2026-10-06T19:42:22.4817802Z","Action":"pass","Package":"github.com/snissn/gomap/TreeDB","Test":"TestValuePlacement_PerDomainThreshold_ReopenDurability","Elapsed":7.82}
2026-10-06T19:42:22.4948550Z {"Time":"2026-10-06T19:42:22.4817802Z","Action":"run","Package":"github.com/snissn/gomap/TreeDB","Test":"TestProductionWitnessRegistryExactlyMatchesCanonicalPolicy"}
2026-10-06T19:42:22.4951425Z {"Time":"2026-10-06T19:42:22.4817802Z","Action":"output","Package":"github.com/snissn/gomap/TreeDB","Test":"TestProductionWitnessRegistryExactlyMatchesCanonicalPolicy","Output":"=== RUN   TestProductionWitnessRegistryExactlyMatchesCanonicalPolicy\n"}
2026-10-06T19:42:22.5734474Z {"Time":"2026-10-06T19:42:22.5614487Z","Action":"output","Package":"github.com/snissn/gomap/TreeDB","Test":"TestProductionWitnessRegistryExactlyMatchesCanonicalPolicy","Output":"--- PASS: TestProductionWitnessRegistryExactlyMatchesCanonicalPolicy (0.08s)\n"}
2026-10-06T19:42:22.5738149Z {"Time":"2026-10-06T19:42:22.5625465Z","Action":"pass","Package":"github.com/snissn/gomap/TreeDB","Test":"TestProductionWitnessRegistryExactlyMatchesCanonicalPolicy","Elapsed":0.08}
2026-10-06T19:42:22.5740093Z {"Time":"2026-10-06T19:42:22.5625465Z","Action":"run","Package":"github.com/snissn/gomap/TreeDB","Test":"TestOptions_InvalidValueLogAutoPolicy"}
2026-10-06T19:42:22.5741622Z {"Time":"2026-10-06T19:42:22.5625465Z","Action":"output","Package":"github.com/snissn/gomap/TreeDB","Test":"TestOptions_InvalidValueLogAutoPolicy","Output":"=== RUN   TestOptions_InvalidValueLogAutoPolicy\n"}
2026-10-06T19:42:22.5890430Z {"Time":"2026-10-06T19:42:22.5850733Z","Action":"output","Package":"github.com/snissn/gomap/TreeDB","Test":"TestOptions_InvalidValueLogAutoPolicy","Output":"--- PASS: TestOptions_InvalidValueLogAutoPolicy (0.02s)\n"}
2026-10-06T19:42:22.5892104Z {"Time":"2026-10-06T19:42:22.5850733Z","Action":"pass","Package":"github.com/snissn/gomap/TreeDB","Test":"TestOptions_InvalidValueLogAutoPolicy","Elapsed":0.02}
2026-10-06T19:42:22.5893940Z {"Time":"2026-10-06T19:42:22.5850733Z","Action":"run","Package":"github.com/snissn/gomap/TreeDB","Test":"TestValueLogGC_OnlineMode_HealthStateNoUnsafeDeletes"}
2026-10-06T19:42:22.5896366Z {"Time":"2026-10-06T19:42:22.5850733Z","Action":"output","Package":"github.com/snissn/gomap/TreeDB","Test":"TestValueLogGC_OnlineMode_HealthStateNoUnsafeDeletes","Output":"=== RUN   TestValueLogGC_OnlineMode_HealthStateNoUnsafeDeletes\n"}
2026-10-06T19:42:23.7641550Z {"Time":"2026-10-06T19:42:23.7607127Z","Action":"output","Package":"github.com/snissn/gomap/TreeDB","Test":"TestValueLogGC_OnlineMode_HealthStateNoUnsafeDeletes","Output":"--- PASS: TestValueLogGC_OnlineMode_HealthStateNoUnsafeDeletes (1.18s)\n"}
2026-10-06T19:42:23.7644421Z {"Time":"2026-10-06T19:42:23.7607127Z","Action":"pass","Package":"github.com/snissn/gomap/TreeDB","Test":"TestValueLogGC_OnlineMode_HealthStateNoUnsafeDeletes","Elapsed":1.18}
2026-10-06T19:42:23.7646235Z {"Time":"2026-10-06T19:42:23.7607127Z","Action":"output","Package":"github.com/snissn/gomap/TreeDB","Output":"PASS\n"}
2026-10-06T19:42:23.7798463Z {"Time":"2026-10-06T19:42:23.7768631Z","Action":"output","Package":"github.com/snissn/gomap/TreeDB","Output":"ok  \tgithub.com/snissn/gomap/TreeDB\t242.933s\n"}
2026-10-06T19:42:26.3248627Z {"Time":"2026-10-06T19:42:26.3134782Z","Action":"pass","Package":"github.com/snissn/gomap/TreeDB","Elapsed":245.47}
2026-10-06T19:42:26.4243152Z TreeDB/db test shard=1/8 chunk=1 tests=102 regex_len=5961
2026-10-06T19:42:28.7147187Z {"Time":"2026-10-06T19:42:28.7101513Z","Action":"start","Package":"github.com/snissn/gomap/TreeDB/db"}
2026-10-06T19:42:28.7452513Z {"Time":"2026-10-06T19:42:28.738917Z","Action":"run","Package":"github.com/snissn/gomap/TreeDB/db","Test":"TestSnapshotGet_ReturnsSafeCopyForValueLogPointer"}
2026-10-06T19:42:28.7454004Z {"Time":"2026-10-06T19:42:28.738917Z","Action":"output","Package":"github.com/snissn/gomap/TreeDB/db","Test":"TestSnapshotGet_ReturnsSafeCopyForValueLogPointer","Output":"=== RUN   TestSnapshotGet_ReturnsSafeCopyForValueLogPointer\n"}
2026-10-06T19:42:28.8076373Z {"Time":"2026-10-06T19:42:28.806409Z","Action":"output","Package":"github.com/snissn/gomap/TreeDB/db","Test":"TestSnapshotGet_ReturnsSafeCopyForValueLogPointer","Output":"--- PASS: TestSnapshotGet_ReturnsSafeCopyForValueLogPointer (0.07s)\n"}
2026-10-06T19:42:28.8079631Z {"Time":"2026-10-06T19:42:28.806409Z","Action":"pass","Package":"github.com/snissn/gomap/TreeDB/db","Test":"TestSnapshotGet_ReturnsSafeCopyForValueLogPointer","Elapsed":0.07}
2026-10-06T19:42:28.8082817Z {"Time":"2026-10-06T19:42:28.806409Z","Action":"run","Package":"github.com/snissn/gomap/TreeDB/db","Test":"TestGet_RetriesAfterRefreshingStaleValueLogSet"}
2026-10-06T19:42:28.8086365Z {"Time":"2026-10-06T19:42:28.806409Z","Action":"output","Package":"github.com/snissn/gomap/TreeDB/db","Test":"TestGet_RetriesAfterRefreshingStaleValueLogSet","Output":"=== RUN   TestGet_RetriesAfterRefreshingStaleValueLogSet\n"}
2026-10-06T19:42:28.8541675Z {"Time":"2026-10-06T19:42:28.8508626Z","Action":"run","Package":"github.com/snissn/gomap/TreeDB/db","Test":"TestGet_RetriesAfterRefreshingStaleValueLogSet/Get"}
2026-10-06T19:42:28.8543465Z {"Time":"2026-10-06T19:42:28.8513897Z","Action":"output","Package":"github.com/snissn/gomap/TreeDB/db","Test":"TestGet_RetriesAfterRefreshingStaleValueLogSet/Get","Output":"=== RUN   TestGet_RetriesAfterRefreshingStaleValueLogSet/Get\n"}
2026-10-06T19:42:28.8545162Z {"Time":"2026-10-06T19:42:28.8513897Z","Action":"output","Package":"github.com/snissn/gomap/TreeDB/db","Test":"TestGet_RetriesAfterRefreshingStaleValueLogSet/Get","Output":"--- PASS: TestGet_RetriesAfterRefreshingStaleValueLogSet/Get (0.00s)\n"}
2026-10-06T19:42:28.8546583Z {"Time":"2026-10-06T19:42:28.8513897Z","Action":"pass","Package":"github.com/snissn/gomap/TreeDB/db","Test":"TestGet_RetriesAfterRefreshingStaleValueLogSet/Get","Elapsed":0}
2026-10-06T19:42:28.8547698Z {"Time":"2026-10-06T19:42:28.8513897Z","Action":"run","Package":"github.com/snissn/gomap/TreeDB/db","Test":"TestGet_RetriesAfterRefreshingStaleValueLogSet/GetAppend"}
2026-10-06T19:42:28.8549147Z {"Time":"2026-10-06T19:42:28.8513897Z","Action":"output","Package":"github.com/snissn/gomap/TreeDB/db","Test":"TestGet_RetriesAfterRefreshingStaleValueLogSet/GetAppend","Output":"=== RUN   TestGet_RetriesAfterRefreshingStaleValueLogSet/GetAppend\n"}
2026-10-06T19:42:28.8567798Z {"Time":"2026-10-06T19:42:28.8519108Z","Action":"output","Package":"github.com/snissn/gomap/TreeDB/db","Test":"TestGet_RetriesAfterRefreshingStaleValueLogSet/GetAppend","Output":"--- PASS: TestGet_RetriesAfterRefreshingStaleValueLogSet/GetAppend (0.00s)\n"}
2026-10-06T19:42:28.8569891Z {"Time":"2026-10-06T19:42:28.8519108Z","Action":"pass","Package":"github.com/snissn/gomap/TreeDB/db","Test":"TestGet_RetriesAfterRefreshingStaleValueLogSet/GetAppend","Elapsed":0}
2026-10-06T19:42:28.8571322Z {"Time":"2026-10-06T19:42:28.8519108Z","Action":"run","Package":"github.com/snissn/gomap/TreeDB/db","Test":"TestGet_RetriesAfterRefreshingStaleValueLogSet/GetVersioned"}
2026-10-06T19:42:28.8572856Z {"Time":"2026-10-06T19:42:28.8519108Z","Action":"output","Package":"github.com/snissn/gomap/TreeDB/db","Test":"TestGet_RetriesAfterRefreshingStaleValueLogSet/GetVersioned","Output":"=== RUN   TestGet_RetriesAfterRefreshingStaleValueLogSet/GetVersioned\n"}
2026-10-06T19:42:28.8574835Z {"Time":"2026-10-06T19:42:28.8524514Z","Action":"output","Package":"github.com/snissn/gomap/TreeDB/db","Test":"TestGet_RetriesAfterRefreshingStaleValueLogSet/GetVersioned","Output":"--- PASS: TestGet_RetriesAfterRefreshingStaleValueLogSet/GetVersioned (0.00s)\n"}
2026-10-06T19:42:28.8576591Z {"Time":"2026-10-06T19:42:28.8524514Z","Action":"pass","Package":"github.com/snissn/gomap/TreeDB/db","Test":"TestGet_RetriesAfterRefreshingStaleValueLogSet/GetVersioned","Elapsed":0}
2026-10-06T19:42:28.8577853Z {"Time":"2026-10-06T19:42:28.8524514Z","Action":"run","Package":"github.com/snissn/gomap/TreeDB/db","Test":"TestGet_RetriesAfterRefreshingStaleValueLogSet/GetVersionedAppend"}
2026-10-06T19:42:28.8579741Z {"Time":"2026-10-06T19:42:28.8524514Z","Action":"output","Package":"github.com/snissn/gomap/TreeDB/db","Test":"TestGet_RetriesAfterRefreshingStaleValueLogSet/GetVersionedAppend","Output":"=== RUN   TestGet_RetriesAfterRefreshingStaleValueLogSet/GetVersionedAppend\n"}
2026-10-06T19:42:28.8582024Z {"Time":"2026-10-06T19:42:28.8528867Z","Action":"output","Package":"github.com/snissn/gomap/TreeDB/db","Test":"TestGet_RetriesAfterRefreshingStaleValueLogSet/GetVersionedAppend","Output":"--- PASS: TestGet_RetriesAfterRefreshingStaleValueLogSet/GetVersionedAppend (0.00s)\n"}
2026-10-06T19:42:28.8583697Z {"Time":"2026-10-06T19:42:28.8528867Z","Action":"pass","Package":"github.com/snissn/gomap/TreeDB/db","Test":"TestGet_RetriesAfterRefreshingStaleValueLogSet/GetVersionedAppend","Elapsed":0}
2026-10-06T19:42:28.8858553Z {"Time":"2026-10-06T19:42:28.8822125Z","Action":"output","Package":"github.com/snissn/gomap/TreeDB/db","Test":"TestGet_RetriesAfterRefreshingStaleValueLogSet","Output":"--- PASS: TestGet_RetriesAfterRefreshingStaleValueLogSet (0.08s)\n"}
2026-10-06T19:42:28.8860456Z {"Time":"2026-10-06T19:42:28.8822125Z","Action":"pass","Package":"github.com/snissn/gomap/TreeDB/db","Test":"TestGet_RetriesAfterRefreshingStaleValueLogSet","Elapsed":0.08}
2026-10-06T19:42:28.8861639Z {"Time":"2026-10-06T19:42:28.8822125Z","Action":"run","Package":"github.com/snissn/gomap/TreeDB/db","Test":"TestBatchDeleteRangeValueLogPointerRefsAndGC"}
2026-10-06T19:42:28.8863267Z {"Time":"2026-10-06T19:42:28.8822125Z","Action":"output","Package":"github.com/snissn/gomap/TreeDB/db","Test":"TestBatchDeleteRangeValueLogPointerRefsAndGC","Output":"=== RUN   TestBatchDeleteRangeValueLogPointerRefsAndGC\n"}
2026-10-06T19:42:29.0091910Z {"Time":"2026-10-06T19:42:29.0042789Z","Action":"output","Package":"github.com/snissn/gomap/TreeDB/db","Test":"TestBatchDeleteRangeValueLogPointerRefsAndGC","Output":"--- PASS: TestBatchDeleteRangeValueLogPointerRefsAndGC (0.12s)\n"}
2026-10-06T19:42:29.0094317Z {"Time":"2026-10-06T19:42:29.0042789Z","Action":"pass","Package":"github.com/snissn/gomap/TreeDB/db","Test":"TestBatchDeleteRangeValueLogPointerRefsAndGC","Elapsed":0.12}
2026-10-06T19:42:29.0095828Z {"Time":"2026-10-06T19:42:29.0042789Z","Action":"run","Package":"github.com/snissn/gomap/TreeDB/db","Test":"TestNewBatchWithSize_NormalizesLargePublicHint"}
2026-10-06T19:42:29.0097460Z {"Time":"2026-10-06T19:42:29.0042789Z","Action":"output","Package":"github.com/snissn/gomap/TreeDB/db","Test":"TestNewBatchWithSize_NormalizesLargePublicHint","Output":"=== RUN   TestNewBatchWithSize_NormalizesLargePublicHint\n"}
2026-10-06T19:42:29.0099603Z {"Time":"2026-10-06T19:42:29.0042789Z","Action":"output","Package":"github.com/snissn/gomap/TreeDB/db","Test":"TestNewBatchWithSize_NormalizesLargePublicHint","Output":"--- PASS: TestNewBatchWithSize_NormalizesLargePublicHint (0.00s)\n"}
2026-10-06T19:42:29.0101444Z {"Time":"2026-10-06T19:42:29.0042789Z","Action":"pass","Package":"github.com/snissn/gomap/TreeDB/db","Test":"TestNewBatchWithSize_NormalizesLargePublicHint","Elapsed":0}
2026-10-06T19:42:29.0102859Z {"Time":"2026-10-06T19:42:29.0042789Z","Action":"run","Package":"github.com/snissn/gomap/TreeDB/db","Test":"TestMaintainCommandWALCoveredPrefixPinsTeardown"}
2026-10-06T19:42:29.0104618Z {"Time":"2026-10-06T19:42:29.0042789Z","Action":"output","Package":"github.com/snissn/gomap/TreeDB/db","Test":"TestMaintainCommandWALCoveredPrefixPinsTeardown","Output":"=== RUN   TestMaintainCommandWALCoveredPrefixPinsTeardown\n"}
2026-10-06T19:42:29.1489137Z {"Time":"2026-10-06T19:42:29.1407225Z","Action":"output","Package":"github.com/snissn/gomap/TreeDB/db","Test":"TestMaintainCommandWALCoveredPrefixPinsTeardown","Output":"--- PASS: TestMaintainCommandWALCoveredPrefixPinsTeardown (0.14s)\n"}
2026-10-06T19:42:29.1491908Z {"Time":"2026-10-06T19:42:29.1407225Z","Action":"pass","Package":"github.com/snissn/gomap/TreeDB/db","Test":"TestMaintainCommandWALCoveredPrefixPinsTeardown","Elapsed":0.14}
2026-10-06T19:42:29.1493176Z {"Time":"2026-10-06T19:42:29.1412501Z","Action":"run","Package":"github.com/snissn/gomap/TreeDB/db","Test":"TestCloseHookMayCallCloseThroughDeepHelpers"}
2026-10-06T19:42:29.1495434Z {"Time":"2026-10-06T19:42:29.1412501Z","Action":"output","Package":"github.com/snissn/gomap/TreeDB/db","Test":"TestCloseHookMayCallCloseThroughDeepHelpers","Output":"=== RUN   TestCloseHookMayCallCloseThroughDeepHelpers\n"}
2026-10-06T19:42:29.1957526Z {"Time":"2026-10-06T19:42:29.1859189Z","Action":"output","Package":"github.com/snissn/gomap/TreeDB/db","Test":"TestCloseHookMayCallCloseThroughDeepHelpers","Output":"--- PASS: TestCloseHookMayCallCloseThroughDeepHelpers (0.04s)\n"}
2026-10-06T19:42:29.1960551Z {"Time":"2026-10-06T19:42:29.1859189Z","Action":"pass","Package":"github.com/snissn/gomap/TreeDB/db","Test":"TestCloseHookMayCallCloseThroughDeepHelpers","Elapsed":0.04}
2026-10-06T19:42:29.1962163Z {"Time":"2026-10-06T19:42:29.1859189Z","Action":"run","Package":"github.com/snissn/gomap/TreeDB/db","Test":"TestRegisterCloseHookIfOpenAfterSetupCanDeclineHook"}
2026-10-06T19:42:29.1964294Z {"Time":"2026-10-06T19:42:29.1859189Z","Action":"output","Package":"github.com/snissn/gomap/TreeDB/db","Test":"TestRegisterCloseHookIfOpenAfterSetupCanDeclineHook","Output":"=== RUN   TestRegisterCloseHookIfOpenAfterSetupCanDeclineHook\n"}
2026-10-06T19:42:29.2574223Z {"Time":"2026-10-06T19:42:29.2443125Z","Action":"output","Package":"github.com/snissn/gomap/TreeDB/db","Test":"TestRegisterCloseHookIfOpenAfterSetupCanDeclineHook","Output":"--- PASS: TestRegisterCloseHookIfOpenAfterSetupCanDeclineHook (0.06s)\n"}
2026-10-06T19:42:29.2576502Z {"Time":"2026-10-06T19:42:29.2443125Z","Action":"pass","Package":"github.com/snissn/gomap/TreeDB/db","Test":"TestRegisterCloseHookIfOpenAfterSetupCanDeclineHook","Elapsed":0.06}
2026-10-06T19:42:29.2578021Z {"Time":"2026-10-06T19:42:29.2443125Z","Action":"run","Package":"github.com/snissn/gomap/TreeDB/db","Test":"TestClosedDB_InlineThreshold"}
2026-10-06T19:42:29.2579557Z {"Time":"2026-10-06T19:42:29.2443125Z","Action":"output","Package":"github.com/snissn/gomap/TreeDB/db","Test":"TestClosedDB_InlineThreshold","Output":"=== RUN   TestClosedDB_InlineThreshold\n"}
2026-10-06T19:42:29.3078113Z {"Time":"2026-10-06T19:42:29.2965516Z","Action":"output","Package":"github.com/snissn/gomap/TreeDB/db","Test":"TestClosedDB_InlineThreshold","Output":"--- PASS: TestClosedDB_InlineThreshold (0.05s)\n"}
2026-10-06T19:42:29.3080390Z {"Time":"2026-10-06T19:42:29.2965516Z","Action":"pass","Package":"github.com/snissn/gomap/TreeDB/db","Test":"TestClosedDB_InlineThreshold","Elapsed":0.05}
2026-10-06T19:42:29.3081336Z {"Time":"2026-10-06T19:42:29.2965516Z","Action":"run","Package":"github.com/snissn/gomap/TreeDB/db","Test":"TestClosedDB_NewBatch"}
2026-10-06T19:42:29.3082643Z {"Time":"2026-10-06T19:42:29.2965516Z","Action":"output","Package":"github.com/snissn/gomap/TreeDB/db","Test":"TestClosedDB_NewBatch","Output":"=== RUN   TestClosedDB_NewBatch\n"}
2026-10-06T19:42:29.3824392Z {"Time":"2026-10-06T19:42:29.375047Z","Action":"output","Package":"github.com/snissn/gomap/TreeDB/db","Test":"TestClosedDB_NewBatch","Output":"--- PASS: TestClosedDB_NewBatch (0.08s)\n"}
2026-10-06T19:42:29.3826490Z {"Time":"2026-10-06T19:42:29.3755304Z","Action":"pass","Package":"github.com/snissn/gomap/TreeDB/db","Test":"TestClosedDB_NewBatch","Elapsed":0.08}
2026-10-06T19:42:29.3828737Z {"Time":"2026-10-06T19:42:29.3755304Z","Action":"run","Package":"github.com/snissn/gomap/TreeDB/db","Test":"TestClosedDB_Dir"}
2026-10-06T19:42:29.3830457Z {"Time":"2026-10-06T19:42:29.3755304Z","Action":"output","Package":"github.com/snissn/gomap/TreeDB/db","Test":"TestClosedDB_Dir","Output":"=== RUN   TestClosedDB_Dir\n"}
2026-10-06T19:42:29.4283287Z {"Time":"2026-10-06T19:42:29.4229843Z","Action":"output","Package":"github.com/snissn/gomap/TreeDB/db","Test":"TestClosedDB_Dir","Output":"--- PASS: TestClosedDB_Dir (0.05s)\n"}
2026-10-06T19:42:29.4284592Z {"Time":"2026-10-06T19:42:29.4237395Z","Action":"pass","Package":"github.com/snissn/gomap/TreeDB/db","Test":"TestClosedDB_Dir","Elapsed":0.05}
2026-10-06T19:42:29.4285681Z {"Time":"2026-10-06T19:42:29.4237395Z","Action":"run","Package":"github.com/snissn/gomap/TreeDB/db","Test":"TestClosedDB_UpdateSync"}
2026-10-06T19:42:29.4287250Z {"Time":"2026-10-06T19:42:29.4237395Z","Action":"output","Package":"github.com/snissn/gomap/TreeDB/db","Test":"TestClosedDB_UpdateSync","Output":"=== RUN   TestClosedDB_UpdateSync\n"}
2026-10-06T19:42:29.4902551Z {"Time":"2026-10-06T19:42:29.4758361Z","Action":"output","Package":"github.com/snissn/gomap/TreeDB/db","Test":"TestClosedDB_UpdateSync","Output":"--- PASS: TestClosedDB_UpdateSync (0.05s)\n"}
2026-10-06T19:42:29.4903984Z {"Time":"2026-10-06T19:42:29.4758361Z","Action":"pass","Package":"github.com/snissn/gomap/TreeDB/db","Test":"TestClosedDB_UpdateSync","Elapsed":0.05}
2026-10-06T19:42:29.4906037Z {"Time":"2026-10-06T19:42:29.4758361Z","Action":"run","Package":"github.com/snissn/gomap/TreeDB/db","Test":"TestClosedDB_PublishOrderedRootDeltaGroupWithSystemBuilder"}
2026-10-06T19:42:29.4907941Z {"Time":"2026-10-06T19:42:29.4758361Z","Action":"output","Package":"github.com/snissn/gomap/TreeDB/db","Test":"TestClosedDB_PublishOrderedRootDeltaGroupWithSystemBuilder","Output":"=== RUN   TestClosedDB_PublishOrderedRootDeltaGroupWithSystemBuilder\n"}
2026-10-06T19:42:29.5370010Z {"Time":"2026-10-06T19:42:29.5225321Z","Action":"output","Package":"github.com/snissn/gomap/TreeDB/db","Test":"TestClosedDB_PublishOrderedRootDeltaGroupWithSystemBuilder","Output":"--- PASS: TestClosedDB_PublishOrderedRootDeltaGroupWithSystemBuilder (0.05s)\n"}
2026-10-06T19:42:29.5372204Z {"Time":"2026-10-06T19:42:29.5230939Z","Action":"pass","Package":"github.com/snissn/gomap/TreeDB/db","Test":"TestClosedDB_PublishOrderedRootDeltaGroupWithSystemBuilder","Elapsed":0.05}
2026-10-06T19:42:29.5373558Z {"Time":"2026-10-06T19:42:29.5230939Z","Action":"run","Package":"github.com/snissn/gomap/TreeDB/db","Test":"TestCommandWALDependencyDebtCoalescesOnlyAdjacentEmptyEntries"}
2026-10-06T19:42:29.5375244Z {"Time":"2026-10-06T19:42:29.5230939Z","Action":"output","Package":"github.com/snissn/gomap/TreeDB/db","Test":"TestCommandWALDependencyDebtCoalescesOnlyAdjacentEmptyEntries","Output":"=== RUN   TestCommandWALDependencyDebtCoalescesOnlyAdjacentEmptyEntries\n"}
2026-10-06T19:42:29.5377373Z {"Time":"2026-10-06T19:42:29.5230939Z","Action":"output","Package":"github.com/snissn/gomap/TreeDB/db","Test":"TestCommandWALDependencyDebtCoalescesOnlyAdjacentEmptyEntries","Output":"--- PASS: TestCommandWALDependencyDebtCoalescesOnlyAdjacentEmptyEntries (0.00s)\n"}
2026-10-06T19:42:29.5379121Z {"Time":"2026-10-06T19:42:29.5230939Z","Action":"pass","Package":"github.com/snissn/gomap/TreeDB/db","Test":"TestCommandWALDependencyDebtCoalescesOnlyAdjacentEmptyEntries","Elapsed":0}
2026-10-06T19:42:29.5380410Z {"Time":"2026-10-06T19:42:29.5230939Z","Action":"run","Package":"github.com/snissn/gomap/TreeDB/db","Test":"TestSaveFormatConfigCommandWALRequiresCleanActivation"}
2026-10-06T19:42:29.5381940Z {"Time":"2026-10-06T19:42:29.5230939Z","Action":"output","Package":"github.com/snissn/gomap/TreeDB/db","Test":"TestSaveFormatConfigCommandWALRequiresCleanActivation","Output":"=== RUN   TestSaveFormatConfigCommandWALRequiresCleanActivation\n"}
2026-10-06T19:42:29.5383859Z {"Time":"2026-10-06T19:42:29.5254238Z","Action":"output","Package":"github.com/snissn/gomap/TreeDB/db","Test":"TestSaveFormatConfigCommandWALRequiresCleanActivation","Output":"--- PASS: TestSaveFormatConfigCommandWALRequiresCleanActivation (0.00s)\n"}
2026-10-06T19:42:29.5385498Z {"Time":"2026-10-06T19:42:29.5254238Z","Action":"pass","Package":"github.com/snissn/gomap/TreeDB/db","Test":"TestSaveFormatConfigCommandWALRequiresCleanActivation","Elapsed":0}
2026-10-06T19:42:29.5386900Z {"Time":"2026-10-06T19:42:29.5254238Z","Action":"run","Package":"github.com/snissn/gomap/TreeDB/db","Test":"TestCommandWALRequiredFeatureRejectsOfflineValueLogRewrite"}
2026-10-06T19:42:29.5388597Z {"Time":"2026-10-06T19:42:29.5254238Z","Action":"output","Package":"github.com/snissn/gomap/TreeDB/db","Test":"TestCommandWALRequiredFeatureRejectsOfflineValueLogRewrite","Output":"=== RUN   TestCommandWALRequiredFeatureRejectsOfflineValueLogRewrite\n"}
2026-10-06T19:42:29.5390759Z {"Time":"2026-10-06T19:42:29.5340067Z","Action":"output","Package":"github.com/snissn/gomap/TreeDB/db","Test":"TestCommandWALRequiredFeatureRejectsOfflineValueLogRewrite","Output":"--- PASS: TestCommandWALRequiredFeatureRejectsOfflineValueLogRewrite (0.01s)\n"}
2026-10-06T19:42:29.5392317Z {"Time":"2026-10-06T19:42:29.5340067Z","Action":"pass","Package":"github.com/snissn/gomap/TreeDB/db","Test":"TestCommandWALRequiredFeatureRejectsOfflineValueLogRewrite","Elapsed":0.01}
2026-10-06T19:42:29.5394588Z {"Time":"2026-10-06T19:42:29.5340067Z","Action":"run","Package":"github.com/snissn/gomap/TreeDB/db","Test":"TestRefreshCommandWALCheckpointFallbackConvergesSlotsWithoutNewLSN"}
2026-10-06T19:42:29.5396569Z {"Time":"2026-10-06T19:42:29.5340067Z","Action":"output","Package":"github.com/snissn/gomap/TreeDB/db","Test":"TestRefreshCommandWALCheckpointFallbackConvergesSlotsWithoutNewLSN","Output":"=== RUN   TestRefreshCommandWALCheckpointFallbackConvergesSlotsWithoutNewLSN\n"}
2026-10-06T19:42:29.6325506Z {"Time":"2026-10-06T19:42:29.6301107Z","Action":"output","Package":"github.com/snissn/gomap/TreeDB/db","Test":"TestRefreshCommandWALCheckpointFallbackConvergesSlotsWithoutNewLSN","Output":"--- PASS: TestRefreshCommandWALCheckpointFallbackConvergesSlotsWithoutNewLSN (0.10s)\n"}
2026-10-06T19:42:29.6327741Z {"Time":"2026-10-06T19:42:29.6301107Z","Action":"pass","Package":"github.com/snissn/gomap/TreeDB/db","Test":"TestRefreshCommandWALCheckpointFallbackConvergesSlotsWithoutNewLSN","Elapsed":0.1}
2026-10-06T19:42:29.6329442Z {"Time":"2026-10-06T19:42:29.6301107Z","Action":"run","Package":"github.com/snissn/gomap/TreeDB/db","Test":"TestCommandWALAppliedLSNOnlyPublishRechecksPoisonAfterDurableGateWait"}
2026-10-06T19:42:29.6332048Z {"Time":"2026-10-06T19:42:29.6301107Z","Action":"output","Package":"github.com/snissn/gomap/TreeDB/db","Test":"TestCommandWALAppliedLSNOnlyPublishRechecksPoisonAfterDurableGateWait","Output":"=== RUN   TestCommandWALAppliedLSNOnlyPublishRechecksPoisonAfterDurableGateWait\n"}
2026-10-06T19:42:29.6921631Z {"Time":"2026-10-06T19:42:29.684186Z","Action":"output","Package":"github.com/snissn/gomap/TreeDB/db","Test":"TestCommandWALAppliedLSNOnlyPublishRechecksPoisonAfterDurableGateWait","Output":"--- PASS: TestCommandWALAppliedLSNOnlyPublishRechecksPoisonAfterDurableGateWait (0.05s)\n"}
2026-10-06T19:42:29.6924233Z {"Time":"2026-10-06T19:42:29.684186Z","Action":"pass","Package":"github.com/snissn/gomap/TreeDB/db","Test":"TestCommandWALAppliedLSNOnlyPublishRechecksPoisonAfterDurableGateWait","Elapsed":0.05}
2026-10-06T19:42:29.6925588Z {"Time":"2026-10-06T19:42:29.685056Z","Action":"run","Package":"github.com/snissn/gomap/TreeDB/db","Test":"TestCommandWALAppliedLSNContiguousPrefixMatchesModelStress"}
2026-10-06T19:42:29.6927118Z {"Time":"2026-10-06T19:42:29.685056Z","Action":"output","Package":"github.com/snissn/gomap/TreeDB/db","Test":"TestCommandWALAppliedLSNContiguousPrefixMatchesModelStress","Output":"=== RUN   TestCommandWALAppliedLSNContiguousPrefixMatchesModelStress\n"}
2026-10-06T19:42:29.6929020Z {"Time":"2026-10-06T19:42:29.6859045Z","Action":"output","Package":"github.com/snissn/gomap/TreeDB/db","Test":"TestCommandWALAppliedLSNContiguousPrefixMatchesModelStress","Output":"--- PASS: TestCommandWALAppliedLSNContiguousPrefixMatchesModelStress (0.00s)\n"}
2026-10-06T19:42:29.6930617Z {"Time":"2026-10-06T19:42:29.6859045Z","Action":"pass","Package":"github.com/snissn/gomap/TreeDB/db","Test":"TestCommandWALAppliedLSNContiguousPrefixMatchesModelStress","Elapsed":0}
2026-10-06T19:42:29.6931881Z {"Time":"2026-10-06T19:42:29.6859045Z","Action":"run","Package":"github.com/snissn/gomap/TreeDB/db","Test":"TestCommandWALWriteOpenRejectsFirstUnappliedFrameUntilDispatcher"}
2026-10-06T19:42:29.6933487Z {"Time":"2026-10-06T19:42:29.6859045Z","Action":"output","Package":"github.com/snissn/gomap/TreeDB/db","Test":"TestCommandWALWriteOpenRejectsFirstUnappliedFrameUntilDispatcher","Output":"=== RUN   TestCommandWALWriteOpenRejectsFirstUnappliedFrameUntilDispatcher\n"}
2026-10-06T19:42:29.7527554Z {"Time":"2026-10-06T19:42:29.7404924Z","Action":"output","Package":"github.com/snissn/gomap/TreeDB/db","Test":"TestCommandWALWriteOpenRejectsFirstUnappliedFrameUntilDispatcher","Output":"--- PASS: TestCommandWALWriteOpenRejectsFirstUnappliedFrameUntilDispatcher (0.05s)\n"}
2026-10-06T19:42:29.7530152Z {"Time":"2026-10-06T19:42:29.7404924Z","Action":"pass","Package":"github.com/snissn/gomap/TreeDB/db","Test":"TestCommandWALWriteOpenRejectsFirstUnappliedFrameUntilDispatcher","Elapsed":0.05}
2026-10-06T19:42:29.7532441Z {"Time":"2026-10-06T19:42:29.7404924Z","Action":"run","Package":"github.com/snissn/gomap/TreeDB/db","Test":"TestCommandWALOpenAllowsActiveTypedTailWithHigherPartialLegacyAliasSegment"}
2026-10-06T19:42:29.7534909Z {"Time":"2026-10-06T19:42:29.7404924Z","Action":"output","Package":"github.com/snissn/gomap/TreeDB/db","Test":"TestCommandWALOpenAllowsActiveTypedTailWithHigherPartialLegacyAliasSegment","Output":"=== RUN   TestCommandWALOpenAllowsActiveTypedTailWithHigherPartialLegacyAliasSegment\n"}
2026-10-06T19:42:29.8303291Z {"Time":"2026-10-06T19:42:29.8221579Z","Action":"output","Package":"github.com/snissn/gomap/TreeDB/db","Test":"TestCommandWALOpenAllowsActiveTypedTailWithHigherPartialLegacyAliasSegment","Output":"--- PASS: TestCommandWALOpenAllowsActiveTypedTailWithHigherPartialLegacyAliasSegment (0.08s)\n"}
2026-10-06T19:42:29.8306116Z {"Time":"2026-10-06T19:42:29.8221579Z","Action":"pass","Package":"github.com/snissn/gomap/TreeDB/db","Test":"TestCommandWALOpenAllowsActiveTypedTailWithHigherPartialLegacyAliasSegment","Elapsed":0.08}
2026-10-06T19:42:29.8307752Z {"Time":"2026-10-06T19:42:29.8227176Z","Action":"run","Package":"github.com/snissn/gomap/TreeDB/db","Test":"TestCommandWALCheckpointEstablishesDurableCleanupProof"}
2026-10-06T19:42:29.8309961Z {"Time":"2026-10-06T19:42:29.8227176Z","Action":"output","Package":"github.com/snissn/gomap/TreeDB/db","Test":"TestCommandWALCheckpointEstablishesDurableCleanupProof","Output":"=== RUN   TestCommandWALCheckpointEstablishesDurableCleanupProof\n"}
2026-10-06T19:42:29.9231352Z {"Time":"2026-10-06T19:42:29.9221194Z","Action":"output","Package":"github.com/snissn/gomap/TreeDB/db","Test":"TestCommandWALCheckpointEstablishesDurableCleanupProof","Output":"--- PASS: TestCommandWALCheckpointEstablishesDurableCleanupProof (0.10s)\n"}
2026-10-06T19:42:29.9234712Z {"Time":"2026-10-06T19:42:29.9221194Z","Action":"pass","Package":"github.com/snissn/gomap/TreeDB/db","Test":"TestCommandWALCheckpointEstablishesDurableCleanupProof","Elapsed":0.1}
2026-10-06T19:42:29.9237616Z {"Time":"2026-10-06T19:42:29.9221194Z","Action":"run","Package":"github.com/snissn/gomap/TreeDB/db","Test":"TestCommandWALCleanupAdvancesJournalNamespaceGeneration"}
2026-10-06T19:42:29.9240566Z {"Time":"2026-10-06T19:42:29.9221194Z","Action":"output","Package":"github.com/snissn/gomap/TreeDB/db","Test":"TestCommandWALCleanupAdvancesJournalNamespaceGeneration","Output":"=== RUN   TestCommandWALCleanupAdvancesJournalNamespaceGeneration\n"}
2026-10-06T19:42:29.9381897Z {"Time":"2026-10-06T19:42:29.9355238Z","Action":"output","Package":"github.com/snissn/gomap/TreeDB/db","Test":"TestCommandWALCleanupAdvancesJournalNamespaceGeneration","Output":"--- PASS: TestCommandWALCleanupAdvancesJournalNamespaceGeneration (0.01s)\n"}
2026-10-06T19:42:29.9385507Z {"Time":"2026-10-06T19:42:29.9355238Z","Action":"pass","Package":"github.com/snissn/gomap/TreeDB/db","Test":"TestCommandWALCleanupAdvancesJournalNamespaceGeneration","Elapsed":0.01}
2026-10-06T19:42:29.9387607Z {"Time":"2026-10-06T19:42:29.9355238Z","Action":"run","Package":"github.com/snissn/gomap/TreeDB/db","Test":"TestCommandWALCleanupRejectsPostAppendPoison"}
2026-10-06T19:42:29.9391215Z {"Time":"2026-10-06T19:42:29.9355238Z","Action":"output","Package":"github.com/snissn/gomap/TreeDB/db","Test":"TestCommandWALCleanupRejectsPostAppendPoison","Output":"=== RUN   TestCommandWALCleanupRejectsPostAppendPoison\n"}
2026-10-06T19:42:29.9533339Z {"Time":"2026-10-06T19:42:29.9491058Z","Action":"output","Package":"github.com/snissn/gomap/TreeDB/db","Test":"TestCommandWALCleanupRejectsPostAppendPoison","Output":"--- PASS: TestCommandWALCleanupRejectsPostAppendPoison (0.01s)\n"}
2026-10-06T19:42:29.9535325Z {"Time":"2026-10-06T19:42:29.9496813Z","Action":"pass","Package":"github.com/snissn/gomap/TreeDB/db","Test":"TestCommandWALCleanupRejectsPostAppendPoison","Elapsed":0.01}
2026-10-06T19:42:29.9537098Z {"Time":"2026-10-06T19:42:29.9496813Z","Action":"run","Package":"github.com/snissn/gomap/TreeDB/db","Test":"TestCommandWALCleanupRetainedLineageDoesNotHoldScanHandles"}
2026-10-06T19:42:29.9538806Z {"Time":"2026-10-06T19:42:29.9496813Z","Action":"output","Package":"github.com/snissn/gomap/TreeDB/db","Test":"TestCommandWALCleanupRetainedLineageDoesNotHoldScanHandles","Output":"=== RUN   TestCommandWALCleanupRetainedLineageDoesNotHoldScanHandles\n"}
2026-10-06T19:42:30.3099764Z {"Time":"2026-10-06T19:42:30.2989682Z","Action":"output","Package":"github.com/snissn/gomap/TreeDB/db","Test":"TestCommandWALCleanupRetainedLineageDoesNotHoldScanHandles","Output":"--- PASS: TestCommandWALCleanupRetainedLineageDoesNotHoldScanHandles (0.35s)\n"}
2026-10-06T19:42:30.3101967Z {"Time":"2026-10-06T19:42:30.2989682Z","Action":"pass","Package":"github.com/snissn/gomap/TreeDB/db","Test":"TestCommandWALCleanupRetainedLineageDoesNotHoldScanHandles","Elapsed":0.35}
2026-10-06T19:42:30.3103323Z {"Time":"2026-10-06T19:42:30.2989682Z","Action":"run","Package":"github.com/snissn/gomap/TreeDB/db","Test":"TestCommandWALCheckpointCleanupAllowsCoveredLineageGap"}
2026-10-06T19:42:30.3104790Z {"Time":"2026-10-06T19:42:30.2989682Z","Action":"output","Package":"github.com/snissn/gomap/TreeDB/db","Test":"TestCommandWALCheckpointCleanupAllowsCoveredLineageGap","Output":"=== RUN   TestCommandWALCheckpointCleanupAllowsCoveredLineageGap\n"}
2026-10-06T19:42:30.3106579Z {"Time":"2026-10-06T19:42:30.3084129Z","Action":"output","Package":"github.com/snissn/gomap/TreeDB/db","Test":"TestCommandWALCheckpointCleanupAllowsCoveredLineageGap","Output":"--- PASS: TestCommandWALCheckpointCleanupAllowsCoveredLineageGap (0.01s)\n"}
2026-10-06T19:42:30.3108453Z {"Time":"2026-10-06T19:42:30.3084129Z","Action":"pass","Package":"github.com/snissn/gomap/TreeDB/db","Test":"TestCommandWALCheckpointCleanupAllowsCoveredLineageGap","Elapsed":0.01}
2026-10-06T19:42:30.3109671Z {"Time":"2026-10-06T19:42:30.3084129Z","Action":"run","Package":"github.com/snissn/gomap/TreeDB/db","Test":"TestRawKVPreparedFinalizerRefusalReleasesDependencyWithoutAppend"}
2026-10-06T19:42:30.3111258Z {"Time":"2026-10-06T19:42:30.3084129Z","Action":"output","Package":"github.com/snissn/gomap/TreeDB/db","Test":"TestRawKVPreparedFinalizerRefusalReleasesDependencyWithoutAppend","Output":"=== RUN   TestRawKVPreparedFinalizerRefusalReleasesDependencyWithoutAppend\n"}
2026-10-06T19:42:30.3896135Z {"Time":"2026-10-06T19:42:30.3872851Z","Action":"output","Package":"github.com/snissn/gomap/TreeDB/db","Test":"TestRawKVPreparedFinalizerRefusalReleasesDependencyWithoutAppend","Output":"--- PASS: TestRawKVPreparedFinalizerRefusalReleasesDependencyWithoutAppend (0.08s)\n"}
2026-10-06T19:42:30.3898406Z {"Time":"2026-10-06T19:42:30.3872851Z","Action":"pass","Package":"github.com/snissn/gomap/TreeDB/db","Test":"TestRawKVPreparedFinalizerRefusalReleasesDependencyWithoutAppend","Elapsed":0.08}
2026-10-06T19:42:30.3899745Z {"Time":"2026-10-06T19:42:30.3872851Z","Action":"run","Package":"github.com/snissn/gomap/TreeDB/db","Test":"TestRawKVPointCommandWALRejectsMaterializedRIDBeforeRevisionAllocation"}
2026-10-06T19:42:30.3901451Z {"Time":"2026-10-06T19:42:30.3872851Z","Action":"output","Package":"github.com/snissn/gomap/TreeDB/db","Test":"TestRawKVPointCommandWALRejectsMaterializedRIDBeforeRevisionAllocation","Output":"=== RUN   TestRawKVPointCommandWALRejectsMaterializedRIDBeforeRevisionAllocation\n"}
2026-10-06T19:42:30.4647719Z {"Time":"2026-10-06T19:42:30.4519296Z","Action":"output","Package":"github.com/snissn/gomap/TreeDB/db","Test":"TestRawKVPointCommandWALRejectsMaterializedRIDBeforeRevisionAllocation","Output":"--- PASS: TestRawKVPointCommandWALRejectsMaterializedRIDBeforeRevisionAllocation (0.06s)\n"}
2026-10-06T19:42:30.4650434Z {"Time":"2026-10-06T19:42:30.4519296Z","Action":"pass","Package":"github.com/snissn/gomap/TreeDB/db","Test":"TestRawKVPointCommandWALRejectsMaterializedRIDBeforeRevisionAllocation","Elapsed":0.06}
2026-10-06T19:42:30.4651965Z {"Time":"2026-10-06T19:42:30.4525717Z","Action":"run","Package":"github.com/snissn/gomap/TreeDB/db","Test":"TestRawKVCommandWALIntentUsesDirectEntries"}
2026-10-06T19:42:30.4653723Z {"Time":"2026-10-06T19:42:30.4525717Z","Action":"output","Package":"github.com/snissn/gomap/TreeDB/db","Test":"TestRawKVCommandWALIntentUsesDirectEntries","Output":"=== RUN   TestRawKVCommandWALIntentUsesDirectEntries\n"}
2026-10-06T19:42:30.5258020Z {"Time":"2026-10-06T19:42:30.5214928Z","Action":"output","Package":"github.com/snissn/gomap/TreeDB/db","Test":"TestRawKVCommandWALIntentUsesDirectEntries","Output":"--- PASS: TestRawKVCommandWALIntentUsesDirectEntries (0.07s)\n"}
2026-10-06T19:42:30.5260650Z {"Time":"2026-10-06T19:42:30.5214928Z","Action":"pass","Package":"github.com/snissn/gomap/TreeDB/db","Test":"TestRawKVCommandWALIntentUsesDirectEntries","Elapsed":0.07}
2026-10-06T19:42:30.5263225Z {"Time":"2026-10-06T19:42:30.5214928Z","Action":"run","Package":"github.com/snissn/gomap/TreeDB/db","Test":"TestRawKVCommandWALMaterializedRIDSelectionRequiresDurableModeAndBounds"}
2026-10-06T19:42:30.5266441Z {"Time":"2026-10-06T19:42:30.5214928Z","Action":"output","Package":"github.com/snissn/gomap/TreeDB/db","Test":"TestRawKVCommandWALMaterializedRIDSelectionRequiresDurableModeAndBounds","Output":"=== RUN   TestRawKVCommandWALMaterializedRIDSelectionRequiresDurableModeAndBounds\n"}
2026-10-06T19:42:30.5269871Z {"Time":"2026-10-06T19:42:30.5214928Z","Action":"run","Package":"github.com/snissn/gomap/TreeDB/db","Test":"TestRawKVCommandWALMaterializedRIDSelectionRequiresDurableModeAndBounds/inline-only-reuses-first-plan"}
2026-10-06T19:42:30.5273827Z {"Time":"2026-10-06T19:42:30.5214928Z","Action":"output","Package":"github.com/snissn/gomap/TreeDB/db","Test":"TestRawKVCommandWALMaterializedRIDSelectionRequiresDurableModeAndBounds/inline-only-reuses-first-plan","Output":"=== RUN   TestRawKVCommandWALMaterializedRIDSelectionRequiresDurableModeAndBounds/inline-only-reuses-first-plan\n"}
2026-10-06T19:42:30.6033270Z {"Time":"2026-10-06T19:42:30.5878191Z","Action":"output","Package":"github.com/snissn/gomap/TreeDB/db","Test":"TestRawKVCommandWALMaterializedRIDSelectionRequiresDurableModeAndBounds/inline-only-reuses-first-plan","Output":"--- PASS: TestRawKVCommandWALMaterializedRIDSelectionRequiresDurableModeAndBounds/inline-only-reuses-first-plan (0.07s)\n"}
2026-10-06T19:42:30.6035945Z {"Time":"2026-10-06T19:42:30.5878191Z","Action":"pass","Package":"github.com/snissn/gomap/TreeDB/db","Test":"TestRawKVCommandWALMaterializedRIDSelectionRequiresDurableModeAndBounds/inline-only-reuses-first-plan","Elapsed":0.07}
2026-10-06T19:42:30.6038126Z {"Time":"2026-10-06T19:42:30.5878191Z","Action":"run","Package":"github.com/snissn/gomap/TreeDB/db","Test":"TestRawKVCommandWALMaterializedRIDSelectionRequiresDurableModeAndBounds/reusable-intent-falls-back"}
2026-10-06T19:42:30.6040565Z {"Time":"2026-10-06T19:42:30.5878191Z","Action":"output","Package":"github.com/snissn/gomap/TreeDB/db","Test":"TestRawKVCommandWALMaterializedRIDSelectionRequiresDurableModeAndBounds/reusable-intent-falls-back","Output":"=== RUN   TestRawKVCommandWALMaterializedRIDSelectionRequiresDurableModeAndBounds/reusable-intent-falls-back\n"}
2026-10-06T19:42:30.6642357Z {"Time":"2026-10-06T19:42:30.6615537Z","Action":"output","Package":"github.com/snissn/gomap/TreeDB/db","Test":"TestRawKVCommandWALMaterializedRIDSelectionRequiresDurableModeAndBounds/reusable-intent-falls-back","Output":"--- PASS: TestRawKVCommandWALMaterializedRIDSelectionRequiresDurableModeAndBounds/reusable-intent-falls-back (0.07s)\n"}
2026-10-06T19:42:30.6645724Z {"Time":"2026-10-06T19:42:30.6615537Z","Action":"pass","Package":"github.com/snissn/gomap/TreeDB/db","Test":"TestRawKVCommandWALMaterializedRIDSelectionRequiresDurableModeAndBounds/reusable-intent-falls-back","Elapsed":0.07}
2026-10-06T19:42:30.6647917Z {"Time":"2026-10-06T19:42:30.6615537Z","Action":"run","Package":"github.com/snissn/gomap/TreeDB/db","Test":"TestRawKVCommandWALMaterializedRIDSelectionRequiresDurableModeAndBounds/relaxed"}
2026-10-06T19:42:30.6650050Z {"Time":"2026-10-06T19:42:30.6615537Z","Action":"output","Package":"github.com/snissn/gomap/TreeDB/db","Test":"TestRawKVCommandWALMaterializedRIDSelectionRequiresDurableModeAndBounds/relaxed","Output":"=== RUN   TestRawKVCommandWALMaterializedRIDSelectionRequiresDurableModeAndBounds/relaxed\n"}
2026-10-06T19:42:30.7577032Z {"Time":"2026-10-06T19:42:30.746299Z","Action":"output","Package":"github.com/snissn/gomap/TreeDB/db","Test":"TestRawKVCommandWALMaterializedRIDSelectionRequiresDurableModeAndBounds/relaxed","Output":"--- PASS: TestRawKVCommandWALMaterializedRIDSelectionRequiresDurableModeAndBounds/relaxed (0.08s)\n"}
2026-10-06T19:42:30.7579605Z {"Time":"2026-10-06T19:42:30.746299Z","Action":"pass","Package":"github.com/snissn/gomap/TreeDB/db","Test":"TestRawKVCommandWALMaterializedRIDSelectionRequiresDurableModeAndBounds/relaxed","Elapsed":0.08}
2026-10-06T19:42:30.7581589Z {"Time":"2026-10-06T19:42:30.746299Z","Action":"run","Package":"github.com/snissn/gomap/TreeDB/db","Test":"TestRawKVCommandWALMaterializedRIDSelectionRequiresDurableModeAndBounds/direct-durable"}
2026-10-06T19:42:30.7584182Z {"Time":"2026-10-06T19:42:30.746299Z","Action":"output","Package":"github.com/snissn/gomap/TreeDB/db","Test":"TestRawKVCommandWALMaterializedRIDSelectionRequiresDurableModeAndBounds/direct-durable","Output":"=== RUN   TestRawKVCommandWALMaterializedRIDSelectionRequiresDurableModeAndBounds/direct-durable\n"}
2026-10-06T19:42:30.8207241Z {"Time":"2026-10-06T19:42:30.8183401Z","Action":"output","Package":"github.com/snissn/gomap/TreeDB/db","Test":"TestRawKVCommandWALMaterializedRIDSelectionRequiresDurableModeAndBounds/direct-durable","Output":"--- PASS: TestRawKVCommandWALMaterializedRIDSelectionRequiresDurableModeAndBounds/direct-durable (0.07s)\n"}
2026-10-06T19:42:30.8209803Z {"Time":"2026-10-06T19:42:30.8186487Z","Action":"pass","Package":"github.com/snissn/gomap/TreeDB/db","Test":"TestRawKVCommandWALMaterializedRIDSelectionRequiresDurableModeAndBounds/direct-durable","Elapsed":0.07}
2026-10-06T19:42:30.8211731Z {"Time":"2026-10-06T19:42:30.8186487Z","Action":"run","Package":"github.com/snissn/gomap/TreeDB/db","Test":"TestRawKVCommandWALMaterializedRIDSelectionRequiresDurableModeAndBounds/durable-prefix-participant"}
2026-10-06T19:42:30.8214552Z {"Time":"2026-10-06T19:42:30.8186487Z","Action":"output","Package":"github.com/snissn/gomap/TreeDB/db","Test":"TestRawKVCommandWALMaterializedRIDSelectionRequiresDurableModeAndBounds/durable-prefix-participant","Output":"=== RUN   TestRawKVCommandWALMaterializedRIDSelectionRequiresDurableModeAndBounds/durable-prefix-participant\n"}
2026-10-06T19:42:30.8954740Z {"Time":"2026-10-06T19:42:30.8908993Z","Action":"output","Package":"github.com/snissn/gomap/TreeDB/db","Test":"TestRawKVCommandWALMaterializedRIDSelectionRequiresDurableModeAndBounds/durable-prefix-participant","Output":"--- PASS: TestRawKVCommandWALMaterializedRIDSelectionRequiresDurableModeAndBounds/durable-prefix-participant (0.07s)\n"}
2026-10-06T19:42:30.8956979Z {"Time":"2026-10-06T19:42:30.8914384Z","Action":"pass","Package":"github.com/snissn/gomap/TreeDB/db","Test":"TestRawKVCommandWALMaterializedRIDSelectionRequiresDurableModeAndBounds/durable-prefix-participant","Elapsed":0.07}
2026-10-06T19:42:30.8958607Z {"Time":"2026-10-06T19:42:30.8914384Z","Action":"run","Package":"github.com/snissn/gomap/TreeDB/db","Test":"TestRawKVCommandWALMaterializedRIDSelectionRequiresDurableModeAndBounds/value-over-bound"}
2026-10-06T19:42:30.8960667Z {"Time":"2026-10-06T19:42:30.8914384Z","Action":"output","Package":"github.com/snissn/gomap/TreeDB/db","Test":"TestRawKVCommandWALMaterializedRIDSelectionRequiresDurableModeAndBounds/value-over-bound","Output":"=== RUN   TestRawKVCommandWALMaterializedRIDSelectionRequiresDurableModeAndBounds/value-over-bound\n"}
2026-10-06T19:42:30.9726847Z {"Time":"2026-10-06T19:42:30.9571808Z","Action":"output","Package":"github.com/snissn/gomap/TreeDB/db","Test":"TestRawKVCommandWALMaterializedRIDSelectionRequiresDurableModeAndBounds/value-over-bound","Output":"--- PASS: TestRawKVCommandWALMaterializedRIDSelectionRequiresDurableModeAndBounds/value-over-bound (0.07s)\n"}
2026-10-06T19:42:30.9729656Z {"Time":"2026-10-06T19:42:30.957747Z","Action":"pass","Package":"github.com/snissn/gomap/TreeDB/db","Test":"TestRawKVCommandWALMaterializedRIDSelectionRequiresDurableModeAndBounds/value-over-bound","Elapsed":0.07}
2026-10-06T19:42:30.9732162Z {"Time":"2026-10-06T19:42:30.957747Z","Action":"run","Package":"github.com/snissn/gomap/TreeDB/db","Test":"TestRawKVCommandWALMaterializedRIDSelectionRequiresDurableModeAndBounds/operation-count-over-bound"}
2026-10-06T19:42:30.9735251Z {"Time":"2026-10-06T19:42:30.957747Z","Action":"output","Package":"github.com/snissn/gomap/TreeDB/db","Test":"TestRawKVCommandWALMaterializedRIDSelectionRequiresDurableModeAndBounds/operation-count-over-bound","Output":"=== RUN   TestRawKVCommandWALMaterializedRIDSelectionRequiresDurableModeAndBounds/operation-count-over-bound\n"}
2026-10-06T19:42:31.0333981Z {"Time":"2026-10-06T19:42:31.0266133Z","Action":"output","Package":"github.com/snissn/gomap/TreeDB/db","Test":"TestRawKVCommandWALMaterializedRIDSelectionRequiresDurableModeAndBounds/operation-count-over-bound","Output":"--- PASS: TestRawKVCommandWALMaterializedRIDSelectionRequiresDurableModeAndBounds/operation-count-over-bound (0.07s)\n"}
2026-10-06T19:42:31.0337741Z {"Time":"2026-10-06T19:42:31.0266133Z","Action":"pass","Package":"github.com/snissn/gomap/TreeDB/db","Test":"TestRawKVCommandWALMaterializedRIDSelectionRequiresDurableModeAndBounds/operation-count-over-bound","Elapsed":0.07}
2026-10-06T19:42:31.0339951Z {"Time":"2026-10-06T19:42:31.0266133Z","Action":"run","Package":"github.com/snissn/gomap/TreeDB/db","Test":"TestRawKVCommandWALMaterializedRIDSelectionRequiresDurableModeAndBounds/operation-count-cap-stops-materialization-validation"}
2026-10-06T19:42:31.0343107Z {"Time":"2026-10-06T19:42:31.0266133Z","Action":"output","Package":"github.com/snissn/gomap/TreeDB/db","Test":"TestRawKVCommandWALMaterializedRIDSelectionRequiresDurableModeAndBounds/operation-count-cap-stops-materialization-validation","Output":"=== RUN   TestRawKVCommandWALMaterializedRIDSelectionRequiresDurableModeAndBounds/operation-count-cap-stops-materialization-validation\n"}
2026-10-06T19:42:31.1105818Z {"Time":"2026-10-06T19:42:31.0985771Z","Action":"output","Package":"github.com/snissn/gomap/TreeDB/db","Test":"TestRawKVCommandWALMaterializedRIDSelectionRequiresDurableModeAndBounds/operation-count-cap-stops-materialization-validation","Output":"--- PASS: TestRawKVCommandWALMaterializedRIDSelectionRequiresDurableModeAndBounds/operation-count-cap-stops-materialization-validation (0.07s)\n"}
2026-10-06T19:42:31.1108640Z {"Time":"2026-10-06T19:42:31.0985771Z","Action":"pass","Package":"github.com/snissn/gomap/TreeDB/db","Test":"TestRawKVCommandWALMaterializedRIDSelectionRequiresDurableModeAndBounds/operation-count-cap-stops-materialization-validation","Elapsed":0.07}
2026-10-06T19:42:31.1110653Z {"Time":"2026-10-06T19:42:31.0985771Z","Action":"run","Package":"github.com/snissn/gomap/TreeDB/db","Test":"TestRawKVCommandWALMaterializedRIDSelectionRequiresDurableModeAndBounds/frame-over-bound"}
2026-10-06T19:42:31.1112974Z {"Time":"2026-10-06T19:42:31.0985771Z","Action":"output","Package":"github.com/snissn/gomap/TreeDB/db","Test":"TestRawKVCommandWALMaterializedRIDSelectionRequiresDurableModeAndBounds/frame-over-bound","Output":"=== RUN   TestRawKVCommandWALMaterializedRIDSelectionRequiresDurableModeAndBounds/frame-over-bound\n"}
2026-10-06T19:42:31.1737375Z {"Time":"2026-10-06T19:42:31.1620277Z","Action":"output","Package":"github.com/snissn/gomap/TreeDB/db","Test":"TestRawKVCommandWALMaterializedRIDSelectionRequiresDurableModeAndBounds/frame-over-bound","Output":"--- PASS: TestRawKVCommandWALMaterializedRIDSelectionRequiresDurableModeAndBounds/frame-over-bound (0.06s)\n"}
2026-10-06T19:42:31.1740778Z {"Time":"2026-10-06T19:42:31.1620277Z","Action":"pass","Package":"github.com/snissn/gomap/TreeDB/db","Test":"TestRawKVCommandWALMaterializedRIDSelectionRequiresDurableModeAndBounds/frame-over-bound","Elapsed":0.06}
2026-10-06T19:42:31.1743384Z {"Time":"2026-10-06T19:42:31.1620277Z","Action":"output","Package":"github.com/snissn/gomap/TreeDB/db","Test":"TestRawKVCommandWALMaterializedRIDSelectionRequiresDurableModeAndBounds","Output":"--- PASS: TestRawKVCommandWALMaterializedRIDSelectionRequiresDurableModeAndBounds (0.64s)\n"}
2026-10-06T19:42:31.1746115Z {"Time":"2026-10-06T19:42:31.1620277Z","Action":"pass","Package":"github.com/snissn/gomap/TreeDB/db","Test":"TestRawKVCommandWALMaterializedRIDSelectionRequiresDurableModeAndBounds","Elapsed":0.64}
2026-10-06T19:42:31.1747482Z {"Time":"2026-10-06T19:42:31.1620277Z","Action":"run","Package":"github.com/snissn/gomap/TreeDB/db","Test":"TestCommandWALCrashDuringRootPublishSelectsOldTupleOrNewTuple"}
2026-10-06T19:42:31.1749497Z {"Time":"2026-10-06T19:42:31.1620277Z","Action":"output","Package":"github.com/snissn/gomap/TreeDB/db","Test":"TestCommandWALCrashDuringRootPublishSelectsOldTupleOrNewTuple","Output":"=== RUN   TestCommandWALCrashDuringRootPublishSelectsOldTupleOrNewTuple\n"}
2026-10-06T19:42:31.2711521Z {"Time":"2026-10-06T19:42:31.2691187Z","Action":"output","Package":"github.com/snissn/gomap/TreeDB/db","Test":"TestCommandWALCrashDuringRootPublishSelectsOldTupleOrNewTuple","Output":"--- PASS: TestCommandWALCrashDuringRootPublishSelectsOldTupleOrNewTuple (0.11s)\n"}
2026-10-06T19:42:31.2713401Z {"Time":"2026-10-06T19:42:31.2691187Z","Action":"pass","Package":"github.com/snissn/gomap/TreeDB/db","Test":"TestCommandWALCrashDuringRootPublishSelectsOldTupleOrNewTuple","Elapsed":0.11}
2026-10-06T19:42:31.2714890Z {"Time":"2026-10-06T19:42:31.2691187Z","Action":"run","Package":"github.com/snissn/gomap/TreeDB/db","Test":"TestCommandWALRawSetReplayRePointersWhenThresholdDrops"}
2026-10-06T19:42:31.2716491Z {"Time":"2026-10-06T19:42:31.2691187Z","Action":"output","Package":"github.com/snissn/gomap/TreeDB/db","Test":"TestCommandWALRawSetReplayRePointersWhenThresholdDrops","Output":"=== RUN   TestCommandWALRawSetReplayRePointersWhenThresholdDrops\n"}
2026-10-06T19:42:31.3755736Z {"Time":"2026-10-06T19:42:31.3652036Z","Action":"output","Package":"github.com/snissn/gomap/TreeDB/db","Test":"TestCommandWALRawSetReplayRePointersWhenThresholdDrops","Output":"--- PASS: TestCommandWALRawSetReplayRePointersWhenThresholdDrops (0.10s)\n"}
2026-10-06T19:42:31.3757782Z {"Time":"2026-10-06T19:42:31.3652036Z","Action":"pass","Package":"github.com/snissn/gomap/TreeDB/db","Test":"TestCommandWALRawSetReplayRePointersWhenThresholdDrops","Elapsed":0.1}
2026-10-06T19:42:31.3759325Z {"Time":"2026-10-06T19:42:31.3652036Z","Action":"run","Package":"github.com/snissn/gomap/TreeDB/db","Test":"TestCommandWALRegisteredReplayFrameRestoresStateOnSuccessM10C"}
2026-10-06T19:42:31.3761488Z {"Time":"2026-10-06T19:42:31.3652036Z","Action":"output","Package":"github.com/snissn/gomap/TreeDB/db","Test":"TestCommandWALRegisteredReplayFrameRestoresStateOnSuccessM10C","Output":"=== RUN   TestCommandWALRegisteredReplayFrameRestoresStateOnSuccessM10C\n"}
2026-10-06T19:42:31.4214942Z {"Time":"2026-10-06T19:42:31.4205897Z","Action":"output","Package":"github.com/snissn/gomap/TreeDB/db","Test":"TestCommandWALRegisteredReplayFrameRestoresStateOnSuccessM10C","Output":"--- PASS: TestCommandWALRegisteredReplayFrameRestoresStateOnSuccessM10C (0.06s)\n"}
2026-10-06T19:42:31.4216694Z {"Time":"2026-10-06T19:42:31.4205897Z","Action":"pass","Package":"github.com/snissn/gomap/TreeDB/db","Test":"TestCommandWALRegisteredReplayFrameRestoresStateOnSuccessM10C","Elapsed":0.06}
2026-10-06T19:42:31.4375982Z {"Time":"2026-10-06T19:42:31.4211473Z","Action":"run","Package":"github.com/snissn/gomap/TreeDB/db","Test":"TestCommandWALPointAppendReturnsLSNOnFlushFailure"}
2026-10-06T19:42:31.4378250Z {"Time":"2026-10-06T19:42:31.4211473Z","Action":"output","Package":"github.com/snissn/gomap/TreeDB/db","Test":"TestCommandWALPointAppendReturnsLSNOnFlushFailure","Output":"=== RUN   TestCommandWALPointAppendReturnsLSNOnFlushFailure\n"}
2026-10-06T19:42:31.4861699Z {"Time":"2026-10-06T19:42:31.4849442Z","Action":"output","Package":"github.com/snissn/gomap/TreeDB/db","Test":"TestCommandWALPointAppendReturnsLSNOnFlushFailure","Output":"--- PASS: TestCommandWALPointAppendReturnsLSNOnFlushFailure (0.06s)\n"}
2026-10-06T19:42:31.4864215Z {"Time":"2026-10-06T19:42:31.4849442Z","Action":"pass","Package":"github.com/snissn/gomap/TreeDB/db","Test":"TestCommandWALPointAppendReturnsLSNOnFlushFailure","Elapsed":0.06}
2026-10-06T19:42:31.4865394Z {"Time":"2026-10-06T19:42:31.4849442Z","Action":"run","Package":"github.com/snissn/gomap/TreeDB/db","Test":"TestCommandWALRawPublishBarriersSkippedAfterPoison"}
2026-10-06T19:42:31.4867011Z {"Time":"2026-10-06T19:42:31.4849442Z","Action":"output","Package":"github.com/snissn/gomap/TreeDB/db","Test":"TestCommandWALRawPublishBarriersSkippedAfterPoison","Output":"=== RUN   TestCommandWALRawPublishBarriersSkippedAfterPoison\n"}
2026-10-06T19:42:31.5611571Z {"Time":"2026-10-06T19:42:31.5493464Z","Action":"output","Package":"github.com/snissn/gomap/TreeDB/db","Test":"TestCommandWALRawPublishBarriersSkippedAfterPoison","Output":"--- PASS: TestCommandWALRawPublishBarriersSkippedAfterPoison (0.06s)\n"}
2026-10-06T19:42:31.5613487Z {"Time":"2026-10-06T19:42:31.5493464Z","Action":"pass","Package":"github.com/snissn/gomap/TreeDB/db","Test":"TestCommandWALRawPublishBarriersSkippedAfterPoison","Elapsed":0.06}
2026-10-06T19:42:31.5615336Z {"Time":"2026-10-06T19:42:31.5493464Z","Action":"run","Package":"github.com/snissn/gomap/TreeDB/db","Test":"TestCommandWALRawBarrierDrainReleasesLeasesForQueuedClose"}
2026-10-06T19:42:31.5617357Z {"Time":"2026-10-06T19:42:31.5493464Z","Action":"output","Package":"github.com/snissn/gomap/TreeDB/db","Test":"TestCommandWALRawBarrierDrainReleasesLeasesForQueuedClose","Output":"=== RUN   TestCommandWALRawBarrierDrainReleasesLeasesForQueuedClose\n"}
2026-10-06T19:42:31.6234825Z {"Time":"2026-10-06T19:42:31.6222337Z","Action":"output","Package":"github.com/snissn/gomap/TreeDB/db","Test":"TestCommandWALRawBarrierDrainReleasesLeasesForQueuedClose","Output":"--- PASS: TestCommandWALRawBarrierDrainReleasesLeasesForQueuedClose (0.07s)\n"}
2026-10-06T19:42:31.6238165Z {"Time":"2026-10-06T19:42:31.6230462Z","Action":"pass","Package":"github.com/snissn/gomap/TreeDB/db","Test":"TestCommandWALRawBarrierDrainReleasesLeasesForQueuedClose","Elapsed":0.07}
2026-10-06T19:42:31.6240558Z {"Time":"2026-10-06T19:42:31.6230462Z","Action":"run","Package":"github.com/snissn/gomap/TreeDB/db","Test":"TestCommandWALRawPublishBarrierRejectsCloseHookDrainedDB"}
2026-10-06T19:42:31.6243987Z {"Time":"2026-10-06T19:42:31.6230462Z","Action":"output","Package":"github.com/snissn/gomap/TreeDB/db","Test":"TestCommandWALRawPublishBarrierRejectsCloseHookDrainedDB","Output":"=== RUN   TestCommandWALRawPublishBarrierRejectsCloseHookDrainedDB\n"}
2026-10-06T19:42:31.6254976Z {"Time":"2026-10-06T19:42:31.6230462Z","Action":"output","Package":"github.com/snissn/gomap/TreeDB/db","Test":"TestCommandWALRawPublishBarrierRejectsCloseHookDrainedDB","Output":"--- PASS: TestCommandWALRawPublishBarrierRejectsCloseHookDrainedDB (0.00s)\n"}
2026-10-06T19:42:31.6256690Z {"Time":"2026-10-06T19:42:31.6230462Z","Action":"pass","Package":"github.com/snissn/gomap/TreeDB/db","Test":"TestCommandWALRawPublishBarrierRejectsCloseHookDrainedDB","Elapsed":0}
2026-10-06T19:42:31.6257891Z {"Time":"2026-10-06T19:42:31.6230462Z","Action":"run","Package":"github.com/snissn/gomap/TreeDB/db","Test":"TestCommandWALMaterializedRIDRecoveryReusesMatchingRID"}
2026-10-06T19:42:31.6259595Z {"Time":"2026-10-06T19:42:31.6230462Z","Action":"output","Package":"github.com/snissn/gomap/TreeDB/db","Test":"TestCommandWALMaterializedRIDRecoveryReusesMatchingRID","Output":"=== RUN   TestCommandWALMaterializedRIDRecoveryReusesMatchingRID\n"}
2026-10-06T19:42:31.7476983Z {"Time":"2026-10-06T19:42:31.7320144Z","Action":"output","Package":"github.com/snissn/gomap/TreeDB/db","Test":"TestCommandWALMaterializedRIDRecoveryReusesMatchingRID","Output":"--- PASS: TestCommandWALMaterializedRIDRecoveryReusesMatchingRID (0.11s)\n"}
2026-10-06T19:42:31.7478853Z {"Time":"2026-10-06T19:42:31.7320144Z","Action":"pass","Package":"github.com/snissn/gomap/TreeDB/db","Test":"TestCommandWALMaterializedRIDRecoveryReusesMatchingRID","Elapsed":0.11}
2026-10-06T19:42:31.7480225Z {"Time":"2026-10-06T19:42:31.7320144Z","Action":"run","Package":"github.com/snissn/gomap/TreeDB/db","Test":"TestCommandWALMaterializedRIDRecoveryMixedV1V2AndDelete"}
2026-10-06T19:42:31.7482549Z {"Time":"2026-10-06T19:42:31.7320144Z","Action":"output","Package":"github.com/snissn/gomap/TreeDB/db","Test":"TestCommandWALMaterializedRIDRecoveryMixedV1V2AndDelete","Output":"=== RUN   TestCommandWALMaterializedRIDRecoveryMixedV1V2AndDelete\n"}
2026-10-06T19:42:31.8703076Z {"Time":"2026-10-06T19:42:31.857561Z","Action":"output","Package":"github.com/snissn/gomap/TreeDB/db","Test":"TestCommandWALMaterializedRIDRecoveryMixedV1V2AndDelete","Output":"--- PASS: TestCommandWALMaterializedRIDRecoveryMixedV1V2AndDelete (0.13s)\n"}
2026-10-06T19:42:31.8705069Z {"Time":"2026-10-06T19:42:31.857561Z","Action":"pass","Package":"github.com/snissn/gomap/TreeDB/db","Test":"TestCommandWALMaterializedRIDRecoveryMixedV1V2AndDelete","Elapsed":0.13}
2026-10-06T19:42:31.8706489Z {"Time":"2026-10-06T19:42:31.8581213Z","Action":"run","Package":"github.com/snissn/gomap/TreeDB/db","Test":"TestCommandWALIdempotentSkipRequiresDigestProof"}
2026-10-06T19:42:31.8708192Z {"Time":"2026-10-06T19:42:31.8581213Z","Action":"output","Package":"github.com/snissn/gomap/TreeDB/db","Test":"TestCommandWALIdempotentSkipRequiresDigestProof","Output":"=== RUN   TestCommandWALIdempotentSkipRequiresDigestProof\n"}
2026-10-06T19:42:31.9315555Z {"Time":"2026-10-06T19:42:31.9278778Z","Action":"output","Package":"github.com/snissn/gomap/TreeDB/db","Test":"TestCommandWALIdempotentSkipRequiresDigestProof","Output":"--- PASS: TestCommandWALIdempotentSkipRequiresDigestProof (0.07s)\n"}
2026-10-06T19:42:31.9317702Z {"Time":"2026-10-06T19:42:31.9278778Z","Action":"pass","Package":"github.com/snissn/gomap/TreeDB/db","Test":"TestCommandWALIdempotentSkipRequiresDigestProof","Elapsed":0.07}
2026-10-06T19:42:31.9319375Z {"Time":"2026-10-06T19:42:31.9278778Z","Action":"run","Package":"github.com/snissn/gomap/TreeDB/db","Test":"TestCommandWALStatsBoundV2ScratchAfterLargeFrame"}
2026-10-06T19:42:31.9321023Z {"Time":"2026-10-06T19:42:31.9278778Z","Action":"output","Package":"github.com/snissn/gomap/TreeDB/db","Test":"TestCommandWALStatsBoundV2ScratchAfterLargeFrame","Output":"=== RUN   TestCommandWALStatsBoundV2ScratchAfterLargeFrame\n"}
2026-10-06T19:42:31.9940906Z {"Time":"2026-10-06T19:42:31.9920224Z","Action":"output","Package":"github.com/snissn/gomap/TreeDB/db","Test":"TestCommandWALStatsBoundV2ScratchAfterLargeFrame","Output":"--- PASS: TestCommandWALStatsBoundV2ScratchAfterLargeFrame (0.06s)\n"}
2026-10-06T19:42:31.9943902Z {"Time":"2026-10-06T19:42:31.9920224Z","Action":"pass","Package":"github.com/snissn/gomap/TreeDB/db","Test":"TestCommandWALStatsBoundV2ScratchAfterLargeFrame","Elapsed":0.06}
2026-10-06T19:42:31.9946057Z {"Time":"2026-10-06T19:42:31.9920224Z","Action":"run","Package":"github.com/snissn/gomap/TreeDB/db","Test":"TestCommandWALStatsDisabledDoesNotScanWAL"}
2026-10-06T19:42:31.9948510Z {"Time":"2026-10-06T19:42:31.9920224Z","Action":"output","Package":"github.com/snissn/gomap/TreeDB/db","Test":"TestCommandWALStatsDisabledDoesNotScanWAL","Output":"=== RUN   TestCommandWALStatsDisabledDoesNotScanWAL\n"}
2026-10-06T19:42:31.9955082Z {"Time":"2026-10-06T19:42:31.9947706Z","Action":"output","Package":"github.com/snissn/gomap/TreeDB/db","Test":"TestCommandWALStatsDisabledDoesNotScanWAL","Output":"--- PASS: TestCommandWALStatsDisabledDoesNotScanWAL (0.00s)\n"}
2026-10-06T19:42:31.9957820Z {"Time":"2026-10-06T19:42:31.9947706Z","Action":"pass","Package":"github.com/snissn/gomap/TreeDB/db","Test":"TestCommandWALStatsDisabledDoesNotScanWAL","Elapsed":0}
2026-10-06T19:42:31.9960384Z {"Time":"2026-10-06T19:42:31.9947706Z","Action":"run","Package":"github.com/snissn/gomap/TreeDB/db","Test":"TestClassifyCommandWALV2LaterDurableRawFrameRaisesFrontier"}
2026-10-06T19:42:31.9963321Z {"Time":"2026-10-06T19:42:31.9947706Z","Action":"output","Package":"github.com/snissn/gomap/TreeDB/db","Test":"TestClassifyCommandWALV2LaterDurableRawFrameRaisesFrontier","Output":"=== RUN   TestClassifyCommandWALV2LaterDurableRawFrameRaisesFrontier\n"}
2026-10-06T19:42:31.9967212Z {"Time":"2026-10-06T19:42:31.9947706Z","Action":"output","Package":"github.com/snissn/gomap/TreeDB/db","Test":"TestClassifyCommandWALV2LaterDurableRawFrameRaisesFrontier","Output":"--- PASS: TestClassifyCommandWALV2LaterDurableRawFrameRaisesFrontier (0.00s)\n"}
2026-10-06T19:42:31.9970249Z {"Time":"2026-10-06T19:42:31.9947706Z","Action":"pass","Package":"github.com/snissn/gomap/TreeDB/db","Test":"TestClassifyCommandWALV2LaterDurableRawFrameRaisesFrontier","Elapsed":0}
2026-10-06T19:42:31.9973113Z {"Time":"2026-10-06T19:42:31.9947706Z","Action":"run","Package":"github.com/snissn/gomap/TreeDB/db","Test":"TestRepairCommandWALV2SuffixRetryNeverExtendsShortenedNonAnchorSegment"}
2026-10-06T19:42:31.9976424Z {"Time":"2026-10-06T19:42:31.995221Z","Action":"output","Package":"github.com/snissn/gomap/TreeDB/db","Test":"TestRepairCommandWALV2SuffixRetryNeverExtendsShortenedNonAnchorSegment","Output":"=== RUN   TestRepairCommandWALV2SuffixRetryNeverExtendsShortenedNonAnchorSegment\n"}
2026-10-06T19:42:32.0242736Z {"Time":"2026-10-06T19:42:32.0119508Z","Action":"output","Package":"github.com/snissn/gomap/TreeDB/db","Test":"TestRepairCommandWALV2SuffixRetryNeverExtendsShortenedNonAnchorSegment","Output":"--- PASS: TestRepairCommandWALV2SuffixRetryNeverExtendsShortenedNonAnchorSegment (0.02s)\n"}
2026-10-06T19:42:32.0245430Z {"Time":"2026-10-06T19:42:32.0119508Z","Action":"pass","Package":"github.com/snissn/gomap/TreeDB/db","Test":"TestRepairCommandWALV2SuffixRetryNeverExtendsShortenedNonAnchorSegment","Elapsed":0.02}
2026-10-06T19:42:32.0247506Z {"Time":"2026-10-06T19:42:32.0119508Z","Action":"run","Package":"github.com/snissn/gomap/TreeDB/db","Test":"TestRepairCommandWALV2SuffixOrdersCrossLaneRemovalByHighestDiscardedLSN"}
2026-10-06T19:42:32.0249839Z {"Time":"2026-10-06T19:42:32.0119508Z","Action":"output","Package":"github.com/snissn/gomap/TreeDB/db","Test":"TestRepairCommandWALV2SuffixOrdersCrossLaneRemovalByHighestDiscardedLSN","Output":"=== RUN   TestRepairCommandWALV2SuffixOrdersCrossLaneRemovalByHighestDiscardedLSN\n"}
2026-10-06T19:42:32.0398652Z {"Time":"2026-10-06T19:42:32.0280636Z","Action":"output","Package":"github.com/snissn/gomap/TreeDB/db","Test":"TestRepairCommandWALV2SuffixOrdersCrossLaneRemovalByHighestDiscardedLSN","Output":"--- PASS: TestRepairCommandWALV2SuffixOrdersCrossLaneRemovalByHighestDiscardedLSN (0.02s)\n"}
2026-10-06T19:42:32.0401491Z {"Time":"2026-10-06T19:42:32.0280636Z","Action":"pass","Package":"github.com/snissn/gomap/TreeDB/db","Test":"TestRepairCommandWALV2SuffixOrdersCrossLaneRemovalByHighestDiscardedLSN","Elapsed":0.02}
2026-10-06T19:42:32.0403233Z {"Time":"2026-10-06T19:42:32.0280636Z","Action":"run","Package":"github.com/snissn/gomap/TreeDB/db","Test":"TestCommitCombinerFallback_PointerCommitDurableAfterReopen"}
2026-10-06T19:42:32.0405182Z {"Time":"2026-10-06T19:42:32.0280636Z","Action":"output","Package":"github.com/snissn/gomap/TreeDB/db","Test":"TestCommitCombinerFallback_PointerCommitDurableAfterReopen","Output":"=== RUN   TestCommitCombinerFallback_PointerCommitDurableAfterReopen\n"}
2026-10-06T19:42:32.1631695Z {"Time":"2026-10-06T19:42:32.1496954Z","Action":"output","Package":"github.com/snissn/gomap/TreeDB/db","Test":"TestCommitCombinerFallback_PointerCommitDurableAfterReopen","Output":"--- PASS: TestCommitCombinerFallback_PointerCommitDurableAfterReopen (0.12s)\n"}
2026-10-06T19:42:32.1635200Z {"Time":"2026-10-06T19:42:32.1496954Z","Action":"pass","Package":"github.com/snissn/gomap/TreeDB/db","Test":"TestCommitCombinerFallback_PointerCommitDurableAfterReopen","Elapsed":0.12}
2026-10-06T19:42:32.1639489Z {"Time":"2026-10-06T19:42:32.1496954Z","Action":"run","Package":"github.com/snissn/gomap/TreeDB/db","Test":"TestCompactStorageAudit_ProtectedPagerRootsMatchStandalonePlansWithMemoReuse"}
2026-10-06T19:42:32.1641899Z {"Time":"2026-10-06T19:42:32.1496954Z","Action":"output","Package":"github.com/snissn/gomap/TreeDB/db","Test":"TestCompactStorageAudit_ProtectedPagerRootsMatchStandalonePlansWithMemoReuse","Output":"=== RUN   TestCompactStorageAudit_ProtectedPagerRootsMatchStandalonePlansWithMemoReuse\n"}
2026-10-06T19:42:32.2418987Z {"Time":"2026-10-06T19:42:32.234681Z","Action":"output","Package":"github.com/snissn/gomap/TreeDB/db","Test":"TestCompactStorageAudit_ProtectedPagerRootsMatchStandalonePlansWithMemoReuse","Output":"--- PASS: TestCompactStorageAudit_ProtectedPagerRootsMatchStandalonePlansWithMemoReuse (0.08s)\n"}
2026-10-06T19:42:32.2420955Z {"Time":"2026-10-06T19:42:32.2352223Z","Action":"pass","Package":"github.com/snissn/gomap/TreeDB/db","Test":"TestCompactStorageAudit_ProtectedPagerRootsMatchStandalonePlansWithMemoReuse","Elapsed":0.08}
2026-10-06T19:42:32.2422400Z {"Time":"2026-10-06T19:42:32.2352223Z","Action":"run","Package":"github.com/snissn/gomap/TreeDB/db","Test":"TestCompactStorageAudit_RepeatedProtectedRootDriftReturnsStaleWithoutTrackerPublication"}
2026-10-06T19:42:32.2424629Z {"Time":"2026-10-06T19:42:32.2352223Z","Action":"output","Package":"github.com/snissn/gomap/TreeDB/db","Test":"TestCompactStorageAudit_RepeatedProtectedRootDriftReturnsStaleWithoutTrackerPublication","Output":"=== RUN   TestCompactStorageAudit_RepeatedProtectedRootDriftReturnsStaleWithoutTrackerPublication\n"}
2026-10-06T19:42:32.3031797Z {"Time":"2026-10-06T19:42:32.2983901Z","Action":"output","Package":"github.com/snissn/gomap/TreeDB/db","Test":"TestCompactStorageAudit_RepeatedProtectedRootDriftReturnsStaleWithoutTrackerPublication","Output":"--- PASS: TestCompactStorageAudit_RepeatedProtectedRootDriftReturnsStaleWithoutTrackerPublication (0.06s)\n"}
2026-10-06T19:42:32.3035779Z {"Time":"2026-10-06T19:42:32.2983901Z","Action":"pass","Package":"github.com/snissn/gomap/TreeDB/db","Test":"TestCompactStorageAudit_RepeatedProtectedRootDriftReturnsStaleWithoutTrackerPublication","Elapsed":0.06}
2026-10-06T19:42:32.3038540Z {"Time":"2026-10-06T19:42:32.2983901Z","Action":"run","Package":"github.com/snissn/gomap/TreeDB/db","Test":"TestCompactStorageIndexVacuumHighDebtUsesProductionAndReportsFinalAudit"}
2026-10-06T19:42:32.3041524Z {"Time":"2026-10-06T19:42:32.2983901Z","Action":"output","Package":"github.com/snissn/gomap/TreeDB/db","Test":"TestCompactStorageIndexVacuumHighDebtUsesProductionAndReportsFinalAudit","Output":"=== RUN   TestCompactStorageIndexVacuumHighDebtUsesProductionAndReportsFinalAudit\n"}
2026-10-06T19:42:32.3043902Z {"Time":"2026-10-06T19:42:32.2983901Z","Action":"output","Package":"github.com/snissn/gomap/TreeDB/db","Test":"TestCompactStorageIndexVacuumHighDebtUsesProductionAndReportsFinalAudit","Output":"    compact_storage_index_vacuum_test.go:98: online index replacement is unsupported on Windows\n"}
2026-10-06T19:42:32.3046373Z {"Time":"2026-10-06T19:42:32.2983901Z","Action":"output","Package":"github.com/snissn/gomap/TreeDB/db","Test":"TestCompactStorageIndexVacuumHighDebtUsesProductionAndReportsFinalAudit","Output":"--- SKIP: TestCompactStorageIndexVacuumHighDebtUsesProductionAndReportsFinalAudit (0.00s)\n"}
2026-10-06T19:42:32.3048169Z {"Time":"2026-10-06T19:42:32.2983901Z","Action":"skip","Package":"github.com/snissn/gomap/TreeDB/db","Test":"TestCompactStorageIndexVacuumHighDebtUsesProductionAndReportsFinalAudit","Elapsed":0}
2026-10-06T19:42:32.3049647Z {"Time":"2026-10-06T19:42:32.2983901Z","Action":"run","Package":"github.com/snissn/gomap/TreeDB/db","Test":"TestCompactStorageMeasurementJSONSchemaIsDeterministic"}
2026-10-06T19:42:32.3051446Z {"Time":"2026-10-06T19:42:32.2983901Z","Action":"output","Package":"github.com/snissn/gomap/TreeDB/db","Test":"TestCompactStorageMeasurementJSONSchemaIsDeterministic","Output":"=== RUN   TestCompactStorageMeasurementJSONSchemaIsDeterministic\n"}
2026-10-06T19:42:32.3053504Z {"Time":"2026-10-06T19:42:32.2991759Z","Action":"output","Package":"github.com/snissn/gomap/TreeDB/db","Test":"TestCompactStorageMeasurementJSONSchemaIsDeterministic","Output":"--- PASS: TestCompactStorageMeasurementJSONSchemaIsDeterministic (0.00s)\n"}
2026-10-06T19:42:32.3055059Z {"Time":"2026-10-06T19:42:32.2991759Z","Action":"pass","Package":"github.com/snissn/gomap/TreeDB/db","Test":"TestCompactStorageMeasurementJSONSchemaIsDeterministic","Elapsed":0}
2026-10-06T19:42:32.3056587Z {"Time":"2026-10-06T19:42:32.2991759Z","Action":"run","Package":"github.com/snissn/gomap/TreeDB/db","Test":"TestCompactStorageM0RestoreWithCleanupRunsExactlyOnce"}
2026-10-06T19:42:32.3058021Z {"Time":"2026-10-06T19:42:32.2991759Z","Action":"output","Package":"github.com/snissn/gomap/TreeDB/db","Test":"TestCompactStorageM0RestoreWithCleanupRunsExactlyOnce","Output":"=== RUN   TestCompactStorageM0RestoreWithCleanupRunsExactlyOnce\n"}
2026-10-06T19:42:32.3059500Z {"Time":"2026-10-06T19:42:32.2991759Z","Action":"run","Package":"github.com/snissn/gomap/TreeDB/db","Test":"TestCompactStorageM0RestoreWithCleanupRunsExactlyOnce/explicit-restore"}
2026-10-06T19:42:32.3061355Z {"Time":"2026-10-06T19:42:32.2991759Z","Action":"output","Package":"github.com/snissn/gomap/TreeDB/db","Test":"TestCompactStorageM0RestoreWithCleanupRunsExactlyOnce/explicit-restore","Output":"=== RUN   TestCompactStorageM0RestoreWithCleanupRunsExactlyOnce/explicit-restore\n"}
2026-10-06T19:42:32.3063497Z {"Time":"2026-10-06T19:42:32.2991759Z","Action":"output","Package":"github.com/snissn/gomap/TreeDB/db","Test":"TestCompactStorageM0RestoreWithCleanupRunsExactlyOnce/explicit-restore","Output":"--- PASS: TestCompactStorageM0RestoreWithCleanupRunsExactlyOnce/explicit-restore (0.00s)\n"}
2026-10-06T19:42:32.3065187Z {"Time":"2026-10-06T19:42:32.2991759Z","Action":"pass","Package":"github.com/snissn/gomap/TreeDB/db","Test":"TestCompactStorageM0RestoreWithCleanupRunsExactlyOnce/explicit-restore","Elapsed":0}
2026-10-06T19:42:32.3066585Z {"Time":"2026-10-06T19:42:32.2991759Z","Action":"run","Package":"github.com/snissn/gomap/TreeDB/db","Test":"TestCompactStorageM0RestoreWithCleanupRunsExactlyOnce/cleanup-only"}
2026-10-06T19:42:32.3068205Z {"Time":"2026-10-06T19:42:32.2991759Z","Action":"output","Package":"github.com/snissn/gomap/TreeDB/db","Test":"TestCompactStorageM0RestoreWithCleanupRunsExactlyOnce/cleanup-only","Output":"=== RUN   TestCompactStorageM0RestoreWithCleanupRunsExactlyOnce/cleanup-only\n"}
2026-10-06T19:42:32.3070531Z {"Time":"2026-10-06T19:42:32.2991759Z","Action":"output","Package":"github.com/snissn/gomap/TreeDB/db","Test":"TestCompactStorageM0RestoreWithCleanupRunsExactlyOnce/cleanup-only","Output":"--- PASS: TestCompactStorageM0RestoreWithCleanupRunsExactlyOnce/cleanup-only (0.00s)\n"}
2026-10-06T19:42:32.3072342Z {"Time":"2026-10-06T19:42:32.2991759Z","Action":"pass","Package":"github.com/snissn/gomap/TreeDB/db","Test":"TestCompactStorageM0RestoreWithCleanupRunsExactlyOnce/cleanup-only","Elapsed":0}
2026-10-06T19:42:32.3073867Z {"Time":"2026-10-06T19:42:32.2991759Z","Action":"run","Package":"github.com/snissn/gomap/TreeDB/db","Test":"TestCompactStorageM0RestoreWithCleanupRunsExactlyOnce/installed-observer"}
2026-10-06T19:42:32.3075695Z {"Time":"2026-10-06T19:42:32.2991759Z","Action":"output","Package":"github.com/snissn/gomap/TreeDB/db","Test":"TestCompactStorageM0RestoreWithCleanupRunsExactlyOnce/installed-observer","Output":"=== RUN   TestCompactStorageM0RestoreWithCleanupRunsExactlyOnce/installed-observer\n"}
2026-10-06T19:42:32.3077923Z {"Time":"2026-10-06T19:42:32.2997153Z","Action":"output","Package":"github.com/snissn/gomap/TreeDB/db","Test":"TestCompactStorageM0RestoreWithCleanupRunsExactlyOnce/installed-observer","Output":"--- PASS: TestCompactStorageM0RestoreWithCleanupRunsExactlyOnce/installed-observer (0.00s)\n"}
2026-10-06T19:42:32.3079811Z {"Time":"2026-10-06T19:42:32.2997153Z","Action":"pass","Package":"github.com/snissn/gomap/TreeDB/db","Test":"TestCompactStorageM0RestoreWithCleanupRunsExactlyOnce/installed-observer","Elapsed":0}
2026-10-06T19:42:32.3081390Z {"Time":"2026-10-06T19:42:32.2997153Z","Action":"output","Package":"github.com/snissn/gomap/TreeDB/db","Test":"TestCompactStorageM0RestoreWithCleanupRunsExactlyOnce","Output":"--- PASS: TestCompactStorageM0RestoreWithCleanupRunsExactlyOnce (0.00s)\n"}
2026-10-06T19:42:32.3083074Z {"Time":"2026-10-06T19:42:32.2997153Z","Action":"pass","Package":"github.com/snissn/gomap/TreeDB/db","Test":"TestCompactStorageM0RestoreWithCleanupRunsExactlyOnce","Elapsed":0}
2026-10-06T19:42:32.3084302Z {"Time":"2026-10-06T19:42:32.2997153Z","Action":"run","Package":"github.com/snissn/gomap/TreeDB/db","Test":"TestCompactStorageLeafPageLogOwnerMatrix"}
2026-10-06T19:42:32.3085547Z {"Time":"2026-10-06T19:42:32.2997153Z","Action":"output","Package":"github.com/snissn/gomap/TreeDB/db","Test":"TestCompactStorageLeafPageLogOwnerMatrix","Output":"=== RUN   TestCompactStorageLeafPageLogOwnerMatrix\n"}
2026-10-06T19:42:32.3086859Z {"Time":"2026-10-06T19:42:32.300259Z","Action":"run","Package":"github.com/snissn/gomap/TreeDB/db","Test":"TestCompactStorageLeafPageLogOwnerMatrix/no_installed_leaf_log"}
2026-10-06T19:42:32.3088520Z {"Time":"2026-10-06T19:42:32.300259Z","Action":"output","Package":"github.com/snissn/gomap/TreeDB/db","Test":"TestCompactStorageLeafPageLogOwnerMatrix/no_installed_leaf_log","Output":"=== RUN   TestCompactStorageLeafPageLogOwnerMatrix/no_installed_leaf_log\n"}
2026-10-06T19:42:32.3090941Z {"Time":"2026-10-06T19:42:32.300259Z","Action":"output","Package":"github.com/snissn/gomap/TreeDB/db","Test":"TestCompactStorageLeafPageLogOwnerMatrix/no_installed_leaf_log","Output":"--- PASS: TestCompactStorageLeafPageLogOwnerMatrix/no_installed_leaf_log (0.00s)\n"}
2026-10-06T19:42:32.3092507Z {"Time":"2026-10-06T19:42:32.300259Z","Action":"pass","Package":"github.com/snissn/gomap/TreeDB/db","Test":"TestCompactStorageLeafPageLogOwnerMatrix/no_installed_leaf_log","Elapsed":0}
2026-10-06T19:42:32.3093938Z {"Time":"2026-10-06T19:42:32.300259Z","Action":"run","Package":"github.com/snissn/gomap/TreeDB/db","Test":"TestCompactStorageLeafPageLogOwnerMatrix/command_WAL_replay_inline_internal_owner"}
2026-10-06T19:42:32.3095633Z {"Time":"2026-10-06T19:42:32.300259Z","Action":"output","Package":"github.com/snissn/gomap/TreeDB/db","Test":"TestCompactStorageLeafPageLogOwnerMatrix/command_WAL_replay_inline_internal_owner","Output":"=== RUN   TestCompactStorageLeafPageLogOwnerMatrix/command_WAL_replay_inline_internal_owner\n"}
2026-10-06T19:42:32.3097779Z {"Time":"2026-10-06T19:42:32.3008611Z","Action":"output","Package":"github.com/snissn/gomap/TreeDB/db","Test":"TestCompactStorageLeafPageLogOwnerMatrix/command_WAL_replay_inline_internal_owner","Output":"--- PASS: TestCompactStorageLeafPageLogOwnerMatrix/command_WAL_replay_inline_internal_owner (0.00s)\n"}
2026-10-06T19:42:32.3099710Z {"Time":"2026-10-06T19:42:32.3008611Z","Action":"pass","Package":"github.com/snissn/gomap/TreeDB/db","Test":"TestCompactStorageLeafPageLogOwnerMatrix/command_WAL_replay_inline_internal_owner","Elapsed":0}
2026-10-06T19:42:32.3101104Z {"Time":"2026-10-06T19:42:32.3008611Z","Action":"run","Package":"github.com/snissn/gomap/TreeDB/db","Test":"TestCompactStorageLeafPageLogOwnerMatrix/command_WAL_replay_inline_with_record_length_wrapper"}
2026-10-06T19:42:32.3102941Z {"Time":"2026-10-06T19:42:32.3008611Z","Action":"output","Package":"github.com/snissn/gomap/TreeDB/db","Test":"TestCompactStorageLeafPageLogOwnerMatrix/command_WAL_replay_inline_with_record_length_wrapper","Output":"=== RUN   TestCompactStorageLeafPageLogOwnerMatrix/command_WAL_replay_inline_with_record_length_wrapper\n"}
2026-10-06T19:42:32.3106573Z {"Time":"2026-10-06T19:42:32.3008611Z","Action":"output","Package":"github.com/snissn/gomap/TreeDB/db","Test":"TestCompactStorageLeafPageLogOwnerMatrix/command_WAL_replay_inline_with_record_length_wrapper","Output":"--- PASS: TestCompactStorageLeafPageLogOwnerMatrix/command_WAL_replay_inline_with_record_length_wrapper (0.00s)\n"}
2026-10-06T19:42:32.3108719Z {"Time":"2026-10-06T19:42:32.3008611Z","Action":"pass","Package":"github.com/snissn/gomap/TreeDB/db","Test":"TestCompactStorageLeafPageLogOwnerMatrix/command_WAL_replay_inline_with_record_length_wrapper","Elapsed":0}
2026-10-06T19:42:32.3110614Z {"Time":"2026-10-06T19:42:32.3008611Z","Action":"run","Package":"github.com/snissn/gomap/TreeDB/db","Test":"TestCompactStorageLeafPageLogOwnerMatrix/command_WAL_replay_inline_hidden_by_lane_wrapper"}
2026-10-06T19:42:32.3112553Z {"Time":"2026-10-06T19:42:32.3008611Z","Action":"output","Package":"github.com/snissn/gomap/TreeDB/db","Test":"TestCompactStorageLeafPageLogOwnerMatrix/command_WAL_replay_inline_hidden_by_lane_wrapper","Output":"=== RUN   TestCompactStorageLeafPageLogOwnerMatrix/command_WAL_replay_inline_hidden_by_lane_wrapper\n"}
2026-10-06T19:42:32.3114820Z {"Time":"2026-10-06T19:42:32.3008611Z","Action":"output","Package":"github.com/snissn/gomap/TreeDB/db","Test":"TestCompactStorageLeafPageLogOwnerMatrix/command_WAL_replay_inline_hidden_by_lane_wrapper","Output":"--- PASS: TestCompactStorageLeafPageLogOwnerMatrix/command_WAL_replay_inline_hidden_by_lane_wrapper (0.00s)\n"}
2026-10-06T19:42:32.3116910Z {"Time":"2026-10-06T19:42:32.3008611Z","Action":"pass","Package":"github.com/snissn/gomap/TreeDB/db","Test":"TestCompactStorageLeafPageLogOwnerMatrix/command_WAL_replay_inline_hidden_by_lane_wrapper","Elapsed":0}
2026-10-06T19:42:32.3118569Z {"Time":"2026-10-06T19:42:32.3008611Z","Action":"run","Package":"github.com/snissn/gomap/TreeDB/db","Test":"TestCompactStorageLeafPageLogOwnerMatrix/command_WAL_replay_inline_hidden_by_lane_wrapper_active_writer"}
2026-10-06T19:42:32.3120746Z {"Time":"2026-10-06T19:42:32.3008611Z","Action":"output","Package":"github.com/snissn/gomap/TreeDB/db","Test":"TestCompactStorageLeafPageLogOwnerMatrix/command_WAL_replay_inline_hidden_by_lane_wrapper_active_writer","Output":"=== RUN   TestCompactStorageLeafPageLogOwnerMatrix/command_WAL_replay_inline_hidden_by_lane_wrapper_active_writer\n"}
2026-10-06T19:42:32.3123209Z {"Time":"2026-10-06T19:42:32.3008611Z","Action":"output","Package":"github.com/snissn/gomap/TreeDB/db","Test":"TestCompactStorageLeafPageLogOwnerMatrix/command_WAL_replay_inline_hidden_by_lane_wrapper_active_writer","Output":"--- PASS: TestCompactStorageLeafPageLogOwnerMatrix/command_WAL_replay_inline_hidden_by_lane_wrapper_active_writer (0.00s)\n"}
2026-10-06T19:42:32.3125200Z {"Time":"2026-10-06T19:42:32.3008611Z","Action":"pass","Package":"github.com/snissn/gomap/TreeDB/db","Test":"TestCompactStorageLeafPageLogOwnerMatrix/command_WAL_replay_inline_hidden_by_lane_wrapper_active_writer","Elapsed":0}
2026-10-06T19:42:32.3126725Z {"Time":"2026-10-06T19:42:32.3008611Z","Action":"run","Package":"github.com/snissn/gomap/TreeDB/db","Test":"TestCompactStorageLeafPageLogOwnerMatrix/standalone_caller_external_owner_with_lane_RID_compression_variants"}
2026-10-06T19:42:32.3128733Z {"Time":"2026-10-06T19:42:32.3008611Z","Action":"output","Package":"github.com/snissn/gomap/TreeDB/db","Test":"TestCompactStorageLeafPageLogOwnerMatrix/standalone_caller_external_owner_with_lane_RID_compression_variants","Output":"=== RUN   TestCompactStorageLeafPageLogOwnerMatrix/standalone_caller_external_owner_with_lane_RID_compression_variants\n"}
2026-10-06T19:42:32.3131445Z {"Time":"2026-10-06T19:42:32.3008611Z","Action":"output","Package":"github.com/snissn/gomap/TreeDB/db","Test":"TestCompactStorageLeafPageLogOwnerMatrix/standalone_caller_external_owner_with_lane_RID_compression_variants","Output":"--- PASS: TestCompactStorageLeafPageLogOwnerMatrix/standalone_caller_external_owner_with_lane_RID_compression_variants (0.00s)\n"}
2026-10-06T19:42:32.3133926Z {"Time":"2026-10-06T19:42:32.3008611Z","Action":"pass","Package":"github.com/snissn/gomap/TreeDB/db","Test":"TestCompactStorageLeafPageLogOwnerMatrix/standalone_caller_external_owner_with_lane_RID_compression_variants","Elapsed":0}
2026-10-06T19:42:32.3135585Z {"Time":"2026-10-06T19:42:32.3008611Z","Action":"run","Package":"github.com/snissn/gomap/TreeDB/db","Test":"TestCompactStorageLeafPageLogOwnerMatrix/plain_caller_external_owner"}
2026-10-06T19:42:32.3137477Z {"Time":"2026-10-06T19:42:32.3008611Z","Action":"output","Package":"github.com/snissn/gomap/TreeDB/db","Test":"TestCompactStorageLeafPageLogOwnerMatrix/plain_caller_external_owner","Output":"=== RUN   TestCompactStorageLeafPageLogOwnerMatrix/plain_caller_external_owner\n"}
2026-10-06T19:42:32.3139978Z {"Time":"2026-10-06T19:42:32.3008611Z","Action":"output","Package":"github.com/snissn/gomap/TreeDB/db","Test":"TestCompactStorageLeafPageLogOwnerMatrix/plain_caller_external_owner","Output":"--- PASS: TestCompactStorageLeafPageLogOwnerMatrix/plain_caller_external_owner (0.00s)\n"}
2026-10-06T19:42:32.3141666Z {"Time":"2026-10-06T19:42:32.3008611Z","Action":"pass","Package":"github.com/snissn/gomap/TreeDB/db","Test":"TestCompactStorageLeafPageLogOwnerMatrix/plain_caller_external_owner","Elapsed":0}
2026-10-06T19:42:32.3143035Z {"Time":"2026-10-06T19:42:32.3008611Z","Action":"run","Package":"github.com/snissn/gomap/TreeDB/db","Test":"TestCompactStorageLeafPageLogOwnerMatrix/caller_external_owner_with_cached-like_concurrency_shape"}
2026-10-06T19:42:32.3144938Z {"Time":"2026-10-06T19:42:32.3008611Z","Action":"output","Package":"github.com/snissn/gomap/TreeDB/db","Test":"TestCompactStorageLeafPageLogOwnerMatrix/caller_external_owner_with_cached-like_concurrency_shape","Output":"=== RUN   TestCompactStorageLeafPageLogOwnerMatrix/caller_external_owner_with_cached-like_concurrency_shape\n"}
2026-10-06T19:42:32.3147570Z {"Time":"2026-10-06T19:42:32.3008611Z","Action":"output","Package":"github.com/snissn/gomap/TreeDB/db","Test":"TestCompactStorageLeafPageLogOwnerMatrix/caller_external_owner_with_cached-like_concurrency_shape","Output":"--- PASS: TestCompactStorageLeafPageLogOwnerMatrix/caller_external_owner_with_cached-like_concurrency_shape (0.00s)\n"}
2026-10-06T19:42:32.3149555Z {"Time":"2026-10-06T19:42:32.3008611Z","Action":"pass","Package":"github.com/snissn/gomap/TreeDB/db","Test":"TestCompactStorageLeafPageLogOwnerMatrix/caller_external_owner_with_cached-like_concurrency_shape","Elapsed":0}
2026-10-06T19:42:32.3151137Z {"Time":"2026-10-06T19:42:32.3008611Z","Action":"run","Package":"github.com/snissn/gomap/TreeDB/db","Test":"TestCompactStorageLeafPageLogOwnerMatrix/cached_wrapper_owner_active_writer"}
2026-10-06T19:42:32.3152776Z {"Time":"2026-10-06T19:42:32.3008611Z","Action":"output","Package":"github.com/snissn/gomap/TreeDB/db","Test":"TestCompactStorageLeafPageLogOwnerMatrix/cached_wrapper_owner_active_writer","Output":"=== RUN   TestCompactStorageLeafPageLogOwnerMatrix/cached_wrapper_owner_active_writer\n"}
2026-10-06T19:42:32.3154858Z {"Time":"2026-10-06T19:42:32.3014286Z","Action":"output","Package":"github.com/snissn/gomap/TreeDB/db","Test":"TestCompactStorageLeafPageLogOwnerMatrix/cached_wrapper_owner_active_writer","Output":"--- PASS: TestCompactStorageLeafPageLogOwnerMatrix/cached_wrapper_owner_active_writer (0.00s)\n"}
2026-10-06T19:42:32.3156785Z {"Time":"2026-10-06T19:42:32.3014286Z","Action":"pass","Package":"github.com/snissn/gomap/TreeDB/db","Test":"TestCompactStorageLeafPageLogOwnerMatrix/cached_wrapper_owner_active_writer","Elapsed":0}
2026-10-06T19:42:32.3158108Z {"Time":"2026-10-06T19:42:32.3014286Z","Action":"run","Package":"github.com/snissn/gomap/TreeDB/db","Test":"TestCompactStorageLeafPageLogOwnerMatrix/cached_wrapper_owner_exclusive_maintenance"}
2026-10-06T19:42:32.3159845Z {"Time":"2026-10-06T19:42:32.3014286Z","Action":"output","Package":"github.com/snissn/gomap/TreeDB/db","Test":"TestCompactStorageLeafPageLogOwnerMatrix/cached_wrapper_owner_exclusive_maintenance","Output":"=== RUN   TestCompactStorageLeafPageLogOwnerMatrix/cached_wrapper_owner_exclusive_maintenance\n"}
2026-10-06T19:42:32.3162007Z {"Time":"2026-10-06T19:42:32.3014286Z","Action":"output","Package":"github.com/snissn/gomap/TreeDB/db","Test":"TestCompactStorageLeafPageLogOwnerMatrix/cached_wrapper_owner_exclusive_maintenance","Output":"--- PASS: TestCompactStorageLeafPageLogOwnerMatrix/cached_wrapper_owner_exclusive_maintenance (0.00s)\n"}
2026-10-06T19:42:32.3163948Z {"Time":"2026-10-06T19:42:32.3014286Z","Action":"pass","Package":"github.com/snissn/gomap/TreeDB/db","Test":"TestCompactStorageLeafPageLogOwnerMatrix/cached_wrapper_owner_exclusive_maintenance","Elapsed":0}
2026-10-06T19:42:32.3165304Z {"Time":"2026-10-06T19:42:32.3014286Z","Action":"run","Package":"github.com/snissn/gomap/TreeDB/db","Test":"TestCompactStorageLeafPageLogOwnerMatrix/cached_wrapper_owner_quiesced_maintenance"}
2026-10-06T19:42:32.3167387Z {"Time":"2026-10-06T19:42:32.3014286Z","Action":"output","Package":"github.com/snissn/gomap/TreeDB/db","Test":"TestCompactStorageLeafPageLogOwnerMatrix/cached_wrapper_owner_quiesced_maintenance","Output":"=== RUN   TestCompactStorageLeafPageLogOwnerMatrix/cached_wrapper_owner_quiesced_maintenance\n"}
2026-10-06T19:42:32.3169596Z {"Time":"2026-10-06T19:42:32.3014286Z","Action":"output","Package":"github.com/snissn/gomap/TreeDB/db","Test":"TestCompactStorageLeafPageLogOwnerMatrix/cached_wrapper_owner_quiesced_maintenance","Output":"--- PASS: TestCompactStorageLeafPageLogOwnerMatrix/cached_wrapper_owner_quiesced_maintenance (0.00s)\n"}
2026-10-06T19:42:32.3171602Z {"Time":"2026-10-06T19:42:32.3014286Z","Action":"pass","Package":"github.com/snissn/gomap/TreeDB/db","Test":"TestCompactStorageLeafPageLogOwnerMatrix/cached_wrapper_owner_quiesced_maintenance","Elapsed":0}
2026-10-06T19:42:32.3173003Z {"Time":"2026-10-06T19:42:32.3014286Z","Action":"run","Package":"github.com/snissn/gomap/TreeDB/db","Test":"TestCompactStorageLeafPageLogOwnerMatrix/cached-shaped_wrapper_without_handoff_capability"}
2026-10-06T19:42:32.3174816Z {"Time":"2026-10-06T19:42:32.3014286Z","Action":"output","Package":"github.com/snissn/gomap/TreeDB/db","Test":"TestCompactStorageLeafPageLogOwnerMatrix/cached-shaped_wrapper_without_handoff_capability","Output":"=== RUN   TestCompactStorageLeafPageLogOwnerMatrix/cached-shaped_wrapper_without_handoff_capability\n"}
2026-10-06T19:42:32.3177674Z {"Time":"2026-10-06T19:42:32.3014286Z","Action":"output","Package":"github.com/snissn/gomap/TreeDB/db","Test":"TestCompactStorageLeafPageLogOwnerMatrix/cached-shaped_wrapper_without_handoff_capability","Output":"--- PASS: TestCompactStorageLeafPageLogOwnerMatrix/cached-shaped_wrapper_without_handoff_capability (0.00s)\n"}
2026-10-06T19:42:32.3179566Z {"Time":"2026-10-06T19:42:32.3014286Z","Action":"pass","Package":"github.com/snissn/gomap/TreeDB/db","Test":"TestCompactStorageLeafPageLogOwnerMatrix/cached-shaped_wrapper_without_handoff_capability","Elapsed":0}
2026-10-06T19:42:32.3181265Z {"Time":"2026-10-06T19:42:32.3024211Z","Action":"output","Package":"github.com/snissn/gomap/TreeDB/db","Test":"TestCompactStorageLeafPageLogOwnerMatrix","Output":"--- PASS: TestCompactStorageLeafPageLogOwnerMatrix (0.00s)\n"}
2026-10-06T19:42:32.3182577Z {"Time":"2026-10-06T19:42:32.3027484Z","Action":"pass","Package":"github.com/snissn/gomap/TreeDB/db","Test":"TestCompactStorageLeafPageLogOwnerMatrix","Elapsed":0}
2026-10-06T19:42:32.3183629Z {"Time":"2026-10-06T19:42:32.3027484Z","Action":"run","Package":"github.com/snissn/gomap/TreeDB/db","Test":"TestCompactStorageDeletesZeroByteValueLogFiles"}
2026-10-06T19:42:32.3184944Z {"Time":"2026-10-06T19:42:32.3027484Z","Action":"output","Package":"github.com/snissn/gomap/TreeDB/db","Test":"TestCompactStorageDeletesZeroByteValueLogFiles","Output":"=== RUN   TestCompactStorageDeletesZeroByteValueLogFiles\n"}
2026-10-06T19:42:32.4119015Z {"Time":"2026-10-06T19:42:32.3967361Z","Action":"output","Package":"github.com/snissn/gomap/TreeDB/db","Test":"TestCompactStorageDeletesZeroByteValueLogFiles","Output":"--- PASS: TestCompactStorageDeletesZeroByteValueLogFiles (0.09s)\n"}
2026-10-06T19:42:32.4121023Z {"Time":"2026-10-06T19:42:32.3967361Z","Action":"pass","Package":"github.com/snissn/gomap/TreeDB/db","Test":"TestCompactStorageDeletesZeroByteValueLogFiles","Elapsed":0.09}
2026-10-06T19:42:32.4122542Z {"Time":"2026-10-06T19:42:32.3972895Z","Action":"run","Package":"github.com/snissn/gomap/TreeDB/db","Test":"TestCompactStoragePinnedZombieReleaseSyncFailurePoisonsHandle"}
2026-10-06T19:42:32.4124846Z {"Time":"2026-10-06T19:42:32.3972895Z","Action":"output","Package":"github.com/snissn/gomap/TreeDB/db","Test":"TestCompactStoragePinnedZombieReleaseSyncFailurePoisonsHandle","Output":"=== RUN   TestCompactStoragePinnedZombieReleaseSyncFailurePoisonsHandle\n"}
2026-10-06T19:42:32.4894749Z {"Time":"2026-10-06T19:42:32.4845531Z","Action":"output","Package":"github.com/snissn/gomap/TreeDB/db","Test":"TestCompactStoragePinnedZombieReleaseSyncFailurePoisonsHandle","Output":"--- PASS: TestCompactStoragePinnedZombieReleaseSyncFailurePoisonsHandle (0.09s)\n"}
2026-10-06T19:42:32.4898657Z {"Time":"2026-10-06T19:42:32.4845531Z","Action":"pass","Package":"github.com/snissn/gomap/TreeDB/db","Test":"TestCompactStoragePinnedZombieReleaseSyncFailurePoisonsHandle","Elapsed":0.09}
2026-10-06T19:42:32.4899922Z {"Time":"2026-10-06T19:42:32.4845531Z","Action":"run","Package":"github.com/snissn/gomap/TreeDB/db","Test":"TestCompactStorageCompactedFlagsTruthTable"}
2026-10-06T19:42:32.4901428Z {"Time":"2026-10-06T19:42:32.4845531Z","Action":"output","Package":"github.com/snissn/gomap/TreeDB/db","Test":"TestCompactStorageCompactedFlagsTruthTable","Output":"=== RUN   TestCompactStorageCompactedFlagsTruthTable\n"}
2026-10-06T19:42:32.4902883Z {"Time":"2026-10-06T19:42:32.4845531Z","Action":"run","Package":"github.com/snissn/gomap/TreeDB/db","Test":"TestCompactStorageCompactedFlagsTruthTable/full_empty_policy_only"}
2026-10-06T19:42:32.4904405Z {"Time":"2026-10-06T19:42:32.4845531Z","Action":"output","Package":"github.com/snissn/gomap/TreeDB/db","Test":"TestCompactStorageCompactedFlagsTruthTable/full_empty_policy_only","Output":"=== RUN   TestCompactStorageCompactedFlagsTruthTable/full_empty_policy_only\n"}
2026-10-06T19:42:32.4906336Z {"Time":"2026-10-06T19:42:32.4845531Z","Action":"output","Package":"github.com/snissn/gomap/TreeDB/db","Test":"TestCompactStorageCompactedFlagsTruthTable/full_empty_policy_only","Output":"--- PASS: TestCompactStorageCompactedFlagsTruthTable/full_empty_policy_only (0.00s)\n"}
2026-10-06T19:42:32.4908128Z {"Time":"2026-10-06T19:42:32.4845531Z","Action":"pass","Package":"github.com/snissn/gomap/TreeDB/db","Test":"TestCompactStorageCompactedFlagsTruthTable/full_empty_policy_only","Elapsed":0}
2026-10-06T19:42:32.4909328Z {"Time":"2026-10-06T19:42:32.4845531Z","Action":"run","Package":"github.com/snissn/gomap/TreeDB/db","Test":"TestCompactStorageCompactedFlagsTruthTable/full_policy_debt"}
2026-10-06T19:42:32.4910923Z {"Time":"2026-10-06T19:42:32.4845531Z","Action":"output","Package":"github.com/snissn/gomap/TreeDB/db","Test":"TestCompactStorageCompactedFlagsTruthTable/full_policy_debt","Output":"=== RUN   TestCompactStorageCompactedFlagsTruthTable/full_policy_debt\n"}
2026-10-06T19:42:32.4913407Z {"Time":"2026-10-06T19:42:32.4845531Z","Action":"output","Package":"github.com/snissn/gomap/TreeDB/db","Test":"TestCompactStorageCompactedFlagsTruthTable/full_policy_debt","Output":"--- PASS: TestCompactStorageCompactedFlagsTruthTable/full_policy_debt (0.00s)\n"}
2026-10-06T19:42:32.4914971Z {"Time":"2026-10-06T19:42:32.4845531Z","Action":"pass","Package":"github.com/snissn/gomap/TreeDB/db","Test":"TestCompactStorageCompactedFlagsTruthTable/full_policy_debt","Elapsed":0}
2026-10-06T19:42:32.4916169Z {"Time":"2026-10-06T19:42:32.4845531Z","Action":"run","Package":"github.com/snissn/gomap/TreeDB/db","Test":"TestCompactStorageCompactedFlagsTruthTable/quick_empty_policy_only"}
2026-10-06T19:42:32.4917696Z {"Time":"2026-10-06T19:42:32.4845531Z","Action":"output","Package":"github.com/snissn/gomap/TreeDB/db","Test":"TestCompactStorageCompactedFlagsTruthTable/quick_empty_policy_only","Output":"=== RUN   TestCompactStorageCompactedFlagsTruthTable/quick_empty_policy_only\n"}
2026-10-06T19:42:32.4919785Z {"Time":"2026-10-06T19:42:32.4845531Z","Action":"output","Package":"github.com/snissn/gomap/TreeDB/db","Test":"TestCompactStorageCompactedFlagsTruthTable/quick_empty_policy_only","Output":"--- PASS: TestCompactStorageCompactedFlagsTruthTable/quick_empty_policy_only (0.00s)\n"}
2026-10-06T19:42:32.4921614Z {"Time":"2026-10-06T19:42:32.4845531Z","Action":"pass","Package":"github.com/snissn/gomap/TreeDB/db","Test":"TestCompactStorageCompactedFlagsTruthTable/quick_empty_policy_only","Elapsed":0}
2026-10-06T19:42:32.4922865Z {"Time":"2026-10-06T19:42:32.4845531Z","Action":"run","Package":"github.com/snissn/gomap/TreeDB/db","Test":"TestCompactStorageCompactedFlagsTruthTable/exhaustive_empty_byte_minimized"}
2026-10-06T19:42:32.4925319Z {"Time":"2026-10-06T19:42:32.4845531Z","Action":"output","Package":"github.com/snissn/gomap/TreeDB/db","Test":"TestCompactStorageCompactedFlagsTruthTable/exhaustive_empty_byte_minimized","Output":"=== RUN   TestCompactStorageCompactedFlagsTruthTable/exhaustive_empty_byte_minimized\n"}
2026-10-06T19:42:32.4927424Z {"Time":"2026-10-06T19:42:32.4845531Z","Action":"output","Package":"github.com/snissn/gomap/TreeDB/db","Test":"TestCompactStorageCompactedFlagsTruthTable/exhaustive_empty_byte_minimized","Output":"--- PASS: TestCompactStorageCompactedFlagsTruthTable/exhaustive_empty_byte_minimized (0.00s)\n"}
2026-10-06T19:42:32.4929366Z {"Time":"2026-10-06T19:42:32.4845531Z","Action":"pass","Package":"github.com/snissn/gomap/TreeDB/db","Test":"TestCompactStorageCompactedFlagsTruthTable/exhaustive_empty_byte_minimized","Elapsed":0}
2026-10-06T19:42:32.4930637Z {"Time":"2026-10-06T19:42:32.4845531Z","Action":"run","Package":"github.com/snissn/gomap/TreeDB/db","Test":"TestCompactStorageCompactedFlagsTruthTable/exhaustive_byte_debt"}
2026-10-06T19:42:32.4932173Z {"Time":"2026-10-06T19:42:32.4845531Z","Action":"output","Package":"github.com/snissn/gomap/TreeDB/db","Test":"TestCompactStorageCompactedFlagsTruthTable/exhaustive_byte_debt","Output":"=== RUN   TestCompactStorageCompactedFlagsTruthTable/exhaustive_byte_debt\n"}
2026-10-06T19:42:32.4934548Z {"Time":"2026-10-06T19:42:32.4845531Z","Action":"output","Package":"github.com/snissn/gomap/TreeDB/db","Test":"TestCompactStorageCompactedFlagsTruthTable/exhaustive_byte_debt","Output":"--- PASS: TestCompactStorageCompactedFlagsTruthTable/exhaustive_byte_debt (0.00s)\n"}
2026-10-06T19:42:32.4936135Z {"Time":"2026-10-06T19:42:32.4845531Z","Action":"pass","Package":"github.com/snissn/gomap/TreeDB/db","Test":"TestCompactStorageCompactedFlagsTruthTable/exhaustive_byte_debt","Elapsed":0}
2026-10-06T19:42:32.4937557Z {"Time":"2026-10-06T19:42:32.4845531Z","Action":"output","Package":"github.com/snissn/gomap/TreeDB/db","Test":"TestCompactStorageCompactedFlagsTruthTable","Output":"--- PASS: TestCompactStorageCompactedFlagsTruthTable (0.00s)\n"}
2026-10-06T19:42:32.4939101Z {"Time":"2026-10-06T19:42:32.4845531Z","Action":"pass","Package":"github.com/snissn/gomap/TreeDB/db","Test":"TestCompactStorageCompactedFlagsTruthTable","Elapsed":0}
2026-10-06T19:42:32.4940444Z {"Time":"2026-10-06T19:42:32.4851261Z","Action":"run","Package":"github.com/snissn/gomap/TreeDB/db","Test":"TestCompactStorageFencedProtectedPathsIncludeExplicitPaths"}
2026-10-06T19:42:32.4941949Z {"Time":"2026-10-06T19:42:32.4851261Z","Action":"output","Package":"github.com/snissn/gomap/TreeDB/db","Test":"TestCompactStorageFencedProtectedPathsIncludeExplicitPaths","Output":"=== RUN   TestCompactStorageFencedProtectedPathsIncludeExplicitPaths\n"}
2026-10-06T19:42:32.4943800Z {"Time":"2026-10-06T19:42:32.4851261Z","Action":"output","Package":"github.com/snissn/gomap/TreeDB/db","Test":"TestCompactStorageFencedProtectedPathsIncludeExplicitPaths","Output":"--- PASS: TestCompactStorageFencedProtectedPathsIncludeExplicitPaths (0.00s)\n"}
2026-10-06T19:42:32.4945379Z {"Time":"2026-10-06T19:42:32.4851261Z","Action":"pass","Package":"github.com/snissn/gomap/TreeDB/db","Test":"TestCompactStorageFencedProtectedPathsIncludeExplicitPaths","Elapsed":0}
2026-10-06T19:42:32.4946829Z {"Time":"2026-10-06T19:42:32.4851261Z","Action":"run","Package":"github.com/snissn/gomap/TreeDB/db","Test":"TestCompactStoragePlanReadOnlyDoesNotDeleteZeroByteValueLogFiles"}
2026-10-06T19:42:32.4948589Z {"Time":"2026-10-06T19:42:32.4851261Z","Action":"output","Package":"github.com/snissn/gomap/TreeDB/db","Test":"TestCompactStoragePlanReadOnlyDoesNotDeleteZeroByteValueLogFiles","Output":"=== RUN   TestCompactStoragePlanReadOnlyDoesNotDeleteZeroByteValueLogFiles\n"}
2026-10-06T19:42:32.5666590Z {"Time":"2026-10-06T19:42:32.5594011Z","Action":"output","Package":"github.com/snissn/gomap/TreeDB/db","Test":"TestCompactStoragePlanReadOnlyDoesNotDeleteZeroByteValueLogFiles","Output":"--- PASS: TestCompactStoragePlanReadOnlyDoesNotDeleteZeroByteValueLogFiles (0.07s)\n"}
2026-10-06T19:42:32.5669180Z {"Time":"2026-10-06T19:42:32.5594011Z","Action":"pass","Package":"github.com/snissn/gomap/TreeDB/db","Test":"TestCompactStoragePlanReadOnlyDoesNotDeleteZeroByteValueLogFiles","Elapsed":0.07}
2026-10-06T19:42:32.5670913Z {"Time":"2026-10-06T19:42:32.5594011Z","Action":"run","Package":"github.com/snissn/gomap/TreeDB/db","Test":"TestCompactStorageLeafPageLogHandoffScanFailureFailsClosed"}
2026-10-06T19:42:32.5672487Z {"Time":"2026-10-06T19:42:32.5594011Z","Action":"output","Package":"github.com/snissn/gomap/TreeDB/db","Test":"TestCompactStorageLeafPageLogHandoffScanFailureFailsClosed","Output":"=== RUN   TestCompactStorageLeafPageLogHandoffScanFailureFailsClosed\n"}
2026-10-06T19:42:32.5674361Z {"Time":"2026-10-06T19:42:32.5624165Z","Action":"output","Package":"github.com/snissn/gomap/TreeDB/db","Test":"TestCompactStorageLeafPageLogHandoffScanFailureFailsClosed","Output":"--- PASS: TestCompactStorageLeafPageLogHandoffScanFailureFailsClosed (0.00s)\n"}
2026-10-06T19:42:32.5676602Z {"Time":"2026-10-06T19:42:32.5624165Z","Action":"pass","Package":"github.com/snissn/gomap/TreeDB/db","Test":"TestCompactStorageLeafPageLogHandoffScanFailureFailsClosed","Elapsed":0}
2026-10-06T19:42:32.5677916Z {"Time":"2026-10-06T19:42:32.5624165Z","Action":"run","Package":"github.com/snissn/gomap/TreeDB/db","Test":"TestCompactStorageWindowsKeepsPackedLeafSourcesWhenIndexVacuumUnsupported"}
2026-10-06T19:42:32.5679669Z {"Time":"2026-10-06T19:42:32.5624165Z","Action":"output","Package":"github.com/snissn/gomap/TreeDB/db","Test":"TestCompactStorageWindowsKeepsPackedLeafSourcesWhenIndexVacuumUnsupported","Output":"=== RUN   TestCompactStorageWindowsKeepsPackedLeafSourcesWhenIndexVacuumUnsupported\n"}
2026-10-06T19:42:32.5682347Z {"Time":"2026-10-06T19:42:32.5624165Z","Action":"output","Package":"github.com/snissn/gomap/TreeDB/db","Test":"TestCompactStorageWindowsKeepsPackedLeafSourcesWhenIndexVacuumUnsupported","Output":"    compact_storage_test.go:2673: leaf generation pack promotion requires exact retained-parent namespace support\n"}
2026-10-06T19:42:32.5684596Z {"Time":"2026-10-06T19:42:32.5624165Z","Action":"output","Package":"github.com/snissn/gomap/TreeDB/db","Test":"TestCompactStorageWindowsKeepsPackedLeafSourcesWhenIndexVacuumUnsupported","Output":"--- SKIP: TestCompactStorageWindowsKeepsPackedLeafSourcesWhenIndexVacuumUnsupported (0.00s)\n"}
2026-10-06T19:42:32.5686825Z {"Time":"2026-10-06T19:42:32.5624165Z","Action":"skip","Package":"github.com/snissn/gomap/TreeDB/db","Test":"TestCompactStorageWindowsKeepsPackedLeafSourcesWhenIndexVacuumUnsupported","Elapsed":0}
2026-10-06T19:42:32.5688092Z {"Time":"2026-10-06T19:42:32.5624165Z","Action":"run","Package":"github.com/snissn/gomap/TreeDB/db","Test":"TestCompactStorageLeafPackMultiPassReusesLiveScan"}
2026-10-06T19:42:32.5689450Z {"Time":"2026-10-06T19:42:32.5624165Z","Action":"output","Package":"github.com/snissn/gomap/TreeDB/db","Test":"TestCompactStorageLeafPackMultiPassReusesLiveScan","Output":"=== RUN   TestCompactStorageLeafPackMultiPassReusesLiveScan\n"}
2026-10-06T19:42:32.5691842Z {"Time":"2026-10-06T19:42:32.5630081Z","Action":"output","Package":"github.com/snissn/gomap/TreeDB/db","Test":"TestCompactStorageLeafPackMultiPassReusesLiveScan","Output":"    compact_storage_test.go:3008: leaf generation pack promotion requires exact retained-parent namespace support\n"}
2026-10-06T19:42:32.5694593Z {"Time":"2026-10-06T19:42:32.5630081Z","Action":"output","Package":"github.com/snissn/gomap/TreeDB/db","Test":"TestCompactStorageLeafPackMultiPassReusesLiveScan","Output":"--- SKIP: TestCompactStorageLeafPackMultiPassReusesLiveScan (0.00s)\n"}
2026-10-06T19:42:32.5696276Z {"Time":"2026-10-06T19:42:32.5630081Z","Action":"skip","Package":"github.com/snissn/gomap/TreeDB/db","Test":"TestCompactStorageLeafPackMultiPassReusesLiveScan","Elapsed":0}
2026-10-06T19:42:32.5697830Z {"Time":"2026-10-06T19:42:32.5630081Z","Action":"run","Package":"github.com/snissn/gomap/TreeDB/db","Test":"TestCompactStorageExhaustiveRefusesExternalLeafPageLog"}
2026-10-06T19:42:32.5699939Z {"Time":"2026-10-06T19:42:32.5630081Z","Action":"output","Package":"github.com/snissn/gomap/TreeDB/db","Test":"TestCompactStorageExhaustiveRefusesExternalLeafPageLog","Output":"=== RUN   TestCompactStorageExhaustiveRefusesExternalLeafPageLog\n"}
2026-10-06T19:42:32.6587857Z {"Time":"2026-10-06T19:42:32.6464615Z","Action":"output","Package":"github.com/snissn/gomap/TreeDB/db","Test":"TestCompactStorageExhaustiveRefusesExternalLeafPageLog","Output":"--- PASS: TestCompactStorageExhaustiveRefusesExternalLeafPageLog (0.08s)\n"}
2026-10-06T19:42:32.6589936Z {"Time":"2026-10-06T19:42:32.6464615Z","Action":"pass","Package":"github.com/snissn/gomap/TreeDB/db","Test":"TestCompactStorageExhaustiveRefusesExternalLeafPageLog","Elapsed":0.08}
2026-10-06T19:42:32.6591412Z {"Time":"2026-10-06T19:42:32.6464615Z","Action":"run","Package":"github.com/snissn/gomap/TreeDB/db","Test":"TestConditionalTxnRejectsVisibleWriteAfterAcceptedDurabilityError"}
2026-10-06T19:42:32.6593756Z {"Time":"2026-10-06T19:42:32.6464615Z","Action":"output","Package":"github.com/snissn/gomap/TreeDB/db","Test":"TestConditionalTxnRejectsVisibleWriteAfterAcceptedDurabilityError","Output":"=== RUN   TestConditionalTxnRejectsVisibleWriteAfterAcceptedDurabilityError\n"}
2026-10-06T19:42:32.7245728Z {"Time":"2026-10-06T19:42:32.7222708Z","Action":"output","Package":"github.com/snissn/gomap/TreeDB/db","Test":"TestConditionalTxnRejectsVisibleWriteAfterAcceptedDurabilityError","Output":"--- PASS: TestConditionalTxnRejectsVisibleWriteAfterAcceptedDurabilityError (0.08s)\n"}
2026-10-06T19:42:32.7247955Z {"Time":"2026-10-06T19:42:32.7222708Z","Action":"pass","Package":"github.com/snissn/gomap/TreeDB/db","Test":"TestConditionalTxnRejectsVisibleWriteAfterAcceptedDurabilityError","Elapsed":0.08}
2026-10-06T19:42:32.7249233Z {"Time":"2026-10-06T19:42:32.7222708Z","Action":"run","Package":"github.com/snissn/gomap/TreeDB/db","Test":"TestConditionalTxnRejectsDirectRootPublishChangingReadKey"}
2026-10-06T19:42:32.7250731Z {"Time":"2026-10-06T19:42:32.7222708Z","Action":"output","Package":"github.com/snissn/gomap/TreeDB/db","Test":"TestConditionalTxnRejectsDirectRootPublishChangingReadKey","Output":"=== RUN   TestConditionalTxnRejectsDirectRootPublishChangingReadKey\n"}
2026-10-06T19:42:32.8138318Z {"Time":"2026-10-06T19:42:32.8007614Z","Action":"output","Package":"github.com/snissn/gomap/TreeDB/db","Test":"TestConditionalTxnRejectsDirectRootPublishChangingReadKey","Output":"--- PASS: TestConditionalTxnRejectsDirectRootPublishChangingReadKey (0.08s)\n"}
2026-10-06T19:42:32.8140766Z {"Time":"2026-10-06T19:42:32.8007614Z","Action":"pass","Package":"github.com/snissn/gomap/TreeDB/db","Test":"TestConditionalTxnRejectsDirectRootPublishChangingReadKey","Elapsed":0.08}
2026-10-06T19:42:32.8142459Z {"Time":"2026-10-06T19:42:32.8007614Z","Action":"run","Package":"github.com/snissn/gomap/TreeDB/db","Test":"TestOrderedRootTouchedIteratorDedupesWithSetAfterLinearLimit"}
2026-10-06T19:42:32.8144570Z {"Time":"2026-10-06T19:42:32.8007614Z","Action":"output","Package":"github.com/snissn/gomap/TreeDB/db","Test":"TestOrderedRootTouchedIteratorDedupesWithSetAfterLinearLimit","Output":"=== RUN   TestOrderedRootTouchedIteratorDedupesWithSetAfterLinearLimit\n"}
2026-10-06T19:42:32.8147215Z {"Time":"2026-10-06T19:42:32.8007614Z","Action":"output","Package":"github.com/snissn/gomap/TreeDB/db","Test":"TestOrderedRootTouchedIteratorDedupesWithSetAfterLinearLimit","Output":"--- PASS: TestOrderedRootTouchedIteratorDedupesWithSetAfterLinearLimit (0.00s)\n"}
2026-10-06T19:42:32.8149985Z {"Time":"2026-10-06T19:42:32.8007614Z","Action":"pass","Package":"github.com/snissn/gomap/TreeDB/db","Test":"TestOrderedRootTouchedIteratorDedupesWithSetAfterLinearLimit","Elapsed":0}
2026-10-06T19:42:32.8151884Z {"Time":"2026-10-06T19:42:32.8013959Z","Action":"run","Package":"github.com/snissn/gomap/TreeDB/db","Test":"TestPublishOrderedRootGroupWithSystemBuilder_NonSystemPointerSkipsRefreshWhenSegmentRegistered"}
2026-10-06T19:42:32.8154777Z {"Time":"2026-10-06T19:42:32.8013959Z","Action":"output","Package":"github.com/snissn/gomap/TreeDB/db","Test":"TestPublishOrderedRootGroupWithSystemBuilder_NonSystemPointerSkipsRefreshWhenSegmentRegistered","Output":"=== RUN   TestPublishOrderedRootGroupWithSystemBuilder_NonSystemPointerSkipsRefreshWhenSegmentRegistered\n"}
2026-10-06T19:42:32.8763861Z {"Time":"2026-10-06T19:42:32.8648895Z","Action":"output","Package":"github.com/snissn/gomap/TreeDB/db","Test":"TestPublishOrderedRootGroupWithSystemBuilder_NonSystemPointerSkipsRefreshWhenSegmentRegistered","Output":"--- PASS: TestPublishOrderedRootGroupWithSystemBuilder_NonSystemPointerSkipsRefreshWhenSegmentRegistered (0.06s)\n"}
2026-10-06T19:42:32.8766539Z {"Time":"2026-10-06T19:42:32.8648895Z","Action":"pass","Package":"github.com/snissn/gomap/TreeDB/db","Test":"TestPublishOrderedRootGroupWithSystemBuilder_NonSystemPointerSkipsRefreshWhenSegmentRegistered","Elapsed":0.06}
2026-10-06T19:42:32.8768364Z {"Time":"2026-10-06T19:42:32.8648895Z","Action":"run","Package":"github.com/snissn/gomap/TreeDB/db","Test":"TestOuterLeafPointerCommitFailsClosedForUnreportedSegmentWithoutRefreshScan"}
2026-10-06T19:42:32.8770612Z {"Time":"2026-10-06T19:42:32.8648895Z","Action":"output","Package":"github.com/snissn/gomap/TreeDB/db","Test":"TestOuterLeafPointerCommitFailsClosedForUnreportedSegmentWithoutRefreshScan","Output":"=== RUN   TestOuterLeafPointerCommitFailsClosedForUnreportedSegmentWithoutRefreshScan\n"}
2026-10-06T19:42:32.9226530Z {"Time":"2026-10-06T19:42:32.9157124Z","Action":"output","Package":"github.com/snissn/gomap/TreeDB/db","Test":"TestOuterLeafPointerCommitFailsClosedForUnreportedSegmentWithoutRefreshScan","Output":"--- PASS: TestOuterLeafPointerCommitFailsClosedForUnreportedSegmentWithoutRefreshScan (0.05s)\n"}
2026-10-06T19:42:32.9229415Z {"Time":"2026-10-06T19:42:32.9157124Z","Action":"pass","Package":"github.com/snissn/gomap/TreeDB/db","Test":"TestOuterLeafPointerCommitFailsClosedForUnreportedSegmentWithoutRefreshScan","Elapsed":0.05}
2026-10-06T19:42:32.9231018Z {"Time":"2026-10-06T19:42:32.9157124Z","Action":"run","Package":"github.com/snissn/gomap/TreeDB/db","Test":"TestDependencyDirectoryV2RequiredFeatureRefusesDirtyWAL"}
2026-10-06T19:42:32.9232850Z {"Time":"2026-10-06T19:42:32.9157124Z","Action":"output","Package":"github.com/snissn/gomap/TreeDB/db","Test":"TestDependencyDirectoryV2RequiredFeatureRefusesDirtyWAL","Output":"=== RUN   TestDependencyDirectoryV2RequiredFeatureRefusesDirtyWAL\n"}
2026-10-06T19:42:32.9235264Z {"Time":"2026-10-06T19:42:32.9181506Z","Action":"output","Package":"github.com/snissn/gomap/TreeDB/db","Test":"TestDependencyDirectoryV2RequiredFeatureRefusesDirtyWAL","Output":"--- PASS: TestDependencyDirectoryV2RequiredFeatureRefusesDirtyWAL (0.00s)\n"}
2026-10-06T19:42:32.9237140Z {"Time":"2026-10-06T19:42:32.9187313Z","Action":"pass","Package":"github.com/snissn/gomap/TreeDB/db","Test":"TestDependencyDirectoryV2RequiredFeatureRefusesDirtyWAL","Elapsed":0}
2026-10-06T19:42:32.9238442Z {"Time":"2026-10-06T19:42:32.9187313Z","Action":"run","Package":"github.com/snissn/gomap/TreeDB/db","Test":"TestDurableRootMetadataReuseProcessCut4627"}
2026-10-06T19:42:32.9239725Z {"Time":"2026-10-06T19:42:32.9187313Z","Action":"output","Package":"github.com/snissn/gomap/TreeDB/db","Test":"TestDurableRootMetadataReuseProcessCut4627","Output":"=== RUN   TestDurableRootMetadataReuseProcessCut4627\n"}
2026-10-06T19:42:32.9241247Z {"Time":"2026-10-06T19:42:32.9187313Z","Action":"run","Package":"github.com/snissn/gomap/TreeDB/db","Test":"TestDurableRootMetadataReuseProcessCut4627/before-seal"}
2026-10-06T19:42:32.9242935Z {"Time":"2026-10-06T19:42:32.9187313Z","Action":"output","Package":"github.com/snissn/gomap/TreeDB/db","Test":"TestDurableRootMetadataReuseProcessCut4627/before-seal","Output":"=== RUN   TestDurableRootMetadataReuseProcessCut4627/before-seal\n"}
2026-10-06T19:42:33.4193086Z {"Time":"2026-10-06T19:42:33.4039325Z","Action":"output","Package":"github.com/snissn/gomap/TreeDB/db","Test":"TestDurableRootMetadataReuseProcessCut4627/before-seal","Output":"--- PASS: TestDurableRootMetadataReuseProcessCut4627/before-seal (0.49s)\n"}
2026-10-06T19:42:33.4196213Z {"Time":"2026-10-06T19:42:33.4039325Z","Action":"pass","Package":"github.com/snissn/gomap/TreeDB/db","Test":"TestDurableRootMetadataReuseProcessCut4627/before-seal","Elapsed":0.49}
2026-10-06T19:42:33.4198465Z {"Time":"2026-10-06T19:42:33.4039325Z","Action":"run","Package":"github.com/snissn/gomap/TreeDB/db","Test":"TestDurableRootMetadataReuseProcessCut4627/after-ack"}
2026-10-06T19:42:33.4201075Z {"Time":"2026-10-06T19:42:33.4039325Z","Action":"output","Package":"github.com/snissn/gomap/TreeDB/db","Test":"TestDurableRootMetadataReuseProcessCut4627/after-ack","Output":"=== RUN   TestDurableRootMetadataReuseProcessCut4627/after-ack\n"}
2026-10-06T19:42:33.9011499Z {"Time":"2026-10-06T19:42:33.8924771Z","Action":"output","Package":"github.com/snissn/gomap/TreeDB/db","Test":"TestDurableRootMetadataReuseProcessCut4627/after-ack","Output":"--- PASS: TestDurableRootMetadataReuseProcessCut4627/after-ack (0.49s)\n"}
2026-10-06T19:42:33.9013228Z {"Time":"2026-10-06T19:42:33.8924771Z","Action":"pass","Package":"github.com/snissn/gomap/TreeDB/db","Test":"TestDurableRootMetadataReuseProcessCut4627/after-ack","Elapsed":0.49}
2026-10-06T19:42:33.9014855Z {"Time":"2026-10-06T19:42:33.8924771Z","Action":"output","Package":"github.com/snissn/gomap/TreeDB/db","Test":"TestDurableRootMetadataReuseProcessCut4627","Output":"--- PASS: TestDurableRootMetadataReuseProcessCut4627 (0.97s)\n"}
2026-10-06T19:42:33.9016236Z {"Time":"2026-10-06T19:42:33.8924771Z","Action":"pass","Package":"github.com/snissn/gomap/TreeDB/db","Test":"TestDurableRootMetadataReuseProcessCut4627","Elapsed":0.97}
2026-10-06T19:42:33.9017580Z {"Time":"2026-10-06T19:42:33.8924771Z","Action":"run","Package":"github.com/snissn/gomap/TreeDB/db","Test":"TestDurableRootManifestPinsValueLogIdentityAndFallsBackWhenNewestDependencyIsMissing"}
2026-10-06T19:42:33.9019894Z {"Time":"2026-10-06T19:42:33.8924771Z","Action":"output","Package":"github.com/snissn/gomap/TreeDB/db","Test":"TestDurableRootManifestPinsValueLogIdentityAndFallsBackWhenNewestDependencyIsMissing","Output":"=== RUN   TestDurableRootManifestPinsValueLogIdentityAndFallsBackWhenNewestDependencyIsMissing\n"}
2026-10-06T19:42:33.9781517Z {"Time":"2026-10-06T19:42:33.9703625Z","Action":"output","Package":"github.com/snissn/gomap/TreeDB/db","Test":"TestDurableRootManifestPinsValueLogIdentityAndFallsBackWhenNewestDependencyIsMissing","Output":"--- PASS: TestDurableRootManifestPinsValueLogIdentityAndFallsBackWhenNewestDependencyIsMissing (0.08s)\n"}
2026-10-06T19:42:33.9784157Z {"Time":"2026-10-06T19:42:33.9703625Z","Action":"pass","Package":"github.com/snissn/gomap/TreeDB/db","Test":"TestDurableRootManifestPinsValueLogIdentityAndFallsBackWhenNewestDependencyIsMissing","Elapsed":0.08}
2026-10-06T19:42:33.9786189Z {"Time":"2026-10-06T19:42:33.9703625Z","Action":"run","Package":"github.com/snissn/gomap/TreeDB/db","Test":"TestDurableRootAlternatingSlotsRetireAuxiliaryHistory"}
2026-10-06T19:42:33.9788002Z {"Time":"2026-10-06T19:42:33.9703625Z","Action":"output","Package":"github.com/snissn/gomap/TreeDB/db","Test":"TestDurableRootAlternatingSlotsRetireAuxiliaryHistory","Output":"=== RUN   TestDurableRootAlternatingSlotsRetireAuxiliaryHistory\n"}
2026-10-06T19:42:34.0714251Z {"Time":"2026-10-06T19:42:34.0694941Z","Action":"output","Package":"github.com/snissn/gomap/TreeDB/db","Test":"TestDurableRootAlternatingSlotsRetireAuxiliaryHistory","Output":"    durable_root_open_test.go:1024: initial auxiliary=4 reused as kind=1 at commit=4 oldest-recoverable=2\n"}
2026-10-06T19:42:34.0717562Z {"Time":"2026-10-06T19:42:34.0694941Z","Action":"output","Package":"github.com/snissn/gomap/TreeDB/db","Test":"TestDurableRootAlternatingSlotsRetireAuxiliaryHistory","Output":"    durable_root_open_test.go:1024: initial auxiliary=5 reused as kind=1 at commit=4 oldest-recoverable=2\n"}
2026-10-06T19:42:34.4917424Z {"Time":"2026-10-06T19:42:34.4859927Z","Action":"output","Package":"github.com/snissn/gomap/TreeDB/db","Test":"TestDurableRootAlternatingSlotsRetireAuxiliaryHistory","Output":"--- PASS: TestDurableRootAlternatingSlotsRetireAuxiliaryHistory (0.52s)\n"}
2026-10-06T19:42:34.4919946Z {"Time":"2026-10-06T19:42:34.4859927Z","Action":"pass","Package":"github.com/snissn/gomap/TreeDB/db","Test":"TestDurableRootAlternatingSlotsRetireAuxiliaryHistory","Elapsed":0.52}
2026-10-06T19:42:34.4921275Z {"Time":"2026-10-06T19:42:34.4859927Z","Action":"run","Package":"github.com/snissn/gomap/TreeDB/db","Test":"TestVacuumIndexOnlineBindsDescriptorlessCurrentRootClosure"}
2026-10-06T19:42:34.4922918Z {"Time":"2026-10-06T19:42:34.4859927Z","Action":"output","Package":"github.com/snissn/gomap/TreeDB/db","Test":"TestVacuumIndexOnlineBindsDescriptorlessCurrentRootClosure","Output":"=== RUN   TestVacuumIndexOnlineBindsDescriptorlessCurrentRootClosure\n"}
2026-10-06T19:42:34.4925103Z {"Time":"2026-10-06T19:42:34.4859927Z","Action":"output","Package":"github.com/snissn/gomap/TreeDB/db","Test":"TestVacuumIndexOnlineBindsDescriptorlessCurrentRootClosure","Output":"    durable_root_projection_test.go:410: online vacuum unsupported on windows\n"}
2026-10-06T19:42:34.4927234Z {"Time":"2026-10-06T19:42:34.4859927Z","Action":"output","Package":"github.com/snissn/gomap/TreeDB/db","Test":"TestVacuumIndexOnlineBindsDescriptorlessCurrentRootClosure","Output":"--- SKIP: TestVacuumIndexOnlineBindsDescriptorlessCurrentRootClosure (0.00s)\n"}
2026-10-06T19:42:34.4928855Z {"Time":"2026-10-06T19:42:34.4859927Z","Action":"skip","Package":"github.com/snissn/gomap/TreeDB/db","Test":"TestVacuumIndexOnlineBindsDescriptorlessCurrentRootClosure","Elapsed":0}
2026-10-06T19:42:34.4930165Z {"Time":"2026-10-06T19:42:34.4873521Z","Action":"run","Package":"github.com/snissn/gomap/TreeDB/db","Test":"TestSelectDurableRootV1RejectsNewestAppliedCommandWALRegressionAndFallsBack"}
2026-10-06T19:42:34.4932086Z {"Time":"2026-10-06T19:42:34.4873521Z","Action":"output","Package":"github.com/snissn/gomap/TreeDB/db","Test":"TestSelectDurableRootV1RejectsNewestAppliedCommandWALRegressionAndFallsBack","Output":"=== RUN   TestSelectDurableRootV1RejectsNewestAppliedCommandWALRegressionAndFallsBack\n"}
2026-10-06T19:42:34.4934659Z {"Time":"2026-10-06T19:42:34.4880088Z","Action":"output","Package":"github.com/snissn/gomap/TreeDB/db","Test":"TestSelectDurableRootV1RejectsNewestAppliedCommandWALRegressionAndFallsBack","Output":"--- PASS: TestSelectDurableRootV1RejectsNewestAppliedCommandWALRegressionAndFallsBack (0.00s)\n"}
2026-10-06T19:42:34.4937017Z {"Time":"2026-10-06T19:42:34.4880088Z","Action":"pass","Package":"github.com/snissn/gomap/TreeDB/db","Test":"TestSelectDurableRootV1RejectsNewestAppliedCommandWALRegressionAndFallsBack","Elapsed":0}
2026-10-06T19:42:34.4938435Z {"Time":"2026-10-06T19:42:34.4880088Z","Action":"run","Package":"github.com/snissn/gomap/TreeDB/db","Test":"TestCaptureDurableRootAppendRequirementsStayMutationLocal4366"}
2026-10-06T19:42:34.4939977Z {"Time":"2026-10-06T19:42:34.4880088Z","Action":"output","Package":"github.com/snissn/gomap/TreeDB/db","Test":"TestCaptureDurableRootAppendRequirementsStayMutationLocal4366","Output":"=== RUN   TestCaptureDurableRootAppendRequirementsStayMutationLocal4366\n"}
2026-10-06T19:42:34.5540230Z {"Time":"2026-10-06T19:42:34.5532842Z","Action":"output","Package":"github.com/snissn/gomap/TreeDB/db","Test":"TestCaptureDurableRootAppendRequirementsStayMutationLocal4366","Output":"--- PASS: TestCaptureDurableRootAppendRequirementsStayMutationLocal4366 (0.07s)\n"}
2026-10-06T19:42:34.5542279Z {"Time":"2026-10-06T19:42:34.553669Z","Action":"pass","Package":"github.com/snissn/gomap/TreeDB/db","Test":"TestCaptureDurableRootAppendRequirementsStayMutationLocal4366","Elapsed":0.07}
2026-10-06T19:42:34.5543791Z {"Time":"2026-10-06T19:42:34.553669Z","Action":"run","Package":"github.com/snissn/gomap/TreeDB/db","Test":"TestCommandWALAppendRequirementRegistrationStaysSeparate4366"}
2026-10-06T19:42:34.5545341Z {"Time":"2026-10-06T19:42:34.553669Z","Action":"output","Package":"github.com/snissn/gomap/TreeDB/db","Test":"TestCommandWALAppendRequirementRegistrationStaysSeparate4366","Output":"=== RUN   TestCommandWALAppendRequirementRegistrationStaysSeparate4366\n"}
2026-10-06T19:42:34.5547867Z {"Time":"2026-10-06T19:42:34.553669Z","Action":"output","Package":"github.com/snissn/gomap/TreeDB/db","Test":"TestCommandWALAppendRequirementRegistrationStaysSeparate4366","Output":"--- PASS: TestCommandWALAppendRequirementRegistrationStaysSeparate4366 (0.00s)\n"}
2026-10-06T19:42:34.5549884Z {"Time":"2026-10-06T19:42:34.553669Z","Action":"pass","Package":"github.com/snissn/gomap/TreeDB/db","Test":"TestCommandWALAppendRequirementRegistrationStaysSeparate4366","Elapsed":0}
2026-10-06T19:42:34.5551192Z {"Time":"2026-10-06T19:42:34.553669Z","Action":"run","Package":"github.com/snissn/gomap/TreeDB/db","Test":"TestExecuteDurableRootStorageTransactionObservesExactDependencySyncBoundary"}
2026-10-06T19:42:34.5553029Z {"Time":"2026-10-06T19:42:34.553669Z","Action":"output","Package":"github.com/snissn/gomap/TreeDB/db","Test":"TestExecuteDurableRootStorageTransactionObservesExactDependencySyncBoundary","Output":"=== RUN   TestExecuteDurableRootStorageTransactionObservesExactDependencySyncBoundary\n"}
2026-10-06T19:42:34.5693335Z {"Time":"2026-10-06T19:42:34.5619696Z","Action":"output","Package":"github.com/snissn/gomap/TreeDB/db","Test":"TestExecuteDurableRootStorageTransactionObservesExactDependencySyncBoundary","Output":"--- PASS: TestExecuteDurableRootStorageTransactionObservesExactDependencySyncBoundary (0.01s)\n"}
2026-10-06T19:42:34.5696580Z {"Time":"2026-10-06T19:42:34.5619696Z","Action":"pass","Package":"github.com/snissn/gomap/TreeDB/db","Test":"TestExecuteDurableRootStorageTransactionObservesExactDependencySyncBoundary","Elapsed":0.01}
2026-10-06T19:42:34.5698377Z {"Time":"2026-10-06T19:42:34.5619696Z","Action":"run","Package":"github.com/snissn/gomap/TreeDB/db","Test":"TestDurableRootCandidateScanRejectsMismatchedEvidence"}
2026-10-06T19:42:34.5700349Z {"Time":"2026-10-06T19:42:34.5619696Z","Action":"output","Package":"github.com/snissn/gomap/TreeDB/db","Test":"TestDurableRootCandidateScanRejectsMismatchedEvidence","Output":"=== RUN   TestDurableRootCandidateScanRejectsMismatchedEvidence\n"}
2026-10-06T19:42:34.6154385Z {"Time":"2026-10-06T19:42:34.6143416Z","Action":"run","Package":"github.com/snissn/gomap/TreeDB/db","Test":"TestDurableRootCandidateScanRejectsMismatchedEvidence/index"}
2026-10-06T19:42:34.6157439Z {"Time":"2026-10-06T19:42:34.6143416Z","Action":"output","Package":"github.com/snissn/gomap/TreeDB/db","Test":"TestDurableRootCandidateScanRejectsMismatchedEvidence/index","Output":"=== RUN   TestDurableRootCandidateScanRejectsMismatchedEvidence/index\n"}
2026-10-06T19:42:34.6161248Z {"Time":"2026-10-06T19:42:34.6143416Z","Action":"output","Package":"github.com/snissn/gomap/TreeDB/db","Test":"TestDurableRootCandidateScanRejectsMismatchedEvidence/index","Output":"--- PASS: TestDurableRootCandidateScanRejectsMismatchedEvidence/index (0.00s)\n"}
2026-10-06T19:42:34.6164269Z {"Time":"2026-10-06T19:42:34.6143416Z","Action":"pass","Package":"github.com/snissn/gomap/TreeDB/db","Test":"TestDurableRootCandidateScanRejectsMismatchedEvidence/index","Elapsed":0}
2026-10-06T19:42:34.6166643Z {"Time":"2026-10-06T19:42:34.6143416Z","Action":"run","Package":"github.com/snissn/gomap/TreeDB/db","Test":"TestDurableRootCandidateScanRejectsMismatchedEvidence/sequence"}
2026-10-06T19:42:34.6169642Z {"Time":"2026-10-06T19:42:34.6143416Z","Action":"output","Package":"github.com/snissn/gomap/TreeDB/db","Test":"TestDurableRootCandidateScanRejectsMismatchedEvidence/sequence","Output":"=== RUN   TestDurableRootCandidateScanRejectsMismatchedEvidence/sequence\n"}
2026-10-06T19:42:34.6173806Z {"Time":"2026-10-06T19:42:34.6143416Z","Action":"output","Package":"github.com/snissn/gomap/TreeDB/db","Test":"TestDurableRootCandidateScanRejectsMismatchedEvidence/sequence","Output":"--- PASS: TestDurableRootCandidateScanRejectsMismatchedEvidence/sequence (0.00s)\n"}
2026-10-06T19:42:34.6176979Z {"Time":"2026-10-06T19:42:34.6143416Z","Action":"pass","Package":"github.com/snissn/gomap/TreeDB/db","Test":"TestDurableRootCandidateScanRejectsMismatchedEvidence/sequence","Elapsed":0}
2026-10-06T19:42:34.6179983Z {"Time":"2026-10-06T19:42:34.6143416Z","Action":"run","Package":"github.com/snissn/gomap/TreeDB/db","Test":"TestDurableRootCandidateScanRejectsMismatchedEvidence/user-root"}
2026-10-06T19:42:34.6183015Z {"Time":"2026-10-06T19:42:34.6143416Z","Action":"output","Package":"github.com/snissn/gomap/TreeDB/db","Test":"TestDurableRootCandidateScanRejectsMismatchedEvidence/user-root","Output":"=== RUN   TestDurableRootCandidateScanRejectsMismatchedEvidence/user-root\n"}
2026-10-06T19:42:34.6186783Z {"Time":"2026-10-06T19:42:34.6143416Z","Action":"output","Package":"github.com/snissn/gomap/TreeDB/db","Test":"TestDurableRootCandidateScanRejectsMismatchedEvidence/user-root","Output":"--- PASS: TestDurableRootCandidateScanRejectsMismatchedEvidence/user-root (0.00s)\n"}
2026-10-06T19:42:34.6189942Z {"Time":"2026-10-06T19:42:34.6143416Z","Action":"pass","Package":"github.com/snissn/gomap/TreeDB/db","Test":"TestDurableRootCandidateScanRejectsMismatchedEvidence/user-root","Elapsed":0}
2026-10-06T19:42:34.6192349Z {"Time":"2026-10-06T19:42:34.6143416Z","Action":"run","Package":"github.com/snissn/gomap/TreeDB/db","Test":"TestDurableRootCandidateScanRejectsMismatchedEvidence/system-root"}
2026-10-06T19:42:34.6195291Z {"Time":"2026-10-06T19:42:34.6143416Z","Action":"output","Package":"github.com/snissn/gomap/TreeDB/db","Test":"TestDurableRootCandidateScanRejectsMismatchedEvidence/system-root","Output":"=== RUN   TestDurableRootCandidateScanRejectsMismatchedEvidence/system-root\n"}
2026-10-06T19:42:34.6198498Z {"Time":"2026-10-06T19:42:34.6143416Z","Action":"output","Package":"github.com/snissn/gomap/TreeDB/db","Test":"TestDurableRootCandidateScanRejectsMismatchedEvidence/system-root","Output":"--- PASS: TestDurableRootCandidateScanRejectsMismatchedEvidence/system-root (0.00s)\n"}
2026-10-06T19:42:34.6200616Z {"Time":"2026-10-06T19:42:34.6143416Z","Action":"pass","Package":"github.com/snissn/gomap/TreeDB/db","Test":"TestDurableRootCandidateScanRejectsMismatchedEvidence/system-root","Elapsed":0}
2026-10-06T19:42:34.6201952Z {"Time":"2026-10-06T19:42:34.6143416Z","Action":"run","Package":"github.com/snissn/gomap/TreeDB/db","Test":"TestDurableRootCandidateScanRejectsMismatchedEvidence/missing-counts"}
2026-10-06T19:42:34.6203817Z {"Time":"2026-10-06T19:42:34.6143416Z","Action":"output","Package":"github.com/snissn/gomap/TreeDB/db","Test":"TestDurableRootCandidateScanRejectsMismatchedEvidence/missing-counts","Output":"=== RUN   TestDurableRootCandidateScanRejectsMismatchedEvidence/missing-counts\n"}
2026-10-06T19:42:34.6205825Z {"Time":"2026-10-06T19:42:34.6143416Z","Action":"output","Package":"github.com/snissn/gomap/TreeDB/db","Test":"TestDurableRootCandidateScanRejectsMismatchedEvidence/missing-counts","Output":"--- PASS: TestDurableRootCandidateScanRejectsMismatchedEvidence/missing-counts (0.00s)\n"}
2026-10-06T19:42:34.6207476Z {"Time":"2026-10-06T19:42:34.6143416Z","Action":"pass","Package":"github.com/snissn/gomap/TreeDB/db","Test":"TestDurableRootCandidateScanRejectsMismatchedEvidence/missing-counts","Elapsed":0}
2026-10-06T19:42:34.6208966Z {"Time":"2026-10-06T19:42:34.6150945Z","Action":"run","Package":"github.com/snissn/gomap/TreeDB/db","Test":"TestDurableRootCandidateScanRejectsMismatchedEvidence/stale-candidate"}
2026-10-06T19:42:34.6210569Z {"Time":"2026-10-06T19:42:34.6150945Z","Action":"output","Package":"github.com/snissn/gomap/TreeDB/db","Test":"TestDurableRootCandidateScanRejectsMismatchedEvidence/stale-candidate","Output":"=== RUN   TestDurableRootCandidateScanRejectsMismatchedEvidence/stale-candidate\n"}
2026-10-06T19:42:34.6212839Z {"Time":"2026-10-06T19:42:34.6150945Z","Action":"output","Package":"github.com/snissn/gomap/TreeDB/db","Test":"TestDurableRootCandidateScanRejectsMismatchedEvidence/stale-candidate","Output":"--- PASS: TestDurableRootCandidateScanRejectsMismatchedEvidence/stale-candidate (0.00s)\n"}
2026-10-06T19:42:34.6214723Z {"Time":"2026-10-06T19:42:34.6150945Z","Action":"pass","Package":"github.com/snissn/gomap/TreeDB/db","Test":"TestDurableRootCandidateScanRejectsMismatchedEvidence/stale-candidate","Elapsed":0}
2026-10-06T19:42:34.6216150Z {"Time":"2026-10-06T19:42:34.6150945Z","Action":"run","Package":"github.com/snissn/gomap/TreeDB/db","Test":"TestDurableRootCandidateScanRejectsMismatchedEvidence/allocator-abort"}
2026-10-06T19:42:34.6217755Z {"Time":"2026-10-06T19:42:34.6150945Z","Action":"output","Package":"github.com/snissn/gomap/TreeDB/db","Test":"TestDurableRootCandidateScanRejectsMismatchedEvidence/allocator-abort","Output":"=== RUN   TestDurableRootCandidateScanRejectsMismatchedEvidence/allocator-abort\n"}
2026-10-06T19:42:34.6220297Z {"Time":"2026-10-06T19:42:34.6150945Z","Action":"output","Package":"github.com/snissn/gomap/TreeDB/db","Test":"TestDurableRootCandidateScanRejectsMismatchedEvidence/allocator-abort","Output":"--- PASS: TestDurableRootCandidateScanRejectsMismatchedEvidence/allocator-abort (0.00s)\n"}
2026-10-06T19:42:34.6221986Z {"Time":"2026-10-06T19:42:34.6150945Z","Action":"pass","Package":"github.com/snissn/gomap/TreeDB/db","Test":"TestDurableRootCandidateScanRejectsMismatchedEvidence/allocator-abort","Elapsed":0}
2026-10-06T19:42:34.6310047Z {"Time":"2026-10-06T19:42:34.6178799Z","Action":"output","Package":"github.com/snissn/gomap/TreeDB/db","Test":"TestDurableRootCandidateScanRejectsMismatchedEvidence","Output":"--- PASS: TestDurableRootCandidateScanRejectsMismatchedEvidence (0.06s)\n"}
2026-10-06T19:42:34.6312754Z {"Time":"2026-10-06T19:42:34.6178799Z","Action":"pass","Package":"github.com/snissn/gomap/TreeDB/db","Test":"TestDurableRootCandidateScanRejectsMismatchedEvidence","Elapsed":0.06}
2026-10-06T19:42:34.6314439Z {"Time":"2026-10-06T19:42:34.6178799Z","Action":"run","Package":"github.com/snissn/gomap/TreeDB/db","Test":"TestNormalizeFlushAdmission_ExplicitOptInReportsC16CappedByGOMAXPROCS"}
2026-10-06T19:42:34.6316640Z {"Time":"2026-10-06T19:42:34.6178799Z","Action":"output","Package":"github.com/snissn/gomap/TreeDB/db","Test":"TestNormalizeFlushAdmission_ExplicitOptInReportsC16CappedByGOMAXPROCS","Output":"=== RUN   TestNormalizeFlushAdmission_ExplicitOptInReportsC16CappedByGOMAXPROCS\n"}
2026-10-06T19:42:34.6319741Z {"Time":"2026-10-06T19:42:34.6178799Z","Action":"output","Package":"github.com/snissn/gomap/TreeDB/db","Test":"TestNormalizeFlushAdmission_ExplicitOptInReportsC16CappedByGOMAXPROCS","Output":"--- PASS: TestNormalizeFlushAdmission_ExplicitOptInReportsC16CappedByGOMAXPROCS (0.00s)\n"}
2026-10-06T19:42:34.6321556Z {"Time":"2026-10-06T19:42:34.6178799Z","Action":"pass","Package":"github.com/snissn/gomap/TreeDB/db","Test":"TestNormalizeFlushAdmission_ExplicitOptInReportsC16CappedByGOMAXPROCS","Elapsed":0}
2026-10-06T19:42:34.6322652Z {"Time":"2026-10-06T19:42:34.6178799Z","Action":"run","Package":"github.com/snissn/gomap/TreeDB/db","Test":"TestParseFlushAdmissionPolicy"}
2026-10-06T19:42:34.6324078Z {"Time":"2026-10-06T19:42:34.6178799Z","Action":"output","Package":"github.com/snissn/gomap/TreeDB/db","Test":"TestParseFlushAdmissionPolicy","Output":"=== RUN   TestParseFlushAdmissionPolicy\n"}
2026-10-06T19:42:34.6325402Z {"Time":"2026-10-06T19:42:34.6178799Z","Action":"output","Package":"github.com/snissn/gomap/TreeDB/db","Test":"TestParseFlushAdmissionPolicy","Output":"--- PASS: TestParseFlushAdmissionPolicy (0.00s)\n"}
2026-10-06T19:42:34.6326618Z {"Time":"2026-10-06T19:42:34.6178799Z","Action":"pass","Package":"github.com/snissn/gomap/TreeDB/db","Test":"TestParseFlushAdmissionPolicy","Elapsed":0}
2026-10-06T19:42:34.6329212Z {"Time":"2026-10-06T19:42:34.6178799Z","Action":"run","Package":"github.com/snissn/gomap/TreeDB/db","Test":"TestFlushApplySpanNativePartialMultiLeafParentStitchWithStats"}
2026-10-06T19:42:34.6331031Z {"Time":"2026-10-06T19:42:34.6178799Z","Action":"output","Package":"github.com/snissn/gomap/TreeDB/db","Test":"TestFlushApplySpanNativePartialMultiLeafParentStitchWithStats","Output":"=== RUN   TestFlushApplySpanNativePartialMultiLeafParentStitchWithStats\n"}
2026-10-06T19:42:34.7397129Z {"Time":"2026-10-06T19:42:34.7312022Z","Action":"output","Package":"github.com/snissn/gomap/TreeDB/db","Test":"TestFlushApplySpanNativePartialMultiLeafParentStitchWithStats","Output":"--- PASS: TestFlushApplySpanNativePartialMultiLeafParentStitchWithStats (0.11s)\n"}
2026-10-06T19:42:34.7399141Z {"Time":"2026-10-06T19:42:34.7312022Z","Action":"pass","Package":"github.com/snissn/gomap/TreeDB/db","Test":"TestFlushApplySpanNativePartialMultiLeafParentStitchWithStats","Elapsed":0.11}
2026-10-06T19:42:34.7400878Z {"Time":"2026-10-06T19:42:34.7312022Z","Action":"run","Package":"github.com/snissn/gomap/TreeDB/db","Test":"TestFlushApplyFinalizeFailureTracksAbandonedLeafLogOutput"}
2026-10-06T19:42:34.7402889Z {"Time":"2026-10-06T19:42:34.7312022Z","Action":"output","Package":"github.com/snissn/gomap/TreeDB/db","Test":"TestFlushApplyFinalizeFailureTracksAbandonedLeafLogOutput","Output":"=== RUN   TestFlushApplyFinalizeFailureTracksAbandonedLeafLogOutput\n"}
2026-10-06T19:42:34.8468701Z {"Time":"2026-10-06T19:42:34.8324709Z","Action":"output","Package":"github.com/snissn/gomap/TreeDB/db","Test":"TestFlushApplyFinalizeFailureTracksAbandonedLeafLogOutput","Output":"--- PASS: TestFlushApplyFinalizeFailureTracksAbandonedLeafLogOutput (0.10s)\n"}
2026-10-06T19:42:34.8471048Z {"Time":"2026-10-06T19:42:34.833023Z","Action":"pass","Package":"github.com/snissn/gomap/TreeDB/db","Test":"TestFlushApplyFinalizeFailureTracksAbandonedLeafLogOutput","Elapsed":0.1}
2026-10-06T19:42:34.8472665Z {"Time":"2026-10-06T19:42:34.833023Z","Action":"run","Package":"github.com/snissn/gomap/TreeDB/db","Test":"TestLoadFormatConfig_MissingFile"}
2026-10-06T19:42:34.8474070Z {"Time":"2026-10-06T19:42:34.833023Z","Action":"output","Package":"github.com/snissn/gomap/TreeDB/db","Test":"TestLoadFormatConfig_MissingFile","Output":"=== RUN   TestLoadFormatConfig_MissingFile\n"}
2026-10-06T19:42:34.8475767Z {"Time":"2026-10-06T19:42:34.8335903Z","Action":"output","Package":"github.com/snissn/gomap/TreeDB/db","Test":"TestLoadFormatConfig_MissingFile","Output":"--- PASS: TestLoadFormatConfig_MissingFile (0.00s)\n"}
2026-10-06T19:42:34.8477557Z {"Time":"2026-10-06T19:42:34.8341631Z","Action":"pass","Package":"github.com/snissn/gomap/TreeDB/db","Test":"TestLoadFormatConfig_MissingFile","Elapsed":0}
2026-10-06T19:42:34.8478784Z {"Time":"2026-10-06T19:42:34.8341631Z","Action":"run","Package":"github.com/snissn/gomap/TreeDB/db","Test":"TestOpen_AppliesPersistedIndexFormatConfig"}
2026-10-06T19:42:34.8480328Z {"Time":"2026-10-06T19:42:34.8341631Z","Action":"output","Package":"github.com/snissn/gomap/TreeDB/db","Test":"TestOpen_AppliesPersistedIndexFormatConfig","Output":"=== RUN   TestOpen_AppliesPersistedIndexFormatConfig\n"}
2026-10-06T19:42:34.9086814Z {"Time":"2026-10-06T19:42:34.90443Z","Action":"output","Package":"github.com/snissn/gomap/TreeDB/db","Test":"TestOpen_AppliesPersistedIndexFormatConfig","Output":"--- PASS: TestOpen_AppliesPersistedIndexFormatConfig (0.07s)\n"}
2026-10-06T19:42:34.9088226Z {"Time":"2026-10-06T19:42:34.90443Z","Action":"pass","Package":"github.com/snissn/gomap/TreeDB/db","Test":"TestOpen_AppliesPersistedIndexFormatConfig","Elapsed":0.07}
2026-10-06T19:42:34.9089350Z {"Time":"2026-10-06T19:42:34.90443Z","Action":"run","Package":"github.com/snissn/gomap/TreeDB/db","Test":"TestGetMany_OrderMissingEmptyAndDefensiveCopy"}
2026-10-06T19:42:34.9090991Z {"Time":"2026-10-06T19:42:34.90443Z","Action":"output","Package":"github.com/snissn/gomap/TreeDB/db","Test":"TestGetMany_OrderMissingEmptyAndDefensiveCopy","Output":"=== RUN   TestGetMany_OrderMissingEmptyAndDefensiveCopy\n"}
2026-10-06T19:42:34.9868358Z {"Time":"2026-10-06T19:42:34.9822505Z","Action":"output","Package":"github.com/snissn/gomap/TreeDB/db","Test":"TestGetMany_OrderMissingEmptyAndDefensiveCopy","Output":"--- PASS: TestGetMany_OrderMissingEmptyAndDefensiveCopy (0.08s)\n"}
2026-10-06T19:42:34.9871144Z {"Time":"2026-10-06T19:42:34.9822505Z","Action":"pass","Package":"github.com/snissn/gomap/TreeDB/db","Test":"TestGetMany_OrderMissingEmptyAndDefensiveCopy","Elapsed":0.08}
2026-10-06T19:42:34.9873310Z {"Time":"2026-10-06T19:42:34.9822505Z","Action":"run","Package":"github.com/snissn/gomap/TreeDB/db","Test":"TestRecoverIndexSwap_RemovedArtifactSyncsDirectory"}
2026-10-06T19:42:34.9876270Z {"Time":"2026-10-06T19:42:34.9822505Z","Action":"output","Package":"github.com/snissn/gomap/TreeDB/db","Test":"TestRecoverIndexSwap_RemovedArtifactSyncsDirectory","Output":"=== RUN   TestRecoverIndexSwap_RemovedArtifactSyncsDirectory\n"}
2026-10-06T19:42:34.9879612Z {"Time":"2026-10-06T19:42:34.9850236Z","Action":"output","Package":"github.com/snissn/gomap/TreeDB/db","Test":"TestRecoverIndexSwap_RemovedArtifactSyncsDirectory","Output":"--- PASS: TestRecoverIndexSwap_RemovedArtifactSyncsDirectory (0.00s)\n"}
2026-10-06T19:42:34.9882401Z {"Time":"2026-10-06T19:42:34.9850236Z","Action":"pass","Package":"github.com/snissn/gomap/TreeDB/db","Test":"TestRecoverIndexSwap_RemovedArtifactSyncsDirectory","Elapsed":0}
2026-10-06T19:42:34.9884633Z {"Time":"2026-10-06T19:42:34.9850236Z","Action":"run","Package":"github.com/snissn/gomap/TreeDB/db","Test":"TestEnsureStorageLayoutDirsSyncsRootForColumnAssetsM12A"}
2026-10-06T19:42:34.9887711Z {"Time":"2026-10-06T19:42:34.9850236Z","Action":"output","Package":"github.com/snissn/gomap/TreeDB/db","Test":"TestEnsureStorageLayoutDirsSyncsRootForColumnAssetsM12A","Output":"=== RUN   TestEnsureStorageLayoutDirsSyncsRootForColumnAssetsM12A\n"}
2026-10-06T19:42:34.9891456Z {"Time":"2026-10-06T19:42:34.9850236Z","Action":"output","Package":"github.com/snissn/gomap/TreeDB/db","Test":"TestEnsureStorageLayoutDirsSyncsRootForColumnAssetsM12A","Output":"    layout_test.go:96: Windows persists directory creation through the exact child handle\n"}
2026-10-06T19:42:34.9895298Z {"Time":"2026-10-06T19:42:34.9850236Z","Action":"output","Package":"github.com/snissn/gomap/TreeDB/db","Test":"TestEnsureStorageLayoutDirsSyncsRootForColumnAssetsM12A","Output":"--- SKIP: TestEnsureStorageLayoutDirsSyncsRootForColumnAssetsM12A (0.00s)\n"}
2026-10-06T19:42:34.9898363Z {"Time":"2026-10-06T19:42:34.9850236Z","Action":"skip","Package":"github.com/snissn/gomap/TreeDB/db","Test":"TestEnsureStorageLayoutDirsSyncsRootForColumnAssetsM12A","Elapsed":0}
2026-10-06T19:42:34.9899652Z {"Time":"2026-10-06T19:42:34.9850236Z","Action":"run","Package":"github.com/snissn/gomap/TreeDB/db","Test":"TestEnsureStorageLayoutDirsRetriesUnprovenNamespaceAfterSyncFailure"}
2026-10-06T19:42:34.9901535Z {"Time":"2026-10-06T19:42:34.9850236Z","Action":"output","Package":"github.com/snissn/gomap/TreeDB/db","Test":"TestEnsureStorageLayoutDirsRetriesUnprovenNamespaceAfterSyncFailure","Output":"=== RUN   TestEnsureStorageLayoutDirsRetriesUnprovenNamespaceAfterSyncFailure\n"}
2026-10-06T19:42:34.9903601Z {"Time":"2026-10-06T19:42:34.9850236Z","Action":"output","Package":"github.com/snissn/gomap/TreeDB/db","Test":"TestEnsureStorageLayoutDirsRetriesUnprovenNamespaceAfterSyncFailure","Output":"    layout_test.go:300: Windows persists directory creation through the exact child handle\n"}
2026-10-06T19:42:34.9906227Z {"Time":"2026-10-06T19:42:34.9850236Z","Action":"output","Package":"github.com/snissn/gomap/TreeDB/db","Test":"TestEnsureStorageLayoutDirsRetriesUnprovenNamespaceAfterSyncFailure","Output":"--- SKIP: TestEnsureStorageLayoutDirsRetriesUnprovenNamespaceAfterSyncFailure (0.00s)\n"}
2026-10-06T19:42:34.9907959Z {"Time":"2026-10-06T19:42:34.9850236Z","Action":"skip","Package":"github.com/snissn/gomap/TreeDB/db","Test":"TestEnsureStorageLayoutDirsRetriesUnprovenNamespaceAfterSyncFailure","Elapsed":0}
2026-10-06T19:42:34.9919328Z {"Time":"2026-10-06T19:42:34.9850236Z","Action":"run","Package":"github.com/snissn/gomap/TreeDB/db","Test":"TestHasLegacyMixedWALValueSegments_IgnoresCommitOnlyWAL"}
2026-10-06T19:42:34.9920748Z {"Time":"2026-10-06T19:42:34.9850236Z","Action":"output","Package":"github.com/snissn/gomap/TreeDB/db","Test":"TestHasLegacyMixedWALValueSegments_IgnoresCommitOnlyWAL","Output":"=== RUN   TestHasLegacyMixedWALValueSegments_IgnoresCommitOnlyWAL\n"}
2026-10-06T19:42:35.0021246Z {"Time":"2026-10-06T19:42:34.9877833Z","Action":"output","Package":"github.com/snissn/gomap/TreeDB/db","Test":"TestHasLegacyMixedWALValueSegments_IgnoresCommitOnlyWAL","Output":"--- PASS: TestHasLegacyMixedWALValueSegments_IgnoresCommitOnlyWAL (0.00s)\n"}
2026-10-06T19:42:35.0022955Z {"Time":"2026-10-06T19:42:34.9877833Z","Action":"pass","Package":"github.com/snissn/gomap/TreeDB/db","Test":"TestHasLegacyMixedWALValueSegments_IgnoresCommitOnlyWAL","Elapsed":0}
2026-10-06T19:42:35.0024081Z {"Time":"2026-10-06T19:42:34.9877833Z","Action":"run","Package":"github.com/snissn/gomap/TreeDB/db","Test":"TestLeafGenerationGC_DryRunRetriesInvalidatedScan"}
2026-10-06T19:42:35.0025431Z {"Time":"2026-10-06T19:42:34.9877833Z","Action":"output","Package":"github.com/snissn/gomap/TreeDB/db","Test":"TestLeafGenerationGC_DryRunRetriesInvalidatedScan","Output":"=== RUN   TestLeafGenerationGC_DryRunRetriesInvalidatedScan\n"}
2026-10-06T19:42:35.1425806Z {"Time":"2026-10-06T19:42:35.1399866Z","Action":"output","Package":"github.com/snissn/gomap/TreeDB/db","Test":"TestLeafGenerationGC_DryRunRetriesInvalidatedScan","Output":"--- PASS: TestLeafGenerationGC_DryRunRetriesInvalidatedScan (0.15s)\n"}
2026-10-06T19:42:35.1429292Z {"Time":"2026-10-06T19:42:35.1405157Z","Action":"pass","Package":"github.com/snissn/gomap/TreeDB/db","Test":"TestLeafGenerationGC_DryRunRetriesInvalidatedScan","Elapsed":0.15}
2026-10-06T19:42:35.1430859Z {"Time":"2026-10-06T19:42:35.1405157Z","Action":"run","Package":"github.com/snissn/gomap/TreeDB/db","Test":"TestLeafGenerationGC_DoesNotZombieSharedActiveFileID"}
2026-10-06T19:42:35.1432592Z {"Time":"2026-10-06T19:42:35.1405157Z","Action":"output","Package":"github.com/snissn/gomap/TreeDB/db","Test":"TestLeafGenerationGC_DoesNotZombieSharedActiveFileID","Output":"=== RUN   TestLeafGenerationGC_DoesNotZombieSharedActiveFileID\n"}
2026-10-06T19:42:35.2349897Z {"Time":"2026-10-06T19:42:35.21969Z","Action":"output","Package":"github.com/snissn/gomap/TreeDB/db","Test":"TestLeafGenerationGC_DoesNotZombieSharedActiveFileID","Output":"--- PASS: TestLeafGenerationGC_DoesNotZombieSharedActiveFileID (0.08s)\n"}
2026-10-06T19:42:35.2351994Z {"Time":"2026-10-06T19:42:35.2203591Z","Action":"pass","Package":"github.com/snissn/gomap/TreeDB/db","Test":"TestLeafGenerationGC_DoesNotZombieSharedActiveFileID","Elapsed":0.08}
2026-10-06T19:42:35.2353520Z {"Time":"2026-10-06T19:42:35.2203591Z","Action":"run","Package":"github.com/snissn/gomap/TreeDB/db","Test":"TestLeafGenerationGC_RetiresPinnedGenerationUntilSnapshotCloses"}
2026-10-06T19:42:35.2355318Z {"Time":"2026-10-06T19:42:35.2203591Z","Action":"output","Package":"github.com/snissn/gomap/TreeDB/db","Test":"TestLeafGenerationGC_RetiresPinnedGenerationUntilSnapshotCloses","Output":"=== RUN   TestLeafGenerationGC_RetiresPinnedGenerationUntilSnapshotCloses\n"}
2026-10-06T19:42:35.2357124Z {"Time":"2026-10-06T19:42:35.2203591Z","Action":"run","Package":"github.com/snissn/gomap/TreeDB/db","Test":"TestLeafGenerationGC_RetiresPinnedGenerationUntilSnapshotCloses/private=false"}
2026-10-06T19:42:35.2359595Z {"Time":"2026-10-06T19:42:35.2203591Z","Action":"output","Package":"github.com/snissn/gomap/TreeDB/db","Test":"TestLeafGenerationGC_RetiresPinnedGenerationUntilSnapshotCloses/private=false","Output":"=== RUN   TestLeafGenerationGC_RetiresPinnedGenerationUntilSnapshotCloses/private=false\n"}
2026-10-06T19:42:35.3905918Z {"Time":"2026-10-06T19:42:35.3792202Z","Action":"output","Package":"github.com/snissn/gomap/TreeDB/db","Test":"TestLeafGenerationGC_RetiresPinnedGenerationUntilSnapshotCloses/private=false","Output":"--- PASS: TestLeafGenerationGC_RetiresPinnedGenerationUntilSnapshotCloses/private=false (0.16s)\n"}
2026-10-06T19:42:35.3910029Z {"Time":"2026-10-06T19:42:35.3792202Z","Action":"pass","Package":"github.com/snissn/gomap/TreeDB/db","Test":"TestLeafGenerationGC_RetiresPinnedGenerationUntilSnapshotCloses/private=false","Elapsed":0.16}
2026-10-06T19:42:35.3911876Z {"Time":"2026-10-06T19:42:35.3792202Z","Action":"run","Package":"github.com/snissn/gomap/TreeDB/db","Test":"TestLeafGenerationGC_RetiresPinnedGenerationUntilSnapshotCloses/private=true"}
2026-10-06T19:42:35.3914705Z {"Time":"2026-10-06T19:42:35.3792202Z","Action":"output","Package":"github.com/snissn/gomap/TreeDB/db","Test":"TestLeafGenerationGC_RetiresPinnedGenerationUntilSnapshotCloses/private=true","Output":"=== RUN   TestLeafGenerationGC_RetiresPinnedGenerationUntilSnapshotCloses/private=true\n"}
2026-10-06T19:42:35.5614472Z {"Time":"2026-10-06T19:42:35.5510738Z","Action":"output","Package":"github.com/snissn/gomap/TreeDB/db","Test":"TestLeafGenerationGC_RetiresPinnedGenerationUntilSnapshotCloses/private=true","Output":"--- PASS: TestLeafGenerationGC_RetiresPinnedGenerationUntilSnapshotCloses/private=true (0.17s)\n"}
2026-10-06T19:42:35.5616580Z {"Time":"2026-10-06T19:42:35.5510738Z","Action":"pass","Package":"github.com/snissn/gomap/TreeDB/db","Test":"TestLeafGenerationGC_RetiresPinnedGenerationUntilSnapshotCloses/private=true","Elapsed":0.17}
2026-10-06T19:42:35.5618308Z {"Time":"2026-10-06T19:42:35.5510738Z","Action":"output","Package":"github.com/snissn/gomap/TreeDB/db","Test":"TestLeafGenerationGC_RetiresPinnedGenerationUntilSnapshotCloses","Output":"--- PASS: TestLeafGenerationGC_RetiresPinnedGenerationUntilSnapshotCloses (0.33s)\n"}
2026-10-06T19:42:35.5619924Z {"Time":"2026-10-06T19:42:35.5510738Z","Action":"pass","Package":"github.com/snissn/gomap/TreeDB/db","Test":"TestLeafGenerationGC_RetiresPinnedGenerationUntilSnapshotCloses","Elapsed":0.33}
2026-10-06T19:42:35.5621247Z {"Time":"2026-10-06T19:42:35.5510738Z","Action":"run","Package":"github.com/snissn/gomap/TreeDB/db","Test":"TestLeafGenerationManifestStablePreparedClosureAbandonUnpublishedRestoresView"}
2026-10-06T19:42:35.5623218Z {"Time":"2026-10-06T19:42:35.5510738Z","Action":"output","Package":"github.com/snissn/gomap/TreeDB/db","Test":"TestLeafGenerationManifestStablePreparedClosureAbandonUnpublishedRestoresView","Output":"=== RUN   TestLeafGenerationManifestStablePreparedClosureAbandonUnpublishedRestoresView\n"}
2026-10-06T19:42:35.5625573Z {"Time":"2026-10-06T19:42:35.5510738Z","Action":"output","Package":"github.com/snissn/gomap/TreeDB/db","Test":"TestLeafGenerationManifestStablePreparedClosureAbandonUnpublishedRestoresView","Output":"    leaf_generation_manifest_stable_prepare_test.go:18: stable manifest replacement requires exact relative namespace support\n"}
2026-10-06T19:42:35.5629327Z {"Time":"2026-10-06T19:42:35.5510738Z","Action":"output","Package":"github.com/snissn/gomap/TreeDB/db","Test":"TestLeafGenerationManifestStablePreparedClosureAbandonUnpublishedRestoresView","Output":"--- SKIP: TestLeafGenerationManifestStablePreparedClosureAbandonUnpublishedRestoresView (0.00s)\n"}
2026-10-06T19:42:35.5632270Z {"Time":"2026-10-06T19:42:35.5510738Z","Action":"skip","Package":"github.com/snissn/gomap/TreeDB/db","Test":"TestLeafGenerationManifestStablePreparedClosureAbandonUnpublishedRestoresView","Elapsed":0}
2026-10-06T19:42:35.5633751Z {"Time":"2026-10-06T19:42:35.5510738Z","Action":"run","Package":"github.com/snissn/gomap/TreeDB/db","Test":"TestLeafGenerationManifest_LoadRejectsUnsupportedVersion"}
2026-10-06T19:42:35.5635184Z {"Time":"2026-10-06T19:42:35.5510738Z","Action":"output","Package":"github.com/snissn/gomap/TreeDB/db","Test":"TestLeafGenerationManifest_LoadRejectsUnsupportedVersion","Output":"=== RUN   TestLeafGenerationManifest_LoadRejectsUnsupportedVersion\n"}
2026-10-06T19:42:35.5636925Z {"Time":"2026-10-06T19:42:35.5532265Z","Action":"output","Package":"github.com/snissn/gomap/TreeDB/db","Test":"TestLeafGenerationManifest_LoadRejectsUnsupportedVersion","Output":"--- PASS: TestLeafGenerationManifest_LoadRejectsUnsupportedVersion (0.00s)\n"}
2026-10-06T19:42:35.5639356Z {"Time":"2026-10-06T19:42:35.5532265Z","Action":"pass","Package":"github.com/snissn/gomap/TreeDB/db","Test":"TestLeafGenerationManifest_LoadRejectsUnsupportedVersion","Elapsed":0}
2026-10-06T19:42:35.5640650Z {"Time":"2026-10-06T19:42:35.5532265Z","Action":"run","Package":"github.com/snissn/gomap/TreeDB/db","Test":"TestLeafGenerationManifest_RegisterCurrentGenerationFileID_RollsGenerationOnNewFile"}
2026-10-06T19:42:35.5643101Z {"Time":"2026-10-06T19:42:35.5532265Z","Action":"output","Package":"github.com/snissn/gomap/TreeDB/db","Test":"TestLeafGenerationManifest_RegisterCurrentGenerationFileID_RollsGenerationOnNewFile","Output":"=== RUN   TestLeafGenerationManifest_RegisterCurrentGenerationFileID_RollsGenerationOnNewFile\n"}
2026-10-06T19:42:35.5646130Z {"Time":"2026-10-06T19:42:35.5532265Z","Action":"output","Package":"github.com/snissn/gomap/TreeDB/db","Test":"TestLeafGenerationManifest_RegisterCurrentGenerationFileID_RollsGenerationOnNewFile","Output":"--- PASS: TestLeafGenerationManifest_RegisterCurrentGenerationFileID_RollsGenerationOnNewFile (0.00s)\n"}
2026-10-06T19:42:35.5647982Z {"Time":"2026-10-06T19:42:35.5532265Z","Action":"pass","Package":"github.com/snissn/gomap/TreeDB/db","Test":"TestLeafGenerationManifest_RegisterCurrentGenerationFileID_RollsGenerationOnNewFile","Elapsed":0}
2026-10-06T19:42:35.5649539Z {"Time":"2026-10-06T19:42:35.5532265Z","Action":"run","Package":"github.com/snissn/gomap/TreeDB/db","Test":"TestOpen_IndexOuterLeavesInValueLog_CreatesLeafGenerationManifest"}
2026-10-06T19:42:35.5651456Z {"Time":"2026-10-06T19:42:35.5532265Z","Action":"output","Package":"github.com/snissn/gomap/TreeDB/db","Test":"TestOpen_IndexOuterLeavesInValueLog_CreatesLeafGenerationManifest","Output":"=== RUN   TestOpen_IndexOuterLeavesInValueLog_CreatesLeafGenerationManifest\n"}
2026-10-06T19:42:35.6230025Z {"Time":"2026-10-06T19:42:35.6110442Z","Action":"output","Package":"github.com/snissn/gomap/TreeDB/db","Test":"TestOpen_IndexOuterLeavesInValueLog_CreatesLeafGenerationManifest","Output":"--- PASS: TestOpen_IndexOuterLeavesInValueLog_CreatesLeafGenerationManifest (0.06s)\n"}
2026-10-06T19:42:35.6232168Z {"Time":"2026-10-06T19:42:35.6110442Z","Action":"pass","Package":"github.com/snissn/gomap/TreeDB/db","Test":"TestOpen_IndexOuterLeavesInValueLog_CreatesLeafGenerationManifest","Elapsed":0.06}
2026-10-06T19:42:35.6233774Z {"Time":"2026-10-06T19:42:35.6110442Z","Action":"run","Package":"github.com/snissn/gomap/TreeDB/db","Test":"TestStagedLeafGenerationManifestWithPending_IgnoresStaleMissingOlderFile"}
2026-10-06T19:42:35.6235864Z {"Time":"2026-10-06T19:42:35.6110442Z","Action":"output","Package":"github.com/snissn/gomap/TreeDB/db","Test":"TestStagedLeafGenerationManifestWithPending_IgnoresStaleMissingOlderFile","Output":"=== RUN   TestStagedLeafGenerationManifestWithPending_IgnoresStaleMissingOlderFile\n"}
2026-10-06T19:42:35.7310326Z {"Time":"2026-10-06T19:42:35.7230154Z","Action":"output","Package":"github.com/snissn/gomap/TreeDB/db","Test":"TestStagedLeafGenerationManifestWithPending_IgnoresStaleMissingOlderFile","Output":"--- PASS: TestStagedLeafGenerationManifestWithPending_IgnoresStaleMissingOlderFile (0.11s)\n"}
2026-10-06T19:42:35.7312300Z {"Time":"2026-10-06T19:42:35.7230154Z","Action":"pass","Package":"github.com/snissn/gomap/TreeDB/db","Test":"TestStagedLeafGenerationManifestWithPending_IgnoresStaleMissingOlderFile","Elapsed":0.11}
2026-10-06T19:42:35.7313840Z {"Time":"2026-10-06T19:42:35.7230154Z","Action":"run","Package":"github.com/snissn/gomap/TreeDB/db","Test":"TestLeafGenerationPack_PrivatePagesRaceWithForegroundWriters"}
2026-10-06T19:42:35.7315789Z {"Time":"2026-10-06T19:42:35.7230154Z","Action":"output","Package":"github.com/snissn/gomap/TreeDB/db","Test":"TestLeafGenerationPack_PrivatePagesRaceWithForegroundWriters","Output":"=== RUN   TestLeafGenerationPack_PrivatePagesRaceWithForegroundWriters\n"}
2026-10-06T19:42:36.6491462Z {"Time":"2026-10-06T19:42:36.6390526Z","Action":"output","Package":"github.com/snissn/gomap/TreeDB/db","Test":"TestLeafGenerationPack_PrivatePagesRaceWithForegroundWriters","Output":"--- PASS: TestLeafGenerationPack_PrivatePagesRaceWithForegroundWriters (0.92s)\n"}
2026-10-06T19:42:36.6495172Z {"Time":"2026-10-06T19:42:36.6390526Z","Action":"pass","Package":"github.com/snissn/gomap/TreeDB/db","Test":"TestLeafGenerationPack_PrivatePagesRaceWithForegroundWriters","Elapsed":0.92}
2026-10-06T19:42:36.6497446Z {"Time":"2026-10-06T19:42:36.6390526Z","Action":"run","Package":"github.com/snissn/gomap/TreeDB/db","Test":"TestLeafGenerationPack_ManifestPreparationRunsBeforePublicationLocks"}
2026-10-06T19:42:36.6500504Z {"Time":"2026-10-06T19:42:36.6390526Z","Action":"output","Package":"github.com/snissn/gomap/TreeDB/db","Test":"TestLeafGenerationPack_ManifestPreparationRunsBeforePublicationLocks","Output":"=== RUN   TestLeafGenerationPack_ManifestPreparationRunsBeforePublicationLocks\n"}
2026-10-06T19:42:36.6504320Z {"Time":"2026-10-06T19:42:36.6396338Z","Action":"output","Package":"github.com/snissn/gomap/TreeDB/db","Test":"TestLeafGenerationPack_ManifestPreparationRunsBeforePublicationLocks","Output":"    leaf_generation_pack_publication_test.go:348: leaf generation pack promotion requires exact retained-parent namespace support\n"}
2026-10-06T19:42:36.6508472Z {"Time":"2026-10-06T19:42:36.6406715Z","Action":"output","Package":"github.com/snissn/gomap/TreeDB/db","Test":"TestLeafGenerationPack_ManifestPreparationRunsBeforePublicationLocks","Output":"--- SKIP: TestLeafGenerationPack_ManifestPreparationRunsBeforePublicationLocks (0.00s)\n"}
2026-10-06T19:42:36.6511512Z {"Time":"2026-10-06T19:42:36.6406715Z","Action":"skip","Package":"github.com/snissn/gomap/TreeDB/db","Test":"TestLeafGenerationPack_ManifestPreparationRunsBeforePublicationLocks","Elapsed":0}
2026-10-06T19:42:36.6513972Z {"Time":"2026-10-06T19:42:36.6406715Z","Action":"run","Package":"github.com/snissn/gomap/TreeDB/db","Test":"TestLeafGenerationPack_MetaSyncFailurePoisonsAndRetainsCandidates"}
2026-10-06T19:42:36.6517025Z {"Time":"2026-10-06T19:42:36.6406715Z","Action":"output","Package":"github.com/snissn/gomap/TreeDB/db","Test":"TestLeafGenerationPack_MetaSyncFailurePoisonsAndRetainsCandidates","Output":"=== RUN   TestLeafGenerationPack_MetaSyncFailurePoisonsAndRetainsCandidates\n"}
2026-10-06T19:42:36.6521103Z {"Time":"2026-10-06T19:42:36.6406715Z","Action":"output","Package":"github.com/snissn/gomap/TreeDB/db","Test":"TestLeafGenerationPack_MetaSyncFailurePoisonsAndRetainsCandidates","Output":"    leaf_generation_pack_publication_test.go:709: leaf generation pack promotion requires exact retained-parent namespace support\n"}
2026-10-06T19:42:36.6525031Z {"Time":"2026-10-06T19:42:36.6414088Z","Action":"output","Package":"github.com/snissn/gomap/TreeDB/db","Test":"TestLeafGenerationPack_MetaSyncFailurePoisonsAndRetainsCandidates","Output":"--- SKIP: TestLeafGenerationPack_MetaSyncFailurePoisonsAndRetainsCandidates (0.00s)\n"}
2026-10-06T19:42:36.6529082Z {"Time":"2026-10-06T19:42:36.6419959Z","Action":"skip","Package":"github.com/snissn/gomap/TreeDB/db","Test":"TestLeafGenerationPack_MetaSyncFailurePoisonsAndRetainsCandidates","Elapsed":0}
2026-10-06T19:42:36.6531337Z {"Time":"2026-10-06T19:42:36.643149Z","Action":"run","Package":"github.com/snissn/gomap/TreeDB/db","Test":"TestLeafGenerationPackRunOnce_MovesSparseGeneration"}
2026-10-06T19:42:36.6533882Z {"Time":"2026-10-06T19:42:36.643149Z","Action":"output","Package":"github.com/snissn/gomap/TreeDB/db","Test":"TestLeafGenerationPackRunOnce_MovesSparseGeneration","Output":"=== RUN   TestLeafGenerationPackRunOnce_MovesSparseGeneration\n"}
2026-10-06T19:42:36.6537483Z {"Time":"2026-10-06T19:42:36.643149Z","Action":"output","Package":"github.com/snissn/gomap/TreeDB/db","Test":"TestLeafGenerationPackRunOnce_MovesSparseGeneration","Output":"    leaf_generation_pack_run_once_test.go:13: leaf generation pack promotion requires exact retained-parent namespace support\n"}
2026-10-06T19:42:36.6541088Z {"Time":"2026-10-06T19:42:36.643149Z","Action":"output","Package":"github.com/snissn/gomap/TreeDB/db","Test":"TestLeafGenerationPackRunOnce_MovesSparseGeneration","Output":"--- SKIP: TestLeafGenerationPackRunOnce_MovesSparseGeneration (0.00s)\n"}
2026-10-06T19:42:36.6544497Z {"Time":"2026-10-06T19:42:36.643149Z","Action":"skip","Package":"github.com/snissn/gomap/TreeDB/db","Test":"TestLeafGenerationPackRunOnce_MovesSparseGeneration","Elapsed":0}
2026-10-06T19:42:36.6557767Z {"Time":"2026-10-06T19:42:36.643149Z","Action":"run","Package":"github.com/snissn/gomap/TreeDB/db","Test":"TestSelectLeafGenerationPackCandidates_SkipsOversizeCandidateToFitLaterRankedGeneration"}
2026-10-06T19:42:36.6561592Z {"Time":"2026-10-06T19:42:36.643149Z","Action":"output","Package":"github.com/snissn/gomap/TreeDB/db","Test":"TestSelectLeafGenerationPackCandidates_SkipsOversizeCandidateToFitLaterRankedGeneration","Output":"=== RUN   TestSelectLeafGenerationPackCandidates_SkipsOversizeCandidateToFitLaterRankedGeneration\n"}
2026-10-06T19:42:36.6566071Z {"Time":"2026-10-06T19:42:36.643149Z","Action":"output","Package":"github.com/snissn/gomap/TreeDB/db","Test":"TestSelectLeafGenerationPackCandidates_SkipsOversizeCandidateToFitLaterRankedGeneration","Output":"--- PASS: TestSelectLeafGenerationPackCandidates_SkipsOversizeCandidateToFitLaterRankedGeneration (0.00s)\n"}
2026-10-06T19:42:36.6569999Z {"Time":"2026-10-06T19:42:36.643149Z","Action":"pass","Package":"github.com/snissn/gomap/TreeDB/db","Test":"TestSelectLeafGenerationPackCandidates_SkipsOversizeCandidateToFitLaterRankedGeneration","Elapsed":0}
2026-10-06T19:42:36.6572678Z {"Time":"2026-10-06T19:42:36.643149Z","Action":"run","Package":"github.com/snissn/gomap/TreeDB/db","Test":"TestSelectLeafGenerationPackCandidates_BoundedLowYieldCombinationsRemainThresholdDebt"}
2026-10-06T19:42:36.6576116Z {"Time":"2026-10-06T19:42:36.643149Z","Action":"output","Package":"github.com/snissn/gomap/TreeDB/db","Test":"TestSelectLeafGenerationPackCandidates_BoundedLowYieldCombinationsRemainThresholdDebt","Output":"=== RUN   TestSelectLeafGenerationPackCandidates_BoundedLowYieldCombinationsRemainThresholdDebt\n"}
2026-10-06T19:42:36.6580483Z {"Time":"2026-10-06T19:42:36.643149Z","Action":"output","Package":"github.com/snissn/gomap/TreeDB/db","Test":"TestSelectLeafGenerationPackCandidates_BoundedLowYieldCombinationsRemainThresholdDebt","Output":"--- PASS: TestSelectLeafGenerationPackCandidates_BoundedLowYieldCombinationsRemainThresholdDebt (0.00s)\n"}
2026-10-06T19:42:36.6584047Z {"Time":"2026-10-06T19:42:36.643149Z","Action":"pass","Package":"github.com/snissn/gomap/TreeDB/db","Test":"TestSelectLeafGenerationPackCandidates_BoundedLowYieldCombinationsRemainThresholdDebt","Elapsed":0}
2026-10-06T19:42:36.6586461Z {"Time":"2026-10-06T19:42:36.643149Z","Action":"run","Package":"github.com/snissn/gomap/TreeDB/db","Test":"TestLeafLogSequenceReservationDoesNotReuseAbortedSequence"}
2026-10-06T19:42:36.6589215Z {"Time":"2026-10-06T19:42:36.643149Z","Action":"output","Package":"github.com/snissn/gomap/TreeDB/db","Test":"TestLeafLogSequenceReservationDoesNotReuseAbortedSequence","Output":"=== RUN   TestLeafLogSequenceReservationDoesNotReuseAbortedSequence\n"}
2026-10-06T19:42:36.6592687Z {"Time":"2026-10-06T19:42:36.643149Z","Action":"output","Package":"github.com/snissn/gomap/TreeDB/db","Test":"TestLeafLogSequenceReservationDoesNotReuseAbortedSequence","Output":"--- PASS: TestLeafLogSequenceReservationDoesNotReuseAbortedSequence (0.00s)\n"}
2026-10-06T19:42:36.6595841Z {"Time":"2026-10-06T19:42:36.643149Z","Action":"pass","Package":"github.com/snissn/gomap/TreeDB/db","Test":"TestLeafLogSequenceReservationDoesNotReuseAbortedSequence","Elapsed":0}
2026-10-06T19:42:36.6598233Z {"Time":"2026-10-06T19:42:36.643712Z","Action":"run","Package":"github.com/snissn/gomap/TreeDB/db","Test":"TestLeafGenerationPackStablePrepareValidationFailureCleansPromotedChildren"}
2026-10-06T19:42:36.6601528Z {"Time":"2026-10-06T19:42:36.643712Z","Action":"output","Package":"github.com/snissn/gomap/TreeDB/db","Test":"TestLeafGenerationPackStablePrepareValidationFailureCleansPromotedChildren","Output":"=== RUN   TestLeafGenerationPackStablePrepareValidationFailureCleansPromotedChildren\n"}
2026-10-06T19:42:36.6606454Z {"Time":"2026-10-06T19:42:36.643712Z","Action":"output","Package":"github.com/snissn/gomap/TreeDB/db","Test":"TestLeafGenerationPackStablePrepareValidationFailureCleansPromotedChildren","Output":"    leaf_generation_pack_stable_prepare_test.go:432: stable packed promotion requires exact relative cross-parent namespace support\n"}
2026-10-06T19:42:36.6611146Z {"Time":"2026-10-06T19:42:36.643712Z","Action":"output","Package":"github.com/snissn/gomap/TreeDB/db","Test":"TestLeafGenerationPackStablePrepareValidationFailureCleansPromotedChildren","Output":"--- SKIP: TestLeafGenerationPackStablePrepareValidationFailureCleansPromotedChildren (0.00s)\n"}
2026-10-06T19:42:36.6614907Z {"Time":"2026-10-06T19:42:36.643712Z","Action":"skip","Package":"github.com/snissn/gomap/TreeDB/db","Test":"TestLeafGenerationPackStablePrepareValidationFailureCleansPromotedChildren","Elapsed":0}
2026-10-06T19:42:36.6616927Z {"Time":"2026-10-06T19:42:36.6447095Z","Action":"output","Package":"github.com/snissn/gomap/TreeDB/db","Output":"PASS\n"}
2026-10-06T19:42:36.6641526Z {"Time":"2026-10-06T19:42:36.652526Z","Action":"output","Package":"github.com/snissn/gomap/TreeDB/db","Output":"ok  \tgithub.com/snissn/gomap/TreeDB/db\t7.942s\n"}
2026-10-06T19:42:37.7505264Z {"Time":"2026-10-06T19:42:37.7429446Z","Action":"pass","Package":"github.com/snissn/gomap/TreeDB/db","Elapsed":9.033}
2026-10-06T19:42:37.8658249Z TreeDB/db test shard=1/8 chunk=2 tests=93 regex_len=5697
2026-10-06T19:42:40.0626504Z {"Time":"2026-10-06T19:42:40.06131Z","Action":"start","Package":"github.com/snissn/gomap/TreeDB/db"}
2026-10-06T19:42:40.1066476Z {"Time":"2026-10-06T19:42:40.0910783Z","Action":"run","Package":"github.com/snissn/gomap/TreeDB/db","Test":"TestLoadLeafGenerationRecordLengthIndex_ReturnsStableSnapshot"}
2026-10-06T19:42:40.1068440Z {"Time":"2026-10-06T19:42:40.0910783Z","Action":"output","Package":"github.com/snissn/gomap/TreeDB/db","Test":"TestLoadLeafGenerationRecordLengthIndex_ReturnsStableSnapshot","Output":"=== RUN   TestLoadLeafGenerationRecordLengthIndex_ReturnsStableSnapshot\n"}
2026-10-06T19:42:40.1537194Z {"Time":"2026-10-06T19:42:40.1517212Z","Action":"output","Package":"github.com/snissn/gomap/TreeDB/db","Test":"TestLoadLeafGenerationRecordLengthIndex_ReturnsStableSnapshot","Output":"--- PASS: TestLoadLeafGenerationRecordLengthIndex_ReturnsStableSnapshot (0.06s)\n"}
2026-10-06T19:42:40.1540554Z {"Time":"2026-10-06T19:42:40.1517212Z","Action":"pass","Package":"github.com/snissn/gomap/TreeDB/db","Test":"TestLoadLeafGenerationRecordLengthIndex_ReturnsStableSnapshot","Elapsed":0.06}
2026-10-06T19:42:40.1542898Z {"Time":"2026-10-06T19:42:40.152141Z","Action":"run","Package":"github.com/snissn/gomap/TreeDB/db","Test":"TestLeafGenerationPack_RewritesCollectionLeafRefRoot"}
2026-10-06T19:42:40.1544683Z {"Time":"2026-10-06T19:42:40.152141Z","Action":"output","Package":"github.com/snissn/gomap/TreeDB/db","Test":"TestLeafGenerationPack_RewritesCollectionLeafRefRoot","Output":"=== RUN   TestLeafGenerationPack_RewritesCollectionLeafRefRoot\n"}
2026-10-06T19:42:40.1546911Z {"Time":"2026-10-06T19:42:40.152141Z","Action":"output","Package":"github.com/snissn/gomap/TreeDB/db","Test":"TestLeafGenerationPack_RewritesCollectionLeafRefRoot","Output":"    leaf_generation_pack_test.go:683: leaf generation pack promotion requires exact retained-parent namespace support\n"}
2026-10-06T19:42:40.1548847Z {"Time":"2026-10-06T19:42:40.152141Z","Action":"output","Package":"github.com/snissn/gomap/TreeDB/db","Test":"TestLeafGenerationPack_RewritesCollectionLeafRefRoot","Output":"--- SKIP: TestLeafGenerationPack_RewritesCollectionLeafRefRoot (0.00s)\n"}
2026-10-06T19:42:40.1550317Z {"Time":"2026-10-06T19:42:40.152141Z","Action":"skip","Package":"github.com/snissn/gomap/TreeDB/db","Test":"TestLeafGenerationPack_RewritesCollectionLeafRefRoot","Elapsed":0}
2026-10-06T19:42:40.1551575Z {"Time":"2026-10-06T19:42:40.152141Z","Action":"run","Package":"github.com/snissn/gomap/TreeDB/db","Test":"TestLeafGenerationPackLockedNoOpNeedsNoNamespaceSupport"}
2026-10-06T19:42:40.1554072Z {"Time":"2026-10-06T19:42:40.152141Z","Action":"output","Package":"github.com/snissn/gomap/TreeDB/db","Test":"TestLeafGenerationPackLockedNoOpNeedsNoNamespaceSupport","Output":"=== RUN   TestLeafGenerationPackLockedNoOpNeedsNoNamespaceSupport\n"}
2026-10-06T19:42:40.1555903Z {"Time":"2026-10-06T19:42:40.152141Z","Action":"output","Package":"github.com/snissn/gomap/TreeDB/db","Test":"TestLeafGenerationPackLockedNoOpNeedsNoNamespaceSupport","Output":"--- PASS: TestLeafGenerationPackLockedNoOpNeedsNoNamespaceSupport (0.00s)\n"}
2026-10-06T19:42:40.1558415Z {"Time":"2026-10-06T19:42:40.152141Z","Action":"pass","Package":"github.com/snissn/gomap/TreeDB/db","Test":"TestLeafGenerationPackLockedNoOpNeedsNoNamespaceSupport","Elapsed":0}
2026-10-06T19:42:40.1559601Z {"Time":"2026-10-06T19:42:40.152141Z","Action":"run","Package":"github.com/snissn/gomap/TreeDB/db","Test":"TestLeafGenerationGroupedFrameScanCache_BoundsEntries"}
2026-10-06T19:42:40.1560988Z {"Time":"2026-10-06T19:42:40.152141Z","Action":"output","Package":"github.com/snissn/gomap/TreeDB/db","Test":"TestLeafGenerationGroupedFrameScanCache_BoundsEntries","Output":"=== RUN   TestLeafGenerationGroupedFrameScanCache_BoundsEntries\n"}
2026-10-06T19:42:40.1562862Z {"Time":"2026-10-06T19:42:40.152141Z","Action":"output","Package":"github.com/snissn/gomap/TreeDB/db","Test":"TestLeafGenerationGroupedFrameScanCache_BoundsEntries","Output":"--- PASS: TestLeafGenerationGroupedFrameScanCache_BoundsEntries (0.00s)\n"}
2026-10-06T19:42:40.1564314Z {"Time":"2026-10-06T19:42:40.152141Z","Action":"pass","Package":"github.com/snissn/gomap/TreeDB/db","Test":"TestLeafGenerationGroupedFrameScanCache_BoundsEntries","Elapsed":0}
2026-10-06T19:42:40.1565425Z {"Time":"2026-10-06T19:42:40.152141Z","Action":"run","Package":"github.com/snissn/gomap/TreeDB/db","Test":"TestLeafGenerationRecordLengthForPlan_UsesSealedIndex"}
2026-10-06T19:42:40.1566806Z {"Time":"2026-10-06T19:42:40.152141Z","Action":"output","Package":"github.com/snissn/gomap/TreeDB/db","Test":"TestLeafGenerationRecordLengthForPlan_UsesSealedIndex","Output":"=== RUN   TestLeafGenerationRecordLengthForPlan_UsesSealedIndex\n"}
2026-10-06T19:42:40.3240397Z {"Time":"2026-10-06T19:42:40.3228379Z","Action":"output","Package":"github.com/snissn/gomap/TreeDB/db","Test":"TestLeafGenerationRecordLengthForPlan_UsesSealedIndex","Output":"--- PASS: TestLeafGenerationRecordLengthForPlan_UsesSealedIndex (0.17s)\n"}
2026-10-06T19:42:40.3244038Z {"Time":"2026-10-06T19:42:40.3228379Z","Action":"pass","Package":"github.com/snissn/gomap/TreeDB/db","Test":"TestLeafGenerationRecordLengthForPlan_UsesSealedIndex","Elapsed":0.17}
2026-10-06T19:42:40.3246426Z {"Time":"2026-10-06T19:42:40.3228379Z","Action":"run","Package":"github.com/snissn/gomap/TreeDB/db","Test":"TestLeafGenerationRecordLengthIndex_LookupWithHintLocality"}
2026-10-06T19:42:40.3248171Z {"Time":"2026-10-06T19:42:40.3228379Z","Action":"output","Package":"github.com/snissn/gomap/TreeDB/db","Test":"TestLeafGenerationRecordLengthIndex_LookupWithHintLocality","Output":"=== RUN   TestLeafGenerationRecordLengthIndex_LookupWithHintLocality\n"}
2026-10-06T19:42:40.3250011Z {"Time":"2026-10-06T19:42:40.3228379Z","Action":"output","Package":"github.com/snissn/gomap/TreeDB/db","Test":"TestLeafGenerationRecordLengthIndex_LookupWithHintLocality","Output":"--- PASS: TestLeafGenerationRecordLengthIndex_LookupWithHintLocality (0.00s)\n"}
2026-10-06T19:42:40.3251653Z {"Time":"2026-10-06T19:42:40.3228379Z","Action":"pass","Package":"github.com/snissn/gomap/TreeDB/db","Test":"TestLeafGenerationRecordLengthIndex_LookupWithHintLocality","Elapsed":0}
2026-10-06T19:42:40.3252962Z {"Time":"2026-10-06T19:42:40.3228379Z","Action":"run","Package":"github.com/snissn/gomap/TreeDB/db","Test":"TestLeafPageLogLanes_IteratorSnapshotSurvivesMultiLaneGC"}
2026-10-06T19:42:40.3254372Z {"Time":"2026-10-06T19:42:40.3228379Z","Action":"output","Package":"github.com/snissn/gomap/TreeDB/db","Test":"TestLeafPageLogLanes_IteratorSnapshotSurvivesMultiLaneGC","Output":"=== RUN   TestLeafPageLogLanes_IteratorSnapshotSurvivesMultiLaneGC\n"}
2026-10-06T19:42:40.4945268Z {"Time":"2026-10-06T19:42:40.4935679Z","Action":"output","Package":"github.com/snissn/gomap/TreeDB/db","Test":"TestLeafPageLogLanes_IteratorSnapshotSurvivesMultiLaneGC","Output":"--- PASS: TestLeafPageLogLanes_IteratorSnapshotSurvivesMultiLaneGC (0.17s)\n"}
2026-10-06T19:42:40.4948245Z {"Time":"2026-10-06T19:42:40.4935679Z","Action":"pass","Package":"github.com/snissn/gomap/TreeDB/db","Test":"TestLeafPageLogLanes_IteratorSnapshotSurvivesMultiLaneGC","Elapsed":0.17}
2026-10-06T19:42:40.4951079Z {"Time":"2026-10-06T19:42:40.4935679Z","Action":"run","Package":"github.com/snissn/gomap/TreeDB/db","Test":"TestCachedLeafPageReaderHitAvoidsFallback"}
2026-10-06T19:42:40.4953521Z {"Time":"2026-10-06T19:42:40.4935679Z","Action":"output","Package":"github.com/snissn/gomap/TreeDB/db","Test":"TestCachedLeafPageReaderHitAvoidsFallback","Output":"=== RUN   TestCachedLeafPageReaderHitAvoidsFallback\n"}
2026-10-06T19:42:40.4956588Z {"Time":"2026-10-06T19:42:40.4935679Z","Action":"output","Package":"github.com/snissn/gomap/TreeDB/db","Test":"TestCachedLeafPageReaderHitAvoidsFallback","Output":"--- PASS: TestCachedLeafPageReaderHitAvoidsFallback (0.00s)\n"}
2026-10-06T19:42:40.4958381Z {"Time":"2026-10-06T19:42:40.4935679Z","Action":"pass","Package":"github.com/snissn/gomap/TreeDB/db","Test":"TestCachedLeafPageReaderHitAvoidsFallback","Elapsed":0}
2026-10-06T19:42:40.4960363Z {"Time":"2026-10-06T19:42:40.4935679Z","Action":"run","Package":"github.com/snissn/gomap/TreeDB/db","Test":"TestCachedLeafPageReaderReadMissAdmissionUnknownChecksumStaysUnverified"}
2026-10-06T19:42:40.4962091Z {"Time":"2026-10-06T19:42:40.4935679Z","Action":"output","Package":"github.com/snissn/gomap/TreeDB/db","Test":"TestCachedLeafPageReaderReadMissAdmissionUnknownChecksumStaysUnverified","Output":"=== RUN   TestCachedLeafPageReaderReadMissAdmissionUnknownChecksumStaysUnverified\n"}
2026-10-06T19:42:40.4964607Z {"Time":"2026-10-06T19:42:40.4935679Z","Action":"output","Package":"github.com/snissn/gomap/TreeDB/db","Test":"TestCachedLeafPageReaderReadMissAdmissionUnknownChecksumStaysUnverified","Output":"--- PASS: TestCachedLeafPageReaderReadMissAdmissionUnknownChecksumStaysUnverified (0.00s)\n"}
2026-10-06T19:42:40.4966379Z {"Time":"2026-10-06T19:42:40.4935679Z","Action":"pass","Package":"github.com/snissn/gomap/TreeDB/db","Test":"TestCachedLeafPageReaderReadMissAdmissionUnknownChecksumStaysUnverified","Elapsed":0}
2026-10-06T19:42:40.4967735Z {"Time":"2026-10-06T19:42:40.4935679Z","Action":"run","Package":"github.com/snissn/gomap/TreeDB/db","Test":"TestLeafPageReadCacheInterleavedReadMissAdmissionsRetainDirectMapCollisions"}
2026-10-06T19:42:40.4969989Z {"Time":"2026-10-06T19:42:40.4935679Z","Action":"output","Package":"github.com/snissn/gomap/TreeDB/db","Test":"TestLeafPageReadCacheInterleavedReadMissAdmissionsRetainDirectMapCollisions","Output":"=== RUN   TestLeafPageReadCacheInterleavedReadMissAdmissionsRetainDirectMapCollisions\n"}
2026-10-06T19:42:40.4972263Z {"Time":"2026-10-06T19:42:40.4940937Z","Action":"output","Package":"github.com/snissn/gomap/TreeDB/db","Test":"TestLeafPageReadCacheInterleavedReadMissAdmissionsRetainDirectMapCollisions","Output":"--- PASS: TestLeafPageReadCacheInterleavedReadMissAdmissionsRetainDirectMapCollisions (0.00s)\n"}
2026-10-06T19:42:40.4974334Z {"Time":"2026-10-06T19:42:40.4940937Z","Action":"pass","Package":"github.com/snissn/gomap/TreeDB/db","Test":"TestLeafPageReadCacheInterleavedReadMissAdmissionsRetainDirectMapCollisions","Elapsed":0}
2026-10-06T19:42:40.4976048Z {"Time":"2026-10-06T19:42:40.4940937Z","Action":"run","Package":"github.com/snissn/gomap/TreeDB/db","Test":"TestValueReaderLeafLogPageUnsafeToOneOffReadMissDoesNotEvictStoredLeaf"}
2026-10-06T19:42:40.4977718Z {"Time":"2026-10-06T19:42:40.4940937Z","Action":"output","Package":"github.com/snissn/gomap/TreeDB/db","Test":"TestValueReaderLeafLogPageUnsafeToOneOffReadMissDoesNotEvictStoredLeaf","Output":"=== RUN   TestValueReaderLeafLogPageUnsafeToOneOffReadMissDoesNotEvictStoredLeaf\n"}
2026-10-06T19:42:40.4980240Z {"Time":"2026-10-06T19:42:40.4940937Z","Action":"output","Package":"github.com/snissn/gomap/TreeDB/db","Test":"TestValueReaderLeafLogPageUnsafeToOneOffReadMissDoesNotEvictStoredLeaf","Output":"--- PASS: TestValueReaderLeafLogPageUnsafeToOneOffReadMissDoesNotEvictStoredLeaf (0.00s)\n"}
2026-10-06T19:42:40.4982252Z {"Time":"2026-10-06T19:42:40.4940937Z","Action":"pass","Package":"github.com/snissn/gomap/TreeDB/db","Test":"TestValueReaderLeafLogPageUnsafeToOneOffReadMissDoesNotEvictStoredLeaf","Elapsed":0}
2026-10-06T19:42:40.4983730Z {"Time":"2026-10-06T19:42:40.4940937Z","Action":"run","Package":"github.com/snissn/gomap/TreeDB/db","Test":"TestLeafPageReadCacheAdaptiveWriteAdmissionPreservesChecksumState"}
2026-10-06T19:42:40.4985348Z {"Time":"2026-10-06T19:42:40.4940937Z","Action":"output","Package":"github.com/snissn/gomap/TreeDB/db","Test":"TestLeafPageReadCacheAdaptiveWriteAdmissionPreservesChecksumState","Output":"=== RUN   TestLeafPageReadCacheAdaptiveWriteAdmissionPreservesChecksumState\n"}
2026-10-06T19:42:40.4987728Z {"Time":"2026-10-06T19:42:40.4940937Z","Action":"output","Package":"github.com/snissn/gomap/TreeDB/db","Test":"TestLeafPageReadCacheAdaptiveWriteAdmissionPreservesChecksumState","Output":"--- PASS: TestLeafPageReadCacheAdaptiveWriteAdmissionPreservesChecksumState (0.00s)\n"}
2026-10-06T19:42:40.4989388Z {"Time":"2026-10-06T19:42:40.4940937Z","Action":"pass","Package":"github.com/snissn/gomap/TreeDB/db","Test":"TestLeafPageReadCacheAdaptiveWriteAdmissionPreservesChecksumState","Elapsed":0}
2026-10-06T19:42:40.4990633Z {"Time":"2026-10-06T19:42:40.4940937Z","Action":"run","Package":"github.com/snissn/gomap/TreeDB/db","Test":"TestValidateOptionsRejectsHugeLeafPageReadCacheEntriesFromEnv"}
2026-10-06T19:42:40.4992539Z {"Time":"2026-10-06T19:42:40.4940937Z","Action":"output","Package":"github.com/snissn/gomap/TreeDB/db","Test":"TestValidateOptionsRejectsHugeLeafPageReadCacheEntriesFromEnv","Output":"=== RUN   TestValidateOptionsRejectsHugeLeafPageReadCacheEntriesFromEnv\n"}
2026-10-06T19:42:40.4994622Z {"Time":"2026-10-06T19:42:40.4946711Z","Action":"output","Package":"github.com/snissn/gomap/TreeDB/db","Test":"TestValidateOptionsRejectsHugeLeafPageReadCacheEntriesFromEnv","Output":"--- PASS: TestValidateOptionsRejectsHugeLeafPageReadCacheEntriesFromEnv (0.00s)\n"}
2026-10-06T19:42:40.4996227Z {"Time":"2026-10-06T19:42:40.4946711Z","Action":"pass","Package":"github.com/snissn/gomap/TreeDB/db","Test":"TestValidateOptionsRejectsHugeLeafPageReadCacheEntriesFromEnv","Elapsed":0}
2026-10-06T19:42:40.4997789Z {"Time":"2026-10-06T19:42:40.4946711Z","Action":"run","Package":"github.com/snissn/gomap/TreeDB/db","Test":"TestLeafPageStableWrapperRejectsMalformedProviderAuthority"}
2026-10-06T19:42:40.4999298Z {"Time":"2026-10-06T19:42:40.4946711Z","Action":"output","Package":"github.com/snissn/gomap/TreeDB/db","Test":"TestLeafPageStableWrapperRejectsMalformedProviderAuthority","Output":"=== RUN   TestLeafPageStableWrapperRejectsMalformedProviderAuthority\n"}
2026-10-06T19:42:40.5000782Z {"Time":"2026-10-06T19:42:40.4946711Z","Action":"run","Package":"github.com/snissn/gomap/TreeDB/db","Test":"TestLeafPageStableWrapperRejectsMalformedProviderAuthority/nil"}
2026-10-06T19:42:40.5002634Z {"Time":"2026-10-06T19:42:40.4946711Z","Action":"output","Package":"github.com/snissn/gomap/TreeDB/db","Test":"TestLeafPageStableWrapperRejectsMalformedProviderAuthority/nil","Output":"=== RUN   TestLeafPageStableWrapperRejectsMalformedProviderAuthority/nil\n"}
2026-10-06T19:42:40.5004547Z {"Time":"2026-10-06T19:42:40.4946711Z","Action":"output","Package":"github.com/snissn/gomap/TreeDB/db","Test":"TestLeafPageStableWrapperRejectsMalformedProviderAuthority/nil","Output":"--- PASS: TestLeafPageStableWrapperRejectsMalformedProviderAuthority/nil (0.00s)\n"}
2026-10-06T19:42:40.5006147Z {"Time":"2026-10-06T19:42:40.4946711Z","Action":"pass","Package":"github.com/snissn/gomap/TreeDB/db","Test":"TestLeafPageStableWrapperRejectsMalformedProviderAuthority/nil","Elapsed":0}
2026-10-06T19:42:40.5007885Z {"Time":"2026-10-06T19:42:40.4946711Z","Action":"run","Package":"github.com/snissn/gomap/TreeDB/db","Test":"TestLeafPageStableWrapperRejectsMalformedProviderAuthority/partial"}
2026-10-06T19:42:40.5009470Z {"Time":"2026-10-06T19:42:40.4946711Z","Action":"output","Package":"github.com/snissn/gomap/TreeDB/db","Test":"TestLeafPageStableWrapperRejectsMalformedProviderAuthority/partial","Output":"=== RUN   TestLeafPageStableWrapperRejectsMalformedProviderAuthority/partial\n"}
2026-10-06T19:42:40.5098371Z {"Time":"2026-10-06T19:42:40.4968874Z","Action":"output","Package":"github.com/snissn/gomap/TreeDB/db","Test":"TestLeafPageStableWrapperRejectsMalformedProviderAuthority/partial","Output":"--- PASS: TestLeafPageStableWrapperRejectsMalformedProviderAuthority/partial (0.00s)\n"}
2026-10-06T19:42:40.5100596Z {"Time":"2026-10-06T19:42:40.4968874Z","Action":"pass","Package":"github.com/snissn/gomap/TreeDB/db","Test":"TestLeafPageStableWrapperRejectsMalformedProviderAuthority/partial","Elapsed":0}
2026-10-06T19:42:40.5101874Z {"Time":"2026-10-06T19:42:40.4968874Z","Action":"run","Package":"github.com/snissn/gomap/TreeDB/db","Test":"TestLeafPageStableWrapperRejectsMalformedProviderAuthority/extra"}
2026-10-06T19:42:40.5103407Z {"Time":"2026-10-06T19:42:40.4968874Z","Action":"output","Package":"github.com/snissn/gomap/TreeDB/db","Test":"TestLeafPageStableWrapperRejectsMalformedProviderAuthority/extra","Output":"=== RUN   TestLeafPageStableWrapperRejectsMalformedProviderAuthority/extra\n"}
2026-10-06T19:42:40.5105687Z {"Time":"2026-10-06T19:42:40.5007293Z","Action":"output","Package":"github.com/snissn/gomap/TreeDB/db","Test":"TestLeafPageStableWrapperRejectsMalformedProviderAuthority/extra","Output":"--- PASS: TestLeafPageStableWrapperRejectsMalformedProviderAuthority/extra (0.00s)\n"}
2026-10-06T19:42:40.5107385Z {"Time":"2026-10-06T19:42:40.5007293Z","Action":"pass","Package":"github.com/snissn/gomap/TreeDB/db","Test":"TestLeafPageStableWrapperRejectsMalformedProviderAuthority/extra","Elapsed":0}
2026-10-06T19:42:40.5108673Z {"Time":"2026-10-06T19:42:40.5007293Z","Action":"run","Package":"github.com/snissn/gomap/TreeDB/db","Test":"TestLeafPageStableWrapperRejectsMalformedProviderAuthority/wrong-generation"}
2026-10-06T19:42:40.5110579Z {"Time":"2026-10-06T19:42:40.5007293Z","Action":"output","Package":"github.com/snissn/gomap/TreeDB/db","Test":"TestLeafPageStableWrapperRejectsMalformedProviderAuthority/wrong-generation","Output":"=== RUN   TestLeafPageStableWrapperRejectsMalformedProviderAuthority/wrong-generation\n"}
2026-10-06T19:42:40.5112890Z {"Time":"2026-10-06T19:42:40.5033993Z","Action":"output","Package":"github.com/snissn/gomap/TreeDB/db","Test":"TestLeafPageStableWrapperRejectsMalformedProviderAuthority/wrong-generation","Output":"--- PASS: TestLeafPageStableWrapperRejectsMalformedProviderAuthority/wrong-generation (0.00s)\n"}
2026-10-06T19:42:40.5114828Z {"Time":"2026-10-06T19:42:40.5033993Z","Action":"pass","Package":"github.com/snissn/gomap/TreeDB/db","Test":"TestLeafPageStableWrapperRejectsMalformedProviderAuthority/wrong-generation","Elapsed":0}
2026-10-06T19:42:40.5116443Z {"Time":"2026-10-06T19:42:40.5033993Z","Action":"run","Package":"github.com/snissn/gomap/TreeDB/db","Test":"TestLeafPageStableWrapperRejectsMalformedProviderAuthority/wrong-reachability"}
2026-10-06T19:42:40.5118290Z {"Time":"2026-10-06T19:42:40.5033993Z","Action":"output","Package":"github.com/snissn/gomap/TreeDB/db","Test":"TestLeafPageStableWrapperRejectsMalformedProviderAuthority/wrong-reachability","Output":"=== RUN   TestLeafPageStableWrapperRejectsMalformedProviderAuthority/wrong-reachability\n"}
2026-10-06T19:42:40.5120432Z {"Time":"2026-10-06T19:42:40.5064277Z","Action":"output","Package":"github.com/snissn/gomap/TreeDB/db","Test":"TestLeafPageStableWrapperRejectsMalformedProviderAuthority/wrong-reachability","Output":"--- PASS: TestLeafPageStableWrapperRejectsMalformedProviderAuthority/wrong-reachability (0.00s)\n"}
2026-10-06T19:42:40.5122841Z {"Time":"2026-10-06T19:42:40.5064277Z","Action":"pass","Package":"github.com/snissn/gomap/TreeDB/db","Test":"TestLeafPageStableWrapperRejectsMalformedProviderAuthority/wrong-reachability","Elapsed":0}
2026-10-06T19:42:40.5124202Z {"Time":"2026-10-06T19:42:40.5064277Z","Action":"run","Package":"github.com/snissn/gomap/TreeDB/db","Test":"TestLeafPageStableWrapperRejectsMalformedProviderAuthority/frontier-before-pointer"}
2026-10-06T19:42:40.5126099Z {"Time":"2026-10-06T19:42:40.5064277Z","Action":"output","Package":"github.com/snissn/gomap/TreeDB/db","Test":"TestLeafPageStableWrapperRejectsMalformedProviderAuthority/frontier-before-pointer","Output":"=== RUN   TestLeafPageStableWrapperRejectsMalformedProviderAuthority/frontier-before-pointer\n"}
2026-10-06T19:42:40.5128699Z {"Time":"2026-10-06T19:42:40.5087738Z","Action":"output","Package":"github.com/snissn/gomap/TreeDB/db","Test":"TestLeafPageStableWrapperRejectsMalformedProviderAuthority/frontier-before-pointer","Output":"--- PASS: TestLeafPageStableWrapperRejectsMalformedProviderAuthority/frontier-before-pointer (0.00s)\n"}
2026-10-06T19:42:40.5130897Z {"Time":"2026-10-06T19:42:40.5087738Z","Action":"pass","Package":"github.com/snissn/gomap/TreeDB/db","Test":"TestLeafPageStableWrapperRejectsMalformedProviderAuthority/frontier-before-pointer","Elapsed":0}
2026-10-06T19:42:40.5132707Z {"Time":"2026-10-06T19:42:40.5087738Z","Action":"output","Package":"github.com/snissn/gomap/TreeDB/db","Test":"TestLeafPageStableWrapperRejectsMalformedProviderAuthority","Output":"--- PASS: TestLeafPageStableWrapperRejectsMalformedProviderAuthority (0.01s)\n"}
2026-10-06T19:42:40.5134714Z {"Time":"2026-10-06T19:42:40.5087738Z","Action":"pass","Package":"github.com/snissn/gomap/TreeDB/db","Test":"TestLeafPageStableWrapperRejectsMalformedProviderAuthority","Elapsed":0.01}
2026-10-06T19:42:40.5135955Z {"Time":"2026-10-06T19:42:40.5093058Z","Action":"run","Package":"github.com/snissn/gomap/TreeDB/db","Test":"TestMaintenanceReachabilityCollectorSelectionSkipsUnusedWork"}
2026-10-06T19:42:40.5137485Z {"Time":"2026-10-06T19:42:40.5093058Z","Action":"output","Package":"github.com/snissn/gomap/TreeDB/db","Test":"TestMaintenanceReachabilityCollectorSelectionSkipsUnusedWork","Output":"=== RUN   TestMaintenanceReachabilityCollectorSelectionSkipsUnusedWork\n"}
2026-10-06T19:42:40.6194976Z {"Time":"2026-10-06T19:42:40.6069862Z","Action":"output","Package":"github.com/snissn/gomap/TreeDB/db","Test":"TestMaintenanceReachabilityCollectorSelectionSkipsUnusedWork","Output":"--- PASS: TestMaintenanceReachabilityCollectorSelectionSkipsUnusedWork (0.10s)\n"}
2026-10-06T19:42:40.6196986Z {"Time":"2026-10-06T19:42:40.6075524Z","Action":"pass","Package":"github.com/snissn/gomap/TreeDB/db","Test":"TestMaintenanceReachabilityCollectorSelectionSkipsUnusedWork","Elapsed":0.1}
2026-10-06T19:42:40.6198432Z {"Time":"2026-10-06T19:42:40.6075524Z","Action":"run","Package":"github.com/snissn/gomap/TreeDB/db","Test":"TestMaintenanceRoots_IncludesPointerBackedCollectionDescriptor"}
2026-10-06T19:42:40.6200202Z {"Time":"2026-10-06T19:42:40.6075524Z","Action":"output","Package":"github.com/snissn/gomap/TreeDB/db","Test":"TestMaintenanceRoots_IncludesPointerBackedCollectionDescriptor","Output":"=== RUN   TestMaintenanceRoots_IncludesPointerBackedCollectionDescriptor\n"}
2026-10-06T19:42:40.6803671Z {"Time":"2026-10-06T19:42:40.6783322Z","Action":"output","Package":"github.com/snissn/gomap/TreeDB/db","Test":"TestMaintenanceRoots_IncludesPointerBackedCollectionDescriptor","Output":"--- PASS: TestMaintenanceRoots_IncludesPointerBackedCollectionDescriptor (0.07s)\n"}
2026-10-06T19:42:40.6805587Z {"Time":"2026-10-06T19:42:40.6783322Z","Action":"pass","Package":"github.com/snissn/gomap/TreeDB/db","Test":"TestMaintenanceRoots_IncludesPointerBackedCollectionDescriptor","Elapsed":0.07}
2026-10-06T19:42:40.6807343Z {"Time":"2026-10-06T19:42:40.6783322Z","Action":"run","Package":"github.com/snissn/gomap/TreeDB/db","Test":"TestValueLogRefTracker_PreservesFastPathForUnchangedCollectionDescriptors"}
2026-10-06T19:42:40.6809430Z {"Time":"2026-10-06T19:42:40.6783322Z","Action":"output","Package":"github.com/snissn/gomap/TreeDB/db","Test":"TestValueLogRefTracker_PreservesFastPathForUnchangedCollectionDescriptors","Output":"=== RUN   TestValueLogRefTracker_PreservesFastPathForUnchangedCollectionDescriptors\n"}
2026-10-06T19:42:40.8052769Z {"Time":"2026-10-06T19:42:40.7972621Z","Action":"output","Package":"github.com/snissn/gomap/TreeDB/db","Test":"TestValueLogRefTracker_PreservesFastPathForUnchangedCollectionDescriptors","Output":"--- PASS: TestValueLogRefTracker_PreservesFastPathForUnchangedCollectionDescriptors (0.12s)\n"}
2026-10-06T19:42:40.8056000Z {"Time":"2026-10-06T19:42:40.7972621Z","Action":"pass","Package":"github.com/snissn/gomap/TreeDB/db","Test":"TestValueLogRefTracker_PreservesFastPathForUnchangedCollectionDescriptors","Elapsed":0.12}
2026-10-06T19:42:40.8057741Z {"Time":"2026-10-06T19:42:40.7972621Z","Action":"run","Package":"github.com/snissn/gomap/TreeDB/db","Test":"TestLeafGenerationLiveStatsCountsCollectionLeafRefRoot"}
2026-10-06T19:42:40.8060199Z {"Time":"2026-10-06T19:42:40.7972621Z","Action":"output","Package":"github.com/snissn/gomap/TreeDB/db","Test":"TestLeafGenerationLiveStatsCountsCollectionLeafRefRoot","Output":"=== RUN   TestLeafGenerationLiveStatsCountsCollectionLeafRefRoot\n"}
2026-10-06T19:42:40.8986571Z {"Time":"2026-10-06T19:42:40.8888258Z","Action":"output","Package":"github.com/snissn/gomap/TreeDB/db","Test":"TestLeafGenerationLiveStatsCountsCollectionLeafRefRoot","Output":"--- PASS: TestLeafGenerationLiveStatsCountsCollectionLeafRefRoot (0.09s)\n"}
2026-10-06T19:42:40.8989430Z {"Time":"2026-10-06T19:42:40.8888258Z","Action":"pass","Package":"github.com/snissn/gomap/TreeDB/db","Test":"TestLeafGenerationLiveStatsCountsCollectionLeafRefRoot","Elapsed":0.09}
2026-10-06T19:42:40.8991130Z {"Time":"2026-10-06T19:42:40.8888258Z","Action":"run","Package":"github.com/snissn/gomap/TreeDB/db","Test":"TestNamespaceDirectorySyncFailureRequiresRecovery"}
2026-10-06T19:42:40.8992857Z {"Time":"2026-10-06T19:42:40.8888258Z","Action":"output","Package":"github.com/snissn/gomap/TreeDB/db","Test":"TestNamespaceDirectorySyncFailureRequiresRecovery","Output":"=== RUN   TestNamespaceDirectorySyncFailureRequiresRecovery\n"}
2026-10-06T19:42:40.8994991Z {"Time":"2026-10-06T19:42:40.8900054Z","Action":"output","Package":"github.com/snissn/gomap/TreeDB/db","Test":"TestNamespaceDirectorySyncFailureRequiresRecovery","Output":"--- PASS: TestNamespaceDirectorySyncFailureRequiresRecovery (0.00s)\n"}
2026-10-06T19:42:40.8996817Z {"Time":"2026-10-06T19:42:40.8900054Z","Action":"pass","Package":"github.com/snissn/gomap/TreeDB/db","Test":"TestNamespaceDirectorySyncFailureRequiresRecovery","Elapsed":0}
2026-10-06T19:42:40.8998170Z {"Time":"2026-10-06T19:42:40.8900054Z","Action":"run","Package":"github.com/snissn/gomap/TreeDB/db","Test":"TestNegativeFilterMembershipPrecedesOptimisticPublication"}
2026-10-06T19:42:40.8999664Z {"Time":"2026-10-06T19:42:40.8900054Z","Action":"output","Package":"github.com/snissn/gomap/TreeDB/db","Test":"TestNegativeFilterMembershipPrecedesOptimisticPublication","Output":"=== RUN   TestNegativeFilterMembershipPrecedesOptimisticPublication\n"}
2026-10-06T19:42:40.9758240Z {"Time":"2026-10-06T19:42:40.9742572Z","Action":"output","Package":"github.com/snissn/gomap/TreeDB/db","Test":"TestNegativeFilterMembershipPrecedesOptimisticPublication","Output":"--- PASS: TestNegativeFilterMembershipPrecedesOptimisticPublication (0.08s)\n"}
2026-10-06T19:42:40.9760115Z {"Time":"2026-10-06T19:42:40.9742572Z","Action":"pass","Package":"github.com/snissn/gomap/TreeDB/db","Test":"TestNegativeFilterMembershipPrecedesOptimisticPublication","Elapsed":0.08}
2026-10-06T19:42:40.9761753Z {"Time":"2026-10-06T19:42:40.9742572Z","Action":"run","Package":"github.com/snissn/gomap/TreeDB/db","Test":"TestNoWALReadOnlyConditionalSyncValidatesAfterDrain"}
2026-10-06T19:42:40.9763150Z {"Time":"2026-10-06T19:42:40.9742572Z","Action":"output","Package":"github.com/snissn/gomap/TreeDB/db","Test":"TestNoWALReadOnlyConditionalSyncValidatesAfterDrain","Output":"=== RUN   TestNoWALReadOnlyConditionalSyncValidatesAfterDrain\n"}
2026-10-06T19:42:41.0532417Z {"Time":"2026-10-06T19:42:41.0483982Z","Action":"output","Package":"github.com/snissn/gomap/TreeDB/db","Test":"TestNoWALReadOnlyConditionalSyncValidatesAfterDrain","Output":"--- PASS: TestNoWALReadOnlyConditionalSyncValidatesAfterDrain (0.07s)\n"}
2026-10-06T19:42:41.0534923Z {"Time":"2026-10-06T19:42:41.0483982Z","Action":"pass","Package":"github.com/snissn/gomap/TreeDB/db","Test":"TestNoWALReadOnlyConditionalSyncValidatesAfterDrain","Elapsed":0.07}
2026-10-06T19:42:41.0536939Z {"Time":"2026-10-06T19:42:41.0483982Z","Action":"run","Package":"github.com/snissn/gomap/TreeDB/db","Test":"TestLogicalOrderedRootPublicationsNotifyForegroundObserverAfterCommit"}
2026-10-06T19:42:41.0539252Z {"Time":"2026-10-06T19:42:41.0483982Z","Action":"output","Package":"github.com/snissn/gomap/TreeDB/db","Test":"TestLogicalOrderedRootPublicationsNotifyForegroundObserverAfterCommit","Output":"=== RUN   TestLogicalOrderedRootPublicationsNotifyForegroundObserverAfterCommit\n"}
2026-10-06T19:42:41.0541887Z {"Time":"2026-10-06T19:42:41.0483982Z","Action":"run","Package":"github.com/snissn/gomap/TreeDB/db","Test":"TestLogicalOrderedRootPublicationsNotifyForegroundObserverAfterCommit/iterator"}
2026-10-06T19:42:41.0543940Z {"Time":"2026-10-06T19:42:41.0483982Z","Action":"output","Package":"github.com/snissn/gomap/TreeDB/db","Test":"TestLogicalOrderedRootPublicationsNotifyForegroundObserverAfterCommit/iterator","Output":"=== RUN   TestLogicalOrderedRootPublicationsNotifyForegroundObserverAfterCommit/iterator\n"}
2026-10-06T19:42:41.1464688Z {"Time":"2026-10-06T19:42:41.143686Z","Action":"output","Package":"github.com/snissn/gomap/TreeDB/db","Test":"TestLogicalOrderedRootPublicationsNotifyForegroundObserverAfterCommit/iterator","Output":"--- PASS: TestLogicalOrderedRootPublicationsNotifyForegroundObserverAfterCommit/iterator (0.10s)\n"}
2026-10-06T19:42:41.1467316Z {"Time":"2026-10-06T19:42:41.1443843Z","Action":"pass","Package":"github.com/snissn/gomap/TreeDB/db","Test":"TestLogicalOrderedRootPublicationsNotifyForegroundObserverAfterCommit/iterator","Elapsed":0.1}
2026-10-06T19:42:41.1469202Z {"Time":"2026-10-06T19:42:41.1443843Z","Action":"run","Package":"github.com/snissn/gomap/TreeDB/db","Test":"TestLogicalOrderedRootPublicationsNotifyForegroundObserverAfterCommit/batch"}
2026-10-06T19:42:41.1471613Z {"Time":"2026-10-06T19:42:41.1443843Z","Action":"output","Package":"github.com/snissn/gomap/TreeDB/db","Test":"TestLogicalOrderedRootPublicationsNotifyForegroundObserverAfterCommit/batch","Output":"=== RUN   TestLogicalOrderedRootPublicationsNotifyForegroundObserverAfterCommit/batch\n"}
2026-10-06T19:42:41.2393818Z {"Time":"2026-10-06T19:42:41.2317228Z","Action":"output","Package":"github.com/snissn/gomap/TreeDB/db","Test":"TestLogicalOrderedRootPublicationsNotifyForegroundObserverAfterCommit/batch","Output":"--- PASS: TestLogicalOrderedRootPublicationsNotifyForegroundObserverAfterCommit/batch (0.09s)\n"}
2026-10-06T19:42:41.2396669Z {"Time":"2026-10-06T19:42:41.2317228Z","Action":"pass","Package":"github.com/snissn/gomap/TreeDB/db","Test":"TestLogicalOrderedRootPublicationsNotifyForegroundObserverAfterCommit/batch","Elapsed":0.09}
2026-10-06T19:42:41.2398481Z {"Time":"2026-10-06T19:42:41.2317228Z","Action":"run","Package":"github.com/snissn/gomap/TreeDB/db","Test":"TestLogicalOrderedRootPublicationsNotifyForegroundObserverAfterCommit/staged-command-wal"}
2026-10-06T19:42:41.2400868Z {"Time":"2026-10-06T19:42:41.2317228Z","Action":"output","Package":"github.com/snissn/gomap/TreeDB/db","Test":"TestLogicalOrderedRootPublicationsNotifyForegroundObserverAfterCommit/staged-command-wal","Output":"=== RUN   TestLogicalOrderedRootPublicationsNotifyForegroundObserverAfterCommit/staged-command-wal\n"}
2026-10-06T19:42:41.3171373Z {"Time":"2026-10-06T19:42:41.3144597Z","Action":"output","Package":"github.com/snissn/gomap/TreeDB/db","Test":"TestLogicalOrderedRootPublicationsNotifyForegroundObserverAfterCommit/staged-command-wal","Output":"--- PASS: TestLogicalOrderedRootPublicationsNotifyForegroundObserverAfterCommit/staged-command-wal (0.08s)\n"}
2026-10-06T19:42:41.3174390Z {"Time":"2026-10-06T19:42:41.3144597Z","Action":"pass","Package":"github.com/snissn/gomap/TreeDB/db","Test":"TestLogicalOrderedRootPublicationsNotifyForegroundObserverAfterCommit/staged-command-wal","Elapsed":0.08}
2026-10-06T19:42:41.3176918Z {"Time":"2026-10-06T19:42:41.3144597Z","Action":"output","Package":"github.com/snissn/gomap/TreeDB/db","Test":"TestLogicalOrderedRootPublicationsNotifyForegroundObserverAfterCommit","Output":"--- PASS: TestLogicalOrderedRootPublicationsNotifyForegroundObserverAfterCommit (0.27s)\n"}
2026-10-06T19:42:41.3179107Z {"Time":"2026-10-06T19:42:41.3144597Z","Action":"pass","Package":"github.com/snissn/gomap/TreeDB/db","Test":"TestLogicalOrderedRootPublicationsNotifyForegroundObserverAfterCommit","Elapsed":0.27}
2026-10-06T19:42:41.3180916Z {"Time":"2026-10-06T19:42:41.3144597Z","Action":"run","Package":"github.com/snissn/gomap/TreeDB/db","Test":"TestPublishOrderedRootDeltaGroupSystemMaterializationErrorReleasesConsumedPendingPointer"}
2026-10-06T19:42:41.3183421Z {"Time":"2026-10-06T19:42:41.3144597Z","Action":"output","Package":"github.com/snissn/gomap/TreeDB/db","Test":"TestPublishOrderedRootDeltaGroupSystemMaterializationErrorReleasesConsumedPendingPointer","Output":"=== RUN   TestPublishOrderedRootDeltaGroupSystemMaterializationErrorReleasesConsumedPendingPointer\n"}
2026-10-06T19:42:41.3185850Z {"Time":"2026-10-06T19:42:41.3144597Z","Action":"run","Package":"github.com/snissn/gomap/TreeDB/db","Test":"TestPublishOrderedRootDeltaGroupSystemMaterializationErrorReleasesConsumedPendingPointer/iterator"}
2026-10-06T19:42:41.3187933Z {"Time":"2026-10-06T19:42:41.3144597Z","Action":"output","Package":"github.com/snissn/gomap/TreeDB/db","Test":"TestPublishOrderedRootDeltaGroupSystemMaterializationErrorReleasesConsumedPendingPointer/iterator","Output":"=== RUN   TestPublishOrderedRootDeltaGroupSystemMaterializationErrorReleasesConsumedPendingPointer/iterator\n"}
2026-10-06T19:42:41.3956957Z {"Time":"2026-10-06T19:42:41.3813117Z","Action":"output","Package":"github.com/snissn/gomap/TreeDB/db","Test":"TestPublishOrderedRootDeltaGroupSystemMaterializationErrorReleasesConsumedPendingPointer/iterator","Output":"--- PASS: TestPublishOrderedRootDeltaGroupSystemMaterializationErrorReleasesConsumedPendingPointer/iterator (0.07s)\n"}
2026-10-06T19:42:41.3960292Z {"Time":"2026-10-06T19:42:41.3821995Z","Action":"pass","Package":"github.com/snissn/gomap/TreeDB/db","Test":"TestPublishOrderedRootDeltaGroupSystemMaterializationErrorReleasesConsumedPendingPointer/iterator","Elapsed":0.07}
2026-10-06T19:42:41.3962578Z {"Time":"2026-10-06T19:42:41.3821995Z","Action":"run","Package":"github.com/snissn/gomap/TreeDB/db","Test":"TestPublishOrderedRootDeltaGroupSystemMaterializationErrorReleasesConsumedPendingPointer/optimistic-batch"}
2026-10-06T19:42:41.3965594Z {"Time":"2026-10-06T19:42:41.3821995Z","Action":"output","Package":"github.com/snissn/gomap/TreeDB/db","Test":"TestPublishOrderedRootDeltaGroupSystemMaterializationErrorReleasesConsumedPendingPointer/optimistic-batch","Output":"=== RUN   TestPublishOrderedRootDeltaGroupSystemMaterializationErrorReleasesConsumedPendingPointer/optimistic-batch\n"}
2026-10-06T19:42:41.4576144Z {"Time":"2026-10-06T19:42:41.44652Z","Action":"output","Package":"github.com/snissn/gomap/TreeDB/db","Test":"TestPublishOrderedRootDeltaGroupSystemMaterializationErrorReleasesConsumedPendingPointer/optimistic-batch","Output":"--- PASS: TestPublishOrderedRootDeltaGroupSystemMaterializationErrorReleasesConsumedPendingPointer/optimistic-batch (0.07s)\n"}
2026-10-06T19:42:41.4579119Z {"Time":"2026-10-06T19:42:41.4481781Z","Action":"pass","Package":"github.com/snissn/gomap/TreeDB/db","Test":"TestPublishOrderedRootDeltaGroupSystemMaterializationErrorReleasesConsumedPendingPointer/optimistic-batch","Elapsed":0.07}
2026-10-06T19:42:41.4580989Z {"Time":"2026-10-06T19:42:41.4481781Z","Action":"run","Package":"github.com/snissn/gomap/TreeDB/db","Test":"TestPublishOrderedRootDeltaGroupSystemMaterializationErrorReleasesConsumedPendingPointer/serialized-batch"}
2026-10-06T19:42:41.4583995Z {"Time":"2026-10-06T19:42:41.4481781Z","Action":"output","Package":"github.com/snissn/gomap/TreeDB/db","Test":"TestPublishOrderedRootDeltaGroupSystemMaterializationErrorReleasesConsumedPendingPointer/serialized-batch","Output":"=== RUN   TestPublishOrderedRootDeltaGroupSystemMaterializationErrorReleasesConsumedPendingPointer/serialized-batch\n"}
2026-10-06T19:42:41.5195658Z {"Time":"2026-10-06T19:42:41.5150574Z","Action":"output","Package":"github.com/snissn/gomap/TreeDB/db","Test":"TestPublishOrderedRootDeltaGroupSystemMaterializationErrorReleasesConsumedPendingPointer/serialized-batch","Output":"--- PASS: TestPublishOrderedRootDeltaGroupSystemMaterializationErrorReleasesConsumedPendingPointer/serialized-batch (0.07s)\n"}
2026-10-06T19:42:41.5198635Z {"Time":"2026-10-06T19:42:41.5150574Z","Action":"pass","Package":"github.com/snissn/gomap/TreeDB/db","Test":"TestPublishOrderedRootDeltaGroupSystemMaterializationErrorReleasesConsumedPendingPointer/serialized-batch","Elapsed":0.07}
2026-10-06T19:42:41.5201372Z {"Time":"2026-10-06T19:42:41.5150574Z","Action":"output","Package":"github.com/snissn/gomap/TreeDB/db","Test":"TestPublishOrderedRootDeltaGroupSystemMaterializationErrorReleasesConsumedPendingPointer","Output":"--- PASS: TestPublishOrderedRootDeltaGroupSystemMaterializationErrorReleasesConsumedPendingPointer (0.20s)\n"}
2026-10-06T19:42:41.5204012Z {"Time":"2026-10-06T19:42:41.5150574Z","Action":"pass","Package":"github.com/snissn/gomap/TreeDB/db","Test":"TestPublishOrderedRootDeltaGroupSystemMaterializationErrorReleasesConsumedPendingPointer","Elapsed":0.2}
2026-10-06T19:42:41.5205841Z {"Time":"2026-10-06T19:42:41.5150574Z","Action":"run","Package":"github.com/snissn/gomap/TreeDB/db","Test":"TestOrderedRootCollectionDescriptorTransitionsCoveredRejectsSystemRootAlias"}
2026-10-06T19:42:41.5208215Z {"Time":"2026-10-06T19:42:41.5150574Z","Action":"output","Package":"github.com/snissn/gomap/TreeDB/db","Test":"TestOrderedRootCollectionDescriptorTransitionsCoveredRejectsSystemRootAlias","Output":"=== RUN   TestOrderedRootCollectionDescriptorTransitionsCoveredRejectsSystemRootAlias\n"}
2026-10-06T19:42:41.5210381Z {"Time":"2026-10-06T19:42:41.5150574Z","Action":"run","Package":"github.com/snissn/gomap/TreeDB/db","Test":"TestOrderedRootCollectionDescriptorTransitionsCoveredRejectsSystemRootAlias/base_descriptor_aliases_base_system_root"}
2026-10-06T19:42:41.5212796Z {"Time":"2026-10-06T19:42:41.5150574Z","Action":"output","Package":"github.com/snissn/gomap/TreeDB/db","Test":"TestOrderedRootCollectionDescriptorTransitionsCoveredRejectsSystemRootAlias/base_descriptor_aliases_base_system_root","Output":"=== RUN   TestOrderedRootCollectionDescriptorTransitionsCoveredRejectsSystemRootAlias/base_descriptor_aliases_base_system_root\n"}
2026-10-06T19:42:41.5215980Z {"Time":"2026-10-06T19:42:41.5150574Z","Action":"output","Package":"github.com/snissn/gomap/TreeDB/db","Test":"TestOrderedRootCollectionDescriptorTransitionsCoveredRejectsSystemRootAlias/base_descriptor_aliases_base_system_root","Output":"--- PASS: TestOrderedRootCollectionDescriptorTransitionsCoveredRejectsSystemRootAlias/base_descriptor_aliases_base_system_root (0.00s)\n"}
2026-10-06T19:42:41.5218349Z {"Time":"2026-10-06T19:42:41.5150574Z","Action":"pass","Package":"github.com/snissn/gomap/TreeDB/db","Test":"TestOrderedRootCollectionDescriptorTransitionsCoveredRejectsSystemRootAlias/base_descriptor_aliases_base_system_root","Elapsed":0}
2026-10-06T19:42:41.5220409Z {"Time":"2026-10-06T19:42:41.5150574Z","Action":"run","Package":"github.com/snissn/gomap/TreeDB/db","Test":"TestOrderedRootCollectionDescriptorTransitionsCoveredRejectsSystemRootAlias/new_descriptor_aliases_new_system_root"}
2026-10-06T19:42:41.5222638Z {"Time":"2026-10-06T19:42:41.5150574Z","Action":"output","Package":"github.com/snissn/gomap/TreeDB/db","Test":"TestOrderedRootCollectionDescriptorTransitionsCoveredRejectsSystemRootAlias/new_descriptor_aliases_new_system_root","Output":"=== RUN   TestOrderedRootCollectionDescriptorTransitionsCoveredRejectsSystemRootAlias/new_descriptor_aliases_new_system_root\n"}
2026-10-06T19:42:41.5226088Z {"Time":"2026-10-06T19:42:41.5150574Z","Action":"output","Package":"github.com/snissn/gomap/TreeDB/db","Test":"TestOrderedRootCollectionDescriptorTransitionsCoveredRejectsSystemRootAlias/new_descriptor_aliases_new_system_root","Output":"--- PASS: TestOrderedRootCollectionDescriptorTransitionsCoveredRejectsSystemRootAlias/new_descriptor_aliases_new_system_root (0.00s)\n"}
2026-10-06T19:42:41.5228562Z {"Time":"2026-10-06T19:42:41.5150574Z","Action":"pass","Package":"github.com/snissn/gomap/TreeDB/db","Test":"TestOrderedRootCollectionDescriptorTransitionsCoveredRejectsSystemRootAlias/new_descriptor_aliases_new_system_root","Elapsed":0}
2026-10-06T19:42:41.5230516Z {"Time":"2026-10-06T19:42:41.5150574Z","Action":"run","Package":"github.com/snissn/gomap/TreeDB/db","Test":"TestOrderedRootCollectionDescriptorTransitionsCoveredRejectsSystemRootAlias/new_descriptor_reuses_base_system_root"}
2026-10-06T19:42:41.5232718Z {"Time":"2026-10-06T19:42:41.5150574Z","Action":"output","Package":"github.com/snissn/gomap/TreeDB/db","Test":"TestOrderedRootCollectionDescriptorTransitionsCoveredRejectsSystemRootAlias/new_descriptor_reuses_base_system_root","Output":"=== RUN   TestOrderedRootCollectionDescriptorTransitionsCoveredRejectsSystemRootAlias/new_descriptor_reuses_base_system_root\n"}
2026-10-06T19:42:41.5236002Z {"Time":"2026-10-06T19:42:41.5150574Z","Action":"output","Package":"github.com/snissn/gomap/TreeDB/db","Test":"TestOrderedRootCollectionDescriptorTransitionsCoveredRejectsSystemRootAlias/new_descriptor_reuses_base_system_root","Output":"--- PASS: TestOrderedRootCollectionDescriptorTransitionsCoveredRejectsSystemRootAlias/new_descriptor_reuses_base_system_root (0.00s)\n"}
2026-10-06T19:42:41.5238263Z {"Time":"2026-10-06T19:42:41.5150574Z","Action":"pass","Package":"github.com/snissn/gomap/TreeDB/db","Test":"TestOrderedRootCollectionDescriptorTransitionsCoveredRejectsSystemRootAlias/new_descriptor_reuses_base_system_root","Elapsed":0}
2026-10-06T19:42:41.5240164Z {"Time":"2026-10-06T19:42:41.5150574Z","Action":"run","Package":"github.com/snissn/gomap/TreeDB/db","Test":"TestOrderedRootCollectionDescriptorTransitionsCoveredRejectsSystemRootAlias/base_descriptor_aliases_new_system_root"}
2026-10-06T19:42:41.5242387Z {"Time":"2026-10-06T19:42:41.5150574Z","Action":"output","Package":"github.com/snissn/gomap/TreeDB/db","Test":"TestOrderedRootCollectionDescriptorTransitionsCoveredRejectsSystemRootAlias/base_descriptor_aliases_new_system_root","Output":"=== RUN   TestOrderedRootCollectionDescriptorTransitionsCoveredRejectsSystemRootAlias/base_descriptor_aliases_new_system_root\n"}
2026-10-06T19:42:41.5245182Z {"Time":"2026-10-06T19:42:41.5150574Z","Action":"output","Package":"github.com/snissn/gomap/TreeDB/db","Test":"TestOrderedRootCollectionDescriptorTransitionsCoveredRejectsSystemRootAlias/base_descriptor_aliases_new_system_root","Output":"--- PASS: TestOrderedRootCollectionDescriptorTransitionsCoveredRejectsSystemRootAlias/base_descriptor_aliases_new_system_root (0.00s)\n"}
2026-10-06T19:42:41.5247824Z {"Time":"2026-10-06T19:42:41.5150574Z","Action":"pass","Package":"github.com/snissn/gomap/TreeDB/db","Test":"TestOrderedRootCollectionDescriptorTransitionsCoveredRejectsSystemRootAlias/base_descriptor_aliases_new_system_root","Elapsed":0}
2026-10-06T19:42:41.5249832Z {"Time":"2026-10-06T19:42:41.5150574Z","Action":"output","Package":"github.com/snissn/gomap/TreeDB/db","Test":"TestOrderedRootCollectionDescriptorTransitionsCoveredRejectsSystemRootAlias","Output":"--- PASS: TestOrderedRootCollectionDescriptorTransitionsCoveredRejectsSystemRootAlias (0.00s)\n"}
2026-10-06T19:42:41.5251837Z {"Time":"2026-10-06T19:42:41.5150574Z","Action":"pass","Package":"github.com/snissn/gomap/TreeDB/db","Test":"TestOrderedRootCollectionDescriptorTransitionsCoveredRejectsSystemRootAlias","Elapsed":0}
2026-10-06T19:42:41.5253309Z {"Time":"2026-10-06T19:42:41.5150574Z","Action":"run","Package":"github.com/snissn/gomap/TreeDB/db","Test":"TestPublishOrderedRootDeltaGroupMaintenanceRejectsForgedPlan"}
2026-10-06T19:42:41.5254823Z {"Time":"2026-10-06T19:42:41.5150574Z","Action":"output","Package":"github.com/snissn/gomap/TreeDB/db","Test":"TestPublishOrderedRootDeltaGroupMaintenanceRejectsForgedPlan","Output":"=== RUN   TestPublishOrderedRootDeltaGroupMaintenanceRejectsForgedPlan\n"}
2026-10-06T19:42:41.5819653Z {"Time":"2026-10-06T19:42:41.5704762Z","Action":"output","Package":"github.com/snissn/gomap/TreeDB/db","Test":"TestPublishOrderedRootDeltaGroupMaintenanceRejectsForgedPlan","Output":"--- PASS: TestPublishOrderedRootDeltaGroupMaintenanceRejectsForgedPlan (0.06s)\n"}
2026-10-06T19:42:41.5821833Z {"Time":"2026-10-06T19:42:41.5704762Z","Action":"pass","Package":"github.com/snissn/gomap/TreeDB/db","Test":"TestPublishOrderedRootDeltaGroupMaintenanceRejectsForgedPlan","Elapsed":0.06}
2026-10-06T19:42:41.5823420Z {"Time":"2026-10-06T19:42:41.5704762Z","Action":"run","Package":"github.com/snissn/gomap/TreeDB/db","Test":"TestPublishOrderedRootDeltaGroupMaintenanceRejectsPanickingPlan"}
2026-10-06T19:42:41.5825417Z {"Time":"2026-10-06T19:42:41.5704762Z","Action":"output","Package":"github.com/snissn/gomap/TreeDB/db","Test":"TestPublishOrderedRootDeltaGroupMaintenanceRejectsPanickingPlan","Output":"=== RUN   TestPublishOrderedRootDeltaGroupMaintenanceRejectsPanickingPlan\n"}
2026-10-06T19:42:41.6437307Z {"Time":"2026-10-06T19:42:41.6339207Z","Action":"output","Package":"github.com/snissn/gomap/TreeDB/db","Test":"TestPublishOrderedRootDeltaGroupMaintenanceRejectsPanickingPlan","Output":"--- PASS: TestPublishOrderedRootDeltaGroupMaintenanceRejectsPanickingPlan (0.06s)\n"}
2026-10-06T19:42:41.6439737Z {"Time":"2026-10-06T19:42:41.6339207Z","Action":"pass","Package":"github.com/snissn/gomap/TreeDB/db","Test":"TestPublishOrderedRootDeltaGroupMaintenanceRejectsPanickingPlan","Elapsed":0.06}
2026-10-06T19:42:41.6441771Z {"Time":"2026-10-06T19:42:41.6346338Z","Action":"run","Package":"github.com/snissn/gomap/TreeDB/db","Test":"TestPublishOrderedRootDeltaGroupWithCommandWALContextNilSystemBuilderIsExported"}
2026-10-06T19:42:41.6443943Z {"Time":"2026-10-06T19:42:41.6346338Z","Action":"output","Package":"github.com/snissn/gomap/TreeDB/db","Test":"TestPublishOrderedRootDeltaGroupWithCommandWALContextNilSystemBuilderIsExported","Output":"=== RUN   TestPublishOrderedRootDeltaGroupWithCommandWALContextNilSystemBuilderIsExported\n"}
2026-10-06T19:42:41.6446656Z {"Time":"2026-10-06T19:42:41.6346338Z","Action":"output","Package":"github.com/snissn/gomap/TreeDB/db","Test":"TestPublishOrderedRootDeltaGroupWithCommandWALContextNilSystemBuilderIsExported","Output":"--- PASS: TestPublishOrderedRootDeltaGroupWithCommandWALContextNilSystemBuilderIsExported (0.00s)\n"}
2026-10-06T19:42:41.6448864Z {"Time":"2026-10-06T19:42:41.6346338Z","Action":"pass","Package":"github.com/snissn/gomap/TreeDB/db","Test":"TestPublishOrderedRootDeltaGroupWithCommandWALContextNilSystemBuilderIsExported","Elapsed":0}
2026-10-06T19:42:41.6450567Z {"Time":"2026-10-06T19:42:41.6346338Z","Action":"run","Package":"github.com/snissn/gomap/TreeDB/db","Test":"TestPublishOrderedRootDeltaBatchGroupOptimisticSystemBuilderErrorClosesReturnedIterator"}
2026-10-06T19:42:41.6452699Z {"Time":"2026-10-06T19:42:41.6346338Z","Action":"output","Package":"github.com/snissn/gomap/TreeDB/db","Test":"TestPublishOrderedRootDeltaBatchGroupOptimisticSystemBuilderErrorClosesReturnedIterator","Output":"=== RUN   TestPublishOrderedRootDeltaBatchGroupOptimisticSystemBuilderErrorClosesReturnedIterator\n"}
2026-10-06T19:42:41.7057951Z {"Time":"2026-10-06T19:42:41.6967557Z","Action":"output","Package":"github.com/snissn/gomap/TreeDB/db","Test":"TestPublishOrderedRootDeltaBatchGroupOptimisticSystemBuilderErrorClosesReturnedIterator","Output":"--- PASS: TestPublishOrderedRootDeltaBatchGroupOptimisticSystemBuilderErrorClosesReturnedIterator (0.06s)\n"}
2026-10-06T19:42:41.7060428Z {"Time":"2026-10-06T19:42:41.6967557Z","Action":"pass","Package":"github.com/snissn/gomap/TreeDB/db","Test":"TestPublishOrderedRootDeltaBatchGroupOptimisticSystemBuilderErrorClosesReturnedIterator","Elapsed":0.06}
2026-10-06T19:42:41.7061890Z {"Time":"2026-10-06T19:42:41.6967557Z","Action":"run","Package":"github.com/snissn/gomap/TreeDB/db","Test":"TestPublishOrderedRootDeltaGroups_CloseUnconsumedIteratorsOnPolicyError"}
2026-10-06T19:42:41.7063785Z {"Time":"2026-10-06T19:42:41.6967557Z","Action":"output","Package":"github.com/snissn/gomap/TreeDB/db","Test":"TestPublishOrderedRootDeltaGroups_CloseUnconsumedIteratorsOnPolicyError","Output":"=== RUN   TestPublishOrderedRootDeltaGroups_CloseUnconsumedIteratorsOnPolicyError\n"}
2026-10-06T19:42:41.7521508Z {"Time":"2026-10-06T19:42:41.7446795Z","Action":"run","Package":"github.com/snissn/gomap/TreeDB/db","Test":"TestPublishOrderedRootDeltaGroups_CloseUnconsumedIteratorsOnPolicyError/system_builder"}
2026-10-06T19:42:41.7523439Z {"Time":"2026-10-06T19:42:41.7446795Z","Action":"output","Package":"github.com/snissn/gomap/TreeDB/db","Test":"TestPublishOrderedRootDeltaGroups_CloseUnconsumedIteratorsOnPolicyError/system_builder","Output":"=== RUN   TestPublishOrderedRootDeltaGroups_CloseUnconsumedIteratorsOnPolicyError/system_builder\n"}
2026-10-06T19:42:41.7526380Z {"Time":"2026-10-06T19:42:41.7446795Z","Action":"output","Package":"github.com/snissn/gomap/TreeDB/db","Test":"TestPublishOrderedRootDeltaGroups_CloseUnconsumedIteratorsOnPolicyError/system_builder","Output":"--- PASS: TestPublishOrderedRootDeltaGroups_CloseUnconsumedIteratorsOnPolicyError/system_builder (0.00s)\n"}
2026-10-06T19:42:41.7528358Z {"Time":"2026-10-06T19:42:41.7446795Z","Action":"pass","Package":"github.com/snissn/gomap/TreeDB/db","Test":"TestPublishOrderedRootDeltaGroups_CloseUnconsumedIteratorsOnPolicyError/system_builder","Elapsed":0}
2026-10-06T19:42:41.7529884Z {"Time":"2026-10-06T19:42:41.7446795Z","Action":"run","Package":"github.com/snissn/gomap/TreeDB/db","Test":"TestPublishOrderedRootDeltaGroups_CloseUnconsumedIteratorsOnPolicyError/system_delta_builder"}
2026-10-06T19:42:41.7531888Z {"Time":"2026-10-06T19:42:41.7446795Z","Action":"output","Package":"github.com/snissn/gomap/TreeDB/db","Test":"TestPublishOrderedRootDeltaGroups_CloseUnconsumedIteratorsOnPolicyError/system_delta_builder","Output":"=== RUN   TestPublishOrderedRootDeltaGroups_CloseUnconsumedIteratorsOnPolicyError/system_delta_builder\n"}
2026-10-06T19:42:41.7534274Z {"Time":"2026-10-06T19:42:41.7446795Z","Action":"output","Package":"github.com/snissn/gomap/TreeDB/db","Test":"TestPublishOrderedRootDeltaGroups_CloseUnconsumedIteratorsOnPolicyError/system_delta_builder","Output":"--- PASS: TestPublishOrderedRootDeltaGroups_CloseUnconsumedIteratorsOnPolicyError/system_delta_builder (0.00s)\n"}
2026-10-06T19:42:41.7536429Z {"Time":"2026-10-06T19:42:41.7452475Z","Action":"pass","Package":"github.com/snissn/gomap/TreeDB/db","Test":"TestPublishOrderedRootDeltaGroups_CloseUnconsumedIteratorsOnPolicyError/system_delta_builder","Elapsed":0}
2026-10-06T19:42:41.7538256Z {"Time":"2026-10-06T19:42:41.7474663Z","Action":"output","Package":"github.com/snissn/gomap/TreeDB/db","Test":"TestPublishOrderedRootDeltaGroups_CloseUnconsumedIteratorsOnPolicyError","Output":"--- PASS: TestPublishOrderedRootDeltaGroups_CloseUnconsumedIteratorsOnPolicyError (0.05s)\n"}
2026-10-06T19:42:41.7539954Z {"Time":"2026-10-06T19:42:41.7474663Z","Action":"pass","Package":"github.com/snissn/gomap/TreeDB/db","Test":"TestPublishOrderedRootDeltaGroups_CloseUnconsumedIteratorsOnPolicyError","Elapsed":0.05}
2026-10-06T19:42:41.7541469Z {"Time":"2026-10-06T19:42:41.7474663Z","Action":"run","Package":"github.com/snissn/gomap/TreeDB/db","Test":"TestPublishOrderedRootDeltaGroupSystemBuilderFailureDoesNotCountRoots"}
2026-10-06T19:42:41.7543196Z {"Time":"2026-10-06T19:42:41.7474663Z","Action":"output","Package":"github.com/snissn/gomap/TreeDB/db","Test":"TestPublishOrderedRootDeltaGroupSystemBuilderFailureDoesNotCountRoots","Output":"=== RUN   TestPublishOrderedRootDeltaGroupSystemBuilderFailureDoesNotCountRoots\n"}
2026-10-06T19:42:41.8446630Z {"Time":"2026-10-06T19:42:41.8294601Z","Action":"output","Package":"github.com/snissn/gomap/TreeDB/db","Test":"TestPublishOrderedRootDeltaGroupSystemBuilderFailureDoesNotCountRoots","Output":"--- PASS: TestPublishOrderedRootDeltaGroupSystemBuilderFailureDoesNotCountRoots (0.08s)\n"}
2026-10-06T19:42:41.8449465Z {"Time":"2026-10-06T19:42:41.8294601Z","Action":"pass","Package":"github.com/snissn/gomap/TreeDB/db","Test":"TestPublishOrderedRootDeltaGroupSystemBuilderFailureDoesNotCountRoots","Elapsed":0.08}
2026-10-06T19:42:41.8452744Z {"Time":"2026-10-06T19:42:41.8294601Z","Action":"run","Package":"github.com/snissn/gomap/TreeDB/db","Test":"TestPublishOrderedRootDeltaBatchGroupWithSystemDeltaBuilder_OptimisticColdBuildsRootsInParallel"}
2026-10-06T19:42:41.8455452Z {"Time":"2026-10-06T19:42:41.8294601Z","Action":"output","Package":"github.com/snissn/gomap/TreeDB/db","Test":"TestPublishOrderedRootDeltaBatchGroupWithSystemDeltaBuilder_OptimisticColdBuildsRootsInParallel","Output":"=== RUN   TestPublishOrderedRootDeltaBatchGroupWithSystemDeltaBuilder_OptimisticColdBuildsRootsInParallel\n"}
2026-10-06T19:42:41.9068089Z {"Time":"2026-10-06T19:42:41.8980655Z","Action":"output","Package":"github.com/snissn/gomap/TreeDB/db","Test":"TestPublishOrderedRootDeltaBatchGroupWithSystemDeltaBuilder_OptimisticColdBuildsRootsInParallel","Output":"--- PASS: TestPublishOrderedRootDeltaBatchGroupWithSystemDeltaBuilder_OptimisticColdBuildsRootsInParallel (0.07s)\n"}
2026-10-06T19:42:41.9071090Z {"Time":"2026-10-06T19:42:41.8980655Z","Action":"pass","Package":"github.com/snissn/gomap/TreeDB/db","Test":"TestPublishOrderedRootDeltaBatchGroupWithSystemDeltaBuilder_OptimisticColdBuildsRootsInParallel","Elapsed":0.07}
2026-10-06T19:42:41.9072950Z {"Time":"2026-10-06T19:42:41.8980655Z","Action":"run","Package":"github.com/snissn/gomap/TreeDB/db","Test":"TestPublishOrderedRootDeltaBatchGroupWithSystemDeltaBuilder_DeleteOnlyColdBuildPublishesEmptyRoot"}
2026-10-06T19:42:41.9075388Z {"Time":"2026-10-06T19:42:41.8980655Z","Action":"output","Package":"github.com/snissn/gomap/TreeDB/db","Test":"TestPublishOrderedRootDeltaBatchGroupWithSystemDeltaBuilder_DeleteOnlyColdBuildPublishesEmptyRoot","Output":"=== RUN   TestPublishOrderedRootDeltaBatchGroupWithSystemDeltaBuilder_DeleteOnlyColdBuildPublishesEmptyRoot\n"}
2026-10-06T19:42:41.9841412Z {"Time":"2026-10-06T19:42:41.9744211Z","Action":"output","Package":"github.com/snissn/gomap/TreeDB/db","Test":"TestPublishOrderedRootDeltaBatchGroupWithSystemDeltaBuilder_DeleteOnlyColdBuildPublishesEmptyRoot","Output":"--- PASS: TestPublishOrderedRootDeltaBatchGroupWithSystemDeltaBuilder_DeleteOnlyColdBuildPublishesEmptyRoot (0.08s)\n"}
2026-10-06T19:42:41.9844348Z {"Time":"2026-10-06T19:42:41.9744211Z","Action":"pass","Package":"github.com/snissn/gomap/TreeDB/db","Test":"TestPublishOrderedRootDeltaBatchGroupWithSystemDeltaBuilder_DeleteOnlyColdBuildPublishesEmptyRoot","Elapsed":0.08}
2026-10-06T19:42:41.9846238Z {"Time":"2026-10-06T19:42:41.9744211Z","Action":"run","Package":"github.com/snissn/gomap/TreeDB/db","Test":"TestPublishOrderedRootCommandWALValueLogLeavesSeekAfterMixedKeyMutations"}
2026-10-06T19:42:41.9848884Z {"Time":"2026-10-06T19:42:41.9744211Z","Action":"output","Package":"github.com/snissn/gomap/TreeDB/db","Test":"TestPublishOrderedRootCommandWALValueLogLeavesSeekAfterMixedKeyMutations","Output":"=== RUN   TestPublishOrderedRootCommandWALValueLogLeavesSeekAfterMixedKeyMutations\n"}
2026-10-06T19:42:42.1084627Z {"Time":"2026-10-06T19:42:42.0993185Z","Action":"output","Package":"github.com/snissn/gomap/TreeDB/db","Test":"TestPublishOrderedRootCommandWALValueLogLeavesSeekAfterMixedKeyMutations","Output":"--- PASS: TestPublishOrderedRootCommandWALValueLogLeavesSeekAfterMixedKeyMutations (0.12s)\n"}
2026-10-06T19:42:42.1087250Z {"Time":"2026-10-06T19:42:42.0993185Z","Action":"pass","Package":"github.com/snissn/gomap/TreeDB/db","Test":"TestPublishOrderedRootCommandWALValueLogLeavesSeekAfterMixedKeyMutations","Elapsed":0.12}
2026-10-06T19:42:42.1089205Z {"Time":"2026-10-06T19:42:42.0993185Z","Action":"run","Package":"github.com/snissn/gomap/TreeDB/db","Test":"TestPublishOrderedRootGroupWithSystemBuilder_ErrorLeavesMetaRootsUnchanged"}
2026-10-06T19:42:42.1091302Z {"Time":"2026-10-06T19:42:42.0993185Z","Action":"output","Package":"github.com/snissn/gomap/TreeDB/db","Test":"TestPublishOrderedRootGroupWithSystemBuilder_ErrorLeavesMetaRootsUnchanged","Output":"=== RUN   TestPublishOrderedRootGroupWithSystemBuilder_ErrorLeavesMetaRootsUnchanged\n"}
2026-10-06T19:42:42.1704463Z {"Time":"2026-10-06T19:42:42.1665331Z","Action":"output","Package":"github.com/snissn/gomap/TreeDB/db","Test":"TestPublishOrderedRootGroupWithSystemBuilder_ErrorLeavesMetaRootsUnchanged","Output":"--- PASS: TestPublishOrderedRootGroupWithSystemBuilder_ErrorLeavesMetaRootsUnchanged (0.07s)\n"}
2026-10-06T19:42:42.1707662Z {"Time":"2026-10-06T19:42:42.1665331Z","Action":"pass","Package":"github.com/snissn/gomap/TreeDB/db","Test":"TestPublishOrderedRootGroupWithSystemBuilder_ErrorLeavesMetaRootsUnchanged","Elapsed":0.07}
2026-10-06T19:42:42.1709578Z {"Time":"2026-10-06T19:42:42.1665331Z","Action":"run","Package":"github.com/snissn/gomap/TreeDB/db","Test":"TestOrderedRootSpanNativeClassificationHasNoOpenBlockers"}
2026-10-06T19:42:42.1711929Z {"Time":"2026-10-06T19:42:42.1668512Z","Action":"output","Package":"github.com/snissn/gomap/TreeDB/db","Test":"TestOrderedRootSpanNativeClassificationHasNoOpenBlockers","Output":"=== RUN   TestOrderedRootSpanNativeClassificationHasNoOpenBlockers\n"}
2026-10-06T19:42:42.1714451Z {"Time":"2026-10-06T19:42:42.1668512Z","Action":"output","Package":"github.com/snissn/gomap/TreeDB/db","Test":"TestOrderedRootSpanNativeClassificationHasNoOpenBlockers","Output":"--- PASS: TestOrderedRootSpanNativeClassificationHasNoOpenBlockers (0.00s)\n"}
2026-10-06T19:42:42.1716587Z {"Time":"2026-10-06T19:42:42.1668512Z","Action":"pass","Package":"github.com/snissn/gomap/TreeDB/db","Test":"TestOrderedRootSpanNativeClassificationHasNoOpenBlockers","Elapsed":0}
2026-10-06T19:42:42.1718414Z {"Time":"2026-10-06T19:42:42.1668512Z","Action":"run","Package":"github.com/snissn/gomap/TreeDB/db","Test":"TestOrderedRootSpanNativeEligibilityDoesNotCountEligibleAsFallback"}
2026-10-06T19:42:42.1720630Z {"Time":"2026-10-06T19:42:42.1668512Z","Action":"output","Package":"github.com/snissn/gomap/TreeDB/db","Test":"TestOrderedRootSpanNativeEligibilityDoesNotCountEligibleAsFallback","Output":"=== RUN   TestOrderedRootSpanNativeEligibilityDoesNotCountEligibleAsFallback\n"}
2026-10-06T19:42:42.1723135Z {"Time":"2026-10-06T19:42:42.1671525Z","Action":"output","Package":"github.com/snissn/gomap/TreeDB/db","Test":"TestOrderedRootSpanNativeEligibilityDoesNotCountEligibleAsFallback","Output":"--- PASS: TestOrderedRootSpanNativeEligibilityDoesNotCountEligibleAsFallback (0.00s)\n"}
2026-10-06T19:42:42.1725039Z {"Time":"2026-10-06T19:42:42.1671525Z","Action":"pass","Package":"github.com/snissn/gomap/TreeDB/db","Test":"TestOrderedRootSpanNativeEligibilityDoesNotCountEligibleAsFallback","Elapsed":0}
2026-10-06T19:42:42.1726452Z {"Time":"2026-10-06T19:42:42.1671525Z","Action":"run","Package":"github.com/snissn/gomap/TreeDB/db","Test":"TestOrderedRootSpanNativeIteratorCommandWALRouteCounters"}
2026-10-06T19:42:42.1727911Z {"Time":"2026-10-06T19:42:42.1671525Z","Action":"output","Package":"github.com/snissn/gomap/TreeDB/db","Test":"TestOrderedRootSpanNativeIteratorCommandWALRouteCounters","Output":"=== RUN   TestOrderedRootSpanNativeIteratorCommandWALRouteCounters\n"}
2026-10-06T19:42:42.2801069Z {"Time":"2026-10-06T19:42:42.2705668Z","Action":"output","Package":"github.com/snissn/gomap/TreeDB/db","Test":"TestOrderedRootSpanNativeIteratorCommandWALRouteCounters","Output":"--- PASS: TestOrderedRootSpanNativeIteratorCommandWALRouteCounters (0.10s)\n"}
2026-10-06T19:42:42.2803155Z {"Time":"2026-10-06T19:42:42.2705668Z","Action":"pass","Package":"github.com/snissn/gomap/TreeDB/db","Test":"TestOrderedRootSpanNativeIteratorCommandWALRouteCounters","Elapsed":0.1}
2026-10-06T19:42:42.2804835Z {"Time":"2026-10-06T19:42:42.2705668Z","Action":"run","Package":"github.com/snissn/gomap/TreeDB/db","Test":"TestOrderedRootSpanNativeValueLogLeavesCheckpointReopenAndGC"}
2026-10-06T19:42:42.2806405Z {"Time":"2026-10-06T19:42:42.2705668Z","Action":"output","Package":"github.com/snissn/gomap/TreeDB/db","Test":"TestOrderedRootSpanNativeValueLogLeavesCheckpointReopenAndGC","Output":"=== RUN   TestOrderedRootSpanNativeValueLogLeavesCheckpointReopenAndGC\n"}
2026-10-06T19:42:42.4973108Z {"Time":"2026-10-06T19:42:42.4868674Z","Action":"output","Package":"github.com/snissn/gomap/TreeDB/db","Test":"TestOrderedRootSpanNativeValueLogLeavesCheckpointReopenAndGC","Output":"    ordered_root_span_native_correctness_test.go:297: ValueLogGC: treedb: recoverable root set changed: capture did not converge\n"}
2026-10-06T19:42:42.4975708Z {"Time":"2026-10-06T19:42:42.4901928Z","Action":"output","Package":"github.com/snissn/gomap/TreeDB/db","Test":"TestOrderedRootSpanNativeValueLogLeavesCheckpointReopenAndGC","Output":"--- FAIL: TestOrderedRootSpanNativeValueLogLeavesCheckpointReopenAndGC (0.22s)\n"}
2026-10-06T19:42:42.4977393Z {"Time":"2026-10-06T19:42:42.4901928Z","Action":"fail","Package":"github.com/snissn/gomap/TreeDB/db","Test":"TestOrderedRootSpanNativeValueLogLeavesCheckpointReopenAndGC","Elapsed":0.22}
2026-10-06T19:42:42.4978991Z {"Time":"2026-10-06T19:42:42.4907478Z","Action":"run","Package":"github.com/snissn/gomap/TreeDB/db","Test":"TestPowerLossOraclePostMetaFailurePoisonsPublicHandle"}
2026-10-06T19:42:42.4980462Z {"Time":"2026-10-06T19:42:42.4907478Z","Action":"output","Package":"github.com/snissn/gomap/TreeDB/db","Test":"TestPowerLossOraclePostMetaFailurePoisonsPublicHandle","Output":"=== RUN   TestPowerLossOraclePostMetaFailurePoisonsPublicHandle\n"}
2026-10-06T19:42:42.5906119Z {"Time":"2026-10-06T19:42:42.5779475Z","Action":"output","Package":"github.com/snissn/gomap/TreeDB/db","Test":"TestPowerLossOraclePostMetaFailurePoisonsPublicHandle","Output":"--- PASS: TestPowerLossOraclePostMetaFailurePoisonsPublicHandle (0.09s)\n"}
2026-10-06T19:42:42.5908169Z {"Time":"2026-10-06T19:42:42.5779475Z","Action":"pass","Package":"github.com/snissn/gomap/TreeDB/db","Test":"TestPowerLossOraclePostMetaFailurePoisonsPublicHandle","Elapsed":0.09}
2026-10-06T19:42:42.5909683Z {"Time":"2026-10-06T19:42:42.5779475Z","Action":"run","Package":"github.com/snissn/gomap/TreeDB/db","Test":"TestPreparedRootPublicationBaseProfileCountsHistoricalManifest"}
2026-10-06T19:42:42.5911677Z {"Time":"2026-10-06T19:42:42.5779475Z","Action":"output","Package":"github.com/snissn/gomap/TreeDB/db","Test":"TestPreparedRootPublicationBaseProfileCountsHistoricalManifest","Output":"=== RUN   TestPreparedRootPublicationBaseProfileCountsHistoricalManifest\n"}
2026-10-06T19:42:42.5914151Z {"Time":"2026-10-06T19:42:42.5779475Z","Action":"output","Package":"github.com/snissn/gomap/TreeDB/db","Test":"TestPreparedRootPublicationBaseProfileCountsHistoricalManifest","Output":"--- PASS: TestPreparedRootPublicationBaseProfileCountsHistoricalManifest (0.00s)\n"}
2026-10-06T19:42:42.5916400Z {"Time":"2026-10-06T19:42:42.5779475Z","Action":"pass","Package":"github.com/snissn/gomap/TreeDB/db","Test":"TestPreparedRootPublicationBaseProfileCountsHistoricalManifest","Elapsed":0}
2026-10-06T19:42:42.5918056Z {"Time":"2026-10-06T19:42:42.5779475Z","Action":"run","Package":"github.com/snissn/gomap/TreeDB/db","Test":"TestObserveOrderedRootDeltaGroupPublishStats"}
2026-10-06T19:42:42.5919681Z {"Time":"2026-10-06T19:42:42.5779475Z","Action":"output","Package":"github.com/snissn/gomap/TreeDB/db","Test":"TestObserveOrderedRootDeltaGroupPublishStats","Output":"=== RUN   TestObserveOrderedRootDeltaGroupPublishStats\n"}
2026-10-06T19:42:42.5921287Z {"Time":"2026-10-06T19:42:42.578514Z","Action":"output","Package":"github.com/snissn/gomap/TreeDB/db","Test":"TestObserveOrderedRootDeltaGroupPublishStats","Output":"--- PASS: TestObserveOrderedRootDeltaGroupPublishStats (0.00s)\n"}
2026-10-06T19:42:42.5923035Z {"Time":"2026-10-06T19:42:42.578514Z","Action":"pass","Package":"github.com/snissn/gomap/TreeDB/db","Test":"TestObserveOrderedRootDeltaGroupPublishStats","Elapsed":0}
2026-10-06T19:42:42.5924334Z {"Time":"2026-10-06T19:42:42.578514Z","Action":"run","Package":"github.com/snissn/gomap/TreeDB/db","Test":"TestConcurrentReadsWrites"}
2026-10-06T19:42:42.5925383Z {"Time":"2026-10-06T19:42:42.578514Z","Action":"output","Package":"github.com/snissn/gomap/TreeDB/db","Test":"TestConcurrentReadsWrites","Output":"=== RUN   TestConcurrentReadsWrites\n"}
2026-10-06T19:42:45.0891471Z {"Time":"2026-10-06T19:42:45.0811436Z","Action":"output","Package":"github.com/snissn/gomap/TreeDB/db","Test":"TestConcurrentReadsWrites","Output":"--- PASS: TestConcurrentReadsWrites (2.50s)\n"}
2026-10-06T19:42:45.0893354Z {"Time":"2026-10-06T19:42:45.0811436Z","Action":"pass","Package":"github.com/snissn/gomap/TreeDB/db","Test":"TestConcurrentReadsWrites","Elapsed":2.5}
2026-10-06T19:42:45.0895390Z {"Time":"2026-10-06T19:42:45.0811436Z","Action":"run","Package":"github.com/snissn/gomap/TreeDB/db","Test":"TestRawSpanNativeRouteStatsCommandWALCheckpointPiggybackUsesSpanNativeApply"}
2026-10-06T19:42:45.0897876Z {"Time":"2026-10-06T19:42:45.0811436Z","Action":"output","Package":"github.com/snissn/gomap/TreeDB/db","Test":"TestRawSpanNativeRouteStatsCommandWALCheckpointPiggybackUsesSpanNativeApply","Output":"=== RUN   TestRawSpanNativeRouteStatsCommandWALCheckpointPiggybackUsesSpanNativeApply\n"}
2026-10-06T19:42:45.1665159Z {"Time":"2026-10-06T19:42:45.1531869Z","Action":"output","Package":"github.com/snissn/gomap/TreeDB/db","Test":"TestRawSpanNativeRouteStatsCommandWALCheckpointPiggybackUsesSpanNativeApply","Output":"--- PASS: TestRawSpanNativeRouteStatsCommandWALCheckpointPiggybackUsesSpanNativeApply (0.07s)\n"}
2026-10-06T19:42:45.1667877Z {"Time":"2026-10-06T19:42:45.1531869Z","Action":"pass","Package":"github.com/snissn/gomap/TreeDB/db","Test":"TestRawSpanNativeRouteStatsCommandWALCheckpointPiggybackUsesSpanNativeApply","Elapsed":0.07}
2026-10-06T19:42:45.1669665Z {"Time":"2026-10-06T19:42:45.1531869Z","Action":"run","Package":"github.com/snissn/gomap/TreeDB/db","Test":"TestReadOnlyOpenDoesNotAcquireCommandJournalOwner"}
2026-10-06T19:42:45.1671387Z {"Time":"2026-10-06T19:42:45.1531869Z","Action":"output","Package":"github.com/snissn/gomap/TreeDB/db","Test":"TestReadOnlyOpenDoesNotAcquireCommandJournalOwner","Output":"=== RUN   TestReadOnlyOpenDoesNotAcquireCommandJournalOwner\n"}
2026-10-06T19:42:45.2288769Z {"Time":"2026-10-06T19:42:45.2193205Z","Action":"output","Package":"github.com/snissn/gomap/TreeDB/db","Test":"TestReadOnlyOpenDoesNotAcquireCommandJournalOwner","Output":"--- PASS: TestReadOnlyOpenDoesNotAcquireCommandJournalOwner (0.07s)\n"}
2026-10-06T19:42:45.2290440Z {"Time":"2026-10-06T19:42:45.2193205Z","Action":"pass","Package":"github.com/snissn/gomap/TreeDB/db","Test":"TestReadOnlyOpenDoesNotAcquireCommandJournalOwner","Elapsed":0.07}
2026-10-06T19:42:45.2291656Z {"Time":"2026-10-06T19:42:45.2193205Z","Action":"run","Package":"github.com/snissn/gomap/TreeDB/db","Test":"TestRecoverableRootSetRejectsDurableAdvanceAfterCapture"}
2026-10-06T19:42:45.2293155Z {"Time":"2026-10-06T19:42:45.2193205Z","Action":"output","Package":"github.com/snissn/gomap/TreeDB/db","Test":"TestRecoverableRootSetRejectsDurableAdvanceAfterCapture","Output":"=== RUN   TestRecoverableRootSetRejectsDurableAdvanceAfterCapture\n"}
2026-10-06T19:42:45.2897813Z {"Time":"2026-10-06T19:42:45.2805511Z","Action":"output","Package":"github.com/snissn/gomap/TreeDB/db","Test":"TestRecoverableRootSetRejectsDurableAdvanceAfterCapture","Output":"--- PASS: TestRecoverableRootSetRejectsDurableAdvanceAfterCapture (0.06s)\n"}
2026-10-06T19:42:45.2900235Z {"Time":"2026-10-06T19:42:45.2805511Z","Action":"pass","Package":"github.com/snissn/gomap/TreeDB/db","Test":"TestRecoverableRootSetRejectsDurableAdvanceAfterCapture","Elapsed":0.06}
2026-10-06T19:42:45.2902188Z {"Time":"2026-10-06T19:42:45.2805511Z","Action":"run","Package":"github.com/snissn/gomap/TreeDB/db","Test":"TestQueuedRootPublicationVisibleResourceCloneFailureAllowsCreatedSegmentCleanup"}
2026-10-06T19:42:45.2905326Z {"Time":"2026-10-06T19:42:45.2805511Z","Action":"output","Package":"github.com/snissn/gomap/TreeDB/db","Test":"TestQueuedRootPublicationVisibleResourceCloneFailureAllowsCreatedSegmentCleanup","Output":"=== RUN   TestQueuedRootPublicationVisibleResourceCloneFailureAllowsCreatedSegmentCleanup\n"}
2026-10-06T19:42:45.3513297Z {"Time":"2026-10-06T19:42:45.3422226Z","Action":"output","Package":"github.com/snissn/gomap/TreeDB/db","Test":"TestQueuedRootPublicationVisibleResourceCloneFailureAllowsCreatedSegmentCleanup","Output":"--- PASS: TestQueuedRootPublicationVisibleResourceCloneFailureAllowsCreatedSegmentCleanup (0.06s)\n"}
2026-10-06T19:42:45.3516083Z {"Time":"2026-10-06T19:42:45.3422226Z","Action":"pass","Package":"github.com/snissn/gomap/TreeDB/db","Test":"TestQueuedRootPublicationVisibleResourceCloneFailureAllowsCreatedSegmentCleanup","Elapsed":0.06}
2026-10-06T19:42:45.3517713Z {"Time":"2026-10-06T19:42:45.3422226Z","Action":"run","Package":"github.com/snissn/gomap/TreeDB/db","Test":"TestRootPublicationBuildGroupCommandWALAcceptedWaitFailureDoesNotPoisonOpenHandle"}
2026-10-06T19:42:45.3519889Z {"Time":"2026-10-06T19:42:45.3422226Z","Action":"output","Package":"github.com/snissn/gomap/TreeDB/db","Test":"TestRootPublicationBuildGroupCommandWALAcceptedWaitFailureDoesNotPoisonOpenHandle","Output":"=== RUN   TestRootPublicationBuildGroupCommandWALAcceptedWaitFailureDoesNotPoisonOpenHandle\n"}
2026-10-06T19:42:45.4442609Z {"Time":"2026-10-06T19:42:45.4310023Z","Action":"output","Package":"github.com/snissn/gomap/TreeDB/db","Test":"TestRootPublicationBuildGroupCommandWALAcceptedWaitFailureDoesNotPoisonOpenHandle","Output":"--- PASS: TestRootPublicationBuildGroupCommandWALAcceptedWaitFailureDoesNotPoisonOpenHandle (0.09s)\n"}
2026-10-06T19:42:45.4445146Z {"Time":"2026-10-06T19:42:45.4310023Z","Action":"pass","Package":"github.com/snissn/gomap/TreeDB/db","Test":"TestRootPublicationBuildGroupCommandWALAcceptedWaitFailureDoesNotPoisonOpenHandle","Elapsed":0.09}
2026-10-06T19:42:45.4446782Z {"Time":"2026-10-06T19:42:45.4310023Z","Action":"run","Package":"github.com/snissn/gomap/TreeDB/db","Test":"TestSnapshotAllocationAdmissionFixedCohortPressure"}
2026-10-06T19:42:45.4448489Z {"Time":"2026-10-06T19:42:45.4310023Z","Action":"output","Package":"github.com/snissn/gomap/TreeDB/db","Test":"TestSnapshotAllocationAdmissionFixedCohortPressure","Output":"=== RUN   TestSnapshotAllocationAdmissionFixedCohortPressure\n"}
2026-10-06T19:42:45.6310688Z {"Time":"2026-10-06T19:42:45.6228808Z","Action":"output","Package":"github.com/snissn/gomap/TreeDB/db","Test":"TestSnapshotAllocationAdmissionFixedCohortPressure","Output":"--- PASS: TestSnapshotAllocationAdmissionFixedCohortPressure (0.19s)\n"}
2026-10-06T19:42:45.6312275Z {"Time":"2026-10-06T19:42:45.6228808Z","Action":"pass","Package":"github.com/snissn/gomap/TreeDB/db","Test":"TestSnapshotAllocationAdmissionFixedCohortPressure","Elapsed":0.19}
2026-10-06T19:42:45.6313962Z {"Time":"2026-10-06T19:42:45.6228808Z","Action":"run","Package":"github.com/snissn/gomap/TreeDB/db","Test":"TestSnapshotIteratorCreationSerializesCloseAndRelease"}
2026-10-06T19:42:45.6317458Z {"Time":"2026-10-06T19:42:45.6228808Z","Action":"output","Package":"github.com/snissn/gomap/TreeDB/db","Test":"TestSnapshotIteratorCreationSerializesCloseAndRelease","Output":"=== RUN   TestSnapshotIteratorCreationSerializesCloseAndRelease\n"}
2026-10-06T19:42:45.6929838Z {"Time":"2026-10-06T19:42:45.6858811Z","Action":"run","Package":"github.com/snissn/gomap/TreeDB/db","Test":"TestSnapshotIteratorCreationSerializesCloseAndRelease/forward"}
2026-10-06T19:42:45.6931994Z {"Time":"2026-10-06T19:42:45.6858811Z","Action":"output","Package":"github.com/snissn/gomap/TreeDB/db","Test":"TestSnapshotIteratorCreationSerializesCloseAndRelease/forward","Output":"=== RUN   TestSnapshotIteratorCreationSerializesCloseAndRelease/forward\n"}
2026-10-06T19:42:45.6935208Z {"Time":"2026-10-06T19:42:45.6862713Z","Action":"output","Package":"github.com/snissn/gomap/TreeDB/db","Test":"TestSnapshotIteratorCreationSerializesCloseAndRelease/forward","Output":"--- PASS: TestSnapshotIteratorCreationSerializesCloseAndRelease/forward (0.00s)\n"}
2026-10-06T19:42:45.6937582Z {"Time":"2026-10-06T19:42:45.6862713Z","Action":"pass","Package":"github.com/snissn/gomap/TreeDB/db","Test":"TestSnapshotIteratorCreationSerializesCloseAndRelease/forward","Elapsed":0}
2026-10-06T19:42:45.6939271Z {"Time":"2026-10-06T19:42:45.6862713Z","Action":"run","Package":"github.com/snissn/gomap/TreeDB/db","Test":"TestSnapshotIteratorCreationSerializesCloseAndRelease/reverse"}
2026-10-06T19:42:45.6941343Z {"Time":"2026-10-06T19:42:45.6862713Z","Action":"output","Package":"github.com/snissn/gomap/TreeDB/db","Test":"TestSnapshotIteratorCreationSerializesCloseAndRelease/reverse","Output":"=== RUN   TestSnapshotIteratorCreationSerializesCloseAndRelease/reverse\n"}
2026-10-06T19:42:45.6943714Z {"Time":"2026-10-06T19:42:45.6862713Z","Action":"output","Package":"github.com/snissn/gomap/TreeDB/db","Test":"TestSnapshotIteratorCreationSerializesCloseAndRelease/reverse","Output":"--- PASS: TestSnapshotIteratorCreationSerializesCloseAndRelease/reverse (0.00s)\n"}
2026-10-06T19:42:45.6946026Z {"Time":"2026-10-06T19:42:45.6862713Z","Action":"pass","Package":"github.com/snissn/gomap/TreeDB/db","Test":"TestSnapshotIteratorCreationSerializesCloseAndRelease/reverse","Elapsed":0}
2026-10-06T19:42:45.7093919Z {"Time":"2026-10-06T19:42:45.6944098Z","Action":"output","Package":"github.com/snissn/gomap/TreeDB/db","Test":"TestSnapshotIteratorCreationSerializesCloseAndRelease","Output":"--- PASS: TestSnapshotIteratorCreationSerializesCloseAndRelease (0.07s)\n"}
2026-10-06T19:42:45.7096470Z {"Time":"2026-10-06T19:42:45.6944098Z","Action":"pass","Package":"github.com/snissn/gomap/TreeDB/db","Test":"TestSnapshotIteratorCreationSerializesCloseAndRelease","Elapsed":0.07}
2026-10-06T19:42:45.7097943Z {"Time":"2026-10-06T19:42:45.6944098Z","Action":"run","Package":"github.com/snissn/gomap/TreeDB/db","Test":"TestSnapshot_HasManyAtRootAndHasPrefixesAtRoot"}
2026-10-06T19:42:45.7099625Z {"Time":"2026-10-06T19:42:45.6944098Z","Action":"output","Package":"github.com/snissn/gomap/TreeDB/db","Test":"TestSnapshot_HasManyAtRootAndHasPrefixesAtRoot","Output":"=== RUN   TestSnapshot_HasManyAtRootAndHasPrefixesAtRoot\n"}
2026-10-06T19:42:45.7721067Z {"Time":"2026-10-06T19:42:45.7601319Z","Action":"output","Package":"github.com/snissn/gomap/TreeDB/db","Test":"TestSnapshot_HasManyAtRootAndHasPrefixesAtRoot","Output":"--- PASS: TestSnapshot_HasManyAtRootAndHasPrefixesAtRoot (0.07s)\n"}
2026-10-06T19:42:45.7723255Z {"Time":"2026-10-06T19:42:45.7601319Z","Action":"pass","Package":"github.com/snissn/gomap/TreeDB/db","Test":"TestSnapshot_HasManyAtRootAndHasPrefixesAtRoot","Elapsed":0.07}
2026-10-06T19:42:45.7724522Z {"Time":"2026-10-06T19:42:45.7610902Z","Action":"run","Package":"github.com/snissn/gomap/TreeDB/db","Test":"TestDBAndSnapshotStateTokenIsCoherentImmutableAndAllocationFree"}
2026-10-06T19:42:45.7726477Z {"Time":"2026-10-06T19:42:45.7610902Z","Action":"output","Package":"github.com/snissn/gomap/TreeDB/db","Test":"TestDBAndSnapshotStateTokenIsCoherentImmutableAndAllocationFree","Output":"=== RUN   TestDBAndSnapshotStateTokenIsCoherentImmutableAndAllocationFree\n"}
2026-10-06T19:42:45.7729006Z {"Time":"2026-10-06T19:42:45.7610902Z","Action":"output","Package":"github.com/snissn/gomap/TreeDB/db","Test":"TestDBAndSnapshotStateTokenIsCoherentImmutableAndAllocationFree","Output":"--- PASS: TestDBAndSnapshotStateTokenIsCoherentImmutableAndAllocationFree (0.00s)\n"}
2026-10-06T19:42:45.7730683Z {"Time":"2026-10-06T19:42:45.7610902Z","Action":"pass","Package":"github.com/snissn/gomap/TreeDB/db","Test":"TestDBAndSnapshotStateTokenIsCoherentImmutableAndAllocationFree","Elapsed":0}
2026-10-06T19:42:45.7731862Z {"Time":"2026-10-06T19:42:45.7610902Z","Action":"run","Package":"github.com/snissn/gomap/TreeDB/db","Test":"TestAcquireSnapshot_ReturnsNilWhenDBIsClosing"}
2026-10-06T19:42:45.7733530Z {"Time":"2026-10-06T19:42:45.7610902Z","Action":"output","Package":"github.com/snissn/gomap/TreeDB/db","Test":"TestAcquireSnapshot_ReturnsNilWhenDBIsClosing","Output":"=== RUN   TestAcquireSnapshot_ReturnsNilWhenDBIsClosing\n"}
2026-10-06T19:42:45.7735370Z {"Time":"2026-10-06T19:42:45.7610902Z","Action":"output","Package":"github.com/snissn/gomap/TreeDB/db","Test":"TestAcquireSnapshot_ReturnsNilWhenDBIsClosing","Output":"--- PASS: TestAcquireSnapshot_ReturnsNilWhenDBIsClosing (0.00s)\n"}
2026-10-06T19:42:45.7736694Z {"Time":"2026-10-06T19:42:45.7610902Z","Action":"pass","Package":"github.com/snissn/gomap/TreeDB/db","Test":"TestAcquireSnapshot_ReturnsNilWhenDBIsClosing","Elapsed":0}
2026-10-06T19:42:45.7738149Z {"Time":"2026-10-06T19:42:45.7610902Z","Action":"run","Package":"github.com/snissn/gomap/TreeDB/db","Test":"TestCurrentLeafGenerationView_ReusesPublishedManifestView"}
2026-10-06T19:42:45.7739974Z {"Time":"2026-10-06T19:42:45.7610902Z","Action":"output","Package":"github.com/snissn/gomap/TreeDB/db","Test":"TestCurrentLeafGenerationView_ReusesPublishedManifestView","Output":"=== RUN   TestCurrentLeafGenerationView_ReusesPublishedManifestView\n"}
2026-10-06T19:42:45.7741720Z {"Time":"2026-10-06T19:42:45.7610902Z","Action":"output","Package":"github.com/snissn/gomap/TreeDB/db","Test":"TestCurrentLeafGenerationView_ReusesPublishedManifestView","Output":"--- PASS: TestCurrentLeafGenerationView_ReusesPublishedManifestView (0.00s)\n"}
2026-10-06T19:42:45.7743260Z {"Time":"2026-10-06T19:42:45.7610902Z","Action":"pass","Package":"github.com/snissn/gomap/TreeDB/db","Test":"TestCurrentLeafGenerationView_ReusesPublishedManifestView","Elapsed":0}
2026-10-06T19:42:45.7745018Z {"Time":"2026-10-06T19:42:45.7616625Z","Action":"run","Package":"github.com/snissn/gomap/TreeDB/db","Test":"TestFlushApplySpanNativeEligibleCountersDoNotMarkIneligible"}
2026-10-06T19:42:45.7746515Z {"Time":"2026-10-06T19:42:45.7616625Z","Action":"output","Package":"github.com/snissn/gomap/TreeDB/db","Test":"TestFlushApplySpanNativeEligibleCountersDoNotMarkIneligible","Output":"=== RUN   TestFlushApplySpanNativeEligibleCountersDoNotMarkIneligible\n"}
2026-10-06T19:42:45.7748375Z {"Time":"2026-10-06T19:42:45.7616625Z","Action":"output","Package":"github.com/snissn/gomap/TreeDB/db","Test":"TestFlushApplySpanNativeEligibleCountersDoNotMarkIneligible","Output":"--- PASS: TestFlushApplySpanNativeEligibleCountersDoNotMarkIneligible (0.00s)\n"}
2026-10-06T19:42:45.7750351Z {"Time":"2026-10-06T19:42:45.7616625Z","Action":"pass","Package":"github.com/snissn/gomap/TreeDB/db","Test":"TestFlushApplySpanNativeEligibleCountersDoNotMarkIneligible","Elapsed":0}
2026-10-06T19:42:45.7751573Z {"Time":"2026-10-06T19:42:45.7616625Z","Action":"run","Package":"github.com/snissn/gomap/TreeDB/db","Test":"TestValidateFlushSpanRunMetadataCoversShadowingAndBarriers"}
2026-10-06T19:42:45.7753051Z {"Time":"2026-10-06T19:42:45.7616625Z","Action":"output","Package":"github.com/snissn/gomap/TreeDB/db","Test":"TestValidateFlushSpanRunMetadataCoversShadowingAndBarriers","Output":"=== RUN   TestValidateFlushSpanRunMetadataCoversShadowingAndBarriers\n"}
2026-10-06T19:42:45.7754906Z {"Time":"2026-10-06T19:42:45.7616625Z","Action":"output","Package":"github.com/snissn/gomap/TreeDB/db","Test":"TestValidateFlushSpanRunMetadataCoversShadowingAndBarriers","Output":"--- PASS: TestValidateFlushSpanRunMetadataCoversShadowingAndBarriers (0.00s)\n"}
2026-10-06T19:42:45.7756835Z {"Time":"2026-10-06T19:42:45.7616625Z","Action":"pass","Package":"github.com/snissn/gomap/TreeDB/db","Test":"TestValidateFlushSpanRunMetadataCoversShadowingAndBarriers","Elapsed":0}
2026-10-06T19:42:45.7758216Z {"Time":"2026-10-06T19:42:45.7616625Z","Action":"run","Package":"github.com/snissn/gomap/TreeDB/db","Test":"TestStableIndexResourceTokenOwnsVacuumFenceAfterSnapshotClose"}
2026-10-06T19:42:45.7760033Z {"Time":"2026-10-06T19:42:45.7616625Z","Action":"output","Package":"github.com/snissn/gomap/TreeDB/db","Test":"TestStableIndexResourceTokenOwnsVacuumFenceAfterSnapshotClose","Output":"=== RUN   TestStableIndexResourceTokenOwnsVacuumFenceAfterSnapshotClose\n"}
2026-10-06T19:42:45.7762645Z {"Time":"2026-10-06T19:42:45.7616625Z","Action":"output","Package":"github.com/snissn/gomap/TreeDB/db","Test":"TestStableIndexResourceTokenOwnsVacuumFenceAfterSnapshotClose","Output":"    stable_resource_test.go:150: online vacuum unsupported on Windows\n"}
2026-10-06T19:42:45.7764524Z {"Time":"2026-10-06T19:42:45.7616625Z","Action":"output","Package":"github.com/snissn/gomap/TreeDB/db","Test":"TestStableIndexResourceTokenOwnsVacuumFenceAfterSnapshotClose","Output":"--- SKIP: TestStableIndexResourceTokenOwnsVacuumFenceAfterSnapshotClose (0.00s)\n"}
2026-10-06T19:42:45.7766394Z {"Time":"2026-10-06T19:42:45.7616625Z","Action":"skip","Package":"github.com/snissn/gomap/TreeDB/db","Test":"TestStableIndexResourceTokenOwnsVacuumFenceAfterSnapshotClose","Elapsed":0}
2026-10-06T19:42:45.7767907Z {"Time":"2026-10-06T19:42:45.7621466Z","Action":"run","Package":"github.com/snissn/gomap/TreeDB/db","Test":"TestStandaloneLeafPageLogReopenAdvancesLeafLaneSequence"}
2026-10-06T19:42:45.7769351Z {"Time":"2026-10-06T19:42:45.7621466Z","Action":"output","Package":"github.com/snissn/gomap/TreeDB/db","Test":"TestStandaloneLeafPageLogReopenAdvancesLeafLaneSequence","Output":"=== RUN   TestStandaloneLeafPageLogReopenAdvancesLeafLaneSequence\n"}
2026-10-06T19:42:45.8023123Z {"Time":"2026-10-06T19:42:45.7986637Z","Action":"output","Package":"github.com/snissn/gomap/TreeDB/db","Test":"TestStandaloneLeafPageLogReopenAdvancesLeafLaneSequence","Output":"--- PASS: TestStandaloneLeafPageLogReopenAdvancesLeafLaneSequence (0.04s)\n"}
2026-10-06T19:42:45.8024762Z {"Time":"2026-10-06T19:42:45.7992234Z","Action":"pass","Package":"github.com/snissn/gomap/TreeDB/db","Test":"TestStandaloneLeafPageLogReopenAdvancesLeafLaneSequence","Elapsed":0.04}
2026-10-06T19:42:45.8026121Z {"Time":"2026-10-06T19:42:45.7992234Z","Action":"run","Package":"github.com/snissn/gomap/TreeDB/db","Test":"TestPublishSystemRootIterator_DoesNotCreateBatch"}
2026-10-06T19:42:45.8027464Z {"Time":"2026-10-06T19:42:45.7992234Z","Action":"output","Package":"github.com/snissn/gomap/TreeDB/db","Test":"TestPublishSystemRootIterator_DoesNotCreateBatch","Output":"=== RUN   TestPublishSystemRootIterator_DoesNotCreateBatch\n"}
2026-10-06T19:42:45.8638389Z {"Time":"2026-10-06T19:42:45.8619778Z","Action":"output","Package":"github.com/snissn/gomap/TreeDB/db","Test":"TestPublishSystemRootIterator_DoesNotCreateBatch","Output":"--- PASS: TestPublishSystemRootIterator_DoesNotCreateBatch (0.06s)\n"}
2026-10-06T19:42:45.8640577Z {"Time":"2026-10-06T19:42:45.8619778Z","Action":"pass","Package":"github.com/snissn/gomap/TreeDB/db","Test":"TestPublishSystemRootIterator_DoesNotCreateBatch","Elapsed":0.06}
2026-10-06T19:42:45.8642207Z {"Time":"2026-10-06T19:42:45.8619778Z","Action":"run","Package":"github.com/snissn/gomap/TreeDB/db","Test":"TestPublishSystemRootIterator_WarmApplyHandlesInsertUpdateDelete"}
2026-10-06T19:42:45.8644666Z {"Time":"2026-10-06T19:42:45.8619778Z","Action":"output","Package":"github.com/snissn/gomap/TreeDB/db","Test":"TestPublishSystemRootIterator_WarmApplyHandlesInsertUpdateDelete","Output":"=== RUN   TestPublishSystemRootIterator_WarmApplyHandlesInsertUpdateDelete\n"}
2026-10-06T19:42:45.9412048Z {"Time":"2026-10-06T19:42:45.9345784Z","Action":"output","Package":"github.com/snissn/gomap/TreeDB/db","Test":"TestPublishSystemRootIterator_WarmApplyHandlesInsertUpdateDelete","Output":"--- PASS: TestPublishSystemRootIterator_WarmApplyHandlesInsertUpdateDelete (0.07s)\n"}
2026-10-06T19:42:45.9414405Z {"Time":"2026-10-06T19:42:45.9345784Z","Action":"pass","Package":"github.com/snissn/gomap/TreeDB/db","Test":"TestPublishSystemRootIterator_WarmApplyHandlesInsertUpdateDelete","Elapsed":0.07}
2026-10-06T19:42:45.9415875Z {"Time":"2026-10-06T19:42:45.9345784Z","Action":"run","Package":"github.com/snissn/gomap/TreeDB/db","Test":"TestUpdateConcurrentCounterNoLostUpdates"}
2026-10-06T19:42:45.9417439Z {"Time":"2026-10-06T19:42:45.9345784Z","Action":"output","Package":"github.com/snissn/gomap/TreeDB/db","Test":"TestUpdateConcurrentCounterNoLostUpdates","Output":"=== RUN   TestUpdateConcurrentCounterNoLostUpdates\n"}
2026-10-06T19:42:46.9067817Z {"Time":"2026-10-06T19:42:46.90306Z","Action":"output","Package":"github.com/snissn/gomap/TreeDB/db","Test":"TestUpdateConcurrentCounterNoLostUpdates","Output":"--- PASS: TestUpdateConcurrentCounterNoLostUpdates (0.97s)\n"}
2026-10-06T19:42:46.9069544Z {"Time":"2026-10-06T19:42:46.90306Z","Action":"pass","Package":"github.com/snissn/gomap/TreeDB/db","Test":"TestUpdateConcurrentCounterNoLostUpdates","Elapsed":0.97}
2026-10-06T19:42:46.9070801Z {"Time":"2026-10-06T19:42:46.90306Z","Action":"run","Package":"github.com/snissn/gomap/TreeDB/db","Test":"TestVacuumCollectCollectionEntriesFromRootWithLimits"}
2026-10-06T19:42:46.9072455Z {"Time":"2026-10-06T19:42:46.90306Z","Action":"output","Package":"github.com/snissn/gomap/TreeDB/db","Test":"TestVacuumCollectCollectionEntriesFromRootWithLimits","Output":"=== RUN   TestVacuumCollectCollectionEntriesFromRootWithLimits\n"}
2026-10-06T19:42:46.9526649Z {"Time":"2026-10-06T19:42:46.9516526Z","Action":"run","Package":"github.com/snissn/gomap/TreeDB/db","Test":"TestVacuumCollectCollectionEntriesFromRootWithLimits/entry"}
2026-10-06T19:42:46.9528264Z {"Time":"2026-10-06T19:42:46.9516526Z","Action":"output","Package":"github.com/snissn/gomap/TreeDB/db","Test":"TestVacuumCollectCollectionEntriesFromRootWithLimits/entry","Output":"=== RUN   TestVacuumCollectCollectionEntriesFromRootWithLimits/entry\n"}
2026-10-06T19:42:46.9530349Z {"Time":"2026-10-06T19:42:46.9516526Z","Action":"output","Package":"github.com/snissn/gomap/TreeDB/db","Test":"TestVacuumCollectCollectionEntriesFromRootWithLimits/entry","Output":"--- PASS: TestVacuumCollectCollectionEntriesFromRootWithLimits/entry (0.00s)\n"}
2026-10-06T19:42:46.9531913Z {"Time":"2026-10-06T19:42:46.9516526Z","Action":"pass","Package":"github.com/snissn/gomap/TreeDB/db","Test":"TestVacuumCollectCollectionEntriesFromRootWithLimits/entry","Elapsed":0}
2026-10-06T19:42:46.9533446Z {"Time":"2026-10-06T19:42:46.9516526Z","Action":"run","Package":"github.com/snissn/gomap/TreeDB/db","Test":"TestVacuumCollectCollectionEntriesFromRootWithLimits/bytes"}
2026-10-06T19:42:46.9535174Z {"Time":"2026-10-06T19:42:46.9516526Z","Action":"output","Package":"github.com/snissn/gomap/TreeDB/db","Test":"TestVacuumCollectCollectionEntriesFromRootWithLimits/bytes","Output":"=== RUN   TestVacuumCollectCollectionEntriesFromRootWithLimits/bytes\n"}
2026-10-06T19:42:46.9537031Z {"Time":"2026-10-06T19:42:46.9516526Z","Action":"output","Package":"github.com/snissn/gomap/TreeDB/db","Test":"TestVacuumCollectCollectionEntriesFromRootWithLimits/bytes","Output":"--- PASS: TestVacuumCollectCollectionEntriesFromRootWithLimits/bytes (0.00s)\n"}
2026-10-06T19:42:46.9538562Z {"Time":"2026-10-06T19:42:46.9516526Z","Action":"pass","Package":"github.com/snissn/gomap/TreeDB/db","Test":"TestVacuumCollectCollectionEntriesFromRootWithLimits/bytes","Elapsed":0}
2026-10-06T19:42:46.9539743Z {"Time":"2026-10-06T19:42:46.9516526Z","Action":"run","Package":"github.com/snissn/gomap/TreeDB/db","Test":"TestVacuumCollectCollectionEntriesFromRootWithLimits/root_IDs"}
2026-10-06T19:42:46.9541478Z {"Time":"2026-10-06T19:42:46.9516526Z","Action":"output","Package":"github.com/snissn/gomap/TreeDB/db","Test":"TestVacuumCollectCollectionEntriesFromRootWithLimits/root_IDs","Output":"=== RUN   TestVacuumCollectCollectionEntriesFromRootWithLimits/root_IDs\n"}
2026-10-06T19:42:46.9543361Z {"Time":"2026-10-06T19:42:46.9516526Z","Action":"output","Package":"github.com/snissn/gomap/TreeDB/db","Test":"TestVacuumCollectCollectionEntriesFromRootWithLimits/root_IDs","Output":"--- PASS: TestVacuumCollectCollectionEntriesFromRootWithLimits/root_IDs (0.00s)\n"}
2026-10-06T19:42:46.9544933Z {"Time":"2026-10-06T19:42:46.9516526Z","Action":"pass","Package":"github.com/snissn/gomap/TreeDB/db","Test":"TestVacuumCollectCollectionEntriesFromRootWithLimits/root_IDs","Elapsed":0}
2026-10-06T19:42:46.9836112Z {"Time":"2026-10-06T19:42:46.9744709Z","Action":"output","Package":"github.com/snissn/gomap/TreeDB/db","Test":"TestVacuumCollectCollectionEntriesFromRootWithLimits","Output":"--- PASS: TestVacuumCollectCollectionEntriesFromRootWithLimits (0.07s)\n"}
2026-10-06T19:42:46.9838210Z {"Time":"2026-10-06T19:42:46.9744709Z","Action":"pass","Package":"github.com/snissn/gomap/TreeDB/db","Test":"TestVacuumCollectCollectionEntriesFromRootWithLimits","Elapsed":0.07}
2026-10-06T19:42:46.9840177Z {"Time":"2026-10-06T19:42:46.9744709Z","Action":"run","Package":"github.com/snissn/gomap/TreeDB/db","Test":"TestReconcileCollectionBasisEntriesReclonesRootIDAcrossGenerationChange"}
2026-10-06T19:42:46.9842325Z {"Time":"2026-10-06T19:42:46.9744709Z","Action":"output","Package":"github.com/snissn/gomap/TreeDB/db","Test":"TestReconcileCollectionBasisEntriesReclonesRootIDAcrossGenerationChange","Output":"=== RUN   TestReconcileCollectionBasisEntriesReclonesRootIDAcrossGenerationChange\n"}
2026-10-06T19:42:46.9845417Z {"Time":"2026-10-06T19:42:46.9744709Z","Action":"output","Package":"github.com/snissn/gomap/TreeDB/db","Test":"TestReconcileCollectionBasisEntriesReclonesRootIDAcrossGenerationChange","Output":"--- PASS: TestReconcileCollectionBasisEntriesReclonesRootIDAcrossGenerationChange (0.00s)\n"}
2026-10-06T19:42:46.9847488Z {"Time":"2026-10-06T19:42:46.9744709Z","Action":"pass","Package":"github.com/snissn/gomap/TreeDB/db","Test":"TestReconcileCollectionBasisEntriesReclonesRootIDAcrossGenerationChange","Elapsed":0}
2026-10-06T19:42:46.9848908Z {"Time":"2026-10-06T19:42:46.9744709Z","Action":"run","Package":"github.com/snissn/gomap/TreeDB/db","Test":"TestVacuumIndexOnlineDefersRangeOnlyTailOverLimit"}
2026-10-06T19:42:46.9850850Z {"Time":"2026-10-06T19:42:46.9744709Z","Action":"output","Package":"github.com/snissn/gomap/TreeDB/db","Test":"TestVacuumIndexOnlineDefersRangeOnlyTailOverLimit","Output":"=== RUN   TestVacuumIndexOnlineDefersRangeOnlyTailOverLimit\n"}
2026-10-06T19:42:46.9852747Z {"Time":"2026-10-06T19:42:46.9744709Z","Action":"output","Package":"github.com/snissn/gomap/TreeDB/db","Test":"TestVacuumIndexOnlineDefersRangeOnlyTailOverLimit","Output":"    vacuum_collection_snapshot_test.go:613: online vacuum unsupported on windows\n"}
2026-10-06T19:42:46.9854490Z {"Time":"2026-10-06T19:42:46.9744709Z","Action":"output","Package":"github.com/snissn/gomap/TreeDB/db","Test":"TestVacuumIndexOnlineDefersRangeOnlyTailOverLimit","Output":"--- SKIP: TestVacuumIndexOnlineDefersRangeOnlyTailOverLimit (0.00s)\n"}
2026-10-06T19:42:46.9856250Z {"Time":"2026-10-06T19:42:46.9751551Z","Action":"skip","Package":"github.com/snissn/gomap/TreeDB/db","Test":"TestVacuumIndexOnlineDefersRangeOnlyTailOverLimit","Elapsed":0}
2026-10-06T19:42:46.9857632Z {"Time":"2026-10-06T19:42:46.9751551Z","Action":"run","Package":"github.com/snissn/gomap/TreeDB/db","Test":"TestVacuumM0FixtureDeterministicDebtAndOfflineCeiling"}
2026-10-06T19:42:46.9859238Z {"Time":"2026-10-06T19:42:46.9751551Z","Action":"output","Package":"github.com/snissn/gomap/TreeDB/db","Test":"TestVacuumM0FixtureDeterministicDebtAndOfflineCeiling","Output":"=== RUN   TestVacuumM0FixtureDeterministicDebtAndOfflineCeiling\n"}
2026-10-06T19:42:48.6137706Z {"Time":"2026-10-06T19:42:48.5977181Z","Action":"output","Package":"github.com/snissn/gomap/TreeDB/db","Test":"TestVacuumM0FixtureDeterministicDebtAndOfflineCeiling","Output":"--- PASS: TestVacuumM0FixtureDeterministicDebtAndOfflineCeiling (1.62s)\n"}
2026-10-06T19:42:48.6139855Z {"Time":"2026-10-06T19:42:48.5977181Z","Action":"pass","Package":"github.com/snissn/gomap/TreeDB/db","Test":"TestVacuumM0FixtureDeterministicDebtAndOfflineCeiling","Elapsed":1.62}
2026-10-06T19:42:48.6141569Z {"Time":"2026-10-06T19:42:48.5982865Z","Action":"run","Package":"github.com/snissn/gomap/TreeDB/db","Test":"TestVacuumIndexOffline_CommandWALPreservesDataAndShrinksFile"}
2026-10-06T19:42:48.6143439Z {"Time":"2026-10-06T19:42:48.5982865Z","Action":"output","Package":"github.com/snissn/gomap/TreeDB/db","Test":"TestVacuumIndexOffline_CommandWALPreservesDataAndShrinksFile","Output":"=== RUN   TestVacuumIndexOffline_CommandWALPreservesDataAndShrinksFile\n"}
2026-10-06T19:42:49.1942640Z {"Time":"2026-10-06T19:42:49.1928517Z","Action":"output","Package":"github.com/snissn/gomap/TreeDB/db","Test":"TestVacuumIndexOffline_CommandWALPreservesDataAndShrinksFile","Output":"--- PASS: TestVacuumIndexOffline_CommandWALPreservesDataAndShrinksFile (0.59s)\n"}
2026-10-06T19:42:49.1944302Z {"Time":"2026-10-06T19:42:49.1928517Z","Action":"pass","Package":"github.com/snissn/gomap/TreeDB/db","Test":"TestVacuumIndexOffline_CommandWALPreservesDataAndShrinksFile","Elapsed":0.59}
2026-10-06T19:42:49.1946325Z {"Time":"2026-10-06T19:42:49.1928517Z","Action":"run","Package":"github.com/snissn/gomap/TreeDB/db","Test":"TestVacuumFreeRetired_ReturnsFirstFallbackErrorAfterTryingSuffix"}
2026-10-06T19:42:49.1948205Z {"Time":"2026-10-06T19:42:49.1928517Z","Action":"output","Package":"github.com/snissn/gomap/TreeDB/db","Test":"TestVacuumFreeRetired_ReturnsFirstFallbackErrorAfterTryingSuffix","Output":"=== RUN   TestVacuumFreeRetired_ReturnsFirstFallbackErrorAfterTryingSuffix\n"}
2026-10-06T19:42:49.1950147Z {"Time":"2026-10-06T19:42:49.1928517Z","Action":"output","Package":"github.com/snissn/gomap/TreeDB/db","Test":"TestVacuumFreeRetired_ReturnsFirstFallbackErrorAfterTryingSuffix","Output":"--- PASS: TestVacuumFreeRetired_ReturnsFirstFallbackErrorAfterTryingSuffix (0.00s)\n"}
2026-10-06T19:42:49.1952349Z {"Time":"2026-10-06T19:42:49.1928517Z","Action":"pass","Package":"github.com/snissn/gomap/TreeDB/db","Test":"TestVacuumFreeRetired_ReturnsFirstFallbackErrorAfterTryingSuffix","Elapsed":0}
2026-10-06T19:42:49.1953546Z {"Time":"2026-10-06T19:42:49.1933328Z","Action":"run","Package":"github.com/snissn/gomap/TreeDB/db","Test":"TestPublishVacuumOnlineStatsKeepsNewestAttempt"}
2026-10-06T19:42:49.1954866Z {"Time":"2026-10-06T19:42:49.1933328Z","Action":"output","Package":"github.com/snissn/gomap/TreeDB/db","Test":"TestPublishVacuumOnlineStatsKeepsNewestAttempt","Output":"=== RUN   TestPublishVacuumOnlineStatsKeepsNewestAttempt\n"}
2026-10-06T19:42:49.1956478Z {"Time":"2026-10-06T19:42:49.1933328Z","Action":"output","Package":"github.com/snissn/gomap/TreeDB/db","Test":"TestPublishVacuumOnlineStatsKeepsNewestAttempt","Output":"--- PASS: TestPublishVacuumOnlineStatsKeepsNewestAttempt (0.00s)\n"}
2026-10-06T19:42:49.1958253Z {"Time":"2026-10-06T19:42:49.1933328Z","Action":"pass","Package":"github.com/snissn/gomap/TreeDB/db","Test":"TestPublishVacuumOnlineStatsKeepsNewestAttempt","Elapsed":0}
2026-10-06T19:42:49.1959456Z {"Time":"2026-10-06T19:42:49.1933328Z","Action":"run","Package":"github.com/snissn/gomap/TreeDB/db","Test":"TestVacuumIndexOnlinePostSwapWriteCheckpointAndReopenUseReplacement"}
2026-10-06T19:42:49.1961305Z {"Time":"2026-10-06T19:42:49.1933328Z","Action":"output","Package":"github.com/snissn/gomap/TreeDB/db","Test":"TestVacuumIndexOnlinePostSwapWriteCheckpointAndReopenUseReplacement","Output":"=== RUN   TestVacuumIndexOnlinePostSwapWriteCheckpointAndReopenUseReplacement\n"}
2026-10-06T19:42:49.1963669Z {"Time":"2026-10-06T19:42:49.1933328Z","Action":"output","Package":"github.com/snissn/gomap/TreeDB/db","Test":"TestVacuumIndexOnlinePostSwapWriteCheckpointAndReopenUseReplacement","Output":"    vacuum_online_legacy_test.go:498: online vacuum unsupported on windows\n"}
2026-10-06T19:42:49.1965662Z {"Time":"2026-10-06T19:42:49.1933328Z","Action":"output","Package":"github.com/snissn/gomap/TreeDB/db","Test":"TestVacuumIndexOnlinePostSwapWriteCheckpointAndReopenUseReplacement","Output":"--- SKIP: TestVacuumIndexOnlinePostSwapWriteCheckpointAndReopenUseReplacement (0.00s)\n"}
2026-10-06T19:42:49.1967356Z {"Time":"2026-10-06T19:42:49.1933328Z","Action":"skip","Package":"github.com/snissn/gomap/TreeDB/db","Test":"TestVacuumIndexOnlinePostSwapWriteCheckpointAndReopenUseReplacement","Elapsed":0}
2026-10-06T19:42:49.1969179Z {"Time":"2026-10-06T19:42:49.1933328Z","Action":"run","Package":"github.com/snissn/gomap/TreeDB/db","Test":"TestVacuumIndexOnline_RepeatWhileSnapshotPinned"}
2026-10-06T19:42:49.1970493Z {"Time":"2026-10-06T19:42:49.1933328Z","Action":"output","Package":"github.com/snissn/gomap/TreeDB/db","Test":"TestVacuumIndexOnline_RepeatWhileSnapshotPinned","Output":"=== RUN   TestVacuumIndexOnline_RepeatWhileSnapshotPinned\n"}
2026-10-06T19:42:49.1972341Z {"Time":"2026-10-06T19:42:49.1933328Z","Action":"output","Package":"github.com/snissn/gomap/TreeDB/db","Test":"TestVacuumIndexOnline_RepeatWhileSnapshotPinned","Output":"    vacuum_online_swap_test.go:625: online vacuum not supported on windows\n"}
2026-10-06T19:42:49.1974371Z {"Time":"2026-10-06T19:42:49.1933328Z","Action":"output","Package":"github.com/snissn/gomap/TreeDB/db","Test":"TestVacuumIndexOnline_RepeatWhileSnapshotPinned","Output":"--- SKIP: TestVacuumIndexOnline_RepeatWhileSnapshotPinned (0.00s)\n"}
2026-10-06T19:42:49.1975834Z {"Time":"2026-10-06T19:42:49.1933328Z","Action":"skip","Package":"github.com/snissn/gomap/TreeDB/db","Test":"TestVacuumIndexOnline_RepeatWhileSnapshotPinned","Elapsed":0}
2026-10-06T19:42:49.1976924Z {"Time":"2026-10-06T19:42:49.1933328Z","Action":"run","Package":"github.com/snissn/gomap/TreeDB/db","Test":"TestVacuumRecorder_RecordEntries_LastWriteWinsAndCopies"}
2026-10-06T19:42:49.1978283Z {"Time":"2026-10-06T19:42:49.1933328Z","Action":"output","Package":"github.com/snissn/gomap/TreeDB/db","Test":"TestVacuumRecorder_RecordEntries_LastWriteWinsAndCopies","Output":"=== RUN   TestVacuumRecorder_RecordEntries_LastWriteWinsAndCopies\n"}
2026-10-06T19:42:49.1980664Z {"Time":"2026-10-06T19:42:49.1938545Z","Action":"output","Package":"github.com/snissn/gomap/TreeDB/db","Test":"TestVacuumRecorder_RecordEntries_LastWriteWinsAndCopies","Output":"--- PASS: TestVacuumRecorder_RecordEntries_LastWriteWinsAndCopies (0.00s)\n"}
2026-10-06T19:42:49.1982122Z {"Time":"2026-10-06T19:42:49.1938545Z","Action":"pass","Package":"github.com/snissn/gomap/TreeDB/db","Test":"TestVacuumRecorder_RecordEntries_LastWriteWinsAndCopies","Elapsed":0}
2026-10-06T19:42:49.1983218Z {"Time":"2026-10-06T19:42:49.1938545Z","Action":"run","Package":"github.com/snissn/gomap/TreeDB/db","Test":"TestVectorPrepareReplayOwnershipActualFrameV1"}
2026-10-06T19:42:49.1985164Z {"Time":"2026-10-06T19:42:49.1938545Z","Action":"output","Package":"github.com/snissn/gomap/TreeDB/db","Test":"TestVectorPrepareReplayOwnershipActualFrameV1","Output":"=== RUN   TestVectorPrepareReplayOwnershipActualFrameV1\n"}
2026-10-06T19:42:49.3632220Z {"Time":"2026-10-06T19:42:49.3619604Z","Action":"output","Package":"github.com/snissn/gomap/TreeDB/db","Test":"TestVectorPrepareReplayOwnershipActualFrameV1","Output":"--- PASS: TestVectorPrepareReplayOwnershipActualFrameV1 (0.17s)\n"}
2026-10-06T19:42:49.3633730Z {"Time":"2026-10-06T19:42:49.3622956Z","Action":"pass","Package":"github.com/snissn/gomap/TreeDB/db","Test":"TestVectorPrepareReplayOwnershipActualFrameV1","Elapsed":0.17}
2026-10-06T19:42:49.3634928Z {"Time":"2026-10-06T19:42:49.3622956Z","Action":"run","Package":"github.com/snissn/gomap/TreeDB/db","Test":"TestValueLogRefTrackerPreservesSharedPointerMultiplicity"}
2026-10-06T19:42:49.3636772Z {"Time":"2026-10-06T19:42:49.3622956Z","Action":"output","Package":"github.com/snissn/gomap/TreeDB/db","Test":"TestValueLogRefTrackerPreservesSharedPointerMultiplicity","Output":"=== RUN   TestValueLogRefTrackerPreservesSharedPointerMultiplicity\n"}
2026-10-06T19:42:49.4413504Z {"Time":"2026-10-06T19:42:49.4355201Z","Action":"output","Package":"github.com/snissn/gomap/TreeDB/db","Test":"TestValueLogRefTrackerPreservesSharedPointerMultiplicity","Output":"--- PASS: TestValueLogRefTrackerPreservesSharedPointerMultiplicity (0.07s)\n"}
2026-10-06T19:42:49.4415479Z {"Time":"2026-10-06T19:42:49.4355201Z","Action":"pass","Package":"github.com/snissn/gomap/TreeDB/db","Test":"TestValueLogRefTrackerPreservesSharedPointerMultiplicity","Elapsed":0.07}
2026-10-06T19:42:49.4416939Z {"Time":"2026-10-06T19:42:49.4355201Z","Action":"run","Package":"github.com/snissn/gomap/TreeDB/db","Test":"TestValueLogGC_IgnoresInlineLeafLogWhenDBDefaultUsesPagerLeaves"}
2026-10-06T19:42:49.4418523Z {"Time":"2026-10-06T19:42:49.4355201Z","Action":"output","Package":"github.com/snissn/gomap/TreeDB/db","Test":"TestValueLogGC_IgnoresInlineLeafLogWhenDBDefaultUsesPagerLeaves","Output":"=== RUN   TestValueLogGC_IgnoresInlineLeafLogWhenDBDefaultUsesPagerLeaves\n"}
2026-10-06T19:42:49.5187042Z {"Time":"2026-10-06T19:42:49.5145028Z","Action":"output","Package":"github.com/snissn/gomap/TreeDB/db","Test":"TestValueLogGC_IgnoresInlineLeafLogWhenDBDefaultUsesPagerLeaves","Output":"--- PASS: TestValueLogGC_IgnoresInlineLeafLogWhenDBDefaultUsesPagerLeaves (0.08s)\n"}
2026-10-06T19:42:49.5190310Z {"Time":"2026-10-06T19:42:49.5145028Z","Action":"pass","Package":"github.com/snissn/gomap/TreeDB/db","Test":"TestValueLogGC_IgnoresInlineLeafLogWhenDBDefaultUsesPagerLeaves","Elapsed":0.08}
2026-10-06T19:42:49.5192404Z {"Time":"2026-10-06T19:42:49.5145028Z","Action":"run","Package":"github.com/snissn/gomap/TreeDB/db","Test":"TestValueLogGC_PostScanFirstReferenceToOldSegmentIsSafe"}
2026-10-06T19:42:49.5193875Z {"Time":"2026-10-06T19:42:49.5145028Z","Action":"output","Package":"github.com/snissn/gomap/TreeDB/db","Test":"TestValueLogGC_PostScanFirstReferenceToOldSegmentIsSafe","Output":"=== RUN   TestValueLogGC_PostScanFirstReferenceToOldSegmentIsSafe\n"}
2026-10-06T19:42:49.5834551Z {"Time":"2026-10-06T19:42:49.5828229Z","Action":"output","Package":"github.com/snissn/gomap/TreeDB/db","Test":"TestValueLogGC_PostScanFirstReferenceToOldSegmentIsSafe","Output":"--- PASS: TestValueLogGC_PostScanFirstReferenceToOldSegmentIsSafe (0.07s)\n"}
2026-10-06T19:42:49.5837708Z {"Time":"2026-10-06T19:42:49.5828229Z","Action":"pass","Package":"github.com/snissn/gomap/TreeDB/db","Test":"TestValueLogGC_PostScanFirstReferenceToOldSegmentIsSafe","Elapsed":0.07}
2026-10-06T19:42:49.5840135Z {"Time":"2026-10-06T19:42:49.5828229Z","Action":"run","Package":"github.com/snissn/gomap/TreeDB/db","Test":"TestMarkValueLogZombie_PreservesMissingSegmentSignal"}
2026-10-06T19:42:49.5842772Z {"Time":"2026-10-06T19:42:49.5828229Z","Action":"output","Package":"github.com/snissn/gomap/TreeDB/db","Test":"TestMarkValueLogZombie_PreservesMissingSegmentSignal","Output":"=== RUN   TestMarkValueLogZombie_PreservesMissingSegmentSignal\n"}
2026-10-06T19:42:49.6583435Z {"Time":"2026-10-06T19:42:49.6485525Z","Action":"output","Package":"github.com/snissn/gomap/TreeDB/db","Test":"TestMarkValueLogZombie_PreservesMissingSegmentSignal","Output":"--- PASS: TestMarkValueLogZombie_PreservesMissingSegmentSignal (0.07s)\n"}
2026-10-06T19:42:49.6585462Z {"Time":"2026-10-06T19:42:49.6490007Z","Action":"pass","Package":"github.com/snissn/gomap/TreeDB/db","Test":"TestMarkValueLogZombie_PreservesMissingSegmentSignal","Elapsed":0.07}
2026-10-06T19:42:49.6586665Z {"Time":"2026-10-06T19:42:49.6490007Z","Action":"run","Package":"github.com/snissn/gomap/TreeDB/db","Test":"TestValueLogGC_HealthMetadata_UpdatesAfterDeleteAndRewrite"}
2026-10-06T19:42:49.6588162Z {"Time":"2026-10-06T19:42:49.6490007Z","Action":"output","Package":"github.com/snissn/gomap/TreeDB/db","Test":"TestValueLogGC_HealthMetadata_UpdatesAfterDeleteAndRewrite","Output":"=== RUN   TestValueLogGC_HealthMetadata_UpdatesAfterDeleteAndRewrite\n"}
2026-10-06T19:42:49.7812228Z {"Time":"2026-10-06T19:42:49.7738831Z","Action":"output","Package":"github.com/snissn/gomap/TreeDB/db","Test":"TestValueLogGC_HealthMetadata_UpdatesAfterDeleteAndRewrite","Output":"--- PASS: TestValueLogGC_HealthMetadata_UpdatesAfterDeleteAndRewrite (0.13s)\n"}
2026-10-06T19:42:49.7814001Z {"Time":"2026-10-06T19:42:49.774239Z","Action":"pass","Package":"github.com/snissn/gomap/TreeDB/db","Test":"TestValueLogGC_HealthMetadata_UpdatesAfterDeleteAndRewrite","Elapsed":0.13}
2026-10-06T19:42:49.7815187Z {"Time":"2026-10-06T19:42:49.774239Z","Action":"run","Package":"github.com/snissn/gomap/TreeDB/db","Test":"TestEstimateValueLogLiveBytesByChunk_DedupsGroupedPointers"}
2026-10-06T19:42:49.7816696Z {"Time":"2026-10-06T19:42:49.774239Z","Action":"output","Package":"github.com/snissn/gomap/TreeDB/db","Test":"TestEstimateValueLogLiveBytesByChunk_DedupsGroupedPointers","Output":"=== RUN   TestEstimateValueLogLiveBytesByChunk_DedupsGroupedPointers\n"}
2026-10-06T19:42:49.8465168Z {"Time":"2026-10-06T19:42:49.8436368Z","Action":"output","Package":"github.com/snissn/gomap/TreeDB/db","Test":"TestEstimateValueLogLiveBytesByChunk_DedupsGroupedPointers","Output":"--- PASS: TestEstimateValueLogLiveBytesByChunk_DedupsGroupedPointers (0.07s)\n"}
2026-10-06T19:42:49.8467098Z {"Time":"2026-10-06T19:42:49.8440439Z","Action":"pass","Package":"github.com/snissn/gomap/TreeDB/db","Test":"TestEstimateValueLogLiveBytesByChunk_DedupsGroupedPointers","Elapsed":0.07}
2026-10-06T19:42:49.8468640Z {"Time":"2026-10-06T19:42:49.8440439Z","Action":"run","Package":"github.com/snissn/gomap/TreeDB/db","Test":"TestNoteRewriteSwapTouchedSegments"}
2026-10-06T19:42:49.8470187Z {"Time":"2026-10-06T19:42:49.8440439Z","Action":"output","Package":"github.com/snissn/gomap/TreeDB/db","Test":"TestNoteRewriteSwapTouchedSegments","Output":"=== RUN   TestNoteRewriteSwapTouchedSegments\n"}
2026-10-06T19:42:49.8471628Z {"Time":"2026-10-06T19:42:49.8440439Z","Action":"output","Package":"github.com/snissn/gomap/TreeDB/db","Test":"TestNoteRewriteSwapTouchedSegments","Output":"--- PASS: TestNoteRewriteSwapTouchedSegments (0.00s)\n"}
2026-10-06T19:42:49.8472856Z {"Time":"2026-10-06T19:42:49.8440439Z","Action":"pass","Package":"github.com/snissn/gomap/TreeDB/db","Test":"TestNoteRewriteSwapTouchedSegments","Elapsed":0}
2026-10-06T19:42:49.8473904Z {"Time":"2026-10-06T19:42:49.8440439Z","Action":"run","Package":"github.com/snissn/gomap/TreeDB/db","Test":"TestValueLogRewriteOnline_RewritesCollectionRootPointers"}
2026-10-06T19:42:49.8475298Z {"Time":"2026-10-06T19:42:49.8440439Z","Action":"output","Package":"github.com/snissn/gomap/TreeDB/db","Test":"TestValueLogRewriteOnline_RewritesCollectionRootPointers","Output":"=== RUN   TestValueLogRewriteOnline_RewritesCollectionRootPointers\n"}
2026-10-06T19:42:49.9579651Z {"Time":"2026-10-06T19:42:49.9551818Z","Action":"output","Package":"github.com/snissn/gomap/TreeDB/db","Test":"TestValueLogRewriteOnline_RewritesCollectionRootPointers","Output":"--- PASS: TestValueLogRewriteOnline_RewritesCollectionRootPointers (0.11s)\n"}
2026-10-06T19:42:49.9582475Z {"Time":"2026-10-06T19:42:49.9551818Z","Action":"pass","Package":"github.com/snissn/gomap/TreeDB/db","Test":"TestValueLogRewriteOnline_RewritesCollectionRootPointers","Elapsed":0.11}
2026-10-06T19:42:49.9583745Z {"Time":"2026-10-06T19:42:49.9551818Z","Action":"run","Package":"github.com/snissn/gomap/TreeDB/db","Test":"TestFinishValueLogRewriteLeafGenerationCleanup_ReturnsNonStaleError"}
2026-10-06T19:42:49.9585324Z {"Time":"2026-10-06T19:42:49.9551818Z","Action":"output","Package":"github.com/snissn/gomap/TreeDB/db","Test":"TestFinishValueLogRewriteLeafGenerationCleanup_ReturnsNonStaleError","Output":"=== RUN   TestFinishValueLogRewriteLeafGenerationCleanup_ReturnsNonStaleError\n"}
2026-10-06T19:42:49.9587685Z {"Time":"2026-10-06T19:42:49.9551818Z","Action":"output","Package":"github.com/snissn/gomap/TreeDB/db","Test":"TestFinishValueLogRewriteLeafGenerationCleanup_ReturnsNonStaleError","Output":"--- PASS: TestFinishValueLogRewriteLeafGenerationCleanup_ReturnsNonStaleError (0.00s)\n"}
2026-10-06T19:42:49.9589352Z {"Time":"2026-10-06T19:42:49.9551818Z","Action":"pass","Package":"github.com/snissn/gomap/TreeDB/db","Test":"TestFinishValueLogRewriteLeafGenerationCleanup_ReturnsNonStaleError","Elapsed":0}
2026-10-06T19:42:49.9590541Z {"Time":"2026-10-06T19:42:49.9551818Z","Action":"run","Package":"github.com/snissn/gomap/TreeDB/db","Test":"TestNextRewriteRIDStartFromSet_IgnoresMissingPathEntries"}
2026-10-06T19:42:49.9591945Z {"Time":"2026-10-06T19:42:49.9551818Z","Action":"output","Package":"github.com/snissn/gomap/TreeDB/db","Test":"TestNextRewriteRIDStartFromSet_IgnoresMissingPathEntries","Output":"=== RUN   TestNextRewriteRIDStartFromSet_IgnoresMissingPathEntries\n"}
2026-10-06T19:42:49.9594756Z {"Time":"2026-10-06T19:42:49.9575356Z","Action":"output","Package":"github.com/snissn/gomap/TreeDB/db","Test":"TestNextRewriteRIDStartFromSet_IgnoresMissingPathEntries","Output":"--- PASS: TestNextRewriteRIDStartFromSet_IgnoresMissingPathEntries (0.00s)\n"}
2026-10-06T19:42:49.9596737Z {"Time":"2026-10-06T19:42:49.9575356Z","Action":"pass","Package":"github.com/snissn/gomap/TreeDB/db","Test":"TestNextRewriteRIDStartFromSet_IgnoresMissingPathEntries","Elapsed":0}
2026-10-06T19:42:49.9598110Z {"Time":"2026-10-06T19:42:49.9575356Z","Action":"run","Package":"github.com/snissn/gomap/TreeDB/db","Test":"TestValueLogRewriteOnline_ExplicitSourceDoesNotDeleteActiveSegment"}
2026-10-06T19:42:49.9599912Z {"Time":"2026-10-06T19:42:49.9575356Z","Action":"output","Package":"github.com/snissn/gomap/TreeDB/db","Test":"TestValueLogRewriteOnline_ExplicitSourceDoesNotDeleteActiveSegment","Output":"=== RUN   TestValueLogRewriteOnline_ExplicitSourceDoesNotDeleteActiveSegment\n"}
2026-10-06T19:42:50.0456283Z {"Time":"2026-10-06T19:42:50.0404723Z","Action":"output","Package":"github.com/snissn/gomap/TreeDB/db","Test":"TestValueLogRewriteOnline_ExplicitSourceDoesNotDeleteActiveSegment","Output":"--- PASS: TestValueLogRewriteOnline_ExplicitSourceDoesNotDeleteActiveSegment (0.08s)\n"}
2026-10-06T19:42:50.0458494Z {"Time":"2026-10-06T19:42:50.0404723Z","Action":"pass","Package":"github.com/snissn/gomap/TreeDB/db","Test":"TestValueLogRewriteOnline_ExplicitSourceDoesNotDeleteActiveSegment","Elapsed":0.08}
2026-10-06T19:42:50.0459786Z {"Time":"2026-10-06T19:42:50.0404723Z","Action":"run","Package":"github.com/snissn/gomap/TreeDB/db","Test":"TestValueLogRewriteOffline_ReencodesLargeBlockFramesWithObservedDict"}
2026-10-06T19:42:50.0461374Z {"Time":"2026-10-06T19:42:50.0404723Z","Action":"output","Package":"github.com/snissn/gomap/TreeDB/db","Test":"TestValueLogRewriteOffline_ReencodesLargeBlockFramesWithObservedDict","Output":"=== RUN   TestValueLogRewriteOffline_ReencodesLargeBlockFramesWithObservedDict\n"}
2026-10-06T19:42:50.1686043Z {"Time":"2026-10-06T19:42:50.1587896Z","Action":"output","Package":"github.com/snissn/gomap/TreeDB/db","Test":"TestValueLogRewriteOffline_ReencodesLargeBlockFramesWithObservedDict","Output":"--- PASS: TestValueLogRewriteOffline_ReencodesLargeBlockFramesWithObservedDict (0.12s)\n"}
2026-10-06T19:42:50.1687943Z {"Time":"2026-10-06T19:42:50.1587896Z","Action":"pass","Package":"github.com/snissn/gomap/TreeDB/db","Test":"TestValueLogRewriteOffline_ReencodesLargeBlockFramesWithObservedDict","Elapsed":0.12}
2026-10-06T19:42:50.1690088Z {"Time":"2026-10-06T19:42:50.1587896Z","Action":"run","Package":"github.com/snissn/gomap/TreeDB/db","Test":"TestRewriteWriter_CreatedFileIDs_StableAcrossCalls"}
2026-10-06T19:42:50.1691683Z {"Time":"2026-10-06T19:42:50.1587896Z","Action":"output","Package":"github.com/snissn/gomap/TreeDB/db","Test":"TestRewriteWriter_CreatedFileIDs_StableAcrossCalls","Output":"=== RUN   TestRewriteWriter_CreatedFileIDs_StableAcrossCalls\n"}
2026-10-06T19:42:50.1840922Z {"Time":"2026-10-06T19:42:50.1749732Z","Action":"output","Package":"github.com/snissn/gomap/TreeDB/db","Test":"TestRewriteWriter_CreatedFileIDs_StableAcrossCalls","Output":"--- PASS: TestRewriteWriter_CreatedFileIDs_StableAcrossCalls (0.02s)\n"}
2026-10-06T19:42:50.1842409Z {"Time":"2026-10-06T19:42:50.1764807Z","Action":"pass","Package":"github.com/snissn/gomap/TreeDB/db","Test":"TestRewriteWriter_CreatedFileIDs_StableAcrossCalls","Elapsed":0.02}
2026-10-06T19:42:50.1844016Z {"Time":"2026-10-06T19:42:50.1764807Z","Action":"run","Package":"github.com/snissn/gomap/TreeDB/db","Test":"TestRewriteWriter_AppendLeafPageLane0KeepsRawLeafPayload"}
2026-10-06T19:42:50.1845599Z {"Time":"2026-10-06T19:42:50.1764807Z","Action":"output","Package":"github.com/snissn/gomap/TreeDB/db","Test":"TestRewriteWriter_AppendLeafPageLane0KeepsRawLeafPayload","Output":"=== RUN   TestRewriteWriter_AppendLeafPageLane0KeepsRawLeafPayload\n"}
2026-10-06T19:42:50.1847878Z {"Time":"2026-10-06T19:42:50.1781747Z","Action":"output","Package":"github.com/snissn/gomap/TreeDB/db","Test":"TestRewriteWriter_AppendLeafPageLane0KeepsRawLeafPayload","Output":"--- PASS: TestRewriteWriter_AppendLeafPageLane0KeepsRawLeafPayload (0.00s)\n"}
2026-10-06T19:42:50.1849804Z {"Time":"2026-10-06T19:42:50.1781747Z","Action":"pass","Package":"github.com/snissn/gomap/TreeDB/db","Test":"TestRewriteWriter_AppendLeafPageLane0KeepsRawLeafPayload","Elapsed":0}
2026-10-06T19:42:50.1851382Z {"Time":"2026-10-06T19:42:50.1781747Z","Action":"run","Package":"github.com/snissn/gomap/TreeDB/db","Test":"TestValueLogRewriteOnline_MaxCopiedBytes_ProcessesExplicitSourceIncrementally"}
2026-10-06T19:42:50.1853045Z {"Time":"2026-10-06T19:42:50.1781747Z","Action":"output","Package":"github.com/snissn/gomap/TreeDB/db","Test":"TestValueLogRewriteOnline_MaxCopiedBytes_ProcessesExplicitSourceIncrementally","Output":"=== RUN   TestValueLogRewriteOnline_MaxCopiedBytes_ProcessesExplicitSourceIncrementally\n"}
2026-10-06T19:42:50.3846597Z {"Time":"2026-10-06T19:42:50.3809253Z","Action":"output","Package":"github.com/snissn/gomap/TreeDB/db","Test":"TestValueLogRewriteOnline_MaxCopiedBytes_ProcessesExplicitSourceIncrementally","Output":"--- PASS: TestValueLogRewriteOnline_MaxCopiedBytes_ProcessesExplicitSourceIncrementally (0.20s)\n"}
2026-10-06T19:42:50.3849006Z {"Time":"2026-10-06T19:42:50.3809253Z","Action":"pass","Package":"github.com/snissn/gomap/TreeDB/db","Test":"TestValueLogRewriteOnline_MaxCopiedBytes_ProcessesExplicitSourceIncrementally","Elapsed":0.2}
2026-10-06T19:42:50.3850272Z {"Time":"2026-10-06T19:42:50.3814594Z","Action":"run","Package":"github.com/snissn/gomap/TreeDB/db","Test":"TestRewriteRIDAllocatorReserve_ExternalRangeOverflowFails"}
2026-10-06T19:42:50.3851675Z {"Time":"2026-10-06T19:42:50.3814594Z","Action":"output","Package":"github.com/snissn/gomap/TreeDB/db","Test":"TestRewriteRIDAllocatorReserve_ExternalRangeOverflowFails","Output":"=== RUN   TestRewriteRIDAllocatorReserve_ExternalRangeOverflowFails\n"}
2026-10-06T19:42:50.3853421Z {"Time":"2026-10-06T19:42:50.3814594Z","Action":"output","Package":"github.com/snissn/gomap/TreeDB/db","Test":"TestRewriteRIDAllocatorReserve_ExternalRangeOverflowFails","Output":"--- PASS: TestRewriteRIDAllocatorReserve_ExternalRangeOverflowFails (0.00s)\n"}
2026-10-06T19:42:50.3855084Z {"Time":"2026-10-06T19:42:50.3814594Z","Action":"pass","Package":"github.com/snissn/gomap/TreeDB/db","Test":"TestRewriteRIDAllocatorReserve_ExternalRangeOverflowFails","Elapsed":0}
2026-10-06T19:42:50.3856220Z {"Time":"2026-10-06T19:42:50.3814594Z","Action":"run","Package":"github.com/snissn/gomap/TreeDB/db","Test":"TestValueLogRewritePlan_CachesLiveBytesForUnchangedState"}
2026-10-06T19:42:50.3857812Z {"Time":"2026-10-06T19:42:50.3814594Z","Action":"output","Package":"github.com/snissn/gomap/TreeDB/db","Test":"TestValueLogRewritePlan_CachesLiveBytesForUnchangedState","Output":"=== RUN   TestValueLogRewritePlan_CachesLiveBytesForUnchangedState\n"}
2026-10-06T19:42:50.4630379Z {"Time":"2026-10-06T19:42:50.4493627Z","Action":"output","Package":"github.com/snissn/gomap/TreeDB/db","Test":"TestValueLogRewritePlan_CachesLiveBytesForUnchangedState","Output":"--- PASS: TestValueLogRewritePlan_CachesLiveBytesForUnchangedState (0.07s)\n"}
2026-10-06T19:42:50.4632007Z {"Time":"2026-10-06T19:42:50.4493627Z","Action":"pass","Package":"github.com/snissn/gomap/TreeDB/db","Test":"TestValueLogRewritePlan_CachesLiveBytesForUnchangedState","Elapsed":0.07}
2026-10-06T19:42:50.4633276Z {"Time":"2026-10-06T19:42:50.4505169Z","Action":"run","Package":"github.com/snissn/gomap/TreeDB/db","Test":"TestSelectRewriteSourceSegments_SourceFileIDsRespectAgeWithoutLiveEstimate"}
2026-10-06T19:42:50.4634944Z {"Time":"2026-10-06T19:42:50.4505169Z","Action":"output","Package":"github.com/snissn/gomap/TreeDB/db","Test":"TestSelectRewriteSourceSegments_SourceFileIDsRespectAgeWithoutLiveEstimate","Output":"=== RUN   TestSelectRewriteSourceSegments_SourceFileIDsRespectAgeWithoutLiveEstimate\n"}
2026-10-06T19:42:50.4637364Z {"Time":"2026-10-06T19:42:50.4558339Z","Action":"output","Package":"github.com/snissn/gomap/TreeDB/db","Test":"TestSelectRewriteSourceSegments_SourceFileIDsRespectAgeWithoutLiveEstimate","Output":"--- PASS: TestSelectRewriteSourceSegments_SourceFileIDsRespectAgeWithoutLiveEstimate (0.01s)\n"}
2026-10-06T19:42:50.4639344Z {"Time":"2026-10-06T19:42:50.4558339Z","Action":"pass","Package":"github.com/snissn/gomap/TreeDB/db","Test":"TestSelectRewriteSourceSegments_SourceFileIDsRespectAgeWithoutLiveEstimate","Elapsed":0.01}
2026-10-06T19:42:50.4640845Z {"Time":"2026-10-06T19:42:50.4558339Z","Action":"run","Package":"github.com/snissn/gomap/TreeDB/db","Test":"TestPrepareRewriteLeafDict_LiveLeafRefBootstrapBestEffort"}
2026-10-06T19:42:50.4642257Z {"Time":"2026-10-06T19:42:50.4558339Z","Action":"output","Package":"github.com/snissn/gomap/TreeDB/db","Test":"TestPrepareRewriteLeafDict_LiveLeafRefBootstrapBestEffort","Output":"=== RUN   TestPrepareRewriteLeafDict_LiveLeafRefBootstrapBestEffort\n"}
2026-10-06T19:42:53.4231457Z {"Time":"2026-10-06T19:42:53.4191237Z","Action":"output","Package":"github.com/snissn/gomap/TreeDB/db","Test":"TestPrepareRewriteLeafDict_LiveLeafRefBootstrapBestEffort","Output":"--- PASS: TestPrepareRewriteLeafDict_LiveLeafRefBootstrapBestEffort (2.96s)\n"}
2026-10-06T19:42:53.4234501Z {"Time":"2026-10-06T19:42:53.4191237Z","Action":"pass","Package":"github.com/snissn/gomap/TreeDB/db","Test":"TestPrepareRewriteLeafDict_LiveLeafRefBootstrapBestEffort","Elapsed":2.96}
2026-10-06T19:42:53.4236867Z {"Time":"2026-10-06T19:42:53.4191237Z","Action":"run","Package":"github.com/snissn/gomap/TreeDB/db","Test":"TestNewReplayInlineAppender_UsesConfiguredValueLogBlockCompression"}
2026-10-06T19:42:53.4238659Z {"Time":"2026-10-06T19:42:53.4191237Z","Action":"output","Package":"github.com/snissn/gomap/TreeDB/db","Test":"TestNewReplayInlineAppender_UsesConfiguredValueLogBlockCompression","Output":"=== RUN   TestNewReplayInlineAppender_UsesConfiguredValueLogBlockCompression\n"}
2026-10-06T19:42:53.4240629Z {"Time":"2026-10-06T19:42:53.4207941Z","Action":"output","Package":"github.com/snissn/gomap/TreeDB/db","Test":"TestNewReplayInlineAppender_UsesConfiguredValueLogBlockCompression","Output":"--- PASS: TestNewReplayInlineAppender_UsesConfiguredValueLogBlockCompression (0.00s)\n"}
2026-10-06T19:42:53.4242239Z {"Time":"2026-10-06T19:42:53.4207941Z","Action":"pass","Package":"github.com/snissn/gomap/TreeDB/db","Test":"TestNewReplayInlineAppender_UsesConfiguredValueLogBlockCompression","Elapsed":0}
2026-10-06T19:42:53.4243744Z {"Time":"2026-10-06T19:42:53.4207941Z","Action":"run","Package":"github.com/snissn/gomap/TreeDB/db","Test":"TestScanValueLogSegments_IgnoresSegmentRemovedAfterScan"}
2026-10-06T19:42:53.4245160Z {"Time":"2026-10-06T19:42:53.4207941Z","Action":"output","Package":"github.com/snissn/gomap/TreeDB/db","Test":"TestScanValueLogSegments_IgnoresSegmentRemovedAfterScan","Output":"=== RUN   TestScanValueLogSegments_IgnoresSegmentRemovedAfterScan\n"}
2026-10-06T19:42:53.4246880Z {"Time":"2026-10-06T19:42:53.4224993Z","Action":"output","Package":"github.com/snissn/gomap/TreeDB/db","Test":"TestScanValueLogSegments_IgnoresSegmentRemovedAfterScan","Output":"--- PASS: TestScanValueLogSegments_IgnoresSegmentRemovedAfterScan (0.00s)\n"}
2026-10-06T19:42:53.4248751Z {"Time":"2026-10-06T19:42:53.4224993Z","Action":"pass","Package":"github.com/snissn/gomap/TreeDB/db","Test":"TestScanValueLogSegments_IgnoresSegmentRemovedAfterScan","Elapsed":0}
2026-10-06T19:42:53.4249979Z {"Time":"2026-10-06T19:42:53.4224993Z","Action":"run","Package":"github.com/snissn/gomap/TreeDB/db","Test":"TestStorageMaintenanceRejectsClosingAfterMaintenancePreflight"}
2026-10-06T19:42:53.4251546Z {"Time":"2026-10-06T19:42:53.4224993Z","Action":"output","Package":"github.com/snissn/gomap/TreeDB/db","Test":"TestStorageMaintenanceRejectsClosingAfterMaintenancePreflight","Output":"=== RUN   TestStorageMaintenanceRejectsClosingAfterMaintenancePreflight\n"}
2026-10-06T19:42:53.4692151Z {"Time":"2026-10-06T19:42:53.4666308Z","Action":"run","Package":"github.com/snissn/gomap/TreeDB/db","Test":"TestStorageMaintenanceRejectsClosingAfterMaintenancePreflight/value-log-gc"}
2026-10-06T19:42:53.4695465Z {"Time":"2026-10-06T19:42:53.4666308Z","Action":"output","Package":"github.com/snissn/gomap/TreeDB/db","Test":"TestStorageMaintenanceRejectsClosingAfterMaintenancePreflight/value-log-gc","Output":"=== RUN   TestStorageMaintenanceRejectsClosingAfterMaintenancePreflight/value-log-gc\n"}
2026-10-06T19:42:53.4700023Z {"Time":"2026-10-06T19:42:53.4666308Z","Action":"output","Package":"github.com/snissn/gomap/TreeDB/db","Test":"TestStorageMaintenanceRejectsClosingAfterMaintenancePreflight/value-log-gc","Output":"--- PASS: TestStorageMaintenanceRejectsClosingAfterMaintenancePreflight/value-log-gc (0.00s)\n"}
2026-10-06T19:42:53.4703466Z {"Time":"2026-10-06T19:42:53.4666308Z","Action":"pass","Package":"github.com/snissn/gomap/TreeDB/db","Test":"TestStorageMaintenanceRejectsClosingAfterMaintenancePreflight/value-log-gc","Elapsed":0}
2026-10-06T19:42:53.4706706Z {"Time":"2026-10-06T19:42:53.4671931Z","Action":"run","Package":"github.com/snissn/gomap/TreeDB/db","Test":"TestStorageMaintenanceRejectsClosingAfterMaintenancePreflight/value-log-rewrite"}
2026-10-06T19:42:53.4709846Z {"Time":"2026-10-06T19:42:53.4671931Z","Action":"output","Package":"github.com/snissn/gomap/TreeDB/db","Test":"TestStorageMaintenanceRejectsClosingAfterMaintenancePreflight/value-log-rewrite","Output":"=== RUN   TestStorageMaintenanceRejectsClosingAfterMaintenancePreflight/value-log-rewrite\n"}
2026-10-06T19:42:53.4713607Z {"Time":"2026-10-06T19:42:53.4671931Z","Action":"output","Package":"github.com/snissn/gomap/TreeDB/db","Test":"TestStorageMaintenanceRejectsClosingAfterMaintenancePreflight/value-log-rewrite","Output":"--- PASS: TestStorageMaintenanceRejectsClosingAfterMaintenancePreflight/value-log-rewrite (0.00s)\n"}
2026-10-06T19:42:53.4715753Z {"Time":"2026-10-06T19:42:53.4671931Z","Action":"pass","Package":"github.com/snissn/gomap/TreeDB/db","Test":"TestStorageMaintenanceRejectsClosingAfterMaintenancePreflight/value-log-rewrite","Elapsed":0}
2026-10-06T19:42:53.4717548Z {"Time":"2026-10-06T19:42:53.4671931Z","Action":"run","Package":"github.com/snissn/gomap/TreeDB/db","Test":"TestStorageMaintenanceRejectsClosingAfterMaintenancePreflight/compact-storage"}
2026-10-06T19:42:53.4719509Z {"Time":"2026-10-06T19:42:53.4671931Z","Action":"output","Package":"github.com/snissn/gomap/TreeDB/db","Test":"TestStorageMaintenanceRejectsClosingAfterMaintenancePreflight/compact-storage","Output":"=== RUN   TestStorageMaintenanceRejectsClosingAfterMaintenancePreflight/compact-storage\n"}
2026-10-06T19:42:53.4721696Z {"Time":"2026-10-06T19:42:53.4671931Z","Action":"output","Package":"github.com/snissn/gomap/TreeDB/db","Test":"TestStorageMaintenanceRejectsClosingAfterMaintenancePreflight/compact-storage","Output":"--- PASS: TestStorageMaintenanceRejectsClosingAfterMaintenancePreflight/compact-storage (0.00s)\n"}
2026-10-06T19:42:53.4723499Z {"Time":"2026-10-06T19:42:53.4671931Z","Action":"pass","Package":"github.com/snissn/gomap/TreeDB/db","Test":"TestStorageMaintenanceRejectsClosingAfterMaintenancePreflight/compact-storage","Elapsed":0}
2026-10-06T19:42:53.4725323Z {"Time":"2026-10-06T19:42:53.4699591Z","Action":"output","Package":"github.com/snissn/gomap/TreeDB/db","Test":"TestStorageMaintenanceRejectsClosingAfterMaintenancePreflight","Output":"--- PASS: TestStorageMaintenanceRejectsClosingAfterMaintenancePreflight (0.05s)\n"}
2026-10-06T19:42:53.4726953Z {"Time":"2026-10-06T19:42:53.4699591Z","Action":"pass","Package":"github.com/snissn/gomap/TreeDB/db","Test":"TestStorageMaintenanceRejectsClosingAfterMaintenancePreflight","Elapsed":0.05}
2026-10-06T19:42:53.4727973Z {"Time":"2026-10-06T19:42:53.4699591Z","Action":"output","Package":"github.com/snissn/gomap/TreeDB/db","Output":"FAIL\n"}
2026-10-06T19:42:53.4851052Z {"Time":"2026-10-06T19:42:53.4795703Z","Action":"output","Package":"github.com/snissn/gomap/TreeDB/db","Output":"FAIL\tgithub.com/snissn/gomap/TreeDB/db\t13.418s\n"}
2026-10-06T19:42:53.4852829Z {"Time":"2026-10-06T19:42:53.4795703Z","Action":"fail","Package":"github.com/snissn/gomap/TreeDB/db","Elapsed":13.418}
2026-10-06T19:42:53.6251695Z ##[error]Process completed with exit code 1.
2026-10-06T19:42:53.6468001Z ##[group]Run python ../.github/scripts/summarize_go_test_json.py treedb-test.jsonl | tee treedb-test-summary.md
2026-10-06T19:42:53.6469386Z [36;1mpython ../.github/scripts/summarize_go_test_json.py treedb-test.jsonl | tee treedb-test-summary.md[0m
2026-10-06T19:42:53.6469885Z [36;1m{[0m
2026-10-06T19:42:53.6470148Z [36;1m  echo "### TreeDB test timing summary (windows-core-2)"[0m
2026-10-06T19:42:53.6470477Z [36;1m  echo[0m
2026-10-06T19:42:53.6470676Z [36;1m  cat treedb-test-summary.md[0m
2026-10-06T19:42:53.6470935Z [36;1m} >> "$GITHUB_STEP_SUMMARY"[0m
2026-10-06T19:42:53.6486990Z shell: C:\Program Files\Git\bin\bash.EXE --noprofile --norc -e -o pipefail {0}
2026-10-06T19:42:53.6487410Z ##[endgroup]
2026-10-06T19:42:54.3694688Z ## Go Test Timing Summary
2026-10-06T19:42:54.3695026Z 
2026-10-06T19:42:54.3695245Z | elapsed_s | result | package | test |
2026-10-06T19:42:54.3695745Z | ---: | --- | --- | --- |
2026-10-06T19:42:54.3696879Z | 51.46 | pass | `github.com/snissn/gomap/TreeDB` | `TestReopenVerify_SplitMergeDeleteRange_IteratorParity` |
2026-10-06T19:42:54.3698058Z | 17.54 | pass | `github.com/snissn/gomap/TreeDB` | `TestCOWPublicSelectedSourceRewriteKeepsOldCuts` |
2026-10-06T19:42:54.3699039Z | 16.57 | pass | `github.com/snissn/gomap/TreeDB` | `TestCOWCloseDrainsChunkedOverwritesBeforeLeafReaderTeardown` |
2026-10-06T19:42:54.3699921Z | 15.54 | pass | `github.com/snissn/gomap/TreeDB` | `TestCrashRecovery_WALReplayIsCoherent` |
2026-10-06T19:42:54.3700845Z | 15.46 | pass | `github.com/snissn/gomap/TreeDB` | `TestPowerLossCertificationGroupedDependencyFailureDirtyPublicReopen` |
2026-10-06T19:42:54.3701832Z | 9.36 | pass | `github.com/snissn/gomap/TreeDB` | `TestPublicCommandWALRawKVWritesUseTypedFrames` |
2026-10-06T19:42:54.3702785Z | 9.25 | pass | `github.com/snissn/gomap/TreeDB` | `TestCOWPublicSelectedSourceRewriteKeepsOldCuts/command_wal_durable` |
2026-10-06T19:42:54.3703811Z | 8.81 | pass | `github.com/snissn/gomap/TreeDB` | `TestPublicCommandWALDurableBatchWriteSyncDoesNotCheckpoint` |
2026-10-06T19:42:54.3704787Z | 8.65 | pass | `github.com/snissn/gomap/TreeDB` | `TestReopenVerify_ValueLogGC_LeafPagesInValueLog_ReopenParity` |
2026-10-06T19:42:54.3705864Z | 8.13 | pass | `github.com/snissn/gomap/TreeDB` | `TestCOWCloseDrainsChunkedOverwritesBeforeLeafReaderTeardown/command_wal_relaxed` |
2026-10-06T19:42:54.3707060Z | 8.06 | pass | `github.com/snissn/gomap/TreeDB` | `TestCOWCloseDrainsChunkedOverwritesBeforeLeafReaderTeardown/command_wal_durable` |
2026-10-06T19:42:54.3708178Z | 8.02 | pass | `github.com/snissn/gomap/TreeDB` | `TestCrashRecovery_CommandWALDurableSyncedUncheckpointedFramesReplay` |
2026-10-06T19:42:54.3709219Z | 7.99 | pass | `github.com/snissn/gomap/TreeDB` | `TestCOWPublicSelectedSourceRewriteKeepsOldCuts/command_wal_relaxed` |
2026-10-06T19:42:54.3710247Z | 7.91 | pass | `github.com/snissn/gomap/TreeDB` | `TestCrashRecovery_CommandWALRelaxedRotatedDependenciesSurviveEmptySyncBarrier` |
2026-10-06T19:42:54.3711205Z | 7.90 | pass | `github.com/snissn/gomap/TreeDB` | `TestPublicCommandWALCheckpointPostFrontierGenerationSurvivesCrashReopen` |
2026-10-06T19:42:54.3712017Z | 7.88 | pass | `github.com/snissn/gomap/TreeDB` | `TestPublicCommandWALRawFrames_DurableGrouping` |
2026-10-06T19:42:54.3712927Z | 7.85 | pass | `github.com/snissn/gomap/TreeDB` | `TestStatsReportsValueLogReadIntegrityAndReadCounters` |
2026-10-06T19:42:54.3713650Z | 7.82 | pass | `github.com/snissn/gomap/TreeDB` | `TestValuePlacement_PerDomainThreshold_ReopenDurability` |
2026-10-06T19:42:54.3714662Z | 7.74 | pass | `github.com/snissn/gomap/TreeDB` | `TestBackgroundIndexVacuumDeferredVectorBuildAbandonmentRestoresPolicy` |
2026-10-06T19:42:54.3716102Z | 7.73 | pass | `github.com/snissn/gomap/TreeDB` | `TestDeferredVectorBuildMaintenanceAbortRemovesAllFailedEpoch` |
2026-10-06T19:42:54.3716977Z | 7.73 | pass | `github.com/snissn/gomap/TreeDB` | `TestDeferredVectorBuildAdmissionHonorsCancellationWhileVacuumOwnsLock` |
2026-10-06T19:42:54.3720202Z | 7.71 | pass | `github.com/snissn/gomap/TreeDB` | `TestStatsReportsValueLogReadIntegrityAndReadCounters/verify` |
2026-10-06T19:42:54.3721152Z | 7.66 | pass | `github.com/snissn/gomap/TreeDB` | `TestOpenFreshFlatEnsuresOuterRootDependency` |
2026-10-06T19:42:54.3722279Z | 6.03 | pass | `github.com/snissn/gomap/TreeDB` | `TestNegativeLookupQualificationFixture` |
2026-10-06T19:42:54.3722971Z | 3.68 | pass | `github.com/snissn/gomap/TreeDB` | `TestProfileFast_ModelCorrectness_WithFlushAndIterators` |
2026-10-06T19:42:54.3723389Z 
2026-10-06T19:42:54.3723478Z ## Package Results
2026-10-06T19:42:54.3723594Z 
2026-10-06T19:42:54.3723690Z | elapsed_s | result | package |
2026-10-06T19:42:54.3723921Z | ---: | --- | --- |
2026-10-06T19:42:54.3724163Z | 245.47 | pass | `github.com/snissn/gomap/TreeDB` |
2026-10-06T19:42:54.3724490Z | 13.42 | fail | `github.com/snissn/gomap/TreeDB/db` |
2026-10-06T19:42:54.3724868Z | 1.40 | pass | `github.com/snissn/gomap/TreeDB/cmd/vlog_dict_realdata` |
2026-10-06T19:42:54.3725295Z | 0.06 | pass | `github.com/snissn/gomap/TreeDB/internal/skiplist` |
2026-10-06T19:42:54.3725701Z | 0.05 | pass | `github.com/snissn/gomap/TreeDB/internal/outerleaf` |
2026-10-06T19:42:54.3726130Z | 0.04 | pass | `github.com/snissn/gomap/TreeDB/internal/typedkernel` |
2026-10-06T19:42:54.3726539Z | 0.04 | pass | `github.com/snissn/gomap/TreeDB/internal/atomicfile` |
2026-10-06T19:42:54.3726972Z | 0.04 | pass | `github.com/snissn/gomap/TreeDB/mongo_gateway/benchsupport` |
2026-10-06T19:42:54.3727474Z | 0.03 | pass | `github.com/snissn/gomap/TreeDB/cmd/treedb_native_transport_benchmark` |
2026-10-06T19:42:54.3727952Z | 0.03 | pass | `github.com/snissn/gomap/TreeDB/internal/leafrefscan` |
2026-10-06T19:42:54.3728332Z | 0.03 | pass | `github.com/snissn/gomap/TreeDB/template` |
2026-10-06T19:42:54.3728721Z | 0.00 | skip | `github.com/snissn/gomap/TreeDB/cmd/authority_inventory` |
2026-10-06T19:42:54.3729166Z | 0.00 | skip | `github.com/snissn/gomap/TreeDB/internal/commandwalbarrier` |
2026-10-06T19:42:54.3729451Z 
2026-10-06T19:42:54.3729554Z ## Tests Still Running At Log End
2026-10-06T19:42:54.3729707Z 
2026-10-06T19:42:54.3730088Z - none
2026-10-06T19:42:54.3730262Z 
2026-10-06T19:42:54.4530813Z ##[group]Run actions/upload-artifact@v4
2026-10-06T19:42:54.4531168Z with:
2026-10-06T19:42:54.4531379Z   name: treedb-test-json-windows-core-2
2026-10-06T19:42:54.4531767Z   path: TreeDB/treedb-test.jsonl
TreeDB/treedb-test.jsonl.summary.md

2026-10-06T19:42:54.4532141Z   if-no-files-found: warn
2026-10-06T19:42:54.4532356Z   compression-level: 6
2026-10-06T19:42:54.4532548Z   overwrite: false
2026-10-06T19:42:54.4532745Z   include-hidden-files: false
2026-10-06T19:42:54.4532961Z ##[endgroup]
2026-10-06T19:42:54.6546857Z (node:8348) [DEP0040] DeprecationWarning: The `punycode` module is deprecated. Please use a userland alternative instead.
2026-10-06T19:42:54.6548184Z (Use `node --trace-deprecation ...` to show where the warning was created)
2026-10-06T19:42:54.6609973Z Multiple search paths detected. Calculating the least common ancestor of all paths
2026-10-06T19:42:54.6614266Z The least common ancestor is D:\a\gomap\gomap\TreeDB. This will be the root directory of the artifact
2026-10-06T19:42:54.6615172Z With the provided path, there will be 2 files uploaded
2026-10-06T19:42:54.6620283Z Artifact name is valid!
2026-10-06T19:42:54.6622567Z Root directory input is valid!
2026-10-06T19:42:54.9842280Z Beginning upload of artifact content to blob storage
2026-10-06T19:42:55.0203533Z (node:8348) [DEP0169] DeprecationWarning: `url.parse()` behavior is not standardized and prone to errors that have security implications. Use the WHATWG URL API instead. CVEs are not issued for `url.parse()` vulnerabilities.
2026-10-06T19:42:55.2065275Z Uploaded bytes 38821
2026-10-06T19:42:55.2635832Z Finished uploading artifact content to blob storage!
2026-10-06T19:42:55.2636890Z SHA256 digest of uploaded artifact zip is 75c06f4f2cfcd464f603dbde3859a07906b8194160652d21bdcf6d6b789dba3c
2026-10-06T19:42:55.2639524Z Finalizing artifact upload
2026-10-06T19:42:55.5091856Z Artifact treedb-test-json-windows-core-2.zip successfully finalized. Artifact ID 11439437640
2026-10-06T19:42:55.5093896Z Artifact treedb-test-json-windows-core-2 has been successfully uploaded! Final size is 38821 bytes. Artifact ID is 11439437640
2026-10-06T19:42:55.5104503Z Artifact download URL: https://github.com/snissn/gomap/actions/runs/37519676816/artifacts/11439437640
2026-10-06T19:42:55.5486645Z Post job cleanup.
2026-10-06T19:42:55.7478247Z [command]"C:\Program Files\Git\bin\git.exe" version
2026-10-06T19:42:55.7773381Z git version 2.55.0.windows.5
2026-10-06T19:42:55.7850095Z Temporarily overriding HOME='D:\a\_temp\ce296828-5fdb-46a8-81b1-094b0327f3b0' before making global git config changes
2026-10-06T19:42:55.7851434Z Adding repository directory to the temporary git global config as a safe directory
2026-10-06T19:42:55.7861964Z [command]"C:\Program Files\Git\bin\git.exe" config --global --add safe.directory D:\a\gomap\gomap
2026-10-06T19:42:55.8179409Z [command]"C:\Program Files\Git\bin\git.exe" config --local --name-only --get-regexp core\.sshCommand
2026-10-06T19:42:55.8496839Z [command]"C:\Program Files\Git\bin\git.exe" submodule foreach --recursive "sh -c \"git config --local --name-only --get-regexp 'core\.sshCommand' && git config --local --unset-all 'core.sshCommand' || :\""
2026-10-06T19:42:56.4554172Z [command]"C:\Program Files\Git\bin\git.exe" config --local --name-only --get-regexp http\.https\:\/\/github\.com\/\.extraheader
2026-10-06T19:42:56.4828488Z http.https://github.com/.extraheader
2026-10-06T19:42:56.4873953Z [command]"C:\Program Files\Git\bin\git.exe" config --local --unset-all http.https://github.com/.extraheader
2026-10-06T19:42:56.5201460Z [command]"C:\Program Files\Git\bin\git.exe" submodule foreach --recursive "sh -c \"git config --local --name-only --get-regexp 'http\.https\:\/\/github\.com\/\.extraheader' && git config --local --unset-all 'http.https://github.com/.extraheader' || :\""
2026-10-06T19:42:57.0768215Z [command]"C:\Program Files\Git\bin\git.exe" config --local --name-only --get-regexp ^includeIf\.gitdir:
2026-10-06T19:42:57.1082448Z [command]"C:\Program Files\Git\bin\git.exe" submodule foreach --recursive "git config --local --show-origin --name-only --get-regexp remote.origin.url"
2026-10-06T19:42:57.6752876Z Cleaning up orphan processes
2026-10-06T19:42:57.6872399Z ##[warning]Node.js 20 is deprecated. The following actions target Node.js 20 but are being forced to run on Node.js 24: actions/checkout@v4, actions/setup-go@v5, actions/upload-artifact@v4. For more information see: https://github.blog/changelog/2025-09-19-deprecation-of-node-20-on-github-actions-runners/
