stable legacy/public capture	UNKNOWN STEP	﻿2026-10-06T10:05:36.5973787Z Current runner version: '2.337.0'
stable legacy/public capture	UNKNOWN STEP	2026-10-06T10:05:36.6001196Z ##[group]Runner Image Provisioner
stable legacy/public capture	UNKNOWN STEP	2026-10-06T10:05:36.6002132Z Hosted Compute Agent
stable legacy/public capture	UNKNOWN STEP	2026-10-06T10:05:36.6002962Z Version: 20260901.588
stable legacy/public capture	UNKNOWN STEP	2026-10-06T10:05:36.6003690Z Commit: f88ec8081b781fac6c440065ac7ff9e710ce3d0b
stable legacy/public capture	UNKNOWN STEP	2026-10-06T10:05:36.6004563Z Build Date: 2026-09-01T19:56:44Z
stable legacy/public capture	UNKNOWN STEP	2026-10-06T10:05:36.6005499Z Worker ID: {61ccf276-27e0-4399-8d32-618f97c3f367}
stable legacy/public capture	UNKNOWN STEP	2026-10-06T10:05:36.6006132Z Azure Region: westus3
stable legacy/public capture	UNKNOWN STEP	2026-10-06T10:05:36.6006686Z ##[endgroup]
stable legacy/public capture	UNKNOWN STEP	2026-10-06T10:05:36.6007844Z ##[group]Operating System
stable legacy/public capture	UNKNOWN STEP	2026-10-06T10:05:36.6008343Z Ubuntu
stable legacy/public capture	UNKNOWN STEP	2026-10-06T10:05:36.6008842Z 24.04.5
stable legacy/public capture	UNKNOWN STEP	2026-10-06T10:05:36.6009262Z LTS
stable legacy/public capture	UNKNOWN STEP	2026-10-06T10:05:36.6009786Z ##[endgroup]
stable legacy/public capture	UNKNOWN STEP	2026-10-06T10:05:36.6010238Z ##[group]Runner Image
stable legacy/public capture	UNKNOWN STEP	2026-10-06T10:05:36.6010708Z Image: ubuntu-24.04
stable legacy/public capture	UNKNOWN STEP	2026-10-06T10:05:36.6011231Z Version: 20260927.320.1
stable legacy/public capture	UNKNOWN STEP	2026-10-06T10:05:36.6012235Z Included Software: https://github.com/actions/runner-images/blob/ubuntu24/20260927.320/images/ubuntu/Ubuntu2404-Readme.md
stable legacy/public capture	UNKNOWN STEP	2026-10-06T10:05:36.6013545Z Image Release: https://github.com/actions/runner-images/releases/tag/ubuntu24%2F20260927.320
stable legacy/public capture	UNKNOWN STEP	2026-10-06T10:05:36.6014307Z ##[endgroup]
stable legacy/public capture	UNKNOWN STEP	2026-10-06T10:05:36.6015437Z ##[group]GITHUB_TOKEN Permissions
stable legacy/public capture	UNKNOWN STEP	2026-10-06T10:05:36.6017059Z Contents: read
stable legacy/public capture	UNKNOWN STEP	2026-10-06T10:05:36.6017635Z Metadata: read
stable legacy/public capture	UNKNOWN STEP	2026-10-06T10:05:36.6018096Z ##[endgroup]
stable legacy/public capture	UNKNOWN STEP	2026-10-06T10:05:36.6019780Z Secret source: Actions
stable legacy/public capture	UNKNOWN STEP	2026-10-06T10:05:36.6020579Z Cache mode: write
stable legacy/public capture	UNKNOWN STEP	2026-10-06T10:05:36.6021229Z Prepare workflow directory
stable legacy/public capture	UNKNOWN STEP	2026-10-06T10:05:36.6288493Z Prepare all required actions
stable legacy/public capture	UNKNOWN STEP	2026-10-06T10:05:36.6339719Z Getting action download info
stable legacy/public capture	UNKNOWN STEP	2026-10-06T10:05:36.9417563Z Download action repository 'actions/checkout@11d5960a326750d5838078e36cf38b85af677262' (SHA:11d5960a326750d5838078e36cf38b85af677262)
stable legacy/public capture	UNKNOWN STEP	2026-10-06T10:05:37.2009405Z Download action repository 'actions/setup-go@40f1582b2485089dde7abd97c1529aa768e1baff' (SHA:40f1582b2485089dde7abd97c1529aa768e1baff)
stable legacy/public capture	UNKNOWN STEP	2026-10-06T10:05:38.5949430Z Download action repository 'actions/upload-artifact@ea165f8d65b6e75b540449e92b4886f43607fa02' (SHA:ea165f8d65b6e75b540449e92b4886f43607fa02)
stable legacy/public capture	UNKNOWN STEP	2026-10-06T10:05:39.2425002Z Complete job name: stable legacy/public capture
stable legacy/public capture	UNKNOWN STEP	2026-10-06T10:05:39.3041119Z ##[group]Run actions/checkout@11d5960a326750d5838078e36cf38b85af677262
stable legacy/public capture	UNKNOWN STEP	2026-10-06T10:05:39.3041738Z with:
stable legacy/public capture	UNKNOWN STEP	2026-10-06T10:05:39.3041964Z   persist-credentials: false
stable legacy/public capture	UNKNOWN STEP	2026-10-06T10:05:39.3042277Z   ref: 852aa29e1eed3511f93aba244aef917c89d033e8
stable legacy/public capture	UNKNOWN STEP	2026-10-06T10:05:39.3042559Z   fetch-depth: 0
stable legacy/public capture	UNKNOWN STEP	2026-10-06T10:05:39.3042777Z   repository: snissn/gomap
stable legacy/public capture	UNKNOWN STEP	2026-10-06T10:05:39.3044874Z   token: ***
stable legacy/public capture	UNKNOWN STEP	2026-10-06T10:05:39.3045087Z   ssh-strict: true
stable legacy/public capture	UNKNOWN STEP	2026-10-06T10:05:39.3045421Z   ssh-user: git
stable legacy/public capture	UNKNOWN STEP	2026-10-06T10:05:39.3045620Z   clean: true
stable legacy/public capture	UNKNOWN STEP	2026-10-06T10:05:39.3045853Z   sparse-checkout-cone-mode: true
stable legacy/public capture	UNKNOWN STEP	2026-10-06T10:05:39.3046107Z   fetch-tags: false
stable legacy/public capture	UNKNOWN STEP	2026-10-06T10:05:39.3046320Z   show-progress: true
stable legacy/public capture	UNKNOWN STEP	2026-10-06T10:05:39.3046543Z   lfs: false
stable legacy/public capture	UNKNOWN STEP	2026-10-06T10:05:39.3046741Z   submodules: false
stable legacy/public capture	UNKNOWN STEP	2026-10-06T10:05:39.3046957Z   set-safe-directory: true
stable legacy/public capture	UNKNOWN STEP	2026-10-06T10:05:39.3047222Z   allow-unsafe-pr-checkout: false
stable legacy/public capture	UNKNOWN STEP	2026-10-06T10:05:39.3047624Z ##[endgroup]
stable legacy/public capture	UNKNOWN STEP	2026-10-06T10:05:39.3816282Z Syncing repository: snissn/gomap
stable legacy/public capture	UNKNOWN STEP	2026-10-06T10:05:39.3817416Z ##[group]Getting Git version info
stable legacy/public capture	UNKNOWN STEP	2026-10-06T10:05:39.3817757Z Working directory is '/home/runner/work/gomap/gomap'
stable legacy/public capture	UNKNOWN STEP	2026-10-06T10:05:39.3818234Z [command]/usr/bin/git version
stable legacy/public capture	UNKNOWN STEP	2026-10-06T10:05:39.3871801Z git version 2.55.0
stable legacy/public capture	UNKNOWN STEP	2026-10-06T10:05:39.3886791Z ##[endgroup]
stable legacy/public capture	UNKNOWN STEP	2026-10-06T10:05:39.3897593Z Temporarily overriding HOME='/home/runner/work/_temp/2c4096d6-61aa-49c3-a5ef-9bbda3b7e00f' before making global git config changes
stable legacy/public capture	UNKNOWN STEP	2026-10-06T10:05:39.3898373Z Adding repository directory to the temporary git global config as a safe directory
stable legacy/public capture	UNKNOWN STEP	2026-10-06T10:05:39.3901506Z [command]/usr/bin/git config --global --add safe.directory /home/runner/work/gomap/gomap
stable legacy/public capture	UNKNOWN STEP	2026-10-06T10:05:39.3941940Z Deleting the contents of '/home/runner/work/gomap/gomap'
stable legacy/public capture	UNKNOWN STEP	2026-10-06T10:05:39.3945470Z ##[group]Initializing the repository
stable legacy/public capture	UNKNOWN STEP	2026-10-06T10:05:39.3948472Z [command]/usr/bin/git init /home/runner/work/gomap/gomap
stable legacy/public capture	UNKNOWN STEP	2026-10-06T10:05:39.4045022Z hint: Using 'master' as the name for the initial branch. This default branch name
stable legacy/public capture	UNKNOWN STEP	2026-10-06T10:05:39.4045846Z hint: will change to "main" in Git 3.0. To configure the initial branch name
stable legacy/public capture	UNKNOWN STEP	2026-10-06T10:05:39.4046296Z hint: to use in all of your new repositories, which will suppress this warning,
stable legacy/public capture	UNKNOWN STEP	2026-10-06T10:05:39.4046648Z hint: call:
stable legacy/public capture	UNKNOWN STEP	2026-10-06T10:05:39.4046844Z hint:
stable legacy/public capture	UNKNOWN STEP	2026-10-06T10:05:39.4047132Z hint: 	git config --global init.defaultBranch <name>
stable legacy/public capture	UNKNOWN STEP	2026-10-06T10:05:39.4047596Z hint:
stable legacy/public capture	UNKNOWN STEP	2026-10-06T10:05:39.4048008Z hint: Names commonly chosen instead of 'master' are 'main', 'trunk' and
stable legacy/public capture	UNKNOWN STEP	2026-10-06T10:05:39.4048549Z hint: 'development'. The just-created branch can be renamed via this command:
stable legacy/public capture	UNKNOWN STEP	2026-10-06T10:05:39.4048884Z hint:
stable legacy/public capture	UNKNOWN STEP	2026-10-06T10:05:39.4049193Z hint: 	git branch -m <name>
stable legacy/public capture	UNKNOWN STEP	2026-10-06T10:05:39.4049574Z hint:
stable legacy/public capture	UNKNOWN STEP	2026-10-06T10:05:39.4050040Z hint: Disable this message with "git config set advice.defaultBranchName false"
stable legacy/public capture	UNKNOWN STEP	2026-10-06T10:05:39.4050810Z Initialized empty Git repository in /home/runner/work/gomap/gomap/.git/
stable legacy/public capture	UNKNOWN STEP	2026-10-06T10:05:39.4055405Z [command]/usr/bin/git remote add origin https://github.com/snissn/gomap
stable legacy/public capture	UNKNOWN STEP	2026-10-06T10:05:39.4100436Z ##[endgroup]
stable legacy/public capture	UNKNOWN STEP	2026-10-06T10:05:39.4100938Z ##[group]Disabling automatic garbage collection
stable legacy/public capture	UNKNOWN STEP	2026-10-06T10:05:39.4101286Z [command]/usr/bin/git config --local gc.auto 0
stable legacy/public capture	UNKNOWN STEP	2026-10-06T10:05:39.4124414Z ##[endgroup]
stable legacy/public capture	UNKNOWN STEP	2026-10-06T10:05:39.4124793Z ##[group]Setting up auth
stable legacy/public capture	UNKNOWN STEP	2026-10-06T10:05:39.4129711Z [command]/usr/bin/git config --local --name-only --get-regexp core\.sshCommand
stable legacy/public capture	UNKNOWN STEP	2026-10-06T10:05:39.4153827Z [command]/usr/bin/git submodule foreach --recursive sh -c "git config --local --name-only --get-regexp 'core\.sshCommand' && git config --local --unset-all 'core.sshCommand' || :"
stable legacy/public capture	UNKNOWN STEP	2026-10-06T10:05:39.4449263Z [command]/usr/bin/git config --local --name-only --get-regexp http\.https\:\/\/github\.com\/\.extraheader
stable legacy/public capture	UNKNOWN STEP	2026-10-06T10:05:39.4473567Z [command]/usr/bin/git submodule foreach --recursive sh -c "git config --local --name-only --get-regexp 'http\.https\:\/\/github\.com\/\.extraheader' && git config --local --unset-all 'http.https://github.com/.extraheader' || :"
stable legacy/public capture	UNKNOWN STEP	2026-10-06T10:05:39.4653891Z [command]/usr/bin/git config --local --name-only --get-regexp ^includeIf\.gitdir:
stable legacy/public capture	UNKNOWN STEP	2026-10-06T10:05:39.4679344Z [command]/usr/bin/git submodule foreach --recursive git config --local --show-origin --name-only --get-regexp remote.origin.url
stable legacy/public capture	UNKNOWN STEP	2026-10-06T10:05:39.4857982Z [command]/usr/bin/git config --local http.https://github.com/.extraheader AUTHORIZATION: basic ***
stable legacy/public capture	UNKNOWN STEP	2026-10-06T10:05:39.4887271Z ##[endgroup]
stable legacy/public capture	UNKNOWN STEP	2026-10-06T10:05:39.4887797Z ##[group]Fetching the repository
stable legacy/public capture	UNKNOWN STEP	2026-10-06T10:05:39.4894089Z [command]/usr/bin/git -c protocol.version=2 fetch --prune --no-recurse-submodules origin +refs/heads/*:refs/remotes/origin/* +refs/tags/*:refs/tags/*
stable legacy/public capture	UNKNOWN STEP	2026-10-06T10:05:52.6062079Z From https://github.com/snissn/gomap
stable legacy/public capture	UNKNOWN STEP	2026-10-06T10:05:52.6062922Z  * [new branch]          2388-compression-audit-silent-none -> origin/2388-compression-audit-silent-none
stable legacy/public capture	UNKNOWN STEP	2026-10-06T10:05:52.6063672Z  * [new branch]          MASTER                  -> origin/MASTER
stable legacy/public capture	UNKNOWN STEP	2026-10-06T10:05:52.6064294Z  * [new branch]          ab-rewrite-engagement-gate -> origin/ab-rewrite-engagement-gate
stable legacy/public capture	UNKNOWN STEP	2026-10-06T10:05:52.6065140Z  * [new branch]          add-tidesdb-support-to-unified-bench -> origin/add-tidesdb-support-to-unified-bench
stable legacy/public capture	UNKNOWN STEP	2026-10-06T10:05:52.6066797Z  * [new branch]          add-wildcat-unified-bench -> origin/add-wildcat-unified-bench
stable legacy/public capture	UNKNOWN STEP	2026-10-06T10:05:52.6067408Z  * [new branch]          alloc-pool-reduction    -> origin/alloc-pool-reduction
stable legacy/public capture	UNKNOWN STEP	2026-10-06T10:05:52.6068131Z  * [new branch]          alloc-pool-reduction-rebased -> origin/alloc-pool-reduction-rebased
stable legacy/public capture	UNKNOWN STEP	2026-10-06T10:05:52.6068949Z  * [new branch]          alloc-pressure-vlog-write-path -> origin/alloc-pressure-vlog-write-path
stable legacy/public capture	UNKNOWN STEP	2026-10-06T10:05:52.6069831Z  * [new branch]          assembly_overoptimization_no_speedup -> origin/assembly_overoptimization_no_speedup
stable legacy/public capture	UNKNOWN STEP	2026-10-06T10:05:52.6071024Z  * [new branch]          astra/post-pipeline-wal-validation -> origin/astra/post-pipeline-wal-validation
stable legacy/public capture	UNKNOWN STEP	2026-10-06T10:05:52.6071804Z  * [new branch]          asyncResize             -> origin/asyncResize
stable legacy/public capture	UNKNOWN STEP	2026-10-06T10:05:52.6072379Z  * [new branch]          asyncResize_bugfix      -> origin/asyncResize_bugfix
stable legacy/public capture	UNKNOWN STEP	2026-10-06T10:05:52.6072989Z  * [new branch]          audit-remediation       -> origin/audit-remediation
stable legacy/public capture	UNKNOWN STEP	2026-10-06T10:05:52.6074174Z  * [new branch]          audit/3502-revert-both-gomap-lowfanout-revert-audit-20260705T113459Z -> origin/audit/3502-revert-both-gomap-lowfanout-revert-audit-20260705T113459Z
stable legacy/public capture	UNKNOWN STEP	2026-10-06T10:05:52.6075902Z  * [new branch]          audit/3502-revert3500-gomap-lowfanout-revert-audit-20260705T113459Z -> origin/audit/3502-revert3500-gomap-lowfanout-revert-audit-20260705T113459Z
stable legacy/public capture	UNKNOWN STEP	2026-10-06T10:05:52.6077401Z  * [new branch]          audit/3502-revert3501-gomap-lowfanout-revert-audit-20260705T113459Z -> origin/audit/3502-revert3501-gomap-lowfanout-revert-audit-20260705T113459Z
stable legacy/public capture	UNKNOWN STEP	2026-10-06T10:05:52.6078428Z  * [new branch]          audit/fix-4927-20261002 -> origin/audit/fix-4927-20261002
stable legacy/public capture	UNKNOWN STEP	2026-10-06T10:05:52.6079244Z  * [new branch]          backup/main-pre-safe-candidate-20260116-154607 -> origin/backup/main-pre-safe-candidate-20260116-154607
stable legacy/public capture	UNKNOWN STEP	2026-10-06T10:05:52.6080052Z  * [new branch]          backup/pivot52-pre-merge -> origin/backup/pivot52-pre-merge
stable legacy/public capture	UNKNOWN STEP	2026-10-06T10:05:52.6080791Z  * [new branch]          backup/pr97-before-realign-20260122 -> origin/backup/pr97-before-realign-20260122
stable legacy/public capture	UNKNOWN STEP	2026-10-06T10:05:52.6081659Z  * [new branch]          bench/canonical-exhaustive-compact-2291 -> origin/bench/canonical-exhaustive-compact-2291
stable legacy/public capture	UNKNOWN STEP	2026-10-06T10:05:52.6082532Z  * [new branch]          bench/collection-concurrency-2327 -> origin/bench/collection-concurrency-2327
stable legacy/public capture	UNKNOWN STEP	2026-10-06T10:05:52.6083328Z  * [new branch]          bench/collection-load-fixture -> origin/bench/collection-load-fixture
stable legacy/public capture	UNKNOWN STEP	2026-10-06T10:05:52.6084150Z  * [new branch]          bench/collections-harness-suite -> origin/bench/collections-harness-suite
stable legacy/public capture	UNKNOWN STEP	2026-10-06T10:05:52.6085014Z  * [new branch]          bench/collections-insert-phases -> origin/bench/collections-insert-phases
stable legacy/public capture	UNKNOWN STEP	2026-10-06T10:05:52.6086665Z  * [new branch]          bench/collections-rewrite-vacuum-matrix -> origin/bench/collections-rewrite-vacuum-matrix
stable legacy/public capture	UNKNOWN STEP	2026-10-06T10:05:52.6087639Z  * [new branch]          bench/fast-client-matrix-2336 -> origin/bench/fast-client-matrix-2336
stable legacy/public capture	UNKNOWN STEP	2026-10-06T10:05:52.6088557Z  * [new branch]          bench/pathological-fence-validation -> origin/bench/pathological-fence-validation
stable legacy/public capture	UNKNOWN STEP	2026-10-06T10:05:52.6089587Z  * [new branch]          bench/raw-wire-indexed-find-2338 -> origin/bench/raw-wire-indexed-find-2338
stable legacy/public capture	UNKNOWN STEP	2026-10-06T10:05:52.6090480Z  * [new branch]          bench/sload-readheavy-suite -> origin/bench/sload-readheavy-suite
stable legacy/public capture	UNKNOWN STEP	2026-10-06T10:05:52.6091265Z  * [new branch]          bench/sqlite-native-columns -> origin/bench/sqlite-native-columns
stable legacy/public capture	UNKNOWN STEP	2026-10-06T10:05:52.6092911Z  * [new branch]          bench/unified-bench-full-default -> origin/bench/unified-bench-full-default
stable legacy/public capture	UNKNOWN STEP	2026-10-06T10:05:52.6094045Z  * [new branch]          benchmark-leveldb-support-13874494427577233559 -> origin/benchmark-leveldb-support-13874494427577233559
stable legacy/public capture	UNKNOWN STEP	2026-10-06T10:05:52.6095019Z  * [new branch]          bson-binary-support     -> origin/bson-binary-support
stable legacy/public capture	UNKNOWN STEP	2026-10-06T10:05:52.6095860Z  * [new branch]          cached-concurrency-phase1 -> origin/cached-concurrency-phase1
stable legacy/public capture	UNKNOWN STEP	2026-10-06T10:05:52.6096513Z  * [new branch]          cheatNoMapInPutMany     -> origin/cheatNoMapInPutMany
stable legacy/public capture	UNKNOWN STEP	2026-10-06T10:05:52.6097229Z  * [new branch]          ci-proof/3665-callers-final-2 -> origin/ci-proof/3665-callers-final-2
stable legacy/public capture	UNKNOWN STEP	2026-10-06T10:05:52.6097988Z  * [new branch]          ci-proof/3665-callers-final-3 -> origin/ci-proof/3665-callers-final-3
stable legacy/public capture	UNKNOWN STEP	2026-10-06T10:05:52.6098792Z  * [new branch]          ci-proof/3665-final-windows-raft-2 -> origin/ci-proof/3665-final-windows-raft-2
stable legacy/public capture	UNKNOWN STEP	2026-10-06T10:05:52.6099630Z  * [new branch]          ci-proof/3665-final-windows-raft-3 -> origin/ci-proof/3665-final-windows-raft-3
stable legacy/public capture	UNKNOWN STEP	2026-10-06T10:05:52.6100676Z  * [new branch]          ci-proof/3665-windows-raft-2 -> origin/ci-proof/3665-windows-raft-2
stable legacy/public capture	UNKNOWN STEP	2026-10-06T10:05:52.6101438Z  * [new branch]          ci-proof/3665-windows-raft-3 -> origin/ci-proof/3665-windows-raft-3
stable legacy/public capture	UNKNOWN STEP	2026-10-06T10:05:52.6181709Z  * [new branch]          ci-proof/3782-raft-2    -> origin/ci-proof/3782-raft-2
stable legacy/public capture	UNKNOWN STEP	2026-10-06T10:05:52.6182309Z  * [new branch]          ci-proof/3782-raft-3    -> origin/ci-proof/3782-raft-3
stable legacy/public capture	UNKNOWN STEP	2026-10-06T10:05:52.6183001Z  * [new branch]          ci-proof/3784-nativewire-2 -> origin/ci-proof/3784-nativewire-2
stable legacy/public capture	UNKNOWN STEP	2026-10-06T10:05:52.6183843Z  * [new branch]          ci-proof/3784-nativewire-3 -> origin/ci-proof/3784-nativewire-3
stable legacy/public capture	UNKNOWN STEP	2026-10-06T10:05:52.6184482Z  * [new branch]          ci-proof/3789-combined-2 -> origin/ci-proof/3789-combined-2
stable legacy/public capture	UNKNOWN STEP	2026-10-06T10:05:52.6185144Z  * [new branch]          ci-proof/3789-combined-3 -> origin/ci-proof/3789-combined-3
stable legacy/public capture	UNKNOWN STEP	2026-10-06T10:05:52.6186021Z  * [new branch]          ci-proof/3793-race-2    -> origin/ci-proof/3793-race-2
stable legacy/public capture	UNKNOWN STEP	2026-10-06T10:05:52.6186647Z  * [new branch]          ci-proof/3793-race-3    -> origin/ci-proof/3793-race-3
stable legacy/public capture	UNKNOWN STEP	2026-10-06T10:05:52.6187359Z  * [new branch]          ci-proof/3797-windows-core-2 -> origin/ci-proof/3797-windows-core-2
stable legacy/public capture	UNKNOWN STEP	2026-10-06T10:05:52.6188099Z  * [new branch]          ci-proof/3797-windows-core-3 -> origin/ci-proof/3797-windows-core-3
stable legacy/public capture	UNKNOWN STEP	2026-10-06T10:05:52.6188862Z  * [new branch]          ci-proof/3797-windows-core-4 -> origin/ci-proof/3797-windows-core-4
stable legacy/public capture	UNKNOWN STEP	2026-10-06T10:05:52.6189618Z  * [new branch]          ci-proof/3797-windows-core-5 -> origin/ci-proof/3797-windows-core-5
stable legacy/public capture	UNKNOWN STEP	2026-10-06T10:05:52.6190390Z  * [new branch]          ci-proof/3798-caching-waiter-2 -> origin/ci-proof/3798-caching-waiter-2
stable legacy/public capture	UNKNOWN STEP	2026-10-06T10:05:52.6191180Z  * [new branch]          ci-proof/3798-caching-waiter-3 -> origin/ci-proof/3798-caching-waiter-3
stable legacy/public capture	UNKNOWN STEP	2026-10-06T10:05:52.6191985Z  * [new branch]          ci-proof/3798-caching-waiter-4 -> origin/ci-proof/3798-caching-waiter-4
stable legacy/public capture	UNKNOWN STEP	2026-10-06T10:05:52.6192765Z  * [new branch]          ci-proof/3798-caching-waiter-5 -> origin/ci-proof/3798-caching-waiter-5
stable legacy/public capture	UNKNOWN STEP	2026-10-06T10:05:52.6193767Z  * [new branch]          ci-proof/3798-caching-waiter-6 -> origin/ci-proof/3798-caching-waiter-6
stable legacy/public capture	UNKNOWN STEP	2026-10-06T10:05:52.6194779Z  * [new branch]          ci-proof/3798-caching-waiter-post-predecessors-1 -> origin/ci-proof/3798-caching-waiter-post-predecessors-1
stable legacy/public capture	UNKNOWN STEP	2026-10-06T10:05:52.6196242Z  * [new branch]          ci-proof/3798-caching-waiter-post-predecessors-2 -> origin/ci-proof/3798-caching-waiter-post-predecessors-2
stable legacy/public capture	UNKNOWN STEP	2026-10-06T10:05:52.6196954Z  * [new branch]          ci-proof/3799-raft-2    -> origin/ci-proof/3799-raft-2
stable legacy/public capture	UNKNOWN STEP	2026-10-06T10:05:52.6197348Z  * [new branch]          ci-proof/3799-raft-3    -> origin/ci-proof/3799-raft-3
stable legacy/public capture	UNKNOWN STEP	2026-10-06T10:05:52.6197816Z  * [new branch]          ci-proof/3801-mvcc-row-equivalence-2 -> origin/ci-proof/3801-mvcc-row-equivalence-2
stable legacy/public capture	UNKNOWN STEP	2026-10-06T10:05:52.6198413Z  * [new branch]          ci-proof/3801-mvcc-row-equivalence-3 -> origin/ci-proof/3801-mvcc-row-equivalence-3
stable legacy/public capture	UNKNOWN STEP	2026-10-06T10:05:52.6198988Z  * [new branch]          ci-proof/3801-mvcc-row-equivalence-4 -> origin/ci-proof/3801-mvcc-row-equivalence-4
stable legacy/public capture	UNKNOWN STEP	2026-10-06T10:05:52.6199524Z  * [new branch]          ci-proof/3801-mvcc-row-equivalence-5 -> origin/ci-proof/3801-mvcc-row-equivalence-5
stable legacy/public capture	UNKNOWN STEP	2026-10-06T10:05:52.6200094Z  * [new branch]          ci-proof/3803-rewrite-queue-post-3804-1 -> origin/ci-proof/3803-rewrite-queue-post-3804-1
stable legacy/public capture	UNKNOWN STEP	2026-10-06T10:05:52.6200713Z  * [new branch]          ci-proof/3803-rewrite-queue-post-3804-2 -> origin/ci-proof/3803-rewrite-queue-post-3804-2
stable legacy/public capture	UNKNOWN STEP	2026-10-06T10:05:52.6201244Z  * [new branch]          ci-proof/3804-raft-headroom-1 -> origin/ci-proof/3804-raft-headroom-1
stable legacy/public capture	UNKNOWN STEP	2026-10-06T10:05:52.6201717Z  * [new branch]          ci-proof/3804-raft-headroom-2 -> origin/ci-proof/3804-raft-headroom-2
stable legacy/public capture	UNKNOWN STEP	2026-10-06T10:05:52.6202238Z  * [new branch]          ci-proof/3805-race-package-timeout-1 -> origin/ci-proof/3805-race-package-timeout-1
stable legacy/public capture	UNKNOWN STEP	2026-10-06T10:05:52.6202783Z  * [new branch]          ci-proof/3805-race-package-timeout-2 -> origin/ci-proof/3805-race-package-timeout-2
stable legacy/public capture	UNKNOWN STEP	2026-10-06T10:05:52.6203497Z  * [new branch]          ci-proof/3809-vector-alloc-race-1 -> origin/ci-proof/3809-vector-alloc-race-1
stable legacy/public capture	UNKNOWN STEP	2026-10-06T10:05:52.6204017Z  * [new branch]          ci-proof/3809-vector-alloc-race-2 -> origin/ci-proof/3809-vector-alloc-race-2
stable legacy/public capture	UNKNOWN STEP	2026-10-06T10:05:52.6204626Z  * [new branch]          ci-proof/3810-checkpoint-productivity-sync-1 -> origin/ci-proof/3810-checkpoint-productivity-sync-1
stable legacy/public capture	UNKNOWN STEP	2026-10-06T10:05:52.6207982Z  * [new branch]          ci-proof/3810-checkpoint-productivity-sync-2 -> origin/ci-proof/3810-checkpoint-productivity-sync-2
stable legacy/public capture	UNKNOWN STEP	2026-10-06T10:05:52.6208995Z  * [new branch]          ci-proof/3813-scalar-vector-alloc-race-1 -> origin/ci-proof/3813-scalar-vector-alloc-race-1
stable legacy/public capture	UNKNOWN STEP	2026-10-06T10:05:52.6209611Z  * [new branch]          ci-proof/3813-scalar-vector-alloc-race-2 -> origin/ci-proof/3813-scalar-vector-alloc-race-2
stable legacy/public capture	UNKNOWN STEP	2026-10-06T10:05:52.6210185Z  * [new branch]          ci-proof/3815-integrated-ci-fixes-1 -> origin/ci-proof/3815-integrated-ci-fixes-1
stable legacy/public capture	UNKNOWN STEP	2026-10-06T10:05:52.6210724Z  * [new branch]          ci-proof/3815-integrated-ci-fixes-2 -> origin/ci-proof/3815-integrated-ci-fixes-2
stable legacy/public capture	UNKNOWN STEP	2026-10-06T10:05:52.6211178Z  * [new branch]          ci-proof/4002-suite-2   -> origin/ci-proof/4002-suite-2
stable legacy/public capture	UNKNOWN STEP	2026-10-06T10:05:52.6211562Z  * [new branch]          ci-proof/4002-suite-3   -> origin/ci-proof/4002-suite-3
stable legacy/public capture	UNKNOWN STEP	2026-10-06T10:05:52.6212251Z  * [new branch]          ci/root-test-headroom-4081 -> origin/ci/root-test-headroom-4081
stable legacy/public capture	UNKNOWN STEP	2026-10-06T10:05:52.6213067Z  * [new branch]          cleantypesHashmapOffsetValue -> origin/cleantypesHashmapOffsetValue
stable legacy/public capture	UNKNOWN STEP	2026-10-06T10:05:52.6213747Z  * [new branch]          cleanup                 -> origin/cleanup
stable legacy/public capture	UNKNOWN STEP	2026-10-06T10:05:52.6214378Z  * [new branch]          cleanup-remove-copy-on-flush -> origin/cleanup-remove-copy-on-flush
stable legacy/public capture	UNKNOWN STEP	2026-10-06T10:05:52.6215136Z  * [new branch]          cleanup-unified-public-kvapi -> origin/cleanup-unified-public-kvapi
stable legacy/public capture	UNKNOWN STEP	2026-10-06T10:05:52.6215879Z  * [new branch]          coderabbitai/utg/3321122 -> origin/coderabbitai/utg/3321122
stable legacy/public capture	UNKNOWN STEP	2026-10-06T10:05:52.6216474Z  * [new branch]          coderabbitai/utg/a174be3 -> origin/coderabbitai/utg/a174be3
stable legacy/public capture	UNKNOWN STEP	2026-10-06T10:05:52.6216943Z  * [new branch]          coderabbitai/utg/b56d12a -> origin/coderabbitai/utg/b56d12a
stable legacy/public capture	UNKNOWN STEP	2026-10-06T10:05:52.6217378Z  * [new branch]          codex-proof-3798-a-bb0db0c -> origin/codex-proof-3798-a-bb0db0c
stable legacy/public capture	UNKNOWN STEP	2026-10-06T10:05:52.6217808Z  * [new branch]          codex-proof-3798-b-bb0db0c -> origin/codex-proof-3798-b-bb0db0c
stable legacy/public capture	UNKNOWN STEP	2026-10-06T10:05:52.6218239Z  * [new branch]          codex-proof-3817-a-b2b89ca -> origin/codex-proof-3817-a-b2b89ca
stable legacy/public capture	UNKNOWN STEP	2026-10-06T10:05:52.6218663Z  * [new branch]          codex-proof-3817-b-b2b89ca -> origin/codex-proof-3817-b-b2b89ca
stable legacy/public capture	UNKNOWN STEP	2026-10-06T10:05:52.6219159Z  * [new branch]          codex-proof-3818-a-901621f -> origin/codex-proof-3818-a-901621f
stable legacy/public capture	UNKNOWN STEP	2026-10-06T10:05:52.6219759Z  * [new branch]          codex-proof-3818-b-901621f -> origin/codex-proof-3818-b-901621f
stable legacy/public capture	UNKNOWN STEP	2026-10-06T10:05:52.6220209Z  * [new branch]          codex-proof-3821-a-a561f766 -> origin/codex-proof-3821-a-a561f766
stable legacy/public capture	UNKNOWN STEP	2026-10-06T10:05:52.6220646Z  * [new branch]          codex-proof-3821-b-a561f766 -> origin/codex-proof-3821-b-a561f766
stable legacy/public capture	UNKNOWN STEP	2026-10-06T10:05:52.6221073Z  * [new branch]          codex-proof-3824-a-11c031ce -> origin/codex-proof-3824-a-11c031ce
stable legacy/public capture	UNKNOWN STEP	2026-10-06T10:05:52.6221498Z  * [new branch]          codex-proof-3824-b-11c031ce -> origin/codex-proof-3824-b-11c031ce
stable legacy/public capture	UNKNOWN STEP	2026-10-06T10:05:52.6221952Z  * [new branch]          codex-proof-3828-a-326698ac -> origin/codex-proof-3828-a-326698ac
stable legacy/public capture	UNKNOWN STEP	2026-10-06T10:05:52.6222381Z  * [new branch]          codex-proof-3828-b-326698ac -> origin/codex-proof-3828-b-326698ac
stable legacy/public capture	UNKNOWN STEP	2026-10-06T10:05:52.6222829Z  * [new branch]          codex-proof/3791-a-42f365a17 -> origin/codex-proof/3791-a-42f365a17
stable legacy/public capture	UNKNOWN STEP	2026-10-06T10:05:52.6223267Z  * [new branch]          codex-proof/3791-a-dfb11340d -> origin/codex-proof/3791-a-dfb11340d
stable legacy/public capture	UNKNOWN STEP	2026-10-06T10:05:52.6223684Z  * [new branch]          codex-proof/3791-b-42f365a17 -> origin/codex-proof/3791-b-42f365a17
stable legacy/public capture	UNKNOWN STEP	2026-10-06T10:05:52.6224391Z  * [new branch]          codex-proof/3791-b-dfb11340d -> origin/codex-proof/3791-b-dfb11340d
stable legacy/public capture	UNKNOWN STEP	2026-10-06T10:05:52.6224897Z  * [new branch]          codex-proof/3798-final-a-cbdc152b1 -> origin/codex-proof/3798-final-a-cbdc152b1
stable legacy/public capture	UNKNOWN STEP	2026-10-06T10:05:52.6225696Z  * [new branch]          codex-proof/3798-final-a-e7a172a84 -> origin/codex-proof/3798-final-a-e7a172a84
stable legacy/public capture	UNKNOWN STEP	2026-10-06T10:05:52.6226428Z  * [new branch]          codex-proof/3798-final-b-cbdc152b1 -> origin/codex-proof/3798-final-b-cbdc152b1
stable legacy/public capture	UNKNOWN STEP	2026-10-06T10:05:52.6226915Z  * [new branch]          codex-proof/3798-post-3821-a -> origin/codex-proof/3798-post-3821-a
stable legacy/public capture	UNKNOWN STEP	2026-10-06T10:05:52.6227372Z  * [new branch]          codex-proof/3798-post-3821-b -> origin/codex-proof/3798-post-3821-b
stable legacy/public capture	UNKNOWN STEP	2026-10-06T10:05:52.6227809Z  * [new branch]          codex-proof/3821-final-a -> origin/codex-proof/3821-final-a
stable legacy/public capture	UNKNOWN STEP	2026-10-06T10:05:52.6228238Z  * [new branch]          codex-proof/3821-portable-a -> origin/codex-proof/3821-portable-a
stable legacy/public capture	UNKNOWN STEP	2026-10-06T10:05:52.6228670Z  * [new branch]          codex-proof/3821-portable-b -> origin/codex-proof/3821-portable-b
stable legacy/public capture	UNKNOWN STEP	2026-10-06T10:05:52.6229079Z  * [new branch]          codex-proof/3828-final-a -> origin/codex-proof/3828-final-a
stable legacy/public capture	UNKNOWN STEP	2026-10-06T10:05:52.6229471Z  * [new branch]          codex-proof/3828-final-b -> origin/codex-proof/3828-final-b
stable legacy/public capture	UNKNOWN STEP	2026-10-06T10:05:52.6229855Z  * [new branch]          codex-proof/3831-a      -> origin/codex-proof/3831-a
stable legacy/public capture	UNKNOWN STEP	2026-10-06T10:05:52.6230218Z  * [new branch]          codex-proof/3831-b      -> origin/codex-proof/3831-b
stable legacy/public capture	UNKNOWN STEP	2026-10-06T10:05:52.6230569Z  * [new branch]          codex-proof/3834-a      -> origin/codex-proof/3834-a
stable legacy/public capture	UNKNOWN STEP	2026-10-06T10:05:52.6230919Z  * [new branch]          codex-proof/3838-a      -> origin/codex-proof/3838-a
stable legacy/public capture	UNKNOWN STEP	2026-10-06T10:05:52.6231273Z  * [new branch]          codex-proof/3840-a      -> origin/codex-proof/3840-a
stable legacy/public capture	UNKNOWN STEP	2026-10-06T10:05:52.6231626Z  * [new branch]          codex-proof/3842-a      -> origin/codex-proof/3842-a
stable legacy/public capture	UNKNOWN STEP	2026-10-06T10:05:52.6231990Z  * [new branch]          codex-proof/3842-b      -> origin/codex-proof/3842-b
stable legacy/public capture	UNKNOWN STEP	2026-10-06T10:05:52.6232513Z  * [new branch]          codex-proof/3850-a-b64aeb956 -> origin/codex-proof/3850-a-b64aeb956
stable legacy/public capture	UNKNOWN STEP	2026-10-06T10:05:52.6232988Z  * [new branch]          codex-proof/3850-b-b64aeb956 -> origin/codex-proof/3850-b-b64aeb956
stable legacy/public capture	UNKNOWN STEP	2026-10-06T10:05:52.6233427Z  * [new branch]          codex-proof/3855-a-237cab670 -> origin/codex-proof/3855-a-237cab670
stable legacy/public capture	UNKNOWN STEP	2026-10-06T10:05:52.6233857Z  * [new branch]          codex-proof/3855-b-237cab670 -> origin/codex-proof/3855-b-237cab670
stable legacy/public capture	UNKNOWN STEP	2026-10-06T10:05:52.6234277Z  * [new branch]          codex-proof/3860-a-1b70153b9 -> origin/codex-proof/3860-a-1b70153b9
stable legacy/public capture	UNKNOWN STEP	2026-10-06T10:05:52.6234696Z  * [new branch]          codex-proof/3860-a-3fc1e1e64 -> origin/codex-proof/3860-a-3fc1e1e64
stable legacy/public capture	UNKNOWN STEP	2026-10-06T10:05:52.6235118Z  * [new branch]          codex-proof/3860-a-87e6b2155 -> origin/codex-proof/3860-a-87e6b2155
stable legacy/public capture	UNKNOWN STEP	2026-10-06T10:05:52.6235698Z  * [new branch]          codex-proof/3860-a-c4f7dbf28 -> origin/codex-proof/3860-a-c4f7dbf28
stable legacy/public capture	UNKNOWN STEP	2026-10-06T10:05:52.6236157Z  * [new branch]          codex-proof/3860-a-c8baf0764 -> origin/codex-proof/3860-a-c8baf0764
stable legacy/public capture	UNKNOWN STEP	2026-10-06T10:05:52.6236587Z  * [new branch]          codex-proof/3860-a-da1caaf9e -> origin/codex-proof/3860-a-da1caaf9e
stable legacy/public capture	UNKNOWN STEP	2026-10-06T10:05:52.6237015Z  * [new branch]          codex-proof/3860-b-1b70153b9 -> origin/codex-proof/3860-b-1b70153b9
stable legacy/public capture	UNKNOWN STEP	2026-10-06T10:05:52.6237437Z  * [new branch]          codex-proof/3860-b-3fc1e1e64 -> origin/codex-proof/3860-b-3fc1e1e64
stable legacy/public capture	UNKNOWN STEP	2026-10-06T10:05:52.6237854Z  * [new branch]          codex-proof/3865-a-672298c33 -> origin/codex-proof/3865-a-672298c33
stable legacy/public capture	UNKNOWN STEP	2026-10-06T10:05:52.6238268Z  * [new branch]          codex-proof/3865-a-9bcd89b15 -> origin/codex-proof/3865-a-9bcd89b15
stable legacy/public capture	UNKNOWN STEP	2026-10-06T10:05:52.6238698Z  * [new branch]          codex-proof/3865-a-d42ca9ee3 -> origin/codex-proof/3865-a-d42ca9ee3
stable legacy/public capture	UNKNOWN STEP	2026-10-06T10:05:52.6239124Z  * [new branch]          codex-proof/3865-a-dbd79e784 -> origin/codex-proof/3865-a-dbd79e784
stable legacy/public capture	UNKNOWN STEP	2026-10-06T10:05:52.6239662Z  * [new branch]          codex-proof/3865-b-d42ca9ee3 -> origin/codex-proof/3865-b-d42ca9ee3
stable legacy/public capture	UNKNOWN STEP	2026-10-06T10:05:52.6240088Z  * [new branch]          codex-proof/3865-b-dbd79e784 -> origin/codex-proof/3865-b-dbd79e784
stable legacy/public capture	UNKNOWN STEP	2026-10-06T10:05:52.6240511Z  * [new branch]          codex-proof/3870-a-134bc60d2 -> origin/codex-proof/3870-a-134bc60d2
stable legacy/public capture	UNKNOWN STEP	2026-10-06T10:05:52.6240936Z  * [new branch]          codex-proof/3870-b-134bc60d2 -> origin/codex-proof/3870-b-134bc60d2
stable legacy/public capture	UNKNOWN STEP	2026-10-06T10:05:52.6241358Z  * [new branch]          codex-proof/3872-a-921db4b54 -> origin/codex-proof/3872-a-921db4b54
stable legacy/public capture	UNKNOWN STEP	2026-10-06T10:05:52.6241805Z  * [new branch]          codex-proof/3872-a2-921db4b54 -> origin/codex-proof/3872-a2-921db4b54
stable legacy/public capture	UNKNOWN STEP	2026-10-06T10:05:52.6242235Z  * [new branch]          codex-proof/3872-b-921db4b54 -> origin/codex-proof/3872-b-921db4b54
stable legacy/public capture	UNKNOWN STEP	2026-10-06T10:05:52.6242649Z  * [new branch]          codex-proof/3874-a-d651501ee -> origin/codex-proof/3874-a-d651501ee
stable legacy/public capture	UNKNOWN STEP	2026-10-06T10:05:52.6243073Z  * [new branch]          codex-proof/3874-b-d651501ee -> origin/codex-proof/3874-b-d651501ee
stable legacy/public capture	UNKNOWN STEP	2026-10-06T10:05:52.6243496Z  * [new branch]          codex-proof/3875-a-20e3aed00 -> origin/codex-proof/3875-a-20e3aed00
stable legacy/public capture	UNKNOWN STEP	2026-10-06T10:05:52.6243912Z  * [new branch]          codex-proof/3875-b-20e3aed00 -> origin/codex-proof/3875-b-20e3aed00
stable legacy/public capture	UNKNOWN STEP	2026-10-06T10:05:52.6244336Z  * [new branch]          codex-proof/3885-a-913e6140c -> origin/codex-proof/3885-a-913e6140c
stable legacy/public capture	UNKNOWN STEP	2026-10-06T10:05:52.6244766Z  * [new branch]          codex-proof/3885-b-913e6140c -> origin/codex-proof/3885-b-913e6140c
stable legacy/public capture	UNKNOWN STEP	2026-10-06T10:05:52.6245273Z  * [new branch]          codex-treeb             -> origin/codex-treeb
stable legacy/public capture	UNKNOWN STEP	2026-10-06T10:05:52.6245708Z  * [new branch]          codex-treeb-cosmosdb    -> origin/codex-treeb-cosmosdb
stable legacy/public capture	UNKNOWN STEP	2026-10-06T10:05:52.6246179Z  * [new branch]          codex-treeb-perf-iterator-codex -> origin/codex-treeb-perf-iterator-codex
stable legacy/public capture	UNKNOWN STEP	2026-10-06T10:05:52.6246734Z  * [new branch]          codex/1101-plus-1107-10m-bench-20260430 -> origin/codex/1101-plus-1107-10m-bench-20260430
stable legacy/public capture	UNKNOWN STEP	2026-10-06T10:05:52.6247241Z  * [new branch]          codex/1156-allocation-close -> origin/codex/1156-allocation-close
stable legacy/public capture	UNKNOWN STEP	2026-10-06T10:05:52.6247873Z  * [new branch]          codex/1159-always-optimistic-root-apply -> origin/codex/1159-always-optimistic-root-apply
stable legacy/public capture	UNKNOWN STEP	2026-10-06T10:05:52.6248362Z  * [new branch]          codex/1159-arch-next    -> origin/codex/1159-arch-next
stable legacy/public capture	UNKNOWN STEP	2026-10-06T10:05:52.6248823Z  * [new branch]          codex/1159-avoid-double-delta-sort -> origin/codex/1159-avoid-double-delta-sort
stable legacy/public capture	UNKNOWN STEP	2026-10-06T10:05:52.6249354Z  * [new branch]          codex/1159-batch-delta-pool-cap -> origin/codex/1159-batch-delta-pool-cap
stable legacy/public capture	UNKNOWN STEP	2026-10-06T10:05:52.6249876Z  * [new branch]          codex/1159-buffer-stage-breakdown -> origin/codex/1159-buffer-stage-breakdown
stable legacy/public capture	UNKNOWN STEP	2026-10-06T10:05:52.6250413Z  * [new branch]          codex/1159-buffer-unique-root-lookup -> origin/codex/1159-buffer-unique-root-lookup
stable legacy/public capture	UNKNOWN STEP	2026-10-06T10:05:52.6250964Z  * [new branch]          codex/1159-buffered-update-inserts -> origin/codex/1159-buffered-update-inserts
stable legacy/public capture	UNKNOWN STEP	2026-10-06T10:05:52.6251555Z  * [new branch]          codex/1159-cache-collection-index-runtimes -> origin/codex/1159-cache-collection-index-runtimes
stable legacy/public capture	UNKNOWN STEP	2026-10-06T10:05:52.6252130Z  * [new branch]          codex/1159-cache-zipper-leaf-reads -> origin/codex/1159-cache-zipper-leaf-reads
stable legacy/public capture	UNKNOWN STEP	2026-10-06T10:05:52.6252626Z  * [new branch]          codex/1159-changed-index-deltas -> origin/codex/1159-changed-index-deltas
stable legacy/public capture	UNKNOWN STEP	2026-10-06T10:05:52.6253140Z  * [new branch]          codex/1159-collection-overlay-roots -> origin/codex/1159-collection-overlay-roots
stable legacy/public capture	UNKNOWN STEP	2026-10-06T10:05:52.6253727Z  * [new branch]          codex/1159-collection-perf-instrumentation -> origin/codex/1159-collection-perf-instrumentation
stable legacy/public capture	UNKNOWN STEP	2026-10-06T10:05:52.6254251Z  * [new branch]          codex/1159-combiner-drain -> origin/codex/1159-combiner-drain
stable legacy/public capture	UNKNOWN STEP	2026-10-06T10:05:52.6254713Z  * [new branch]          codex/1159-copy-leaflog-internal -> origin/codex/1159-copy-leaflog-internal
stable legacy/public capture	UNKNOWN STEP	2026-10-06T10:05:52.6255493Z  * [new branch]          codex/1159-current-read-fastpath -> origin/codex/1159-current-read-fastpath
stable legacy/public capture	UNKNOWN STEP	2026-10-06T10:05:52.6256060Z  * [new branch]          codex/1159-direct-buffered-update-domain -> origin/codex/1159-direct-buffered-update-domain
stable legacy/public capture	UNKNOWN STEP	2026-10-06T10:05:52.6256652Z  * [new branch]          codex/1159-drop-large-batch-reset-clear -> origin/codex/1159-drop-large-batch-reset-clear
stable legacy/public capture	UNKNOWN STEP	2026-10-06T10:05:52.6257232Z  * [new branch]          codex/1159-grouped-frame-cache-metrics -> origin/codex/1159-grouped-frame-cache-metrics
stable legacy/public capture	UNKNOWN STEP	2026-10-06T10:05:52.6257755Z  * [new branch]          codex/1159-indexed-flush-metrics -> origin/codex/1159-indexed-flush-metrics
stable legacy/public capture	UNKNOWN STEP	2026-10-06T10:05:52.6258253Z  * [new branch]          codex/1159-indexed-flush-overlays -> origin/codex/1159-indexed-flush-overlays
stable legacy/public capture	UNKNOWN STEP	2026-10-06T10:05:52.6258752Z  * [new branch]          codex/1159-indexed-run-compaction -> origin/codex/1159-indexed-run-compaction
stable legacy/public capture	UNKNOWN STEP	2026-10-06T10:05:52.6259216Z  * [new branch]          codex/1159-leaf-cache-option -> origin/codex/1159-leaf-cache-option
stable legacy/public capture	UNKNOWN STEP	2026-10-06T10:05:52.6259702Z  * [new branch]          codex/1159-leaf-sealed-mmap-budget -> origin/codex/1159-leaf-sealed-mmap-budget
stable legacy/public capture	UNKNOWN STEP	2026-10-06T10:05:52.6260203Z  * [new branch]          codex/1159-leaflog-copy-metrics -> origin/codex/1159-leaflog-copy-metrics
stable legacy/public capture	UNKNOWN STEP	2026-10-06T10:05:52.6260738Z  * [new branch]          codex/1159-memoize-batch-sorted-entries -> origin/codex/1159-memoize-batch-sorted-entries
stable legacy/public capture	UNKNOWN STEP	2026-10-06T10:05:52.6261300Z  * [new branch]          codex/1159-mixed-root-parallel-apply -> origin/codex/1159-mixed-root-parallel-apply
stable legacy/public capture	UNKNOWN STEP	2026-10-06T10:05:52.6261856Z  * [new branch]          codex/1159-mutation-unlock-no-closure -> origin/codex/1159-mutation-unlock-no-closure
stable legacy/public capture	UNKNOWN STEP	2026-10-06T10:05:52.6262335Z  * [new branch]          codex/1159-next-root-apply -> origin/codex/1159-next-root-apply
stable legacy/public capture	UNKNOWN STEP	2026-10-06T10:05:52.6262796Z  * [new branch]          codex/1159-overlay-batch-parallel -> origin/codex/1159-overlay-batch-parallel
stable legacy/public capture	UNKNOWN STEP	2026-10-06T10:05:52.6263293Z  * [new branch]          codex/1159-overlay-batch-publish -> origin/codex/1159-overlay-batch-publish
stable legacy/public capture	UNKNOWN STEP	2026-10-06T10:05:52.6263926Z  * [new branch]          codex/1159-overlay-membership-filters -> origin/codex/1159-overlay-membership-filters
stable legacy/public capture	UNKNOWN STEP	2026-10-06T10:05:52.6264466Z  * [new branch]          codex/1159-overlay-primary-probe -> origin/codex/1159-overlay-primary-probe
stable legacy/public capture	UNKNOWN STEP	2026-10-06T10:05:52.6264981Z  * [new branch]          codex/1159-overlay-root-compaction -> origin/codex/1159-overlay-root-compaction
stable legacy/public capture	UNKNOWN STEP	2026-10-06T10:05:52.6265575Z  * [new branch]          codex/1159-parallel-root-apply -> origin/codex/1159-parallel-root-apply
stable legacy/public capture	UNKNOWN STEP	2026-10-06T10:05:52.6266138Z  * [new branch]          codex/1159-parallel-root-delta-materialize -> origin/codex/1159-parallel-root-delta-materialize
stable legacy/public capture	UNKNOWN STEP	2026-10-06T10:05:52.6266715Z  * [new branch]          codex/1159-per-index-delta-planning -> origin/codex/1159-per-index-delta-planning
stable legacy/public capture	UNKNOWN STEP	2026-10-06T10:05:52.6267252Z  * [new branch]          codex/1159-per-index-update-counters -> origin/codex/1159-per-index-update-counters
stable legacy/public capture	UNKNOWN STEP	2026-10-06T10:05:52.6267811Z  * [new branch]          codex/1159-pool-appendonly-iterators -> origin/codex/1159-pool-appendonly-iterators
stable legacy/public capture	UNKNOWN STEP	2026-10-06T10:05:52.6268363Z  * [new branch]          codex/1159-pool-buffered-read-entries -> origin/codex/1159-pool-buffered-read-entries
stable legacy/public capture	UNKNOWN STEP	2026-10-06T10:05:52.6268964Z  * [new branch]          codex/1159-pool-buffered-read-entries-clean -> origin/codex/1159-pool-buffered-read-entries-clean
stable legacy/public capture	UNKNOWN STEP	2026-10-06T10:05:52.6269603Z  * [new branch]          codex/1159-prebuild-direct-collection-deltas -> origin/codex/1159-prebuild-direct-collection-deltas
stable legacy/public capture	UNKNOWN STEP	2026-10-06T10:05:52.6270216Z  * [new branch]          codex/1159-prebuild-direct-root-entries -> origin/codex/1159-prebuild-direct-root-entries
stable legacy/public capture	UNKNOWN STEP	2026-10-06T10:05:52.6270826Z  * [new branch]          codex/1159-prebuild-secondary-update-entries -> origin/codex/1159-prebuild-secondary-update-entries
stable legacy/public capture	UNKNOWN STEP	2026-10-06T10:05:52.6271418Z  * [new branch]          codex/1159-profile-async-flush-bench -> origin/codex/1159-profile-async-flush-bench
stable legacy/public capture	UNKNOWN STEP	2026-10-06T10:05:52.6272105Z  * [new branch]          codex/1159-profile-buffer-threshold-knobs -> origin/codex/1159-profile-buffer-threshold-knobs
stable legacy/public capture	UNKNOWN STEP	2026-10-06T10:05:52.6272665Z  * [new branch]          codex/1159-profile-vlog-mmap-stats -> origin/codex/1159-profile-vlog-mmap-stats
stable legacy/public capture	UNKNOWN STEP	2026-10-06T10:05:52.6273176Z  * [new branch]          codex/1159-publish-phase-metrics -> origin/codex/1159-publish-phase-metrics
stable legacy/public capture	UNKNOWN STEP	2026-10-06T10:05:52.6273647Z  * [new branch]          codex/1159-publish-pipeline -> origin/codex/1159-publish-pipeline
stable legacy/public capture	UNKNOWN STEP	2026-10-06T10:05:52.6274099Z  * [new branch]          codex/1159-read-rootapply-next -> origin/codex/1159-read-rootapply-next
stable legacy/public capture	UNKNOWN STEP	2026-10-06T10:05:52.6274568Z  * [new branch]          codex/1159-read-rootapply-slice -> origin/codex/1159-read-rootapply-slice
stable legacy/public capture	UNKNOWN STEP	2026-10-06T10:05:52.6275097Z  * [new branch]          codex/1159-reduce-indexed-publish-work -> origin/codex/1159-reduce-indexed-publish-work
stable legacy/public capture	UNKNOWN STEP	2026-10-06T10:05:52.6275703Z  * [new branch]          codex/1159-root-apply-read-next -> origin/codex/1159-root-apply-read-next
stable legacy/public capture	UNKNOWN STEP	2026-10-06T10:05:52.6276173Z  * [new branch]          codex/1159-root-publish-arch -> origin/codex/1159-root-publish-arch
stable legacy/public capture	UNKNOWN STEP	2026-10-06T10:05:52.6276678Z  * [new branch]          codex/1159-secondary-delete-key-alloc -> origin/codex/1159-secondary-delete-key-alloc
stable legacy/public capture	UNKNOWN STEP	2026-10-06T10:05:52.6277261Z  * [new branch]          codex/1159-secondary-delete-key-alloc-main -> origin/codex/1159-secondary-delete-key-alloc-main
stable legacy/public capture	UNKNOWN STEP	2026-10-06T10:05:52.6277792Z  * [new branch]          codex/1159-secondary-keyparts -> origin/codex/1159-secondary-keyparts
stable legacy/public capture	UNKNOWN STEP	2026-10-06T10:05:52.6278301Z  * [new branch]          codex/1159-skip-readable-vlog-barrier -> origin/codex/1159-skip-readable-vlog-barrier
stable legacy/public capture	UNKNOWN STEP	2026-10-06T10:05:52.6278849Z  * [new branch]          codex/1159-skip-unchanged-unique-runs -> origin/codex/1159-skip-unchanged-unique-runs
stable legacy/public capture	UNKNOWN STEP	2026-10-06T10:05:52.6279400Z  * [new branch]          codex/1159-snapshot-leaflog-read-cache -> origin/codex/1159-snapshot-leaflog-read-cache
stable legacy/public capture	UNKNOWN STEP	2026-10-06T10:05:52.6279947Z  * [new branch]          codex/1159-snapshot-root-tree-cache -> origin/codex/1159-snapshot-root-tree-cache
stable legacy/public capture	UNKNOWN STEP	2026-10-06T10:05:52.6280589Z  * [new branch]          codex/1159-stable-primary-run-index -> origin/codex/1159-stable-primary-run-index
stable legacy/public capture	UNKNOWN STEP	2026-10-06T10:05:52.6281094Z  * [new branch]          codex/1159-system-delta-rebase -> origin/codex/1159-system-delta-rebase
stable legacy/public capture	UNKNOWN STEP	2026-10-06T10:05:52.6281601Z  * [new branch]          codex/1159-three-index-delta-benches -> origin/codex/1159-three-index-delta-benches
stable legacy/public capture	UNKNOWN STEP	2026-10-06T10:05:52.6282158Z  * [new branch]          codex/1159-update-combine-bench-metrics -> origin/codex/1159-update-combine-bench-metrics
stable legacy/public capture	UNKNOWN STEP	2026-10-06T10:05:52.6282706Z  * [new branch]          codex/1159-update-combiner-id-pool -> origin/codex/1159-update-combiner-id-pool
stable legacy/public capture	UNKNOWN STEP	2026-10-06T10:05:52.6283194Z  * [new branch]          codex/1159-vlog-read-size-hint -> origin/codex/1159-vlog-read-size-hint
stable legacy/public capture	UNKNOWN STEP	2026-10-06T10:05:52.6283696Z  * [new branch]          codex/1159-zipper-apply-counters -> origin/codex/1159-zipper-apply-counters
stable legacy/public capture	UNKNOWN STEP	2026-10-06T10:05:52.6284218Z  * [new branch]          codex/1159-zipper-apply-phase-stats -> origin/codex/1159-zipper-apply-phase-stats
stable legacy/public capture	UNKNOWN STEP	2026-10-06T10:05:52.6284745Z  * [new branch]          codex/1159-zipper-load-source-stats -> origin/codex/1159-zipper-load-source-stats
stable legacy/public capture	UNKNOWN STEP	2026-10-06T10:05:52.6285427Z  * [new branch]          codex/1177-mongo-client-mode-matrix -> origin/codex/1177-mongo-client-mode-matrix
stable legacy/public capture	UNKNOWN STEP	2026-10-06T10:05:52.6285978Z  * [new branch]          codex/1215-root-run-iterator-fastpath -> origin/codex/1215-root-run-iterator-fastpath
stable legacy/public capture	UNKNOWN STEP	2026-10-06T10:05:52.6286470Z  * [new branch]          codex/1216-mmap-hint-range -> origin/codex/1216-mmap-hint-range
stable legacy/public capture	UNKNOWN STEP	2026-10-06T10:05:52.6286942Z  * [new branch]          codex/1217-buffered-index-capacity -> origin/codex/1217-buffered-index-capacity
stable legacy/public capture	UNKNOWN STEP	2026-10-06T10:05:52.6287427Z  * [new branch]          codex/1218-buffered-read-arena -> origin/codex/1218-buffered-read-arena
stable legacy/public capture	UNKNOWN STEP	2026-10-06T10:05:52.6287862Z  * [new branch]          codex/1219-rootrun-heapify -> origin/codex/1219-rootrun-heapify
stable legacy/public capture	UNKNOWN STEP	2026-10-06T10:05:52.6288463Z  * [new branch]          codex/1220-update-combiner-drain -> origin/codex/1220-update-combiner-drain
stable legacy/public capture	UNKNOWN STEP	2026-10-06T10:05:52.6288963Z  * [new branch]          codex/1221-profile-timed-updates -> origin/codex/1221-profile-timed-updates
stable legacy/public capture	UNKNOWN STEP	2026-10-06T10:05:52.6289515Z  * [new branch]          codex/1222-indexed-async-flush-root-apply -> origin/codex/1222-indexed-async-flush-root-apply
stable legacy/public capture	UNKNOWN STEP	2026-10-06T10:05:52.6290119Z  * [new branch]          codex/1223-optimistic-batch-root-publish -> origin/codex/1223-optimistic-batch-root-publish
stable legacy/public capture	UNKNOWN STEP	2026-10-06T10:05:52.6290738Z  * [new branch]          codex/1242-aggregate-refresh-full-validation -> origin/codex/1242-aggregate-refresh-full-validation
stable legacy/public capture	UNKNOWN STEP	2026-10-06T10:05:52.6291347Z  * [new branch]          codex/1242-aggregate-refresh-validation -> origin/codex/1242-aggregate-refresh-validation
stable legacy/public capture	UNKNOWN STEP	2026-10-06T10:05:52.6291895Z  * [new branch]          codex/1242-batch-shape-measurement -> origin/codex/1242-batch-shape-measurement
stable legacy/public capture	UNKNOWN STEP	2026-10-06T10:05:52.6292457Z  * [new branch]          codex/1242-bench-report-acceptance-pr3b -> origin/codex/1242-bench-report-acceptance-pr3b
stable legacy/public capture	UNKNOWN STEP	2026-10-06T10:05:52.6293065Z  * [new branch]          codex/1242-minima-durable-write-measurement -> origin/codex/1242-minima-durable-write-measurement
stable legacy/public capture	UNKNOWN STEP	2026-10-06T10:05:52.6293645Z  * [new branch]          codex/1242-pr1a-aggregate-guardrails -> origin/codex/1242-pr1a-aggregate-guardrails
stable legacy/public capture	UNKNOWN STEP	2026-10-06T10:05:52.6294308Z  * [new branch]          codex/1242-pr1a-changed-unique-update-drains-pending -> origin/codex/1242-pr1a-changed-unique-update-drains-pending
stable legacy/public capture	UNKNOWN STEP	2026-10-06T10:05:52.6294950Z  * [new branch]          codex/1242-pr1a-checkpoint-boundary -> origin/codex/1242-pr1a-checkpoint-boundary
stable legacy/public capture	UNKNOWN STEP	2026-10-06T10:05:52.6295727Z  * [new branch]          codex/1242-pr1a-close-drains-queued-indexed-unit -> origin/codex/1242-pr1a-close-drains-queued-indexed-unit
stable legacy/public capture	UNKNOWN STEP	2026-10-06T10:05:52.6296436Z  * [new branch]          codex/1242-pr1a-close-waits-active-indexed-publish -> origin/codex/1242-pr1a-close-waits-active-indexed-publish
stable legacy/public capture	UNKNOWN STEP	2026-10-06T10:05:52.6297167Z  * [new branch]          codex/1242-pr1a-flushall-queued-unit -> origin/codex/1242-pr1a-flushall-queued-unit
stable legacy/public capture	UNKNOWN STEP	2026-10-06T10:05:52.6297766Z  * [new branch]          codex/1242-pr1a-indexed-flush-guard-counters -> origin/codex/1242-pr1a-indexed-flush-guard-counters
stable legacy/public capture	UNKNOWN STEP	2026-10-06T10:05:52.6298399Z  * [new branch]          codex/1242-pr1a-indexed-flush-requeue-proof -> origin/codex/1242-pr1a-indexed-flush-requeue-proof
stable legacy/public capture	UNKNOWN STEP	2026-10-06T10:05:52.6299018Z  * [new branch]          codex/1242-pr1a-indexed-flush-root-mismatch -> origin/codex/1242-pr1a-indexed-flush-root-mismatch
stable legacy/public capture	UNKNOWN STEP	2026-10-06T10:05:52.6299616Z  * [new branch]          codex/1242-pr1a-no-index-update-baseline -> origin/codex/1242-pr1a-no-index-update-baseline
stable legacy/public capture	UNKNOWN STEP	2026-10-06T10:05:52.6300177Z  * [new branch]          codex/1242-pr1a-pending-unique-probe -> origin/codex/1242-pr1a-pending-unique-probe
stable legacy/public capture	UNKNOWN STEP	2026-10-06T10:05:52.6300764Z  * [new branch]          codex/1242-pr1a-publishing-ownership-proof -> origin/codex/1242-pr1a-publishing-ownership-proof
stable legacy/public capture	UNKNOWN STEP	2026-10-06T10:05:52.6301326Z  * [new branch]          codex/1242-pr1a-range-visibility -> origin/codex/1242-pr1a-range-visibility
stable legacy/public capture	UNKNOWN STEP	2026-10-06T10:05:52.6301864Z  * [new branch]          codex/1242-pr1b-aggregate-observability -> origin/codex/1242-pr1b-aggregate-observability
stable legacy/public capture	UNKNOWN STEP	2026-10-06T10:05:52.6302411Z  * [new branch]          codex/1242-pr1b-async-flush-counters -> origin/codex/1242-pr1b-async-flush-counters
stable legacy/public capture	UNKNOWN STEP	2026-10-06T10:05:52.6303008Z  * [new branch]          codex/1242-pr1b-benchprof-render-treedb-stats -> origin/codex/1242-pr1b-benchprof-render-treedb-stats
stable legacy/public capture	UNKNOWN STEP	2026-10-06T10:05:52.6303613Z  * [new branch]          codex/1242-pr1b-benchprof-treedb-stats -> origin/codex/1242-pr1b-benchprof-treedb-stats
stable legacy/public capture	UNKNOWN STEP	2026-10-06T10:05:52.6304165Z  * [new branch]          codex/1242-pr1b-collection-counters -> origin/codex/1242-pr1b-collection-counters
stable legacy/public capture	UNKNOWN STEP	2026-10-06T10:05:52.6304621Z  * [new branch]          codex/1242-pr1b-metrics -> origin/codex/1242-pr1b-metrics
stable legacy/public capture	UNKNOWN STEP	2026-10-06T10:05:52.6305279Z  * [new branch]          codex/1242-pr1b-scaling-writer-metrics -> origin/codex/1242-pr1b-scaling-writer-metrics
stable legacy/public capture	UNKNOWN STEP	2026-10-06T10:05:52.6305825Z  * [new branch]          codex/1242-pr1b-scaling-writer-only -> origin/codex/1242-pr1b-scaling-writer-only
stable legacy/public capture	UNKNOWN STEP	2026-10-06T10:05:52.6306337Z  * [new branch]          codex/1242-pr1b-scaling-writers-32 -> origin/codex/1242-pr1b-scaling-writers-32
stable legacy/public capture	UNKNOWN STEP	2026-10-06T10:05:52.6306908Z  * [new branch]          codex/1242-pr1b-unified-selected-root-stats -> origin/codex/1242-pr1b-unified-selected-root-stats
stable legacy/public capture	UNKNOWN STEP	2026-10-06T10:05:52.6307497Z  * [new branch]          codex/1242-pr1b-zero-index-writer-sweep -> origin/codex/1242-pr1b-zero-index-writer-sweep
stable legacy/public capture	UNKNOWN STEP	2026-10-06T10:05:52.6308034Z  * [new branch]          codex/1242-pr2-aggregate-coverage -> origin/codex/1242-pr2-aggregate-coverage
stable legacy/public capture	UNKNOWN STEP	2026-10-06T10:05:52.6308546Z  * [new branch]          codex/1242-pr2-batch-many-unchanged -> origin/codex/1242-pr2-batch-many-unchanged
stable legacy/public capture	UNKNOWN STEP	2026-10-06T10:05:52.6309138Z  * [new branch]          codex/1242-pr2-bson-direct-bool-same-effective -> origin/codex/1242-pr2-bson-direct-bool-same-effective
stable legacy/public capture	UNKNOWN STEP	2026-10-06T10:05:52.6309819Z  * [new branch]          codex/1242-pr2-bson-direct-buffered-unique-skip -> origin/codex/1242-pr2-bson-direct-buffered-unique-skip
stable legacy/public capture	UNKNOWN STEP	2026-10-06T10:05:52.6310502Z  * [new branch]          codex/1242-pr2-bson-direct-double-same-effective -> origin/codex/1242-pr2-bson-direct-double-same-effective
stable legacy/public capture	UNKNOWN STEP	2026-10-06T10:05:52.6311176Z  * [new branch]          codex/1242-pr2-bson-direct-int64-same-effective -> origin/codex/1242-pr2-bson-direct-int64-same-effective
stable legacy/public capture	UNKNOWN STEP	2026-10-06T10:05:52.6311865Z  * [new branch]          codex/1242-pr2-bson-direct-multikey-same-effective -> origin/codex/1242-pr2-bson-direct-multikey-same-effective
stable legacy/public capture	UNKNOWN STEP	2026-10-06T10:05:52.6312514Z  * [new branch]          codex/1242-pr2-bson-direct-one-index-many -> origin/codex/1242-pr2-bson-direct-one-index-many
stable legacy/public capture	UNKNOWN STEP	2026-10-06T10:05:52.6313084Z  * [new branch]          codex/1242-pr2-bson-direct-unique-skip -> origin/codex/1242-pr2-bson-direct-unique-skip
stable legacy/public capture	UNKNOWN STEP	2026-10-06T10:05:52.6313656Z  * [new branch]          codex/1242-pr2-bson-extraction-unchanged -> origin/codex/1242-pr2-bson-extraction-unchanged
stable legacy/public capture	UNKNOWN STEP	2026-10-06T10:05:52.6314288Z  * [new branch]          codex/1242-pr2-bson-id-rejection -> origin/codex/1242-pr2-bson-id-rejection
stable legacy/public capture	UNKNOWN STEP	2026-10-06T10:05:52.6314876Z  * [new branch]          codex/1242-pr2-bson-null-missing-minimization -> origin/codex/1242-pr2-bson-null-missing-minimization
stable legacy/public capture	UNKNOWN STEP	2026-10-06T10:05:52.6315585Z  * [new branch]          codex/1242-pr2-bson-replace-id-rejection -> origin/codex/1242-pr2-bson-replace-id-rejection
stable legacy/public capture	UNKNOWN STEP	2026-10-06T10:05:52.6316251Z  * [new branch]          codex/1242-pr2-bson-updatebatch-bool-same-effective -> origin/codex/1242-pr2-bson-updatebatch-bool-same-effective
stable legacy/public capture	UNKNOWN STEP	2026-10-06T10:05:52.6317001Z  * [new branch]          codex/1242-pr2-bson-updatebatch-double-same-effective -> origin/codex/1242-pr2-bson-updatebatch-double-same-effective
stable legacy/public capture	UNKNOWN STEP	2026-10-06T10:05:52.6317752Z  * [new branch]          codex/1242-pr2-bson-updatebatch-int64-same-effective -> origin/codex/1242-pr2-bson-updatebatch-int64-same-effective
stable legacy/public capture	UNKNOWN STEP	2026-10-06T10:05:52.6318462Z  * [new branch]          codex/1242-pr2-bson-updatebatch-many-unchanged -> origin/codex/1242-pr2-bson-updatebatch-many-unchanged
stable legacy/public capture	UNKNOWN STEP	2026-10-06T10:05:52.6319117Z  * [new branch]          codex/1242-pr2-bson-updatebatch-minimization -> origin/codex/1242-pr2-bson-updatebatch-minimization
stable legacy/public capture	UNKNOWN STEP	2026-10-06T10:05:52.6319854Z  * [new branch]          codex/1242-pr2-bson-updatebatch-multikey-same-effective -> origin/codex/1242-pr2-bson-updatebatch-multikey-same-effective
stable legacy/public capture	UNKNOWN STEP	2026-10-06T10:05:52.6320595Z  * [new branch]          codex/1242-pr2-bson-updatebatch-null-minimization -> origin/codex/1242-pr2-bson-updatebatch-null-minimization
stable legacy/public capture	UNKNOWN STEP	2026-10-06T10:05:52.6321275Z  * [new branch]          codex/1242-pr2-bson-updatebatch-one-index-many -> origin/codex/1242-pr2-bson-updatebatch-one-index-many
stable legacy/public capture	UNKNOWN STEP	2026-10-06T10:05:52.6321913Z  * [new branch]          codex/1242-pr2-bson-updatebatch-unique-skip -> origin/codex/1242-pr2-bson-updatebatch-unique-skip
stable legacy/public capture	UNKNOWN STEP	2026-10-06T10:05:52.6322657Z  * [new branch]          codex/1242-pr2-direct-buffered-negative-tests -> origin/codex/1242-pr2-direct-buffered-negative-tests
stable legacy/public capture	UNKNOWN STEP	2026-10-06T10:05:52.6323364Z  * [new branch]          codex/1242-pr2-direct-index-minimization-beyond-mask -> origin/codex/1242-pr2-direct-index-minimization-beyond-mask
stable legacy/public capture	UNKNOWN STEP	2026-10-06T10:05:52.6324055Z  * [new branch]          codex/1242-pr2-direct-int64-same-effective -> origin/codex/1242-pr2-direct-int64-same-effective
stable legacy/public capture	UNKNOWN STEP	2026-10-06T10:05:52.6324676Z  * [new branch]          codex/1242-pr2-direct-many-index-unique-skip -> origin/codex/1242-pr2-direct-many-index-unique-skip
stable legacy/public capture	UNKNOWN STEP	2026-10-06T10:05:52.6325402Z  * [new branch]          codex/1242-pr2-direct-many-indexes -> origin/codex/1242-pr2-direct-many-indexes
stable legacy/public capture	UNKNOWN STEP	2026-10-06T10:05:52.6325922Z  * [new branch]          codex/1242-pr2-direct-update-stats -> origin/codex/1242-pr2-direct-update-stats
stable legacy/public capture	UNKNOWN STEP	2026-10-06T10:05:52.6326485Z  * [new branch]          codex/1242-pr2-fast-mask-fallback-counter -> origin/codex/1242-pr2-fast-mask-fallback-counter
stable legacy/public capture	UNKNOWN STEP	2026-10-06T10:05:52.6327074Z  * [new branch]          codex/1242-pr2-index-minimization-tests -> origin/codex/1242-pr2-index-minimization-tests
stable legacy/public capture	UNKNOWN STEP	2026-10-06T10:05:52.6327710Z  * [new branch]          codex/1242-pr2-json-direct-bool-same-effective -> origin/codex/1242-pr2-json-direct-bool-same-effective
stable legacy/public capture	UNKNOWN STEP	2026-10-06T10:05:52.6328389Z  * [new branch]          codex/1242-pr2-json-direct-double-same-effective -> origin/codex/1242-pr2-json-direct-double-same-effective
stable legacy/public capture	UNKNOWN STEP	2026-10-06T10:05:52.6329010Z  * [new branch]          codex/1242-pr2-json-direct-unique-skip -> origin/codex/1242-pr2-json-direct-unique-skip
stable legacy/public capture	UNKNOWN STEP	2026-10-06T10:05:52.6329592Z  * [new branch]          codex/1242-pr2-json-multikey-minimization -> origin/codex/1242-pr2-json-multikey-minimization
stable legacy/public capture	UNKNOWN STEP	2026-10-06T10:05:52.6330219Z  * [new branch]          codex/1242-pr2-json-null-missing-minimization -> origin/codex/1242-pr2-json-null-missing-minimization
stable legacy/public capture	UNKNOWN STEP	2026-10-06T10:05:52.6330915Z  * [new branch]          codex/1242-pr2-json-updatebatch-bool-same-effective -> origin/codex/1242-pr2-json-updatebatch-bool-same-effective
stable legacy/public capture	UNKNOWN STEP	2026-10-06T10:05:52.6331773Z  * [new branch]          codex/1242-pr2-json-updatebatch-double-same-effective -> origin/codex/1242-pr2-json-updatebatch-double-same-effective
stable legacy/public capture	UNKNOWN STEP	2026-10-06T10:05:52.6332543Z  * [new branch]          codex/1242-pr2-json-updatebatch-multikey-minimization -> origin/codex/1242-pr2-json-updatebatch-multikey-minimization
stable legacy/public capture	UNKNOWN STEP	2026-10-06T10:05:52.6333277Z  * [new branch]          codex/1242-pr2-json-updatebatch-null-minimization -> origin/codex/1242-pr2-json-updatebatch-null-minimization
stable legacy/public capture	UNKNOWN STEP	2026-10-06T10:05:52.6333946Z  * [new branch]          codex/1242-pr2-json-updatebatch-unique-skip -> origin/codex/1242-pr2-json-updatebatch-unique-skip
stable legacy/public capture	UNKNOWN STEP	2026-10-06T10:05:52.6334559Z  * [new branch]          codex/1242-pr2-replace-root-minimization -> origin/codex/1242-pr2-replace-root-minimization
stable legacy/public capture	UNKNOWN STEP	2026-10-06T10:05:52.6335375Z  * [new branch]          codex/1242-pr2-template-v1-direct-bool-same-effective -> origin/codex/1242-pr2-template-v1-direct-bool-same-effective
stable legacy/public capture	UNKNOWN STEP	2026-10-06T10:05:52.6336261Z  * [new branch]          codex/1242-pr2-template-v1-direct-double-same-effective -> origin/codex/1242-pr2-template-v1-direct-double-same-effective
stable legacy/public capture	UNKNOWN STEP	2026-10-06T10:05:52.6337031Z  * [new branch]          codex/1242-pr2-template-v1-direct-int64-same-effective -> origin/codex/1242-pr2-template-v1-direct-int64-same-effective
stable legacy/public capture	UNKNOWN STEP	2026-10-06T10:05:52.6337748Z  * [new branch]          codex/1242-pr2-template-v1-direct-one-index-many -> origin/codex/1242-pr2-template-v1-direct-one-index-many
stable legacy/public capture	UNKNOWN STEP	2026-10-06T10:05:52.6338432Z  * [new branch]          codex/1242-pr2-template-v1-direct-unique-skip -> origin/codex/1242-pr2-template-v1-direct-unique-skip
stable legacy/public capture	UNKNOWN STEP	2026-10-06T10:05:52.6339212Z  * [new branch]          codex/1242-pr2-template-v1-minimization -> origin/codex/1242-pr2-template-v1-minimization
stable legacy/public capture	UNKNOWN STEP	2026-10-06T10:05:52.6339961Z  * [new branch]          codex/1242-pr2-template-v1-multikey-minimization -> origin/codex/1242-pr2-template-v1-multikey-minimization
stable legacy/public capture	UNKNOWN STEP	2026-10-06T10:05:52.6340770Z  * [new branch]          codex/1242-pr2-template-v1-null-minimization -> origin/codex/1242-pr2-template-v1-null-minimization
stable legacy/public capture	UNKNOWN STEP	2026-10-06T10:05:52.6341413Z  * [new branch]          codex/1242-pr2-template-v1-template-only-skip -> origin/codex/1242-pr2-template-v1-template-only-skip
stable legacy/public capture	UNKNOWN STEP	2026-10-06T10:05:52.6342152Z  * [new branch]          codex/1242-pr2-template-v1-updatebatch-bool-same-effective -> origin/codex/1242-pr2-template-v1-updatebatch-bool-same-effective
stable legacy/public capture	UNKNOWN STEP	2026-10-06T10:05:52.6342989Z  * [new branch]          codex/1242-pr2-template-v1-updatebatch-double-same-effective -> origin/codex/1242-pr2-template-v1-updatebatch-double-same-effective
stable legacy/public capture	UNKNOWN STEP	2026-10-06T10:05:52.6343852Z  * [new branch]          codex/1242-pr2-template-v1-updatebatch-int64-same-effective -> origin/codex/1242-pr2-template-v1-updatebatch-int64-same-effective
stable legacy/public capture	UNKNOWN STEP	2026-10-06T10:05:52.6344788Z  * [new branch]          codex/1242-pr2-template-v1-updatebatch-many-unchanged -> origin/codex/1242-pr2-template-v1-updatebatch-many-unchanged
stable legacy/public capture	UNKNOWN STEP	2026-10-06T10:05:52.6345692Z  * [new branch]          codex/1242-pr2-template-v1-updatebatch-minimization -> origin/codex/1242-pr2-template-v1-updatebatch-minimization
stable legacy/public capture	UNKNOWN STEP	2026-10-06T10:05:52.6346482Z  * [new branch]          codex/1242-pr2-template-v1-updatebatch-multikey-minimization -> origin/codex/1242-pr2-template-v1-updatebatch-multikey-minimization
stable legacy/public capture	UNKNOWN STEP	2026-10-06T10:05:52.6347297Z  * [new branch]          codex/1242-pr2-template-v1-updatebatch-null-minimization -> origin/codex/1242-pr2-template-v1-updatebatch-null-minimization
stable legacy/public capture	UNKNOWN STEP	2026-10-06T10:05:52.6348057Z  * [new branch]          codex/1242-pr2-template-v1-updatebatch-one-index-many -> origin/codex/1242-pr2-template-v1-updatebatch-one-index-many
stable legacy/public capture	UNKNOWN STEP	2026-10-06T10:05:52.6348774Z  * [new branch]          codex/1242-pr2-template-v1-updatebatch-unique-skip -> origin/codex/1242-pr2-template-v1-updatebatch-unique-skip
stable legacy/public capture	UNKNOWN STEP	2026-10-06T10:05:52.6349394Z  * [new branch]          codex/1242-pr2-unique-handoff-proof -> origin/codex/1242-pr2-unique-handoff-proof
stable legacy/public capture	UNKNOWN STEP	2026-10-06T10:05:52.6349989Z  * [new branch]          codex/1242-pr2-updatebatch-int64-same-effective -> origin/codex/1242-pr2-updatebatch-int64-same-effective
stable legacy/public capture	UNKNOWN STEP	2026-10-06T10:05:52.6350808Z  * [new branch]          codex/1242-pr2-updatebatch-one-index-many -> origin/codex/1242-pr2-updatebatch-one-index-many
stable legacy/public capture	UNKNOWN STEP	2026-10-06T10:05:52.6351393Z  * [new branch]          codex/1242-pr2b-noindex-strategy-pin -> origin/codex/1242-pr2b-noindex-strategy-pin
stable legacy/public capture	UNKNOWN STEP	2026-10-06T10:05:52.6351992Z  * [new branch]          codex/1242-pr3a-indexed-coordinator-lifecycle -> origin/codex/1242-pr3a-indexed-coordinator-lifecycle
stable legacy/public capture	UNKNOWN STEP	2026-10-06T10:05:52.6352662Z  * [new branch]          codex/1242-pr3b-effective-secondary-coalescing -> origin/codex/1242-pr3b-effective-secondary-coalescing
stable legacy/public capture	UNKNOWN STEP	2026-10-06T10:05:52.6353315Z  * [new branch]          codex/1242-pr3b-semantic-checkpoint-shallow -> origin/codex/1242-pr3b-semantic-checkpoint-shallow
stable legacy/public capture	UNKNOWN STEP	2026-10-06T10:05:52.6353893Z  * [new branch]          codex/1242-pr3b-semantic-delta-arena -> origin/codex/1242-pr3b-semantic-delta-arena
stable legacy/public capture	UNKNOWN STEP	2026-10-06T10:05:52.6354439Z  * [new branch]          codex/1242-pr3b-semantic-raw-material -> origin/codex/1242-pr3b-semantic-raw-material
stable legacy/public capture	UNKNOWN STEP	2026-10-06T10:05:52.6355016Z  * [new branch]          codex/1242-pr3b-semantic-record-allocation -> origin/codex/1242-pr3b-semantic-record-allocation
stable legacy/public capture	UNKNOWN STEP	2026-10-06T10:05:52.6355742Z  * [new branch]          codex/1242-pr3b-semantic-value-diff-fastpath -> origin/codex/1242-pr3b-semantic-value-diff-fastpath
stable legacy/public capture	UNKNOWN STEP	2026-10-06T10:05:52.6356390Z  * [new branch]          codex/1242-pr3c-indexed-publish-preflight -> origin/codex/1242-pr3c-indexed-publish-preflight
stable legacy/public capture	UNKNOWN STEP	2026-10-06T10:05:52.6356976Z  * [new branch]          codex/1242-pr4a-engine-install-guard -> origin/codex/1242-pr4a-engine-install-guard
stable legacy/public capture	UNKNOWN STEP	2026-10-06T10:05:52.6357540Z  * [new branch]          codex/1242-pr4a-prepared-root-metadata -> origin/codex/1242-pr4a-prepared-root-metadata
stable legacy/public capture	UNKNOWN STEP	2026-10-06T10:05:52.6358086Z  * [new branch]          codex/1242-pr4b-ordered-apply-result -> origin/codex/1242-pr4b-ordered-apply-result
stable legacy/public capture	UNKNOWN STEP	2026-10-06T10:05:52.6358755Z  * [new branch]          codex/1242-pr4b-readonly-zipper-prepare -> origin/codex/1242-pr4b-readonly-zipper-prepare
stable legacy/public capture	UNKNOWN STEP	2026-10-06T10:05:52.6359346Z  * [new branch]          codex/1242-pr5a-prepared-output-tracker -> origin/codex/1242-pr5a-prepared-output-tracker
stable legacy/public capture	UNKNOWN STEP	2026-10-06T10:05:52.6359905Z  * [new branch]          codex/1242-pr5b-prepared-side-output -> origin/codex/1242-pr5b-prepared-side-output
stable legacy/public capture	UNKNOWN STEP	2026-10-06T10:05:52.6360458Z  * [new branch]          codex/1242-pr5c-prepared-output-stats -> origin/codex/1242-pr5c-prepared-output-stats
stable legacy/public capture	UNKNOWN STEP	2026-10-06T10:05:52.6360962Z  * [new branch]          codex/1242-pr6a-leaf-span-plan -> origin/codex/1242-pr6a-leaf-span-plan
stable legacy/public capture	UNKNOWN STEP	2026-10-06T10:05:52.6361408Z  * [new branch]          codex/1242-pr6b-apply-bench -> origin/codex/1242-pr6b-apply-bench
stable legacy/public capture	UNKNOWN STEP	2026-10-06T10:05:52.6361875Z  * [new branch]          codex/1242-pr6b-leaf-span-summary -> origin/codex/1242-pr6b-leaf-span-summary
stable legacy/public capture	UNKNOWN STEP	2026-10-06T10:05:52.6362350Z  * [new branch]          codex/1242-pr6b-leafspan-bench -> origin/codex/1242-pr6b-leafspan-bench
stable legacy/public capture	UNKNOWN STEP	2026-10-06T10:05:52.6362906Z  * [new branch]          codex/1242-pr6b-sparse-parallel-apply-next -> origin/codex/1242-pr6b-sparse-parallel-apply-next
stable legacy/public capture	UNKNOWN STEP	2026-10-06T10:05:52.6363735Z  * [new branch]          codex/1242-pr6c-leaf-span-workers -> origin/codex/1242-pr6c-leaf-span-workers
stable legacy/public capture	UNKNOWN STEP	2026-10-06T10:05:52.6364551Z  * [new branch]          codex/1242-pr6d-apply-readonly-prepare -> origin/codex/1242-pr6d-apply-readonly-prepare
stable legacy/public capture	UNKNOWN STEP	2026-10-06T10:05:52.6365342Z  * [new branch]          codex/1242-pr6e-ordered-readonly-prepare-stats -> origin/codex/1242-pr6e-ordered-readonly-prepare-stats
stable legacy/public capture	UNKNOWN STEP	2026-10-06T10:05:52.6366018Z  * [new branch]          codex/1242-pr6f-ordered-readonly-prepare-reuse -> origin/codex/1242-pr6f-ordered-readonly-prepare-reuse
stable legacy/public capture	UNKNOWN STEP	2026-10-06T10:05:52.6366759Z  * [new branch]          codex/1242-pr6g-readonly-worker-stats -> origin/codex/1242-pr6g-readonly-worker-stats
stable legacy/public capture	UNKNOWN STEP	2026-10-06T10:05:52.6367486Z  * [new branch]          codex/1242-pr6h-collection-readonly-prepare -> origin/codex/1242-pr6h-collection-readonly-prepare
stable legacy/public capture	UNKNOWN STEP	2026-10-06T10:05:52.6368525Z  * [new branch]          codex/1242-pr6i-readonly-prepare-reporting -> origin/codex/1242-pr6i-readonly-prepare-reporting
stable legacy/public capture	UNKNOWN STEP	2026-10-06T10:05:52.6369180Z  * [new branch]          codex/1242-pr6j-collection-readonly-reuse -> origin/codex/1242-pr6j-collection-readonly-reuse
stable legacy/public capture	UNKNOWN STEP	2026-10-06T10:05:52.6369758Z  * [new branch]          codex/1242-pr6k-readonly-prepare-docs -> origin/codex/1242-pr6k-readonly-prepare-docs
stable legacy/public capture	UNKNOWN STEP	2026-10-06T10:05:52.6370353Z  * [new branch]          codex/1242-pr6l-readonly-prepare-benchmarks -> origin/codex/1242-pr6l-readonly-prepare-benchmarks
stable legacy/public capture	UNKNOWN STEP	2026-10-06T10:05:52.6370985Z  * [new branch]          codex/1242-pr6m-readonly-prepare-apply-split -> origin/codex/1242-pr6m-readonly-prepare-apply-split
stable legacy/public capture	UNKNOWN STEP	2026-10-06T10:05:52.6371680Z  * [new branch]          codex/1242-pr6n-readonly-prepare-pool -> origin/codex/1242-pr6n-readonly-prepare-pool
stable legacy/public capture	UNKNOWN STEP	2026-10-06T10:05:52.6372292Z  * [new branch]          codex/1242-pr6o-internal-parallel-stats -> origin/codex/1242-pr6o-internal-parallel-stats
stable legacy/public capture	UNKNOWN STEP	2026-10-06T10:05:52.6372909Z  * [new branch]          codex/1242-pr6p-internal-parallel-worker-cap -> origin/codex/1242-pr6p-internal-parallel-worker-cap
stable legacy/public capture	UNKNOWN STEP	2026-10-06T10:05:52.6373531Z  * [new branch]          codex/1242-pr6q-pregrow-parallel-retired -> origin/codex/1242-pr6q-pregrow-parallel-retired
stable legacy/public capture	UNKNOWN STEP	2026-10-06T10:05:52.6374088Z  * [new branch]          codex/1242-pr6r-builder-fence-reuse -> origin/codex/1242-pr6r-builder-fence-reuse
stable legacy/public capture	UNKNOWN STEP	2026-10-06T10:05:52.6374581Z  * [new branch]          codex/1242-pr6s-childwork-pool -> origin/codex/1242-pr6s-childwork-pool
stable legacy/public capture	UNKNOWN STEP	2026-10-06T10:05:52.6375109Z  * [new branch]          codex/1242-raw-treedb-smoke-gate-script -> origin/codex/1242-raw-treedb-smoke-gate-script
stable legacy/public capture	UNKNOWN STEP	2026-10-06T10:05:52.6375837Z  * [new branch]          codex/1242-round2-synthesis-doc -> origin/codex/1242-round2-synthesis-doc
stable legacy/public capture	UNKNOWN STEP	2026-10-06T10:05:52.6376319Z  * [new branch]          codex/1242-typed-group-contract -> origin/codex/1242-typed-group-contract
stable legacy/public capture	UNKNOWN STEP	2026-10-06T10:05:52.6376913Z  * [new branch]          codex/1242-typed-group-product -> origin/codex/1242-typed-group-product
stable legacy/public capture	UNKNOWN STEP	2026-10-06T10:05:52.6377458Z  * [new branch]          codex/1332-primary-only-noindex-writeback -> origin/codex/1332-primary-only-noindex-writeback
stable legacy/public capture	UNKNOWN STEP	2026-10-06T10:05:52.6378005Z  * [new branch]          codex/1473-1493-compass-closeout -> origin/codex/1473-1493-compass-closeout
stable legacy/public capture	UNKNOWN STEP	2026-10-06T10:05:52.6378688Z  * [new branch]          codex/1714-holder-segment-leases -> origin/codex/1714-holder-segment-leases
stable legacy/public capture	UNKNOWN STEP	2026-10-06T10:05:52.6379400Z  * [new branch]          codex/1714-row-index-residency -> origin/codex/1714-row-index-residency
stable legacy/public capture	UNKNOWN STEP	2026-10-06T10:05:52.6380177Z  * [new branch]          codex/1740-command-wal-profile-names -> origin/codex/1740-command-wal-profile-names
stable legacy/public capture	UNKNOWN STEP	2026-10-06T10:05:52.6380980Z  * [new branch]          codex/2026-catalog-fault-injection-next -> origin/codex/2026-catalog-fault-injection-next
stable legacy/public capture	UNKNOWN STEP	2026-10-06T10:05:52.6381550Z  * [new branch]          codex/2026-current-head-ycsb-20260630 -> origin/codex/2026-current-head-ycsb-20260630
stable legacy/public capture	UNKNOWN STEP	2026-10-06T10:05:52.6382070Z  * [new branch]          codex/2026-final-closeout-docs -> origin/codex/2026-final-closeout-docs
stable legacy/public capture	UNKNOWN STEP	2026-10-06T10:05:52.6382571Z  * [new branch]          codex/2026-system-root-vlog-probe -> origin/codex/2026-system-root-vlog-probe
stable legacy/public capture	UNKNOWN STEP	2026-10-06T10:05:52.6383123Z  * [new branch]          codex/2026-system-root-vlog-probe-clean -> origin/codex/2026-system-root-vlog-probe-clean
stable legacy/public capture	UNKNOWN STEP	2026-10-06T10:05:52.6383614Z  * [new branch]          codex/2026-ycsb-closeout -> origin/codex/2026-ycsb-closeout
stable legacy/public capture	UNKNOWN STEP	2026-10-06T10:05:52.6384095Z  * [new branch]          codex/2073-two-phase-insert-planning -> origin/codex/2073-two-phase-insert-planning
stable legacy/public capture	UNKNOWN STEP	2026-10-06T10:05:52.6384626Z  * [new branch]          codex/2085-response-meta-parser -> origin/codex/2085-response-meta-parser
stable legacy/public capture	UNKNOWN STEP	2026-10-06T10:05:52.6385082Z  * [new branch]          codex/2086-omit-result-ids -> origin/codex/2086-omit-result-ids
stable legacy/public capture	UNKNOWN STEP	2026-10-06T10:05:52.6385704Z  * [new branch]          codex/2087-single-doc-direct-buffered -> origin/codex/2087-single-doc-direct-buffered
stable legacy/public capture	UNKNOWN STEP	2026-10-06T10:05:52.6386416Z  * [new branch]          codex/2095-nativewire-insert-combiner -> origin/codex/2095-nativewire-insert-combiner
stable legacy/public capture	UNKNOWN STEP	2026-10-06T10:05:52.6386997Z  * [new branch]          codex/2095-nativewire-insert-combiner-v2 -> origin/codex/2095-nativewire-insert-combiner-v2
stable legacy/public capture	UNKNOWN STEP	2026-10-06T10:05:52.6387545Z  * [new branch]          codex/2097-ycsb-insert-next-round -> origin/codex/2097-ycsb-insert-next-round
stable legacy/public capture	UNKNOWN STEP	2026-10-06T10:05:52.6388079Z  * [new branch]          codex/2118-column-store-accounting-api -> origin/codex/2118-column-store-accounting-api
stable legacy/public capture	UNKNOWN STEP	2026-10-06T10:05:52.6388676Z  * [new branch]          codex/2138-command-wal-ycsb-profile-bench -> origin/codex/2138-command-wal-ycsb-profile-bench
stable legacy/public capture	UNKNOWN STEP	2026-10-06T10:05:52.6389242Z  * [new branch]          codex/2146-command-wal-profile-docs -> origin/codex/2146-command-wal-profile-docs
stable legacy/public capture	UNKNOWN STEP	2026-10-06T10:05:52.6389754Z  * [new branch]          codex/2147-strict-public-profiles -> origin/codex/2147-strict-public-profiles
stable legacy/public capture	UNKNOWN STEP	2026-10-06T10:05:52.6390313Z  * [new branch]          codex/2148-profile-test-harness-migration -> origin/codex/2148-profile-test-harness-migration
stable legacy/public capture	UNKNOWN STEP	2026-10-06T10:05:52.6390904Z  * [new branch]          codex/2149-command-wal-write-path-audit -> origin/codex/2149-command-wal-write-path-audit
stable legacy/public capture	UNKNOWN STEP	2026-10-06T10:05:52.6391454Z  * [new branch]          codex/2150-profile-api-reachability -> origin/codex/2150-profile-api-reachability
stable legacy/public capture	UNKNOWN STEP	2026-10-06T10:05:52.6391999Z  * [new branch]          codex/2151-profile-closeout-evidence -> origin/codex/2151-profile-closeout-evidence
stable legacy/public capture	UNKNOWN STEP	2026-10-06T10:05:52.6392544Z  * [new branch]          codex/2165-nullable-full-data-columns -> origin/codex/2165-nullable-full-data-columns
stable legacy/public capture	UNKNOWN STEP	2026-10-06T10:05:52.6393093Z  * [new branch]          codex/2174-nativewire-bson-set-update -> origin/codex/2174-nativewire-bson-set-update
stable legacy/public capture	UNKNOWN STEP	2026-10-06T10:05:52.6393621Z  * [new branch]          codex/2175-update-bsonset-fastpath -> origin/codex/2175-update-bsonset-fastpath
stable legacy/public capture	UNKNOWN STEP	2026-10-06T10:05:52.6394164Z  * [new branch]          codex/2176-commandwal-bson-set-combiner -> origin/codex/2176-commandwal-bson-set-combiner
stable legacy/public capture	UNKNOWN STEP	2026-10-06T10:05:52.6394829Z  * [new branch]          codex/2177-bson-update-lock-boundary -> origin/codex/2177-bson-update-lock-boundary
stable legacy/public capture	UNKNOWN STEP	2026-10-06T10:05:52.6395634Z  * [new branch]          codex/2187-mutable-threshold-pressure-cache -> origin/codex/2187-mutable-threshold-pressure-cache
stable legacy/public capture	UNKNOWN STEP	2026-10-06T10:05:52.6396225Z  * [new branch]          codex/2320-insert-publish-root -> origin/codex/2320-insert-publish-root
stable legacy/public capture	UNKNOWN STEP	2026-10-06T10:05:52.6396704Z  * [new branch]          codex/2359-clickhouse-class-map -> origin/codex/2359-clickhouse-class-map
stable legacy/public capture	UNKNOWN STEP	2026-10-06T10:05:52.6397202Z  * [new branch]          codex/2359-clickhouse-class-map-v2 -> origin/codex/2359-clickhouse-class-map-v2
stable legacy/public capture	UNKNOWN STEP	2026-10-06T10:05:52.6397685Z  * [new branch]          codex/2395-retained-remainder -> origin/codex/2395-retained-remainder
stable legacy/public capture	UNKNOWN STEP	2026-10-06T10:05:52.6398172Z  * [new branch]          codex/2396-dict-locator-compaction -> origin/codex/2396-dict-locator-compaction
stable legacy/public capture	UNKNOWN STEP	2026-10-06T10:05:52.6398713Z  * [new branch]          codex/2435-compact-outerleaf-scratch -> origin/codex/2435-compact-outerleaf-scratch
stable legacy/public capture	UNKNOWN STEP	2026-10-06T10:05:52.6399291Z  * [new branch]          codex/2437-memtable-flush-alloc-pressure -> origin/codex/2437-memtable-flush-alloc-pressure
stable legacy/public capture	UNKNOWN STEP	2026-10-06T10:05:52.6399869Z  * [new branch]          codex/2662-retained-block-compression -> origin/codex/2662-retained-block-compression
stable legacy/public capture	UNKNOWN STEP	2026-10-06T10:05:52.6400389Z  * [new branch]          codex/2662-retained-family-audit -> origin/codex/2662-retained-family-audit
stable legacy/public capture	UNKNOWN STEP	2026-10-06T10:05:52.6400872Z  * [new branch]          codex/2662-retained-layout-audit -> origin/codex/2662-retained-layout-audit
stable legacy/public capture	UNKNOWN STEP	2026-10-06T10:05:52.6401451Z  * [new branch]          codex/2662-retained-semantic-block-compression -> origin/codex/2662-retained-semantic-block-compression
stable legacy/public capture	UNKNOWN STEP	2026-10-06T10:05:52.6402096Z  * [new branch]          codex/2662-retained-semantic-stream-oracle -> origin/codex/2662-retained-semantic-stream-oracle
stable legacy/public capture	UNKNOWN STEP	2026-10-06T10:05:52.6402689Z  * [new branch]          codex/2662-retained-semantic-stream-v1 -> origin/codex/2662-retained-semantic-stream-v1
stable legacy/public capture	UNKNOWN STEP	2026-10-06T10:05:52.6403324Z  * [new branch]          codex/2662-retained-shape-audit -> origin/codex/2662-retained-shape-audit
stable legacy/public capture	UNKNOWN STEP	2026-10-06T10:05:52.6403801Z  * [new branch]          codex/2663-dense-row-id-assets -> origin/codex/2663-dense-row-id-assets
stable legacy/public capture	UNKNOWN STEP	2026-10-06T10:05:52.6404238Z  * [new branch]          codex/2663-row-asset-audit -> origin/codex/2663-row-asset-audit
stable legacy/public capture	UNKNOWN STEP	2026-10-06T10:05:52.6404744Z  * [new branch]          codex/2663-typed-column-part-internals -> origin/codex/2663-typed-column-part-internals
stable legacy/public capture	UNKNOWN STEP	2026-10-06T10:05:52.6405424Z  * [new branch]          codex/2663-typed-column-zstd -> origin/codex/2663-typed-column-zstd
stable legacy/public capture	UNKNOWN STEP	2026-10-06T10:05:52.6405902Z  * [new branch]          codex/2665-compact-storage-flake -> origin/codex/2665-compact-storage-flake
stable legacy/public capture	UNKNOWN STEP	2026-10-06T10:05:52.6406394Z  * [new branch]          codex/2680-clickhouse-part-audit -> origin/codex/2680-clickhouse-part-audit
stable legacy/public capture	UNKNOWN STEP	2026-10-06T10:05:52.6406901Z  * [new branch]          codex/2734-text-v2-hardening-main -> origin/codex/2734-text-v2-hardening-main
stable legacy/public capture	UNKNOWN STEP	2026-10-06T10:05:52.6407365Z  * [new branch]          codex/2744-parallel-flush-m0 -> origin/codex/2744-parallel-flush-m0
stable legacy/public capture	UNKNOWN STEP	2026-10-06T10:05:52.6407799Z  * [new branch]          codex/2745-parallel-flush-m1 -> origin/codex/2745-parallel-flush-m1
stable legacy/public capture	UNKNOWN STEP	2026-10-06T10:05:52.6408229Z  * [new branch]          codex/2746-parallel-flush-m2 -> origin/codex/2746-parallel-flush-m2
stable legacy/public capture	UNKNOWN STEP	2026-10-06T10:05:52.6408658Z  * [new branch]          codex/2747-parallel-flush-m3 -> origin/codex/2747-parallel-flush-m3
stable legacy/public capture	UNKNOWN STEP	2026-10-06T10:05:52.6409094Z  * [new branch]          codex/2748-parallel-flush-m4 -> origin/codex/2748-parallel-flush-m4
stable legacy/public capture	UNKNOWN STEP	2026-10-06T10:05:52.6409529Z  * [new branch]          codex/2749-parallel-flush-m5 -> origin/codex/2749-parallel-flush-m5
stable legacy/public capture	UNKNOWN STEP	2026-10-06T10:05:52.6409965Z  * [new branch]          codex/2757-parallel-flush-m6 -> origin/codex/2757-parallel-flush-m6
stable legacy/public capture	UNKNOWN STEP	2026-10-06T10:05:52.6410385Z  * [new branch]          codex/2760-parallel-flush-m7 -> origin/codex/2760-parallel-flush-m7
stable legacy/public capture	UNKNOWN STEP	2026-10-06T10:05:52.6410939Z  * [new branch]          codex/2801-command-wal-bounds -> origin/codex/2801-command-wal-bounds
stable legacy/public capture	UNKNOWN STEP	2026-10-06T10:05:52.6411378Z  * [new branch]          codex/2821-production-stats -> origin/codex/2821-production-stats
stable legacy/public capture	UNKNOWN STEP	2026-10-06T10:05:52.6411838Z  * [new branch]          codex/2842-scalar-u8-alpha-config -> origin/codex/2842-scalar-u8-alpha-config
stable legacy/public capture	UNKNOWN STEP	2026-10-06T10:05:52.6412327Z  * [new branch]          codex/2843-scalar-u8-alpha-assets -> origin/codex/2843-scalar-u8-alpha-assets
stable legacy/public capture	UNKNOWN STEP	2026-10-06T10:05:52.6412823Z  * [new branch]          codex/2844-scalar-u8-alpha-scoring -> origin/codex/2844-scalar-u8-alpha-scoring
stable legacy/public capture	UNKNOWN STEP	2026-10-06T10:05:52.6413373Z  * [new branch]          codex/2845-scalar-u8-alpha-default-gate -> origin/codex/2845-scalar-u8-alpha-default-gate
stable legacy/public capture	UNKNOWN STEP	2026-10-06T10:05:52.6413874Z  * [new branch]          codex/2878-q45-plan-alignment -> origin/codex/2878-q45-plan-alignment
stable legacy/public capture	UNKNOWN STEP	2026-10-06T10:05:52.6414322Z  * [new branch]          codex/2880-q2-grouped-distinct -> origin/codex/2880-q2-grouped-distinct
stable legacy/public capture	UNKNOWN STEP	2026-10-06T10:05:52.6414737Z  * [new branch]          codex/2895-q2-dense     -> origin/codex/2895-q2-dense
stable legacy/public capture	UNKNOWN STEP	2026-10-06T10:05:52.6415315Z  * [new branch]          codex/2998-canonical-report-completion -> origin/codex/2998-canonical-report-completion
stable legacy/public capture	UNKNOWN STEP	2026-10-06T10:05:52.6415894Z  * [new branch]          codex/3021-ordered-root-classification -> origin/codex/3021-ordered-root-classification
stable legacy/public capture	UNKNOWN STEP	2026-10-06T10:05:52.6416446Z  * [new branch]          codex/3022-ordered-root-observability -> origin/codex/3022-ordered-root-observability
stable legacy/public capture	UNKNOWN STEP	2026-10-06T10:05:52.6417006Z  * [new branch]          codex/3023-ordered-root-edge-semantics -> origin/codex/3023-ordered-root-edge-semantics
stable legacy/public capture	UNKNOWN STEP	2026-10-06T10:05:52.6417596Z  * [new branch]          codex/3024-ordered-root-production-enable -> origin/codex/3024-ordered-root-production-enable
stable legacy/public capture	UNKNOWN STEP	2026-10-06T10:05:52.6418195Z  * [new branch]          codex/3025-production-evidence-plumbing -> origin/codex/3025-production-evidence-plumbing
stable legacy/public capture	UNKNOWN STEP	2026-10-06T10:05:52.6418719Z  * [new branch]          codex/3027-mongo-load-metadata -> origin/codex/3027-mongo-load-metadata
stable legacy/public capture	UNKNOWN STEP	2026-10-06T10:05:52.6419309Z  * [new branch]          codex/3028-mongo-load-scaling -> origin/codex/3028-mongo-load-scaling
stable legacy/public capture	UNKNOWN STEP	2026-10-06T10:05:52.6419758Z  * [new branch]          codex/3029-report-load-story -> origin/codex/3029-report-load-story
stable legacy/public capture	UNKNOWN STEP	2026-10-06T10:05:52.6420220Z  * [new branch]          codex/3030-report-completeness -> origin/codex/3030-report-completeness
stable legacy/public capture	UNKNOWN STEP	2026-10-06T10:05:52.6420702Z  * [new branch]          codex/3031-final-report-evidence -> origin/codex/3031-final-report-evidence
stable legacy/public capture	UNKNOWN STEP	2026-10-06T10:05:52.6421226Z  * [new branch]          codex/3032-span-native-admission-gates -> origin/codex/3032-span-native-admission-gates
stable legacy/public capture	UNKNOWN STEP	2026-10-06T10:05:52.6421816Z  * [new branch]          codex/3033-raw-treedb-default-span-native -> origin/codex/3033-raw-treedb-default-span-native
stable legacy/public capture	UNKNOWN STEP	2026-10-06T10:05:52.6422336Z  * [new branch]          codex/3037-r3a-docs-alignment -> origin/codex/3037-r3a-docs-alignment
stable legacy/public capture	UNKNOWN STEP	2026-10-06T10:05:52.6422765Z  * [new branch]          codex/3038-r3a-contracts -> origin/codex/3038-r3a-contracts
stable legacy/public capture	UNKNOWN STEP	2026-10-06T10:05:52.6423195Z  * [new branch]          codex/3038-r3a-contracts-clean -> origin/codex/3038-r3a-contracts-clean
stable legacy/public capture	UNKNOWN STEP	2026-10-06T10:05:52.6423663Z  * [new branch]          codex/3039-r3a-command-wal-api -> origin/codex/3039-r3a-command-wal-api
stable legacy/public capture	UNKNOWN STEP	2026-10-06T10:05:52.6424160Z  * [new branch]          codex/3039-r3a-command-wal-api-clean -> origin/codex/3039-r3a-command-wal-api-clean
stable legacy/public capture	UNKNOWN STEP	2026-10-06T10:05:52.6424642Z  * [new branch]          codex/3040-r3a-apply-harness -> origin/codex/3040-r3a-apply-harness
stable legacy/public capture	UNKNOWN STEP	2026-10-06T10:05:52.6425106Z  * [new branch]          codex/3040-r3a-apply-harness-clean -> origin/codex/3040-r3a-apply-harness-clean
stable legacy/public capture	UNKNOWN STEP	2026-10-06T10:05:52.6425662Z  * [new branch]          codex/3041-r3a-create-digest -> origin/codex/3041-r3a-create-digest
stable legacy/public capture	UNKNOWN STEP	2026-10-06T10:05:52.6426145Z  * [new branch]          codex/3041-r3a-create-digest-clean -> origin/codex/3041-r3a-create-digest-clean
stable legacy/public capture	UNKNOWN STEP	2026-10-06T10:05:52.6426740Z  * [new branch]          codex/3042-r3a-mutation-widening -> origin/codex/3042-r3a-mutation-widening
stable legacy/public capture	UNKNOWN STEP	2026-10-06T10:05:52.6427290Z  * [new branch]          codex/3042-r3a-mutation-widening-rebuild -> origin/codex/3042-r3a-mutation-widening-rebuild
stable legacy/public capture	UNKNOWN STEP	2026-10-06T10:05:52.6427875Z  * [new branch]          codex/3043-r3a-apply-progress-closeout -> origin/codex/3043-r3a-apply-progress-closeout
stable legacy/public capture	UNKNOWN STEP	2026-10-06T10:05:52.6428550Z  * [new branch]          codex/3045-nativewire-read-coordinator-bridge -> origin/codex/3045-nativewire-read-coordinator-bridge
stable legacy/public capture	UNKNOWN STEP	2026-10-06T10:05:52.6429366Z  * [new branch]          codex/3045-nativewire-read-policy -> origin/codex/3045-nativewire-read-policy
stable legacy/public capture	UNKNOWN STEP	2026-10-06T10:05:52.6429883Z  * [new branch]          codex/3045-read-barrier-foundation -> origin/codex/3045-read-barrier-foundation
stable legacy/public capture	UNKNOWN STEP	2026-10-06T10:05:52.6430371Z  * [new branch]          codex/3046-placement-catalog -> origin/codex/3046-placement-catalog
stable legacy/public capture	UNKNOWN STEP	2026-10-06T10:05:52.6430800Z  * [new branch]          codex/3046-ring-sim-next -> origin/codex/3046-ring-sim-next
stable legacy/public capture	UNKNOWN STEP	2026-10-06T10:05:52.6431311Z  * [new branch]          codex/3048-compact-owner-classification -> origin/codex/3048-compact-owner-classification
stable legacy/public capture	UNKNOWN STEP	2026-10-06T10:05:52.6431923Z  * [new branch]          codex/3049-production-leaf-page-log-handoff -> origin/codex/3049-production-leaf-page-log-handoff
stable legacy/public capture	UNKNOWN STEP	2026-10-06T10:05:52.6432523Z  * [new branch]          codex/3050-compact-crash-cleanup-status -> origin/codex/3050-compact-crash-cleanup-status
stable legacy/public capture	UNKNOWN STEP	2026-10-06T10:05:52.6433087Z  * [new branch]          codex/3051-compact-persistence-proof -> origin/codex/3051-compact-persistence-proof
stable legacy/public capture	UNKNOWN STEP	2026-10-06T10:05:52.6433619Z  * [new branch]          codex/3052-canonical-compact-gates -> origin/codex/3052-canonical-compact-gates
stable legacy/public capture	UNKNOWN STEP	2026-10-06T10:05:52.6434112Z  * [new branch]          codex/3067-insert-stats-20260627 -> origin/codex/3067-insert-stats-20260627
stable legacy/public capture	UNKNOWN STEP	2026-10-06T10:05:52.6434533Z  * [new branch]          codex/3067-load-fuse    -> origin/codex/3067-load-fuse
stable legacy/public capture	UNKNOWN STEP	2026-10-06T10:05:52.6434958Z  * [new branch]          codex/3067-retained-prep-next -> origin/codex/3067-retained-prep-next
stable legacy/public capture	UNKNOWN STEP	2026-10-06T10:05:52.6435626Z  * [new branch]          codex/3067-retained-root-prepare -> origin/codex/3067-retained-root-prepare
stable legacy/public capture	UNKNOWN STEP	2026-10-06T10:05:52.6436269Z  * [new branch]          codex/3067-retained-stream-prep-diagnostics-20260701 -> origin/codex/3067-retained-stream-prep-diagnostics-20260701
stable legacy/public capture	UNKNOWN STEP	2026-10-06T10:05:52.6436958Z  * [new branch]          codex/3067-typed-column-load-subtimers -> origin/codex/3067-typed-column-load-subtimers
stable legacy/public capture	UNKNOWN STEP	2026-10-06T10:05:52.6437517Z  * [new branch]          codex/3067-typed-image-build-20260701 -> origin/codex/3067-typed-image-build-20260701
stable legacy/public capture	UNKNOWN STEP	2026-10-06T10:05:52.6438085Z  * [new branch]          codex/3067-typed-publish-prep-fastpath -> origin/codex/3067-typed-publish-prep-fastpath
stable legacy/public capture	UNKNOWN STEP	2026-10-06T10:05:52.6438647Z  * [new branch]          codex/3067-typedcolumn-load-fastpath -> origin/codex/3067-typedcolumn-load-fastpath
stable legacy/public capture	UNKNOWN STEP	2026-10-06T10:05:52.6439169Z  * [new branch]          codex/3067-zero-column-row-asset -> origin/codex/3067-zero-column-row-asset
stable legacy/public capture	UNKNOWN STEP	2026-10-06T10:05:52.6439681Z  * [new branch]          codex/3067-zero-column-row-asset-v2 -> origin/codex/3067-zero-column-row-asset-v2
stable legacy/public capture	UNKNOWN STEP	2026-10-06T10:05:52.6440261Z  * [new branch]          codex/3070-column-query-diagnostics-report -> origin/codex/3070-column-query-diagnostics-report
stable legacy/public capture	UNKNOWN STEP	2026-10-06T10:05:52.6440826Z  * [new branch]          codex/3070-first-touch-after-open -> origin/codex/3070-first-touch-after-open
stable legacy/public capture	UNKNOWN STEP	2026-10-06T10:05:52.6441291Z  * [new branch]          codex/3070-q2-current-noagg -> origin/codex/3070-q2-current-noagg
stable legacy/public capture	UNKNOWN STEP	2026-10-06T10:05:52.6441748Z  * [new branch]          codex/3094-q4-topk-range-prepare -> origin/codex/3094-q4-topk-range-prepare
stable legacy/public capture	UNKNOWN STEP	2026-10-06T10:05:52.6442260Z  * [new branch]          codex/3096-semstream-encoder-reuse -> origin/codex/3096-semstream-encoder-reuse
stable legacy/public capture	UNKNOWN STEP	2026-10-06T10:05:52.6442801Z  * [new branch]          codex/3099-aggmeta-predicate-roworder -> origin/codex/3099-aggmeta-predicate-roworder
stable legacy/public capture	UNKNOWN STEP	2026-10-06T10:05:52.6443502Z  * [new branch]          codex/3099-loadpath-asset-overlap-current -> origin/codex/3099-loadpath-asset-overlap-current
stable legacy/public capture	UNKNOWN STEP	2026-10-06T10:05:52.6444042Z  * [new branch]          codex/3099-publish-write-stats -> origin/codex/3099-publish-write-stats
stable legacy/public capture	UNKNOWN STEP	2026-10-06T10:05:52.6444548Z  * [new branch]          codex/3099-publish-write-stats-clean -> origin/codex/3099-publish-write-stats-clean
stable legacy/public capture	UNKNOWN STEP	2026-10-06T10:05:52.6445084Z  * [new branch]          codex/3099-retained-stream-parallel -> origin/codex/3099-retained-stream-parallel
stable legacy/public capture	UNKNOWN STEP	2026-10-06T10:05:52.6445813Z  * [new branch]          codex/3099-semantic-declared-rows -> origin/codex/3099-semantic-declared-rows
stable legacy/public capture	UNKNOWN STEP	2026-10-06T10:05:52.6446344Z  * [new branch]          codex/3099-typed-granule-row-order -> origin/codex/3099-typed-granule-row-order
stable legacy/public capture	UNKNOWN STEP	2026-10-06T10:05:52.6446925Z  * [new branch]          codex/3102-direct-typed-column-publication -> origin/codex/3102-direct-typed-column-publication
stable legacy/public capture	UNKNOWN STEP	2026-10-06T10:05:52.6447593Z  * [new branch]          codex/3102-direct-typed-column-publication-clean -> origin/codex/3102-direct-typed-column-publication-clean
stable legacy/public capture	UNKNOWN STEP	2026-10-06T10:05:52.6448216Z  * [new branch]          codex/3104-int64-sidecar-single-pass -> origin/codex/3104-int64-sidecar-single-pass
stable legacy/public capture	UNKNOWN STEP	2026-10-06T10:05:52.6448812Z  * [new branch]          codex/3104-int64-sidecar-single-pass-clean -> origin/codex/3104-int64-sidecar-single-pass-clean
stable legacy/public capture	UNKNOWN STEP	2026-10-06T10:05:52.6449432Z  * [new branch]          codex/3110-dictionary-sidecar-single-pass -> origin/codex/3110-dictionary-sidecar-single-pass
stable legacy/public capture	UNKNOWN STEP	2026-10-06T10:05:52.6450073Z  * [new branch]          codex/3113-query-metadata-mode-reporting -> origin/codex/3113-query-metadata-mode-reporting
stable legacy/public capture	UNKNOWN STEP	2026-10-06T10:05:52.6450658Z  * [new branch]          codex/3116-arbitrary-expression-scan -> origin/codex/3116-arbitrary-expression-scan
stable legacy/public capture	UNKNOWN STEP	2026-10-06T10:05:52.6451220Z  * [new branch]          codex/3121-aggregate-metadata-one-pass -> origin/codex/3121-aggregate-metadata-one-pass
stable legacy/public capture	UNKNOWN STEP	2026-10-06T10:05:52.6451799Z  * [new branch]          codex/3123-q2-dense-group-count-distinct -> origin/codex/3123-q2-dense-group-count-distinct
stable legacy/public capture	UNKNOWN STEP	2026-10-06T10:05:52.6452386Z  * [new branch]          codex/3123-q2-noagg-next -> origin/codex/3123-q2-noagg-next
stable legacy/public capture	UNKNOWN STEP	2026-10-06T10:05:52.6452889Z  * [new branch]          codex/3125-qexpr-evidence-fields-20260629 -> origin/codex/3125-qexpr-evidence-fields-20260629
stable legacy/public capture	UNKNOWN STEP	2026-10-06T10:05:52.6453443Z  * [new branch]          codex/3125-qexpr-noagg-typed-scan -> origin/codex/3125-qexpr-noagg-typed-scan
stable legacy/public capture	UNKNOWN STEP	2026-10-06T10:05:52.6453932Z  * [new branch]          codex/3128-celestia-ab-evidence -> origin/codex/3128-celestia-ab-evidence
stable legacy/public capture	UNKNOWN STEP	2026-10-06T10:05:52.6454375Z  * [new branch]          codex/3129-command-wal-rid -> origin/codex/3129-command-wal-rid
stable legacy/public capture	UNKNOWN STEP	2026-10-06T10:05:52.6454836Z  * [new branch]          codex/3131-bound-celestia-memory -> origin/codex/3131-bound-celestia-memory
stable legacy/public capture	UNKNOWN STEP	2026-10-06T10:05:52.6455536Z  * [new branch]          codex/3131-leafgen-scan-cache-offsets -> origin/codex/3131-leafgen-scan-cache-offsets
stable legacy/public capture	UNKNOWN STEP	2026-10-06T10:05:52.6456065Z  * [new branch]          codex/3131-memtable-appendonly -> origin/codex/3131-memtable-appendonly
stable legacy/public capture	UNKNOWN STEP	2026-10-06T10:05:52.6456533Z  * [new branch]          codex/3137-fused-row-sidecars -> origin/codex/3137-fused-row-sidecars
stable legacy/public capture	UNKNOWN STEP	2026-10-06T10:05:52.6457003Z  * [new branch]          codex/3138-command-wal-shutdown -> origin/codex/3138-command-wal-shutdown
stable legacy/public capture	UNKNOWN STEP	2026-10-06T10:05:52.6457511Z  * [new branch]          codex/3142-batch-column-asset-writes -> origin/codex/3142-batch-column-asset-writes
stable legacy/public capture	UNKNOWN STEP	2026-10-06T10:05:52.6458034Z  * [new branch]          codex/3144-vlog-maintenance-pause -> origin/codex/3144-vlog-maintenance-pause
stable legacy/public capture	UNKNOWN STEP	2026-10-06T10:05:52.6458618Z  * [new branch]          codex/3151-append-session-cost-split-20260629 -> origin/codex/3151-append-session-cost-split-20260629
stable legacy/public capture	UNKNOWN STEP	2026-10-06T10:05:52.6459237Z  * [new branch]          codex/3151-asset-append-session-20260629 -> origin/codex/3151-asset-append-session-20260629
stable legacy/public capture	UNKNOWN STEP	2026-10-06T10:05:52.6459767Z  * [new branch]          codex/3151-asset-close-breakdown -> origin/codex/3151-asset-close-breakdown
stable legacy/public capture	UNKNOWN STEP	2026-10-06T10:05:52.6460336Z  * [new branch]          codex/3151-shared-asset-sync -> origin/codex/3151-shared-asset-sync
stable legacy/public capture	UNKNOWN STEP	2026-10-06T10:05:52.6460849Z  * [new branch]          codex/3151-sync-epoch-metrics-20260629 -> origin/codex/3151-sync-epoch-metrics-20260629
stable legacy/public capture	UNKNOWN STEP	2026-10-06T10:05:52.6461459Z  * [new branch]          codex/3151-unified-bench-append-split-20260629 -> origin/codex/3151-unified-bench-append-split-20260629
stable legacy/public capture	UNKNOWN STEP	2026-10-06T10:05:52.6461992Z  * [new branch]          codex/3154-bound-vlog-cache -> origin/codex/3154-bound-vlog-cache
stable legacy/public capture	UNKNOWN STEP	2026-10-06T10:05:52.6462399Z  * [new branch]          codex/3157-decode-scratch -> origin/codex/3157-decode-scratch
stable legacy/public capture	UNKNOWN STEP	2026-10-06T10:05:52.6462788Z  * [new branch]          codex/3157-growrealloc  -> origin/codex/3157-growrealloc
stable legacy/public capture	UNKNOWN STEP	2026-10-06T10:05:52.6463242Z  * [new branch]          codex/3157-native-scratch-retention -> origin/codex/3157-native-scratch-retention
stable legacy/public capture	UNKNOWN STEP	2026-10-06T10:05:52.6463726Z  * [new branch]          codex/3158-first-touch-setup -> origin/codex/3158-first-touch-setup
stable legacy/public capture	UNKNOWN STEP	2026-10-06T10:05:52.6464215Z  * [new branch]          codex/3158-firsttouch-next-20260627 -> origin/codex/3158-firsttouch-next-20260627
stable legacy/public capture	UNKNOWN STEP	2026-10-06T10:05:52.6464713Z  * [new branch]          codex/3158-q2-dict-next-20260627 -> origin/codex/3158-q2-dict-next-20260627
stable legacy/public capture	UNKNOWN STEP	2026-10-06T10:05:52.6465315Z  * [new branch]          codex/3158-q2-noagg-next-20260628151455 -> origin/codex/3158-q2-noagg-next-20260628151455
stable legacy/public capture	UNKNOWN STEP	2026-10-06T10:05:52.6465801Z  * [new branch]          codex/3158-q2-oneshot-setup -> origin/codex/3158-q2-oneshot-setup
stable legacy/public capture	UNKNOWN STEP	2026-10-06T10:05:52.6466201Z  * [new branch]          codex/3158-q2-rankcap   -> origin/codex/3158-q2-rankcap
stable legacy/public capture	UNKNOWN STEP	2026-10-06T10:05:52.6466588Z  * [new branch]          codex/3158-q2-rankmap-next -> origin/codex/3158-q2-rankmap-next
stable legacy/public capture	UNKNOWN STEP	2026-10-06T10:05:52.6466990Z  * [new branch]          codex/3158-q2-setup-next -> origin/codex/3158-q2-setup-next
stable legacy/public capture	UNKNOWN STEP	2026-10-06T10:05:52.6467415Z  * [new branch]          codex/3158-q4-topk-next-20260627 -> origin/codex/3158-q4-topk-next-20260627
stable legacy/public capture	UNKNOWN STEP	2026-10-06T10:05:52.6467846Z  * [new branch]          codex/3165-vlog-telemetry -> origin/codex/3165-vlog-telemetry
stable legacy/public capture	UNKNOWN STEP	2026-10-06T10:05:52.6468420Z  * [new branch]          codex/3172-vacuum-leafref-stream-build -> origin/codex/3172-vacuum-leafref-stream-build
stable legacy/public capture	UNKNOWN STEP	2026-10-06T10:05:52.6469027Z  * [new branch]          codex/3175-q5-dense-dictionary-slice-20260627 -> origin/codex/3175-q5-dense-dictionary-slice-20260627
stable legacy/public capture	UNKNOWN STEP	2026-10-06T10:05:52.6469586Z  * [new branch]          codex/3175-q5-next-setup-20260627 -> origin/codex/3175-q5-next-setup-20260627
stable legacy/public capture	UNKNOWN STEP	2026-10-06T10:05:52.6470028Z  * [new branch]          codex/3175-q5-one-shot-next -> origin/codex/3175-q5-one-shot-next
stable legacy/public capture	UNKNOWN STEP	2026-10-06T10:05:52.6470540Z  * [new branch]          codex/3175-q5-oneshot-global-codes-20260629 -> origin/codex/3175-q5-oneshot-global-codes-20260629
stable legacy/public capture	UNKNOWN STEP	2026-10-06T10:05:52.6471060Z  * [new branch]          codex/3175-q5-preapply-setup -> origin/codex/3175-q5-preapply-setup
stable legacy/public capture	UNKNOWN STEP	2026-10-06T10:05:52.6471506Z  * [new branch]          codex/3175-q5-predicate-first -> origin/codex/3175-q5-predicate-first
stable legacy/public capture	UNKNOWN STEP	2026-10-06T10:05:52.6472000Z  * [new branch]          codex/3175-q5-predicate-rows-20260627 -> origin/codex/3175-q5-predicate-rows-20260627
stable legacy/public capture	UNKNOWN STEP	2026-10-06T10:05:52.6472564Z  * [new branch]          codex/3175-q5-sorted-global-ranks-20260629 -> origin/codex/3175-q5-sorted-global-ranks-20260629
stable legacy/public capture	UNKNOWN STEP	2026-10-06T10:05:52.6473087Z  * [new branch]          codex/3176-grouped-frame-cache -> origin/codex/3176-grouped-frame-cache
stable legacy/public capture	UNKNOWN STEP	2026-10-06T10:05:52.6473592Z  * [new branch]          codex/3182-q5-setup-breakdown-20260627 -> origin/codex/3182-q5-setup-breakdown-20260627
stable legacy/public capture	UNKNOWN STEP	2026-10-06T10:05:52.6474092Z  * [new branch]          codex/3184-rawkv-payload-cap -> origin/codex/3184-rawkv-payload-cap
stable legacy/public capture	UNKNOWN STEP	2026-10-06T10:05:52.6474500Z  * [new branch]          codex/3187-memtable-rss -> origin/codex/3187-memtable-rss
stable legacy/public capture	UNKNOWN STEP	2026-10-06T10:05:52.6474945Z  * [new branch]          codex/3187-rawkv-direct-command-wal -> origin/codex/3187-rawkv-direct-command-wal
stable legacy/public capture	UNKNOWN STEP	2026-10-06T10:05:52.6475554Z  * [new branch]          codex/3187-rss-hwm      -> origin/codex/3187-rss-hwm
stable legacy/public capture	UNKNOWN STEP	2026-10-06T10:05:52.6476090Z  * [new branch]          codex/3189-q3-one-shot-values-dictionary-20260627 -> origin/codex/3189-q3-one-shot-values-dictionary-20260627
stable legacy/public capture	UNKNOWN STEP	2026-10-06T10:05:52.6476709Z  * [new branch]          codex/3194-retained-semstream-prepare -> origin/codex/3194-retained-semstream-prepare
stable legacy/public capture	UNKNOWN STEP	2026-10-06T10:05:52.6477218Z  * [new branch]          codex/3196-semstream-prep-load -> origin/codex/3196-semstream-prep-load
stable legacy/public capture	UNKNOWN STEP	2026-10-06T10:05:52.6477675Z  * [new branch]          codex/3198-semstream-pathkey -> origin/codex/3198-semstream-pathkey
stable legacy/public capture	UNKNOWN STEP	2026-10-06T10:05:52.6478126Z  * [new branch]          codex/3200-semstream-path-stack -> origin/codex/3200-semstream-path-stack
stable legacy/public capture	UNKNOWN STEP	2026-10-06T10:05:52.6478588Z  * [new branch]          codex/3202-semstream-string-raw -> origin/codex/3202-semstream-string-raw
stable legacy/public capture	UNKNOWN STEP	2026-10-06T10:05:52.6479059Z  * [new branch]          codex/3204-semstream-path-lookup -> origin/codex/3204-semstream-path-lookup
stable legacy/public capture	UNKNOWN STEP	2026-10-06T10:05:52.6479539Z  * [new branch]          codex/3206-semstream-path-intern -> origin/codex/3206-semstream-path-intern
stable legacy/public capture	UNKNOWN STEP	2026-10-06T10:05:52.6480031Z  * [new branch]          codex/3208-semstream-locator-arena -> origin/codex/3208-semstream-locator-arena
stable legacy/public capture	UNKNOWN STEP	2026-10-06T10:05:52.6480591Z  * [new branch]          codex/3210-semstream-declared-row-arena -> origin/codex/3210-semstream-declared-row-arena
stable legacy/public capture	UNKNOWN STEP	2026-10-06T10:05:52.6481167Z  * [new branch]          codex/3212-semstream-dict-string-intern -> origin/codex/3212-semstream-dict-string-intern
stable legacy/public capture	UNKNOWN STEP	2026-10-06T10:05:52.6481681Z  * [new branch]          codex/3215-semstream-zstd-lowmem -> origin/codex/3215-semstream-zstd-lowmem
stable legacy/public capture	UNKNOWN STEP	2026-10-06T10:05:52.6482117Z  * [new branch]          codex/3217-leaf-read-cache -> origin/codex/3217-leaf-read-cache
stable legacy/public capture	UNKNOWN STEP	2026-10-06T10:05:52.6482570Z  * [new branch]          codex/3218-semstream-prep-buffers -> origin/codex/3218-semstream-prep-buffers
stable legacy/public capture	UNKNOWN STEP	2026-10-06T10:05:52.6483054Z  * [new branch]          codex/3221-semstream-rawscratch -> origin/codex/3221-semstream-rawscratch
stable legacy/public capture	UNKNOWN STEP	2026-10-06T10:05:52.6483630Z  * [new branch]          codex/3223-semstream-scratch-pool -> origin/codex/3223-semstream-scratch-pool
stable legacy/public capture	UNKNOWN STEP	2026-10-06T10:05:52.6484129Z  * [new branch]          codex/3227-vlog-disk-highwater -> origin/codex/3227-vlog-disk-highwater
stable legacy/public capture	UNKNOWN STEP	2026-10-06T10:05:52.6484648Z  * [new branch]          codex/3238-appendonly-decode-highwater -> origin/codex/3238-appendonly-decode-highwater
stable legacy/public capture	UNKNOWN STEP	2026-10-06T10:05:52.6485323Z  * [new branch]          codex/3238-appendonly-entry-heap -> origin/codex/3238-appendonly-entry-heap
stable legacy/public capture	UNKNOWN STEP	2026-10-06T10:05:52.6485887Z  * [new branch]          codex/3238-appendonly-value-arena-stats -> origin/codex/3238-appendonly-value-arena-stats
stable legacy/public capture	UNKNOWN STEP	2026-10-06T10:05:52.6486448Z  * [new branch]          codex/3238-checkpoint-entry-residency -> origin/codex/3238-checkpoint-entry-residency
stable legacy/public capture	UNKNOWN STEP	2026-10-06T10:05:52.6486973Z  * [new branch]          codex/3238-commandwal-payload-heap -> origin/codex/3238-commandwal-payload-heap
stable legacy/public capture	UNKNOWN STEP	2026-10-06T10:05:52.6487509Z  * [new branch]          codex/3238-entry-slice-pressure-reuse -> origin/codex/3238-entry-slice-pressure-reuse
stable legacy/public capture	UNKNOWN STEP	2026-10-06T10:05:52.6488052Z  * [new branch]          codex/3238-rawkv-batch-heap-20260629 -> origin/codex/3238-rawkv-batch-heap-20260629
stable legacy/public capture	UNKNOWN STEP	2026-10-06T10:05:52.6488499Z  * [new branch]          codex/3243-raftcluster  -> origin/codex/3243-raftcluster
stable legacy/public capture	UNKNOWN STEP	2026-10-06T10:05:52.6488908Z  * [new branch]          codex/3244-durable-raftapply -> origin/codex/3244-durable-raftapply
stable legacy/public capture	UNKNOWN STEP	2026-10-06T10:05:52.6489389Z  * [new branch]          codex/3245-publication-readability -> origin/codex/3245-publication-readability
stable legacy/public capture	UNKNOWN STEP	2026-10-06T10:05:52.6489875Z  * [new branch]          codex/3247-nativewire-submitter -> origin/codex/3247-nativewire-submitter
stable legacy/public capture	UNKNOWN STEP	2026-10-06T10:05:52.6490414Z  * [new branch]          codex/3255-commandwal-expvar-diagnostics -> origin/codex/3255-commandwal-expvar-diagnostics
stable legacy/public capture	UNKNOWN STEP	2026-10-06T10:05:52.6490887Z  * [new branch]          codex/3257-raftfsm      -> origin/codex/3257-raftfsm
stable legacy/public capture	UNKNOWN STEP	2026-10-06T10:05:52.6491428Z  * [new branch]          codex/3258-mongo-cluster-submitter -> origin/codex/3258-mongo-cluster-submitter
stable legacy/public capture	UNKNOWN STEP	2026-10-06T10:05:52.6491896Z  * [new branch]          codex/3268-admission-bypass -> origin/codex/3268-admission-bypass
stable legacy/public capture	UNKNOWN STEP	2026-10-06T10:05:52.6492352Z  * [new branch]          codex/3269-native-raft-committed -> origin/codex/3269-native-raft-committed
stable legacy/public capture	UNKNOWN STEP	2026-10-06T10:05:52.6492848Z  * [new branch]          codex/3270-mongo-writeconcern-raft -> origin/codex/3270-mongo-writeconcern-raft
stable legacy/public capture	UNKNOWN STEP	2026-10-06T10:05:52.6493284Z  * [new branch]          codex/3271-raft-harness -> origin/codex/3271-raft-harness
stable legacy/public capture	UNKNOWN STEP	2026-10-06T10:05:52.6493754Z  * [new branch]          codex/3286-append-only-entry-pool-hwm -> origin/codex/3286-append-only-entry-pool-hwm
stable legacy/public capture	UNKNOWN STEP	2026-10-06T10:05:52.6494229Z  * [new branch]          codex/3289-vlog-prune-rss -> origin/codex/3289-vlog-prune-rss
stable legacy/public capture	UNKNOWN STEP	2026-10-06T10:05:52.6494627Z  * [new branch]          codex/3299-hwm-capture  -> origin/codex/3299-hwm-capture
stable legacy/public capture	UNKNOWN STEP	2026-10-06T10:05:52.6495007Z  * [new branch]          codex/3299-live-write-hwm -> origin/codex/3299-live-write-hwm
stable legacy/public capture	UNKNOWN STEP	2026-10-06T10:05:52.6495565Z  * [new branch]          codex/3303-token-partition-catalog -> origin/codex/3303-token-partition-catalog
stable legacy/public capture	UNKNOWN STEP	2026-10-06T10:05:52.6496110Z  * [new branch]          codex/3304-mongo-readconcern-failclosed -> origin/codex/3304-mongo-readconcern-failclosed
stable legacy/public capture	UNKNOWN STEP	2026-10-06T10:05:52.6496677Z  * [new branch]          codex/3309-collection-pub-readability -> origin/codex/3309-collection-pub-readability
stable legacy/public capture	UNKNOWN STEP	2026-10-06T10:05:52.6497193Z  * [new branch]          codex/3315-celestia-route-expvar -> origin/codex/3315-celestia-route-expvar
stable legacy/public capture	UNKNOWN STEP	2026-10-06T10:05:52.6497703Z  * [new branch]          codex/3316-command-wal-expvar-bridge -> origin/codex/3316-command-wal-expvar-bridge
stable legacy/public capture	UNKNOWN STEP	2026-10-06T10:05:52.6498294Z  * [new branch]          codex/3316-command-wal-view-ingress-counters -> origin/codex/3316-command-wal-view-ingress-counters
stable legacy/public capture	UNKNOWN STEP	2026-10-06T10:05:52.6498856Z  * [new branch]          codex/3317-command-wal-chunk-fence -> origin/codex/3317-command-wal-chunk-fence
stable legacy/public capture	UNKNOWN STEP	2026-10-06T10:05:52.6499557Z  * [new branch]          codex/3317-raw-command-wal-fallback-attribution -> origin/codex/3317-raw-command-wal-fallback-attribution
stable legacy/public capture	UNKNOWN STEP	2026-10-06T10:05:52.6500204Z  * [new branch]          codex/3320-flush-backend-write-attribution -> origin/codex/3320-flush-backend-write-attribution
stable legacy/public capture	UNKNOWN STEP	2026-10-06T10:05:52.6500766Z  * [new branch]          codex/3324-q2-addhash-single-lookup -> origin/codex/3324-q2-addhash-single-lookup
stable legacy/public capture	UNKNOWN STEP	2026-10-06T10:05:52.6501251Z  * [new branch]          codex/3324-q2-dense-build-next -> origin/codex/3324-q2-dense-build-next
stable legacy/public capture	UNKNOWN STEP	2026-10-06T10:05:52.6501702Z  * [new branch]          codex/3324-q2-dense-rank-next -> origin/codex/3324-q2-dense-rank-next
stable legacy/public capture	UNKNOWN STEP	2026-10-06T10:05:52.6502212Z  * [new branch]          codex/3324-q2-dense-ref-fill-diagnostics -> origin/codex/3324-q2-dense-ref-fill-diagnostics
stable legacy/public capture	UNKNOWN STEP	2026-10-06T10:05:52.6502743Z  * [new branch]          codex/3324-q2-distinct-setup-next -> origin/codex/3324-q2-distinct-setup-next
stable legacy/public capture	UNKNOWN STEP	2026-10-06T10:05:52.6503190Z  * [new branch]          codex/3324-q2-hash-rank-map -> origin/codex/3324-q2-hash-rank-map
stable legacy/public capture	UNKNOWN STEP	2026-10-06T10:05:52.6503657Z  * [new branch]          codex/3324-q2-parallel-rank-policy -> origin/codex/3324-q2-parallel-rank-policy
stable legacy/public capture	UNKNOWN STEP	2026-10-06T10:05:52.6504204Z  * [new branch]          codex/3324-q2-post-prepare-split-20260701 -> origin/codex/3324-q2-post-prepare-split-20260701
stable legacy/public capture	UNKNOWN STEP	2026-10-06T10:05:52.6504728Z  * [new branch]          codex/3324-q2-sorted-rank-setup -> origin/codex/3324-q2-sorted-rank-setup
stable legacy/public capture	UNKNOWN STEP	2026-10-06T10:05:52.6505245Z  * [new branch]          codex/3329-route-decision -> origin/codex/3329-route-decision
stable legacy/public capture	UNKNOWN STEP	2026-10-06T10:05:52.6505728Z  * [new branch]          codex/3330-nativewire-forced-pointer -> origin/codex/3330-nativewire-forced-pointer
stable legacy/public capture	UNKNOWN STEP	2026-10-06T10:05:52.6506247Z  * [new branch]          codex/3331-read-index-linearizable -> origin/codex/3331-read-index-linearizable
stable legacy/public capture	UNKNOWN STEP	2026-10-06T10:05:52.6506719Z  * [new branch]          codex/3338-harness-read-index -> origin/codex/3338-harness-read-index
stable legacy/public capture	UNKNOWN STEP	2026-10-06T10:05:52.6507296Z  * [new branch]          codex/3338-harness-read-index-v2 -> origin/codex/3338-harness-read-index-v2
stable legacy/public capture	UNKNOWN STEP	2026-10-06T10:05:52.6507866Z  * [new branch]          codex/3340-current-writable-vlog-readability -> origin/codex/3340-current-writable-vlog-readability
stable legacy/public capture	UNKNOWN STEP	2026-10-06T10:05:52.6508389Z  * [new branch]          codex/3341-route-preflight -> origin/codex/3341-route-preflight
stable legacy/public capture	UNKNOWN STEP	2026-10-06T10:05:52.6508825Z  * [new branch]          codex/3343-snapshot-manifest -> origin/codex/3343-snapshot-manifest
stable legacy/public capture	UNKNOWN STEP	2026-10-06T10:05:52.6509284Z  * [new branch]          codex/3350-q1-plan-reuse-20260701 -> origin/codex/3350-q1-plan-reuse-20260701
stable legacy/public capture	UNKNOWN STEP	2026-10-06T10:05:52.6509765Z  * [new branch]          codex/3350-q1-targeted-setup-thin -> origin/codex/3350-q1-targeted-setup-thin
stable legacy/public capture	UNKNOWN STEP	2026-10-06T10:05:52.6510224Z  * [new branch]          codex/3350-q1q3-read-coalesce -> origin/codex/3350-q1q3-read-coalesce
stable legacy/public capture	UNKNOWN STEP	2026-10-06T10:05:52.6510673Z  * [new branch]          codex/3350-q3-fused-group-filter -> origin/codex/3350-q3-fused-group-filter
stable legacy/public capture	UNKNOWN STEP	2026-10-06T10:05:52.6511207Z  * [new branch]          codex/3350-q3-payload-readbatch-20260701 -> origin/codex/3350-q3-payload-readbatch-20260701
stable legacy/public capture	UNKNOWN STEP	2026-10-06T10:05:52.6511715Z  * [new branch]          codex/3350-q3-predicate-setup -> origin/codex/3350-q3-predicate-setup
stable legacy/public capture	UNKNOWN STEP	2026-10-06T10:05:52.6512213Z  * [new branch]          codex/3355-command-wal-barrier-audit -> origin/codex/3355-command-wal-barrier-audit
stable legacy/public capture	UNKNOWN STEP	2026-10-06T10:05:52.6512717Z  * [new branch]          codex/3356-token-route-preflight -> origin/codex/3356-token-route-preflight
stable legacy/public capture	UNKNOWN STEP	2026-10-06T10:05:52.6513263Z  * [new branch]          codex/3362-span-native-command-wal-publish -> origin/codex/3362-span-native-command-wal-publish
stable legacy/public capture	UNKNOWN STEP	2026-10-06T10:05:52.6513798Z  * [new branch]          codex/3365-mixed-maint-fallback -> origin/codex/3365-mixed-maint-fallback
stable legacy/public capture	UNKNOWN STEP	2026-10-06T10:05:52.6514261Z  * [new branch]          codex/3370-snapshot-tail-digest -> origin/codex/3370-snapshot-tail-digest
stable legacy/public capture	UNKNOWN STEP	2026-10-06T10:05:52.6514754Z  * [new branch]          codex/3371-token-batch-fanout-reject -> origin/codex/3371-token-batch-fanout-reject
stable legacy/public capture	UNKNOWN STEP	2026-10-06T10:05:52.6515399Z  * [new branch]          codex/3374-ycsb-diagnostic -> origin/codex/3374-ycsb-diagnostic
stable legacy/public capture	UNKNOWN STEP	2026-10-06T10:05:52.6515835Z  * [new branch]          codex/3375-value-arena-pool -> origin/codex/3375-value-arena-pool
stable legacy/public capture	UNKNOWN STEP	2026-10-06T10:05:52.6516258Z  * [new branch]          codex/3380-recovery-status -> origin/codex/3380-recovery-status
stable legacy/public capture	UNKNOWN STEP	2026-10-06T10:05:52.6516718Z  * [new branch]          codex/3381-catalog-route-provider -> origin/codex/3381-catalog-route-provider
stable legacy/public capture	UNKNOWN STEP	2026-10-06T10:05:52.6517284Z  * [new branch]          codex/3382-publication-readability-closeout -> origin/codex/3382-publication-readability-closeout
stable legacy/public capture	UNKNOWN STEP	2026-10-06T10:05:52.6517824Z  * [new branch]          codex/3383-submit-apply-bridge -> origin/codex/3383-submit-apply-bridge
stable legacy/public capture	UNKNOWN STEP	2026-10-06T10:05:52.6518256Z  * [new branch]          codex/3394-quorum-provider -> origin/codex/3394-quorum-provider
stable legacy/public capture	UNKNOWN STEP	2026-10-06T10:05:52.6518702Z  * [new branch]          codex/3395-readindex-provenance -> origin/codex/3395-readindex-provenance
stable legacy/public capture	UNKNOWN STEP	2026-10-06T10:05:52.6519204Z  * [new branch]          codex/3396-route-preflight-binding -> origin/codex/3396-route-preflight-binding
stable legacy/public capture	UNKNOWN STEP	2026-10-06T10:05:52.6519698Z  * [new branch]          codex/3418-conditional-revisions -> origin/codex/3418-conditional-revisions
stable legacy/public capture	UNKNOWN STEP	2026-10-06T10:05:52.6520191Z  * [new branch]          codex/3420-conditional-kv-contract -> origin/codex/3420-conditional-kv-contract
stable legacy/public capture	UNKNOWN STEP	2026-10-06T10:05:52.6520678Z  * [new branch]          codex/3422-native-entry-revisions -> origin/codex/3422-native-entry-revisions
stable legacy/public capture	UNKNOWN STEP	2026-10-06T10:05:52.6521133Z  * [new branch]          codex/3423-durable-revisions -> origin/codex/3423-durable-revisions
stable legacy/public capture	UNKNOWN STEP	2026-10-06T10:05:52.6521616Z  * [new branch]          codex/3424-conditional-transactions -> origin/codex/3424-conditional-transactions
stable legacy/public capture	UNKNOWN STEP	2026-10-06T10:05:52.6522076Z  * [new branch]          codex/3425-adapter-proof -> origin/codex/3425-adapter-proof
stable legacy/public capture	UNKNOWN STEP	2026-10-06T10:05:52.6522510Z  * [new branch]          codex/3434-revision-wal-fastpath -> origin/codex/3434-revision-wal-fastpath
stable legacy/public capture	UNKNOWN STEP	2026-10-06T10:05:52.6523097Z  * [new branch]          codex/3439-raft-failover-catchup -> origin/codex/3439-raft-failover-catchup
stable legacy/public capture	UNKNOWN STEP	2026-10-06T10:05:52.6523550Z  * [new branch]          codex/3440-ha-write-surface -> origin/codex/3440-ha-write-surface
stable legacy/public capture	UNKNOWN STEP	2026-10-06T10:05:52.6523955Z  * [new branch]          codex/3441-read-index-reads -> origin/codex/3441-read-index-reads
stable legacy/public capture	UNKNOWN STEP	2026-10-06T10:05:52.6524470Z  * [new branch]          codex/3442-snapshot-rejoin-log-truncation -> origin/codex/3442-snapshot-rejoin-log-truncation
stable legacy/public capture	UNKNOWN STEP	2026-10-06T10:05:52.6525013Z  * [new branch]          codex/3443-group-routed-dispatch -> origin/codex/3443-group-routed-dispatch
stable legacy/public capture	UNKNOWN STEP	2026-10-06T10:05:52.6525726Z  * [new branch]          codex/3444-multigroup-routing-ownership -> origin/codex/3444-multigroup-routing-ownership
stable legacy/public capture	UNKNOWN STEP	2026-10-06T10:05:52.6526235Z  * [new branch]          codex/3445-routed-bench-smoke -> origin/codex/3445-routed-bench-smoke
stable legacy/public capture	UNKNOWN STEP	2026-10-06T10:05:52.6526732Z  * [new branch]          codex/3445-token-ring-route-semantics -> origin/codex/3445-token-ring-route-semantics
stable legacy/public capture	UNKNOWN STEP	2026-10-06T10:05:52.6527253Z  * [new branch]          codex/3454-stream-raft-snapshots -> origin/codex/3454-stream-raft-snapshots
stable legacy/public capture	UNKNOWN STEP	2026-10-06T10:05:52.6527722Z  * [new branch]          codex/3457-ring-evidence-matrix -> origin/codex/3457-ring-evidence-matrix
stable legacy/public capture	UNKNOWN STEP	2026-10-06T10:05:52.6528176Z  * [new branch]          codex/3461-m0b-route-counters -> origin/codex/3461-m0b-route-counters
stable legacy/public capture	UNKNOWN STEP	2026-10-06T10:05:52.6528628Z  * [new branch]          codex/3462-m0a-fail-closed-tests -> origin/codex/3462-m0a-fail-closed-tests
stable legacy/public capture	UNKNOWN STEP	2026-10-06T10:05:52.6529138Z  * [new branch]          codex/3466-m1a-remote-owner-redirect -> origin/codex/3466-m1a-remote-owner-redirect
stable legacy/public capture	UNKNOWN STEP	2026-10-06T10:05:52.6529668Z  * [new branch]          codex/3467-m1b-production-route-proof -> origin/codex/3467-m1b-production-route-proof
stable legacy/public capture	UNKNOWN STEP	2026-10-06T10:05:52.6530167Z  * [new branch]          codex/3471-m2a-remote-redirect -> origin/codex/3471-m2a-remote-redirect
stable legacy/public capture	UNKNOWN STEP	2026-10-06T10:05:52.6530647Z  * [new branch]          codex/3472-m2b-remote-routed-write -> origin/codex/3472-m2b-remote-routed-write
stable legacy/public capture	UNKNOWN STEP	2026-10-06T10:05:52.6531182Z  * [new branch]          codex/3474-routed-read  -> origin/codex/3474-routed-read
stable legacy/public capture	UNKNOWN STEP	2026-10-06T10:05:52.6531598Z  * [new branch]          codex/3476-plain-send-profile -> origin/codex/3476-plain-send-profile
stable legacy/public capture	UNKNOWN STEP	2026-10-06T10:05:52.6550130Z  * [new branch]          codex/3477-command-wal-allzero-copy -> origin/codex/3477-command-wal-allzero-copy
stable legacy/public capture	UNKNOWN STEP	2026-10-06T10:05:52.6550738Z  * [new branch]          codex/3478-commandwal-batch-setup-alloc -> origin/codex/3478-commandwal-batch-setup-alloc
stable legacy/public capture	UNKNOWN STEP	2026-10-06T10:05:52.6551314Z  * [new branch]          codex/3483-appendonly-reserve-headroom -> origin/codex/3483-appendonly-reserve-headroom
stable legacy/public capture	UNKNOWN STEP	2026-10-06T10:05:52.6551839Z  * [new branch]          codex/3485-command-wal-batch-pool -> origin/codex/3485-command-wal-batch-pool
stable legacy/public capture	UNKNOWN STEP	2026-10-06T10:05:52.6552341Z  * [new branch]          codex/3487-appendonly-reserve-hint -> origin/codex/3487-appendonly-reserve-hint
stable legacy/public capture	UNKNOWN STEP	2026-10-06T10:05:52.6552830Z  * [new branch]          codex/3494-lowfanout-alloc-map -> origin/codex/3494-lowfanout-alloc-map
stable legacy/public capture	UNKNOWN STEP	2026-10-06T10:05:52.6553328Z  * [new branch]          codex/3496-timed-write-loop-copy -> origin/codex/3496-timed-write-loop-copy
stable legacy/public capture	UNKNOWN STEP	2026-10-06T10:05:52.6553866Z  * [new branch]          codex/3497-vlog-commandwal-buffer-reuse -> origin/codex/3497-vlog-commandwal-buffer-reuse
stable legacy/public capture	UNKNOWN STEP	2026-10-06T10:05:52.6554431Z  * [new branch]          codex/3504-commandwal-rid-manager-read -> origin/codex/3504-commandwal-rid-manager-read
stable legacy/public capture	UNKNOWN STEP	2026-10-06T10:05:52.6554949Z  * [new branch]          codex/3505-vlog-commandwal-alloc -> origin/codex/3505-vlog-commandwal-alloc
stable legacy/public capture	UNKNOWN STEP	2026-10-06T10:05:52.6555593Z  * [new branch]          codex/3509-hashsorted-pending-key-buffers -> origin/codex/3509-hashsorted-pending-key-buffers
stable legacy/public capture	UNKNOWN STEP	2026-10-06T10:05:52.6556186Z  * [new branch]          codex/3512-readonly-prepare-key-copies -> origin/codex/3512-readonly-prepare-key-copies
stable legacy/public capture	UNKNOWN STEP	2026-10-06T10:05:52.6556685Z  * [new branch]          codex/3512-tiny-span-prepare -> origin/codex/3512-tiny-span-prepare
stable legacy/public capture	UNKNOWN STEP	2026-10-06T10:05:52.6557308Z  * [new branch]          codex/3515-3529-memtable-allocs -> origin/codex/3515-3529-memtable-allocs
stable legacy/public capture	UNKNOWN STEP	2026-10-06T10:05:52.6557765Z  * [new branch]          codex/3515-3533-getentryslice -> origin/codex/3515-3533-getentryslice
stable legacy/public capture	UNKNOWN STEP	2026-10-06T10:05:52.6558301Z  * [new branch]          codex/3515-3539-memtable-appendonly-allocs -> origin/codex/3515-3539-memtable-appendonly-allocs
stable legacy/public capture	UNKNOWN STEP	2026-10-06T10:05:52.6558892Z  * [new branch]          codex/3515-3544-readonly-clonekey-allocs -> origin/codex/3515-3544-readonly-clonekey-allocs
stable legacy/public capture	UNKNOWN STEP	2026-10-06T10:05:52.6559422Z  * [new branch]          codex/3515-3548-commandwal-allocs -> origin/codex/3515-3548-commandwal-allocs
stable legacy/public capture	UNKNOWN STEP	2026-10-06T10:05:52.6559936Z  * [new branch]          codex/3515-3551-rawkv-payload-allocs -> origin/codex/3515-3551-rawkv-payload-allocs
stable legacy/public capture	UNKNOWN STEP	2026-10-06T10:05:52.6560429Z  * [new branch]          codex/3515-3553-vlog-zstd-allocs -> origin/codex/3515-3553-vlog-zstd-allocs
stable legacy/public capture	UNKNOWN STEP	2026-10-06T10:05:52.6560927Z  * [new branch]          codex/3515-entry-appendonly-allocs -> origin/codex/3515-entry-appendonly-allocs
stable legacy/public capture	UNKNOWN STEP	2026-10-06T10:05:52.6561405Z  * [new branch]          codex/3515-vlogpool16-allocs -> origin/codex/3515-vlogpool16-allocs
stable legacy/public capture	UNKNOWN STEP	2026-10-06T10:05:52.6561888Z  * [new branch]          codex/3519-read-lane-snapshot-allocs -> origin/codex/3519-read-lane-snapshot-allocs
stable legacy/public capture	UNKNOWN STEP	2026-10-06T10:05:52.6562433Z  * [new branch]          codex/3520-public-op-lifecycle-allocs -> origin/codex/3520-public-op-lifecycle-allocs
stable legacy/public capture	UNKNOWN STEP	2026-10-06T10:05:52.6562935Z  * [new branch]          codex/3524-3530-zipper-allocs -> origin/codex/3524-3530-zipper-allocs
stable legacy/public capture	UNKNOWN STEP	2026-10-06T10:05:52.6563364Z  * [new branch]          codex/3526-setwithrevision -> origin/codex/3526-setwithrevision
stable legacy/public capture	UNKNOWN STEP	2026-10-06T10:05:52.6563848Z  * [new branch]          codex/3535-appendonly-entry-backing -> origin/codex/3535-appendonly-entry-backing
stable legacy/public capture	UNKNOWN STEP	2026-10-06T10:05:52.6564394Z  * [new branch]          codex/3537-leaf-ref-cache-buffer-reuse -> origin/codex/3537-leaf-ref-cache-buffer-reuse
stable legacy/public capture	UNKNOWN STEP	2026-10-06T10:05:52.6565071Z  * [new branch]          codex/3537-leaf-ref-cache-buildpage-reuse -> origin/codex/3537-leaf-ref-cache-buildpage-reuse
stable legacy/public capture	UNKNOWN STEP	2026-10-06T10:05:52.6565796Z  * [new branch]          codex/3537-leafref-page-reuse -> origin/codex/3537-leafref-page-reuse
stable legacy/public capture	UNKNOWN STEP	2026-10-06T10:05:52.6566271Z  * [new branch]          codex/3555-entry-backing-allocs -> origin/codex/3555-entry-backing-allocs
stable legacy/public capture	UNKNOWN STEP	2026-10-06T10:05:52.6566746Z  * [new branch]          codex/3556-batch-helper-allocs -> origin/codex/3556-batch-helper-allocs
stable legacy/public capture	UNKNOWN STEP	2026-10-06T10:05:52.6567210Z  * [new branch]          codex/3557-zipper-delete-allocs -> origin/codex/3557-zipper-delete-allocs
stable legacy/public capture	UNKNOWN STEP	2026-10-06T10:05:52.6567650Z  * [new branch]          codex/3558-key-arena-pool -> origin/codex/3558-key-arena-pool
stable legacy/public capture	UNKNOWN STEP	2026-10-06T10:05:52.6568138Z  * [new branch]          codex/3559-zipper-prepare-split-allocs -> origin/codex/3559-zipper-prepare-split-allocs
stable legacy/public capture	UNKNOWN STEP	2026-10-06T10:05:52.6568670Z  * [new branch]          codex/3562-stream-canonical-flush -> origin/codex/3562-stream-canonical-flush
stable legacy/public capture	UNKNOWN STEP	2026-10-06T10:05:52.6569199Z  * [new branch]          codex/3566-readonly-prepare-clonekey -> origin/codex/3566-readonly-prepare-clonekey
stable legacy/public capture	UNKNOWN STEP	2026-10-06T10:05:52.6569703Z  * [new branch]          codex/3570-batch-tail-packed -> origin/codex/3570-batch-tail-packed
stable legacy/public capture	UNKNOWN STEP	2026-10-06T10:05:52.6570189Z  * [new branch]          codex/3579-tiny-sorted-batch-fanout -> origin/codex/3579-tiny-sorted-batch-fanout
stable legacy/public capture	UNKNOWN STEP	2026-10-06T10:05:52.6570694Z  * [new branch]          codex/3583-treedb-runtime-counters -> origin/codex/3583-treedb-runtime-counters
stable legacy/public capture	UNKNOWN STEP	2026-10-06T10:05:52.6571239Z  * [new branch]          codex/3583-treedb-runtime-counters-clean -> origin/codex/3583-treedb-runtime-counters-clean
stable legacy/public capture	UNKNOWN STEP	2026-10-06T10:05:52.6571736Z  * [new branch]          codex/3595-expvar-counters -> origin/codex/3595-expvar-counters
stable legacy/public capture	UNKNOWN STEP	2026-10-06T10:05:52.6572133Z  * [new branch]          codex/3600-commit-spans -> origin/codex/3600-commit-spans
stable legacy/public capture	UNKNOWN STEP	2026-10-06T10:05:52.6572564Z  * [new branch]          codex/3613-command-wal-inventory -> origin/codex/3613-command-wal-inventory
stable legacy/public capture	UNKNOWN STEP	2026-10-06T10:05:52.6573207Z  * [new branch]          codex/3614-profile-terminology-cleanup -> origin/codex/3614-profile-terminology-cleanup
stable legacy/public capture	UNKNOWN STEP	2026-10-06T10:05:52.6573741Z  * [new branch]          codex/3615-command-wal-cached-mode -> origin/codex/3615-command-wal-cached-mode
stable legacy/public capture	UNKNOWN STEP	2026-10-06T10:05:52.6574237Z  * [new branch]          codex/3616-legacy-redo-quarantine -> origin/codex/3616-legacy-redo-quarantine
stable legacy/public capture	UNKNOWN STEP	2026-10-06T10:05:52.6574762Z  * [new branch]          codex/3617-command-wal-durability-proof -> origin/codex/3617-command-wal-durability-proof
stable legacy/public capture	UNKNOWN STEP	2026-10-06T10:05:52.6575401Z  * [new branch]          codex/3618-command-wal-docs-validation -> origin/codex/3618-command-wal-docs-validation
stable legacy/public capture	UNKNOWN STEP	2026-10-06T10:05:52.6575910Z  * [new branch]          codex/3626-lifecycle-contract -> origin/codex/3626-lifecycle-contract
stable legacy/public capture	UNKNOWN STEP	2026-10-06T10:05:52.6576344Z  * [new branch]          codex/3627-lifecycle-counters -> origin/codex/3627-lifecycle-counters
stable legacy/public capture	UNKNOWN STEP	2026-10-06T10:05:52.6576825Z  * [new branch]          codex/3654-m0-durable-sync-baseline -> origin/codex/3654-m0-durable-sync-baseline
stable legacy/public capture	UNKNOWN STEP	2026-10-06T10:05:52.6577328Z  * [new branch]          codex/3655-m1-checkpoint-frontier -> origin/codex/3655-m1-checkpoint-frontier
stable legacy/public capture	UNKNOWN STEP	2026-10-06T10:05:52.6577806Z  * [new branch]          codex/3656-m2-durability-ledger -> origin/codex/3656-m2-durability-ledger
stable legacy/public capture	UNKNOWN STEP	2026-10-06T10:05:52.6578288Z  * [new branch]          codex/3657-m3-vlog-sync-coalescing -> origin/codex/3657-m3-vlog-sync-coalescing
stable legacy/public capture	UNKNOWN STEP	2026-10-06T10:05:52.6578798Z  * [new branch]          codex/3665-raft-ci-headroom-followup -> origin/codex/3665-raft-ci-headroom-followup
stable legacy/public capture	UNKNOWN STEP	2026-10-06T10:05:52.6579309Z  * [new branch]          codex/3665-raft-stability-followup -> origin/codex/3665-raft-stability-followup
stable legacy/public capture	UNKNOWN STEP	2026-10-06T10:05:52.6579805Z  * [new branch]          codex/3665-windows-raft-readiness -> origin/codex/3665-windows-raft-readiness
stable legacy/public capture	UNKNOWN STEP	2026-10-06T10:05:52.6580262Z  * [new branch]          codex/3666-leaf-pack-apply -> origin/codex/3666-leaf-pack-apply
stable legacy/public capture	UNKNOWN STEP	2026-10-06T10:05:52.6580729Z  * [new branch]          codex/3669-all-versions-pruning -> origin/codex/3669-all-versions-pruning
stable legacy/public capture	UNKNOWN STEP	2026-10-06T10:05:52.6581276Z  * [new branch]          codex/3670-external-mvcc-codec -> origin/codex/3670-external-mvcc-codec
stable legacy/public capture	UNKNOWN STEP	2026-10-06T10:05:52.6581759Z  * [new branch]          codex/3671-snapshot-seek-iterators -> origin/codex/3671-snapshot-seek-iterators
stable legacy/public capture	UNKNOWN STEP	2026-10-06T10:05:52.6582190Z  * [new branch]          codex/3672-commit-get-at -> origin/codex/3672-commit-get-at
stable legacy/public capture	UNKNOWN STEP	2026-10-06T10:05:52.6582611Z  * [new branch]          codex/3673-conformance-closeout -> origin/codex/3673-conformance-closeout
stable legacy/public capture	UNKNOWN STEP	2026-10-06T10:05:52.6583045Z  * [new branch]          codex/3674-power-loss-oracle -> origin/codex/3674-power-loss-oracle
stable legacy/public capture	UNKNOWN STEP	2026-10-06T10:05:52.6583474Z  * [new branch]          codex/3675-root-publication -> origin/codex/3675-root-publication
stable legacy/public capture	UNKNOWN STEP	2026-10-06T10:05:52.6583901Z  * [new branch]          codex/3675-root-publication-v2 -> origin/codex/3675-root-publication-v2
stable legacy/public capture	UNKNOWN STEP	2026-10-06T10:05:52.6584337Z  * [new branch]          codex/3676-command-frame-v2 -> origin/codex/3676-command-frame-v2
stable legacy/public capture	UNKNOWN STEP	2026-10-06T10:05:52.6584751Z  * [new branch]          codex/3676-command-wal-tail -> origin/codex/3676-command-wal-tail
stable legacy/public capture	UNKNOWN STEP	2026-10-06T10:05:52.6585255Z  * [new branch]          codex/3677-all-kind-closeout -> origin/codex/3677-all-kind-closeout
stable legacy/public capture	UNKNOWN STEP	2026-10-06T10:05:52.6585753Z  * [new branch]          codex/3677-backup-authority-reconcile -> origin/codex/3677-backup-authority-reconcile
stable legacy/public capture	UNKNOWN STEP	2026-10-06T10:05:52.6586267Z  * [new branch]          codex/3677-column-authority-main -> origin/codex/3677-column-authority-main
stable legacy/public capture	UNKNOWN STEP	2026-10-06T10:05:52.6586780Z  * [new branch]          codex/3677-column-segment-authority -> origin/codex/3677-column-segment-authority
stable legacy/public capture	UNKNOWN STEP	2026-10-06T10:05:52.6587268Z  * [new branch]          codex/3677-dictionary-authority -> origin/codex/3677-dictionary-authority
stable legacy/public capture	UNKNOWN STEP	2026-10-06T10:05:52.6587751Z  * [new branch]          codex/3677-fresh-layout-namespace -> origin/codex/3677-fresh-layout-namespace
stable legacy/public capture	UNKNOWN STEP	2026-10-06T10:05:52.6588336Z  * [new branch]          codex/3677-inventory-closeout -> origin/codex/3677-inventory-closeout
stable legacy/public capture	UNKNOWN STEP	2026-10-06T10:05:52.6588752Z  * [new branch]          codex/3677-manifest-v2  -> origin/codex/3677-manifest-v2
stable legacy/public capture	UNKNOWN STEP	2026-10-06T10:05:52.6589179Z  * [new branch]          codex/3677-packed-authority-main -> origin/codex/3677-packed-authority-main
stable legacy/public capture	UNKNOWN STEP	2026-10-06T10:05:52.6589640Z  * [new branch]          codex/3677-packed-authority-v2 -> origin/codex/3677-packed-authority-v2
stable legacy/public capture	UNKNOWN STEP	2026-10-06T10:05:52.6590107Z  * [new branch]          codex/3677-quarantined-authority -> origin/codex/3677-quarantined-authority
stable legacy/public capture	UNKNOWN STEP	2026-10-06T10:05:52.6590562Z  * [new branch]          codex/3677-raw-capture-upper -> origin/codex/3677-raw-capture-upper
stable legacy/public capture	UNKNOWN STEP	2026-10-06T10:05:52.6591050Z  * [new branch]          codex/3677-registry-constructor-only -> origin/codex/3677-registry-constructor-only
stable legacy/public capture	UNKNOWN STEP	2026-10-06T10:05:52.6591524Z  * [new branch]          codex/3677-resource-contract -> origin/codex/3677-resource-contract
stable legacy/public capture	UNKNOWN STEP	2026-10-06T10:05:52.6592020Z  * [new branch]          codex/3677-stable-manifest-replacement -> origin/codex/3677-stable-manifest-replacement
stable legacy/public capture	UNKNOWN STEP	2026-10-06T10:05:52.6592601Z  * [new branch]          codex/3677-stable-publication-foundation -> origin/codex/3677-stable-publication-foundation
stable legacy/public capture	UNKNOWN STEP	2026-10-06T10:05:52.6593179Z  * [new branch]          codex/3677-stable-publication-hardening -> origin/codex/3677-stable-publication-hardening
stable legacy/public capture	UNKNOWN STEP	2026-10-06T10:05:52.6593693Z  * [new branch]          codex/3677-stable-resource-core -> origin/codex/3677-stable-resource-core
stable legacy/public capture	UNKNOWN STEP	2026-10-06T10:05:52.6594173Z  * [new branch]          codex/3677-stable-resource-tokens -> origin/codex/3677-stable-resource-tokens
stable legacy/public capture	UNKNOWN STEP	2026-10-06T10:05:52.6594703Z  * [new branch]          codex/3677-stable-resource-tokens-v2 -> origin/codex/3677-stable-resource-tokens-v2
stable legacy/public capture	UNKNOWN STEP	2026-10-06T10:05:52.6595327Z  * [new branch]          codex/3677-standalone-column-authority -> origin/codex/3677-standalone-column-authority
stable legacy/public capture	UNKNOWN STEP	2026-10-06T10:05:52.6595826Z  * [new branch]          codex/3677-template-authority -> origin/codex/3677-template-authority
stable legacy/public capture	UNKNOWN STEP	2026-10-06T10:05:52.6596267Z  * [new branch]          codex/3677-vlog-identity-pins -> origin/codex/3677-vlog-identity-pins
stable legacy/public capture	UNKNOWN STEP	2026-10-06T10:05:52.6596824Z  * [new branch]          codex/3677-vlog-identity-pins-pr -> origin/codex/3677-vlog-identity-pins-pr
stable legacy/public capture	UNKNOWN STEP	2026-10-06T10:05:52.6597282Z  * [new branch]          codex/3678-cow-freelist-v2 -> origin/codex/3678-cow-freelist-v2
stable legacy/public capture	UNKNOWN STEP	2026-10-06T10:05:52.6597716Z  * [new branch]          codex/3679-durable-root-cutover -> origin/codex/3679-durable-root-cutover
stable legacy/public capture	UNKNOWN STEP	2026-10-06T10:05:52.6598209Z  * [new branch]          codex/3680-public-poison-admission -> origin/codex/3680-public-poison-admission
stable legacy/public capture	UNKNOWN STEP	2026-10-06T10:05:52.6598712Z  * [new branch]          codex/3680-safe-root-activation -> origin/codex/3680-safe-root-activation
stable legacy/public capture	UNKNOWN STEP	2026-10-06T10:05:52.6599197Z  * [new branch]          codex/3680-safe-root-activation-v2 -> origin/codex/3680-safe-root-activation-v2
stable legacy/public capture	UNKNOWN STEP	2026-10-06T10:05:52.6599695Z  * [new branch]          codex/3681-deletion-namespace-sync -> origin/codex/3681-deletion-namespace-sync
stable legacy/public capture	UNKNOWN STEP	2026-10-06T10:05:52.6600179Z  * [new branch]          codex/3681-recoverable-root-set -> origin/codex/3681-recoverable-root-set
stable legacy/public capture	UNKNOWN STEP	2026-10-06T10:05:52.6600649Z  * [new branch]          codex/3682-durable-wal-cleanup -> origin/codex/3682-durable-wal-cleanup
stable legacy/public capture	UNKNOWN STEP	2026-10-06T10:05:52.6601105Z  * [new branch]          codex/3683-durability-profiles -> origin/codex/3683-durability-profiles
stable legacy/public capture	UNKNOWN STEP	2026-10-06T10:05:52.6601603Z  * [new branch]          codex/3684-certification-runner -> origin/codex/3684-certification-runner
stable legacy/public capture	UNKNOWN STEP	2026-10-06T10:05:52.6602067Z  * [new branch]          codex/3684-enumerator-hardening -> origin/codex/3684-enumerator-hardening
stable legacy/public capture	UNKNOWN STEP	2026-10-06T10:05:52.6602480Z  * [new branch]          codex/3684-layout-cert  -> origin/codex/3684-layout-cert
stable legacy/public capture	UNKNOWN STEP	2026-10-06T10:05:52.6602920Z  * [new branch]          codex/3684-powerloss-certification -> origin/codex/3684-powerloss-certification
stable legacy/public capture	UNKNOWN STEP	2026-10-06T10:05:52.6603349Z  * [new branch]          codex/3684-recert-3949  -> origin/codex/3684-recert-3949
stable legacy/public capture	UNKNOWN STEP	2026-10-06T10:05:52.6603894Z  * [new branch]          codex/3684-terminal-certificate -> origin/codex/3684-terminal-certificate
stable legacy/public capture	UNKNOWN STEP	2026-10-06T10:05:52.6604347Z  * [new branch]          codex/3695-jsonbench-contract -> origin/codex/3695-jsonbench-contract
stable legacy/public capture	UNKNOWN STEP	2026-10-06T10:05:52.6604775Z  * [new branch]          codex/3696-query-ready-base -> origin/codex/3696-query-ready-base
stable legacy/public capture	UNKNOWN STEP	2026-10-06T10:05:52.6605354Z  * [new branch]          codex/3697-query-ready-deltas -> origin/codex/3697-query-ready-deltas
stable legacy/public capture	UNKNOWN STEP	2026-10-06T10:05:52.6605789Z  * [new branch]          codex/3698-query-ready-open -> origin/codex/3698-query-ready-open
stable legacy/public capture	UNKNOWN STEP	2026-10-06T10:05:52.6606213Z  * [new branch]          codex/3699-encoded-base-delta -> origin/codex/3699-encoded-base-delta
stable legacy/public capture	UNKNOWN STEP	2026-10-06T10:05:52.6606691Z  * [new branch]          codex/3700-query-ready-build-bounds -> origin/codex/3700-query-ready-build-bounds
stable legacy/public capture	UNKNOWN STEP	2026-10-06T10:05:52.6607232Z  * [new branch]          codex/3703-leaf-generation-stats-race -> origin/codex/3703-leaf-generation-stats-race
stable legacy/public capture	UNKNOWN STEP	2026-10-06T10:05:52.6607724Z  * [new branch]          codex/3707-caching-shard-race -> origin/codex/3707-caching-shard-race
stable legacy/public capture	UNKNOWN STEP	2026-10-06T10:05:52.6608241Z  * [new branch]          codex/3715-prepared-leaf-pack-relocation -> origin/codex/3715-prepared-leaf-pack-relocation
stable legacy/public capture	UNKNOWN STEP	2026-10-06T10:05:52.6608792Z  * [new branch]          codex/3717-adversarial-crash-images -> origin/codex/3717-adversarial-crash-images
stable legacy/public capture	UNKNOWN STEP	2026-10-06T10:05:52.6609261Z  * [new branch]          codex/3718-command-wal-prefix -> origin/codex/3718-command-wal-prefix
stable legacy/public capture	UNKNOWN STEP	2026-10-06T10:05:52.6609723Z  * [new branch]          codex/3727-dgraph-benchmark-gates -> origin/codex/3727-dgraph-benchmark-gates
stable legacy/public capture	UNKNOWN STEP	2026-10-06T10:05:52.6610179Z  * [new branch]          codex/3728-point-successor -> origin/codex/3728-point-successor
stable legacy/public capture	UNKNOWN STEP	2026-10-06T10:05:52.6610638Z  * [new branch]          codex/3729-command-wal-group-commit -> origin/codex/3729-command-wal-group-commit
stable legacy/public capture	UNKNOWN STEP	2026-10-06T10:05:52.6611096Z  * [new branch]          codex/3731-materialized-rid -> origin/codex/3731-materialized-rid
stable legacy/public capture	UNKNOWN STEP	2026-10-06T10:05:52.6611591Z  * [new branch]          codex/3733-m0-post-durability-evidence -> origin/codex/3733-m0-post-durability-evidence
stable legacy/public capture	UNKNOWN STEP	2026-10-06T10:05:52.6612215Z  * [new branch]          codex/3755-semstream-encoder-pool -> origin/codex/3755-semstream-encoder-pool
stable legacy/public capture	UNKNOWN STEP	2026-10-06T10:05:52.6612739Z  * [new branch]          codex/3761-single-pass-retained-json -> origin/codex/3761-single-pass-retained-json
stable legacy/public capture	UNKNOWN STEP	2026-10-06T10:05:52.6613258Z  * [new branch]          codex/3771-post-merge-contract-fix -> origin/codex/3771-post-merge-contract-fix
stable legacy/public capture	UNKNOWN STEP	2026-10-06T10:05:52.6613744Z  * [new branch]          codex/3778-command-wal-cleanup -> origin/codex/3778-command-wal-cleanup
stable legacy/public capture	UNKNOWN STEP	2026-10-06T10:05:52.6614168Z  * [new branch]          codex/3779-exact-merge-ci -> origin/codex/3779-exact-merge-ci
stable legacy/public capture	UNKNOWN STEP	2026-10-06T10:05:52.6614590Z  * [new branch]          codex/3783-mvcc-paired-verdict -> origin/codex/3783-mvcc-paired-verdict
stable legacy/public capture	UNKNOWN STEP	2026-10-06T10:05:52.6615073Z  * [new branch]          codex/3784-nativewire-phase-context -> origin/codex/3784-nativewire-phase-context
stable legacy/public capture	UNKNOWN STEP	2026-10-06T10:05:52.6615775Z  * [new branch]          codex/3788-snapshot-paired-gate -> origin/codex/3788-snapshot-paired-gate
stable legacy/public capture	UNKNOWN STEP	2026-10-06T10:05:52.6616254Z  * [new branch]          codex/3790-durable-root-rewrite -> origin/codex/3790-durable-root-rewrite
stable legacy/public capture	UNKNOWN STEP	2026-10-06T10:05:52.6616784Z  * [new branch]          codex/3792-race-package-timeout-followup -> origin/codex/3792-race-package-timeout-followup
stable legacy/public capture	UNKNOWN STEP	2026-10-06T10:05:52.6617312Z  * [new branch]          codex/3792-vacuum-race-headroom -> origin/codex/3792-vacuum-race-headroom
stable legacy/public capture	UNKNOWN STEP	2026-10-06T10:05:52.6617779Z  * [new branch]          codex/3795-windows-core-headroom -> origin/codex/3795-windows-core-headroom
stable legacy/public capture	UNKNOWN STEP	2026-10-06T10:05:52.6618242Z  * [new branch]          codex/3796-caching-waiter-sync -> origin/codex/3796-caching-waiter-sync
stable legacy/public capture	UNKNOWN STEP	2026-10-06T10:05:52.6618698Z  * [new branch]          codex/3800-mvcc-row-equivalence -> origin/codex/3800-mvcc-row-equivalence
stable legacy/public capture	UNKNOWN STEP	2026-10-06T10:05:52.6619265Z  * [new branch]          codex/3802-rewrite-queue-first-call -> origin/codex/3802-rewrite-queue-first-call
stable legacy/public capture	UNKNOWN STEP	2026-10-06T10:05:52.6620128Z  * [new branch]          codex/3806-vector-alloc-race -> origin/codex/3806-vector-alloc-race
stable legacy/public capture	UNKNOWN STEP	2026-10-06T10:05:52.6620964Z  * [new branch]          codex/3807-checkpoint-productivity-sync -> origin/codex/3807-checkpoint-productivity-sync
stable legacy/public capture	UNKNOWN STEP	2026-10-06T10:05:52.6621747Z  * [new branch]          codex/3808-pager-truncate-atomic -> origin/codex/3808-pager-truncate-atomic
stable legacy/public capture	UNKNOWN STEP	2026-10-06T10:05:52.6622488Z  * [new branch]          codex/3812-scalar-vector-alloc-race -> origin/codex/3812-scalar-vector-alloc-race
stable legacy/public capture	UNKNOWN STEP	2026-10-06T10:05:52.6623295Z  * [new branch]          codex/3814-vlog-age-delete-race -> origin/codex/3814-vlog-age-delete-race
stable legacy/public capture	UNKNOWN STEP	2026-10-06T10:05:52.6624032Z  * [new branch]          codex/3816-settle-pin-baseline -> origin/codex/3816-settle-pin-baseline
stable legacy/public capture	UNKNOWN STEP	2026-10-06T10:05:52.6624885Z  * [new branch]          codex/3819-compact-storage-enoent -> origin/codex/3819-compact-storage-enoent
stable legacy/public capture	UNKNOWN STEP	2026-10-06T10:05:52.6625740Z  * [new branch]          codex/3822-settle-mvcc-benchmark -> origin/codex/3822-settle-mvcc-benchmark
stable legacy/public capture	UNKNOWN STEP	2026-10-06T10:05:52.6626423Z  * [new branch]          codex/3823-incremental-root -> origin/codex/3823-incremental-root
stable legacy/public capture	UNKNOWN STEP	2026-10-06T10:05:52.6627018Z  * [new branch]          codex/3826-3827-ci-contracts -> origin/codex/3826-3827-ci-contracts
stable legacy/public capture	UNKNOWN STEP	2026-10-06T10:05:52.6627615Z  * [new branch]          codex/3829-3830-ci-contracts -> origin/codex/3829-3830-ci-contracts
stable legacy/public capture	UNKNOWN STEP	2026-10-06T10:05:52.6628323Z  * [new branch]          codex/3833-pre-meta-test-sync -> origin/codex/3833-pre-meta-test-sync
stable legacy/public capture	UNKNOWN STEP	2026-10-06T10:05:52.6629089Z  * [new branch]          codex/3837-vlog-perf-aggregate -> origin/codex/3837-vlog-perf-aggregate
stable legacy/public capture	UNKNOWN STEP	2026-10-06T10:05:52.6629847Z  * [new branch]          codex/3839-text-v2-rewrite-gc -> origin/codex/3839-text-v2-rewrite-gc
stable legacy/public capture	UNKNOWN STEP	2026-10-06T10:05:52.6630722Z  * [new branch]          codex/3841-retained-prune-ownership -> origin/codex/3841-retained-prune-ownership
stable legacy/public capture	UNKNOWN STEP	2026-10-06T10:05:52.6631630Z  * [new branch]          codex/3843-real-catalog-settlement -> origin/codex/3843-real-catalog-settlement
stable legacy/public capture	UNKNOWN STEP	2026-10-06T10:05:52.6632709Z  * [new branch]          codex/3843-text-index-accepted-replay -> origin/codex/3843-text-index-accepted-replay
stable legacy/public capture	UNKNOWN STEP	2026-10-06T10:05:52.6633634Z  * [new branch]          codex/3846-rewrite-leafgc-stale -> origin/codex/3846-rewrite-leafgc-stale
stable legacy/public capture	UNKNOWN STEP	2026-10-06T10:05:52.6634507Z  * [new branch]          codex/3848-vector-alloc-isolation -> origin/codex/3848-vector-alloc-isolation
stable legacy/public capture	UNKNOWN STEP	2026-10-06T10:05:52.6635413Z  * [new branch]          codex/3852-wal-on-fast-gap -> origin/codex/3852-wal-on-fast-gap
stable legacy/public capture	UNKNOWN STEP	2026-10-06T10:05:52.6636154Z  * [new branch]          codex/3853-command-wal-pruning -> origin/codex/3853-command-wal-pruning
stable legacy/public capture	UNKNOWN STEP	2026-10-06T10:05:52.6636975Z  * [new branch]          codex/3854-fragmentation-parity -> origin/codex/3854-fragmentation-parity
stable legacy/public capture	UNKNOWN STEP	2026-10-06T10:05:52.6637821Z  * [new branch]          codex/3857-ci-cycle-integration -> origin/codex/3857-ci-cycle-integration
stable legacy/public capture	UNKNOWN STEP	2026-10-06T10:05:52.6638618Z  * [new branch]          codex/3857-proof-a-bd3dca5f7 -> origin/codex/3857-proof-a-bd3dca5f7
stable legacy/public capture	UNKNOWN STEP	2026-10-06T10:05:52.6639364Z  * [new branch]          codex/3857-proof-a-cea78990f -> origin/codex/3857-proof-a-cea78990f
stable legacy/public capture	UNKNOWN STEP	2026-10-06T10:05:52.6640108Z  * [new branch]          codex/3857-proof-a-f823618a9 -> origin/codex/3857-proof-a-f823618a9
stable legacy/public capture	UNKNOWN STEP	2026-10-06T10:05:52.6640924Z  * [new branch]          codex/3863-vlog-cpu-service-gate -> origin/codex/3863-vlog-cpu-service-gate
stable legacy/public capture	UNKNOWN STEP	2026-10-06T10:05:52.6641738Z  * [new branch]          codex/3864-3871-ci-restoration -> origin/codex/3864-3871-ci-restoration
stable legacy/public capture	UNKNOWN STEP	2026-10-06T10:05:52.6642549Z  * [new branch]          codex/3866-vlog-gc-slot-settlement -> origin/codex/3866-vlog-gc-slot-settlement
stable legacy/public capture	UNKNOWN STEP	2026-10-06T10:05:52.6643426Z  * [new branch]          codex/3867-3868-main-ci-restoration -> origin/codex/3867-3868-main-ci-restoration
stable legacy/public capture	UNKNOWN STEP	2026-10-06T10:05:52.6644282Z  * [new branch]          codex/3868-windows-core-headroom-v2 -> origin/codex/3868-windows-core-headroom-v2
stable legacy/public capture	UNKNOWN STEP	2026-10-06T10:05:52.6644950Z  * [new branch]          codex/3868-windows-core-headroom-v3 -> origin/codex/3868-windows-core-headroom-v3
stable legacy/public capture	UNKNOWN STEP	2026-10-06T10:05:52.6645830Z  * [new branch]          codex/3873-column-asset-gc-handoff -> origin/codex/3873-column-asset-gc-handoff
stable legacy/public capture	UNKNOWN STEP	2026-10-06T10:05:52.6646325Z  * [new branch]          codex/3876-root-macos-headroom -> origin/codex/3876-root-macos-headroom
stable legacy/public capture	UNKNOWN STEP	2026-10-06T10:05:52.6646842Z  * [new branch]          codex/3879-sync-checkpoint-isolation -> origin/codex/3879-sync-checkpoint-isolation
stable legacy/public capture	UNKNOWN STEP	2026-10-06T10:05:52.6647366Z  * [new branch]          codex/3881-close-drain-boundary -> origin/codex/3881-close-drain-boundary
stable legacy/public capture	UNKNOWN STEP	2026-10-06T10:05:52.6647875Z  * [new branch]          codex/3887-monotonic-reconstruction -> origin/codex/3887-monotonic-reconstruction
stable legacy/public capture	UNKNOWN STEP	2026-10-06T10:05:52.6648359Z  * [new branch]          codex/3888-query-ready-prep -> origin/codex/3888-query-ready-prep
stable legacy/public capture	UNKNOWN STEP	2026-10-06T10:05:52.6648841Z  * [new branch]          codex/3890-primary-physical-locator -> origin/codex/3890-primary-physical-locator
stable legacy/public capture	UNKNOWN STEP	2026-10-06T10:05:52.6649403Z  * [new branch]          codex/3894-compact-storage-evidence-fix -> origin/codex/3894-compact-storage-evidence-fix
stable legacy/public capture	UNKNOWN STEP	2026-10-06T10:05:52.6649985Z  * [new branch]          codex/3896-jsonbench-row-count-contract -> origin/codex/3896-jsonbench-row-count-contract
stable legacy/public capture	UNKNOWN STEP	2026-10-06T10:05:52.6650570Z  * [new branch]          codex/3897-bounded-generic-reconstruction -> origin/codex/3897-bounded-generic-reconstruction
stable legacy/public capture	UNKNOWN STEP	2026-10-06T10:05:52.6651073Z  * [new branch]          codex/3898-publish-commit -> origin/codex/3898-publish-commit
stable legacy/public capture	UNKNOWN STEP	2026-10-06T10:05:52.6651515Z  * [new branch]          codex/3899-q4-q5-fused-reduction -> origin/codex/3899-q4-q5-fused-reduction
stable legacy/public capture	UNKNOWN STEP	2026-10-06T10:05:52.6652019Z  * [new branch]          codex/3904-column-plan-construction -> origin/codex/3904-column-plan-construction
stable legacy/public capture	UNKNOWN STEP	2026-10-06T10:05:52.6652508Z  * [new branch]          codex/3909-vector-partition-m0 -> origin/codex/3909-vector-partition-m0
stable legacy/public capture	UNKNOWN STEP	2026-10-06T10:05:52.6652962Z  * [new branch]          codex/3910-vector-partition-m1 -> origin/codex/3910-vector-partition-m1
stable legacy/public capture	UNKNOWN STEP	2026-10-06T10:05:52.6653411Z  * [new branch]          codex/3911-vector-partition-m2 -> origin/codex/3911-vector-partition-m2
stable legacy/public capture	UNKNOWN STEP	2026-10-06T10:05:52.6653962Z  * [new branch]          codex/3912-vector-partition-m3 -> origin/codex/3912-vector-partition-m3
stable legacy/public capture	UNKNOWN STEP	2026-10-06T10:05:52.6654430Z  * [new branch]          codex/3913-vector-partition-m4 -> origin/codex/3913-vector-partition-m4
stable legacy/public capture	UNKNOWN STEP	2026-10-06T10:05:52.6654886Z  * [new branch]          codex/3914-vector-partition-m5 -> origin/codex/3914-vector-partition-m5
stable legacy/public capture	UNKNOWN STEP	2026-10-06T10:05:52.6655422Z  * [new branch]          codex/3915-vector-partition-m6 -> origin/codex/3915-vector-partition-m6
stable legacy/public capture	UNKNOWN STEP	2026-10-06T10:05:52.6655889Z  * [new branch]          codex/3916-vector-partition-m7 -> origin/codex/3916-vector-partition-m7
stable legacy/public capture	UNKNOWN STEP	2026-10-06T10:05:52.6656343Z  * [new branch]          codex/3917-vector-partition-m8 -> origin/codex/3917-vector-partition-m8
stable legacy/public capture	UNKNOWN STEP	2026-10-06T10:05:52.6656874Z  * [new branch]          codex/3919-bounded-descriptor-transitions -> origin/codex/3919-bounded-descriptor-transitions
stable legacy/public capture	UNKNOWN STEP	2026-10-06T10:05:52.6657445Z  * [new branch]          codex/3924-manifest-mutation-delta -> origin/codex/3924-manifest-mutation-delta
stable legacy/public capture	UNKNOWN STEP	2026-10-06T10:05:52.6657965Z  * [new branch]          codex/3928-bounded-resource-closure -> origin/codex/3928-bounded-resource-closure
stable legacy/public capture	UNKNOWN STEP	2026-10-06T10:05:52.6658414Z  * [new branch]          codex/3931-rid-hole     -> origin/codex/3931-rid-hole
stable legacy/public capture	UNKNOWN STEP	2026-10-06T10:05:52.6658792Z  * [new branch]          codex/3933-stale-witness -> origin/codex/3933-stale-witness
stable legacy/public capture	UNKNOWN STEP	2026-10-06T10:05:52.6659246Z  * [new branch]          codex/3935-serialize-dict-publish -> origin/codex/3935-serialize-dict-publish
stable legacy/public capture	UNKNOWN STEP	2026-10-06T10:05:52.6659694Z  * [new branch]          codex/3937-stale-contract -> origin/codex/3937-stale-contract
stable legacy/public capture	UNKNOWN STEP	2026-10-06T10:05:52.6660076Z  * [new branch]          codex/3939-provenance   -> origin/codex/3939-provenance
stable legacy/public capture	UNKNOWN STEP	2026-10-06T10:05:52.6660483Z  * [new branch]          codex/3941-fanin-publication -> origin/codex/3941-fanin-publication
stable legacy/public capture	UNKNOWN STEP	2026-10-06T10:05:52.6661009Z  * [new branch]          codex/3943-vacuum-baseline -> origin/codex/3943-vacuum-baseline
stable legacy/public capture	UNKNOWN STEP	2026-10-06T10:05:52.6661413Z  * [new branch]          codex/3944-online-vacuum -> origin/codex/3944-online-vacuum
stable legacy/public capture	UNKNOWN STEP	2026-10-06T10:05:52.6661883Z  * [new branch]          codex/3945-public-background-vacuum -> origin/codex/3945-public-background-vacuum
stable legacy/public capture	UNKNOWN STEP	2026-10-06T10:05:52.6662440Z  * [new branch]          codex/3946-compact-storage-index-vacuum -> origin/codex/3946-compact-storage-index-vacuum
stable legacy/public capture	UNKNOWN STEP	2026-10-06T10:05:52.6663042Z  * [new branch]          codex/3947-index-vacuum-certification -> origin/codex/3947-index-vacuum-certification
stable legacy/public capture	UNKNOWN STEP	2026-10-06T10:05:52.6663571Z  * [new branch]          codex/3952-singleton-publication -> origin/codex/3952-singleton-publication
stable legacy/public capture	UNKNOWN STEP	2026-10-06T10:05:52.6664003Z  * [new branch]          codex/3956-mvcc-shard   -> origin/codex/3956-mvcc-shard
stable legacy/public capture	UNKNOWN STEP	2026-10-06T10:05:52.6664390Z  * [new branch]          codex/3960-page-ownership -> origin/codex/3960-page-ownership
stable legacy/public capture	UNKNOWN STEP	2026-10-06T10:05:52.6664783Z  * [new branch]          codex/3970-catalog-meta -> origin/codex/3970-catalog-meta
stable legacy/public capture	UNKNOWN STEP	2026-10-06T10:05:52.6665281Z  * [new branch]          codex/3980-vector-exactness -> origin/codex/3980-vector-exactness
stable legacy/public capture	UNKNOWN STEP	2026-10-06T10:05:52.6665760Z  * [new branch]          codex/3986-windows-start-handshake -> origin/codex/3986-windows-start-handshake
stable legacy/public capture	UNKNOWN STEP	2026-10-06T10:05:52.6666222Z  * [new branch]          codex/3990-perf-smoke-gate -> origin/codex/3990-perf-smoke-gate
stable legacy/public capture	UNKNOWN STEP	2026-10-06T10:05:52.6666673Z  * [new branch]          codex/3994-authoritative-replay -> origin/codex/3994-authoritative-replay
stable legacy/public capture	UNKNOWN STEP	2026-10-06T10:05:52.6667135Z  * [new branch]          codex/3996-vector-zero-alloc -> origin/codex/3996-vector-zero-alloc
stable legacy/public capture	UNKNOWN STEP	2026-10-06T10:05:52.6667578Z  * [new branch]          codex/3997-race-outer-headroom -> origin/codex/3997-race-outer-headroom
stable legacy/public capture	UNKNOWN STEP	2026-10-06T10:05:52.6668028Z  * [new branch]          codex/3997-race-shard-headroom -> origin/codex/3997-race-shard-headroom
stable legacy/public capture	UNKNOWN STEP	2026-10-06T10:05:52.6668482Z  * [new branch]          codex/4013-vector-v1-contract -> origin/codex/4013-vector-v1-contract
stable legacy/public capture	UNKNOWN STEP	2026-10-06T10:05:52.6669009Z  * [new branch]          codex/4015-v1-qualification -> origin/codex/4015-v1-qualification
stable legacy/public capture	UNKNOWN STEP	2026-10-06T10:05:52.6669406Z  * [new branch]          codex/4036-mongo-or     -> origin/codex/4036-mongo-or
stable legacy/public capture	UNKNOWN STEP	2026-10-06T10:05:52.6669789Z  * [new branch]          codex/4037-mongo-mutations -> origin/codex/4037-mongo-mutations
stable legacy/public capture	UNKNOWN STEP	2026-10-06T10:05:52.6670237Z  * [new branch]          codex/4038-mongo-find-and-modify -> origin/codex/4038-mongo-find-and-modify
stable legacy/public capture	UNKNOWN STEP	2026-10-06T10:05:52.6670703Z  * [new branch]          codex/4042-mongo-first-write -> origin/codex/4042-mongo-first-write
stable legacy/public capture	UNKNOWN STEP	2026-10-06T10:05:52.6671157Z  * [new branch]          codex/4045-mongo-filter-writes -> origin/codex/4045-mongo-filter-writes
stable legacy/public capture	UNKNOWN STEP	2026-10-06T10:05:52.6671633Z  * [new branch]          codex/4046-mongo-nested-updates -> origin/codex/4046-mongo-nested-updates
stable legacy/public capture	UNKNOWN STEP	2026-10-06T10:05:52.6672181Z  * [new branch]          codex/4047-mongo-aggregate-count-distinct -> origin/codex/4047-mongo-aggregate-count-distinct
stable legacy/public capture	UNKNOWN STEP	2026-10-06T10:05:52.6672763Z  * [new branch]          codex/4053-mongo-differential-runner -> origin/codex/4053-mongo-differential-runner
stable legacy/public capture	UNKNOWN STEP	2026-10-06T10:05:52.6673254Z  * [new branch]          codex/4054-mongo-diagnostics -> origin/codex/4054-mongo-diagnostics
stable legacy/public capture	UNKNOWN STEP	2026-10-06T10:05:52.6673671Z  * [new branch]          codex/4055-mongo-explain -> origin/codex/4055-mongo-explain
stable legacy/public capture	UNKNOWN STEP	2026-10-06T10:05:52.6674053Z  * [new branch]          codex/4057-mongo-tls    -> origin/codex/4057-mongo-tls
stable legacy/public capture	UNKNOWN STEP	2026-10-06T10:05:52.6674421Z  * [new branch]          codex/4058-scram-auth   -> origin/codex/4058-scram-auth
stable legacy/public capture	UNKNOWN STEP	2026-10-06T10:05:52.6674843Z  * [new branch]          codex/4059-mongo-authorization -> origin/codex/4059-mongo-authorization
stable legacy/public capture	UNKNOWN STEP	2026-10-06T10:05:52.6675379Z  * [new branch]          codex/4060-mongo-write-concern -> origin/codex/4060-mongo-write-concern
stable legacy/public capture	UNKNOWN STEP	2026-10-06T10:05:52.6675845Z  * [new branch]          codex/4062-bson-index-adoption -> origin/codex/4062-bson-index-adoption
stable legacy/public capture	UNKNOWN STEP	2026-10-06T10:05:52.6676389Z  * [new branch]          codex/4063-compound-index -> origin/codex/4063-compound-index
stable legacy/public capture	UNKNOWN STEP	2026-10-06T10:05:52.6676812Z  * [new branch]          codex/4064-mongo-multi-write -> origin/codex/4064-mongo-multi-write
stable legacy/public capture	UNKNOWN STEP	2026-10-06T10:05:52.6677244Z  * [new branch]          codex/4065-compound-planner -> origin/codex/4065-compound-planner
stable legacy/public capture	UNKNOWN STEP	2026-10-06T10:05:52.6677667Z  * [new branch]          codex/4066-query-operators -> origin/codex/4066-query-operators
stable legacy/public capture	UNKNOWN STEP	2026-10-06T10:05:52.6678136Z  * [new branch]          codex/4105-local-hnsw-attribution -> origin/codex/4105-local-hnsw-attribution
stable legacy/public capture	UNKNOWN STEP	2026-10-06T10:05:52.6678578Z  * [new branch]          codex/4106-m-refinement -> origin/codex/4106-m-refinement
stable legacy/public capture	UNKNOWN STEP	2026-10-06T10:05:52.6679007Z  * [new branch]          codex/4106-reachability-repair -> origin/codex/4106-reachability-repair
stable legacy/public capture	UNKNOWN STEP	2026-10-06T10:05:52.6679543Z  * [new branch]          codex/4107-deterministic-insertion-order -> origin/codex/4107-deterministic-insertion-order
stable legacy/public capture	UNKNOWN STEP	2026-10-06T10:05:52.6680092Z  * [new branch]          codex/4108-final-child-status-fix -> origin/codex/4108-final-child-status-fix
stable legacy/public capture	UNKNOWN STEP	2026-10-06T10:05:52.6680610Z  * [new branch]          codex/4108-final-qualification -> origin/codex/4108-final-qualification
stable legacy/public capture	UNKNOWN STEP	2026-10-06T10:05:52.6681085Z  * [new branch]          codex/4108-pack-diagnostics-fix -> origin/codex/4108-pack-diagnostics-fix
stable legacy/public capture	UNKNOWN STEP	2026-10-06T10:05:52.6681558Z  * [new branch]          codex/4108-router-identity-fix -> origin/codex/4108-router-identity-fix
stable legacy/public capture	UNKNOWN STEP	2026-10-06T10:05:52.6681992Z  * [new branch]          codex/4126-router-identity -> origin/codex/4126-router-identity
stable legacy/public capture	UNKNOWN STEP	2026-10-06T10:05:52.6682379Z  * [new branch]          codex/4132-lower-ef     -> origin/codex/4132-lower-ef
stable legacy/public capture	UNKNOWN STEP	2026-10-06T10:05:52.6682783Z  * [new branch]          codex/4137-amd64-indexed-fp32 -> origin/codex/4137-amd64-indexed-fp32
stable legacy/public capture	UNKNOWN STEP	2026-10-06T10:05:52.6683200Z  * [new branch]          codex/4148-vlog-gc-flake -> origin/codex/4148-vlog-gc-flake
stable legacy/public capture	UNKNOWN STEP	2026-10-06T10:05:52.6683617Z  * [new branch]          codex/4151-command-wal-phase -> origin/codex/4151-command-wal-phase
stable legacy/public capture	UNKNOWN STEP	2026-10-06T10:05:52.6684033Z  * [new branch]          codex/4152-leaf-gc-flake -> origin/codex/4152-leaf-gc-flake
stable legacy/public capture	UNKNOWN STEP	2026-10-06T10:05:52.6684550Z  * [new branch]          codex/4160-m18-default  -> origin/codex/4160-m18-default
stable legacy/public capture	UNKNOWN STEP	2026-10-06T10:05:52.6684923Z  * [new branch]          codex/4161-m20-default  -> origin/codex/4161-m20-default
stable legacy/public capture	UNKNOWN STEP	2026-10-06T10:05:52.6685506Z  * [new branch]          codex/4162-hnsw-qualification -> origin/codex/4162-hnsw-qualification
stable legacy/public capture	UNKNOWN STEP	2026-10-06T10:05:52.6685975Z  * [new branch]          codex/4170-hnsw-edge-provenance -> origin/codex/4170-hnsw-edge-provenance
stable legacy/public capture	UNKNOWN STEP	2026-10-06T10:05:52.6686459Z  * [new branch]          codex/4170-query-ordinal-binding -> origin/codex/4170-query-ordinal-binding
stable legacy/public capture	UNKNOWN STEP	2026-10-06T10:05:52.6686918Z  * [new branch]          codex/4171-m18-edge-diagnosis -> origin/codex/4171-m18-edge-diagnosis
stable legacy/public capture	UNKNOWN STEP	2026-10-06T10:05:52.6687349Z  * [new branch]          codex/4172-hnsw-fixed-budget -> origin/codex/4172-hnsw-fixed-budget
stable legacy/public capture	UNKNOWN STEP	2026-10-06T10:05:52.6687798Z  * [new branch]          codex/4172-hnsw-fixed-budget-v2 -> origin/codex/4172-hnsw-fixed-budget-v2
stable legacy/public capture	UNKNOWN STEP	2026-10-06T10:05:52.6688267Z  * [new branch]          codex/4184-nativewire-readiness -> origin/codex/4184-nativewire-readiness
stable legacy/public capture	UNKNOWN STEP	2026-10-06T10:05:52.6688742Z  * [new branch]          codex/4185-raftcluster-readiness -> origin/codex/4185-raftcluster-readiness
stable legacy/public capture	UNKNOWN STEP	2026-10-06T10:05:52.6689218Z  * [new branch]          codex/4191-race-allocation-guard -> origin/codex/4191-race-allocation-guard
stable legacy/public capture	UNKNOWN STEP	2026-10-06T10:05:52.6689691Z  * [new branch]          codex/4195-stable-retained-clone -> origin/codex/4195-stable-retained-clone
stable legacy/public capture	UNKNOWN STEP	2026-10-06T10:05:52.6690200Z  * [new branch]          codex/4199-deterministic-vlog-rewrite -> origin/codex/4199-deterministic-vlog-rewrite
stable legacy/public capture	UNKNOWN STEP	2026-10-06T10:05:52.6690742Z  * [new branch]          codex/4201-command-wal-phase-boundary -> origin/codex/4201-command-wal-phase-boundary
stable legacy/public capture	UNKNOWN STEP	2026-10-06T10:05:52.6691323Z  * [new branch]          codex/4201-deterministic-empty-checkpoint -> origin/codex/4201-deterministic-empty-checkpoint
stable legacy/public capture	UNKNOWN STEP	2026-10-06T10:05:52.6691940Z  * [new branch]          codex/4203-topk-final-order -> origin/codex/4203-topk-final-order
stable legacy/public capture	UNKNOWN STEP	2026-10-06T10:05:52.6692430Z  * [new branch]          codex/4213-compact-vector-response -> origin/codex/4213-compact-vector-response
stable legacy/public capture	UNKNOWN STEP	2026-10-06T10:05:52.6692900Z  * [new branch]          codex/4214-raw-f32-quantized -> origin/codex/4214-raw-f32-quantized
stable legacy/public capture	UNKNOWN STEP	2026-10-06T10:05:52.6693363Z  * [new branch]          codex/4215-http-connection-reuse -> origin/codex/4215-http-connection-reuse
stable legacy/public capture	UNKNOWN STEP	2026-10-06T10:05:52.6693841Z  * [new branch]          codex/4216-c6i-vdbbench-report -> origin/codex/4216-c6i-vdbbench-report
stable legacy/public capture	UNKNOWN STEP	2026-10-06T10:05:52.6694263Z  * [new branch]          codex/4243-b-live-ann   -> origin/codex/4243-b-live-ann
stable legacy/public capture	UNKNOWN STEP	2026-10-06T10:05:52.6694646Z  * [new branch]          codex/4243-b3-throughput -> origin/codex/4243-b3-throughput
stable legacy/public capture	UNKNOWN STEP	2026-10-06T10:05:52.6695086Z  * [new branch]          codex/4243-search-coverage-wait -> origin/codex/4243-search-coverage-wait
stable legacy/public capture	UNKNOWN STEP	2026-10-06T10:05:52.6695763Z  * [new branch]          codex/4243-service-upsert-concurrency -> origin/codex/4243-service-upsert-concurrency
stable legacy/public capture	UNKNOWN STEP	2026-10-06T10:05:52.6696279Z  * [new branch]          codex/4247-ha-local-baseline -> origin/codex/4247-ha-local-baseline
stable legacy/public capture	UNKNOWN STEP	2026-10-06T10:05:52.6696754Z  * [new branch]          codex/4264-catalog-create-replay -> origin/codex/4264-catalog-create-replay
stable legacy/public capture	UNKNOWN STEP	2026-10-06T10:05:52.6697194Z  * [new branch]          codex/4267-rag-benchmark -> origin/codex/4267-rag-benchmark
stable legacy/public capture	UNKNOWN STEP	2026-10-06T10:05:52.6697613Z  * [new branch]          codex/4268-collection-chunker -> origin/codex/4268-collection-chunker
stable legacy/public capture	UNKNOWN STEP	2026-10-06T10:05:52.6698030Z  * [new branch]          codex/4269-embedder-seam -> origin/codex/4269-embedder-seam
stable legacy/public capture	UNKNOWN STEP	2026-10-06T10:05:52.6698410Z  * [new branch]          codex/4271-rag-ingestion -> origin/codex/4271-rag-ingestion
stable legacy/public capture	UNKNOWN STEP	2026-10-06T10:05:52.6698832Z  * [new branch]          codex/4273-service-rag-parity -> origin/codex/4273-service-rag-parity
stable legacy/public capture	UNKNOWN STEP	2026-10-06T10:05:52.6699306Z  * [new branch]          codex/4274-hybrid-retrieval-perf -> origin/codex/4274-hybrid-retrieval-perf
stable legacy/public capture	UNKNOWN STEP	2026-10-06T10:05:52.6699751Z  * [new branch]          codex/4275-ingestion-perf -> origin/codex/4275-ingestion-perf
stable legacy/public capture	UNKNOWN STEP	2026-10-06T10:05:52.6700326Z  * [new branch]          codex/4284-atomic-source-publication -> origin/codex/4284-atomic-source-publication
stable legacy/public capture	UNKNOWN STEP	2026-10-06T10:05:52.6700853Z  * [new branch]          codex/4288-rag-m3-final-evidence -> origin/codex/4288-rag-m3-final-evidence
stable legacy/public capture	UNKNOWN STEP	2026-10-06T10:05:52.6701375Z  * [new branch]          codex/4289-rag-application-baseline -> origin/codex/4289-rag-application-baseline
stable legacy/public capture	UNKNOWN STEP	2026-10-06T10:05:52.6701882Z  * [new branch]          codex/4290-metadata-propagation -> origin/codex/4290-metadata-propagation
stable legacy/public capture	UNKNOWN STEP	2026-10-06T10:05:52.6702337Z  * [new branch]          codex/4291-parent-collapse -> origin/codex/4291-parent-collapse
stable legacy/public capture	UNKNOWN STEP	2026-10-06T10:05:52.6702760Z  * [new branch]          codex/4292-multifield-and -> origin/codex/4292-multifield-and
stable legacy/public capture	UNKNOWN STEP	2026-10-06T10:05:52.6703267Z  * [new branch]          codex/4293-chunk-lifecycle-stabilization -> origin/codex/4293-chunk-lifecycle-stabilization
stable legacy/public capture	UNKNOWN STEP	2026-10-06T10:05:52.6703793Z  * [new branch]          codex/4294-embedder-hardening -> origin/codex/4294-embedder-hardening
stable legacy/public capture	UNKNOWN STEP	2026-10-06T10:05:52.6704253Z  * [new branch]          codex/4297-frozen-prefix-batch -> origin/codex/4297-frozen-prefix-batch
stable legacy/public capture	UNKNOWN STEP	2026-10-06T10:05:52.6704746Z  * [new branch]          codex/4300-live-build-interference -> origin/codex/4300-live-build-interference
stable legacy/public capture	UNKNOWN STEP	2026-10-06T10:05:52.6705337Z  * [new branch]          codex/4301-native-live-delta -> origin/codex/4301-native-live-delta
stable legacy/public capture	UNKNOWN STEP	2026-10-06T10:05:52.6705796Z  * [new branch]          codex/4309-live-delta-traversal -> origin/codex/4309-live-delta-traversal
stable legacy/public capture	UNKNOWN STEP	2026-10-06T10:05:52.6706248Z  * [new branch]          codex/4311-physical-closure -> origin/codex/4311-physical-closure
stable legacy/public capture	UNKNOWN STEP	2026-10-06T10:05:52.6706691Z  * [new branch]          codex/4320-hc-partition-bridge -> origin/codex/4320-hc-partition-bridge
stable legacy/public capture	UNKNOWN STEP	2026-10-06T10:05:52.6707113Z  * [new branch]          codex/4320-hc1-search-fix -> origin/codex/4320-hc1-search-fix
stable legacy/public capture	UNKNOWN STEP	2026-10-06T10:05:52.6707674Z  * [new branch]          codex/4322-python-native-minor-v1 -> origin/codex/4322-python-native-minor-v1
stable legacy/public capture	UNKNOWN STEP	2026-10-06T10:05:52.6708241Z  * [new branch]          codex/4327-differential-profile-accepted -> origin/codex/4327-differential-profile-accepted
stable legacy/public capture	UNKNOWN STEP	2026-10-06T10:05:52.6708820Z  * [new branch]          codex/4327-differential-profile-final -> origin/codex/4327-differential-profile-final
stable legacy/public capture	UNKNOWN STEP	2026-10-06T10:05:52.6709373Z  * [new branch]          codex/4327-differential-profile-reset -> origin/codex/4327-differential-profile-reset
stable legacy/public capture	UNKNOWN STEP	2026-10-06T10:05:52.6709842Z  * [new branch]          codex/4327-go-phase-reset -> origin/codex/4327-go-phase-reset
stable legacy/public capture	UNKNOWN STEP	2026-10-06T10:05:52.6710239Z  * [new branch]          codex/4327-harness-reset -> origin/codex/4327-harness-reset
stable legacy/public capture	UNKNOWN STEP	2026-10-06T10:05:52.6710686Z  * [new branch]          codex/4327-highdf-requalification -> origin/codex/4327-highdf-requalification
stable legacy/public capture	UNKNOWN STEP	2026-10-06T10:05:52.6711146Z  * [new branch]          codex/4327-phase-core-reset -> origin/codex/4327-phase-core-reset
stable legacy/public capture	UNKNOWN STEP	2026-10-06T10:05:52.6711664Z  * [new branch]          codex/4327-retrieval-evidence-accepted -> origin/codex/4327-retrieval-evidence-accepted
stable legacy/public capture	UNKNOWN STEP	2026-10-06T10:05:52.6712162Z  * [new branch]          codex/4327-retrieval-phases -> origin/codex/4327-retrieval-phases
stable legacy/public capture	UNKNOWN STEP	2026-10-06T10:05:52.6712614Z  * [new branch]          codex/4327-retrieval-profiling -> origin/codex/4327-retrieval-profiling
stable legacy/public capture	UNKNOWN STEP	2026-10-06T10:05:52.6713117Z  * [new branch]          codex/4327-retrieval-profiling-reset -> origin/codex/4327-retrieval-profiling-reset
stable legacy/public capture	UNKNOWN STEP	2026-10-06T10:05:52.6713593Z  * [new branch]          codex/4327-wrapper-runbook -> origin/codex/4327-wrapper-runbook
stable legacy/public capture	UNKNOWN STEP	2026-10-06T10:05:52.6714026Z  * [new branch]          codex/4328-ingestion-accepted -> origin/codex/4328-ingestion-accepted
stable legacy/public capture	UNKNOWN STEP	2026-10-06T10:05:52.6714494Z  * [new branch]          codex/4328-ingestion-final-reset -> origin/codex/4328-ingestion-final-reset
stable legacy/public capture	UNKNOWN STEP	2026-10-06T10:05:52.6714976Z  * [new branch]          codex/4328-ingestion-proof-final -> origin/codex/4328-ingestion-proof-final
stable legacy/public capture	UNKNOWN STEP	2026-10-06T10:05:52.6715651Z  * [new branch]          codex/4328-ingestion-proof-reset -> origin/codex/4328-ingestion-proof-reset
stable legacy/public capture	UNKNOWN STEP	2026-10-06T10:05:52.6716106Z  * [new branch]          codex/4328-ingestion-reset -> origin/codex/4328-ingestion-reset
stable legacy/public capture	UNKNOWN STEP	2026-10-06T10:05:52.6716610Z  * [new branch]          codex/4328-text-ingestion-qualification -> origin/codex/4328-text-ingestion-qualification
stable legacy/public capture	UNKNOWN STEP	2026-10-06T10:05:52.6717077Z  * [new branch]          codex/4329-10m-soak     -> origin/codex/4329-10m-soak
stable legacy/public capture	UNKNOWN STEP	2026-10-06T10:05:52.6717480Z  * [new branch]          codex/4330-lexical-comparison -> origin/codex/4330-lexical-comparison
stable legacy/public capture	UNKNOWN STEP	2026-10-06T10:05:52.6717907Z  * [new branch]          codex/4331-rag-comparator -> origin/codex/4331-rag-comparator
stable legacy/public capture	UNKNOWN STEP	2026-10-06T10:05:52.6718307Z  * [new branch]          codex/4345-mutation-local -> origin/codex/4345-mutation-local
stable legacy/public capture	UNKNOWN STEP	2026-10-06T10:05:52.6718710Z  * [new branch]          codex/4353-schema-lock-fix -> origin/codex/4353-schema-lock-fix
stable legacy/public capture	UNKNOWN STEP	2026-10-06T10:05:52.6719185Z  * [new branch]          codex/4353-vector-rebuild-lock-order -> origin/codex/4353-vector-rebuild-lock-order
stable legacy/public capture	UNKNOWN STEP	2026-10-06T10:05:52.6719705Z  * [new branch]          codex/4356-native-root-foreground -> origin/codex/4356-native-root-foreground
stable legacy/public capture	UNKNOWN STEP	2026-10-06T10:05:52.6720182Z  * [new branch]          codex/4359-native-write-vacuum -> origin/codex/4359-native-write-vacuum
stable legacy/public capture	UNKNOWN STEP	2026-10-06T10:05:52.6720638Z  * [new branch]          codex/4361-physical-collision -> origin/codex/4361-physical-collision
stable legacy/public capture	UNKNOWN STEP	2026-10-06T10:05:52.6721098Z  * [new branch]          codex/4362-native-service-route -> origin/codex/4362-native-service-route
stable legacy/public capture	UNKNOWN STEP	2026-10-06T10:05:52.6721586Z  * [new branch]          codex/4363-native-scalar-filters -> origin/codex/4363-native-scalar-filters
stable legacy/public capture	UNKNOWN STEP	2026-10-06T10:05:52.6722130Z  * [new branch]          codex/4363-native-scalar-filters-reviewed -> origin/codex/4363-native-scalar-filters-reviewed
stable legacy/public capture	UNKNOWN STEP	2026-10-06T10:05:52.6722664Z  * [new branch]          codex/4364-minima-qualification -> origin/codex/4364-minima-qualification
stable legacy/public capture	UNKNOWN STEP	2026-10-06T10:05:52.6723229Z  * [new branch]          codex/4366-final-requirements -> origin/codex/4366-final-requirements
stable legacy/public capture	UNKNOWN STEP	2026-10-06T10:05:52.6723666Z  * [new branch]          codex/4373-key-only-count -> origin/codex/4373-key-only-count
stable legacy/public capture	UNKNOWN STEP	2026-10-06T10:05:52.6724033Z  * [new branch]          codex/4374-m0           -> origin/codex/4374-m0
stable legacy/public capture	UNKNOWN STEP	2026-10-06T10:05:52.6724368Z  * [new branch]          codex/4374-m1           -> origin/codex/4374-m1
stable legacy/public capture	UNKNOWN STEP	2026-10-06T10:05:52.6724697Z  * [new branch]          codex/4374-m2           -> origin/codex/4374-m2
stable legacy/public capture	UNKNOWN STEP	2026-10-06T10:05:52.6725116Z  * [new branch]          codex/4376-command-wal-convergence -> origin/codex/4376-command-wal-convergence
stable legacy/public capture	UNKNOWN STEP	2026-10-06T10:05:52.6725819Z  * [new branch]          codex/4379-o1-stats-snapshot -> origin/codex/4379-o1-stats-snapshot
stable legacy/public capture	UNKNOWN STEP	2026-10-06T10:05:52.6726275Z  * [new branch]          codex/4379-o2-stage-attribution -> origin/codex/4379-o2-stage-attribution
stable legacy/public capture	UNKNOWN STEP	2026-10-06T10:05:52.6726721Z  * [new branch]          codex/4379-o2b-column-graph -> origin/codex/4379-o2b-column-graph
stable legacy/public capture	UNKNOWN STEP	2026-10-06T10:05:52.6727175Z  * [new branch]          codex/4380-h1-lifecycle-schema -> origin/codex/4380-h1-lifecycle-schema
stable legacy/public capture	UNKNOWN STEP	2026-10-06T10:05:52.6727669Z  * [new branch]          codex/4380-h2-lifecycle-integration -> origin/codex/4380-h2-lifecycle-integration
stable legacy/public capture	UNKNOWN STEP	2026-10-06T10:05:52.6728111Z  * [new branch]          codex/4382-m1-pr        -> origin/codex/4382-m1-pr
stable legacy/public capture	UNKNOWN STEP	2026-10-06T10:05:52.6728454Z  * [new branch]          codex/4382-m2-pr        -> origin/codex/4382-m2-pr
stable legacy/public capture	UNKNOWN STEP	2026-10-06T10:05:52.6728881Z  * [new branch]          codex/4383-v1-older-root-projection -> origin/codex/4383-v1-older-root-projection
stable legacy/public capture	UNKNOWN STEP	2026-10-06T10:05:52.6729375Z  * [new branch]          codex/4383-v2-current-root-delta -> origin/codex/4383-v2-current-root-delta
stable legacy/public capture	UNKNOWN STEP	2026-10-06T10:05:52.6729952Z  * [new branch]          codex/4394-minima-exact-batch-diagnostics -> origin/codex/4394-minima-exact-batch-diagnostics
stable legacy/public capture	UNKNOWN STEP	2026-10-06T10:05:52.6730510Z  * [new branch]          codex/4400-minima-qdrant-readiness -> origin/codex/4400-minima-qdrant-readiness
stable legacy/public capture	UNKNOWN STEP	2026-10-06T10:05:52.6731095Z  * [new branch]          codex/4404-coalesce-ann-view -> origin/codex/4404-coalesce-ann-view
stable legacy/public capture	UNKNOWN STEP	2026-10-06T10:05:52.6731549Z  * [new branch]          codex/4408-broad-filter-ann -> origin/codex/4408-broad-filter-ann
stable legacy/public capture	UNKNOWN STEP	2026-10-06T10:05:52.6732012Z  * [new branch]          codex/4419-offline-frozen-prefix -> origin/codex/4419-offline-frozen-prefix
stable legacy/public capture	UNKNOWN STEP	2026-10-06T10:05:52.6732486Z  * [new branch]          codex/4420-search-pack-memory -> origin/codex/4420-search-pack-memory
stable legacy/public capture	UNKNOWN STEP	2026-10-06T10:05:52.6732978Z  * [new branch]          codex/4424-minima-phase-attribution -> origin/codex/4424-minima-phase-attribution
stable legacy/public capture	UNKNOWN STEP	2026-10-06T10:05:52.6733444Z  * [new branch]          codex/4425-exact-id-filter -> origin/codex/4425-exact-id-filter
stable legacy/public capture	UNKNOWN STEP	2026-10-06T10:05:52.6733926Z  * [new branch]          codex/4451-bounded-batch-diagnostics -> origin/codex/4451-bounded-batch-diagnostics
stable legacy/public capture	UNKNOWN STEP	2026-10-06T10:05:52.6734465Z  * [new branch]          codex/4458-minima-monotonic-shutdown -> origin/codex/4458-minima-monotonic-shutdown
stable legacy/public capture	UNKNOWN STEP	2026-10-06T10:05:52.6734950Z  * [new branch]          codex/4461-decision-oracle -> origin/codex/4461-decision-oracle
stable legacy/public capture	UNKNOWN STEP	2026-10-06T10:05:52.6735460Z  * [new branch]          codex/4463-minima-aggregate -> origin/codex/4463-minima-aggregate
stable legacy/public capture	UNKNOWN STEP	2026-10-06T10:05:52.6735923Z  * [new branch]          codex/4467-proportional-boundary -> origin/codex/4467-proportional-boundary
stable legacy/public capture	UNKNOWN STEP	2026-10-06T10:05:52.6736407Z  * [new branch]          codex/4470-zipper-revision-scan -> origin/codex/4470-zipper-revision-scan
stable legacy/public capture	UNKNOWN STEP	2026-10-06T10:05:52.6736870Z  * [new branch]          codex/4471-vector-worker-churn -> origin/codex/4471-vector-worker-churn
stable legacy/public capture	UNKNOWN STEP	2026-10-06T10:05:52.6737357Z  * [new branch]          codex/4487-bounded-m8-frozen-prefix -> origin/codex/4487-bounded-m8-frozen-prefix
stable legacy/public capture	UNKNOWN STEP	2026-10-06T10:05:52.6737926Z  * [new branch]          codex/4505-isolate-vector-allocation-gates -> origin/codex/4505-isolate-vector-allocation-gates
stable legacy/public capture	UNKNOWN STEP	2026-10-06T10:05:52.6738443Z  * [new branch]          codex/4506-bigkeys-headroom -> origin/codex/4506-bigkeys-headroom
stable legacy/public capture	UNKNOWN STEP	2026-10-06T10:05:52.6738977Z  * [new branch]          codex/4507-vlog-perf-flakes -> origin/codex/4507-vlog-perf-flakes
stable legacy/public capture	UNKNOWN STEP	2026-10-06T10:05:52.6739465Z  * [new branch]          codex/4508-ingest-callback-headroom -> origin/codex/4508-ingest-callback-headroom
stable legacy/public capture	UNKNOWN STEP	2026-10-06T10:05:52.6739974Z  * [new branch]          codex/4509-catalog-raft-headroom -> origin/codex/4509-catalog-raft-headroom
stable legacy/public capture	UNKNOWN STEP	2026-10-06T10:05:52.6740495Z  * [new branch]          codex/4516-stabilize-age-blocked-test -> origin/codex/4516-stabilize-age-blocked-test
stable legacy/public capture	UNKNOWN STEP	2026-10-06T10:05:52.6740991Z  * [new branch]          codex/4521-presize-adjacency -> origin/codex/4521-presize-adjacency
stable legacy/public capture	UNKNOWN STEP	2026-10-06T10:05:52.6741479Z  * [new branch]          codex/4527-pruning-payload-capacity -> origin/codex/4527-pruning-payload-capacity
stable legacy/public capture	UNKNOWN STEP	2026-10-06T10:05:52.6742037Z  * [new branch]          codex/4529-typed-column-image-capacity -> origin/codex/4529-typed-column-image-capacity
stable legacy/public capture	UNKNOWN STEP	2026-10-06T10:05:52.6742605Z  * [new branch]          codex/4532-offsets-list-image-capacity -> origin/codex/4532-offsets-list-image-capacity
stable legacy/public capture	UNKNOWN STEP	2026-10-06T10:05:52.6743091Z  * [new branch]          codex/4537-windows-core-8 -> origin/codex/4537-windows-core-8
stable legacy/public capture	UNKNOWN STEP	2026-10-06T10:05:52.6743499Z  * [new branch]          codex/4542-matrix-last-use -> origin/codex/4542-matrix-last-use
stable legacy/public capture	UNKNOWN STEP	2026-10-06T10:05:52.6743992Z  * [new branch]          codex/4544-indexed-flush-wal-ownership -> origin/codex/4544-indexed-flush-wal-ownership
stable legacy/public capture	UNKNOWN STEP	2026-10-06T10:05:52.6744501Z  * [new branch]          codex/4545-typed-async-publish -> origin/codex/4545-typed-async-publish
stable legacy/public capture	UNKNOWN STEP	2026-10-06T10:05:52.6744975Z  * [new branch]          codex/4546-bounded-text-profile -> origin/codex/4546-bounded-text-profile
stable legacy/public capture	UNKNOWN STEP	2026-10-06T10:05:52.6745567Z  * [new branch]          codex/4549-command-wal-admission -> origin/codex/4549-command-wal-admission
stable legacy/public capture	UNKNOWN STEP	2026-10-06T10:05:52.6746031Z  * [new branch]          codex/4550-column-plan-lease -> origin/codex/4550-column-plan-lease
stable legacy/public capture	UNKNOWN STEP	2026-10-06T10:05:52.6746544Z  * [new branch]          codex/4558-text-v2-position-validation -> origin/codex/4558-text-v2-position-validation
stable legacy/public capture	UNKNOWN STEP	2026-10-06T10:05:52.6747186Z  * [new branch]          codex/4560-docmap-validation-table -> origin/codex/4560-docmap-validation-table
stable legacy/public capture	UNKNOWN STEP	2026-10-06T10:05:52.6747703Z  * [new branch]          codex/4561-parallel-vlog-prepare -> origin/codex/4561-parallel-vlog-prepare
stable legacy/public capture	UNKNOWN STEP	2026-10-06T10:05:52.6748210Z  * [new branch]          codex/4564-position-validation-map -> origin/codex/4564-position-validation-map
stable legacy/public capture	UNKNOWN STEP	2026-10-06T10:05:52.6748720Z  * [new branch]          codex/4566-posting-field-handoff -> origin/codex/4566-posting-field-handoff
stable legacy/public capture	UNKNOWN STEP	2026-10-06T10:05:52.6749202Z  * [new branch]          codex/4568-compact-typed-units -> origin/codex/4568-compact-typed-units
stable legacy/public capture	UNKNOWN STEP	2026-10-06T10:05:52.6749673Z  * [new branch]          codex/4569-pointerize-primary -> origin/codex/4569-pointerize-primary
stable legacy/public capture	UNKNOWN STEP	2026-10-06T10:05:52.6750122Z  * [new branch]          codex/4572-stripe-vlog-lanes -> origin/codex/4572-stripe-vlog-lanes
stable legacy/public capture	UNKNOWN STEP	2026-10-06T10:05:52.6750559Z  * [new branch]          codex/4574-hot-vlog-writers -> origin/codex/4574-hot-vlog-writers
stable legacy/public capture	UNKNOWN STEP	2026-10-06T10:05:52.6750972Z  * [new branch]          codex/4576-block-parts  -> origin/codex/4576-block-parts
stable legacy/public capture	UNKNOWN STEP	2026-10-06T10:05:52.6751433Z  * [new branch]          codex/4581-noncolumn-retained-json -> origin/codex/4581-noncolumn-retained-json
stable legacy/public capture	UNKNOWN STEP	2026-10-06T10:05:52.6751946Z  * [new branch]          codex/4587-construction-observer -> origin/codex/4587-construction-observer
stable legacy/public capture	UNKNOWN STEP	2026-10-06T10:05:52.6752417Z  * [new branch]          codex/4587-construction-policy -> origin/codex/4587-construction-policy
stable legacy/public capture	UNKNOWN STEP	2026-10-06T10:05:52.6752881Z  * [new branch]          codex/4587-minimal-calibration -> origin/codex/4587-minimal-calibration
stable legacy/public capture	UNKNOWN STEP	2026-10-06T10:05:52.6753321Z  * [new branch]          codex/4587-observer-harness -> origin/codex/4587-observer-harness
stable legacy/public capture	UNKNOWN STEP	2026-10-06T10:05:52.6753725Z  * [new branch]          codex/4588-efc32-minima -> origin/codex/4588-efc32-minima
stable legacy/public capture	UNKNOWN STEP	2026-10-06T10:05:52.6754099Z  * [new branch]          codex/4589-pruning-tail -> origin/codex/4589-pruning-tail
stable legacy/public capture	UNKNOWN STEP	2026-10-06T10:05:52.6754617Z  * [new branch]          codex/4592-prepared-text-state -> origin/codex/4592-prepared-text-state
stable legacy/public capture	UNKNOWN STEP	2026-10-06T10:05:52.6755107Z  * [new branch]          codex/4602-minima-point-read-cache -> origin/codex/4602-minima-point-read-cache
stable legacy/public capture	UNKNOWN STEP	2026-10-06T10:05:52.6755760Z  * [new branch]          codex/4603-minima-verified-read-cache -> origin/codex/4603-minima-verified-read-cache
stable legacy/public capture	UNKNOWN STEP	2026-10-06T10:05:52.6756285Z  * [new branch]          codex/4606-plain-json-projection -> origin/codex/4606-plain-json-projection
stable legacy/public capture	UNKNOWN STEP	2026-10-06T10:05:52.6756796Z  * [new branch]          codex/4606-plain-json-projection-v2 -> origin/codex/4606-plain-json-projection-v2
stable legacy/public capture	UNKNOWN STEP	2026-10-06T10:05:52.6757328Z  * [new branch]          codex/4608-json-projection-one-pass -> origin/codex/4608-json-projection-one-pass
stable legacy/public capture	UNKNOWN STEP	2026-10-06T10:05:52.6757887Z  * [new branch]          codex/4610-native-scalar-bound-matcher -> origin/codex/4610-native-scalar-bound-matcher
stable legacy/public capture	UNKNOWN STEP	2026-10-06T10:05:52.6758404Z  * [new branch]          codex/4612-native-dense-search -> origin/codex/4612-native-dense-search
stable legacy/public capture	UNKNOWN STEP	2026-10-06T10:05:52.6758894Z  * [new branch]          codex/4615-minima-native-contract -> origin/codex/4615-minima-native-contract
stable legacy/public capture	UNKNOWN STEP	2026-10-06T10:05:52.6759370Z  * [new branch]          codex/4616-minima-typed-writes -> origin/codex/4616-minima-typed-writes
stable legacy/public capture	UNKNOWN STEP	2026-10-06T10:05:52.6759881Z  * [new branch]          codex/4617-minima-column-graph-overlay -> origin/codex/4617-minima-column-graph-overlay
stable legacy/public capture	UNKNOWN STEP	2026-10-06T10:05:52.6760461Z  * [new branch]          codex/4618-minima-column-graph-lifecycle -> origin/codex/4618-minima-column-graph-lifecycle
stable legacy/public capture	UNKNOWN STEP	2026-10-06T10:05:52.6760955Z  * [new branch]          codex/4619-250k-bottlenecks -> origin/codex/4619-250k-bottlenecks
stable legacy/public capture	UNKNOWN STEP	2026-10-06T10:05:52.6761425Z  * [new branch]          codex/4619-activation-prefix-union -> origin/codex/4619-activation-prefix-union
stable legacy/public capture	UNKNOWN STEP	2026-10-06T10:05:52.6761905Z  * [new branch]          codex/4619-build-node-capacity -> origin/codex/4619-build-node-capacity
stable legacy/public capture	UNKNOWN STEP	2026-10-06T10:05:52.6762395Z  * [new branch]          codex/4619-catalog-owner-diagnosis -> origin/codex/4619-catalog-owner-diagnosis
stable legacy/public capture	UNKNOWN STEP	2026-10-06T10:05:52.6762976Z  * [new branch]          codex/4619-column-segment-reuse -> origin/codex/4619-column-segment-reuse
stable legacy/public capture	UNKNOWN STEP	2026-10-06T10:05:52.6763429Z  * [new branch]          codex/4619-cosine-distance -> origin/codex/4619-cosine-distance
stable legacy/public capture	UNKNOWN STEP	2026-10-06T10:05:52.6763875Z  * [new branch]          codex/4619-current-materializer -> origin/codex/4619-current-materializer
stable legacy/public capture	UNKNOWN STEP	2026-10-06T10:05:52.6764362Z  * [new branch]          codex/4619-dependency-certificate -> origin/codex/4619-dependency-certificate
stable legacy/public capture	UNKNOWN STEP	2026-10-06T10:05:52.6764892Z  * [new branch]          codex/4619-dependency-manifest-stream -> origin/codex/4619-dependency-manifest-stream
stable legacy/public capture	UNKNOWN STEP	2026-10-06T10:05:52.6765498Z  * [new branch]          codex/4619-filter-membership -> origin/codex/4619-filter-membership
stable legacy/public capture	UNKNOWN STEP	2026-10-06T10:05:52.6765919Z  * [new branch]          codex/4619-filter-reuse -> origin/codex/4619-filter-reuse
stable legacy/public capture	UNKNOWN STEP	2026-10-06T10:05:52.6766336Z  * [new branch]          codex/4619-index-sync-policy -> origin/codex/4619-index-sync-policy
stable legacy/public capture	UNKNOWN STEP	2026-10-06T10:05:52.6766764Z  * [new branch]          codex/4619-manifest-borrow -> origin/codex/4619-manifest-borrow
stable legacy/public capture	UNKNOWN STEP	2026-10-06T10:05:52.6767277Z  * [new branch]          codex/4619-manifest-retention-validation -> origin/codex/4619-manifest-retention-validation
stable legacy/public capture	UNKNOWN STEP	2026-10-06T10:05:52.6767850Z  * [new branch]          codex/4619-minima-full-failure-repair -> origin/codex/4619-minima-full-failure-repair
stable legacy/public capture	UNKNOWN STEP	2026-10-06T10:05:52.6768385Z  * [new branch]          codex/4619-minima-inverse-exact-hit -> origin/codex/4619-minima-inverse-exact-hit
stable legacy/public capture	UNKNOWN STEP	2026-10-06T10:05:52.6768901Z  * [new branch]          codex/4619-minima-measured-harness -> origin/codex/4619-minima-measured-harness
stable legacy/public capture	UNKNOWN STEP	2026-10-06T10:05:52.6769435Z  * [new branch]          codex/4619-minima-typed-public-route -> origin/codex/4619-minima-typed-public-route
stable legacy/public capture	UNKNOWN STEP	2026-10-06T10:05:52.6769939Z  * [new branch]          codex/4619-primary-probe-reuse -> origin/codex/4619-primary-probe-reuse
stable legacy/public capture	UNKNOWN STEP	2026-10-06T10:05:52.6770577Z  * [new branch]          codex/4619-producer-certificate-proof -> origin/codex/4619-producer-certificate-proof
stable legacy/public capture	UNKNOWN STEP	2026-10-06T10:05:52.6771064Z  * [new branch]          codex/4619-scaling-fixtures -> origin/codex/4619-scaling-fixtures
stable legacy/public capture	UNKNOWN STEP	2026-10-06T10:05:52.6771484Z  * [new branch]          codex/4619-short-cosine-dot -> origin/codex/4619-short-cosine-dot
stable legacy/public capture	UNKNOWN STEP	2026-10-06T10:05:52.6771918Z  * [new branch]          codex/4619-single-input-union -> origin/codex/4619-single-input-union
stable legacy/public capture	UNKNOWN STEP	2026-10-06T10:05:52.6772362Z  * [new branch]          codex/4619-source-delete-bulk -> origin/codex/4619-source-delete-bulk
stable legacy/public capture	UNKNOWN STEP	2026-10-06T10:05:52.6772789Z  * [new branch]          codex/4619-typed-ambiguity -> origin/codex/4619-typed-ambiguity
stable legacy/public capture	UNKNOWN STEP	2026-10-06T10:05:52.6773243Z  * [new branch]          codex/4619-visibility-replacement -> origin/codex/4619-visibility-replacement
stable legacy/public capture	UNKNOWN STEP	2026-10-06T10:05:52.6773774Z  * [new branch]          codex/4620-record-failed-full-attempts -> origin/codex/4620-record-failed-full-attempts
stable legacy/public capture	UNKNOWN STEP	2026-10-06T10:05:52.6774329Z  * [new branch]          codex/4627-publication-metadata-reuse -> origin/codex/4627-publication-metadata-reuse
stable legacy/public capture	UNKNOWN STEP	2026-10-06T10:05:52.6774851Z  * [new branch]          codex/4659-filtered-search-latency -> origin/codex/4659-filtered-search-latency
stable legacy/public capture	UNKNOWN STEP	2026-10-06T10:05:52.6775422Z  * [new branch]          codex/4661-filter-navigation -> origin/codex/4661-filter-navigation
stable legacy/public capture	UNKNOWN STEP	2026-10-06T10:05:52.6775829Z  * [new branch]          codex/4662-load-rss     -> origin/codex/4662-load-rss
stable legacy/public capture	UNKNOWN STEP	2026-10-06T10:05:52.6776217Z  * [new branch]          codex/4663-qdrant-ranking -> origin/codex/4663-qdrant-ranking
stable legacy/public capture	UNKNOWN STEP	2026-10-06T10:05:52.6776609Z  * [new branch]          codex/4665-vacuum-lock  -> origin/codex/4665-vacuum-lock
stable legacy/public capture	UNKNOWN STEP	2026-10-06T10:05:52.6776980Z  * [new branch]          codex/4671-fold-arena   -> origin/codex/4671-fold-arena
stable legacy/public capture	UNKNOWN STEP	2026-10-06T10:05:52.6777410Z  * [new branch]          codex/4672-matched-768-rss-harness -> origin/codex/4672-matched-768-rss-harness
stable legacy/public capture	UNKNOWN STEP	2026-10-06T10:05:52.6777860Z  * [new branch]          codex/4672-rss-protocol-v2 -> origin/codex/4672-rss-protocol-v2
stable legacy/public capture	UNKNOWN STEP	2026-10-06T10:05:52.6778482Z  * [new branch]          codex/4677-cold-filter-phase-measurement -> origin/codex/4677-cold-filter-phase-measurement
stable legacy/public capture	UNKNOWN STEP	2026-10-06T10:05:52.6779015Z  * [new branch]          codex/4677-cold-filter-product -> origin/codex/4677-cold-filter-product
stable legacy/public capture	UNKNOWN STEP	2026-10-06T10:05:52.6779550Z  * [new branch]          codex/4684-minima-sq8-filtered-traversal -> origin/codex/4684-minima-sq8-filtered-traversal
stable legacy/public capture	UNKNOWN STEP	2026-10-06T10:05:52.6780224Z  * [new branch]          codex/4684-minima-sq8-filtered-traversal-base-7f211d -> origin/codex/4684-minima-sq8-filtered-traversal-base-7f211d
stable legacy/public capture	UNKNOWN STEP	2026-10-06T10:05:52.6780958Z  * [new branch]          codex/4684-minima-sq8-filtered-traversal-clean -> origin/codex/4684-minima-sq8-filtered-traversal-clean
stable legacy/public capture	UNKNOWN STEP	2026-10-06T10:05:52.6781584Z  * [new branch]          codex/4685-minima-typed-quantized-rerank -> origin/codex/4685-minima-typed-quantized-rerank
stable legacy/public capture	UNKNOWN STEP	2026-10-06T10:05:52.6782088Z  * [new branch]          codex/4685-q2-format-repair -> origin/codex/4685-q2-format-repair
stable legacy/public capture	UNKNOWN STEP	2026-10-06T10:05:52.6782506Z  * [new branch]          codex/4685-q2-repair-final -> origin/codex/4685-q2-repair-final
stable legacy/public capture	UNKNOWN STEP	2026-10-06T10:05:52.6783039Z  * [new branch]          codex/4686-minima-transport-quantized-rerank -> origin/codex/4686-minima-transport-quantized-rerank
stable legacy/public capture	UNKNOWN STEP	2026-10-06T10:05:52.6783620Z  * [new branch]          codex/4686-public-quantized-rerank -> origin/codex/4686-public-quantized-rerank
stable legacy/public capture	UNKNOWN STEP	2026-10-06T10:05:52.6784127Z  * [new branch]          codex/4687-fp32-readiness-contract -> origin/codex/4687-fp32-readiness-contract
stable legacy/public capture	UNKNOWN STEP	2026-10-06T10:05:52.6784612Z  * [new branch]          codex/4687-legacy-work-contract -> origin/codex/4687-legacy-work-contract
stable legacy/public capture	UNKNOWN STEP	2026-10-06T10:05:52.6785070Z  * [new branch]          codex/4687-minima-sq8-harness -> origin/codex/4687-minima-sq8-harness
stable legacy/public capture	UNKNOWN STEP	2026-10-06T10:05:52.6785634Z  * [new branch]          codex/4687-q5-baseline-contract -> origin/codex/4687-q5-baseline-contract
stable legacy/public capture	UNKNOWN STEP	2026-10-06T10:05:52.6786120Z  * [new branch]          codex/4687-q5-cross-base-preflight -> origin/codex/4687-q5-cross-base-preflight
stable legacy/public capture	UNKNOWN STEP	2026-10-06T10:05:52.6786720Z  * [new branch]          codex/4687-q5-freeze-hardening -> origin/codex/4687-q5-freeze-hardening
stable legacy/public capture	UNKNOWN STEP	2026-10-06T10:05:52.6787170Z  * [new branch]          codex/4687-rss-contract-type -> origin/codex/4687-rss-contract-type
stable legacy/public capture	UNKNOWN STEP	2026-10-06T10:05:52.6787605Z  * [new branch]          codex/4709-no-wal-vlog-delta -> origin/codex/4709-no-wal-vlog-delta
stable legacy/public capture	UNKNOWN STEP	2026-10-06T10:05:52.6788037Z  * [new branch]          codex/4714-native-python-v11 -> origin/codex/4714-native-python-v11
stable legacy/public capture	UNKNOWN STEP	2026-10-06T10:05:52.6788520Z  * [new branch]          codex/4723-contract-packed-baseline -> origin/codex/4723-contract-packed-baseline
stable legacy/public capture	UNKNOWN STEP	2026-10-06T10:05:52.6789017Z  * [new branch]          codex/4724-one-plane-sq8-packed -> origin/codex/4724-one-plane-sq8-packed
stable legacy/public capture	UNKNOWN STEP	2026-10-06T10:05:52.6789485Z  * [new branch]          codex/4725-native-v4-production -> origin/codex/4725-native-v4-production
stable legacy/public capture	UNKNOWN STEP	2026-10-06T10:05:52.6790030Z  * [new branch]          codex/4726-correct-offline-qualification -> origin/codex/4726-correct-offline-qualification
stable legacy/public capture	UNKNOWN STEP	2026-10-06T10:05:52.6790584Z  * [new branch]          codex/4730-leaf-sequence-authority -> origin/codex/4730-leaf-sequence-authority
stable legacy/public capture	UNKNOWN STEP	2026-10-06T10:05:52.6791109Z  * [new branch]          codex/4736-live-inventory-accounting -> origin/codex/4736-live-inventory-accounting
stable legacy/public capture	UNKNOWN STEP	2026-10-06T10:05:52.6791678Z  * [new branch]          codex/4738-rebuild-checkpoint-lock-order -> origin/codex/4738-rebuild-checkpoint-lock-order
stable legacy/public capture	UNKNOWN STEP	2026-10-06T10:05:52.6792225Z  * [new branch]          codex/4744-coverage-no-coarsening -> origin/codex/4744-coverage-no-coarsening
stable legacy/public capture	UNKNOWN STEP	2026-10-06T10:05:52.6792704Z  * [new branch]          codex/4758-exact-catalog-reuse -> origin/codex/4758-exact-catalog-reuse
stable legacy/public capture	UNKNOWN STEP	2026-10-06T10:05:52.6793206Z  * [new branch]          codex/4759-native-query-single-pass -> origin/codex/4759-native-query-single-pass
stable legacy/public capture	UNKNOWN STEP	2026-10-06T10:05:52.6793702Z  * [new branch]          codex/4819-engine-preparation -> origin/codex/4819-engine-preparation
stable legacy/public capture	UNKNOWN STEP	2026-10-06T10:05:52.6794181Z  * [new branch]          codex/4863-mvcc-durable-singleton -> origin/codex/4863-mvcc-durable-singleton
stable legacy/public capture	UNKNOWN STEP	2026-10-06T10:05:52.6794749Z  * [new branch]          codex/4864-adaptive-sampling -> origin/codex/4864-adaptive-sampling
stable legacy/public capture	UNKNOWN STEP	2026-10-06T10:05:52.6795258Z  * [new branch]          codex/4872-mvcc-baseline -> origin/codex/4872-mvcc-baseline
stable legacy/public capture	UNKNOWN STEP	2026-10-06T10:05:52.6795657Z  * [new branch]          codex/4873-mvcc-exact-key -> origin/codex/4873-mvcc-exact-key
stable legacy/public capture	UNKNOWN STEP	2026-10-06T10:05:52.6796060Z  * [new branch]          codex/4874-mvcc-owned-view -> origin/codex/4874-mvcc-owned-view
stable legacy/public capture	UNKNOWN STEP	2026-10-06T10:05:52.6796522Z  * [new branch]          codex/4903-persistent-flake-fixes -> origin/codex/4903-persistent-flake-fixes
stable legacy/public capture	UNKNOWN STEP	2026-10-06T10:05:52.6797005Z  * [new branch]          codex/4904-fixture-endpoints -> origin/codex/4904-fixture-endpoints
stable legacy/public capture	UNKNOWN STEP	2026-10-06T10:05:52.6797470Z  * [new branch]          codex/4905-maintenance-retention -> origin/codex/4905-maintenance-retention
stable legacy/public capture	UNKNOWN STEP	2026-10-06T10:05:52.6797986Z  * [new branch]          codex/4906-brq-allocation-isolation -> origin/codex/4906-brq-allocation-isolation
stable legacy/public capture	UNKNOWN STEP	2026-10-06T10:05:52.6798489Z  * [new branch]          codex/4909-compaction-coalescing -> origin/codex/4909-compaction-coalescing
stable legacy/public capture	UNKNOWN STEP	2026-10-06T10:05:52.6798956Z  * [new branch]          codex/4929-listener-ownership -> origin/codex/4929-listener-ownership
stable legacy/public capture	UNKNOWN STEP	2026-10-06T10:05:52.6799415Z  * [new branch]          codex/4979-quicksilver-generic -> origin/codex/4979-quicksilver-generic
stable legacy/public capture	UNKNOWN STEP	2026-10-06T10:05:52.6799867Z  * [new branch]          codex/4980-authoritative-fast -> origin/codex/4980-authoritative-fast
stable legacy/public capture	UNKNOWN STEP	2026-10-06T10:05:52.6800326Z  * [new branch]          codex/4981-quicksilver-capture -> origin/codex/4981-quicksilver-capture
stable legacy/public capture	UNKNOWN STEP	2026-10-06T10:05:52.6800838Z  * [new branch]          codex/4983-quicksilver-final-evidence -> origin/codex/4983-quicksilver-final-evidence
stable legacy/public capture	UNKNOWN STEP	2026-10-06T10:05:52.6801357Z  * [new branch]          codex/4987-owned-snapshot-append -> origin/codex/4987-owned-snapshot-append
stable legacy/public capture	UNKNOWN STEP	2026-10-06T10:05:52.6801975Z  * [new branch]          codex/4988-compressed-group-cap -> origin/codex/4988-compressed-group-cap
stable legacy/public capture	UNKNOWN STEP	2026-10-06T10:05:52.6802500Z  * [new branch]          codex/4991-additive-raw-dependencies -> origin/codex/4991-additive-raw-dependencies
stable legacy/public capture	UNKNOWN STEP	2026-10-06T10:05:52.6803100Z  * [new branch]          codex/5003-quicksilver-space-memory-evidence -> origin/codex/5003-quicksilver-space-memory-evidence
stable legacy/public capture	UNKNOWN STEP	2026-10-06T10:05:52.6803678Z  * [new branch]          codex/5004-grouped-frame-offsets -> origin/codex/5004-grouped-frame-offsets
stable legacy/public capture	UNKNOWN STEP	2026-10-06T10:05:52.6804215Z  * [new branch]          codex/5005-quicksilver-retained-verify -> origin/codex/5005-quicksilver-retained-verify
stable legacy/public capture	UNKNOWN STEP	2026-10-06T10:05:52.6804796Z  * [new branch]          codex/5008-quicksilver-maintenance-churn -> origin/codex/5008-quicksilver-maintenance-churn
stable legacy/public capture	UNKNOWN STEP	2026-10-06T10:05:52.6805462Z  * [new branch]          codex/5010-snapshot-namespace-epoch -> origin/codex/5010-snapshot-namespace-epoch
stable legacy/public capture	UNKNOWN STEP	2026-10-06T10:05:52.6805974Z  * [new branch]          codex/5011-native-prune-harness -> origin/codex/5011-native-prune-harness
stable legacy/public capture	UNKNOWN STEP	2026-10-06T10:05:52.6806465Z  * [new branch]          codex/5015-rewrite-exact-closure -> origin/codex/5015-rewrite-exact-closure
stable legacy/public capture	UNKNOWN STEP	2026-10-06T10:05:52.6806921Z  * [new branch]          codex/5016-certified-prune -> origin/codex/5016-certified-prune
stable legacy/public capture	UNKNOWN STEP	2026-10-06T10:05:52.6807397Z  * [new branch]          codex/5019-native-lifecycle-harness -> origin/codex/5019-native-lifecycle-harness
stable legacy/public capture	UNKNOWN STEP	2026-10-06T10:05:52.6807895Z  * [new branch]          codex/5021-sustained-harness-v1 -> origin/codex/5021-sustained-harness-v1
stable legacy/public capture	UNKNOWN STEP	2026-10-06T10:05:52.6808352Z  * [new branch]          codex/5021-sustained-mixed-v1 -> origin/codex/5021-sustained-mixed-v1
stable legacy/public capture	UNKNOWN STEP	2026-10-06T10:05:52.6808852Z  * [new branch]          codex/5031-quicksilver-qualification -> origin/codex/5031-quicksilver-qualification
stable legacy/public capture	UNKNOWN STEP	2026-10-06T10:05:52.6809351Z  * [new branch]          codex/5035-matched-maintenance -> origin/codex/5035-matched-maintenance
stable legacy/public capture	UNKNOWN STEP	2026-10-06T10:05:52.6809852Z  * [new branch]          codex/5036-native-foreground-retained -> origin/codex/5036-native-foreground-retained
stable legacy/public capture	UNKNOWN STEP	2026-10-06T10:05:52.6810434Z  * [new branch]          codex/5050-ci-impact-shadow -> origin/codex/5050-ci-impact-shadow
stable legacy/public capture	UNKNOWN STEP	2026-10-06T10:05:52.6810858Z  * [new branch]          codex/5057-row-contract -> origin/codex/5057-row-contract
stable legacy/public capture	UNKNOWN STEP	2026-10-06T10:05:52.6811230Z  * [new branch]          codex/5058-row-reads    -> origin/codex/5058-row-reads
stable legacy/public capture	UNKNOWN STEP	2026-10-06T10:05:52.6811648Z  * [new branch]          codex/5059-mutation-size-sweep -> origin/codex/5059-mutation-size-sweep
stable legacy/public capture	UNKNOWN STEP	2026-10-06T10:05:52.6812083Z  * [new branch]          codex/5059-row-mutations -> origin/codex/5059-row-mutations
stable legacy/public capture	UNKNOWN STEP	2026-10-06T10:05:52.6812466Z  * [new branch]          codex/5060-row-lifecycle -> origin/codex/5060-row-lifecycle
stable legacy/public capture	UNKNOWN STEP	2026-10-06T10:05:52.6812898Z  * [new branch]          codex/5066-lifecycle-maintenance -> origin/codex/5066-lifecycle-maintenance
stable legacy/public capture	UNKNOWN STEP	2026-10-06T10:05:52.6813383Z  * [new branch]          codex/5068-matched-fixed-layout -> origin/codex/5068-matched-fixed-layout
stable legacy/public capture	UNKNOWN STEP	2026-10-06T10:05:52.6813851Z  * [new branch]          codex/768-benchmark-harness -> origin/codex/768-benchmark-harness
stable legacy/public capture	UNKNOWN STEP	2026-10-06T10:05:52.6814315Z  * [new branch]          codex/768-benchmark-harness-main -> origin/codex/768-benchmark-harness-main
stable legacy/public capture	UNKNOWN STEP	2026-10-06T10:05:52.6814839Z  * [new branch]          codex/768-matched-performance-profile -> origin/codex/768-matched-performance-profile
stable legacy/public capture	UNKNOWN STEP	2026-10-06T10:05:52.6815469Z  * [new branch]          codex/768-search-admission-main -> origin/codex/768-search-admission-main
stable legacy/public capture	UNKNOWN STEP	2026-10-06T10:05:52.6815943Z  * [new branch]          codex/768-tracker-repair-main -> origin/codex/768-tracker-repair-main
stable legacy/public capture	UNKNOWN STEP	2026-10-06T10:05:52.6816496Z  * [new branch]          codex/948-debt-ledger-commit-path-authority -> origin/codex/948-debt-ledger-commit-path-authority
stable legacy/public capture	UNKNOWN STEP	2026-10-06T10:05:52.6817039Z  * [new branch]          codex/948-debt-ledger-ref-reads -> origin/codex/948-debt-ledger-ref-reads
stable legacy/public capture	UNKNOWN STEP	2026-10-06T10:05:52.6817510Z  * [new branch]          codex/948-debt-ledger-scaffold -> origin/codex/948-debt-ledger-scaffold
stable legacy/public capture	UNKNOWN STEP	2026-10-06T10:05:52.6818119Z  * [new branch]          codex/948-durable-debt-ledger-state -> origin/codex/948-durable-debt-ledger-state
stable legacy/public capture	UNKNOWN STEP	2026-10-06T10:05:52.6818681Z  * [new branch]          codex/948-leafref-rewrite-observability -> origin/codex/948-leafref-rewrite-observability
stable legacy/public capture	UNKNOWN STEP	2026-10-06T10:05:52.6819259Z  * [new branch]          codex/948-locator-backed-rewrite-scan -> origin/codex/948-locator-backed-rewrite-scan
stable legacy/public capture	UNKNOWN STEP	2026-10-06T10:05:52.6819797Z  * [new branch]          codex/948-locator-catalog-scaffold -> origin/codex/948-locator-catalog-scaffold
stable legacy/public capture	UNKNOWN STEP	2026-10-06T10:05:52.6820347Z  * [new branch]          codex/948-locator-commit-path-authority -> origin/codex/948-locator-commit-path-authority
stable legacy/public capture	UNKNOWN STEP	2026-10-06T10:05:52.6820903Z  * [new branch]          codex/948-planner-from-debt-ledger -> origin/codex/948-planner-from-debt-ledger
stable legacy/public capture	UNKNOWN STEP	2026-10-06T10:05:52.6821378Z  * [new branch]          codex/948-rewrite-accounting -> origin/codex/948-rewrite-accounting
stable legacy/public capture	UNKNOWN STEP	2026-10-06T10:05:52.6821872Z  * [new branch]          codex/948-rewrite-penalty-followups -> origin/codex/948-rewrite-penalty-followups
stable legacy/public capture	UNKNOWN STEP	2026-10-06T10:05:52.6822511Z  * [new branch]          codex/948-skip-leafref-traversal-nonleaf-sources -> origin/codex/948-skip-leafref-traversal-nonleaf-sources
stable legacy/public capture	UNKNOWN STEP	2026-10-06T10:05:52.6823098Z  * [new branch]          codex/948-stale-plan-tail-fill -> origin/codex/948-stale-plan-tail-fill
stable legacy/public capture	UNKNOWN STEP	2026-10-06T10:05:52.6823576Z  * [new branch]          codex/acquire-snapshot-noalloc -> origin/codex/acquire-snapshot-noalloc
stable legacy/public capture	UNKNOWN STEP	2026-10-06T10:05:52.6824144Z  * [new branch]          codex/adaptive-delete-append-only-followup -> origin/codex/adaptive-delete-append-only-followup
stable legacy/public capture	UNKNOWN STEP	2026-10-06T10:05:52.6824712Z  * [new branch]          codex/adaptive-update-combiner -> origin/codex/adaptive-update-combiner
stable legacy/public capture	UNKNOWN STEP	2026-10-06T10:05:52.6825348Z  * [new branch]          codex/append-only-compact-entry-layout -> origin/codex/append-only-compact-entry-layout
stable legacy/public capture	UNKNOWN STEP	2026-10-06T10:05:52.6825954Z  * [new branch]          codex/append-only-compact-entry-mainline -> origin/codex/append-only-compact-entry-mainline
stable legacy/public capture	UNKNOWN STEP	2026-10-06T10:05:52.6826581Z  * [new branch]          codex/append-only-entry-hint -> origin/codex/append-only-entry-hint
stable legacy/public capture	UNKNOWN STEP	2026-10-06T10:05:52.6827088Z  * [new branch]          codex/append-only-entry-slice-reuse -> origin/codex/append-only-entry-slice-reuse
stable legacy/public capture	UNKNOWN STEP	2026-10-06T10:05:52.6827623Z  * [new branch]          codex/append-only-lazy-latest-index -> origin/codex/append-only-lazy-latest-index
stable legacy/public capture	UNKNOWN STEP	2026-10-06T10:05:52.6828194Z  * [new branch]          codex/append-only-predictive-growth-hint -> origin/codex/append-only-predictive-growth-hint
stable legacy/public capture	UNKNOWN STEP	2026-10-06T10:05:52.6828805Z  * [new branch]          codex/append-only-repeated-value-dedupe -> origin/codex/append-only-repeated-value-dedupe
stable legacy/public capture	UNKNOWN STEP	2026-10-06T10:05:52.6829406Z  * [new branch]          codex/appendonly-commandwal-view-lease -> origin/codex/appendonly-commandwal-view-lease
stable legacy/public capture	UNKNOWN STEP	2026-10-06T10:05:52.6829935Z  * [new branch]          codex/async-indexed-flush-1132 -> origin/codex/async-indexed-flush-1132
stable legacy/public capture	UNKNOWN STEP	2026-10-06T10:05:52.6830447Z  * [new branch]          codex/avoid-readappend-double-copy -> origin/codex/avoid-readappend-double-copy
stable legacy/public capture	UNKNOWN STEP	2026-10-06T10:05:52.6831012Z  * [new branch]          codex/avoid-recopying-owned-get-results -> origin/codex/avoid-recopying-owned-get-results
stable legacy/public capture	UNKNOWN STEP	2026-10-06T10:05:52.6831566Z  * [new branch]          codex/batch-repeated-value-dedupe -> origin/codex/batch-repeated-value-dedupe
stable legacy/public capture	UNKNOWN STEP	2026-10-06T10:05:52.6832167Z  * [new branch]          codex/bench-current-candidate-insert-profile -> origin/codex/bench-current-candidate-insert-profile
stable legacy/public capture	UNKNOWN STEP	2026-10-06T10:05:52.6832734Z  * [new branch]          codex/benchmark-report-clarity -> origin/codex/benchmark-report-clarity
stable legacy/public capture	UNKNOWN STEP	2026-10-06T10:05:52.6833237Z  * [new branch]          codex/benchmark-report-run-compare -> origin/codex/benchmark-report-run-compare
stable legacy/public capture	UNKNOWN STEP	2026-10-06T10:05:52.6833711Z  * [new branch]          codex/bson-set-index-delta -> origin/codex/bson-set-index-delta
stable legacy/public capture	UNKNOWN STEP	2026-10-06T10:05:52.6834192Z  * [new branch]          codex/bson-set-replacement-fastpath -> origin/codex/bson-set-replacement-fastpath
stable legacy/public capture	UNKNOWN STEP	2026-10-06T10:05:52.6834889Z  * [new branch]          codex/btree-adaptive-split-sibling-capacity -> origin/codex/btree-adaptive-split-sibling-capacity
stable legacy/public capture	UNKNOWN STEP	2026-10-06T10:05:52.6835522Z  * [new branch]          codex/btree-arena-chunk-pool -> origin/codex/btree-arena-chunk-pool
stable legacy/public capture	UNKNOWN STEP	2026-10-06T10:05:52.6835999Z  * [new branch]          codex/btree-combined-entry-copy -> origin/codex/btree-combined-entry-copy
stable legacy/public capture	UNKNOWN STEP	2026-10-06T10:05:52.6836491Z  * [new branch]          codex/btree-compact-entry-layout -> origin/codex/btree-compact-entry-layout
stable legacy/public capture	UNKNOWN STEP	2026-10-06T10:05:52.6836988Z  * [new branch]          codex/btree-copy-adaptive-arena -> origin/codex/btree-copy-adaptive-arena
stable legacy/public capture	UNKNOWN STEP	2026-10-06T10:05:52.6837464Z  * [new branch]          codex/btree-copy-index-applier -> origin/codex/btree-copy-index-applier
stable legacy/public capture	UNKNOWN STEP	2026-10-06T10:05:52.6837928Z  * [new branch]          codex/btree-direct-leaf-split -> origin/codex/btree-direct-leaf-split
stable legacy/public capture	UNKNOWN STEP	2026-10-06T10:05:52.6838380Z  * [new branch]          codex/btree-leaf-item-arena -> origin/codex/btree-leaf-item-arena
stable legacy/public capture	UNKNOWN STEP	2026-10-06T10:05:52.6838828Z  * [new branch]          codex/btree-leaf-split-slices -> origin/codex/btree-leaf-split-slices
stable legacy/public capture	UNKNOWN STEP	2026-10-06T10:05:52.6839275Z  * [new branch]          codex/btree-load-fast-path -> origin/codex/btree-load-fast-path
stable legacy/public capture	UNKNOWN STEP	2026-10-06T10:05:52.6839755Z  * [new branch]          codex/btree-memtable-balanced-perf -> origin/codex/btree-memtable-balanced-perf
stable legacy/public capture	UNKNOWN STEP	2026-10-06T10:05:52.6840272Z  * [new branch]          codex/btree-right-split-capacity -> origin/codex/btree-right-split-capacity
stable legacy/public capture	UNKNOWN STEP	2026-10-06T10:05:52.6840774Z  * [new branch]          codex/btree-split-insert-capacity -> origin/codex/btree-split-insert-capacity
stable legacy/public capture	UNKNOWN STEP	2026-10-06T10:05:52.6841281Z  * [new branch]          codex/btree-stable-flush-streaming -> origin/codex/btree-stable-flush-streaming
stable legacy/public capture	UNKNOWN STEP	2026-10-06T10:05:52.6841835Z  * [new branch]          codex/buffered-index-tombstone-overlay -> origin/codex/buffered-index-tombstone-overlay
stable legacy/public capture	UNKNOWN STEP	2026-10-06T10:05:52.6842360Z  * [new branch]          codex/buffered-indexed-run-cap -> origin/codex/buffered-indexed-run-cap
stable legacy/public capture	UNKNOWN STEP	2026-10-06T10:05:52.6842954Z  * [new branch]          codex/buffered-primary-run-index -> origin/codex/buffered-primary-run-index
stable legacy/public capture	UNKNOWN STEP	2026-10-06T10:05:52.6843459Z  * [new branch]          codex/buffered-unique-index-miss -> origin/codex/buffered-unique-index-miss
stable legacy/public capture	UNKNOWN STEP	2026-10-06T10:05:52.6843979Z  * [new branch]          codex/buffered-update-batch-staging -> origin/codex/buffered-update-batch-staging
stable legacy/public capture	UNKNOWN STEP	2026-10-06T10:05:52.6844549Z  * [new branch]          codex/buffered-update-overlay-planning -> origin/codex/buffered-update-overlay-planning
stable legacy/public capture	UNKNOWN STEP	2026-10-06T10:05:52.6845126Z  * [new branch]          codex/buffered-update-planning-index -> origin/codex/buffered-update-planning-index
stable legacy/public capture	UNKNOWN STEP	2026-10-06T10:05:52.6845765Z  * [new branch]          codex/bump-compress-builddict-fix -> origin/codex/bump-compress-builddict-fix
stable legacy/public capture	UNKNOWN STEP	2026-10-06T10:05:52.6846296Z  * [new branch]          codex/bump-compress-dict-workspace -> origin/codex/bump-compress-dict-workspace
stable legacy/public capture	UNKNOWN STEP	2026-10-06T10:05:52.6846864Z  * [new branch]          codex/cached-read-vlog-alloc-cleanups -> origin/codex/cached-read-vlog-alloc-cleanups
stable legacy/public capture	UNKNOWN STEP	2026-10-06T10:05:52.6847404Z  * [new branch]          codex/cached-vlog-rewrite-reclaim -> origin/codex/cached-vlog-rewrite-reclaim
stable legacy/public capture	UNKNOWN STEP	2026-10-06T10:05:52.6847932Z  * [new branch]          codex/celestia-decision-tree-summary -> origin/codex/celestia-decision-tree-summary
stable legacy/public capture	UNKNOWN STEP	2026-10-06T10:05:52.6848480Z  * [new branch]          codex/checkpoint-read-profile-allocs -> origin/codex/checkpoint-read-profile-allocs
stable legacy/public capture	UNKNOWN STEP	2026-10-06T10:05:52.6848982Z  * [new branch]          codex/ci-flakes-bigkeys-raft -> origin/codex/ci-flakes-bigkeys-raft
stable legacy/public capture	UNKNOWN STEP	2026-10-06T10:05:52.6849445Z  * [new branch]          codex/ci-rebalance-slow-shards -> origin/codex/ci-rebalance-slow-shards
stable legacy/public capture	UNKNOWN STEP	2026-10-06T10:05:52.6849941Z  * [new branch]          codex/ci-walltime-weighted-shards -> origin/codex/ci-walltime-weighted-shards
stable legacy/public capture	UNKNOWN STEP	2026-10-06T10:05:52.6850500Z  * [new branch]          codex/cohere10m-lifecycle-docs-20260901 -> origin/codex/cohere10m-lifecycle-docs-20260901
stable legacy/public capture	UNKNOWN STEP	2026-10-06T10:05:52.6851171Z  * [new branch]          codex/colgranule-aggregate-kernels -> origin/codex/colgranule-aggregate-kernels
stable legacy/public capture	UNKNOWN STEP	2026-10-06T10:05:52.6851718Z  * [new branch]          codex/colgranule-aggregate-metadata -> origin/codex/colgranule-aggregate-metadata
stable legacy/public capture	UNKNOWN STEP	2026-10-06T10:05:52.6852300Z  * [new branch]          codex/colgranule-dense-jsonbench-kernels -> origin/codex/colgranule-dense-jsonbench-kernels
stable legacy/public capture	UNKNOWN STEP	2026-10-06T10:05:52.6852834Z  * [new branch]          codex/colgranule-granule-core -> origin/codex/colgranule-granule-core
stable legacy/public capture	UNKNOWN STEP	2026-10-06T10:05:52.6853384Z  * [new branch]          codex/colgranule-jsonbench-encoded-parts -> origin/codex/colgranule-jsonbench-encoded-parts
stable legacy/public capture	UNKNOWN STEP	2026-10-06T10:05:52.6853989Z  * [new branch]          codex/colgranule-m10a-publish-plan-api -> origin/codex/colgranule-m10a-publish-plan-api
stable legacy/public capture	UNKNOWN STEP	2026-10-06T10:05:52.6854566Z  * [new branch]          codex/colgranule-m10b-root-publication -> origin/codex/colgranule-m10b-root-publication
stable legacy/public capture	UNKNOWN STEP	2026-10-06T10:05:52.6855144Z  * [new branch]          codex/colgranule-m10c-recovery-parity -> origin/codex/colgranule-m10c-recovery-parity
stable legacy/public capture	UNKNOWN STEP	2026-10-06T10:05:52.6855849Z  * [new branch]          codex/colgranule-m11a-native-column-bench -> origin/codex/colgranule-m11a-native-column-bench
stable legacy/public capture	UNKNOWN STEP	2026-10-06T10:05:52.6856443Z  * [new branch]          codex/colgranule-m11b-planner-skipscan -> origin/codex/colgranule-m11b-planner-skipscan
stable legacy/public capture	UNKNOWN STEP	2026-10-06T10:05:52.6857022Z  * [new branch]          codex/colgranule-m11b-skipscan-span-fix -> origin/codex/colgranule-m11b-skipscan-span-fix
stable legacy/public capture	UNKNOWN STEP	2026-10-06T10:05:52.6857639Z  * [new branch]          codex/colgranule-m12a-physical-asset-writer -> origin/codex/colgranule-m12a-physical-asset-writer
stable legacy/public capture	UNKNOWN STEP	2026-10-06T10:05:52.6858277Z  * [new branch]          codex/colgranule-m12b-write-support-matrix -> origin/codex/colgranule-m12b-write-support-matrix
stable legacy/public capture	UNKNOWN STEP	2026-10-06T10:05:52.6858872Z  * [new branch]          codex/colgranule-m12c-mutation-assets -> origin/codex/colgranule-m12c-mutation-assets
stable legacy/public capture	UNKNOWN STEP	2026-10-06T10:05:52.6859422Z  * [new branch]          codex/colgranule-m13a-serial-scanner -> origin/codex/colgranule-m13a-serial-scanner
stable legacy/public capture	UNKNOWN STEP	2026-10-06T10:05:52.6860062Z  * [new branch]          codex/colgranule-m13b-query-adapter -> origin/codex/colgranule-m13b-query-adapter
stable legacy/public capture	UNKNOWN STEP	2026-10-06T10:05:52.6860588Z  * [new branch]          codex/colgranule-m13c-visibility -> origin/codex/colgranule-m13c-visibility
stable legacy/public capture	UNKNOWN STEP	2026-10-06T10:05:52.6861201Z  * [new branch]          codex/colgranule-m13c-visibility-reconstruction -> origin/codex/colgranule-m13c-visibility-reconstruction
stable legacy/public capture	UNKNOWN STEP	2026-10-06T10:05:52.6861876Z  * [new branch]          codex/colgranule-m14a-planner-capabilities -> origin/codex/colgranule-m14a-planner-capabilities
stable legacy/public capture	UNKNOWN STEP	2026-10-06T10:05:52.6862480Z  * [new branch]          codex/colgranule-m14b-physical-routing -> origin/codex/colgranule-m14b-physical-routing
stable legacy/public capture	UNKNOWN STEP	2026-10-06T10:05:52.6863062Z  * [new branch]          codex/colgranule-m14c-closeout-evidence -> origin/codex/colgranule-m14c-closeout-evidence
stable legacy/public capture	UNKNOWN STEP	2026-10-06T10:05:52.6863701Z  * [new branch]          codex/colgranule-m15a-column-asset-reachability -> origin/codex/colgranule-m15a-column-asset-reachability
stable legacy/public capture	UNKNOWN STEP	2026-10-06T10:05:52.6864331Z  * [new branch]          codex/colgranule-m15b-column-asset-gc -> origin/codex/colgranule-m15b-column-asset-gc
stable legacy/public capture	UNKNOWN STEP	2026-10-06T10:05:52.6865013Z  * [new branch]          codex/colgranule-m15c-column-asset-rewrite -> origin/codex/colgranule-m15c-column-asset-rewrite
stable legacy/public capture	UNKNOWN STEP	2026-10-06T10:05:52.6865836Z  * [new branch]          codex/colgranule-m1c-byte-accounting -> origin/codex/colgranule-m1c-byte-accounting
stable legacy/public capture	UNKNOWN STEP	2026-10-06T10:05:52.6866426Z  * [new branch]          codex/colgranule-m1d-part-image -> origin/codex/colgranule-m1d-part-image
stable legacy/public capture	UNKNOWN STEP	2026-10-06T10:05:52.6867150Z  * [new branch]          codex/colgranule-m2-tcs1-assets -> origin/codex/colgranule-m2-tcs1-assets
stable legacy/public capture	UNKNOWN STEP	2026-10-06T10:05:52.6867779Z  * [new branch]          codex/colgranule-m3-disk-workspace -> origin/codex/colgranule-m3-disk-workspace
stable legacy/public capture	UNKNOWN STEP	2026-10-06T10:05:52.6868450Z  * [new branch]          codex/colgranule-m6-asset-lifecycle -> origin/codex/colgranule-m6-asset-lifecycle
stable legacy/public capture	UNKNOWN STEP	2026-10-06T10:05:52.6869229Z  * [new branch]          codex/colgranule-m6-asset-lifecycle-stack -> origin/codex/colgranule-m6-asset-lifecycle-stack
stable legacy/public capture	UNKNOWN STEP	2026-10-06T10:05:52.6869956Z  * [new branch]          codex/colgranule-m6-binary-control-plane -> origin/codex/colgranule-m6-binary-control-plane
stable legacy/public capture	UNKNOWN STEP	2026-10-06T10:05:52.6870761Z  * [new branch]          codex/colgranule-m6-binary-control-plane-views -> origin/codex/colgranule-m6-binary-control-plane-views
stable legacy/public capture	UNKNOWN STEP	2026-10-06T10:05:52.6871500Z  * [new branch]          codex/colgranule-m7-control-plane-bridge -> origin/codex/colgranule-m7-control-plane-bridge
stable legacy/public capture	UNKNOWN STEP	2026-10-06T10:05:52.6872312Z  * [new branch]          codex/colgranule-m8a-mutation-locator-profile -> origin/codex/colgranule-m8a-mutation-locator-profile
stable legacy/public capture	UNKNOWN STEP	2026-10-06T10:05:52.6873028Z  * [new branch]          codex/colgranule-m8b-locator-deferral -> origin/codex/colgranule-m8b-locator-deferral
stable legacy/public capture	UNKNOWN STEP	2026-10-06T10:05:52.6873731Z  * [new branch]          codex/colgranule-m9-1594-integration-base -> origin/codex/colgranule-m9-1594-integration-base
stable legacy/public capture	UNKNOWN STEP	2026-10-06T10:05:52.6874563Z  * [new branch]          codex/colgranule-m9b-lifecycle-durability-closure -> origin/codex/colgranule-m9b-lifecycle-durability-closure
stable legacy/public capture	UNKNOWN STEP	2026-10-06T10:05:52.6875447Z  * [new branch]          codex/colgranule-m9c-control-plane-durability -> origin/codex/colgranule-m9c-control-plane-durability
stable legacy/public capture	UNKNOWN STEP	2026-10-06T10:05:52.6876243Z  * [new branch]          codex/colgranule-m9d-replay-profile-contract -> origin/codex/colgranule-m9d-replay-profile-contract
stable legacy/public capture	UNKNOWN STEP	2026-10-06T10:05:52.6877003Z  * [new branch]          codex/colgranule-part-builder-scanner -> origin/codex/colgranule-part-builder-scanner
stable legacy/public capture	UNKNOWN STEP	2026-10-06T10:05:52.6877657Z  * [new branch]          codex/colgranule-predicate-marks -> origin/codex/colgranule-predicate-marks
stable legacy/public capture	UNKNOWN STEP	2026-10-06T10:05:52.6887945Z  * [new branch]          codex/colgranule-q3-hour-code -> origin/codex/colgranule-q3-hour-code
stable legacy/public capture	UNKNOWN STEP	2026-10-06T10:05:52.6888517Z  * [new branch]          codex/colgranule-q4-fairness -> origin/codex/colgranule-q4-fairness
stable legacy/public capture	UNKNOWN STEP	2026-10-06T10:05:52.6889043Z  * [new branch]          codex/colgranule-q4-prefix-decode -> origin/codex/colgranule-q4-prefix-decode
stable legacy/public capture	UNKNOWN STEP	2026-10-06T10:05:52.6889713Z  * [new branch]          codex/colgranule-q4q5-superiority -> origin/codex/colgranule-q4q5-superiority
stable legacy/public capture	UNKNOWN STEP	2026-10-06T10:05:52.6890263Z  * [new branch]          codex/colgranule-tiny-code-readers -> origin/codex/colgranule-tiny-code-readers
stable legacy/public capture	UNKNOWN STEP	2026-10-06T10:05:52.6890788Z  * [new branch]          codex/colgranule-touched-bitsets -> origin/codex/colgranule-touched-bitsets
stable legacy/public capture	UNKNOWN STEP	2026-10-06T10:05:52.6891281Z  * [new branch]          codex/colgranule-typed-codecs -> origin/codex/colgranule-typed-codecs
stable legacy/public capture	UNKNOWN STEP	2026-10-06T10:05:52.6891782Z  * [new branch]          codex/collection-async-flush-1132 -> origin/codex/collection-async-flush-1132
stable legacy/public capture	UNKNOWN STEP	2026-10-06T10:05:52.6892362Z  * [new branch]          codex/collection-bench-wal-on-fast-default -> origin/codex/collection-bench-wal-on-fast-default
stable legacy/public capture	UNKNOWN STEP	2026-10-06T10:05:52.6892952Z  * [new branch]          codex/collection-insert-lock-shrink -> origin/codex/collection-insert-lock-shrink
stable legacy/public capture	UNKNOWN STEP	2026-10-06T10:05:52.6893527Z  * [new branch]          codex/collection-publish-metrics-1132 -> origin/codex/collection-publish-metrics-1132
stable legacy/public capture	UNKNOWN STEP	2026-10-06T10:05:52.6894154Z  * [new branch]          codex/collection-root-publish-observability -> origin/codex/collection-root-publish-observability
stable legacy/public capture	UNKNOWN STEP	2026-10-06T10:05:52.6894743Z  * [new branch]          codex/collection-root-run-cap-1132 -> origin/codex/collection-root-run-cap-1132
stable legacy/public capture	UNKNOWN STEP	2026-10-06T10:05:52.6895357Z  * [new branch]          codex/collection-rw-scaling-bench -> origin/codex/collection-rw-scaling-bench
stable legacy/public capture	UNKNOWN STEP	2026-10-06T10:05:52.6895934Z  * [new branch]          codex/collection-update-batch-lock-shrink -> origin/codex/collection-update-batch-lock-shrink
stable legacy/public capture	UNKNOWN STEP	2026-10-06T10:05:52.6896567Z  * [new branch]          codex/collection-update-combine-unique-safe -> origin/codex/collection-update-combine-unique-safe
stable legacy/public capture	UNKNOWN STEP	2026-10-06T10:05:52.6897180Z  * [new branch]          codex/collection-update-write-combiner -> origin/codex/collection-update-write-combiner
stable legacy/public capture	UNKNOWN STEP	2026-10-06T10:05:52.6897819Z  * [new branch]          codex/collection-wal-pr1-min -> origin/codex/collection-wal-pr1-min
stable legacy/public capture	UNKNOWN STEP	2026-10-06T10:05:52.6898404Z  * [new branch]          codex/collections-borrowed-range-document-scan -> origin/codex/collections-borrowed-range-document-scan
stable legacy/public capture	UNKNOWN STEP	2026-10-06T10:05:52.6899039Z  * [new branch]          codex/collections-column-float32-norm -> origin/codex/collections-column-float32-norm
stable legacy/public capture	UNKNOWN STEP	2026-10-06T10:05:52.6899675Z  * [new branch]          codex/collections-column-vector-contract-seam -> origin/codex/collections-column-vector-contract-seam
stable legacy/public capture	UNKNOWN STEP	2026-10-06T10:05:52.6900329Z  * [new branch]          codex/collections-column-vector-graph-core -> origin/codex/collections-column-vector-graph-core
stable legacy/public capture	UNKNOWN STEP	2026-10-06T10:05:52.6900958Z  * [new branch]          codex/collections-column-vector-scale-bench -> origin/codex/collections-column-vector-scale-bench
stable legacy/public capture	UNKNOWN STEP	2026-10-06T10:05:52.6901587Z  * [new branch]          codex/collections-range-borrowed-id-scan -> origin/codex/collections-range-borrowed-id-scan
stable legacy/public capture	UNKNOWN STEP	2026-10-06T10:05:52.6902158Z  * [new branch]          codex/colstore-vector-column-types -> origin/codex/colstore-vector-column-types
stable legacy/public capture	UNKNOWN STEP	2026-10-06T10:05:52.6902678Z  * [new branch]          codex/colstore-vector-graph-search -> origin/codex/colstore-vector-graph-search
stable legacy/public capture	UNKNOWN STEP	2026-10-06T10:05:52.6903216Z  * [new branch]          codex/colstore-vector-partset-reader -> origin/codex/colstore-vector-partset-reader
stable legacy/public capture	UNKNOWN STEP	2026-10-06T10:05:52.6903739Z  * [new branch]          codex/column-allocation-cleanup -> origin/codex/column-allocation-cleanup
stable legacy/public capture	UNKNOWN STEP	2026-10-06T10:05:52.6904230Z  * [new branch]          codex/column-granule-experiment -> origin/codex/column-granule-experiment
stable legacy/public capture	UNKNOWN STEP	2026-10-06T10:05:52.6904777Z  * [new branch]          codex/column-graph-hnsw-frontier-parity -> origin/codex/column-graph-hnsw-frontier-parity
stable legacy/public capture	UNKNOWN STEP	2026-10-06T10:05:52.6905530Z  * [new branch]          codex/column-graph-native-1690-integration -> origin/codex/column-graph-native-1690-integration
stable legacy/public capture	UNKNOWN STEP	2026-10-06T10:05:52.6906180Z  * [new branch]          codex/column-graph-native-1699-integration -> origin/codex/column-graph-native-1699-integration
stable legacy/public capture	UNKNOWN STEP	2026-10-06T10:05:52.6906882Z  * [new branch]          codex/column-graph-native-v0-inventory -> origin/codex/column-graph-native-v0-inventory
stable legacy/public capture	UNKNOWN STEP	2026-10-06T10:05:52.6907491Z  * [new branch]          codex/column-graph-native-v1-column-values -> origin/codex/column-graph-native-v1-column-values
stable legacy/public capture	UNKNOWN STEP	2026-10-06T10:05:52.6908115Z  * [new branch]          codex/column-graph-native-v1-reader-cache -> origin/codex/column-graph-native-v1-reader-cache
stable legacy/public capture	UNKNOWN STEP	2026-10-06T10:05:52.6908743Z  * [new branch]          codex/column-graph-native-v2a-build-publish -> origin/codex/column-graph-native-v2a-build-publish
stable legacy/public capture	UNKNOWN STEP	2026-10-06T10:05:52.6909413Z  * [new branch]          codex/column-graph-native-v2a-physical-publish -> origin/codex/column-graph-native-v2a-physical-publish
stable legacy/public capture	UNKNOWN STEP	2026-10-06T10:05:52.6910084Z  * [new branch]          codex/column-graph-native-v2a-rebuild-publish -> origin/codex/column-graph-native-v2a-rebuild-publish
stable legacy/public capture	UNKNOWN STEP	2026-10-06T10:05:52.6910735Z  * [new branch]          codex/column-graph-native-v2b-ordinal-reader -> origin/codex/column-graph-native-v2b-ordinal-reader
stable legacy/public capture	UNKNOWN STEP	2026-10-06T10:05:52.6911367Z  * [new branch]          codex/column-graph-native-v3-reader-search -> origin/codex/column-graph-native-v3-reader-search
stable legacy/public capture	UNKNOWN STEP	2026-10-06T10:05:52.6911969Z  * [new branch]          codex/column-graph-native-v4-public-api -> origin/codex/column-graph-native-v4-public-api
stable legacy/public capture	UNKNOWN STEP	2026-10-06T10:05:52.6912616Z  * [new branch]          codex/column-graph-native-v5-mutation-staleness -> origin/codex/column-graph-native-v5-mutation-staleness
stable legacy/public capture	UNKNOWN STEP	2026-10-06T10:05:52.6913284Z  * [new branch]          codex/column-graph-native-v6-bench-docs-demo -> origin/codex/column-graph-native-v6-bench-docs-demo
stable legacy/public capture	UNKNOWN STEP	2026-10-06T10:05:52.6913864Z  * [new branch]          codex/column-graph-vector-user-docs -> origin/codex/column-graph-vector-user-docs
stable legacy/public capture	UNKNOWN STEP	2026-10-06T10:05:52.6914447Z  * [new branch]          codex/column-native-fixed-width-decode-m1b2 -> origin/codex/column-native-fixed-width-decode-m1b2
stable legacy/public capture	UNKNOWN STEP	2026-10-06T10:05:52.6915295Z  * [new branch]          codex/column-native-hot-block-fastpath-m1b -> origin/codex/column-native-hot-block-fastpath-m1b
stable legacy/public capture	UNKNOWN STEP	2026-10-06T10:05:52.6915987Z  * [new branch]          codex/column-native-little-endian-fixed-width-m1c-a -> origin/codex/column-native-little-endian-fixed-width-m1c-a
stable legacy/public capture	UNKNOWN STEP	2026-10-06T10:05:52.6916719Z  * [new branch]          codex/column-native-little-endian-fixed-width-m1c-b -> origin/codex/column-native-little-endian-fixed-width-m1c-b
stable legacy/public capture	UNKNOWN STEP	2026-10-06T10:05:52.6917388Z  * [new branch]          codex/column-native-row-decode-fastpath-m1 -> origin/codex/column-native-row-decode-fastpath-m1
stable legacy/public capture	UNKNOWN STEP	2026-10-06T10:05:52.6918008Z  * [new branch]          codex/column-native-vector-direct-set-m1d -> origin/codex/column-native-vector-direct-set-m1d
stable legacy/public capture	UNKNOWN STEP	2026-10-06T10:05:52.6918669Z  * [new branch]          codex/column-native-vector-graph-le-payload-m1c-c -> origin/codex/column-native-vector-graph-le-payload-m1c-c
stable legacy/public capture	UNKNOWN STEP	2026-10-06T10:05:52.6919358Z  * [new branch]          codex/column-store-aggregate-metadata-assets -> origin/codex/column-store-aggregate-metadata-assets
stable legacy/public capture	UNKNOWN STEP	2026-10-06T10:05:52.6919986Z  * [new branch]          codex/column-store-cached-read-integrity -> origin/codex/column-store-cached-read-integrity
stable legacy/public capture	UNKNOWN STEP	2026-10-06T10:05:52.6920576Z  * [new branch]          codex/column-store-dense-reducer-state -> origin/codex/column-store-dense-reducer-state
stable legacy/public capture	UNKNOWN STEP	2026-10-06T10:05:52.6921186Z  * [new branch]          codex/column-store-dict-int64-group-sidecars -> origin/codex/column-store-dict-int64-group-sidecars
stable legacy/public capture	UNKNOWN STEP	2026-10-06T10:05:52.6921831Z  * [new branch]          codex/column-store-dictionary-code-sidecars -> origin/codex/column-store-dictionary-code-sidecars
stable legacy/public capture	UNKNOWN STEP	2026-10-06T10:05:52.6922496Z  * [new branch]          codex/column-store-dictionary-distinct-sidecars -> origin/codex/column-store-dictionary-distinct-sidecars
stable legacy/public capture	UNKNOWN STEP	2026-10-06T10:05:52.6923215Z  * [new branch]          codex/column-store-direct-row-decode-specialization -> origin/codex/column-store-direct-row-decode-specialization
stable legacy/public capture	UNKNOWN STEP	2026-10-06T10:05:52.6923910Z  * [new branch]          codex/column-store-mmap-asset-reader-probe -> origin/codex/column-store-mmap-asset-reader-probe
stable legacy/public capture	UNKNOWN STEP	2026-10-06T10:05:52.6924641Z  * [new branch]          codex/column-store-parity-line-format-allocs -> origin/codex/column-store-parity-line-format-allocs
stable legacy/public capture	UNKNOWN STEP	2026-10-06T10:05:52.6925363Z  * [new branch]          codex/column-store-post1676-next-checkpoint -> origin/codex/column-store-post1676-next-checkpoint
stable legacy/public capture	UNKNOWN STEP	2026-10-06T10:05:52.6925995Z  * [new branch]          codex/column-store-post1680-next-checkpoint -> origin/codex/column-store-post1680-next-checkpoint
stable legacy/public capture	UNKNOWN STEP	2026-10-06T10:05:52.6926606Z  * [new branch]          codex/column-store-post1681-next-checkpoint -> origin/codex/column-store-post1681-next-checkpoint
stable legacy/public capture	UNKNOWN STEP	2026-10-06T10:05:52.6927213Z  * [new branch]          codex/column-store-post1683-next-checkpoint -> origin/codex/column-store-post1683-next-checkpoint
stable legacy/public capture	UNKNOWN STEP	2026-10-06T10:05:52.6927831Z  * [new branch]          codex/column-store-post1684-cache-asset-root -> origin/codex/column-store-post1684-cache-asset-root
stable legacy/public capture	UNKNOWN STEP	2026-10-06T10:05:52.6928515Z  * [new branch]          codex/column-store-post1685-next-alloc-checkpoint -> origin/codex/column-store-post1685-next-alloc-checkpoint
stable legacy/public capture	UNKNOWN STEP	2026-10-06T10:05:52.6929207Z  * [new branch]          codex/column-store-post1686-manifest-view-cache -> origin/codex/column-store-post1686-manifest-view-cache
stable legacy/public capture	UNKNOWN STEP	2026-10-06T10:05:52.6929884Z  * [new branch]          codex/column-store-post1687-scan-manifest-view -> origin/codex/column-store-post1687-scan-manifest-view
stable legacy/public capture	UNKNOWN STEP	2026-10-06T10:05:52.6930560Z  * [new branch]          codex/column-store-post1688-stream-scan-manifest -> origin/codex/column-store-post1688-stream-scan-manifest
stable legacy/public capture	UNKNOWN STEP	2026-10-06T10:05:52.6931231Z  * [new branch]          codex/column-store-post1689-dict-int64-scratch -> origin/codex/column-store-post1689-dict-int64-scratch
stable legacy/public capture	UNKNOWN STEP	2026-10-06T10:05:52.6931922Z  * [new branch]          codex/column-store-post1690-dictionary-view-decode -> origin/codex/column-store-post1690-dictionary-view-decode
stable legacy/public capture	UNKNOWN STEP	2026-10-06T10:05:52.6932693Z  * [new branch]          codex/column-store-post1691-reader-session -> origin/codex/column-store-post1691-reader-session
stable legacy/public capture	UNKNOWN STEP	2026-10-06T10:05:52.6933316Z  * [new branch]          codex/column-store-post1693-next-checkpoint -> origin/codex/column-store-post1693-next-checkpoint
stable legacy/public capture	UNKNOWN STEP	2026-10-06T10:05:52.6933936Z  * [new branch]          codex/column-store-post1694-manifest-alloc -> origin/codex/column-store-post1694-manifest-alloc
stable legacy/public capture	UNKNOWN STEP	2026-10-06T10:05:52.6934546Z  * [new branch]          codex/column-store-post1695-next-checkpoint -> origin/codex/column-store-post1695-next-checkpoint
stable legacy/public capture	UNKNOWN STEP	2026-10-06T10:05:52.6935283Z  * [new branch]          codex/column-store-post1699-planner-scan-alloc -> origin/codex/column-store-post1699-planner-scan-alloc
stable legacy/public capture	UNKNOWN STEP	2026-10-06T10:05:52.6936013Z  * [new branch]          codex/column-store-post1701-dictionary-oneshot-scale -> origin/codex/column-store-post1701-dictionary-oneshot-scale
stable legacy/public capture	UNKNOWN STEP	2026-10-06T10:05:52.6936697Z  * [new branch]          codex/column-store-post1702-dict-code-arena -> origin/codex/column-store-post1702-dict-code-arena
stable legacy/public capture	UNKNOWN STEP	2026-10-06T10:05:52.6937381Z  * [new branch]          codex/column-store-post1704-routed-prepared-session -> origin/codex/column-store-post1704-routed-prepared-session
stable legacy/public capture	UNKNOWN STEP	2026-10-06T10:05:52.6938092Z  * [new branch]          codex/column-store-prepared-aggregate-metadata -> origin/codex/column-store-prepared-aggregate-metadata
stable legacy/public capture	UNKNOWN STEP	2026-10-06T10:05:52.6938734Z  * [new branch]          codex/column-store-q4b-aggregate-metadata -> origin/codex/column-store-q4b-aggregate-metadata
stable legacy/public capture	UNKNOWN STEP	2026-10-06T10:05:52.6939270Z  * [new branch]          codex/column-store-quickstart -> origin/codex/column-store-quickstart
stable legacy/public capture	UNKNOWN STEP	2026-10-06T10:05:52.6939810Z  * [new branch]          codex/column-store-relaxed-read-integrity -> origin/codex/column-store-relaxed-read-integrity
stable legacy/public capture	UNKNOWN STEP	2026-10-06T10:05:52.6940448Z  * [new branch]          codex/column-store-serial-dictionary-sidecars -> origin/codex/column-store-serial-dictionary-sidecars
stable legacy/public capture	UNKNOWN STEP	2026-10-06T10:05:52.6941091Z  * [new branch]          codex/column-store-serial-sidecar-allocs -> origin/codex/column-store-serial-sidecar-allocs
stable legacy/public capture	UNKNOWN STEP	2026-10-06T10:05:52.6941755Z  * [new branch]          codex/column-store-slope-bench -> origin/codex/column-store-slope-bench
stable legacy/public capture	UNKNOWN STEP	2026-10-06T10:05:52.6942331Z  * [new branch]          codex/column-store-stream-dictionary-one-shot -> origin/codex/column-store-stream-dictionary-one-shot
stable legacy/public capture	UNKNOWN STEP	2026-10-06T10:05:52.6942928Z  * [new branch]          codex/column-store-vectorized-q2-q3 -> origin/codex/column-store-vectorized-q2-q3
stable legacy/public capture	UNKNOWN STEP	2026-10-06T10:05:52.6943495Z  * [new branch]          codex/column-store-vectorized-q4-minmax -> origin/codex/column-store-vectorized-q4-minmax
stable legacy/public capture	UNKNOWN STEP	2026-10-06T10:05:52.6944070Z  * [new branch]          codex/column-store-vectorized-reducers -> origin/codex/column-store-vectorized-reducers
stable legacy/public capture	UNKNOWN STEP	2026-10-06T10:05:52.6944602Z  * [new branch]          codex/column-vector-deep1b-bench -> origin/codex/column-vector-deep1b-bench
stable legacy/public capture	UNKNOWN STEP	2026-10-06T10:05:52.6945343Z  * [new branch]          codex/column-vector-dynamic-overlay-adaptive-tombstones -> origin/codex/column-vector-dynamic-overlay-adaptive-tombstones
stable legacy/public capture	UNKNOWN STEP	2026-10-06T10:05:52.6946156Z  * [new branch]          codex/column-vector-dynamic-overlay-base-topk-benchfix -> origin/codex/column-vector-dynamic-overlay-base-topk-benchfix
stable legacy/public capture	UNKNOWN STEP	2026-10-06T10:05:52.6946920Z  * [new branch]          codex/column-vector-dynamic-overlay-base-topk-trim -> origin/codex/column-vector-dynamic-overlay-base-topk-trim
stable legacy/public capture	UNKNOWN STEP	2026-10-06T10:05:52.6947594Z  * [new branch]          codex/column-vector-dynamic-overlay-bench -> origin/codex/column-vector-dynamic-overlay-bench
stable legacy/public capture	UNKNOWN STEP	2026-10-06T10:05:52.6948288Z  * [new branch]          codex/column-vector-dynamic-overlay-publish-capacity -> origin/codex/column-vector-dynamic-overlay-publish-capacity
stable legacy/public capture	UNKNOWN STEP	2026-10-06T10:05:52.6949056Z  * [new branch]          codex/column-vector-dynamic-overlay-steady-write-bench -> origin/codex/column-vector-dynamic-overlay-steady-write-bench
stable legacy/public capture	UNKNOWN STEP	2026-10-06T10:05:52.6949815Z  * [new branch]          codex/column-vector-graph-product-1621-integration -> origin/codex/column-vector-graph-product-1621-integration
stable legacy/public capture	UNKNOWN STEP	2026-10-06T10:05:52.6950551Z  * [new branch]          codex/column-vector-main-path-bench -> origin/codex/column-vector-main-path-bench
stable legacy/public capture	UNKNOWN STEP	2026-10-06T10:05:52.6951176Z  * [new branch]          codex/column-vector-persisted-evidence-bench-pr -> origin/codex/column-vector-persisted-evidence-bench-pr
stable legacy/public capture	UNKNOWN STEP	2026-10-06T10:05:52.6951839Z  * [new branch]          codex/column-vector-physical-loader-search -> origin/codex/column-vector-physical-loader-search
stable legacy/public capture	UNKNOWN STEP	2026-10-06T10:05:52.6952451Z  * [new branch]          codex/column-vector-physical-values-1621 -> origin/codex/column-vector-physical-values-1621
stable legacy/public capture	UNKNOWN STEP	2026-10-06T10:05:52.6953058Z  * [new branch]          codex/command-wal-collection-trusted-2135 -> origin/codex/command-wal-collection-trusted-2135
stable legacy/public capture	UNKNOWN STEP	2026-10-06T10:05:52.6953622Z  * [new branch]          codex/command-wal-empty-batch-sync -> origin/codex/command-wal-empty-batch-sync
stable legacy/public capture	UNKNOWN STEP	2026-10-06T10:05:52.6954161Z  * [new branch]          codex/command-wal-no-payload-digest -> origin/codex/command-wal-no-payload-digest
stable legacy/public capture	UNKNOWN STEP	2026-10-06T10:05:52.6954798Z  * [new branch]          codex/command-wal-stack-validation-20260517-091728 -> origin/codex/command-wal-stack-validation-20260517-091728
stable legacy/public capture	UNKNOWN STEP	2026-10-06T10:05:52.6955587Z  * [new branch]          codex/compact-leaf-decode-aliased-dst -> origin/codex/compact-leaf-decode-aliased-dst
stable legacy/public capture	UNKNOWN STEP	2026-10-06T10:05:52.6956130Z  * [new branch]          codex/compact-leaf-payload-allocs -> origin/codex/compact-leaf-payload-allocs
stable legacy/public capture	UNKNOWN STEP	2026-10-06T10:05:52.6956703Z  * [new branch]          codex/compact-reclaims-fenced-vlog-sources -> origin/codex/compact-reclaims-fenced-vlog-sources
stable legacy/public capture	UNKNOWN STEP	2026-10-06T10:05:52.6957243Z  * [new branch]          codex/cow-c1-immutable-roots -> origin/codex/cow-c1-immutable-roots
stable legacy/public capture	UNKNOWN STEP	2026-10-06T10:05:52.6957712Z  * [new branch]          codex/cow-c2-cache-publication -> origin/codex/cow-c2-cache-publication
stable legacy/public capture	UNKNOWN STEP	2026-10-06T10:05:52.6958213Z  * [new branch]          codex/current-leaf-mmap-target-1135 -> origin/codex/current-leaf-mmap-target-1135
stable legacy/public capture	UNKNOWN STEP	2026-10-06T10:05:52.6958728Z  * [new branch]          codex/current-leaf-page-cache-1136 -> origin/codex/current-leaf-page-cache-1136
stable legacy/public capture	UNKNOWN STEP	2026-10-06T10:05:52.6959357Z  * [new branch]          codex/cwal-indexed-buffer-2121 -> origin/codex/cwal-indexed-buffer-2121
stable legacy/public capture	UNKNOWN STEP	2026-10-06T10:05:52.6959881Z  * [new branch]          codex/default-indexed-async-flush -> origin/codex/default-indexed-async-flush
stable legacy/public capture	UNKNOWN STEP	2026-10-06T10:05:52.6960416Z  * [new branch]          codex/delete-heavy-backend-apply-cap -> origin/codex/delete-heavy-backend-apply-cap
stable legacy/public capture	UNKNOWN STEP	2026-10-06T10:05:52.6960959Z  * [new branch]          codex/delete-heavy-streaming-flush -> origin/codex/delete-heavy-streaming-flush
stable legacy/public capture	UNKNOWN STEP	2026-10-06T10:05:52.6961477Z  * [new branch]          codex/detached-indexed-flush-1132 -> origin/codex/detached-indexed-flush-1132
stable legacy/public capture	UNKNOWN STEP	2026-10-06T10:05:52.6962024Z  * [new branch]          codex/detached-indexed-flush-1132-clean -> origin/codex/detached-indexed-flush-1132-clean
stable legacy/public capture	UNKNOWN STEP	2026-10-06T10:05:52.6962624Z  * [new branch]          codex/dgraph-durability-standalone-bench -> origin/codex/dgraph-durability-standalone-bench
stable legacy/public capture	UNKNOWN STEP	2026-10-06T10:05:52.6963152Z  * [new branch]          codex/direct-arena-hwm-stats -> origin/codex/direct-arena-hwm-stats
stable legacy/public capture	UNKNOWN STEP	2026-10-06T10:05:52.6963647Z  * [new branch]          codex/direct-bson-trust-stored-docs -> origin/codex/direct-bson-trust-stored-docs
stable legacy/public capture	UNKNOWN STEP	2026-10-06T10:05:52.6964211Z  * [new branch]          codex/disable-live-compact-leaf-payload -> origin/codex/disable-live-compact-leaf-payload
stable legacy/public capture	UNKNOWN STEP	2026-10-06T10:05:52.6964794Z  * [new branch]          codex/docs-treedb-qdrant-500k-20260917 -> origin/codex/docs-treedb-qdrant-500k-20260917
stable legacy/public capture	UNKNOWN STEP	2026-10-06T10:05:52.6965445Z  * [new branch]          codex/ec2-vdbbench-evidence-20260818 -> origin/codex/ec2-vdbbench-evidence-20260818
stable legacy/public capture	UNKNOWN STEP	2026-10-06T10:05:52.6966028Z  * [new branch]          codex/fast-profile-current-vlog-mmap -> origin/codex/fast-profile-current-vlog-mmap
stable legacy/public capture	UNKNOWN STEP	2026-10-06T10:05:52.6966577Z  * [new branch]          codex/fastclient-skip-deadline-watch -> origin/codex/fastclient-skip-deadline-watch
stable legacy/public capture	UNKNOWN STEP	2026-10-06T10:05:52.6967131Z  * [new branch]          codex/feature-workflow-smoke-20260905 -> origin/codex/feature-workflow-smoke-20260905
stable legacy/public capture	UNKNOWN STEP	2026-10-06T10:05:52.6967777Z  * [new branch]          codex/first-touch-typed-cache-3090 -> origin/codex/first-touch-typed-cache-3090
stable legacy/public capture	UNKNOWN STEP	2026-10-06T10:05:52.6968318Z  * [new branch]          codex/fix-fold-resource-fixture-flake -> origin/codex/fix-fold-resource-fixture-flake
stable legacy/public capture	UNKNOWN STEP	2026-10-06T10:05:52.6968968Z  * [new branch]          codex/fix-leaf-pack-maintenance-gc-vulnerability -> origin/codex/fix-leaf-pack-maintenance-gc-vulnerability
stable legacy/public capture	UNKNOWN STEP	2026-10-06T10:05:52.6969584Z  * [new branch]          codex/fix-main-ci-valuewriter-stub -> origin/codex/fix-main-ci-valuewriter-stub
stable legacy/public capture	UNKNOWN STEP	2026-10-06T10:05:52.6970189Z  * [new branch]          codex/fix-nativewire-unsupported-cluster-test -> origin/codex/fix-nativewire-unsupported-cluster-test
stable legacy/public capture	UNKNOWN STEP	2026-10-06T10:05:52.6970721Z  * [new branch]          codex/fix-post-4177-ci  -> origin/codex/fix-post-4177-ci
stable legacy/public capture	UNKNOWN STEP	2026-10-06T10:05:52.6971162Z  * [new branch]          codex/fix-rid-reuse-in-wal-scan -> origin/codex/fix-rid-reuse-in-wal-scan
stable legacy/public capture	UNKNOWN STEP	2026-10-06T10:05:52.6971778Z  * [new branch]          codex/fix-sealed-mmap-budget-bypass-vulnerability -> origin/codex/fix-sealed-mmap-budget-bypass-vulnerability
stable legacy/public capture	UNKNOWN STEP	2026-10-06T10:05:52.6972434Z  * [new branch]          codex/fix-typed-column-jsonbench-doc-ci -> origin/codex/fix-typed-column-jsonbench-doc-ci
stable legacy/public capture	UNKNOWN STEP	2026-10-06T10:05:52.6973095Z  * [new branch]          codex/fix-value-log-maintenance-starvation-issue -> origin/codex/fix-value-log-maintenance-starvation-issue
stable legacy/public capture	UNKNOWN STEP	2026-10-06T10:05:52.6973786Z  * [new branch]          codex/fix-wal-on-background-maintenance-issue -> origin/codex/fix-wal-on-background-maintenance-issue
stable legacy/public capture	UNKNOWN STEP	2026-10-06T10:05:52.6974339Z  * [new branch]          codex/fix-zipper-split-race -> origin/codex/fix-zipper-split-race
stable legacy/public capture	UNKNOWN STEP	2026-10-06T10:05:52.6974883Z  * [new branch]          codex/fixed-cluster-4250-prepare-staging-v14 -> origin/codex/fixed-cluster-4250-prepare-staging-v14
stable legacy/public capture	UNKNOWN STEP	2026-10-06T10:05:52.6975596Z  * [new branch]          codex/flush-build-stable-append-only-runs -> origin/codex/flush-build-stable-append-only-runs
stable legacy/public capture	UNKNOWN STEP	2026-10-06T10:05:52.6976304Z  * [new branch]          codex/flush-build-stable-hashsorted-runs -> origin/codex/flush-build-stable-hashsorted-runs
stable legacy/public capture	UNKNOWN STEP	2026-10-06T10:05:52.6976855Z  * [new branch]          codex/fold-close-exact-owner -> origin/codex/fold-close-exact-owner
stable legacy/public capture	UNKNOWN STEP	2026-10-06T10:05:52.6977342Z  * [new branch]          codex/followup-ai-review-cleanups -> origin/codex/followup-ai-review-cleanups
stable legacy/public capture	UNKNOWN STEP	2026-10-06T10:05:52.6977863Z  * [new branch]          codex/force-value-pointer-path-opt -> origin/codex/force-value-pointer-path-opt
stable legacy/public capture	UNKNOWN STEP	2026-10-06T10:05:52.6978411Z  * [new branch]          codex/freeze-sort-outside-domain-lock -> origin/codex/freeze-sort-outside-domain-lock
stable legacy/public capture	UNKNOWN STEP	2026-10-06T10:05:52.6978938Z  * [new branch]          codex/freeze-sort-scratch-reuse -> origin/codex/freeze-sort-scratch-reuse
stable legacy/public capture	UNKNOWN STEP	2026-10-06T10:05:52.6979428Z  * [new branch]          codex/frozen-leaf-logical-rebuild -> origin/codex/frozen-leaf-logical-rebuild
stable legacy/public capture	UNKNOWN STEP	2026-10-06T10:05:52.6979951Z  * [new branch]          codex/frozen-leaf-transcode-harness -> origin/codex/frozen-leaf-transcode-harness
stable legacy/public capture	UNKNOWN STEP	2026-10-06T10:05:52.6980468Z  * [new branch]          codex/full-benchmark-report-suite -> origin/codex/full-benchmark-report-suite
stable legacy/public capture	UNKNOWN STEP	2026-10-06T10:05:52.6981036Z  * [new branch]          codex/gateway-range-document-helper -> origin/codex/gateway-range-document-helper
stable legacy/public capture	UNKNOWN STEP	2026-10-06T10:05:52.6981562Z  * [new branch]          codex/gateway-write-update-allocs -> origin/codex/gateway-write-update-allocs
stable legacy/public capture	UNKNOWN STEP	2026-10-06T10:05:52.6982056Z  * [new branch]          codex/gpu-dot-tournament-bench -> origin/codex/gpu-dot-tournament-bench
stable legacy/public capture	UNKNOWN STEP	2026-10-06T10:05:52.6982553Z  * [new branch]          codex/hash-tournament-experiment -> origin/codex/hash-tournament-experiment
stable legacy/public capture	UNKNOWN STEP	2026-10-06T10:05:52.6983049Z  * [new branch]          codex/hnsw-build-backfill-merge -> origin/codex/hnsw-build-backfill-merge
stable legacy/public capture	UNKNOWN STEP	2026-10-06T10:05:52.6983570Z  * [new branch]          codex/hnsw-build-diversity-fast-path -> origin/codex/hnsw-build-diversity-fast-path
stable legacy/public capture	UNKNOWN STEP	2026-10-06T10:05:52.6984228Z  * [new branch]          codex/hnsw-construction-performance -> origin/codex/hnsw-construction-performance
stable legacy/public capture	UNKNOWN STEP	2026-10-06T10:05:52.6984739Z  * [new branch]          codex/hnsw-construction-quality -> origin/codex/hnsw-construction-quality
stable legacy/public capture	UNKNOWN STEP	2026-10-06T10:05:52.6985297Z  * [new branch]          codex/hnsw-edge-quality-20260816 -> origin/codex/hnsw-edge-quality-20260816
stable legacy/public capture	UNKNOWN STEP	2026-10-06T10:05:52.6985748Z  * [new branch]          codex/hnsw-m18-no-refill -> origin/codex/hnsw-m18-no-refill
stable legacy/public capture	UNKNOWN STEP	2026-10-06T10:05:52.6986247Z  * [new branch]          codex/hnsw-profile-promotion-20260816 -> origin/codex/hnsw-profile-promotion-20260816
stable legacy/public capture	UNKNOWN STEP	2026-10-06T10:05:52.6986791Z  * [new branch]          codex/hnsw-root-backed-search-bench -> origin/codex/hnsw-root-backed-search-bench
stable legacy/public capture	UNKNOWN STEP	2026-10-06T10:05:52.6987354Z  * [new branch]          codex/id-update-writer-scaling-fast-path -> origin/codex/id-update-writer-scaling-fast-path
stable legacy/public capture	UNKNOWN STEP	2026-10-06T10:05:52.6987987Z  * [new branch]          codex/indexed-async-durability-contract-1132 -> origin/codex/indexed-async-durability-contract-1132
stable legacy/public capture	UNKNOWN STEP	2026-10-06T10:05:52.6988605Z  * [new branch]          codex/indexed-collection-buffer-limits -> origin/codex/indexed-collection-buffer-limits
stable legacy/public capture	UNKNOWN STEP	2026-10-06T10:05:52.6989173Z  * [new branch]          codex/indexed-collection-write-domain -> origin/codex/indexed-collection-write-domain
stable legacy/public capture	UNKNOWN STEP	2026-10-06T10:05:52.6989667Z  * [new branch]          codex/indexed-delete-buffer -> origin/codex/indexed-delete-buffer
stable legacy/public capture	UNKNOWN STEP	2026-10-06T10:05:52.6990130Z  * [new branch]          codex/indexed-flush-units-1132 -> origin/codex/indexed-flush-units-1132
stable legacy/public capture	UNKNOWN STEP	2026-10-06T10:05:52.6990581Z  * [new branch]          codex/insert-planner-cache -> origin/codex/insert-planner-cache
stable legacy/public capture	UNKNOWN STEP	2026-10-06T10:05:52.6991088Z  * [new branch]          codex/insertbatch-mutable-accumulators -> origin/codex/insertbatch-mutable-accumulators
stable legacy/public capture	UNKNOWN STEP	2026-10-06T10:05:52.6991780Z  * [new branch]          codex/investigate-value-log-maintenance-vulnerability -> origin/codex/investigate-value-log-maintenance-vulnerability
stable legacy/public capture	UNKNOWN STEP	2026-10-06T10:05:52.6992402Z  * [new branch]          codex/ironbird-wal-sync-rerun -> origin/codex/ironbird-wal-sync-rerun
stable legacy/public capture	UNKNOWN STEP	2026-10-06T10:05:52.6992939Z  * [new branch]          codex/issue-1070-disk-usage -> origin/codex/issue-1070-disk-usage
stable legacy/public capture	UNKNOWN STEP	2026-10-06T10:05:52.6993423Z  * [new branch]          codex/issue-1128-typed-index-keys -> origin/codex/issue-1128-typed-index-keys
stable legacy/public capture	UNKNOWN STEP	2026-10-06T10:05:52.6993999Z  * [new branch]          codex/issue-1242-cancel-waiter-test-repair-v1 -> origin/codex/issue-1242-cancel-waiter-test-repair-v1
stable legacy/public capture	UNKNOWN STEP	2026-10-06T10:05:52.6994662Z  * [new branch]          codex/issue-1242-command-wal-domain-deadlock-v1 -> origin/codex/issue-1242-command-wal-domain-deadlock-v1
stable legacy/public capture	UNKNOWN STEP	2026-10-06T10:05:52.6995337Z  * [new branch]          codex/issue-1434-full-compaction -> origin/codex/issue-1434-full-compaction
stable legacy/public capture	UNKNOWN STEP	2026-10-06T10:05:52.6995888Z  * [new branch]          codex/issue-1739-column-graph-quality-fix -> origin/codex/issue-1739-column-graph-quality-fix
stable legacy/public capture	UNKNOWN STEP	2026-10-06T10:05:52.6996497Z  * [new branch]          codex/issue-1739-column-graph-vector-bench -> origin/codex/issue-1739-column-graph-vector-bench
stable legacy/public capture	UNKNOWN STEP	2026-10-06T10:05:52.6997106Z  * [new branch]          codex/issue-1739-vacuumed-vector-storage -> origin/codex/issue-1739-vacuumed-vector-storage
stable legacy/public capture	UNKNOWN STEP	2026-10-06T10:05:52.6997660Z  * [new branch]          codex/issue-2189-bench-report-stats -> origin/codex/issue-2189-bench-report-stats
stable legacy/public capture	UNKNOWN STEP	2026-10-06T10:05:52.6998138Z  * [new branch]          codex/issue-248-vlog-timegate -> origin/codex/issue-248-vlog-timegate
stable legacy/public capture	UNKNOWN STEP	2026-10-06T10:05:52.6998599Z  * [new branch]          codex/issue-3246-update-bson-set -> origin/codex/issue-3246-update-bson-set
stable legacy/public capture	UNKNOWN STEP	2026-10-06T10:05:52.6999030Z  * [new branch]          codex/issue-342-negative -> origin/codex/issue-342-negative
stable legacy/public capture	UNKNOWN STEP	2026-10-06T10:05:52.6999447Z  * [new branch]          codex/issue-3536-batch-scratch -> origin/codex/issue-3536-batch-scratch
stable legacy/public capture	UNKNOWN STEP	2026-10-06T10:05:52.6999933Z  * [new branch]          codex/issue-3538-leafgen-view-alloc -> origin/codex/issue-3538-leafgen-view-alloc
stable legacy/public capture	UNKNOWN STEP	2026-10-06T10:05:52.7000522Z  * [new branch]          codex/issue-3665-final-headroom -> origin/codex/issue-3665-final-headroom
stable legacy/public capture	UNKNOWN STEP	2026-10-06T10:05:52.7001024Z  * [new branch]          codex/issue-3665-raft-backoff-seam -> origin/codex/issue-3665-raft-backoff-seam
stable legacy/public capture	UNKNOWN STEP	2026-10-06T10:05:52.7001564Z  * [new branch]          codex/issue-379-vlog-compression-auto -> origin/codex/issue-379-vlog-compression-auto
stable legacy/public capture	UNKNOWN STEP	2026-10-06T10:05:52.7002051Z  * [new branch]          codex/issue-384-m0-harness -> origin/codex/issue-384-m0-harness
stable legacy/public capture	UNKNOWN STEP	2026-10-06T10:05:52.7002474Z  * [new branch]          codex/issue-384-m1-flush-vlog -> origin/codex/issue-384-m1-flush-vlog
stable legacy/public capture	UNKNOWN STEP	2026-10-06T10:05:52.7002919Z  * [new branch]          codex/issue-384-m2-reporting -> origin/codex/issue-384-m2-reporting
stable legacy/public capture	UNKNOWN STEP	2026-10-06T10:05:52.7003353Z  * [new branch]          codex/issue-384-m3-invariants -> origin/codex/issue-384-m3-invariants
stable legacy/public capture	UNKNOWN STEP	2026-10-06T10:05:52.7003778Z  * [new branch]          codex/issue-384-m4-closeout -> origin/codex/issue-384-m4-closeout
stable legacy/public capture	UNKNOWN STEP	2026-10-06T10:05:52.7004260Z  * [new branch]          codex/issue-3981-nativewire-router -> origin/codex/issue-3981-nativewire-router
stable legacy/public capture	UNKNOWN STEP	2026-10-06T10:05:52.7004769Z  * [new branch]          codex/issue-3982-final-local-gates -> origin/codex/issue-3982-final-local-gates
stable legacy/public capture	UNKNOWN STEP	2026-10-06T10:05:52.7005313Z  * [new branch]          codex/issue-3994-recurrence -> origin/codex/issue-3994-recurrence
stable legacy/public capture	UNKNOWN STEP	2026-10-06T10:05:52.7005819Z  * [new branch]          codex/issue-3998-quarter-probe-routing -> origin/codex/issue-3998-quarter-probe-routing
stable legacy/public capture	UNKNOWN STEP	2026-10-06T10:05:52.7006428Z  * [new branch]          codex/issue-3998-quarter-probe-routing-clean -> origin/codex/issue-3998-quarter-probe-routing-clean
stable legacy/public capture	UNKNOWN STEP	2026-10-06T10:05:52.7007025Z  * [new branch]          codex/issue-3999-partition-hnsw-recall -> origin/codex/issue-3999-partition-hnsw-recall
stable legacy/public capture	UNKNOWN STEP	2026-10-06T10:05:52.7007559Z  * [new branch]          codex/issue-4001-overlap-treatment -> origin/codex/issue-4001-overlap-treatment
stable legacy/public capture	UNKNOWN STEP	2026-10-06T10:05:52.7008043Z  * [new branch]          codex/issue-4002-suite-timeout -> origin/codex/issue-4002-suite-timeout
stable legacy/public capture	UNKNOWN STEP	2026-10-06T10:05:52.7008639Z  * [new branch]          codex/issue-4002-suite-timeout-split -> origin/codex/issue-4002-suite-timeout-split
stable legacy/public capture	UNKNOWN STEP	2026-10-06T10:05:52.7009165Z  * [new branch]          codex/issue-4003-powerloss-oracle -> origin/codex/issue-4003-powerloss-oracle
stable legacy/public capture	UNKNOWN STEP	2026-10-06T10:05:52.7009687Z  * [new branch]          codex/issue-4014-production-topology -> origin/codex/issue-4014-production-topology
stable legacy/public capture	UNKNOWN STEP	2026-10-06T10:05:52.7010244Z  * [new branch]          codex/issue-4014-production-topology-v2 -> origin/codex/issue-4014-production-topology-v2
stable legacy/public capture	UNKNOWN STEP	2026-10-06T10:05:52.7010737Z  * [new branch]          codex/issue-4016-vector-api -> origin/codex/issue-4016-vector-api
stable legacy/public capture	UNKNOWN STEP	2026-10-06T10:05:52.7011182Z  * [new branch]          codex/issue-4016-vector-api-v2 -> origin/codex/issue-4016-vector-api-v2
stable legacy/public capture	UNKNOWN STEP	2026-10-06T10:05:52.7011686Z  * [new branch]          codex/issue-4017-invalidation-recovery -> origin/codex/issue-4017-invalidation-recovery
stable legacy/public capture	UNKNOWN STEP	2026-10-06T10:05:52.7012266Z  * [new branch]          codex/issue-4017-invalidation-recovery-v2 -> origin/codex/issue-4017-invalidation-recovery-v2
stable legacy/public capture	UNKNOWN STEP	2026-10-06T10:05:52.7012823Z  * [new branch]          codex/issue-4018-vector-operations -> origin/codex/issue-4018-vector-operations
stable legacy/public capture	UNKNOWN STEP	2026-10-06T10:05:52.7013348Z  * [new branch]          codex/issue-4018-vector-operations-v2 -> origin/codex/issue-4018-vector-operations-v2
stable legacy/public capture	UNKNOWN STEP	2026-10-06T10:05:52.7013931Z  * [new branch]          codex/issue-4019-local-system-qualification -> origin/codex/issue-4019-local-system-qualification
stable legacy/public capture	UNKNOWN STEP	2026-10-06T10:05:52.7014486Z  * [new branch]          codex/issue-4019-m2-topology-tax -> origin/codex/issue-4019-m2-topology-tax
stable legacy/public capture	UNKNOWN STEP	2026-10-06T10:05:52.7014972Z  * [new branch]          codex/issue-4019-m3-system-matrix -> origin/codex/issue-4019-m3-system-matrix
stable legacy/public capture	UNKNOWN STEP	2026-10-06T10:05:52.7015550Z  * [new branch]          codex/issue-4019-system-adapters -> origin/codex/issue-4019-system-adapters
stable legacy/public capture	UNKNOWN STEP	2026-10-06T10:05:52.7016088Z  * [new branch]          codex/issue-4019-treedb-topology-adapter -> origin/codex/issue-4019-treedb-topology-adapter
stable legacy/public capture	UNKNOWN STEP	2026-10-06T10:05:52.7016712Z  * [new branch]          codex/issue-4023-attribution -> origin/codex/issue-4023-attribution
stable legacy/public capture	UNKNOWN STEP	2026-10-06T10:05:52.7017142Z  * [new branch]          codex/issue-4024-placement -> origin/codex/issue-4024-placement
stable legacy/public capture	UNKNOWN STEP	2026-10-06T10:05:52.7017542Z  * [new branch]          codex/issue-4025-overlap -> origin/codex/issue-4025-overlap
stable legacy/public capture	UNKNOWN STEP	2026-10-06T10:05:52.7017930Z  * [new branch]          codex/issue-4026-krt    -> origin/codex/issue-4026-krt
stable legacy/public capture	UNKNOWN STEP	2026-10-06T10:05:52.7018369Z  * [new branch]          codex/issue-4027-compact-evidence -> origin/codex/issue-4027-compact-evidence
stable legacy/public capture	UNKNOWN STEP	2026-10-06T10:05:52.7018841Z  * [new branch]          codex/issue-4027-qualification -> origin/codex/issue-4027-qualification
stable legacy/public capture	UNKNOWN STEP	2026-10-06T10:05:52.7019360Z  * [new branch]          codex/issue-4090-vector-onramp-profile -> origin/codex/issue-4090-vector-onramp-profile
stable legacy/public capture	UNKNOWN STEP	2026-10-06T10:05:52.7019899Z  * [new branch]          codex/issue-4091-runtime-ownership -> origin/codex/issue-4091-runtime-ownership
stable legacy/public capture	UNKNOWN STEP	2026-10-06T10:05:52.7020395Z  * [new branch]          codex/issue-4092-serving-snapshot -> origin/codex/issue-4092-serving-snapshot
stable legacy/public capture	UNKNOWN STEP	2026-10-06T10:05:52.7020907Z  * [new branch]          codex/issue-4093-vector-revalidation -> origin/codex/issue-4093-vector-revalidation
stable legacy/public capture	UNKNOWN STEP	2026-10-06T10:05:52.7021441Z  * [new branch]          codex/issue-4096-strict-vector-proof -> origin/codex/issue-4096-strict-vector-proof
stable legacy/public capture	UNKNOWN STEP	2026-10-06T10:05:52.7021964Z  * [new branch]          codex/issue-4097-native-wire-vector -> origin/codex/issue-4097-native-wire-vector
stable legacy/public capture	UNKNOWN STEP	2026-10-06T10:05:52.7022441Z  * [new branch]          codex/issue-4098-fast-search -> origin/codex/issue-4098-fast-search
stable legacy/public capture	UNKNOWN STEP	2026-10-06T10:05:52.7022915Z  * [new branch]          codex/issue-4121-membership-counts -> origin/codex/issue-4121-membership-counts
stable legacy/public capture	UNKNOWN STEP	2026-10-06T10:05:52.7023394Z  * [new branch]          codex/issue-4122-hnsw-scratch -> origin/codex/issue-4122-hnsw-scratch
stable legacy/public capture	UNKNOWN STEP	2026-10-06T10:05:52.7023818Z  * [new branch]          codex/issue-4123-m5-binary -> origin/codex/issue-4123-m5-binary
stable legacy/public capture	UNKNOWN STEP	2026-10-06T10:05:52.7024043Z  * [new branch]          codex/issue-4124-final-reprofile -> origin/codex/issue-4124-final-reprofile
stable legacy/public capture	UNKNOWN STEP	2026-10-06T10:05:52.7024349Z  * [new branch]          codex/issue-4136-candidate-engine -> origin/codex/issue-4136-candidate-engine
stable legacy/public capture	UNKNOWN STEP	2026-10-06T10:05:52.7024567Z  * [new branch]          codex/issue-4142-locality-matrix -> origin/codex/issue-4142-locality-matrix
stable legacy/public capture	UNKNOWN STEP	2026-10-06T10:05:52.7024810Z  * [new branch]          codex/issue-4143-byte-bounded-shards -> origin/codex/issue-4143-byte-bounded-shards
stable legacy/public capture	UNKNOWN STEP	2026-10-06T10:05:52.7025018Z  * [new branch]          codex/issue-4144-page-objective -> origin/codex/issue-4144-page-objective
stable legacy/public capture	UNKNOWN STEP	2026-10-06T10:05:52.7025284Z  * [new branch]          codex/issue-4146-final  -> origin/codex/issue-4146-final
stable legacy/public capture	UNKNOWN STEP	2026-10-06T10:05:52.7025455Z  * [new branch]          codex/issue-4158-frontier -> origin/codex/issue-4158-frontier
stable legacy/public capture	UNKNOWN STEP	2026-10-06T10:05:52.7025695Z  * [new branch]          codex/issue-4181-vdbbench-preflight -> origin/codex/issue-4181-vdbbench-preflight
stable legacy/public capture	UNKNOWN STEP	2026-10-06T10:05:52.7025943Z  * [new branch]          codex/issue-4193-vdbbench-load-batch -> origin/codex/issue-4193-vdbbench-load-batch
stable legacy/public capture	UNKNOWN STEP	2026-10-06T10:05:52.7026286Z  * [new branch]          codex/issue-4250-fixed-cluster-qualify-finalbase-v1 -> origin/codex/issue-4250-fixed-cluster-qualify-finalbase-v1
stable legacy/public capture	UNKNOWN STEP	2026-10-06T10:05:52.7026604Z  * [new branch]          codex/issue-4250-vector-initialize-finalbase-v1 -> origin/codex/issue-4250-vector-initialize-finalbase-v1
stable legacy/public capture	UNKNOWN STEP	2026-10-06T10:05:52.7026752Z  * [new branch]          codex/issue-4252        -> origin/codex/issue-4252
stable legacy/public capture	UNKNOWN STEP	2026-10-06T10:05:52.7026899Z  * [new branch]          codex/issue-4253        -> origin/codex/issue-4253
stable legacy/public capture	UNKNOWN STEP	2026-10-06T10:05:52.7027046Z  * [new branch]          codex/issue-4254        -> origin/codex/issue-4254
stable legacy/public capture	UNKNOWN STEP	2026-10-06T10:05:52.7027179Z  * [new branch]          codex/issue-4257        -> origin/codex/issue-4257
stable legacy/public capture	UNKNOWN STEP	2026-10-06T10:05:52.7027318Z  * [new branch]          codex/issue-4259        -> origin/codex/issue-4259
stable legacy/public capture	UNKNOWN STEP	2026-10-06T10:05:52.7027638Z  * [new branch]          codex/issue-4262-compact-embedding -> origin/codex/issue-4262-compact-embedding
stable legacy/public capture	UNKNOWN STEP	2026-10-06T10:05:52.7027898Z  * [new branch]          codex/issue-4322-logical-domain-packs -> origin/codex/issue-4322-logical-domain-packs
stable legacy/public capture	UNKNOWN STEP	2026-10-06T10:05:52.7028148Z  * [new branch]          codex/issue-4324-partition-live-delta -> origin/codex/issue-4324-partition-live-delta
stable legacy/public capture	UNKNOWN STEP	2026-10-06T10:05:52.7028355Z  * [new branch]          codex/issue-4345-handle-sharing -> origin/codex/issue-4345-handle-sharing
stable legacy/public capture	UNKNOWN STEP	2026-10-06T10:05:52.7028581Z  * [new branch]          codex/issue-4345-physical-sharing -> origin/codex/issue-4345-physical-sharing
stable legacy/public capture	UNKNOWN STEP	2026-10-06T10:05:52.7028847Z  * [new branch]          codex/issue-4371-distinct-segment-proof -> origin/codex/issue-4371-distinct-segment-proof
stable legacy/public capture	UNKNOWN STEP	2026-10-06T10:05:52.7029053Z  * [new branch]          codex/issue-4427-stream-assets -> origin/codex/issue-4427-stream-assets
stable legacy/public capture	UNKNOWN STEP	2026-10-06T10:05:52.7029232Z  * [new branch]          codex/issue-4428-adjacency -> origin/codex/issue-4428-adjacency
stable legacy/public capture	UNKNOWN STEP	2026-10-06T10:05:52.7029475Z  * [new branch]          codex/issue-4431-typed-vector-source -> origin/codex/issue-4431-typed-vector-source
stable legacy/public capture	UNKNOWN STEP	2026-10-06T10:05:52.7029717Z  * [new branch]          codex/issue-4438-construction-matrix -> origin/codex/issue-4438-construction-matrix
stable legacy/public capture	UNKNOWN STEP	2026-10-06T10:05:52.7029994Z  * [new branch]          codex/issue-4478-proportional-maintenance -> origin/codex/issue-4478-proportional-maintenance
stable legacy/public capture	UNKNOWN STEP	2026-10-06T10:05:52.7030231Z  * [new branch]          codex/issue-4483-request-local-stats -> origin/codex/issue-4483-request-local-stats
stable legacy/public capture	UNKNOWN STEP	2026-10-06T10:05:52.7030462Z  * [new branch]          codex/issue-4490-optimistic-upsert -> origin/codex/issue-4490-optimistic-upsert
stable legacy/public capture	UNKNOWN STEP	2026-10-06T10:05:52.7030645Z  * [new branch]          codex/issue-4493-typed-fp32 -> origin/codex/issue-4493-typed-fp32
stable legacy/public capture	UNKNOWN STEP	2026-10-06T10:05:52.7030853Z  * [new branch]          codex/issue-4496-vlog-age-park -> origin/codex/issue-4496-vlog-age-park
stable legacy/public capture	UNKNOWN STEP	2026-10-06T10:05:52.7031047Z  * [new branch]          codex/issue-4497-deferred-vlog -> origin/codex/issue-4497-deferred-vlog
stable legacy/public capture	UNKNOWN STEP	2026-10-06T10:05:52.7031332Z  * [new branch]          codex/issue-4502-wal-cleanup -> origin/codex/issue-4502-wal-cleanup
stable legacy/public capture	UNKNOWN STEP	2026-10-06T10:05:52.7031574Z  * [new branch]          codex/issue-4514-reciprocal-scratch -> origin/codex/issue-4514-reciprocal-scratch
stable legacy/public capture	UNKNOWN STEP	2026-10-06T10:05:52.7031793Z  * [new branch]          codex/issue-4523-manifest-rebase -> origin/codex/issue-4523-manifest-rebase
stable legacy/public capture	UNKNOWN STEP	2026-10-06T10:05:52.7032078Z  * [new branch]          codex/issue-4526-buffered-manifest-rebase -> origin/codex/issue-4526-buffered-manifest-rebase
stable legacy/public capture	UNKNOWN STEP	2026-10-06T10:05:52.7032374Z  * [new branch]          codex/issue-4720-partition-live-incremental -> origin/codex/issue-4720-partition-live-incremental
stable legacy/public capture	UNKNOWN STEP	2026-10-06T10:05:52.7032642Z  * [new branch]          codex/issue-4727-fixed-peer-tcp-runtime -> origin/codex/issue-4727-fixed-peer-tcp-runtime
stable legacy/public capture	UNKNOWN STEP	2026-10-06T10:05:52.7032902Z  * [new branch]          codex/issue-4728-routed-vector-mutation -> origin/codex/issue-4728-routed-vector-mutation
stable legacy/public capture	UNKNOWN STEP	2026-10-06T10:05:52.7033103Z  * [new branch]          codex/issue-4744-build-context -> origin/codex/issue-4744-build-context
stable legacy/public capture	UNKNOWN STEP	2026-10-06T10:05:52.7033360Z  * [new branch]          codex/issue-4744-coverage-attribution -> origin/codex/issue-4744-coverage-attribution
stable legacy/public capture	UNKNOWN STEP	2026-10-06T10:05:52.7033568Z  * [new branch]          codex/issue-4745-review-context -> origin/codex/issue-4745-review-context
stable legacy/public capture	UNKNOWN STEP	2026-10-06T10:05:52.7033855Z  * [new branch]          codex/issue-4745-router-policy-diagnostics -> origin/codex/issue-4745-router-policy-diagnostics
stable legacy/public capture	UNKNOWN STEP	2026-10-06T10:05:52.7034092Z  * [new branch]          codex/issue-4748-4749-build-context -> origin/codex/issue-4748-4749-build-context
stable legacy/public capture	UNKNOWN STEP	2026-10-06T10:05:52.7034368Z  * [new branch]          codex/issue-4748-router-effort-diagnostics -> origin/codex/issue-4748-router-effort-diagnostics
stable legacy/public capture	UNKNOWN STEP	2026-10-06T10:05:52.7034715Z  * [new branch]          codex/issue-4749-router-representation-diagnostics -> origin/codex/issue-4749-router-representation-diagnostics
stable legacy/public capture	UNKNOWN STEP	2026-10-06T10:05:52.7035026Z  * [new branch]          codex/issue-4753-comparison-packet -> origin/codex/issue-4753-comparison-packet
stable legacy/public capture	UNKNOWN STEP	2026-10-06T10:05:52.7035401Z  * [new branch]          codex/issue-4753-complete-measurements -> origin/codex/issue-4753-complete-measurements
stable legacy/public capture	UNKNOWN STEP	2026-10-06T10:05:52.7035610Z  * [new branch]          codex/issue-4753-final-evidence -> origin/codex/issue-4753-final-evidence
stable legacy/public capture	UNKNOWN STEP	2026-10-06T10:05:52.7035885Z  * [new branch]          codex/issue-4753-integrated-packing-no-go -> origin/codex/issue-4753-integrated-packing-no-go
stable legacy/public capture	UNKNOWN STEP	2026-10-06T10:05:52.7036152Z  * [new branch]          codex/issue-4753-real-embedding-fixture -> origin/codex/issue-4753-real-embedding-fixture
stable legacy/public capture	UNKNOWN STEP	2026-10-06T10:05:52.7036352Z  * [new branch]          codex/issue-4753-real-lifecycle -> origin/codex/issue-4753-real-lifecycle
stable legacy/public capture	UNKNOWN STEP	2026-10-06T10:05:52.7036600Z  * [new branch]          codex/issue-4753-resource-completion -> origin/codex/issue-4753-resource-completion
stable legacy/public capture	UNKNOWN STEP	2026-10-06T10:05:52.7036832Z  * [new branch]          codex/issue-4753-resource-topology -> origin/codex/issue-4753-resource-topology
stable legacy/public capture	UNKNOWN STEP	2026-10-06T10:05:52.7037057Z  * [new branch]          codex/issue-4753-retained-geometry -> origin/codex/issue-4753-retained-geometry
stable legacy/public capture	UNKNOWN STEP	2026-10-06T10:05:52.7037328Z  * [new branch]          codex/issue-4753-retained-mutation-schema -> origin/codex/issue-4753-retained-mutation-schema
stable legacy/public capture	UNKNOWN STEP	2026-10-06T10:05:52.7037589Z  * [new branch]          codex/issue-4753-retained-source-binding -> origin/codex/issue-4753-retained-source-binding
stable legacy/public capture	UNKNOWN STEP	2026-10-06T10:05:52.7037827Z  * [new branch]          codex/issue-4753-selected-lifecycle -> origin/codex/issue-4753-selected-lifecycle
stable legacy/public capture	UNKNOWN STEP	2026-10-06T10:05:52.7038080Z  * [new branch]          codex/issue-4766-literal-filtered-bm25 -> origin/codex/issue-4766-literal-filtered-bm25
stable legacy/public capture	UNKNOWN STEP	2026-10-06T10:05:52.7038300Z  * [new branch]          codex/issue-4767-public-hybrid-sq8 -> origin/codex/issue-4767-public-hybrid-sq8
stable legacy/public capture	UNKNOWN STEP	2026-10-06T10:05:52.7038584Z  * [new branch]          codex/issue-4768-atomic-source-replacement -> origin/codex/issue-4768-atomic-source-replacement
stable legacy/public capture	UNKNOWN STEP	2026-10-06T10:05:52.7038878Z  * [new branch]          codex/issue-4769-typed-metadata -> origin/codex/issue-4769-typed-metadata
stable legacy/public capture	UNKNOWN STEP	2026-10-06T10:05:52.7039129Z  * [new branch]          codex/issue-4773-hierarchical-route -> origin/codex/issue-4773-hierarchical-route
stable legacy/public capture	UNKNOWN STEP	2026-10-06T10:05:52.7039374Z  * [new branch]          codex/issue-4773-krt-centroid-forest -> origin/codex/issue-4773-krt-centroid-forest
stable legacy/public capture	UNKNOWN STEP	2026-10-06T10:05:52.7039630Z  * [new branch]          codex/issue-4773-production-krt-router -> origin/codex/issue-4773-production-krt-router
stable legacy/public capture	UNKNOWN STEP	2026-10-06T10:05:52.7039860Z  * [new branch]          codex/issue-4773-router-work-bound -> origin/codex/issue-4773-router-work-bound
stable legacy/public capture	UNKNOWN STEP	2026-10-06T10:05:52.7040108Z  * [new branch]          codex/issue-4774-canonical-local-hnsw -> origin/codex/issue-4774-canonical-local-hnsw
stable legacy/public capture	UNKNOWN STEP	2026-10-06T10:05:52.7040344Z  * [new branch]          codex/issue-4774-final-ef96-harness -> origin/codex/issue-4774-final-ef96-harness
stable legacy/public capture	UNKNOWN STEP	2026-10-06T10:05:52.7040565Z  * [new branch]          codex/issue-4775-bounded-graph -> origin/codex/issue-4775-bounded-graph
stable legacy/public capture	UNKNOWN STEP	2026-10-06T10:05:52.7040835Z  * [new branch]          codex/issue-4775-byte-bounded-ingestion -> origin/codex/issue-4775-byte-bounded-ingestion
stable legacy/public capture	UNKNOWN STEP	2026-10-06T10:05:52.7041128Z  * [new branch]          codex/issue-4775-domain-boundary-validation -> origin/codex/issue-4775-domain-boundary-validation
stable legacy/public capture	UNKNOWN STEP	2026-10-06T10:05:52.7041328Z  * [new branch]          codex/issue-4775-domain-chunks -> origin/codex/issue-4775-domain-chunks
stable legacy/public capture	UNKNOWN STEP	2026-10-06T10:05:52.7041582Z  * [new branch]          codex/issue-4775-domain-evidence-9054 -> origin/codex/issue-4775-domain-evidence-9054
stable legacy/public capture	UNKNOWN STEP	2026-10-06T10:05:52.7041815Z  * [new branch]          codex/issue-4775-domain-pack-split -> origin/codex/issue-4775-domain-pack-split
stable legacy/public capture	UNKNOWN STEP	2026-10-06T10:05:52.7042050Z  * [new branch]          codex/issue-4775-graph-home-packing -> origin/codex/issue-4775-graph-home-packing
stable legacy/public capture	UNKNOWN STEP	2026-10-06T10:05:52.7042317Z  * [new branch]          codex/issue-4775-home-packing-evidence -> origin/codex/issue-4775-home-packing-evidence
stable legacy/public capture	UNKNOWN STEP	2026-10-06T10:05:52.7042700Z  * [new branch]          codex/issue-4775-physical-resource-receipt -> origin/codex/issue-4775-physical-resource-receipt
stable legacy/public capture	UNKNOWN STEP	2026-10-06T10:05:52.7042939Z  * [new branch]          codex/issue-4775-runtime-comparison -> origin/codex/issue-4775-runtime-comparison
stable legacy/public capture	UNKNOWN STEP	2026-10-06T10:05:52.7043168Z  * [new branch]          codex/issue-4787-partition-vamana -> origin/codex/issue-4787-partition-vamana
stable legacy/public capture	UNKNOWN STEP	2026-10-06T10:05:52.7043490Z  * [new branch]          codex/issue-4806-distributed-partition-contract -> origin/codex/issue-4806-distributed-partition-contract
stable legacy/public capture	UNKNOWN STEP	2026-10-06T10:05:52.7043705Z  * [new branch]          codex/issue-4807-sparse-catalog -> origin/codex/issue-4807-sparse-catalog
stable legacy/public capture	UNKNOWN STEP	2026-10-06T10:05:52.7043948Z  * [new branch]          codex/issue-4808-owner-local-metadata -> origin/codex/issue-4808-owner-local-metadata
stable legacy/public capture	UNKNOWN STEP	2026-10-06T10:05:52.7044189Z  * [new branch]          codex/issue-4809-auth-shard-20260928 -> origin/codex/issue-4809-auth-shard-20260928
stable legacy/public capture	UNKNOWN STEP	2026-10-06T10:05:52.7044475Z  * [new branch]          codex/issue-4809-config-capacity-20260929 -> origin/codex/issue-4809-config-capacity-20260929
stable legacy/public capture	UNKNOWN STEP	2026-10-06T10:05:52.7044785Z  * [new branch]          codex/issue-4809-cost-observation-main-8715-v1 -> origin/codex/issue-4809-cost-observation-main-8715-v1
stable legacy/public capture	UNKNOWN STEP	2026-10-06T10:05:52.7045089Z  * [new branch]          codex/issue-4809-immutable-authority-20260928 -> origin/codex/issue-4809-immutable-authority-20260928
stable legacy/public capture	UNKNOWN STEP	2026-10-06T10:05:52.7045513Z  * [new branch]          codex/issue-4809-owner-asset-corruption-20260928 -> origin/codex/issue-4809-owner-asset-corruption-20260928
stable legacy/public capture	UNKNOWN STEP	2026-10-06T10:05:52.7045783Z  * [new branch]          codex/issue-4809-owner-segments-20260928 -> origin/codex/issue-4809-owner-segments-20260928
stable legacy/public capture	UNKNOWN STEP	2026-10-06T10:05:52.7046132Z  * [new branch]          codex/issue-4809-ownerlocal-merged-support-20260928 -> origin/codex/issue-4809-ownerlocal-merged-support-20260928
stable legacy/public capture	UNKNOWN STEP	2026-10-06T10:05:52.7046382Z  * [new branch]          codex/issue-4809-scoped-stage-20260928 -> origin/codex/issue-4809-scoped-stage-20260928
stable legacy/public capture	UNKNOWN STEP	2026-10-06T10:05:52.7046774Z  * [new branch]          codex/issue-4809-separate-leader-v2-20260928 -> origin/codex/issue-4809-separate-leader-v2-20260928
stable legacy/public capture	UNKNOWN STEP	2026-10-06T10:05:52.7047040Z  * [new branch]          codex/issue-4809-source-holder-20260928 -> origin/codex/issue-4809-source-holder-20260928
stable legacy/public capture	UNKNOWN STEP	2026-10-06T10:05:52.7047320Z  * [new branch]          codex/issue-4809-stale-active-red-20260929 -> origin/codex/issue-4809-stale-active-red-20260929
stable legacy/public capture	UNKNOWN STEP	2026-10-06T10:05:52.7047606Z  * [new branch]          codex/issue-4809-wrong-owner-fault-20260929 -> origin/codex/issue-4809-wrong-owner-fault-20260929
stable legacy/public capture	UNKNOWN STEP	2026-10-06T10:05:52.7047900Z  * [new branch]          codex/issue-4810-canonical-first-red-20260929 -> origin/codex/issue-4810-canonical-first-red-20260929
stable legacy/public capture	UNKNOWN STEP	2026-10-06T10:05:52.7048194Z  * [new branch]          codex/issue-4810-split-source-guard-20260929 -> origin/codex/issue-4810-split-source-guard-20260929
stable legacy/public capture	UNKNOWN STEP	2026-10-06T10:05:52.7048582Z  * [new branch]          codex/issue-4810-split-source-insert-cfee-integration-v1 -> origin/codex/issue-4810-split-source-insert-cfee-integration-v1
stable legacy/public capture	UNKNOWN STEP	2026-10-06T10:05:52.7048866Z  * [new branch]          codex/issue-4811-active-authority-20260929 -> origin/codex/issue-4811-active-authority-20260929
stable legacy/public capture	UNKNOWN STEP	2026-10-06T10:05:52.7049171Z  * [new branch]          codex/issue-4811-bounded-replica-replacement -> origin/codex/issue-4811-bounded-replica-replacement
stable legacy/public capture	UNKNOWN STEP	2026-10-06T10:05:52.7049448Z  * [new branch]          codex/issue-4811-close-revocation-20260928 -> origin/codex/issue-4811-close-revocation-20260928
stable legacy/public capture	UNKNOWN STEP	2026-10-06T10:05:52.7049972Z  * [new branch]          codex/issue-4811-document-substrate-harness-20260927 -> origin/codex/issue-4811-document-substrate-harness-20260927
stable legacy/public capture	UNKNOWN STEP	2026-10-06T10:05:52.7050363Z  * [new branch]          codex/issue-4811-immutable-standby-20260928 -> origin/codex/issue-4811-immutable-standby-20260928
stable legacy/public capture	UNKNOWN STEP	2026-10-06T10:05:52.7050624Z  * [new branch]          codex/issue-4811-next-recovery-20260928 -> origin/codex/issue-4811-next-recovery-20260928
stable legacy/public capture	UNKNOWN STEP	2026-10-06T10:05:52.7051042Z  * [new branch]          codex/issue-4811-noncatalog-owner-runtime -> origin/codex/issue-4811-noncatalog-owner-runtime
stable legacy/public capture	UNKNOWN STEP	2026-10-06T10:05:52.7051384Z  * [new branch]          codex/issue-4811-ordinary-owner-current-db-warm-v1 -> origin/codex/issue-4811-ordinary-owner-current-db-warm-v1
stable legacy/public capture	UNKNOWN STEP	2026-10-06T10:05:52.7051638Z  * [new branch]          codex/issue-4811-owner-preparation-v1 -> origin/codex/issue-4811-owner-preparation-v1
stable legacy/public capture	UNKNOWN STEP	2026-10-06T10:05:52.7051958Z  * [new branch]          codex/issue-4811-owner-qualification-receipt-v1 -> origin/codex/issue-4811-owner-qualification-receipt-v1
stable legacy/public capture	UNKNOWN STEP	2026-10-06T10:05:52.7052269Z  * [new branch]          codex/issue-4811-postmerge-snapshot-admission -> origin/codex/issue-4811-postmerge-snapshot-admission
stable legacy/public capture	UNKNOWN STEP	2026-10-06T10:05:52.7052566Z  * [new branch]          codex/issue-4811-private-ann-qualification-v1 -> origin/codex/issue-4811-private-ann-qualification-v1
stable legacy/public capture	UNKNOWN STEP	2026-10-06T10:05:52.7052852Z  * [new branch]          codex/issue-4811-private-owner-endpoint-v1 -> origin/codex/issue-4811-private-owner-endpoint-v1
stable legacy/public capture	UNKNOWN STEP	2026-10-06T10:05:52.7053150Z  * [new branch]          codex/issue-4811-private-owner-source-main-v1 -> origin/codex/issue-4811-private-owner-source-main-v1
stable legacy/public capture	UNKNOWN STEP	2026-10-06T10:05:52.7053447Z  * [new branch]          codex/issue-4811-sequential-config-boundary -> origin/codex/issue-4811-sequential-config-boundary
stable legacy/public capture	UNKNOWN STEP	2026-10-06T10:05:52.7053737Z  * [new branch]          codex/issue-4812-quiesced-ann-domain-move-v1 -> origin/codex/issue-4812-quiesced-ann-domain-move-v1
stable legacy/public capture	UNKNOWN STEP	2026-10-06T10:05:52.7054006Z  * [new branch]          codex/issue-4813-peer-security-admission -> origin/codex/issue-4813-peer-security-admission
stable legacy/public capture	UNKNOWN STEP	2026-10-06T10:05:52.7054253Z  * [new branch]          codex/issue-4886-offline-compaction -> origin/codex/issue-4886-offline-compaction
stable legacy/public capture	UNKNOWN STEP	2026-10-06T10:05:52.7054418Z  * [new branch]          codex/issue-4889-decode -> origin/codex/issue-4889-decode
stable legacy/public capture	UNKNOWN STEP	2026-10-06T10:05:52.7054588Z  * [new branch]          codex/issue-4890-reads  -> origin/codex/issue-4890-reads
stable legacy/public capture	UNKNOWN STEP	2026-10-06T10:05:52.7054757Z  * [new branch]          codex/issue-4891-values -> origin/codex/issue-4891-values
stable legacy/public capture	UNKNOWN STEP	2026-10-06T10:05:52.7055046Z  * [new branch]          codex/issue-4892-memory-decision -> origin/codex/issue-4892-memory-decision
stable legacy/public capture	UNKNOWN STEP	2026-10-06T10:05:52.7055331Z  * [new branch]          codex/issue-4893-algorithms -> origin/codex/issue-4893-algorithms
stable legacy/public capture	UNKNOWN STEP	2026-10-06T10:05:52.7055605Z  * [new branch]          codex/issue-4893-final-algorithm-decision -> origin/codex/issue-4893-final-algorithm-decision
stable legacy/public capture	UNKNOWN STEP	2026-10-06T10:05:52.7055780Z  * [new branch]          codex/issue-4894-harness -> origin/codex/issue-4894-harness
stable legacy/public capture	UNKNOWN STEP	2026-10-06T10:05:52.7055998Z  * [new branch]          codex/issue-4895-final-evidence -> origin/codex/issue-4895-final-evidence
stable legacy/public capture	UNKNOWN STEP	2026-10-06T10:05:52.7056215Z  * [new branch]          codex/issue-4914-checkpoint-bins -> origin/codex/issue-4914-checkpoint-bins
stable legacy/public capture	UNKNOWN STEP	2026-10-06T10:05:52.7056449Z  * [new branch]          codex/issue-4916-snapshot-decision -> origin/codex/issue-4916-snapshot-decision
stable legacy/public capture	UNKNOWN STEP	2026-10-06T10:05:52.7056703Z  * [new branch]          codex/issue-4916-snapshot-eligibility -> origin/codex/issue-4916-snapshot-eligibility
stable legacy/public capture	UNKNOWN STEP	2026-10-06T10:05:52.7056931Z  * [new branch]          codex/issue-4917-shared-traversal -> origin/codex/issue-4917-shared-traversal
stable legacy/public capture	UNKNOWN STEP	2026-10-06T10:05:52.7057144Z  * [new branch]          codex/issue-4920-pointer-views -> origin/codex/issue-4920-pointer-views
stable legacy/public capture	UNKNOWN STEP	2026-10-06T10:05:52.7057339Z  * [new branch]          codex/issue-4935-race-headroom -> origin/codex/issue-4935-race-headroom
stable legacy/public capture	UNKNOWN STEP	2026-10-06T10:05:52.7057736Z  * [new branch]          codex/issue-4944-rf4-initialization-v1 -> origin/codex/issue-4944-rf4-initialization-v1
stable legacy/public capture	UNKNOWN STEP	2026-10-06T10:05:52.7058034Z  * [new branch]          codex/issue-4947-query-under-write-v1 -> origin/codex/issue-4947-query-under-write-v1
stable legacy/public capture	UNKNOWN STEP	2026-10-06T10:05:52.7058377Z  * [new branch]          codex/issue-4949-admission-recovery-provisional-v1 -> origin/codex/issue-4949-admission-recovery-provisional-v1
stable legacy/public capture	UNKNOWN STEP	2026-10-06T10:05:52.7058605Z  * [new branch]          codex/issue-4956-fixed-dataset-v1 -> origin/codex/issue-4956-fixed-dataset-v1
stable legacy/public capture	UNKNOWN STEP	2026-10-06T10:05:52.7058971Z  * [new branch]          codex/issue-4958-admission-progress-v1 -> origin/codex/issue-4958-admission-progress-v1
stable legacy/public capture	UNKNOWN STEP	2026-10-06T10:05:52.7059232Z  * [new branch]          codex/issue-4958-write-cost-profile-v2 -> origin/codex/issue-4958-write-cost-profile-v2
stable legacy/public capture	UNKNOWN STEP	2026-10-06T10:05:52.7059547Z  * [new branch]          codex/issue-4959-paced-real-baseline-prefix-v1 -> origin/codex/issue-4959-paced-real-baseline-prefix-v1
stable legacy/public capture	UNKNOWN STEP	2026-10-06T10:05:52.7059764Z  * [new branch]          codex/issue-4959-paced-window-v1 -> origin/codex/issue-4959-paced-window-v1
stable legacy/public capture	UNKNOWN STEP	2026-10-06T10:05:52.7060058Z  * [new branch]          codex/issue-4959-read-resource-boundaries-v1 -> origin/codex/issue-4959-read-resource-boundaries-v1
stable legacy/public capture	UNKNOWN STEP	2026-10-06T10:05:52.7060264Z  * [new branch]          codex/issue-4959-read-window-v1 -> origin/codex/issue-4959-read-window-v1
stable legacy/public capture	UNKNOWN STEP	2026-10-06T10:05:52.7060480Z  * [new branch]          codex/issue-4959-recall-first-v1 -> origin/codex/issue-4959-recall-first-v1
stable legacy/public capture	UNKNOWN STEP	2026-10-06T10:05:52.7060924Z  * [new branch]          codex/issue-4975-live-canonical-score-v1 -> origin/codex/issue-4975-live-canonical-score-v1
stable legacy/public capture	UNKNOWN STEP	2026-10-06T10:05:52.7061245Z  * [new branch]          codex/issue-4977-colocated-mutations-v10 -> origin/codex/issue-4977-colocated-mutations-v10
stable legacy/public capture	UNKNOWN STEP	2026-10-06T10:05:52.7061535Z  * [new branch]          codex/issue-4994-mixed-colocated-window-v1 -> origin/codex/issue-4994-mixed-colocated-window-v1
stable legacy/public capture	UNKNOWN STEP	2026-10-06T10:05:52.7061829Z  * [new branch]          codex/issue-4997-changing-top10-v2 -> origin/codex/issue-4997-changing-top10-v2
stable legacy/public capture	UNKNOWN STEP	2026-10-06T10:05:52.7062079Z  * [new branch]          codex/issue-4998-population-audit-v1 -> origin/codex/issue-4998-population-audit-v1
stable legacy/public capture	UNKNOWN STEP	2026-10-06T10:05:52.7062274Z  * [new branch]          codex/issue-552-step1-clean -> origin/codex/issue-552-step1-clean
stable legacy/public capture	UNKNOWN STEP	2026-10-06T10:05:52.7062488Z  * [new branch]          codex/issue-552-step1-lease-gate -> origin/codex/issue-552-step1-lease-gate
stable legacy/public capture	UNKNOWN STEP	2026-10-06T10:05:52.7062685Z  * [new branch]          codex/issue-perf-benchplan -> origin/codex/issue-perf-benchplan
stable legacy/public capture	UNKNOWN STEP	2026-10-06T10:05:52.7063037Z  * [new branch]          codex/issue254-leaf-frontcoding-v2 -> origin/codex/issue254-leaf-frontcoding-v2
stable legacy/public capture	UNKNOWN STEP	2026-10-06T10:05:52.7063252Z  * [new branch]          codex/issue255-packed-valueptr -> origin/codex/issue255-packed-valueptr
stable legacy/public capture	UNKNOWN STEP	2026-10-06T10:05:52.7063466Z  * [new branch]          codex/issue256-columnar-hotpath -> origin/codex/issue256-columnar-hotpath
stable legacy/public capture	UNKNOWN STEP	2026-10-06T10:05:52.7063675Z  * [new branch]          codex/issue256-columnar-v2-codec -> origin/codex/issue256-columnar-v2-codec
stable legacy/public capture	UNKNOWN STEP	2026-10-06T10:05:52.7063890Z  * [new branch]          codex/issue257-columnar-prefix -> origin/codex/issue257-columnar-prefix
stable legacy/public capture	UNKNOWN STEP	2026-10-06T10:05:52.7064131Z  * [new branch]          codex/issue258-internal-compression -> origin/codex/issue258-internal-compression
stable legacy/public capture	UNKNOWN STEP	2026-10-06T10:05:52.7064343Z  * [new branch]          codex/issue303-vlog-dict-toggle -> origin/codex/issue303-vlog-dict-toggle
stable legacy/public capture	UNKNOWN STEP	2026-10-06T10:05:52.7064575Z  * [new branch]          codex/issue304-vlog-dict-dictbytes -> origin/codex/issue304-vlog-dict-dictbytes
stable legacy/public capture	UNKNOWN STEP	2026-10-06T10:05:52.7064822Z  * [new branch]          codex/issue305-vlog-dict-determinism -> origin/codex/issue305-vlog-dict-determinism
stable legacy/public capture	UNKNOWN STEP	2026-10-06T10:05:52.7065064Z  * [new branch]          codex/issue306-side-store-chunk-size -> origin/codex/issue306-side-store-chunk-size
stable legacy/public capture	UNKNOWN STEP	2026-10-06T10:05:52.7065402Z  * [new branch]          codex/issue307-vlog-dict-bootstrap -> origin/codex/issue307-vlog-dict-bootstrap
stable legacy/public capture	UNKNOWN STEP	2026-10-06T10:05:52.7065613Z  * [new branch]          codex/issue308-vlog-dict-maxk -> origin/codex/issue308-vlog-dict-maxk
stable legacy/public capture	UNKNOWN STEP	2026-10-06T10:05:52.7065857Z  * [new branch]          codex/issue309-vlog-dict-zstd-knobs -> origin/codex/issue309-vlog-dict-zstd-knobs
stable legacy/public capture	UNKNOWN STEP	2026-10-06T10:05:52.7066119Z  * [new branch]          codex/issue310-vlog-autotune-stats-docs -> origin/codex/issue310-vlog-autotune-stats-docs
stable legacy/public capture	UNKNOWN STEP	2026-10-06T10:05:52.7066383Z  * [new branch]          codex/issue311-vlog-dict-encodeallparts -> origin/codex/issue311-vlog-dict-encodeallparts
stable legacy/public capture	UNKNOWN STEP	2026-10-06T10:05:52.7066767Z  * [new branch]          codex/issue312-vlog-dict-parallel-pipeline -> origin/codex/issue312-vlog-dict-parallel-pipeline
stable legacy/public capture	UNKNOWN STEP	2026-10-06T10:05:52.7066996Z  * [new branch]          codex/issue313-vlog-dict-guide-doc -> origin/codex/issue313-vlog-dict-guide-doc
stable legacy/public capture	UNKNOWN STEP	2026-10-06T10:05:52.7067268Z  * [new branch]          codex/issue328-vlog-dict-frame-planner -> origin/codex/issue328-vlog-dict-frame-planner
stable legacy/public capture	UNKNOWN STEP	2026-10-06T10:05:52.7067509Z  * [new branch]          codex/issue329-vlog-prepared-record -> origin/codex/issue329-vlog-prepared-record
stable legacy/public capture	UNKNOWN STEP	2026-10-06T10:05:52.7067769Z  * [new branch]          codex/issue330-vlog-dict-pipeline-v2 -> origin/codex/issue330-vlog-dict-pipeline-v2
stable legacy/public capture	UNKNOWN STEP	2026-10-06T10:05:52.7068008Z  * [new branch]          codex/issue331-vlog-queue-dict-batch -> origin/codex/issue331-vlog-queue-dict-batch
stable legacy/public capture	UNKNOWN STEP	2026-10-06T10:05:52.7068279Z  * [new branch]          codex/issue344-allflags-regression-gate -> origin/codex/issue344-allflags-regression-gate
stable legacy/public capture	UNKNOWN STEP	2026-10-06T10:05:52.7068511Z  * [new branch]          codex/issue351-memtable-allocator -> origin/codex/issue351-memtable-allocator
stable legacy/public capture	UNKNOWN STEP	2026-10-06T10:05:52.7068815Z  * [new branch]          codex/issue406-forced-pointer-net-throughput -> origin/codex/issue406-forced-pointer-net-throughput
stable legacy/public capture	UNKNOWN STEP	2026-10-06T10:05:52.7069099Z  * [new branch]          codex/issueXXX-columnar-implicit-offsets -> origin/codex/issueXXX-columnar-implicit-offsets
stable legacy/public capture	UNKNOWN STEP	2026-10-06T10:05:52.7069306Z  * [new branch]          codex/jsonbench-caveat-refresh -> origin/codex/jsonbench-caveat-refresh
stable legacy/public capture	UNKNOWN STEP	2026-10-06T10:05:52.7069644Z  * [new branch]          codex/jsonbench-columnstore-10m-doc-20260526_225332 -> origin/codex/jsonbench-columnstore-10m-doc-20260526_225332
stable legacy/public capture	UNKNOWN STEP	2026-10-06T10:05:52.7069888Z  * [new branch]          codex/jsonbench-columnstore-compare -> origin/codex/jsonbench-columnstore-compare
stable legacy/public capture	UNKNOWN STEP	2026-10-06T10:05:52.7070091Z  * [new branch]          codex/jsonbench-evidence-2301 -> origin/codex/jsonbench-evidence-2301
stable legacy/public capture	UNKNOWN STEP	2026-10-06T10:05:52.7070341Z  * [new branch]          codex/jsonbench-metadata-cost-split -> origin/codex/jsonbench-metadata-cost-split
stable legacy/public capture	UNKNOWN STEP	2026-10-06T10:05:52.7070635Z  * [new branch]          codex/jsonbench-raw-validation -> origin/codex/jsonbench-raw-validation
stable legacy/public capture	UNKNOWN STEP	2026-10-06T10:05:52.7070880Z  * [new branch]          codex/jsonbench-shared-append-load -> origin/codex/jsonbench-shared-append-load
stable legacy/public capture	UNKNOWN STEP	2026-10-06T10:05:52.7071124Z  * [new branch]          codex/jsonbench-storage-audits-2296 -> origin/codex/jsonbench-storage-audits-2296
stable legacy/public capture	UNKNOWN STEP	2026-10-06T10:05:52.7071360Z  * [new branch]          codex/lanes-probe-parallel-writers -> origin/codex/lanes-probe-parallel-writers
stable legacy/public capture	UNKNOWN STEP	2026-10-06T10:05:52.7071668Z  * [new branch]          codex/leaf-generation-length-index-prealloc -> origin/codex/leaf-generation-length-index-prealloc
stable legacy/public capture	UNKNOWN STEP	2026-10-06T10:05:52.7071905Z  * [new branch]          codex/leaf-log-batch-alloc-cleanups -> origin/codex/leaf-log-batch-alloc-cleanups
stable legacy/public capture	UNKNOWN STEP	2026-10-06T10:05:52.7072108Z  * [new branch]          codex/leaf-log-batch-locking -> origin/codex/leaf-log-batch-locking
stable legacy/public capture	UNKNOWN STEP	2026-10-06T10:05:52.7072374Z  * [new branch]          codex/leaf-log-contended-append-prep -> origin/codex/leaf-log-contended-append-prep
stable legacy/public capture	UNKNOWN STEP	2026-10-06T10:05:52.7072614Z  * [new branch]          codex/leaf-log-contended-batch-drain -> origin/codex/leaf-log-contended-batch-drain
stable legacy/public capture	UNKNOWN STEP	2026-10-06T10:05:52.7072888Z  * [new branch]          codex/leaf-pack-no-candidate-preflight -> origin/codex/leaf-pack-no-candidate-preflight
stable legacy/public capture	UNKNOWN STEP	2026-10-06T10:05:52.7073128Z  * [new branch]          codex/leaf-pack-planning-efficiency -> origin/codex/leaf-pack-planning-efficiency
stable legacy/public capture	UNKNOWN STEP	2026-10-06T10:05:52.7073417Z  * [new branch]          codex/leaf-pack-transcode-outer-leaf-dict -> origin/codex/leaf-pack-transcode-outer-leaf-dict
stable legacy/public capture	UNKNOWN STEP	2026-10-06T10:05:52.7073694Z  * [new branch]          codex/leaf-prefix-search-bench-prod-opt -> origin/codex/leaf-prefix-search-bench-prod-opt
stable legacy/public capture	UNKNOWN STEP	2026-10-06T10:05:52.7073868Z  * [new branch]          codex/leaf-vlog-analysis -> origin/codex/leaf-vlog-analysis
stable legacy/public capture	UNKNOWN STEP	2026-10-06T10:05:52.7074143Z  * [new branch]          codex/leaf-vlog-compact-pages -> origin/codex/leaf-vlog-compact-pages
stable legacy/public capture	UNKNOWN STEP	2026-10-06T10:05:52.7074368Z  * [new branch]          codex/leaf-vlog-compression-2299 -> origin/codex/leaf-vlog-compression-2299
stable legacy/public capture	UNKNOWN STEP	2026-10-06T10:05:52.7074654Z  * [new branch]          codex/leaf-vlog-compression-investigation -> origin/codex/leaf-vlog-compression-investigation
stable legacy/public capture	UNKNOWN STEP	2026-10-06T10:05:52.7074916Z  * [new branch]          codex/leaf-vlog-compression-leaf-pages -> origin/codex/leaf-vlog-compression-leaf-pages
stable legacy/public capture	UNKNOWN STEP	2026-10-06T10:05:52.7075259Z  * [new branch]          codex/leaf-vlog-outer-leaf-dict-split -> origin/codex/leaf-vlog-outer-leaf-dict-split
stable legacy/public capture	UNKNOWN STEP	2026-10-06T10:05:52.7075545Z  * [new branch]          codex/linux-throughput-vlog-block-target -> origin/codex/linux-throughput-vlog-block-target
stable legacy/public capture	UNKNOWN STEP	2026-10-06T10:05:52.7075789Z  * [new branch]          codex/live-outerleaf-dict-dwell-gap -> origin/codex/live-outerleaf-dict-dwell-gap
stable legacy/public capture	UNKNOWN STEP	2026-10-06T10:05:52.7076031Z  * [new branch]          codex/load-client-mode-writer-sweep -> origin/codex/load-client-mode-writer-sweep
stable legacy/public capture	UNKNOWN STEP	2026-10-06T10:05:52.7076265Z  * [new branch]          codex/m1-commit-vlog-publication -> origin/codex/m1-commit-vlog-publication
stable legacy/public capture	UNKNOWN STEP	2026-10-06T10:05:52.7076480Z  * [new branch]          codex/m10-adaptive-leaf-encoding -> origin/codex/m10-adaptive-leaf-encoding
stable legacy/public capture	UNKNOWN STEP	2026-10-06T10:05:52.7076735Z  * [new branch]          codex/m11-per-domain-inline-threshold -> origin/codex/m11-per-domain-inline-threshold
stable legacy/public capture	UNKNOWN STEP	2026-10-06T10:05:52.7076965Z  * [new branch]          codex/m12-docs-no-slab-terminology -> origin/codex/m12-docs-no-slab-terminology
stable legacy/public capture	UNKNOWN STEP	2026-10-06T10:05:52.7077178Z  * [new branch]          codex/m2-wal-vlog-commit-fence -> origin/codex/m2-wal-vlog-commit-fence
stable legacy/public capture	UNKNOWN STEP	2026-10-06T10:05:52.7077374Z  * [new branch]          codex/m4-grouped-frame-cache -> origin/codex/m4-grouped-frame-cache
stable legacy/public capture	UNKNOWN STEP	2026-10-06T10:05:52.7077600Z  * [new branch]          codex/m5-iterator-projection-modes -> origin/codex/m5-iterator-projection-modes
stable legacy/public capture	UNKNOWN STEP	2026-10-06T10:05:52.7077819Z  * [new branch]          codex/m7-segment-health-metadata -> origin/codex/m7-segment-health-metadata
stable legacy/public capture	UNKNOWN STEP	2026-10-06T10:05:52.7078127Z  * [new branch]          codex/m8-online-batched-rewrite -> origin/codex/m8-online-batched-rewrite
stable legacy/public capture	UNKNOWN STEP	2026-10-06T10:05:52.7078351Z  * [new branch]          codex/m9-locality-rewrite-policy -> origin/codex/m9-locality-rewrite-policy
stable legacy/public capture	UNKNOWN STEP	2026-10-06T10:05:52.7078611Z  * [new branch]          codex/main-insert-compression-profile -> origin/codex/main-insert-compression-profile
stable legacy/public capture	UNKNOWN STEP	2026-10-06T10:05:52.7078783Z  * [new branch]          codex/matched-control-v3 -> origin/codex/matched-control-v3
stable legacy/public capture	UNKNOWN STEP	2026-10-06T10:05:52.7079067Z  * [new branch]          codex/memtable-append-only-entry-classes -> origin/codex/memtable-append-only-entry-classes
stable legacy/public capture	UNKNOWN STEP	2026-10-06T10:05:52.7079283Z  * [new branch]          codex/metadata-benchmark-readme -> origin/codex/metadata-benchmark-readme
stable legacy/public capture	UNKNOWN STEP	2026-10-06T10:05:52.7079523Z  * [new branch]          codex/metadata-plan-allocation-opt -> origin/codex/metadata-plan-allocation-opt
stable legacy/public capture	UNKNOWN STEP	2026-10-06T10:05:52.7079719Z  * [new branch]          codex/mmap-reader-epoch-1135 -> origin/codex/mmap-reader-epoch-1135
stable legacy/public capture	UNKNOWN STEP	2026-10-06T10:05:52.7080057Z  * [new branch]          codex/modify-unified-batch-for-hash-partitioning -> origin/codex/modify-unified-batch-for-hash-partitioning
stable legacy/public capture	UNKNOWN STEP	2026-10-06T10:05:52.7080451Z  * [new branch]          codex/modify-unified-batch-for-hash-partitioning-2hupsq -> origin/codex/modify-unified-batch-for-hash-partitioning-2hupsq
stable legacy/public capture	UNKNOWN STEP	2026-10-06T10:05:52.7080857Z  * [new branch]          codex/modify-unified-batch-for-hash-partitioning-jqiwx2 -> origin/codex/modify-unified-batch-for-hash-partitioning-jqiwx2
stable legacy/public capture	UNKNOWN STEP	2026-10-06T10:05:52.7081232Z  * [new branch]          codex/modify-unified-batch-for-hash-partitioning-rvf3i2 -> origin/codex/modify-unified-batch-for-hash-partitioning-rvf3i2
stable legacy/public capture	UNKNOWN STEP	2026-10-06T10:05:52.7081514Z  * [new branch]          codex/mongo-command-wal-correctness-2119 -> origin/codex/mongo-command-wal-correctness-2119
stable legacy/public capture	UNKNOWN STEP	2026-10-06T10:05:52.7081841Z  * [new branch]          codex/mongo-command-wal-indexed-unchanged-update -> origin/codex/mongo-command-wal-indexed-unchanged-update
stable legacy/public capture	UNKNOWN STEP	2026-10-06T10:05:52.7082206Z  * [new branch]          codex/mongo-command-wal-noindex-update -> origin/codex/mongo-command-wal-noindex-update
stable legacy/public capture	UNKNOWN STEP	2026-10-06T10:05:52.7082413Z  * [new branch]          codex/mongo-compat-matrix-1493 -> origin/codex/mongo-compat-matrix-1493
stable legacy/public capture	UNKNOWN STEP	2026-10-06T10:05:52.7082665Z  * [new branch]          codex/mongo-compatible-gateway-spec -> origin/codex/mongo-compatible-gateway-spec
stable legacy/public capture	UNKNOWN STEP	2026-10-06T10:05:52.7082896Z  * [new branch]          codex/mongo-driver-find-raw-range -> origin/codex/mongo-driver-find-raw-range
stable legacy/public capture	UNKNOWN STEP	2026-10-06T10:05:52.7083190Z  * [new branch]          codex/mongo-fast-noindex-update-buffer-2115 -> origin/codex/mongo-fast-noindex-update-buffer-2115
stable legacy/public capture	UNKNOWN STEP	2026-10-06T10:05:52.7083432Z  * [new branch]          codex/mongo-gateway-batched-updates -> origin/codex/mongo-gateway-batched-updates
stable legacy/public capture	UNKNOWN STEP	2026-10-06T10:05:52.7083716Z  * [new branch]          codex/mongo-gateway-benchmark-correctness -> origin/codex/mongo-gateway-benchmark-correctness
stable legacy/public capture	UNKNOWN STEP	2026-10-06T10:05:52.7083930Z  * [new branch]          codex/mongo-gateway-benchmarks -> origin/codex/mongo-gateway-benchmarks
stable legacy/public capture	UNKNOWN STEP	2026-10-06T10:05:52.7084251Z  * [new branch]          codex/mongo-gateway-bson-set-update-fast-path -> origin/codex/mongo-gateway-bson-set-update-fast-path
stable legacy/public capture	UNKNOWN STEP	2026-10-06T10:05:52.7084499Z  * [new branch]          codex/mongo-gateway-collection-cache -> origin/codex/mongo-gateway-collection-cache
stable legacy/public capture	UNKNOWN STEP	2026-10-06T10:05:52.7084741Z  * [new branch]          codex/mongo-gateway-compare-harness -> origin/codex/mongo-gateway-compare-harness
stable legacy/public capture	UNKNOWN STEP	2026-10-06T10:05:52.7084936Z  * [new branch]          codex/mongo-gateway-crud-mvp -> origin/codex/mongo-gateway-crud-mvp
stable legacy/public capture	UNKNOWN STEP	2026-10-06T10:05:52.7085133Z  * [new branch]          codex/mongo-gateway-cursors -> origin/codex/mongo-gateway-cursors
stable legacy/public capture	UNKNOWN STEP	2026-10-06T10:05:52.7085444Z  * [new branch]          codex/mongo-gateway-find-planner -> origin/codex/mongo-gateway-find-planner
stable legacy/public capture	UNKNOWN STEP	2026-10-06T10:05:52.7085677Z  * [new branch]          codex/mongo-gateway-index-metadata -> origin/codex/mongo-gateway-index-metadata
stable legacy/public capture	UNKNOWN STEP	2026-10-06T10:05:52.7086053Z  * [new branch]          codex/mongo-gateway-indexed-update-bench -> origin/codex/mongo-gateway-indexed-update-bench
stable legacy/public capture	UNKNOWN STEP	2026-10-06T10:05:52.7086266Z  * [new branch]          codex/mongo-gateway-insert-find -> origin/codex/mongo-gateway-insert-find
stable legacy/public capture	UNKNOWN STEP	2026-10-06T10:05:52.7086539Z  * [new branch]          codex/mongo-gateway-multi-producer-bench -> origin/codex/mongo-gateway-multi-producer-bench
stable legacy/public capture	UNKNOWN STEP	2026-10-06T10:05:52.7086810Z  * [new branch]          codex/mongo-gateway-pprof-harness -> origin/codex/mongo-gateway-pprof-harness
stable legacy/public capture	UNKNOWN STEP	2026-10-06T10:05:52.7087075Z  * [new branch]          codex/mongo-gateway-saturation-harness -> origin/codex/mongo-gateway-saturation-harness
stable legacy/public capture	UNKNOWN STEP	2026-10-06T10:05:52.7087349Z  * [new branch]          codex/mongo-gateway-scaling-bench-report -> origin/codex/mongo-gateway-scaling-bench-report
stable legacy/public capture	UNKNOWN STEP	2026-10-06T10:05:52.7087598Z  * [new branch]          codex/mongo-gateway-server-handshake -> origin/codex/mongo-gateway-server-handshake
stable legacy/public capture	UNKNOWN STEP	2026-10-06T10:05:52.7087877Z  * [new branch]          codex/mongo-gateway-treedb-direct-family -> origin/codex/mongo-gateway-treedb-direct-family
stable legacy/public capture	UNKNOWN STEP	2026-10-06T10:05:52.7088143Z  * [new branch]          codex/mongo-gateway-update-coalescing -> origin/codex/mongo-gateway-update-coalescing
stable legacy/public capture	UNKNOWN STEP	2026-10-06T10:05:52.7088371Z  * [new branch]          codex/mongo-insert-coalescer-2109 -> origin/codex/mongo-insert-coalescer-2109
stable legacy/public capture	UNKNOWN STEP	2026-10-06T10:05:52.7088628Z  * [new branch]          codex/mongo-range-measurement-cleanup -> origin/codex/mongo-range-measurement-cleanup
stable legacy/public capture	UNKNOWN STEP	2026-10-06T10:05:52.7088866Z  * [new branch]          codex/mongo-range-response-fastpath -> origin/codex/mongo-range-response-fastpath
stable legacy/public capture	UNKNOWN STEP	2026-10-06T10:05:52.7089048Z  * [new branch]          codex/mongo-reader-sweep -> origin/codex/mongo-reader-sweep
stable legacy/public capture	UNKNOWN STEP	2026-10-06T10:05:52.7089273Z  * [new branch]          codex/mongo-ycsb-attribution-2108 -> origin/codex/mongo-ycsb-attribution-2108
stable legacy/public capture	UNKNOWN STEP	2026-10-06T10:05:52.7089507Z  * [new branch]          codex/mongo-ycsb-listdatabases-2107 -> origin/codex/mongo-ycsb-listdatabases-2107
stable legacy/public capture	UNKNOWN STEP	2026-10-06T10:05:52.7089841Z  * [new branch]          codex/native-bson-collection-format -> origin/codex/native-bson-collection-format
stable legacy/public capture	UNKNOWN STEP	2026-10-06T10:05:52.7090111Z  * [new branch]          codex/native-collections-workload-bench -> origin/codex/native-collections-workload-bench
stable legacy/public capture	UNKNOWN STEP	2026-10-06T10:05:52.7090362Z  * [new branch]          codex/native-direct-range-batch-read -> origin/codex/native-direct-range-batch-read
stable legacy/public capture	UNKNOWN STEP	2026-10-06T10:05:52.7090612Z  * [new branch]          codex/native-indexed-write-memtables -> origin/codex/native-indexed-write-memtables
stable legacy/public capture	UNKNOWN STEP	2026-10-06T10:05:52.7090819Z  * [new branch]          codex/native-range-root-reader -> origin/codex/native-range-root-reader
stable legacy/public capture	UNKNOWN STEP	2026-10-06T10:05:52.7091117Z  * [new branch]          codex/native-vector-index-live-maintenance -> origin/codex/native-vector-index-live-maintenance
stable legacy/public capture	UNKNOWN STEP	2026-10-06T10:05:52.7091346Z  * [new branch]          codex/native-vector-index-metadata -> origin/codex/native-vector-index-metadata
stable legacy/public capture	UNKNOWN STEP	2026-10-06T10:05:52.7091627Z  * [new branch]          codex/native-vector-index-mongo-metadata -> origin/codex/native-vector-index-mongo-metadata
stable legacy/public capture	UNKNOWN STEP	2026-10-06T10:05:52.7091902Z  * [new branch]          codex/native-vector-index-ops-controls -> origin/codex/native-vector-index-ops-controls
stable legacy/public capture	UNKNOWN STEP	2026-10-06T10:05:52.7092198Z  * [new branch]          codex/native-vector-index-performance-gates -> origin/codex/native-vector-index-performance-gates
stable legacy/public capture	UNKNOWN STEP	2026-10-06T10:05:52.7092504Z  * [new branch]          codex/native-vector-index-root-persistence -> origin/codex/native-vector-index-root-persistence
stable legacy/public capture	UNKNOWN STEP	2026-10-06T10:05:52.7092732Z  * [new branch]          codex/native-wire-protocol-spec -> origin/codex/native-wire-protocol-spec
stable legacy/public capture	UNKNOWN STEP	2026-10-06T10:05:52.7093004Z  * [new branch]          codex/nativewire-catalog-version-ycsb -> origin/codex/nativewire-catalog-version-ycsb
stable legacy/public capture	UNKNOWN STEP	2026-10-06T10:05:52.7093283Z  * [new branch]          codex/nativewire-cluster-rejection-test -> origin/codex/nativewire-cluster-rejection-test
stable legacy/public capture	UNKNOWN STEP	2026-10-06T10:05:52.7093539Z  * [new branch]          codex/nativewire-deadline-cancel-race -> origin/codex/nativewire-deadline-cancel-race
stable legacy/public capture	UNKNOWN STEP	2026-10-06T10:05:52.7093840Z  * [new branch]          codex/nativewire-getmany-scratch -> origin/codex/nativewire-getmany-scratch
stable legacy/public capture	UNKNOWN STEP	2026-10-06T10:05:52.7094156Z  * [new branch]          codex/nativewire-opaque-insert-catalog-cache -> origin/codex/nativewire-opaque-insert-catalog-cache
stable legacy/public capture	UNKNOWN STEP	2026-10-06T10:05:52.7094346Z  * [new branch]          codex/nativewire-r0-codecs -> origin/codex/nativewire-r0-codecs
stable legacy/public capture	UNKNOWN STEP	2026-10-06T10:05:52.7094558Z  * [new branch]          codex/nativewire-r0a-registry -> origin/codex/nativewire-r0a-registry
stable legacy/public capture	UNKNOWN STEP	2026-10-06T10:05:52.7094751Z  * [new branch]          codex/nativewire-r0b-codecs -> origin/codex/nativewire-r0b-codecs
stable legacy/public capture	UNKNOWN STEP	2026-10-06T10:05:52.7094999Z  * [new branch]          codex/nativewire-r0c-deterministic -> origin/codex/nativewire-r0c-deterministic
stable legacy/public capture	UNKNOWN STEP	2026-10-06T10:05:52.7095307Z  * [new branch]          codex/nativewire-r0d-benchmarks -> origin/codex/nativewire-r0d-benchmarks
stable legacy/public capture	UNKNOWN STEP	2026-10-06T10:05:52.7095550Z  * [new branch]          codex/nativewire-r1a-server-kernel -> origin/codex/nativewire-r1a-server-kernel
stable legacy/public capture	UNKNOWN STEP	2026-10-06T10:05:52.7095758Z  * [new branch]          codex/nativewire-r1b-metadata -> origin/codex/nativewire-r1b-metadata
stable legacy/public capture	UNKNOWN STEP	2026-10-06T10:05:52.7095987Z  * [new branch]          codex/nativewire-r1c-reads-cursors -> origin/codex/nativewire-r1c-reads-cursors
stable legacy/public capture	UNKNOWN STEP	2026-10-06T10:05:52.7096220Z  * [new branch]          codex/nativewire-r1d-mutations-ack -> origin/codex/nativewire-r1d-mutations-ack
stable legacy/public capture	UNKNOWN STEP	2026-10-06T10:05:52.7096473Z  * [new branch]          codex/nativewire-r1e-transports-bench -> origin/codex/nativewire-r1e-transports-bench
stable legacy/public capture	UNKNOWN STEP	2026-10-06T10:05:52.7096705Z  * [new branch]          codex/nativewire-r1f-perf-closeout -> origin/codex/nativewire-r1f-perf-closeout
stable legacy/public capture	UNKNOWN STEP	2026-10-06T10:05:52.7096920Z  * [new branch]          codex/nativewire-r2a-hardening -> origin/codex/nativewire-r2a-hardening
stable legacy/public capture	UNKNOWN STEP	2026-10-06T10:05:52.7097160Z  * [new branch]          codex/nativewire-r2b-entry-contract -> origin/codex/nativewire-r2b-entry-contract
stable legacy/public capture	UNKNOWN STEP	2026-10-06T10:05:52.7097547Z  * [new branch]          codex/nativewire-r2c-replicated-fixtures -> origin/codex/nativewire-r2c-replicated-fixtures
stable legacy/public capture	UNKNOWN STEP	2026-10-06T10:05:52.7097818Z  * [new branch]          codex/nativewire-r2d-canonical-stability -> origin/codex/nativewire-r2d-canonical-stability
stable legacy/public capture	UNKNOWN STEP	2026-10-06T10:05:52.7098107Z  * [new branch]          codex/nativewire-r2e-entry-bench-closeout -> origin/codex/nativewire-r2e-entry-bench-closeout
stable legacy/public capture	UNKNOWN STEP	2026-10-06T10:05:52.7098389Z  * [new branch]          codex/nativewire-single-replace-combiner -> origin/codex/nativewire-single-replace-combiner
stable legacy/public capture	UNKNOWN STEP	2026-10-06T10:05:52.7098644Z  * [new branch]          codex/noindex-bsonset-buffer-fastpath -> origin/codex/noindex-bsonset-buffer-fastpath
stable legacy/public capture	UNKNOWN STEP	2026-10-06T10:05:52.7098918Z  * [new branch]          codex/noindex-bsonset-buffered-fastpath -> origin/codex/noindex-bsonset-buffered-fastpath
stable legacy/public capture	UNKNOWN STEP	2026-10-06T10:05:52.7099145Z  * [new branch]          codex/noindex-insertbatch-buffer -> origin/codex/noindex-insertbatch-buffer
stable legacy/public capture	UNKNOWN STEP	2026-10-06T10:05:52.7099397Z  * [new branch]          codex/noindex-json-insertbatch-buffer -> origin/codex/noindex-json-insertbatch-buffer
stable legacy/public capture	UNKNOWN STEP	2026-10-06T10:05:52.7099678Z  * [new branch]          codex/normalize-treedb-defaults-and-help -> origin/codex/normalize-treedb-defaults-and-help
stable legacy/public capture	UNKNOWN STEP	2026-10-06T10:05:52.7099919Z  * [new branch]          codex/normalized-q4-consumer-repair -> origin/codex/normalized-q4-consumer-repair
stable legacy/public capture	UNKNOWN STEP	2026-10-06T10:05:52.7100193Z  * [new branch]          codex/nullable-aggregate-metadata-3001 -> origin/codex/nullable-aggregate-metadata-3001
stable legacy/public capture	UNKNOWN STEP	2026-10-06T10:05:52.7100404Z  * [new branch]          codex/nullable-dense-q1-3075 -> origin/codex/nullable-dense-q1-3075
stable legacy/public capture	UNKNOWN STEP	2026-10-06T10:05:52.7100595Z  * [new branch]          codex/nullable-dense-q3-3078 -> origin/codex/nullable-dense-q3-3078
stable legacy/public capture	UNKNOWN STEP	2026-10-06T10:05:52.7100852Z  * [new branch]          codex/numkong-batch-vector-validation -> origin/codex/numkong-batch-vector-validation
stable legacy/public capture	UNKNOWN STEP	2026-10-06T10:05:52.7101049Z  * [new branch]          codex/numkong-vector-distance -> origin/codex/numkong-vector-distance
stable legacy/public capture	UNKNOWN STEP	2026-10-06T10:05:52.7101375Z  * [new branch]          codex/online-leaf-logical-rebuild -> origin/codex/online-leaf-logical-rebuild
stable legacy/public capture	UNKNOWN STEP	2026-10-06T10:05:52.7101595Z  * [new branch]          codex/oracle-root-prefix-closure -> origin/codex/oracle-root-prefix-closure
stable legacy/public capture	UNKNOWN STEP	2026-10-06T10:05:52.7101791Z  * [new branch]          codex/out-of-core-smoke-1138 -> origin/codex/out-of-core-smoke-1138
stable legacy/public capture	UNKNOWN STEP	2026-10-06T10:05:52.7102066Z  * [new branch]          codex/p0-wal-cleanup-stale-proof -> origin/codex/p0-wal-cleanup-stale-proof
stable legacy/public capture	UNKNOWN STEP	2026-10-06T10:05:52.7102331Z  * [new branch]          codex/p0-wal-cleanup-sticky-background -> origin/codex/p0-wal-cleanup-sticky-background
stable legacy/public capture	UNKNOWN STEP	2026-10-06T10:05:52.7102591Z  * [new branch]          codex/perf-keyupdate-lock-allocation -> origin/codex/perf-keyupdate-lock-allocation
stable legacy/public capture	UNKNOWN STEP	2026-10-06T10:05:52.7102817Z  * [new branch]          codex/perf-reader-local-lease-set -> origin/codex/perf-reader-local-lease-set
stable legacy/public capture	UNKNOWN STEP	2026-10-06T10:05:52.7103041Z  * [new branch]          codex/perf-restart-stack-decode -> origin/codex/perf-restart-stack-decode
stable legacy/public capture	UNKNOWN STEP	2026-10-06T10:05:52.7103334Z  * [new branch]          codex/pl01-leaf-pack-copy-outside-writemu -> origin/codex/pl01-leaf-pack-copy-outside-writemu
stable legacy/public capture	UNKNOWN STEP	2026-10-06T10:05:52.7103595Z  * [new branch]          codex/pl02-leaf-gc-scan-outside-writemu -> origin/codex/pl02-leaf-gc-scan-outside-writemu
stable legacy/public capture	UNKNOWN STEP	2026-10-06T10:05:52.7103817Z  * [new branch]          codex/pl03-compact-shared-audit -> origin/codex/pl03-compact-shared-audit
stable legacy/public capture	UNKNOWN STEP	2026-10-06T10:05:52.7104025Z  * [new branch]          codex/pl04-vlog-gc-prelock-scan -> origin/codex/pl04-vlog-gc-prelock-scan
stable legacy/public capture	UNKNOWN STEP	2026-10-06T10:05:52.7104263Z  * [new branch]          codex/pl05-bg-vacuum-cheap-trigger -> origin/codex/pl05-bg-vacuum-cheap-trigger
stable legacy/public capture	UNKNOWN STEP	2026-10-06T10:05:52.7104524Z  * [new branch]          codex/pl06-vacuum-collection-preclone -> origin/codex/pl06-vacuum-collection-preclone
stable legacy/public capture	UNKNOWN STEP	2026-10-06T10:05:52.7104716Z  * [new branch]          codex/pl07-apply-ref-deltas -> origin/codex/pl07-apply-ref-deltas
stable legacy/public capture	UNKNOWN STEP	2026-10-06T10:05:52.7104999Z  * [new branch]          codex/pl07-apply-ref-deltas-v2 -> origin/codex/pl07-apply-ref-deltas-v2
stable legacy/public capture	UNKNOWN STEP	2026-10-06T10:05:52.7105346Z  * [new branch]          codex/pl08-compact-full-vlog-thresholds -> origin/codex/pl08-compact-full-vlog-thresholds
stable legacy/public capture	UNKNOWN STEP	2026-10-06T10:05:52.7105561Z  * [new branch]          codex/pl09-leaf-pack-plan-reuse -> origin/codex/pl09-leaf-pack-plan-reuse
stable legacy/public capture	UNKNOWN STEP	2026-10-06T10:05:52.7105826Z  * [new branch]          codex/pl10-compact-fenced-tracker-refs -> origin/codex/pl10-compact-fenced-tracker-refs
stable legacy/public capture	UNKNOWN STEP	2026-10-06T10:05:52.7106023Z  * [new branch]          codex/pl11-freelist-batching -> origin/codex/pl11-freelist-batching
stable legacy/public capture	UNKNOWN STEP	2026-10-06T10:05:52.7106250Z  * [new branch]          codex/pl12-bg-vacuum-backlog-debt -> origin/codex/pl12-bg-vacuum-backlog-debt
stable legacy/public capture	UNKNOWN STEP	2026-10-06T10:05:52.7106433Z  * [new branch]          codex/pl13-vlog-gc-nil-set -> origin/codex/pl13-vlog-gc-nil-set
stable legacy/public capture	UNKNOWN STEP	2026-10-06T10:05:52.7106687Z  * [new branch]          codex/pl14-maintenance-reachability -> origin/codex/pl14-maintenance-reachability
stable legacy/public capture	UNKNOWN STEP	2026-10-06T10:05:52.7106948Z  * [new branch]          codex/pl14-reachability-leaf-cleanup -> origin/codex/pl14-reachability-leaf-cleanup
stable legacy/public capture	UNKNOWN STEP	2026-10-06T10:05:52.7107170Z  * [new branch]          codex/pl14-reachability-livebytes -> origin/codex/pl14-reachability-livebytes
stable legacy/public capture	UNKNOWN STEP	2026-10-06T10:05:52.7107393Z  * [new branch]          codex/pl14-reachability-refcounts -> origin/codex/pl14-reachability-refcounts
stable legacy/public capture	UNKNOWN STEP	2026-10-06T10:05:52.7107562Z  * [new branch]          codex/pr1-leaf-seq-scan -> origin/codex/pr1-leaf-seq-scan
stable legacy/public capture	UNKNOWN STEP	2026-10-06T10:05:52.7107784Z  * [new branch]          codex/pr1046-additive-r1-low-risk -> origin/codex/pr1046-additive-r1-low-risk
stable legacy/public capture	UNKNOWN STEP	2026-10-06T10:05:52.7108062Z  * [new branch]          codex/pr1046-additive-r2-repeated-values -> origin/codex/pr1046-additive-r2-repeated-values
stable legacy/public capture	UNKNOWN STEP	2026-10-06T10:05:52.7108292Z  * [new branch]          codex/pr2-append-only-ordered-get -> origin/codex/pr2-append-only-ordered-get
stable legacy/public capture	UNKNOWN STEP	2026-10-06T10:05:52.7108485Z  * [new branch]          codex/pr2-leaf-meta-hotpath -> origin/codex/pr2-leaf-meta-hotpath
stable legacy/public capture	UNKNOWN STEP	2026-10-06T10:05:52.7108795Z  * [new branch]          codex/pr3-internal-search-width -> origin/codex/pr3-internal-search-width
stable legacy/public capture	UNKNOWN STEP	2026-10-06T10:05:52.7108970Z  * [new branch]          codex/pr365-followups   -> origin/codex/pr365-followups
stable legacy/public capture	UNKNOWN STEP	2026-10-06T10:05:52.7109144Z  * [new branch]          codex/pr365-main-audit  -> origin/codex/pr365-main-audit
stable legacy/public capture	UNKNOWN STEP	2026-10-06T10:05:52.7109303Z  * [new branch]          codex/pr373-next-opt2   -> origin/codex/pr373-next-opt2
stable legacy/public capture	UNKNOWN STEP	2026-10-06T10:05:52.7109494Z  * [new branch]          codex/pr374-raw-codec-probe -> origin/codex/pr374-raw-codec-probe
stable legacy/public capture	UNKNOWN STEP	2026-10-06T10:05:52.7109670Z  * [new branch]          codex/pr4-endian-load-opt -> origin/codex/pr4-endian-load-opt
stable legacy/public capture	UNKNOWN STEP	2026-10-06T10:05:52.7109910Z  * [new branch]          codex/pr449-leaf-copyless-fallback -> origin/codex/pr449-leaf-copyless-fallback
stable legacy/public capture	UNKNOWN STEP	2026-10-06T10:05:52.7110087Z  * [new branch]          codex/pr450-getmany-dense -> origin/codex/pr450-getmany-dense
stable legacy/public capture	UNKNOWN STEP	2026-10-06T10:05:52.7110315Z  * [new branch]          codex/pr451-internal-tight-checks -> origin/codex/pr451-internal-tight-checks
stable legacy/public capture	UNKNOWN STEP	2026-10-06T10:05:52.7110510Z  * [new branch]          codex/pr452-leaf-meta-cache -> origin/codex/pr452-leaf-meta-cache
stable legacy/public capture	UNKNOWN STEP	2026-10-06T10:05:52.7110705Z  * [new branch]          codex/pr453-keep-int-offsets -> origin/codex/pr453-keep-int-offsets
stable legacy/public capture	UNKNOWN STEP	2026-10-06T10:05:52.7110895Z  * [new branch]          codex/pr9-wal-batch-parity -> origin/codex/pr9-wal-batch-parity
stable legacy/public capture	UNKNOWN STEP	2026-10-06T10:05:52.7111128Z  * [new branch]          codex/prA-internal-traversal-view -> origin/codex/prA-internal-traversal-view
stable legacy/public capture	UNKNOWN STEP	2026-10-06T10:05:52.7111307Z  * [new branch]          codex/prB-leaf-block-hoist -> origin/codex/prB-leaf-block-hoist
stable legacy/public capture	UNKNOWN STEP	2026-10-06T10:05:52.7111525Z  * [new branch]          codex/prC-compare-path-widths -> origin/codex/prC-compare-path-widths
stable legacy/public capture	UNKNOWN STEP	2026-10-06T10:05:52.7111762Z  * [new branch]          codex/prD-restart-interval-8-clean -> origin/codex/prD-restart-interval-8-clean
stable legacy/public capture	UNKNOWN STEP	2026-10-06T10:05:52.7111963Z  * [new branch]          codex/prealpha-no-backcompat -> origin/codex/prealpha-no-backcompat
stable legacy/public capture	UNKNOWN STEP	2026-10-06T10:05:52.7112319Z  * [new branch]          codex/projected-primary-find-2133 -> origin/codex/projected-primary-find-2133
stable legacy/public capture	UNKNOWN STEP	2026-10-06T10:05:52.7112507Z  * [new branch]          codex/proof-3803-a-2c93bfd69 -> origin/codex/proof-3803-a-2c93bfd69
stable legacy/public capture	UNKNOWN STEP	2026-10-06T10:05:52.7112692Z  * [new branch]          codex/proof-3803-b-2c93bfd69 -> origin/codex/proof-3803-b-2c93bfd69
stable legacy/public capture	UNKNOWN STEP	2026-10-06T10:05:52.7112850Z  * [new branch]          codex/proof-3846-a      -> origin/codex/proof-3846-a
stable legacy/public capture	UNKNOWN STEP	2026-10-06T10:05:52.7113291Z  * [new branch]          codex/propose-fix-for-iterator-background-maintenance-issue -> origin/codex/propose-fix-for-iterator-background-maintenance-issue
stable legacy/public capture	UNKNOWN STEP	2026-10-06T10:05:52.7113673Z  * [new branch]          codex/propose-fix-for-memory-exhaustion-vulnerability -> origin/codex/propose-fix-for-memory-exhaustion-vulnerability
stable legacy/public capture	UNKNOWN STEP	2026-10-06T10:05:52.7114049Z  * [new branch]          codex/propose-fix-for-memtable-borrowing-vulnerability -> origin/codex/propose-fix-for-memtable-borrowing-vulnerability
stable legacy/public capture	UNKNOWN STEP	2026-10-06T10:05:52.7114409Z  * [new branch]          codex/propose-fix-for-retained-prune-vulnerability -> origin/codex/propose-fix-for-retained-prune-vulnerability
stable legacy/public capture	UNKNOWN STEP	2026-10-06T10:05:52.7114714Z  * [new branch]          codex/propose-fix-for-rid-seed-vulnerability -> origin/codex/propose-fix-for-rid-seed-vulnerability
stable legacy/public capture	UNKNOWN STEP	2026-10-06T10:05:52.7115017Z  * [new branch]          codex/propose-fix-for-value-log-fsync-issue -> origin/codex/propose-fix-for-value-log-fsync-issue
stable legacy/public capture	UNKNOWN STEP	2026-10-06T10:05:52.7115544Z  * [new branch]          codex/propose-fix-for-value-log-rid-scan-vulnerability -> origin/codex/propose-fix-for-value-log-rid-scan-vulnerability
stable legacy/public capture	UNKNOWN STEP	2026-10-06T10:05:52.7115866Z  * [new branch]          codex/propose-fix-for-wal-on-maintenance-issue -> origin/codex/propose-fix-for-wal-on-maintenance-issue
stable legacy/public capture	UNKNOWN STEP	2026-10-06T10:05:52.7116090Z  * [new branch]          codex/public-snapshot-iterator -> origin/codex/public-snapshot-iterator
stable legacy/public capture	UNKNOWN STEP	2026-10-06T10:05:52.7116303Z  * [new branch]          codex/q1-dense-group-diag-3350 -> origin/codex/q1-dense-group-diag-3350
stable legacy/public capture	UNKNOWN STEP	2026-10-06T10:05:52.7116603Z  * [new branch]          codex/q1-raw-setup-split-3350 -> origin/codex/q1-raw-setup-split-3350
stable legacy/public capture	UNKNOWN STEP	2026-10-06T10:05:52.7116826Z  * [new branch]          codex/q1-setup-diagnostics-3350 -> origin/codex/q1-setup-diagnostics-3350
stable legacy/public capture	UNKNOWN STEP	2026-10-06T10:05:52.7117017Z  * [new branch]          codex/q2-active-bitset-3002 -> origin/codex/q2-active-bitset-3002
stable legacy/public capture	UNKNOWN STEP	2026-10-06T10:05:52.7117325Z  * [new branch]          codex/q2-dense-postprepare-diagnostics-3324 -> origin/codex/q2-dense-postprepare-diagnostics-3324
stable legacy/public capture	UNKNOWN STEP	2026-10-06T10:05:52.7117567Z  * [new branch]          codex/q2-dense-rank-timer-stabilize -> origin/codex/q2-dense-rank-timer-stabilize
stable legacy/public capture	UNKNOWN STEP	2026-10-06T10:05:52.7117808Z  * [new branch]          codex/q2-direct-count-distinct-3080 -> origin/codex/q2-direct-count-distinct-3080
stable legacy/public capture	UNKNOWN STEP	2026-10-06T10:05:52.7118145Z  * [new branch]          codex/q2-distinct-rank-kmerge-prototype-20260629 -> origin/codex/q2-distinct-rank-kmerge-prototype-20260629
stable legacy/public capture	UNKNOWN STEP	2026-10-06T10:05:52.7118442Z  * [new branch]          codex/q2-lazy-global-rank-boundary-20260701 -> origin/codex/q2-lazy-global-rank-boundary-20260701
stable legacy/public capture	UNKNOWN STEP	2026-10-06T10:05:52.7118711Z  * [new branch]          codex/q2-lazy-matched-distinct-20260701 -> origin/codex/q2-lazy-matched-distinct-20260701
stable legacy/public capture	UNKNOWN STEP	2026-10-06T10:05:52.7118913Z  * [new branch]          codex/q2-packed-pair-hotspot -> origin/codex/q2-packed-pair-hotspot
stable legacy/public capture	UNKNOWN STEP	2026-10-06T10:05:52.7119179Z  * [new branch]          codex/q2-post-prepare-diagnostics-3324 -> origin/codex/q2-post-prepare-diagnostics-3324
stable legacy/public capture	UNKNOWN STEP	2026-10-06T10:05:52.7119395Z  * [new branch]          codex/q2-post-prepare-lazy-3324 -> origin/codex/q2-post-prepare-lazy-3324
stable legacy/public capture	UNKNOWN STEP	2026-10-06T10:05:52.7119549Z  * [new branch]          codex/q2-range-3092     -> origin/codex/q2-range-3092
stable legacy/public capture	UNKNOWN STEP	2026-10-06T10:05:52.7119783Z  * [new branch]          codex/q2-rank-prep-benchmark-3324 -> origin/codex/q2-rank-prep-benchmark-3324
stable legacy/public capture	UNKNOWN STEP	2026-10-06T10:05:52.7119973Z  * [new branch]          codex/q2-reference-fill-3324 -> origin/codex/q2-reference-fill-3324
stable legacy/public capture	UNKNOWN STEP	2026-10-06T10:05:52.7120315Z  * [new branch]          codex/q2-sharded-rank-proto-20260630 -> origin/codex/q2-sharded-rank-proto-20260630
stable legacy/public capture	UNKNOWN STEP	2026-10-06T10:05:52.7120544Z  * [new branch]          codex/q3-predicate-preapply-3350 -> origin/codex/q3-predicate-preapply-3350
stable legacy/public capture	UNKNOWN STEP	2026-10-06T10:05:52.7120739Z  * [new branch]          codex/q3-setup-benchmark-3350 -> origin/codex/q3-setup-benchmark-3350
stable legacy/public capture	UNKNOWN STEP	2026-10-06T10:05:52.7120915Z  * [new branch]          codex/q4-topk-cache-3085 -> origin/codex/q4-topk-cache-3085
stable legacy/public capture	UNKNOWN STEP	2026-10-06T10:05:52.7121088Z  * [new branch]          codex/q5-direct-span-3082 -> origin/codex/q5-direct-span-3082
stable legacy/public capture	UNKNOWN STEP	2026-10-06T10:05:52.7121262Z  * [new branch]          codex/q5-global-span-3003 -> origin/codex/q5-global-span-3003
stable legacy/public capture	UNKNOWN STEP	2026-10-06T10:05:52.7121468Z  * [new branch]          codex/q5-localmap-cap-20260629 -> origin/codex/q5-localmap-cap-20260629
stable legacy/public capture	UNKNOWN STEP	2026-10-06T10:05:52.7121752Z  * [new branch]          codex/q5-minimal-prepared-adapter-20260629 -> origin/codex/q5-minimal-prepared-adapter-20260629
stable legacy/public capture	UNKNOWN STEP	2026-10-06T10:05:52.7122022Z  * [new branch]          codex/q5-one-shot-direct-20260628135844 -> origin/codex/q5-one-shot-direct-20260628135844
stable legacy/public capture	UNKNOWN STEP	2026-10-06T10:05:52.7122273Z  * [new branch]          codex/q5-predicate-block-mask-20260629 -> origin/codex/q5-predicate-block-mask-20260629
stable legacy/public capture	UNKNOWN STEP	2026-10-06T10:05:52.7122442Z  * [new branch]          codex/qs-5017-manifest  -> origin/codex/qs-5017-manifest
stable legacy/public capture	UNKNOWN STEP	2026-10-06T10:05:52.7122718Z  * [new branch]          codex/quicksilver-measurement-harnesses -> origin/codex/quicksilver-measurement-harnesses
stable legacy/public capture	UNKNOWN STEP	2026-10-06T10:05:52.7122905Z  * [new branch]          codex/quicksilver-opt-4963 -> origin/codex/quicksilver-opt-4963
stable legacy/public capture	UNKNOWN STEP	2026-10-06T10:05:52.7123089Z  * [new branch]          codex/quicksilver-opt-4964 -> origin/codex/quicksilver-opt-4964
stable legacy/public capture	UNKNOWN STEP	2026-10-06T10:05:52.7123261Z  * [new branch]          codex/quicksilver-opt-4965 -> origin/codex/quicksilver-opt-4965
stable legacy/public capture	UNKNOWN STEP	2026-10-06T10:05:52.7123437Z  * [new branch]          codex/quicksilver-unified -> origin/codex/quicksilver-unified
stable legacy/public capture	UNKNOWN STEP	2026-10-06T10:05:52.7123641Z  * [new branch]          codex/raft-r3a-doc-alignment -> origin/codex/raft-r3a-doc-alignment
stable legacy/public capture	UNKNOWN STEP	2026-10-06T10:05:52.7123989Z  * [new branch]          codex/random-read-batch-parallel-workers -> origin/codex/random-read-batch-parallel-workers
stable legacy/public capture	UNKNOWN STEP	2026-10-06T10:05:52.7124210Z  * [new branch]          codex/random-read-consolidated -> origin/codex/random-read-consolidated
stable legacy/public capture	UNKNOWN STEP	2026-10-06T10:05:52.7124502Z  * [new branch]          codex/random-read-getappend-snapshot-reuse -> origin/codex/random-read-getappend-snapshot-reuse
stable legacy/public capture	UNKNOWN STEP	2026-10-06T10:05:52.7124703Z  * [new branch]          codex/random-read-next-ideas -> origin/codex/random-read-next-ideas
stable legacy/public capture	UNKNOWN STEP	2026-10-06T10:05:52.7124933Z  * [new branch]          codex/random-read-profile-review -> origin/codex/random-read-profile-review
stable legacy/public capture	UNKNOWN STEP	2026-10-06T10:05:52.7125284Z  * [new branch]          codex/random-readparallel-alloc-profile -> origin/codex/random-readparallel-alloc-profile
stable legacy/public capture	UNKNOWN STEP	2026-10-06T10:05:52.7125491Z  * [new branch]          codex/randread-hitrate-clean -> origin/codex/randread-hitrate-clean
stable legacy/public capture	UNKNOWN STEP	2026-10-06T10:05:52.7125747Z  * [new branch]          codex/randread-parallel-alloc-pass1 -> origin/codex/randread-parallel-alloc-pass1
stable legacy/public capture	UNKNOWN STEP	2026-10-06T10:05:52.7126011Z  * [new branch]          codex/randread-parallel-hitrate-pass2 -> origin/codex/randread-parallel-hitrate-pass2
stable legacy/public capture	UNKNOWN STEP	2026-10-06T10:05:52.7126255Z  * [new branch]          codex/read-bottleneck-report-gates -> origin/codex/read-bottleneck-report-gates
stable legacy/public capture	UNKNOWN STEP	2026-10-06T10:05:52.7126420Z  * [new branch]          codex/read-gate-harness -> origin/codex/read-gate-harness
stable legacy/public capture	UNKNOWN STEP	2026-10-06T10:05:52.7126634Z  * [new branch]          codex/read-suite-getmany-arena -> origin/codex/read-suite-getmany-arena
stable legacy/public capture	UNKNOWN STEP	2026-10-06T10:05:52.7126881Z  * [new branch]          codex/read-suite-getmany-unique-arena -> origin/codex/read-suite-getmany-unique-arena
stable legacy/public capture	UNKNOWN STEP	2026-10-06T10:05:52.7127163Z  * [new branch]          codex/read-suite-iterator-unsafe-forward -> origin/codex/read-suite-iterator-unsafe-forward
stable legacy/public capture	UNKNOWN STEP	2026-10-06T10:05:52.7127574Z  * [new branch]          codex/read-suite-iterator-unsafe-forward-v2 -> origin/codex/read-suite-iterator-unsafe-forward-v2
stable legacy/public capture	UNKNOWN STEP	2026-10-06T10:05:52.7127786Z  * [new branch]          codex/read-suite-snapshot-pool -> origin/codex/read-suite-snapshot-pool
stable legacy/public capture	UNKNOWN STEP	2026-10-06T10:05:52.7127982Z  * [new branch]          codex/readbatch-rebase-main -> origin/codex/readbatch-rebase-main
stable legacy/public capture	UNKNOWN STEP	2026-10-06T10:05:52.7128215Z  * [new branch]          codex/readme-treedb-ycsb-headline -> origin/codex/readme-treedb-ycsb-headline
stable legacy/public capture	UNKNOWN STEP	2026-10-06T10:05:52.7128438Z  * [new branch]          codex/realigned-next-load-slice -> origin/codex/realigned-next-load-slice
stable legacy/public capture	UNKNOWN STEP	2026-10-06T10:05:52.7128654Z  * [new branch]          codex/refresh-june17-benchmarks -> origin/codex/refresh-june17-benchmarks
stable legacy/public capture	UNKNOWN STEP	2026-10-06T10:05:52.7128955Z  * [new branch]          codex/reuse-grouped-compressed-file-scratch -> origin/codex/reuse-grouped-compressed-file-scratch
stable legacy/public capture	UNKNOWN STEP	2026-10-06T10:05:52.7129190Z  * [new branch]          codex/root-macos-timeout-headroom -> origin/codex/root-macos-timeout-headroom
stable legacy/public capture	UNKNOWN STEP	2026-10-06T10:05:52.7129414Z  * [new branch]          codex/sealed-leaf-mmap-read-path -> origin/codex/sealed-leaf-mmap-read-path
stable legacy/public capture	UNKNOWN STEP	2026-10-06T10:05:52.7129586Z  * [new branch]          codex/seekge-mvcc-4867  -> origin/codex/seekge-mvcc-4867
stable legacy/public capture	UNKNOWN STEP	2026-10-06T10:05:52.7129760Z  * [new branch]          codex/snapshot-get-next -> origin/codex/snapshot-get-next
stable legacy/public capture	UNKNOWN STEP	2026-10-06T10:05:52.7129940Z  * [new branch]          codex/split-slow-ci-checks -> origin/codex/split-slow-ci-checks
stable legacy/public capture	UNKNOWN STEP	2026-10-06T10:05:52.7130181Z  * [new branch]          codex/sqlite-vectorlite-db-compare -> origin/codex/sqlite-vectorlite-db-compare
stable legacy/public capture	UNKNOWN STEP	2026-10-06T10:05:52.7130338Z  * [new branch]          codex/stack-445-447-452 -> origin/codex/stack-445-447-452
stable legacy/public capture	UNKNOWN STEP	2026-10-06T10:05:52.7130573Z  * [new branch]          codex/stream-stable-flush-sources -> origin/codex/stream-stable-flush-sources
stable legacy/public capture	UNKNOWN STEP	2026-10-06T10:05:52.7130776Z  * [new branch]          codex/template-v1-compact-ids -> origin/codex/template-v1-compact-ids
stable legacy/public capture	UNKNOWN STEP	2026-10-06T10:05:52.7131020Z  * [new branch]          codex/template-v1-encoder-feedback -> origin/codex/template-v1-encoder-feedback
stable legacy/public capture	UNKNOWN STEP	2026-10-06T10:05:52.7131334Z  * [new branch]          codex/test-timeout-reliability -> origin/codex/test-timeout-reliability
stable legacy/public capture	UNKNOWN STEP	2026-10-06T10:05:52.7131569Z  * [new branch]          codex/tree-single-probe-fast-path -> origin/codex/tree-single-probe-fast-path
stable legacy/public capture	UNKNOWN STEP	2026-10-06T10:05:52.7131771Z  * [new branch]          codex/treedb-benchmark-fixes -> origin/codex/treedb-benchmark-fixes
stable legacy/public capture	UNKNOWN STEP	2026-10-06T10:05:52.7132066Z  * [new branch]          codex/treedb-cache-lock-alloc-wins-20260219 -> origin/codex/treedb-cache-lock-alloc-wins-20260219
stable legacy/public capture	UNKNOWN STEP	2026-10-06T10:05:52.7132295Z  * [new branch]          codex/treedb-collection-wal-spec -> origin/codex/treedb-collection-wal-spec
stable legacy/public capture	UNKNOWN STEP	2026-10-06T10:05:52.7132586Z  * [new branch]          codex/treedb-collection-wal-spec-clean-pr -> origin/codex/treedb-collection-wal-spec-clean-pr
stable legacy/public capture	UNKNOWN STEP	2026-10-06T10:05:52.7132869Z  * [new branch]          codex/treedb-columnstore-compression-docs -> origin/codex/treedb-columnstore-compression-docs
stable legacy/public capture	UNKNOWN STEP	2026-10-06T10:05:52.7133136Z  * [new branch]          codex/treedb-durable-sync-bottleneck -> origin/codex/treedb-durable-sync-bottleneck
stable legacy/public capture	UNKNOWN STEP	2026-10-06T10:05:52.7133369Z  * [new branch]          codex/treedb-int64-expression-3070 -> origin/codex/treedb-int64-expression-3070
stable legacy/public capture	UNKNOWN STEP	2026-10-06T10:05:52.7133632Z  * [new branch]          codex/treedb-io-allocation-visibility -> origin/codex/treedb-io-allocation-visibility
stable legacy/public capture	UNKNOWN STEP	2026-10-06T10:05:52.7133870Z  * [new branch]          codex/treedb-native-ann-index-spec -> origin/codex/treedb-native-ann-index-spec
stable legacy/public capture	UNKNOWN STEP	2026-10-06T10:05:52.7134139Z  * [new branch]          codex/treedb-outerleaf-merge-benchmarks -> origin/codex/treedb-outerleaf-merge-benchmarks
stable legacy/public capture	UNKNOWN STEP	2026-10-06T10:05:52.7134436Z  * [new branch]          codex/treedb-perf-fix-batch-write-steady -> origin/codex/treedb-perf-fix-batch-write-steady
stable legacy/public capture	UNKNOWN STEP	2026-10-06T10:05:52.7134707Z  * [new branch]          codex/treedb-perf-fix-leaf-current-mmap -> origin/codex/treedb-perf-fix-leaf-current-mmap
stable legacy/public capture	UNKNOWN STEP	2026-10-06T10:05:52.7135041Z  * [new branch]          codex/treedb-perf-fix-snapshot-mmap -> origin/codex/treedb-perf-fix-snapshot-mmap
stable legacy/public capture	UNKNOWN STEP	2026-10-06T10:05:52.7135368Z  * [new branch]          codex/treedb-perf-fix-snapshot-pins -> origin/codex/treedb-perf-fix-snapshot-pins
stable legacy/public capture	UNKNOWN STEP	2026-10-06T10:05:52.7135683Z  * [new branch]          codex/treedb-q1-count-aggregate-metadata-3000 -> origin/codex/treedb-q1-count-aggregate-metadata-3000
stable legacy/public capture	UNKNOWN STEP	2026-10-06T10:05:52.7135968Z  * [new branch]          codex/treedb-q3-group-hour-metadata-2892 -> origin/codex/treedb-q3-group-hour-metadata-2892
stable legacy/public capture	UNKNOWN STEP	2026-10-06T10:05:52.7136148Z  * [new branch]          codex/treedb-qperf-3000 -> origin/codex/treedb-qperf-3000
stable legacy/public capture	UNKNOWN STEP	2026-10-06T10:05:52.7136418Z  * [new branch]          codex/treedb-random-read-copy-hotspots -> origin/codex/treedb-random-read-copy-hotspots
stable legacy/public capture	UNKNOWN STEP	2026-10-06T10:05:52.7136658Z  * [new branch]          codex/treedb-read-after-write-fix -> origin/codex/treedb-read-after-write-fix
stable legacy/public capture	UNKNOWN STEP	2026-10-06T10:05:52.7136976Z  * [new branch]          codex/treedb-read-after-write-regression-tests -> origin/codex/treedb-read-after-write-regression-tests
stable legacy/public capture	UNKNOWN STEP	2026-10-06T10:05:52.7137280Z  * [new branch]          codex/treedb-semantic-stream-fastpath-3067 -> origin/codex/treedb-semantic-stream-fastpath-3067
stable legacy/public capture	UNKNOWN STEP	2026-10-06T10:05:52.7137500Z  * [new branch]          codex/treedb-single-key-update -> origin/codex/treedb-single-key-update
stable legacy/public capture	UNKNOWN STEP	2026-10-06T10:05:52.7137781Z  * [new branch]          codex/treedb-vector-cache-edge-distances -> origin/codex/treedb-vector-cache-edge-distances
stable legacy/public capture	UNKNOWN STEP	2026-10-06T10:05:52.7138098Z  * [new branch]          codex/treedb-vector-float32-cosine-specialize -> origin/codex/treedb-vector-float32-cosine-specialize
stable legacy/public capture	UNKNOWN STEP	2026-10-06T10:05:52.7138325Z  * [new branch]          codex/treedb-vector-goembedx-dot -> origin/codex/treedb-vector-goembedx-dot
stable legacy/public capture	UNKNOWN STEP	2026-10-06T10:05:52.7138555Z  * [new branch]          codex/treedb-vector-gonum-f32-dot -> origin/codex/treedb-vector-gonum-f32-dot
stable legacy/public capture	UNKNOWN STEP	2026-10-06T10:05:52.7138859Z  * [new branch]          codex/treedb-vector-incremental-write-bench -> origin/codex/treedb-vector-incremental-write-bench
stable legacy/public capture	UNKNOWN STEP	2026-10-06T10:05:52.7139196Z  * [new branch]          codex/treedb-vector-kelindar-search -> origin/codex/treedb-vector-kelindar-search
stable legacy/public capture	UNKNOWN STEP	2026-10-06T10:05:52.7139441Z  * [new branch]          codex/treedb-vector-kshard-cosine -> origin/codex/treedb-vector-kshard-cosine
stable legacy/public capture	UNKNOWN STEP	2026-10-06T10:05:52.7139650Z  * [new branch]          codex/treedb-vector-norm-cache -> origin/codex/treedb-vector-norm-cache
stable legacy/public capture	UNKNOWN STEP	2026-10-06T10:05:52.7139939Z  * [new branch]          codex/treedb-vector-parallel-search-bench -> origin/codex/treedb-vector-parallel-search-bench
stable legacy/public capture	UNKNOWN STEP	2026-10-06T10:05:52.7140238Z  * [new branch]          codex/treedb-vector-prepared-cosine-query -> origin/codex/treedb-vector-prepared-cosine-query
stable legacy/public capture	UNKNOWN STEP	2026-10-06T10:05:52.7140498Z  * [new branch]          codex/treedb-vector-prune-prescore -> origin/codex/treedb-vector-prune-prescore
stable legacy/public capture	UNKNOWN STEP	2026-10-06T10:05:52.7140831Z  * [new branch]          codex/treedb-vector-reuse-candidate-distances -> origin/codex/treedb-vector-reuse-candidate-distances
stable legacy/public capture	UNKNOWN STEP	2026-10-06T10:05:52.7141048Z  * [new branch]          codex/treedb-vector-search-ann -> origin/codex/treedb-vector-search-ann
stable legacy/public capture	UNKNOWN STEP	2026-10-06T10:05:52.7141347Z  * [new branch]          codex/treedb-vector-search-scratch-reuse -> origin/codex/treedb-vector-search-scratch-reuse
stable legacy/public capture	UNKNOWN STEP	2026-10-06T10:05:52.7141571Z  * [new branch]          codex/typed-column-adapter-1754 -> origin/codex/typed-column-adapter-1754
stable legacy/public capture	UNKNOWN STEP	2026-10-06T10:05:52.7141885Z  * [new branch]          codex/typed-column-colgranule-transplant-1753 -> origin/codex/typed-column-colgranule-transplant-1753
stable legacy/public capture	UNKNOWN STEP	2026-10-06T10:05:52.7142165Z  * [new branch]          codex/typed-column-compact-kernels-2300 -> origin/codex/typed-column-compact-kernels-2300
stable legacy/public capture	UNKNOWN STEP	2026-10-06T10:05:52.7142462Z  * [new branch]          codex/typed-column-compression-policy-2297 -> origin/codex/typed-column-compression-policy-2297
stable legacy/public capture	UNKNOWN STEP	2026-10-06T10:05:52.7142770Z  * [new branch]          codex/typed-column-durable-publication-1755 -> origin/codex/typed-column-durable-publication-1755
stable legacy/public capture	UNKNOWN STEP	2026-10-06T10:05:52.7143136Z  * [new branch]          codex/typed-column-jsonbench-plan-docs -> origin/codex/typed-column-jsonbench-plan-docs
stable legacy/public capture	UNKNOWN STEP	2026-10-06T10:05:52.7143432Z  * [new branch]          codex/typed-column-jsonbench-plan-followup -> origin/codex/typed-column-jsonbench-plan-followup
stable legacy/public capture	UNKNOWN STEP	2026-10-06T10:05:52.7143692Z  * [new branch]          codex/typed-column-vector-dense-1756 -> origin/codex/typed-column-vector-dense-1756
stable legacy/public capture	UNKNOWN STEP	2026-10-06T10:05:52.7143909Z  * [new branch]          codex/typed-one-shot-cache-3088 -> origin/codex/typed-one-shot-cache-3088
stable legacy/public capture	UNKNOWN STEP	2026-10-06T10:05:52.7144196Z  * [new branch]          codex/typed-storage-layout-resolver-1751 -> origin/codex/typed-storage-layout-resolver-1751
stable legacy/public capture	UNKNOWN STEP	2026-10-06T10:05:52.7144472Z  * [new branch]          codex/typed-storage-naming-scaffold-1750 -> origin/codex/typed-storage-naming-scaffold-1750
stable legacy/public capture	UNKNOWN STEP	2026-10-06T10:05:52.7144754Z  * [new branch]          codex/typed-storage-umbrella-cleanup-1752 -> origin/codex/typed-storage-umbrella-cleanup-1752
stable legacy/public capture	UNKNOWN STEP	2026-10-06T10:05:52.7144969Z  * [new branch]          codex/ubench-resolved-options -> origin/codex/ubench-resolved-options
stable legacy/public capture	UNKNOWN STEP	2026-10-06T10:05:52.7145325Z  * [new branch]          codex/unified-bench-batch-delete-reuse -> origin/codex/unified-bench-batch-delete-reuse
stable legacy/public capture	UNKNOWN STEP	2026-10-06T10:05:52.7145600Z  * [new branch]          codex/unified-bench-compression-matrix -> origin/codex/unified-bench-compression-matrix
stable legacy/public capture	UNKNOWN STEP	2026-10-06T10:05:52.7145865Z  * [new branch]          codex/unified-bench-default-path-label -> origin/codex/unified-bench-default-path-label
stable legacy/public capture	UNKNOWN STEP	2026-10-06T10:05:52.7146151Z  * [new branch]          codex/unified-bench-perf-instrumentation -> origin/codex/unified-bench-perf-instrumentation
stable legacy/public capture	UNKNOWN STEP	2026-10-06T10:05:52.7146478Z  * [new branch]          codex/unified-bench-q1-aggregate-metadata-2892 -> origin/codex/unified-bench-q1-aggregate-metadata-2892
stable legacy/public capture	UNKNOWN STEP	2026-10-06T10:05:52.7146699Z  * [new branch]          codex/unified-bench-val-pattern -> origin/codex/unified-bench-val-pattern
stable legacy/public capture	UNKNOWN STEP	2026-10-06T10:05:52.7146924Z  * [new branch]          codex/unified-bench-vlog-dict-k -> origin/codex/unified-bench-vlog-dict-k
stable legacy/public capture	UNKNOWN STEP	2026-10-06T10:05:52.7147300Z  * [new branch]          codex/unified-row-column-buffers-gate-a -> origin/codex/unified-row-column-buffers-gate-a
stable legacy/public capture	UNKNOWN STEP	2026-10-06T10:05:52.7147592Z  * [new branch]          codex/update-combine-bsonset-id-fastpath -> origin/codex/update-combine-bsonset-id-fastpath
stable legacy/public capture	UNKNOWN STEP	2026-10-06T10:05:52.7147886Z  * [new branch]          codex/update-combine-detached-flush-units -> origin/codex/update-combine-detached-flush-units
stable legacy/public capture	UNKNOWN STEP	2026-10-06T10:05:52.7148167Z  * [new branch]          codex/update-combine-lane-enqueue-signal -> origin/codex/update-combine-lane-enqueue-signal
stable legacy/public capture	UNKNOWN STEP	2026-10-06T10:05:52.7148433Z  * [new branch]          codex/update-combine-m21-global-merge -> origin/codex/update-combine-m21-global-merge
stable legacy/public capture	UNKNOWN STEP	2026-10-06T10:05:52.7148693Z  * [new branch]          codex/update-combine-review-cleanups -> origin/codex/update-combine-review-cleanups
stable legacy/public capture	UNKNOWN STEP	2026-10-06T10:05:52.7148969Z  * [new branch]          codex/update-combine-safe-buffered-lanes -> origin/codex/update-combine-safe-buffered-lanes
stable legacy/public capture	UNKNOWN STEP	2026-10-06T10:05:52.7149280Z  * [new branch]          codex/update-combine-single-prepared-stage -> origin/codex/update-combine-single-prepared-stage
stable legacy/public capture	UNKNOWN STEP	2026-10-06T10:05:52.7149530Z  * [new branch]          codex/update-combine-wait-breakdown -> origin/codex/update-combine-wait-breakdown
stable legacy/public capture	UNKNOWN STEP	2026-10-06T10:05:52.7149721Z  * [new branch]          codex/update-combiner-pr0 -> origin/codex/update-combiner-pr0
stable legacy/public capture	UNKNOWN STEP	2026-10-06T10:05:52.7149969Z  * [new branch]          codex/update-fallback-investigation -> origin/codex/update-fallback-investigation
stable legacy/public capture	UNKNOWN STEP	2026-10-06T10:05:52.7150226Z  * [new branch]          codex/update-profile-instrumentation -> origin/codex/update-profile-instrumentation
stable legacy/public capture	UNKNOWN STEP	2026-10-06T10:05:52.7150480Z  * [new branch]          codex/updatebatch-buffered-coalesce -> origin/codex/updatebatch-buffered-coalesce
stable legacy/public capture	UNKNOWN STEP	2026-10-06T10:05:52.7150668Z  * [new branch]          codex/user-command-wal-pr1 -> origin/codex/user-command-wal-pr1
stable legacy/public capture	UNKNOWN STEP	2026-10-06T10:05:52.7150851Z  * [new branch]          codex/user-command-wal-pr2 -> origin/codex/user-command-wal-pr2
stable legacy/public capture	UNKNOWN STEP	2026-10-06T10:05:52.7151125Z  * [new branch]          codex/user-command-wal-pr3 -> origin/codex/user-command-wal-pr3
stable legacy/public capture	UNKNOWN STEP	2026-10-06T10:05:52.7151327Z  * [new branch]          codex/user-command-wal-pr3_5 -> origin/codex/user-command-wal-pr3_5
stable legacy/public capture	UNKNOWN STEP	2026-10-06T10:05:52.7151510Z  * [new branch]          codex/user-command-wal-pr4 -> origin/codex/user-command-wal-pr4
stable legacy/public capture	UNKNOWN STEP	2026-10-06T10:05:52.7151685Z  * [new branch]          codex/user-command-wal-pr5 -> origin/codex/user-command-wal-pr5
stable legacy/public capture	UNKNOWN STEP	2026-10-06T10:05:52.7151867Z  * [new branch]          codex/user-command-wal-pr6 -> origin/codex/user-command-wal-pr6
stable legacy/public capture	UNKNOWN STEP	2026-10-06T10:05:52.7152065Z  * [new branch]          codex/user-command-wal-pr6_5 -> origin/codex/user-command-wal-pr6_5
stable legacy/public capture	UNKNOWN STEP	2026-10-06T10:05:52.7152241Z  * [new branch]          codex/user-command-wal-pr7 -> origin/codex/user-command-wal-pr7
stable legacy/public capture	UNKNOWN STEP	2026-10-06T10:05:52.7152423Z  * [new branch]          codex/user-command-wal-pr8 -> origin/codex/user-command-wal-pr8
stable legacy/public capture	UNKNOWN STEP	2026-10-06T10:05:52.7152600Z  * [new branch]          codex/user-command-wal-pr9 -> origin/codex/user-command-wal-pr9
stable legacy/public capture	UNKNOWN STEP	2026-10-06T10:05:52.7152802Z  * [new branch]          codex/user-command-wal-spec -> origin/codex/user-command-wal-spec
stable legacy/public capture	UNKNOWN STEP	2026-10-06T10:05:52.7153035Z  * [new branch]          codex/value-log-compression-2298 -> origin/codex/value-log-compression-2298
stable legacy/public capture	UNKNOWN STEP	2026-10-06T10:05:52.7153326Z  * [new branch]          codex/valuelog-lazy-writer-append-buffers -> origin/codex/valuelog-lazy-writer-append-buffers
stable legacy/public capture	UNKNOWN STEP	2026-10-06T10:05:52.7153607Z  * [new branch]          codex/vector-db-compare-pgvector-mongo -> origin/codex/vector-db-compare-pgvector-mongo
stable legacy/public capture	UNKNOWN STEP	2026-10-06T10:05:52.7153881Z  * [new branch]          codex/vector-db-compare-treedb-e2e-knobs -> origin/codex/vector-db-compare-treedb-e2e-knobs
stable legacy/public capture	UNKNOWN STEP	2026-10-06T10:05:52.7154186Z  * [new branch]          codex/vector-demo-dataset-exact-validation -> origin/codex/vector-demo-dataset-exact-validation
stable legacy/public capture	UNKNOWN STEP	2026-10-06T10:05:52.7154438Z  * [new branch]          codex/vector-demo-profile-storage -> origin/codex/vector-demo-profile-storage
stable legacy/public capture	UNKNOWN STEP	2026-10-06T10:05:52.7154728Z  * [new branch]          codex/vector-dot-768-kernel-bench -> origin/codex/vector-dot-768-kernel-bench
stable legacy/public capture	UNKNOWN STEP	2026-10-06T10:05:52.7154976Z  * [new branch]          codex/vector-matched-recall-readme -> origin/codex/vector-matched-recall-readme
stable legacy/public capture	UNKNOWN STEP	2026-10-06T10:05:52.7155357Z  * [new branch]          codex/vector-native-adjacency-direct-view -> origin/codex/vector-native-adjacency-direct-view
stable legacy/public capture	UNKNOWN STEP	2026-10-06T10:05:52.7155644Z  * [new branch]          codex/vector-native-block-planner-plan -> origin/codex/vector-native-block-planner-plan
stable legacy/public capture	UNKNOWN STEP	2026-10-06T10:05:52.7155920Z  * [new branch]          codex/vector-native-block-score-batches -> origin/codex/vector-native-block-score-batches
stable legacy/public capture	UNKNOWN STEP	2026-10-06T10:05:52.7156241Z  * [new branch]          codex/vector-native-block-topk-materialization -> origin/codex/vector-native-block-topk-materialization
stable legacy/public capture	UNKNOWN STEP	2026-10-06T10:05:52.7156524Z  * [new branch]          codex/vector-native-block-view-foundation -> origin/codex/vector-native-block-view-foundation
stable legacy/public capture	UNKNOWN STEP	2026-10-06T10:05:52.7156804Z  * [new branch]          codex/vector-native-direct-cosine-helper -> origin/codex/vector-native-direct-cosine-helper
stable legacy/public capture	UNKNOWN STEP	2026-10-06T10:05:52.7157074Z  * [new branch]          codex/vector-native-dotproduct-samelen -> origin/codex/vector-native-dotproduct-samelen
stable legacy/public capture	UNKNOWN STEP	2026-10-06T10:05:52.7157360Z  * [new branch]          codex/vector-native-dotproduct-samelen-v2 -> origin/codex/vector-native-dotproduct-samelen-v2
stable legacy/public capture	UNKNOWN STEP	2026-10-06T10:05:52.7157604Z  * [new branch]          codex/vector-native-hotpath-cleanup -> origin/codex/vector-native-hotpath-cleanup
stable legacy/public capture	UNKNOWN STEP	2026-10-06T10:05:52.7157843Z  * [new branch]          codex/vector-native-lazy-adjacency -> origin/codex/vector-native-lazy-adjacency
stable legacy/public capture	UNKNOWN STEP	2026-10-06T10:05:52.7158100Z  * [new branch]          codex/vector-native-search-bench-sweep -> origin/codex/vector-native-search-bench-sweep
stable legacy/public capture	UNKNOWN STEP	2026-10-06T10:05:52.7158490Z  * [new branch]          codex/vector-native-search-plan-hotpath -> origin/codex/vector-native-search-plan-hotpath
stable legacy/public capture	UNKNOWN STEP	2026-10-06T10:05:52.7158835Z  * [new branch]          codex/vector-native-simd-search -> origin/codex/vector-native-simd-search
stable legacy/public capture	UNKNOWN STEP	2026-10-06T10:05:52.7159078Z  * [new branch]          codex/vector-native-topk-threshold -> origin/codex/vector-native-topk-threshold
stable legacy/public capture	UNKNOWN STEP	2026-10-06T10:05:52.7159378Z  * [new branch]          codex/vector-native-trusted-finite-scoring -> origin/codex/vector-native-trusted-finite-scoring
stable legacy/public capture	UNKNOWN STEP	2026-10-06T10:05:52.7159614Z  * [new branch]          codex/vector-native-typed-row-read -> origin/codex/vector-native-typed-row-read
stable legacy/public capture	UNKNOWN STEP	2026-10-06T10:05:52.7159827Z  * [new branch]          codex/vector-search-demo-bench -> origin/codex/vector-search-demo-bench
stable legacy/public capture	UNKNOWN STEP	2026-10-06T10:05:52.7160042Z  * [new branch]          codex/vector-search-profile-dir -> origin/codex/vector-search-profile-dir
stable legacy/public capture	UNKNOWN STEP	2026-10-06T10:05:52.7160265Z  * [new branch]          codex/vector-search-tiny-bert-demo -> origin/codex/vector-search-tiny-bert-demo
stable legacy/public capture	UNKNOWN STEP	2026-10-06T10:05:52.7160440Z  * [new branch]          codex/vlog-dict-k-meta  -> origin/codex/vlog-dict-k-meta
stable legacy/public capture	UNKNOWN STEP	2026-10-06T10:05:52.7160648Z  * [new branch]          codex/vlog-dict-suite-metrics -> origin/codex/vlog-dict-suite-metrics
stable legacy/public capture	UNKNOWN STEP	2026-10-06T10:05:52.7160899Z  * [new branch]          codex/vlog-leaf-decode-buffer-reuse -> origin/codex/vlog-leaf-decode-buffer-reuse
stable legacy/public capture	UNKNOWN STEP	2026-10-06T10:05:52.7161218Z  * [new branch]          codex/wal-on-fast-live-profile-outerleaf-plan -> origin/codex/wal-on-fast-live-profile-outerleaf-plan
stable legacy/public capture	UNKNOWN STEP	2026-10-06T10:05:52.7161508Z  * [new branch]          codex/windows-q1-diagnostics-stabilization -> origin/codex/windows-q1-diagnostics-stabilization
stable legacy/public capture	UNKNOWN STEP	2026-10-06T10:05:52.7161754Z  * [new branch]          codex/windows-rerank-allocation-fix -> origin/codex/windows-rerank-allocation-fix
stable legacy/public capture	UNKNOWN STEP	2026-10-06T10:05:52.7161965Z  * [new branch]          codex/write-path-alloc-wakeup -> origin/codex/write-path-alloc-wakeup
stable legacy/public capture	UNKNOWN STEP	2026-10-06T10:05:52.7162155Z  * [new branch]          codex/ycsb-error-gate-2120 -> origin/codex/ycsb-error-gate-2120
stable legacy/public capture	UNKNOWN STEP	2026-10-06T10:05:52.7162378Z  * [new branch]          codex/ycsb-nativewire-benchmark -> origin/codex/ycsb-nativewire-benchmark
stable legacy/public capture	UNKNOWN STEP	2026-10-06T10:05:52.7162759Z  * [new branch]          codex/ycsb-projected-read-attribution-2131 -> origin/codex/ycsb-projected-read-attribution-2131
stable legacy/public capture	UNKNOWN STEP	2026-10-06T10:05:52.7162943Z  * [new branch]          codex/ycsb-report-refresh -> origin/codex/ycsb-report-refresh
stable legacy/public capture	UNKNOWN STEP	2026-10-06T10:05:52.7163115Z  * [new branch]          coordination/lease-4542 -> origin/coordination/lease-4542
stable legacy/public capture	UNKNOWN STEP	2026-10-06T10:05:52.7163286Z  * [new branch]          coordination/lease-4587 -> origin/coordination/lease-4587
stable legacy/public capture	UNKNOWN STEP	2026-10-06T10:05:52.7163503Z  * [new branch]          coordination/lease-4587-harness -> origin/coordination/lease-4587-harness
stable legacy/public capture	UNKNOWN STEP	2026-10-06T10:05:52.7163723Z  * [new branch]          coordination/lease-4587-observer -> origin/coordination/lease-4587-observer
stable legacy/public capture	UNKNOWN STEP	2026-10-06T10:05:52.7163900Z  * [new branch]          coordination/lease-4589 -> origin/coordination/lease-4589
stable legacy/public capture	UNKNOWN STEP	2026-10-06T10:05:52.7164159Z  * [new branch]          copilot/add-mode4-crash-test-coverage -> origin/copilot/add-mode4-crash-test-coverage
stable legacy/public capture	UNKNOWN STEP	2026-10-06T10:05:52.7164420Z  * [new branch]          copilot/fix-mode4-compression-issue -> origin/copilot/fix-mode4-compression-issue
stable legacy/public capture	UNKNOWN STEP	2026-10-06T10:05:52.7164697Z  * [new branch]          copilot/investigate-slab-dict-training -> origin/copilot/investigate-slab-dict-training
stable legacy/public capture	UNKNOWN STEP	2026-10-06T10:05:52.7165017Z  * [new branch]          copilot/refactor-test-goroutine-error-handling -> origin/copilot/refactor-test-goroutine-error-handling
stable legacy/public capture	UNKNOWN STEP	2026-10-06T10:05:52.7165349Z  * [new branch]          copilot/update-docs-wal-terminology -> origin/copilot/update-docs-wal-terminology
stable legacy/public capture	UNKNOWN STEP	2026-10-06T10:05:52.7165494Z  * [new branch]          dec-26-audit            -> origin/dec-26-audit
stable legacy/public capture	UNKNOWN STEP	2026-10-06T10:05:52.7165675Z  * [new branch]          dec-26-audit-speed-fixes -> origin/dec-26-audit-speed-fixes
stable legacy/public capture	UNKNOWN STEP	2026-10-06T10:05:52.7165817Z  * [new branch]          dec-26-rc               -> origin/dec-26-rc
stable legacy/public capture	UNKNOWN STEP	2026-10-06T10:05:52.7165979Z  * [new branch]          dec-28-audit-cleanup    -> origin/dec-28-audit-cleanup
stable legacy/public capture	UNKNOWN STEP	2026-10-06T10:05:52.7166214Z  * [new branch]          dec-29-perf             -> origin/dec-29-perf
stable legacy/public capture	UNKNOWN STEP	2026-10-06T10:05:52.7166456Z  * [new branch]          devin/1789687319-goroutine-leak-gate -> origin/devin/1789687319-goroutine-leak-gate
stable legacy/public capture	UNKNOWN STEP	2026-10-06T10:05:52.7166672Z  * [new branch]          devin/1789689601-fix-flaky-tests -> origin/devin/1789689601-fix-flaky-tests
stable legacy/public capture	UNKNOWN STEP	2026-10-06T10:05:52.7166840Z  * [new branch]          distributedHashMap      -> origin/distributedHashMap
stable legacy/public capture	UNKNOWN STEP	2026-10-06T10:05:52.7167086Z  * [new branch]          docs/exhaustive-compact-readme-2292 -> origin/docs/exhaustive-compact-readme-2292
stable legacy/public capture	UNKNOWN STEP	2026-10-06T10:05:52.7167289Z  * [new branch]          docs/latest-main-benchmarks -> origin/docs/latest-main-benchmarks
stable legacy/public capture	UNKNOWN STEP	2026-10-06T10:05:52.7167513Z  * [new branch]          docs/offline-compact-readme-2289 -> origin/docs/offline-compact-readme-2289
stable legacy/public capture	UNKNOWN STEP	2026-10-06T10:05:52.7167678Z  * [new branch]          docs/opt-sprint-next    -> origin/docs/opt-sprint-next
stable legacy/public capture	UNKNOWN STEP	2026-10-06T10:05:52.7167877Z  * [new branch]          docs/pivot-anchor-642cfeaa51 -> origin/docs/pivot-anchor-642cfeaa51
stable legacy/public capture	UNKNOWN STEP	2026-10-06T10:05:52.7168217Z  * [new branch]          docs/post1075-collection-benchmark-replication -> origin/docs/post1075-collection-benchmark-replication
stable legacy/public capture	UNKNOWN STEP	2026-10-06T10:05:52.7168537Z  * [new branch]          docs/treedb-columnstore-architecture-updates -> origin/docs/treedb-columnstore-architecture-updates
stable legacy/public capture	UNKNOWN STEP	2026-10-06T10:05:52.7168778Z  * [new branch]          docs/vdbbench-rerank-label-20260821 -> origin/docs/vdbbench-rerank-label-20260821
stable legacy/public capture	UNKNOWN STEP	2026-10-06T10:05:52.7168970Z  * [new branch]          docs/vector-curves-20260819 -> origin/docs/vector-curves-20260819
stable legacy/public capture	UNKNOWN STEP	2026-10-06T10:05:52.7169174Z  * [new branch]          evidence/4288-control-worker -> origin/evidence/4288-control-worker
stable legacy/public capture	UNKNOWN STEP	2026-10-06T10:05:52.7169382Z  * [new branch]          evidence/4289-retained-harness -> origin/evidence/4289-retained-harness
stable legacy/public capture	UNKNOWN STEP	2026-10-06T10:05:52.7169577Z  * [new branch]          evidence/issue-4027-eed54bc0 -> origin/evidence/issue-4027-eed54bc0
stable legacy/public capture	UNKNOWN STEP	2026-10-06T10:05:52.7169752Z  * [new branch]          exp/hashdb-probe-stats  -> origin/exp/hashdb-probe-stats
stable legacy/public capture	UNKNOWN STEP	2026-10-06T10:05:52.7170071Z  * [new branch]          exp/merge-clamp-origin-main -> origin/exp/merge-clamp-origin-main
stable legacy/public capture	UNKNOWN STEP	2026-10-06T10:05:52.7170303Z  * [new branch]          feat/mongo-docker-default-latest -> origin/feat/mongo-docker-default-latest
stable legacy/public capture	UNKNOWN STEP	2026-10-06T10:05:52.7170575Z  * [new branch]          feat/mongo-docker-default-latest-main -> origin/feat/mongo-docker-default-latest-main
stable legacy/public capture	UNKNOWN STEP	2026-10-06T10:05:52.7170834Z  * [new branch]          feat/optimize-snapshot-overhead-pr2 -> origin/feat/optimize-snapshot-overhead-pr2
stable legacy/public capture	UNKNOWN STEP	2026-10-06T10:05:52.7171182Z  * [new branch]          feat/random-read-parallel-acquire-snapshot-opt-v2 -> origin/feat/random-read-parallel-acquire-snapshot-opt-v2
stable legacy/public capture	UNKNOWN STEP	2026-10-06T10:05:52.7171518Z  * [new branch]          feat/random-read-parallel-acquire-snapshot-pr1 -> origin/feat/random-read-parallel-acquire-snapshot-pr1
stable legacy/public capture	UNKNOWN STEP	2026-10-06T10:05:52.7171695Z  * [new branch]          feat/treedb-optimization -> origin/feat/treedb-optimization
stable legacy/public capture	UNKNOWN STEP	2026-10-06T10:05:52.7171889Z  * [new branch]          feat/unified-public-kvapi -> origin/feat/unified-public-kvapi
stable legacy/public capture	UNKNOWN STEP	2026-10-06T10:05:52.7172040Z  * [new branch]          feat/vlog-gc            -> origin/feat/vlog-gc
stable legacy/public capture	UNKNOWN STEP	2026-10-06T10:05:52.7172190Z  * [new branch]          feat/vlog-rewrite       -> origin/feat/vlog-rewrite
stable legacy/public capture	UNKNOWN STEP	2026-10-06T10:05:52.7172408Z  * [new branch]          feature/610-contract-alignment -> origin/feature/610-contract-alignment
stable legacy/public capture	UNKNOWN STEP	2026-10-06T10:05:52.7172642Z  * [new branch]          feature/610-phase1-mode-guardrails -> origin/feature/610-phase1-mode-guardrails
stable legacy/public capture	UNKNOWN STEP	2026-10-06T10:05:52.7172874Z  * [new branch]          feature/610-phase2-exact-readpath -> origin/feature/610-phase2-exact-readpath
stable legacy/public capture	UNKNOWN STEP	2026-10-06T10:05:52.7173108Z  * [new branch]          feature/610-phase3-write-atomicity -> origin/feature/610-phase3-write-atomicity
stable legacy/public capture	UNKNOWN STEP	2026-10-06T10:05:52.7173398Z  * [new branch]          feature/610-step2-strict-directory-publish -> origin/feature/610-step2-strict-directory-publish
stable legacy/public capture	UNKNOWN STEP	2026-10-06T10:05:52.7173747Z  * [new branch]          feature/610-step3-strict-range-cow-merge -> origin/feature/610-step3-strict-range-cow-merge
stable legacy/public capture	UNKNOWN STEP	2026-10-06T10:05:52.7173952Z  * [new branch]          feature/610-step34-cow-delete -> origin/feature/610-step34-cow-delete
stable legacy/public capture	UNKNOWN STEP	2026-10-06T10:05:52.7174239Z  * [new branch]          feature/610-step4-split-merge-delete-range -> origin/feature/610-step4-split-merge-delete-range
stable legacy/public capture	UNKNOWN STEP	2026-10-06T10:05:52.7174440Z  * [new branch]          feature/649-alloc-final-pass -> origin/feature/649-alloc-final-pass
stable legacy/public capture	UNKNOWN STEP	2026-10-06T10:05:52.7174669Z  * [new branch]          feature/649-planb-rewrite-setindex -> origin/feature/649-planb-rewrite-setindex
stable legacy/public capture	UNKNOWN STEP	2026-10-06T10:05:52.7174938Z  * [new branch]          feature/651-read-path-batch-random-opt -> origin/feature/651-read-path-batch-random-opt
stable legacy/public capture	UNKNOWN STEP	2026-10-06T10:05:52.7175294Z  * [new branch]          feature/652-default-v1-leaflog-route -> origin/feature/652-default-v1-leaflog-route
stable legacy/public capture	UNKNOWN STEP	2026-10-06T10:05:52.7175535Z  * [new branch]          feature/654-large-value-sweep-test -> origin/feature/654-large-value-sweep-test
stable legacy/public capture	UNKNOWN STEP	2026-10-06T10:05:52.7175845Z  * [new branch]          feature/654-route-pointer-threshold-default -> origin/feature/654-route-pointer-threshold-default
stable legacy/public capture	UNKNOWN STEP	2026-10-06T10:05:52.7176028Z  * [new branch]          feature/cachekv-putnocopy -> origin/feature/cachekv-putnocopy
stable legacy/public capture	UNKNOWN STEP	2026-10-06T10:05:52.7176239Z  * [new branch]          feature/checkpoint-leaf-fast -> origin/feature/checkpoint-leaf-fast
stable legacy/public capture	UNKNOWN STEP	2026-10-06T10:05:52.7176447Z  * [new branch]          feature/checkpoint-profiling -> origin/feature/checkpoint-profiling
stable legacy/public capture	UNKNOWN STEP	2026-10-06T10:05:52.7176799Z  * [new branch]          feature/commit-worker-pipeline-4903219397808322271 -> origin/feature/commit-worker-pipeline-4903219397808322271
stable legacy/public capture	UNKNOWN STEP	2026-10-06T10:05:52.7176980Z  * [new branch]          feature/immutable-bloom -> origin/feature/immutable-bloom
stable legacy/public capture	UNKNOWN STEP	2026-10-06T10:05:52.7177258Z  * [new branch]          feature/issue503-base-delta-prefix-guard -> origin/feature/issue503-base-delta-prefix-guard
stable legacy/public capture	UNKNOWN STEP	2026-10-06T10:05:52.7177560Z  * [new branch]          feature/issue504-wal-v2-largewrite-fastpath -> origin/feature/issue504-wal-v2-largewrite-fastpath
stable legacy/public capture	UNKNOWN STEP	2026-10-06T10:05:52.7177809Z  * [new branch]          feature/mmap-bench      -> origin/feature/mmap-bench
stable legacy/public capture	UNKNOWN STEP	2026-10-06T10:05:52.7178113Z  * [new branch]          feature/pebblecompat-shared-object-ingest -> origin/feature/pebblecompat-shared-object-ingest
stable legacy/public capture	UNKNOWN STEP	2026-10-06T10:05:52.7178313Z  * [new branch]          feature/pr498-perf-followup -> origin/feature/pr498-perf-followup
stable legacy/public capture	UNKNOWN STEP	2026-10-06T10:05:52.7178565Z  * [new branch]          feature/route-write-root-cause-pr656 -> origin/feature/route-write-root-cause-pr656
stable legacy/public capture	UNKNOWN STEP	2026-10-06T10:05:52.7178762Z  * [new branch]          feature/slab-optimizations -> origin/feature/slab-optimizations
stable legacy/public capture	UNKNOWN STEP	2026-10-06T10:05:52.7178989Z  * [new branch]          feature/treedb-outer-leaves-vlog -> origin/feature/treedb-outer-leaves-vlog
stable legacy/public capture	UNKNOWN STEP	2026-10-06T10:05:52.7179183Z  * [new branch]          feature/treedb-outerleaf-v2 -> origin/feature/treedb-outerleaf-v2
stable legacy/public capture	UNKNOWN STEP	2026-10-06T10:05:52.7179493Z  * [new branch]          feature/treedb-outerleaf-v2-alloc-reduction -> origin/feature/treedb-outerleaf-v2-alloc-reduction
stable legacy/public capture	UNKNOWN STEP	2026-10-06T10:05:52.7179839Z  * [new branch]          feature/treedb-outerleaf-v2-fence-lookup-fastpath -> origin/feature/treedb-outerleaf-v2-fence-lookup-fastpath
stable legacy/public capture	UNKNOWN STEP	2026-10-06T10:05:52.7180135Z  * [new branch]          feature/treedb-outerleaf-v2-perfgate-steady -> origin/feature/treedb-outerleaf-v2-perfgate-steady
stable legacy/public capture	UNKNOWN STEP	2026-10-06T10:05:52.7180452Z  * [new branch]          feature/treedb-outerleaf-v2-writepath-redesign -> origin/feature/treedb-outerleaf-v2-writepath-redesign
stable legacy/public capture	UNKNOWN STEP	2026-10-06T10:05:52.7180688Z  * [new branch]          feature/treedb-unsafe-options -> origin/feature/treedb-unsafe-options
stable legacy/public capture	UNKNOWN STEP	2026-10-06T10:05:52.7181007Z  * [new branch]          feature/treedb-v2-fenceptr-rid-join-blobref-v3 -> origin/feature/treedb-v2-fenceptr-rid-join-blobref-v3
stable legacy/public capture	UNKNOWN STEP	2026-10-06T10:05:52.7181343Z  * [new branch]          feature/treedb-v2-fenceptr-unified-write-pipeline -> origin/feature/treedb-v2-fenceptr-unified-write-pipeline
stable legacy/public capture	UNKNOWN STEP	2026-10-06T10:05:52.7181733Z  * [new branch]          feature/treedb-v2-fenceptr-wal-grouped-op -> origin/feature/treedb-v2-fenceptr-wal-grouped-op
stable legacy/public capture	UNKNOWN STEP	2026-10-06T10:05:52.7182034Z  * [new branch]          feature/treedb-v2-fenceptr-wal-simple-inline -> origin/feature/treedb-v2-fenceptr-wal-simple-inline
stable legacy/public capture	UNKNOWN STEP	2026-10-06T10:05:52.7182279Z  * [new branch]          feature/unified-bench-profile-dir -> origin/feature/unified-bench-profile-dir
stable legacy/public capture	UNKNOWN STEP	2026-10-06T10:05:52.7182578Z  * [new branch]          feature/unified-bench-refactor-and-new-dbs -> origin/feature/unified-bench-refactor-and-new-dbs
stable legacy/public capture	UNKNOWN STEP	2026-10-06T10:05:52.7182794Z  * [new branch]          feature/vlog-generational-impl -> origin/feature/vlog-generational-impl
stable legacy/public capture	UNKNOWN STEP	2026-10-06T10:05:52.7183010Z  * [new branch]          feature/vlog-generational-plan -> origin/feature/vlog-generational-plan
stable legacy/public capture	UNKNOWN STEP	2026-10-06T10:05:52.7183262Z  * [new branch]          feature/vlog-generational-plan-impl -> origin/feature/vlog-generational-plan-impl
stable legacy/public capture	UNKNOWN STEP	2026-10-06T10:05:52.7183476Z  * [new branch]          feature/vlog-generational-pr3 -> origin/feature/vlog-generational-pr3
stable legacy/public capture	UNKNOWN STEP	2026-10-06T10:05:52.7183690Z  * [new branch]          feature/vlog-generational-pr4 -> origin/feature/vlog-generational-pr4
stable legacy/public capture	UNKNOWN STEP	2026-10-06T10:05:52.7183890Z  * [new branch]          feature/vlog-generational-pr5 -> origin/feature/vlog-generational-pr5
stable legacy/public capture	UNKNOWN STEP	2026-10-06T10:05:52.7184092Z  * [new branch]          feature/vlog-generational-pr6 -> origin/feature/vlog-generational-pr6
stable legacy/public capture	UNKNOWN STEP	2026-10-06T10:05:52.7184242Z  * [new branch]          files_maybeslow         -> origin/files_maybeslow
stable legacy/public capture	UNKNOWN STEP	2026-10-06T10:05:52.7184463Z  * [new branch]          fix/1429-collections-large-docs -> origin/fix/1429-collections-large-docs
stable legacy/public capture	UNKNOWN STEP	2026-10-06T10:05:52.7184678Z  * [new branch]          fix/1430-vlog-rewrite-grouping -> origin/fix/1430-vlog-rewrite-grouping
stable legacy/public capture	UNKNOWN STEP	2026-10-06T10:05:52.7184877Z  * [new branch]          fix/3665-raft-restart-catchup -> origin/fix/3665-raft-restart-catchup
stable legacy/public capture	UNKNOWN STEP	2026-10-06T10:05:52.7185118Z  * [new branch]          fix/4465-qdrant-transition-config -> origin/fix/4465-qdrant-transition-config
stable legacy/public capture	UNKNOWN STEP	2026-10-06T10:05:52.7185455Z  * [new branch]          fix/4476-cutoff-snapshot -> origin/fix/4476-cutoff-snapshot
stable legacy/public capture	UNKNOWN STEP	2026-10-06T10:05:52.7185625Z  * [new branch]          fix/4476-grace-invariant -> origin/fix/4476-grace-invariant
stable legacy/public capture	UNKNOWN STEP	2026-10-06T10:05:52.7185792Z  * [new branch]          fix/484-open-comments   -> origin/fix/484-open-comments
stable legacy/public capture	UNKNOWN STEP	2026-10-06T10:05:52.7185971Z  * [new branch]          fix/4910-power-loss-oracle -> origin/fix/4910-power-loss-oracle
stable legacy/public capture	UNKNOWN STEP	2026-10-06T10:05:52.7186205Z  * [new branch]          fix/4923-normalized-dense-restart -> origin/fix/4923-normalized-dense-restart
stable legacy/public capture	UNKNOWN STEP	2026-10-06T10:05:52.7186451Z  * [new branch]          fix/delete-range-wal-flush-recovery -> origin/fix/delete-range-wal-flush-recovery
stable legacy/public capture	UNKNOWN STEP	2026-10-06T10:05:52.7186679Z  * [new branch]          fix/fence-sparse-full-separator -> origin/fix/fence-sparse-full-separator
stable legacy/public capture	UNKNOWN STEP	2026-10-06T10:05:52.7186962Z  * [new branch]          fix/journal-vlog-pointers-copy-on-flush -> origin/fix/journal-vlog-pointers-copy-on-flush
stable legacy/public capture	UNKNOWN STEP	2026-10-06T10:05:52.7187116Z  * [new branch]          fix/pr652-merge         -> origin/fix/pr652-merge
stable legacy/public capture	UNKNOWN STEP	2026-10-06T10:05:52.7187356Z  * [new branch]          fix/profile-fast-set-get-notfound -> origin/fix/profile-fast-set-get-notfound
stable legacy/public capture	UNKNOWN STEP	2026-10-06T10:05:52.7187574Z  * [new branch]          fix/treedb-celestia-maintenance -> origin/fix/treedb-celestia-maintenance
stable legacy/public capture	UNKNOWN STEP	2026-10-06T10:05:52.7187870Z  * [new branch]          fix/treedb-defaults-vlogrewrite-after-run -> origin/fix/treedb-defaults-vlogrewrite-after-run
stable legacy/public capture	UNKNOWN STEP	2026-10-06T10:05:52.7188097Z  * [new branch]          fix/treedb-index-columnar-leaves -> origin/fix/treedb-index-columnar-leaves
stable legacy/public capture	UNKNOWN STEP	2026-10-06T10:05:52.7188318Z  * [new branch]          fix/treedb-leafref-append-allocs -> origin/fix/treedb-leafref-append-allocs
stable legacy/public capture	UNKNOWN STEP	2026-10-06T10:05:52.7188495Z  * [new branch]          fix/treedb-leafvlog-gc  -> origin/fix/treedb-leafvlog-gc
stable legacy/public capture	UNKNOWN STEP	2026-10-06T10:05:52.7188732Z  * [new branch]          fix/treedb-leafvlog-vacuum-rewrite -> origin/fix/treedb-leafvlog-vacuum-rewrite
stable legacy/public capture	UNKNOWN STEP	2026-10-06T10:05:52.7189083Z  * [new branch]          fix/treedb-vlog-rewrite-leafref -> origin/fix/treedb-vlog-rewrite-leafref
stable legacy/public capture	UNKNOWN STEP	2026-10-06T10:05:52.7189321Z  * [new branch]          fix/unifiedbench-final-checkpoint -> origin/fix/unifiedbench-final-checkpoint
stable legacy/public capture	UNKNOWN STEP	2026-10-06T10:05:52.7189542Z  * [new branch]          fix/v2-fenceptr-anchor-promotion -> origin/fix/v2-fenceptr-anchor-promotion
stable legacy/public capture	UNKNOWN STEP	2026-10-06T10:05:52.7189696Z  * [new branch]          fix/vacuum-swap         -> origin/fix/vacuum-swap
stable legacy/public capture	UNKNOWN STEP	2026-10-06T10:05:52.7189966Z  * [new branch]          fix/vlog-generation-maintenance-safety -> origin/fix/vlog-generation-maintenance-safety
stable legacy/public capture	UNKNOWN STEP	2026-10-06T10:05:52.7190162Z  * [new branch]          fix/vlog-maintenance-audit -> origin/fix/vlog-maintenance-audit
stable legacy/public capture	UNKNOWN STEP	2026-10-06T10:05:52.7190407Z  * [new branch]          fix/windows-lifecycle-coarse-clock -> origin/fix/windows-lifecycle-coarse-clock
stable legacy/public capture	UNKNOWN STEP	2026-10-06T10:05:52.7190622Z  * [new branch]          followon/template-lab-plan-exec -> origin/followon/template-lab-plan-exec
stable legacy/public capture	UNKNOWN STEP	2026-10-06T10:05:52.7190918Z  * [new branch]          followon/vlog-dict-class-split-experiment -> origin/followon/vlog-dict-class-split-experiment
stable legacy/public capture	UNKNOWN STEP	2026-10-06T10:05:52.7191063Z  * [new branch]          gemini-gomap            -> origin/gemini-gomap
stable legacy/public capture	UNKNOWN STEP	2026-10-06T10:05:52.7191236Z  * [new branch]          gemini-gomap-cosmosdb   -> origin/gemini-gomap-cosmosdb
stable legacy/public capture	UNKNOWN STEP	2026-10-06T10:05:52.7191428Z  * [new branch]          go-ethereum-optimizations -> origin/go-ethereum-optimizations
stable legacy/public capture	UNKNOWN STEP	2026-10-06T10:05:52.7191568Z  * [new branch]          gomap-redis             -> origin/gomap-redis
stable legacy/public capture	UNKNOWN STEP	2026-10-06T10:05:52.7191822Z  * [new branch]          gpt56/issue-4052-capability-manifest -> origin/gpt56/issue-4052-capability-manifest
stable legacy/public capture	UNKNOWN STEP	2026-10-06T10:05:52.7192042Z  * [new branch]          gpt56/issue-4061-bson-index-codec -> origin/gpt56/issue-4061-bson-index-codec
stable legacy/public capture	UNKNOWN STEP	2026-10-06T10:05:52.7192279Z  * [new branch]          guard/p5-read-snapshot-guardrails -> origin/guard/p5-read-snapshot-guardrails
stable legacy/public capture	UNKNOWN STEP	2026-10-06T10:05:52.7192415Z  * [new branch]          index-opt               -> origin/index-opt
stable legacy/public capture	UNKNOWN STEP	2026-10-06T10:05:52.7192825Z  * [new branch]          integration/vector-colstore-m11-latest-plus-1615 -> origin/integration/vector-colstore-m11-latest-plus-1615
stable legacy/public capture	UNKNOWN STEP	2026-10-06T10:05:52.7193158Z  * [new branch]          integration/vector-colstore-m11-latest-plus-1616 -> origin/integration/vector-colstore-m11-latest-plus-1616
stable legacy/public capture	UNKNOWN STEP	2026-10-06T10:05:52.7193478Z  * [new branch]          integration/vector-colstore-m11-latest-plus-1617 -> origin/integration/vector-colstore-m11-latest-plus-1617
stable legacy/public capture	UNKNOWN STEP	2026-10-06T10:05:52.7193737Z  * [new branch]          integration/vector-colstore-m11-sync -> origin/integration/vector-colstore-m11-sync
stable legacy/public capture	UNKNOWN STEP	2026-10-06T10:05:52.7194051Z  * [new branch]          integration/vector-colstore-m11-sync-plus-1610 -> origin/integration/vector-colstore-m11-sync-plus-1610
stable legacy/public capture	UNKNOWN STEP	2026-10-06T10:05:52.7194384Z  * [new branch]          integration/vector-colstore-m11b-latest-plus-1617 -> origin/integration/vector-colstore-m11b-latest-plus-1617
stable legacy/public capture	UNKNOWN STEP	2026-10-06T10:05:52.7194720Z  * [new branch]          integration/vector-colstore-m11b-latest-plus-1620 -> origin/integration/vector-colstore-m11b-latest-plus-1620
stable legacy/public capture	UNKNOWN STEP	2026-10-06T10:05:52.7194965Z  * [new branch]          integration/vector-colstore-m9-sync -> origin/integration/vector-colstore-m9-sync
stable legacy/public capture	UNKNOWN STEP	2026-10-06T10:05:52.7195125Z  * [new branch]          issue-1467-vacuum       -> origin/issue-1467-vacuum
stable legacy/public capture	UNKNOWN STEP	2026-10-06T10:05:52.7195429Z  * [new branch]          issue-2022-ycsb-catalog-eof -> origin/issue-2022-ycsb-catalog-eof
stable legacy/public capture	UNKNOWN STEP	2026-10-06T10:05:52.7195647Z  * [new branch]          issue-2022-ycsb-catalog-eof-pr -> origin/issue-2022-ycsb-catalog-eof-pr
stable legacy/public capture	UNKNOWN STEP	2026-10-06T10:05:52.7195944Z  * [new branch]          issue-2033-buffered-primary-index-stalls -> origin/issue-2033-buffered-primary-index-stalls
stable legacy/public capture	UNKNOWN STEP	2026-10-06T10:05:52.7196090Z  * [new branch]          issue-4670-disk         -> origin/issue-4670-disk
stable legacy/public capture	UNKNOWN STEP	2026-10-06T10:05:52.7196239Z  * [new branch]          issue-474-475           -> origin/issue-474-475
stable legacy/public capture	UNKNOWN STEP	2026-10-06T10:05:52.7196621Z  * [new branch]          issue-4809-accepted-comparative-cost-v1 -> origin/issue-4809-accepted-comparative-cost-v1
stable legacy/public capture	UNKNOWN STEP	2026-10-06T10:05:52.7196907Z  * [new branch]          issue-4809-accepted-disjoint-retained-v1 -> origin/issue-4809-accepted-disjoint-retained-v1
stable legacy/public capture	UNKNOWN STEP	2026-10-06T10:05:52.7197111Z  * [new branch]          issue-4809-m3-index-epoch-v1 -> origin/issue-4809-m3-index-epoch-v1
stable legacy/public capture	UNKNOWN STEP	2026-10-06T10:05:52.7197399Z  * [new branch]          issue-4809-owner-relocation-diagnostic-v1 -> origin/issue-4809-owner-relocation-diagnostic-v1
stable legacy/public capture	UNKNOWN STEP	2026-10-06T10:05:52.7197754Z  * [new branch]          issue-4809-precomputed-owner-asset-digests-sol-v1 -> origin/issue-4809-precomputed-owner-asset-digests-sol-v1
stable legacy/public capture	UNKNOWN STEP	2026-10-06T10:05:52.7198021Z  * [new branch]          issue-4809-public-compatible-model-v1 -> origin/issue-4809-public-compatible-model-v1
stable legacy/public capture	UNKNOWN STEP	2026-10-06T10:05:52.7198300Z  * [new branch]          issue-4809-public-router-counter-wire-v1 -> origin/issue-4809-public-router-counter-wire-v1
stable legacy/public capture	UNKNOWN STEP	2026-10-06T10:05:52.7198586Z  * [new branch]          issue-4809-public-scaled-correctness-v1 -> origin/issue-4809-public-scaled-correctness-v1
stable legacy/public capture	UNKNOWN STEP	2026-10-06T10:05:52.7198856Z  * [new branch]          issue-4809-retained-snapshot-install-v1 -> origin/issue-4809-retained-snapshot-install-v1
stable legacy/public capture	UNKNOWN STEP	2026-10-06T10:05:52.7199013Z  * [new branch]          issue-510-fix-002       -> origin/issue-510-fix-002
stable legacy/public capture	UNKNOWN STEP	2026-10-06T10:05:52.7199161Z  * [new branch]          issue-510-fix-003       -> origin/issue-510-fix-003
stable legacy/public capture	UNKNOWN STEP	2026-10-06T10:05:52.7199301Z  * [new branch]          issue-510-fix-004       -> origin/issue-510-fix-004
stable legacy/public capture	UNKNOWN STEP	2026-10-06T10:05:52.7199444Z  * [new branch]          issue-510-fix-005       -> origin/issue-510-fix-005
stable legacy/public capture	UNKNOWN STEP	2026-10-06T10:05:52.7199583Z  * [new branch]          issue-510-fix-006       -> origin/issue-510-fix-006
stable legacy/public capture	UNKNOWN STEP	2026-10-06T10:05:52.7199805Z  * [new branch]          issue-510-key-cache-churn-test -> origin/issue-510-key-cache-churn-test
stable legacy/public capture	UNKNOWN STEP	2026-10-06T10:05:52.7199992Z  * [new branch]          issue-510-main-iter-prefix -> origin/issue-510-main-iter-prefix
stable legacy/public capture	UNKNOWN STEP	2026-10-06T10:05:52.7200257Z  * [new branch]          issue-510-main-iter-read-nocache-003 -> origin/issue-510-main-iter-read-nocache-003
stable legacy/public capture	UNKNOWN STEP	2026-10-06T10:05:52.7200609Z  * [new branch]          issue-510-main-iter-read-parallel-004 -> origin/issue-510-main-iter-read-parallel-004
stable legacy/public capture	UNKNOWN STEP	2026-10-06T10:05:52.7200789Z  * [new branch]          issue-510-rc-readperf-002 -> origin/issue-510-rc-readperf-002
stable legacy/public capture	UNKNOWN STEP	2026-10-06T10:05:52.7201051Z  * [new branch]          issue-524-profile-dir-auto-benchprof -> origin/issue-524-profile-dir-auto-benchprof
stable legacy/public capture	UNKNOWN STEP	2026-10-06T10:05:52.7201276Z  * [new branch]          issue-524-profile-dir-inprocess -> origin/issue-524-profile-dir-inprocess
stable legacy/public capture	UNKNOWN STEP	2026-10-06T10:05:52.7201522Z  * [new branch]          issue-529-outerleaf-payload-lease -> origin/issue-529-outerleaf-payload-lease
stable legacy/public capture	UNKNOWN STEP	2026-10-06T10:05:52.7201742Z  * [new branch]          issue-529-payload-lease-rework -> origin/issue-529-payload-lease-rework
stable legacy/public capture	UNKNOWN STEP	2026-10-06T10:05:52.7202078Z  * [new branch]          leafgen/s1-snapshot-pins-and-whole-generation-gc -> origin/leafgen/s1-snapshot-pins-and-whole-generation-gc
stable legacy/public capture	UNKNOWN STEP	2026-10-06T10:05:52.7202274Z  * [new branch]          leafgen/s2-pack-efficiency -> origin/leafgen/s2-pack-efficiency
stable legacy/public capture	UNKNOWN STEP	2026-10-06T10:05:52.7202445Z  * [new branch]          leafgen/s3-perf-runtime -> origin/leafgen/s3-perf-runtime
stable legacy/public capture	UNKNOWN STEP	2026-10-06T10:05:52.7202582Z  * [new branch]          main                    -> origin/main
stable legacy/public capture	UNKNOWN STEP	2026-10-06T10:05:52.7202726Z  * [new branch]          makemaster              -> origin/makemaster
stable legacy/public capture	UNKNOWN STEP	2026-10-06T10:05:52.7202892Z  * [new branch]          master-but-only-slab    -> origin/master-but-only-slab
stable legacy/public capture	UNKNOWN STEP	2026-10-06T10:05:52.7203045Z  * [new branch]          maybe-master            -> origin/maybe-master
stable legacy/public capture	UNKNOWN STEP	2026-10-06T10:05:52.7203226Z  * [new branch]          memtable-gc-applysteal  -> origin/memtable-gc-applysteal
stable legacy/public capture	UNKNOWN STEP	2026-10-06T10:05:52.7203352Z  * [new branch]          mike                    -> origin/mike
stable legacy/public capture	UNKNOWN STEP	2026-10-06T10:05:52.7203569Z  * [new branch]          mikers/ab-stop-align-poll-next -> origin/mikers/ab-stop-align-poll-next
stable legacy/public capture	UNKNOWN STEP	2026-10-06T10:05:52.7203853Z  * [new branch]          mikers/ab-writepath-stats-next -> origin/mikers/ab-writepath-stats-next
stable legacy/public capture	UNKNOWN STEP	2026-10-06T10:05:52.7204080Z  * [new branch]          mikers/best-of-both-worlds-meta -> origin/mikers/best-of-both-worlds-meta
stable legacy/public capture	UNKNOWN STEP	2026-10-06T10:05:52.7204279Z  * [new branch]          mikers/faster-read-parallel -> origin/mikers/faster-read-parallel
stable legacy/public capture	UNKNOWN STEP	2026-10-06T10:05:52.7204455Z  * [new branch]          mikers/fixCheckpoints   -> origin/mikers/fixCheckpoints
stable legacy/public capture	UNKNOWN STEP	2026-10-06T10:05:52.7204614Z  * [new branch]          mikers/gpu-dot-fun      -> origin/mikers/gpu-dot-fun
stable legacy/public capture	UNKNOWN STEP	2026-10-06T10:05:52.7204905Z  * [new branch]          mikers/incremental-executor-base-916 -> origin/mikers/incremental-executor-base-916
stable legacy/public capture	UNKNOWN STEP	2026-10-06T10:05:52.7205269Z  * [new branch]          mikers/incremental-executor-bridge-next -> origin/mikers/incremental-executor-bridge-next
stable legacy/public capture	UNKNOWN STEP	2026-10-06T10:05:52.7205558Z  * [new branch]          mikers/incremental-executor-followup-next -> origin/mikers/incremental-executor-followup-next
stable legacy/public capture	UNKNOWN STEP	2026-10-06T10:05:52.7205918Z  * [new branch]          mikers/incremental-executor-followup-slice3-local -> origin/mikers/incremental-executor-followup-slice3-local
stable legacy/public capture	UNKNOWN STEP	2026-10-06T10:05:52.7206261Z  * [new branch]          mikers/incremental-executor-followup-slice4-local -> origin/mikers/incremental-executor-followup-slice4-local
stable legacy/public capture	UNKNOWN STEP	2026-10-06T10:05:52.7206591Z  * [new branch]          mikers/incremental-executor-followup-slice5-local -> origin/mikers/incremental-executor-followup-slice5-local
stable legacy/public capture	UNKNOWN STEP	2026-10-06T10:05:52.7206933Z  * [new branch]          mikers/incremental-executor-followup-slice6-local -> origin/mikers/incremental-executor-followup-slice6-local
stable legacy/public capture	UNKNOWN STEP	2026-10-06T10:05:52.7207280Z  * [new branch]          mikers/incremental-executor-followup-slice7b-local -> origin/mikers/incremental-executor-followup-slice7b-local
stable legacy/public capture	UNKNOWN STEP	2026-10-06T10:05:52.7207618Z  * [new branch]          mikers/incremental-executor-followup-slice8-local -> origin/mikers/incremental-executor-followup-slice8-local
stable legacy/public capture	UNKNOWN STEP	2026-10-06T10:05:52.7207959Z  * [new branch]          mikers/incremental-executor-followup-slice9-local -> origin/mikers/incremental-executor-followup-slice9-local
stable legacy/public capture	UNKNOWN STEP	2026-10-06T10:05:52.7208280Z  * [new branch]          mikers/incremental-executor-next -> origin/mikers/incremental-executor-next
stable legacy/public capture	UNKNOWN STEP	2026-10-06T10:05:52.7208435Z  * [new branch]          mikers/leaf-rc          -> origin/mikers/leaf-rc
stable legacy/public capture	UNKNOWN STEP	2026-10-06T10:05:52.7208580Z  * [new branch]          mikers/leaf-rc2         -> origin/mikers/leaf-rc2
stable legacy/public capture	UNKNOWN STEP	2026-10-06T10:05:52.7208722Z  * [new branch]          mikers/leaf-rc3         -> origin/mikers/leaf-rc3
stable legacy/public capture	UNKNOWN STEP	2026-10-06T10:05:52.7208997Z  * [new branch]          mikers/live-rewrite-effectiveness-next -> origin/mikers/live-rewrite-effectiveness-next
stable legacy/public capture	UNKNOWN STEP	2026-10-06T10:05:52.7209244Z  * [new branch]          mikers/live-rewrite-granularity-next -> origin/mikers/live-rewrite-granularity-next
stable legacy/public capture	UNKNOWN STEP	2026-10-06T10:05:52.7209582Z  * [new branch]          mikers/outer-leaf-auto-resolve-block-target-next -> origin/mikers/outer-leaf-auto-resolve-block-target-next
stable legacy/public capture	UNKNOWN STEP	2026-10-06T10:05:52.7209885Z  * [new branch]          mikers/outer-leaf-auto-resolve-current-next -> origin/mikers/outer-leaf-auto-resolve-current-next
stable legacy/public capture	UNKNOWN STEP	2026-10-06T10:05:52.7210141Z  * [new branch]          mikers/outer-leaf-auto-selector-next -> origin/mikers/outer-leaf-auto-selector-next
stable legacy/public capture	UNKNOWN STEP	2026-10-06T10:05:52.7210435Z  * [new branch]          mikers/outer-leaf-block-target-default-next -> origin/mikers/outer-leaf-block-target-default-next
stable legacy/public capture	UNKNOWN STEP	2026-10-06T10:05:52.7210695Z  * [new branch]          mikers/outer-leaf-classification-next -> origin/mikers/outer-leaf-classification-next
stable legacy/public capture	UNKNOWN STEP	2026-10-06T10:05:52.7210924Z  * [new branch]          mikers/outer-leaf-codec-lab-next -> origin/mikers/outer-leaf-codec-lab-next
stable legacy/public capture	UNKNOWN STEP	2026-10-06T10:05:52.7211167Z  * [new branch]          mikers/outer-leaf-selector-bias-next -> origin/mikers/outer-leaf-selector-bias-next
stable legacy/public capture	UNKNOWN STEP	2026-10-06T10:05:52.7211435Z  * [new branch]          mikers/outer-leaf-writepath-bench-next -> origin/mikers/outer-leaf-writepath-bench-next
stable legacy/public capture	UNKNOWN STEP	2026-10-06T10:05:52.7211810Z  * [new branch]          mikers/rewrite-fresh-plan-ranking-next -> origin/mikers/rewrite-fresh-plan-ranking-next
stable legacy/public capture	UNKNOWN STEP	2026-10-06T10:05:52.7212051Z  * [new branch]          mikers/rewrite-queued-ranking-next -> origin/mikers/rewrite-queued-ranking-next
stable legacy/public capture	UNKNOWN STEP	2026-10-06T10:05:52.7212404Z  * [new branch]          mikers/run-celestia-ab-env-consistent-light-stats -> origin/mikers/run-celestia-ab-env-consistent-light-stats
stable legacy/public capture	UNKNOWN STEP	2026-10-06T10:05:52.7212695Z  * [new branch]          mikers/run-celestia-ab-live-sampler-restore -> origin/mikers/run-celestia-ab-live-sampler-restore
stable legacy/public capture	UNKNOWN STEP	2026-10-06T10:05:52.7212930Z  * [new branch]          mikers/run-celestia-ab-pair-align -> origin/mikers/run-celestia-ab-pair-align
stable legacy/public capture	UNKNOWN STEP	2026-10-06T10:05:52.7213239Z  * [new branch]          mikers/run-celestia-ab-queued-debt-reporting -> origin/mikers/run-celestia-ab-queued-debt-reporting
stable legacy/public capture	UNKNOWN STEP	2026-10-06T10:05:52.7213463Z  * [new branch]          mikers/seg-sweep-target-bytes-fix -> origin/mikers/seg-sweep-target-bytes-fix
stable legacy/public capture	UNKNOWN STEP	2026-10-06T10:05:52.7213763Z  * [new branch]          mikers/vlog-dict-realdata-block-target-next -> origin/mikers/vlog-dict-realdata-block-target-next
stable legacy/public capture	UNKNOWN STEP	2026-10-06T10:05:52.7214058Z  * [new branch]          mikers/vlog-dict-realdata-wait-target-next -> origin/mikers/vlog-dict-realdata-wait-target-next
stable legacy/public capture	UNKNOWN STEP	2026-10-06T10:05:52.7214285Z  * [new branch]          mikers/vlog-replay-export-clean -> origin/mikers/vlog-replay-export-clean
stable legacy/public capture	UNKNOWN STEP	2026-10-06T10:05:52.7214501Z  * [new branch]          mikers/vlog-replay-export-next -> origin/mikers/vlog-replay-export-next
stable legacy/public capture	UNKNOWN STEP	2026-10-06T10:05:52.7214779Z  * [new branch]          mikers/vlog-rewrite-chunk-bootstrap-next -> origin/mikers/vlog-rewrite-chunk-bootstrap-next
stable legacy/public capture	UNKNOWN STEP	2026-10-06T10:05:52.7215058Z  * [new branch]          mikers/vlog-rewrite-chunk-cap-units-next -> origin/mikers/vlog-rewrite-chunk-cap-units-next
stable legacy/public capture	UNKNOWN STEP	2026-10-06T10:05:52.7215390Z  * [new branch]          mikers/vlog-rewrite-chunk-exec-next -> origin/mikers/vlog-rewrite-chunk-exec-next
stable legacy/public capture	UNKNOWN STEP	2026-10-06T10:05:52.7215643Z  * [new branch]          mikers/vlog-rewrite-chunk-plan-next -> origin/mikers/vlog-rewrite-chunk-plan-next
stable legacy/public capture	UNKNOWN STEP	2026-10-06T10:05:52.7216014Z  * [new branch]          mikers/vlog-rewrite-chunk-policy-next -> origin/mikers/vlog-rewrite-chunk-policy-next
stable legacy/public capture	UNKNOWN STEP	2026-10-06T10:05:52.7216291Z  * [new branch]          mikers/vlog-rewrite-chunk-progress-next -> origin/mikers/vlog-rewrite-chunk-progress-next
stable legacy/public capture	UNKNOWN STEP	2026-10-06T10:05:52.7216554Z  * [new branch]          mikers/vlog-rewrite-chunk-resume-next -> origin/mikers/vlog-rewrite-chunk-resume-next
stable legacy/public capture	UNKNOWN STEP	2026-10-06T10:05:52.7216831Z  * [new branch]          mikers/vlog-rewrite-chunk-scheduler-next -> origin/mikers/vlog-rewrite-chunk-scheduler-next
stable legacy/public capture	UNKNOWN STEP	2026-10-06T10:05:52.7217088Z  * [new branch]          mikers/vlog-rewrite-incremental-next -> origin/mikers/vlog-rewrite-incremental-next
stable legacy/public capture	UNKNOWN STEP	2026-10-06T10:05:52.7217414Z  * [new branch]          mikers/vlog-rewrite-incremental-scheduler-next -> origin/mikers/vlog-rewrite-incremental-scheduler-next
stable legacy/public capture	UNKNOWN STEP	2026-10-06T10:05:52.7217754Z  * [new branch]          mikers/vlog-rewrite-incremental-scheduler-next-v2 -> origin/mikers/vlog-rewrite-incremental-scheduler-next-v2
stable legacy/public capture	UNKNOWN STEP	2026-10-06T10:05:52.7218041Z  * [new branch]          mikers/vlog-rewrite-progress-ledger-next -> origin/mikers/vlog-rewrite-progress-ledger-next
stable legacy/public capture	UNKNOWN STEP	2026-10-06T10:05:52.7218383Z  * [new branch]          mikers/vlog-rewrite-queued-debt-efficiency-stats -> origin/mikers/vlog-rewrite-queued-debt-efficiency-stats
stable legacy/public capture	UNKNOWN STEP	2026-10-06T10:05:52.7218754Z  * [new branch]          mikers/vlog-rewrite-queued-debt-observability -> origin/mikers/vlog-rewrite-queued-debt-observability
stable legacy/public capture	UNKNOWN STEP	2026-10-06T10:05:52.7219035Z  * [new branch]          mikers/vlog-rewrite-stage-bootstrap-next -> origin/mikers/vlog-rewrite-stage-bootstrap-next
stable legacy/public capture	UNKNOWN STEP	2026-10-06T10:05:52.7219280Z  * [new branch]          mikers/vlog-scheduler-disable-reason -> origin/mikers/vlog-scheduler-disable-reason
stable legacy/public capture	UNKNOWN STEP	2026-10-06T10:05:52.7219456Z  * [new branch]          mongo-standalone        -> origin/mongo-standalone
stable legacy/public capture	UNKNOWN STEP	2026-10-06T10:05:52.7219601Z  * [new branch]          multi-core              -> origin/multi-core
stable legacy/public capture	UNKNOWN STEP	2026-10-06T10:05:52.7219840Z  * [new branch]          native-server           -> origin/native-server
stable legacy/public capture	UNKNOWN STEP	2026-10-06T10:05:52.7219996Z  * [new branch]          native-server-pr        -> origin/native-server-pr
stable legacy/public capture	UNKNOWN STEP	2026-10-06T10:05:52.7220126Z  * [new branch]          nostrings               -> origin/nostrings
stable legacy/public capture	UNKNOWN STEP	2026-10-06T10:05:52.7220364Z  * [new branch]          obs/p2-snapshot-lease-telemetry -> origin/obs/p2-snapshot-lease-telemetry
stable legacy/public capture	UNKNOWN STEP	2026-10-06T10:05:52.7220494Z  * [new branch]          old_main                -> origin/old_main
stable legacy/public capture	UNKNOWN STEP	2026-10-06T10:05:52.7220694Z  * [new branch]          opt/collections-read-alloc -> origin/opt/collections-read-alloc
stable legacy/public capture	UNKNOWN STEP	2026-10-06T10:05:52.7220941Z  * [new branch]          opt/collections-read-alloc-refresh -> origin/opt/collections-read-alloc-refresh
stable legacy/public capture	UNKNOWN STEP	2026-10-06T10:05:52.7221213Z  * [new branch]          opt/collections-secondary-grouped-runs -> origin/opt/collections-secondary-grouped-runs
stable legacy/public capture	UNKNOWN STEP	2026-10-06T10:05:52.7221530Z  * [new branch]          opt/collections-template-index-state-elision -> origin/opt/collections-template-index-state-elision
stable legacy/public capture	UNKNOWN STEP	2026-10-06T10:05:52.7221822Z  * [new branch]          opt/template-v1-collection-optimizations -> origin/opt/template-v1-collection-optimizations
stable legacy/public capture	UNKNOWN STEP	2026-10-06T10:05:52.7222110Z  * [new branch]          opt/vlog-compact-leaf-eligibility-cache -> origin/opt/vlog-compact-leaf-eligibility-cache
stable legacy/public capture	UNKNOWN STEP	2026-10-06T10:05:52.7222444Z  * [new branch]          optimize/cachekv-putnocopy-tighten -> origin/optimize/cachekv-putnocopy-tighten
stable legacy/public capture	UNKNOWN STEP	2026-10-06T10:05:52.7222660Z  * [new branch]          optimize/compaction-index-swap -> origin/optimize/compaction-index-swap
stable legacy/public capture	UNKNOWN STEP	2026-10-06T10:05:52.7223150Z  * [new branch]          optimize/compaction-index-swap+inplace-compaction-pointer-updates -> origin/optimize/compaction-index-swap+inplace-compaction-pointer-updates
stable legacy/public capture	UNKNOWN STEP	2026-10-06T10:05:52.7223496Z  * [new branch]          optimize/compaction-index-swap+inplace-split-wal -> origin/optimize/compaction-index-swap+inplace-split-wal
stable legacy/public capture	UNKNOWN STEP	2026-10-06T10:05:52.7223694Z  * [new branch]          optimize/hashdb-hash-once -> origin/optimize/hashdb-hash-once
stable legacy/public capture	UNKNOWN STEP	2026-10-06T10:05:52.7224105Z  * [new branch]          optimize/inplace-compaction-pointer-updates -> origin/optimize/inplace-compaction-pointer-updates
stable legacy/public capture	UNKNOWN STEP	2026-10-06T10:05:52.7224295Z  * [new branch]          perf/2702-scalar-u8-avx512 -> origin/perf/2702-scalar-u8-avx512
stable legacy/public capture	UNKNOWN STEP	2026-10-06T10:05:52.7224553Z  * [new branch]          perf/2820-service-vector-buffer-pool -> origin/perf/2820-service-vector-buffer-pool
stable legacy/public capture	UNKNOWN STEP	2026-10-06T10:05:52.7224776Z  * [new branch]          perf/4209-arm64-neon-paired-rows -> origin/perf/4209-arm64-neon-paired-rows
stable legacy/public capture	UNKNOWN STEP	2026-10-06T10:05:52.7225011Z  * [new branch]          perf/4223-local-vdbbench-profiler -> origin/perf/4223-local-vdbbench-profiler
stable legacy/public capture	UNKNOWN STEP	2026-10-06T10:05:52.7225294Z  * [new branch]          perf/4224-compact-visit-marks -> origin/perf/4224-compact-visit-marks
stable legacy/public capture	UNKNOWN STEP	2026-10-06T10:05:52.7225462Z  * [new branch]          perf/4225-paired-avx512 -> origin/perf/4225-paired-avx512
stable legacy/public capture	UNKNOWN STEP	2026-10-06T10:05:52.7225647Z  * [new branch]          perf/4227-scratch-capacity -> origin/perf/4227-scratch-capacity
stable legacy/public capture	UNKNOWN STEP	2026-10-06T10:05:52.7225843Z  * [new branch]          perf/4233-prepared-byte-vnni -> origin/perf/4233-prepared-byte-vnni
stable legacy/public capture	UNKNOWN STEP	2026-10-06T10:05:52.7226022Z  * [new branch]          perf/4234-scalar-u8-align -> origin/perf/4234-scalar-u8-align
stable legacy/public capture	UNKNOWN STEP	2026-10-06T10:05:52.7226190Z  * [new branch]          perf/4475-scalar-probe  -> origin/perf/4475-scalar-probe
stable legacy/public capture	UNKNOWN STEP	2026-10-06T10:05:52.7226382Z  * [new branch]          perf/4476-maintenance-reads -> origin/perf/4476-maintenance-reads
stable legacy/public capture	UNKNOWN STEP	2026-10-06T10:05:52.7226571Z  * [new branch]          perf/4477-scalar-plan-cache -> origin/perf/4477-scalar-plan-cache
stable legacy/public capture	UNKNOWN STEP	2026-10-06T10:05:52.7226751Z  * [new branch]          perf/560-p1-iterator-lease -> origin/perf/560-p1-iterator-lease
stable legacy/public capture	UNKNOWN STEP	2026-10-06T10:05:52.7226925Z  * [new branch]          perf/TODO-04-slab-mmap  -> origin/perf/TODO-04-slab-mmap
stable legacy/public capture	UNKNOWN STEP	2026-10-06T10:05:52.7227120Z  * [new branch]          perf/TODO-release-candidate -> origin/perf/TODO-release-candidate
stable legacy/public capture	UNKNOWN STEP	2026-10-06T10:05:52.7227482Z  * [new branch]          perf/arena-copy-phase2-memtable-owned-pool-20260220 -> origin/perf/arena-copy-phase2-memtable-owned-pool-20260220
stable legacy/public capture	UNKNOWN STEP	2026-10-06T10:05:52.7227798Z  * [new branch]          perf/arena-copy-sizing-20260220 -> origin/perf/arena-copy-sizing-20260220
stable legacy/public capture	UNKNOWN STEP	2026-10-06T10:05:52.7228101Z  * [new branch]          perf/batch-delete-alloc-space-pass-20260219 -> origin/perf/batch-delete-alloc-space-pass-20260219
stable legacy/public capture	UNKNOWN STEP	2026-10-06T10:05:52.7228411Z  * [new branch]          perf/batch-delete-alloc-space-pass2-20260220 -> origin/perf/batch-delete-alloc-space-pass2-20260220
stable legacy/public capture	UNKNOWN STEP	2026-10-06T10:05:52.7228872Z  * [new branch]          perf/batch-delete-arenacopy-pass3-20260220 -> origin/perf/batch-delete-arenacopy-pass3-20260220
stable legacy/public capture	UNKNOWN STEP	2026-10-06T10:05:52.7229203Z  * [new branch]          perf/benchprof-per-test-contention -> origin/perf/benchprof-per-test-contention
stable legacy/public capture	UNKNOWN STEP	2026-10-06T10:05:52.7229567Z  * [new branch]          perf/big-values         -> origin/perf/big-values
stable legacy/public capture	UNKNOWN STEP	2026-10-06T10:05:52.7229768Z  * [new branch]          perf/commit-speed       -> origin/perf/commit-speed
stable legacy/public capture	UNKNOWN STEP	2026-10-06T10:05:52.7230177Z  * [new branch]          perf/decodeStructuredKeysBounded-reducedAllocs -> origin/perf/decodeStructuredKeysBounded-reducedAllocs
stable legacy/public capture	UNKNOWN STEP	2026-10-06T10:05:52.7247025Z  * [new branch]          perf/decodeStructuredKeysBounded-reducedAllocs-arena-followup -> origin/perf/decodeStructuredKeysBounded-reducedAllocs-arena-followup
stable legacy/public capture	UNKNOWN STEP	2026-10-06T10:05:52.7247918Z  * [new branch]          perf/deep-alloc-reductions-v2-fenceptr-20260219 -> origin/perf/deep-alloc-reductions-v2-fenceptr-20260219
stable legacy/public capture	UNKNOWN STEP	2026-10-06T10:05:52.7248455Z  * [new branch]          perf/default-chunk-size-256k-main-64k-side -> origin/perf/default-chunk-size-256k-main-64k-side
stable legacy/public capture	UNKNOWN STEP	2026-10-06T10:05:52.7248824Z  * [new branch]          perf/default-v2-fenceptr-20260220 -> origin/perf/default-v2-fenceptr-20260220
stable legacy/public capture	UNKNOWN STEP	2026-10-06T10:05:52.7249142Z  * [new branch]          perf/disablewal-deleterange -> origin/perf/disablewal-deleterange
stable legacy/public capture	UNKNOWN STEP	2026-10-06T10:05:52.7249473Z  * [new branch]          perf/fastread-prune-barrier -> origin/perf/fastread-prune-barrier
stable legacy/public capture	UNKNOWN STEP	2026-10-06T10:05:52.7249802Z  * [new branch]          perf/freelist-alloc-fastpop -> origin/perf/freelist-alloc-fastpop
stable legacy/public capture	UNKNOWN STEP	2026-10-06T10:05:52.7250458Z  * [new branch]          perf/gate229-fast-flushthreshold-default -> origin/perf/gate229-fast-flushthreshold-default
stable legacy/public capture	UNKNOWN STEP	2026-10-06T10:05:52.7250908Z  * [new branch]          perf/gateway-indexed-read-cache-2337 -> origin/perf/gateway-indexed-read-cache-2337
stable legacy/public capture	UNKNOWN STEP	2026-10-06T10:05:52.7251163Z  * [new branch]          perf/getmany-worker-pool -> origin/perf/getmany-worker-pool
stable legacy/public capture	UNKNOWN STEP	2026-10-06T10:05:52.7251424Z  * [new branch]          perf/hashsorted-indexing -> origin/perf/hashsorted-indexing
stable legacy/public capture	UNKNOWN STEP	2026-10-06T10:05:52.7251808Z  * [new branch]          perf/indexed-insert-planning-2339 -> origin/perf/indexed-insert-planning-2339
stable legacy/public capture	UNKNOWN STEP	2026-10-06T10:05:52.7252319Z  * [new branch]          perf/issue-501-val-pattern-unify-20260220 -> origin/perf/issue-501-val-pattern-unify-20260220
stable legacy/public capture	UNKNOWN STEP	2026-10-06T10:05:52.7252822Z  * [new branch]          perf/issue-502-vlog-delete-reclaim-20260220 -> origin/perf/issue-502-vlog-delete-reclaim-20260220
stable legacy/public capture	UNKNOWN STEP	2026-10-06T10:05:52.7253342Z  * [new branch]          perf/issue579-failing-test-then-fix-20260221 -> origin/perf/issue579-failing-test-then-fix-20260221
stable legacy/public capture	UNKNOWN STEP	2026-10-06T10:05:52.7253970Z  * [new branch]          perf/issue581-reverse-range-forcepointers-20260221 -> origin/perf/issue581-reverse-range-forcepointers-20260221
stable legacy/public capture	UNKNOWN STEP	2026-10-06T10:05:52.7254457Z  * [new branch]          perf/issue583-fix-bit23-collision-20260221 -> origin/perf/issue583-fix-bit23-collision-20260221
stable legacy/public capture	UNKNOWN STEP	2026-10-06T10:05:52.7254740Z  * [new branch]          perf/iter-random-allocs -> origin/perf/iter-random-allocs
stable legacy/public capture	UNKNOWN STEP	2026-10-06T10:05:52.7255423Z  * [new branch]          perf/iterator-deep-review-tests-20260221 -> origin/perf/iterator-deep-review-tests-20260221
stable legacy/public capture	UNKNOWN STEP	2026-10-06T10:05:52.7255743Z  * [new branch]          perf/memtable-prealloc-cap -> origin/perf/memtable-prealloc-cap
stable legacy/public capture	UNKNOWN STEP	2026-10-06T10:05:52.7256134Z  * [new branch]          perf/no-cache-read-decode-phase1 -> origin/perf/no-cache-read-decode-phase1
stable legacy/public capture	UNKNOWN STEP	2026-10-06T10:05:52.7256670Z  * [new branch]          perf/outerleaf-decode-lease-phase1 -> origin/perf/outerleaf-decode-lease-phase1
stable legacy/public capture	UNKNOWN STEP	2026-10-06T10:05:52.7257027Z  * [new branch]          perf/outerleaf-pool-lowerbound -> origin/perf/outerleaf-pool-lowerbound
stable legacy/public capture	UNKNOWN STEP	2026-10-06T10:05:52.7257516Z  * [new branch]          perf/p1-append-only-ordered-get-fastpath -> origin/perf/p1-append-only-ordered-get-fastpath
stable legacy/public capture	UNKNOWN STEP	2026-10-06T10:05:52.7257811Z  * [new branch]          perf/p3-readbatch-on-602 -> origin/perf/p3-readbatch-on-602
stable legacy/public capture	UNKNOWN STEP	2026-10-06T10:05:52.7258144Z  * [new branch]          perf/pr590-hardening-20260221 -> origin/perf/pr590-hardening-20260221
stable legacy/public capture	UNKNOWN STEP	2026-10-06T10:05:52.7258478Z  * [new branch]          perf/pr591-hardening-20260221 -> origin/perf/pr591-hardening-20260221
stable legacy/public capture	UNKNOWN STEP	2026-10-06T10:05:52.7258832Z  * [new branch]          perf/random-read-allocs-phase1 -> origin/perf/random-read-allocs-phase1
stable legacy/public capture	UNKNOWN STEP	2026-10-06T10:05:52.7259187Z  * [new branch]          perf/random-read-allocs-phase2 -> origin/perf/random-read-allocs-phase2
stable legacy/public capture	UNKNOWN STEP	2026-10-06T10:05:52.7259539Z  * [new branch]          perf/random-read-allocs-phase3 -> origin/perf/random-read-allocs-phase3
stable legacy/public capture	UNKNOWN STEP	2026-10-06T10:05:52.7259832Z  * [new branch]          perf/read-mutex-phase1  -> origin/perf/read-mutex-phase1
stable legacy/public capture	UNKNOWN STEP	2026-10-06T10:05:52.7260089Z  * [new branch]          perf/read-path-rc1      -> origin/perf/read-path-rc1
stable legacy/public capture	UNKNOWN STEP	2026-10-06T10:05:52.7260441Z  * [new branch]          perf/read-profile-bottleneck -> origin/perf/read-profile-bottleneck
stable legacy/public capture	UNKNOWN STEP	2026-10-06T10:05:52.7260908Z  * [new branch]          perf/remove-noisy-perf-checks-20260220 -> origin/perf/remove-noisy-perf-checks-20260220
stable legacy/public capture	UNKNOWN STEP	2026-10-06T10:05:52.7261452Z  * [new branch]          perf/reverse-iterator-caching-parity-20260221 -> origin/perf/reverse-iterator-caching-parity-20260221
stable legacy/public capture	UNKNOWN STEP	2026-10-06T10:05:52.7261725Z  * [new branch]          perf/skiplist-arena     -> origin/perf/skiplist-arena
stable legacy/public capture	UNKNOWN STEP	2026-10-06T10:05:52.7262001Z  * [new branch]          perf/skiplist-chunk1mb  -> origin/perf/skiplist-chunk1mb
stable legacy/public capture	UNKNOWN STEP	2026-10-06T10:05:52.7262285Z  * [new branch]          perf/skiplist-chunk4mb  -> origin/perf/skiplist-chunk4mb
stable legacy/public capture	UNKNOWN STEP	2026-10-06T10:05:52.7262690Z  * [new branch]          perf/slab-appendmany    -> origin/perf/slab-appendmany
stable legacy/public capture	UNKNOWN STEP	2026-10-06T10:05:52.7262946Z  * [new branch]          perf/slab-mmap-async    -> origin/perf/slab-mmap-async
stable legacy/public capture	UNKNOWN STEP	2026-10-06T10:05:52.7263358Z  * [new branch]          perf/snapshot-registry-shard-hint -> origin/perf/snapshot-registry-shard-hint
stable legacy/public capture	UNKNOWN STEP	2026-10-06T10:05:52.7263768Z  * [new branch]          perf/test-hardening-563-564-20260220 -> origin/perf/test-hardening-563-564-20260220
stable legacy/public capture	UNKNOWN STEP	2026-10-06T10:05:52.7264077Z  * [new branch]          perf/tree-has-fence-seek -> origin/perf/tree-has-fence-seek
stable legacy/public capture	UNKNOWN STEP	2026-10-06T10:05:52.7264414Z  * [new branch]          perf/treedb-a1-probe-cache -> origin/perf/treedb-a1-probe-cache
stable legacy/public capture	UNKNOWN STEP	2026-10-06T10:05:52.7264833Z  * [new branch]          perf/treedb-coverage-wave1-20260221 -> origin/perf/treedb-coverage-wave1-20260221
stable legacy/public capture	UNKNOWN STEP	2026-10-06T10:05:52.7265452Z  * [new branch]          perf/treedb-coverage-wave2-encoding-20260221 -> origin/perf/treedb-coverage-wave2-encoding-20260221
stable legacy/public capture	UNKNOWN STEP	2026-10-06T10:05:52.7265834Z  * [new branch]          perf/treedb-memtable-read-index -> origin/perf/treedb-memtable-read-index
stable legacy/public capture	UNKNOWN STEP	2026-10-06T10:05:52.7266139Z  * [new branch]          perf/treedb-opt-sprint-01 -> origin/perf/treedb-opt-sprint-01
stable legacy/public capture	UNKNOWN STEP	2026-10-06T10:05:52.7266568Z  * [new branch]          perf/treedb-randread-append-fastpath -> origin/perf/treedb-randread-append-fastpath
stable legacy/public capture	UNKNOWN STEP	2026-10-06T10:05:52.7266935Z  * [new branch]          perf/treedb-randread-pass2 -> origin/perf/treedb-randread-pass2
stable legacy/public capture	UNKNOWN STEP	2026-10-06T10:05:52.7267362Z  * [new branch]          perf/treedb-randread-pass3 -> origin/perf/treedb-randread-pass3
stable legacy/public capture	UNKNOWN STEP	2026-10-06T10:05:52.7271871Z  * [new branch]          perf/treemap-coverage-phase1-20260221 -> origin/perf/treemap-coverage-phase1-20260221
stable legacy/public capture	UNKNOWN STEP	2026-10-06T10:05:52.7272589Z  * [new branch]          perf/treemap-coverage-phase2-integration-20260221 -> origin/perf/treemap-coverage-phase2-integration-20260221
stable legacy/public capture	UNKNOWN STEP	2026-10-06T10:05:52.7273232Z  * [new branch]          perf/treemap-v2-maintenance-20260220 -> origin/perf/treemap-v2-maintenance-20260220
stable legacy/public capture	UNKNOWN STEP	2026-10-06T10:05:52.7273665Z  * [new branch]          perf/unified-batch-value-read-path -> origin/perf/unified-batch-value-read-path
stable legacy/public capture	UNKNOWN STEP	2026-10-06T10:05:52.7274345Z  * [new branch]          perf/unified-bench-read-under-write-parallel-20260221 -> origin/perf/unified-bench-read-under-write-parallel-20260221
stable legacy/public capture	UNKNOWN STEP	2026-10-06T10:05:52.7274832Z  * [new branch]          perf/unified-bench-snapshot-read-writers -> origin/perf/unified-bench-snapshot-read-writers
stable legacy/public capture	UNKNOWN STEP	2026-10-06T10:05:52.7275551Z  * [new branch]          perf/v2-fenceptr-cache-default-16384 -> origin/perf/v2-fenceptr-cache-default-16384
stable legacy/public capture	UNKNOWN STEP	2026-10-06T10:05:52.7275949Z  * [new branch]          perf/value-log-append-zero-copy-2 -> origin/perf/value-log-append-zero-copy-2
stable legacy/public capture	UNKNOWN STEP	2026-10-06T10:05:52.7276310Z  * [new branch]          perf/value-reader-append-reuse -> origin/perf/value-reader-append-reuse
stable legacy/public capture	UNKNOWN STEP	2026-10-06T10:05:52.7276723Z  * [new branch]          perf/vdbbench-dense-curve-20260821 -> origin/perf/vdbbench-dense-curve-20260821
stable legacy/public capture	UNKNOWN STEP	2026-10-06T10:05:52.7277011Z  * [new branch]          perf/vlog-active-mmap   -> origin/perf/vlog-active-mmap
stable legacy/public capture	UNKNOWN STEP	2026-10-06T10:05:52.7277346Z  * [new branch]          perf/vlog-cache-fingerprint -> origin/perf/vlog-cache-fingerprint
stable legacy/public capture	UNKNOWN STEP	2026-10-06T10:05:52.7277691Z  * [new branch]          perf/vlog-cache-hit-validation -> origin/perf/vlog-cache-hit-validation
stable legacy/public capture	UNKNOWN STEP	2026-10-06T10:05:52.7278142Z  * [new branch]          perf/vlog-offset-pointer-propagation -> origin/perf/vlog-offset-pointer-propagation
stable legacy/public capture	UNKNOWN STEP	2026-10-06T10:05:52.7278492Z  * [new branch]          perf/vlog-readbarrier-timing -> origin/perf/vlog-readbarrier-timing
stable legacy/public capture	UNKNOWN STEP	2026-10-06T10:05:52.7278757Z  * [new branch]          perf/wal-reuse-writer   -> origin/perf/wal-reuse-writer
stable legacy/public capture	UNKNOWN STEP	2026-10-06T10:05:52.7279447Z  * [new branch]          perf/walonfast-batch-writeRegular-arena-allocs-20260221 -> origin/perf/walonfast-batch-writeRegular-arena-allocs-20260221
stable legacy/public capture	UNKNOWN STEP	2026-10-06T10:05:52.7279755Z  * [new branch]          phase15-compaction-vacuum -> origin/phase15-compaction-vacuum
stable legacy/public capture	UNKNOWN STEP	2026-10-06T10:05:52.7280009Z  * [new branch]          phase15-rc-01           -> origin/phase15-rc-01
stable legacy/public capture	UNKNOWN STEP	2026-10-06T10:05:52.7280371Z  * [new branch]          phase15-rc-02           -> origin/phase15-rc-02
stable legacy/public capture	UNKNOWN STEP	2026-10-06T10:05:52.7280597Z  * [new branch]          phase15-rc-03           -> origin/phase15-rc-03
stable legacy/public capture	UNKNOWN STEP	2026-10-06T10:05:52.7280811Z  * [new branch]          phase15-rc-04           -> origin/phase15-rc-04
stable legacy/public capture	UNKNOWN STEP	2026-10-06T10:05:52.7281023Z  * [new branch]          phase15-rc-05           -> origin/phase15-rc-05
stable legacy/public capture	UNKNOWN STEP	2026-10-06T10:05:52.7281271Z  * [new branch]          phase15-sprint-01       -> origin/phase15-sprint-01
stable legacy/public capture	UNKNOWN STEP	2026-10-06T10:05:52.7281511Z  * [new branch]          phase15-sprint-02       -> origin/phase15-sprint-02
stable legacy/public capture	UNKNOWN STEP	2026-10-06T10:05:52.7281754Z  * [new branch]          phase15-sprint-03       -> origin/phase15-sprint-03
stable legacy/public capture	UNKNOWN STEP	2026-10-06T10:05:52.7281997Z  * [new branch]          phase15-sprint-04       -> origin/phase15-sprint-04
stable legacy/public capture	UNKNOWN STEP	2026-10-06T10:05:52.7282234Z  * [new branch]          phase15-sprint-05       -> origin/phase15-sprint-05
stable legacy/public capture	UNKNOWN STEP	2026-10-06T10:05:52.7282466Z  * [new branch]          phase15-sprint-06       -> origin/phase15-sprint-06
stable legacy/public capture	UNKNOWN STEP	2026-10-06T10:05:52.7282693Z  * [new branch]          phase15-sprint-07       -> origin/phase15-sprint-07
stable legacy/public capture	UNKNOWN STEP	2026-10-06T10:05:52.7282934Z  * [new branch]          phase15-sprint-08       -> origin/phase15-sprint-08
stable legacy/public capture	UNKNOWN STEP	2026-10-06T10:05:52.7283163Z  * [new branch]          phase15-sprint-09       -> origin/phase15-sprint-09
stable legacy/public capture	UNKNOWN STEP	2026-10-06T10:05:52.7283392Z  * [new branch]          phase15-sprint-10       -> origin/phase15-sprint-10
stable legacy/public capture	UNKNOWN STEP	2026-10-06T10:05:52.7283636Z  * [new branch]          phase15-sprint-11       -> origin/phase15-sprint-11
stable legacy/public capture	UNKNOWN STEP	2026-10-06T10:05:52.7283873Z  * [new branch]          phase15-sprint-12       -> origin/phase15-sprint-12
stable legacy/public capture	UNKNOWN STEP	2026-10-06T10:05:52.7284117Z  * [new branch]          phase15-sprint-13       -> origin/phase15-sprint-13
stable legacy/public capture	UNKNOWN STEP	2026-10-06T10:05:52.7284344Z  * [new branch]          phase15-sprint-14       -> origin/phase15-sprint-14
stable legacy/public capture	UNKNOWN STEP	2026-10-06T10:05:52.7284704Z  * [new branch]          phase15-sprint-15       -> origin/phase15-sprint-15
stable legacy/public capture	UNKNOWN STEP	2026-10-06T10:05:52.7284954Z  * [new branch]          phase15-sprint-16       -> origin/phase15-sprint-16
stable legacy/public capture	UNKNOWN STEP	2026-10-06T10:05:52.7285323Z  * [new branch]          phase15-sprint-17       -> origin/phase15-sprint-17
stable legacy/public capture	UNKNOWN STEP	2026-10-06T10:05:52.7285573Z  * [new branch]          phase15-sprint-18       -> origin/phase15-sprint-18
stable legacy/public capture	UNKNOWN STEP	2026-10-06T10:05:52.7285802Z  * [new branch]          phase15-sprint-19       -> origin/phase15-sprint-19
stable legacy/public capture	UNKNOWN STEP	2026-10-06T10:05:52.7286033Z  * [new branch]          phase15-sprint-20       -> origin/phase15-sprint-20
stable legacy/public capture	UNKNOWN STEP	2026-10-06T10:05:52.7286261Z  * [new branch]          phase15-sprint-21       -> origin/phase15-sprint-21
stable legacy/public capture	UNKNOWN STEP	2026-10-06T10:05:52.7286495Z  * [new branch]          phase15-sprint-22       -> origin/phase15-sprint-22
stable legacy/public capture	UNKNOWN STEP	2026-10-06T10:05:52.7286721Z  * [new branch]          phase15-sprint-23       -> origin/phase15-sprint-23
stable legacy/public capture	UNKNOWN STEP	2026-10-06T10:05:52.7286945Z  * [new branch]          phase15-sprint-24       -> origin/phase15-sprint-24
stable legacy/public capture	UNKNOWN STEP	2026-10-06T10:05:52.7287191Z  * [new branch]          phase15-sprint-25       -> origin/phase15-sprint-25
stable legacy/public capture	UNKNOWN STEP	2026-10-06T10:05:52.7287439Z  * [new branch]          phase15-sprint-26       -> origin/phase15-sprint-26
stable legacy/public capture	UNKNOWN STEP	2026-10-06T10:05:52.7287676Z  * [new branch]          phase15-sprint-27       -> origin/phase15-sprint-27
stable legacy/public capture	UNKNOWN STEP	2026-10-06T10:05:52.7287905Z  * [new branch]          phase15-sprint-28       -> origin/phase15-sprint-28
stable legacy/public capture	UNKNOWN STEP	2026-10-06T10:05:52.7288133Z  * [new branch]          phase15-sprint-29       -> origin/phase15-sprint-29
stable legacy/public capture	UNKNOWN STEP	2026-10-06T10:05:52.7288347Z  * [new branch]          phase15-sprint-30       -> origin/phase15-sprint-30
stable legacy/public capture	UNKNOWN STEP	2026-10-06T10:05:52.7288577Z  * [new branch]          phase15-sprint-31       -> origin/phase15-sprint-31
stable legacy/public capture	UNKNOWN STEP	2026-10-06T10:05:52.7288817Z  * [new branch]          phase15-sprint-32       -> origin/phase15-sprint-32
stable legacy/public capture	UNKNOWN STEP	2026-10-06T10:05:52.7289051Z  * [new branch]          phase15-sprint-33       -> origin/phase15-sprint-33
stable legacy/public capture	UNKNOWN STEP	2026-10-06T10:05:52.7289306Z  * [new branch]          phase15-sprint-34       -> origin/phase15-sprint-34
stable legacy/public capture	UNKNOWN STEP	2026-10-06T10:05:52.7289667Z  * [new branch]          phase15-sprint-35       -> origin/phase15-sprint-35
stable legacy/public capture	UNKNOWN STEP	2026-10-06T10:05:52.7289928Z  * [new branch]          phase15-sprint-36       -> origin/phase15-sprint-36
stable legacy/public capture	UNKNOWN STEP	2026-10-06T10:05:52.7290187Z  * [new branch]          phase15-sprint-37       -> origin/phase15-sprint-37
stable legacy/public capture	UNKNOWN STEP	2026-10-06T10:05:52.7290432Z  * [new branch]          phase15-sprint-38       -> origin/phase15-sprint-38
stable legacy/public capture	UNKNOWN STEP	2026-10-06T10:05:52.7290677Z  * [new branch]          phase15-sprint-39       -> origin/phase15-sprint-39
stable legacy/public capture	UNKNOWN STEP	2026-10-06T10:05:52.7290906Z  * [new branch]          phase15-sprint-40       -> origin/phase15-sprint-40
stable legacy/public capture	UNKNOWN STEP	2026-10-06T10:05:52.7291150Z  * [new branch]          phase15-sprint-41       -> origin/phase15-sprint-41
stable legacy/public capture	UNKNOWN STEP	2026-10-06T10:05:52.7291392Z  * [new branch]          phase16-rc-01           -> origin/phase16-rc-01
stable legacy/public capture	UNKNOWN STEP	2026-10-06T10:05:52.7291637Z  * [new branch]          phase16-sprint-01       -> origin/phase16-sprint-01
stable legacy/public capture	UNKNOWN STEP	2026-10-06T10:05:52.7291892Z  * [new branch]          phase16-sprint-02       -> origin/phase16-sprint-02
stable legacy/public capture	UNKNOWN STEP	2026-10-06T10:05:52.7292128Z  * [new branch]          phase16-sprint-03       -> origin/phase16-sprint-03
stable legacy/public capture	UNKNOWN STEP	2026-10-06T10:05:52.7292370Z  * [new branch]          phase16-sprint-04       -> origin/phase16-sprint-04
stable legacy/public capture	UNKNOWN STEP	2026-10-06T10:05:52.7292612Z  * [new branch]          phase16-sprint-05       -> origin/phase16-sprint-05
stable legacy/public capture	UNKNOWN STEP	2026-10-06T10:05:52.7292851Z  * [new branch]          phase16-sprint-06       -> origin/phase16-sprint-06
stable legacy/public capture	UNKNOWN STEP	2026-10-06T10:05:52.7293089Z  * [new branch]          phase16-sprint-07       -> origin/phase16-sprint-07
stable legacy/public capture	UNKNOWN STEP	2026-10-06T10:05:52.7293326Z  * [new branch]          phase16-sprint-08       -> origin/phase16-sprint-08
stable legacy/public capture	UNKNOWN STEP	2026-10-06T10:05:52.7293572Z  * [new branch]          phase16-sprint-09       -> origin/phase16-sprint-09
stable legacy/public capture	UNKNOWN STEP	2026-10-06T10:05:52.7293811Z  * [new branch]          phase16-sprint-10       -> origin/phase16-sprint-10
stable legacy/public capture	UNKNOWN STEP	2026-10-06T10:05:52.7294052Z  * [new branch]          phase16-sprint-11       -> origin/phase16-sprint-11
stable legacy/public capture	UNKNOWN STEP	2026-10-06T10:05:52.7294423Z  * [new branch]          phase16-sprint-12       -> origin/phase16-sprint-12
stable legacy/public capture	UNKNOWN STEP	2026-10-06T10:05:52.7294665Z  * [new branch]          phase16-sprint-13       -> origin/phase16-sprint-13
stable legacy/public capture	UNKNOWN STEP	2026-10-06T10:05:52.7294904Z  * [new branch]          phase16-sprint-14       -> origin/phase16-sprint-14
stable legacy/public capture	UNKNOWN STEP	2026-10-06T10:05:52.7295135Z  * [new branch]          phase16-sprint-15       -> origin/phase16-sprint-15
stable legacy/public capture	UNKNOWN STEP	2026-10-06T10:05:52.7295562Z  * [new branch]          phase16-sprint-16       -> origin/phase16-sprint-16
stable legacy/public capture	UNKNOWN STEP	2026-10-06T10:05:52.7295805Z  * [new branch]          phase16-sprint-17       -> origin/phase16-sprint-17
stable legacy/public capture	UNKNOWN STEP	2026-10-06T10:05:52.7296041Z  * [new branch]          phase17-rc-01           -> origin/phase17-rc-01
stable legacy/public capture	UNKNOWN STEP	2026-10-06T10:05:52.7296298Z  * [new branch]          phase17-rc-vi-gc        -> origin/phase17-rc-vi-gc
stable legacy/public capture	UNKNOWN STEP	2026-10-06T10:05:52.7296531Z  * [new branch]          phase17-sprint-01       -> origin/phase17-sprint-01
stable legacy/public capture	UNKNOWN STEP	2026-10-06T10:05:52.7296768Z  * [new branch]          phase17-sprint-02       -> origin/phase17-sprint-02
stable legacy/public capture	UNKNOWN STEP	2026-10-06T10:05:52.7297005Z  * [new branch]          phase17-sprint-03       -> origin/phase17-sprint-03
stable legacy/public capture	UNKNOWN STEP	2026-10-06T10:05:52.7297232Z  * [new branch]          pi/2825-m0              -> origin/pi/2825-m0
stable legacy/public capture	UNKNOWN STEP	2026-10-06T10:05:52.7297455Z  * [new branch]          pi/2826-m1              -> origin/pi/2826-m1
stable legacy/public capture	UNKNOWN STEP	2026-10-06T10:05:52.7297661Z  * [new branch]          pi/2827-m2              -> origin/pi/2827-m2
stable legacy/public capture	UNKNOWN STEP	2026-10-06T10:05:52.7297871Z  * [new branch]          pi/2828-m3              -> origin/pi/2828-m3
stable legacy/public capture	UNKNOWN STEP	2026-10-06T10:05:52.7298070Z  * [new branch]          pi/2829-m4              -> origin/pi/2829-m4
stable legacy/public capture	UNKNOWN STEP	2026-10-06T10:05:52.7298282Z  * [new branch]          pi/2830-m5              -> origin/pi/2830-m5
stable legacy/public capture	UNKNOWN STEP	2026-10-06T10:05:52.7298482Z  * [new branch]          pi/2831-m6              -> origin/pi/2831-m6
stable legacy/public capture	UNKNOWN STEP	2026-10-06T10:05:52.7298694Z  * [new branch]          pi/2832-m7              -> origin/pi/2832-m7
stable legacy/public capture	UNKNOWN STEP	2026-10-06T10:05:52.7298905Z  * [new branch]          pi/2902-m2              -> origin/pi/2902-m2
stable legacy/public capture	UNKNOWN STEP	2026-10-06T10:05:52.7299102Z  * [new branch]          pi/2903-m3              -> origin/pi/2903-m3
stable legacy/public capture	UNKNOWN STEP	2026-10-06T10:05:52.7299435Z  * [new branch]          pi/2904-m4              -> origin/pi/2904-m4
stable legacy/public capture	UNKNOWN STEP	2026-10-06T10:05:52.7299674Z  * [new branch]          pi/2905-m5-retry        -> origin/pi/2905-m5-retry
stable legacy/public capture	UNKNOWN STEP	2026-10-06T10:05:52.7299945Z  * [new branch]          pi/2907-m7-final-gate   -> origin/pi/2907-m7-final-gate
stable legacy/public capture	UNKNOWN STEP	2026-10-06T10:05:52.7300222Z  * [new branch]          pi/2913-shared-frontier -> origin/pi/2913-shared-frontier
stable legacy/public capture	UNKNOWN STEP	2026-10-06T10:05:52.7300480Z  * [new branch]          pi/2916-final-blocker   -> origin/pi/2916-final-blocker
stable legacy/public capture	UNKNOWN STEP	2026-10-06T10:05:52.7300742Z  * [new branch]          pi/2920-leaf-log-output -> origin/pi/2920-leaf-log-output
stable legacy/public capture	UNKNOWN STEP	2026-10-06T10:05:52.7301087Z  * [new branch]          pi/2926-leaf-log-lane-contract -> origin/pi/2926-leaf-log-lane-contract
stable legacy/public capture	UNKNOWN STEP	2026-10-06T10:05:52.7301474Z  * [new branch]          pi/2927-leaf-log-writer-substrate -> origin/pi/2927-leaf-log-writer-substrate
stable legacy/public capture	UNKNOWN STEP	2026-10-06T10:05:52.7301904Z  * [new branch]          pi/2928-span-native-leaf-log-routing -> origin/pi/2928-span-native-leaf-log-routing
stable legacy/public capture	UNKNOWN STEP	2026-10-06T10:05:52.7302318Z  * [new branch]          pi/2929-leaf-log-lanes-gc-hardening -> origin/pi/2929-leaf-log-lanes-gc-hardening
stable legacy/public capture	UNKNOWN STEP	2026-10-06T10:05:52.7302773Z  * [new branch]          pi/2930-leaf-log-lanes-profile-optimize -> origin/pi/2930-leaf-log-lanes-profile-optimize
stable legacy/public capture	UNKNOWN STEP	2026-10-06T10:05:52.7303152Z  * [new branch]          pi/2931-leaf-log-lanes-final-gate -> origin/pi/2931-leaf-log-lanes-final-gate
stable legacy/public capture	UNKNOWN STEP	2026-10-06T10:05:52.7303562Z  * [new branch]          pi/2932-leaf-log-lane-observability -> origin/pi/2932-leaf-log-lane-observability
stable legacy/public capture	UNKNOWN STEP	2026-10-06T10:05:52.7304035Z  * [new branch]          pi/2933-leaf-log-lanes-query-guardrails -> origin/pi/2933-leaf-log-lanes-query-guardrails
stable legacy/public capture	UNKNOWN STEP	2026-10-06T10:05:52.7304539Z  * [new branch]          pi/2934-leaf-log-lanes-lifecycle-footprint -> origin/pi/2934-leaf-log-lanes-lifecycle-footprint
stable legacy/public capture	UNKNOWN STEP	2026-10-06T10:05:52.7305353Z  * [new branch]          pi/2945-checkpoint-wait-productivity-counters -> origin/pi/2945-checkpoint-wait-productivity-counters
stable legacy/public capture	UNKNOWN STEP	2026-10-06T10:05:52.7305711Z  * [new branch]          pi/2960-apply-allocation-churn -> origin/pi/2960-apply-allocation-churn
stable legacy/public capture	UNKNOWN STEP	2026-10-06T10:05:52.7306038Z  * [new branch]          pi/2974-c8-default-promotion -> origin/pi/2974-c8-default-promotion
stable legacy/public capture	UNKNOWN STEP	2026-10-06T10:05:52.7306319Z  * [new branch]          pi/2990-one-worker-range -> origin/pi/2990-one-worker-range
stable legacy/public capture	UNKNOWN STEP	2026-10-06T10:05:52.7306624Z  * [new branch]          pi/2991-leaf-ref-cache-noop -> origin/pi/2991-leaf-ref-cache-noop
stable legacy/public capture	UNKNOWN STEP	2026-10-06T10:05:52.7306977Z  * [new branch]          pi/2996-default-policy-manager -> origin/pi/2996-default-policy-manager
stable legacy/public capture	UNKNOWN STEP	2026-10-06T10:05:52.7307311Z  * [new branch]          pivot/clean-anchor-642cfeaa51 -> origin/pivot/clean-anchor-642cfeaa51
stable legacy/public capture	UNKNOWN STEP	2026-10-06T10:05:52.7307636Z  * [new branch]          pivot/compression-wal-sync -> origin/pivot/compression-wal-sync
stable legacy/public capture	UNKNOWN STEP	2026-10-06T10:05:52.7307986Z  * [new branch]          pivot/from-backup-cherrypicks -> origin/pivot/from-backup-cherrypicks
stable legacy/public capture	UNKNOWN STEP	2026-10-06T10:05:52.7308252Z  * [new branch]          pivot/safe-candidate    -> origin/pivot/safe-candidate
stable legacy/public capture	UNKNOWN STEP	2026-10-06T10:05:52.7308491Z  * [new branch]          pr-994-review           -> origin/pr-994-review
stable legacy/public capture	UNKNOWN STEP	2026-10-06T10:05:52.7308867Z  * [new branch]          pr/618-v1-leaflog-mode-guardrails -> origin/pr/618-v1-leaflog-mode-guardrails
stable legacy/public capture	UNKNOWN STEP	2026-10-06T10:05:52.7309192Z  * [new branch]          pr/619-v1-leaflog-read-path -> origin/pr/619-v1-leaflog-read-path
stable legacy/public capture	UNKNOWN STEP	2026-10-06T10:05:52.7309558Z  * [new branch]          pr/620-v1-leaflog-write-atomicity -> origin/pr/620-v1-leaflog-write-atomicity
stable legacy/public capture	UNKNOWN STEP	2026-10-06T10:05:52.7309984Z  * [new branch]          pr/621-v1-leaflog-structural-parity -> origin/pr/621-v1-leaflog-structural-parity
stable legacy/public capture	UNKNOWN STEP	2026-10-06T10:05:52.7310363Z  * [new branch]          pr/622-v1-leaflog-iterator-parity -> origin/pr/622-v1-leaflog-iterator-parity
stable legacy/public capture	UNKNOWN STEP	2026-10-06T10:05:52.7310778Z  * [new branch]          pr/623-v1-leaflog-gc-rewrite-recovery -> origin/pr/623-v1-leaflog-gc-rewrite-recovery
stable legacy/public capture	UNKNOWN STEP	2026-10-06T10:05:52.7311230Z  * [new branch]          pr/624-v1-leaflog-perf-docs -> origin/pr/624-v1-leaflog-perf-docs
stable legacy/public capture	UNKNOWN STEP	2026-10-06T10:05:52.7311543Z  * [new branch]          pr/681-append-only-hotpath -> origin/pr/681-append-only-hotpath
stable legacy/public capture	UNKNOWN STEP	2026-10-06T10:05:52.7311832Z  * [new branch]          pr/681-appendonly-decay -> origin/pr/681-appendonly-decay
stable legacy/public capture	UNKNOWN STEP	2026-10-06T10:05:52.7312127Z  * [new branch]          pr/681-batch-arena-budget -> origin/pr/681-batch-arena-budget
stable legacy/public capture	UNKNOWN STEP	2026-10-06T10:05:52.7312396Z  * [new branch]          pr/681-batch-arena-clamp -> origin/pr/681-batch-arena-clamp
stable legacy/public capture	UNKNOWN STEP	2026-10-06T10:05:52.7312784Z  * [new branch]          pr/681-batch-arena-ownership -> origin/pr/681-batch-arena-ownership
stable legacy/public capture	UNKNOWN STEP	2026-10-06T10:05:52.7313040Z  * [new branch]          pr/681-batch-size-hint  -> origin/pr/681-batch-size-hint
stable legacy/public capture	UNKNOWN STEP	2026-10-06T10:05:52.7313384Z  * [new branch]          pr/681-batch-split-vlog-values -> origin/pr/681-batch-split-vlog-values
stable legacy/public capture	UNKNOWN STEP	2026-10-06T10:05:52.7313671Z  * [new branch]          pr/681-btree-entry-ptr  -> origin/pr/681-btree-entry-ptr
stable legacy/public capture	UNKNOWN STEP	2026-10-06T10:05:52.7313950Z  * [new branch]          pr/681-entryslice-budget -> origin/pr/681-entryslice-budget
stable legacy/public capture	UNKNOWN STEP	2026-10-06T10:05:52.7314210Z  * [new branch]          pr/681-safe-get-copy    -> origin/pr/681-safe-get-copy
stable legacy/public capture	UNKNOWN STEP	2026-10-06T10:05:52.7314565Z  * [new branch]          pr/681-vlog-reader-scan-noalloc -> origin/pr/681-vlog-reader-scan-noalloc
stable legacy/public capture	UNKNOWN STEP	2026-10-06T10:05:52.7314888Z  * [new branch]          pr/681-vlog-writer-no-bufio -> origin/pr/681-vlog-writer-no-bufio
stable legacy/public capture	UNKNOWN STEP	2026-10-06T10:05:52.7315439Z  * [new branch]          pr/688-phase10-secondary-index-roots -> origin/pr/688-phase10-secondary-index-roots
stable legacy/public capture	UNKNOWN STEP	2026-10-06T10:05:52.7315908Z  * [new branch]          pr/688-phase11-multi-root-atomic-publish -> origin/pr/688-phase11-multi-root-atomic-publish
stable legacy/public capture	UNKNOWN STEP	2026-10-06T10:05:52.7316186Z  * [new branch]          pr/688-phase12-closeout -> origin/pr/688-phase12-closeout
stable legacy/public capture	UNKNOWN STEP	2026-10-06T10:05:52.7316613Z  * [new branch]          pr/688-phase13-collections-benchmarks -> origin/pr/688-phase13-collections-benchmarks
stable legacy/public capture	UNKNOWN STEP	2026-10-06T10:05:52.7317098Z  * [new branch]          pr/688-phase14-collections-perf -> origin/pr/688-phase14-collections-perf
stable legacy/public capture	UNKNOWN STEP	2026-10-06T10:05:52.7317377Z  * [new branch]          pr/688-phase15-db-perf  -> origin/pr/688-phase15-db-perf
stable legacy/public capture	UNKNOWN STEP	2026-10-06T10:05:52.7317675Z  * [new branch]          pr/688-phase16-zipper-perf -> origin/pr/688-phase16-zipper-perf
stable legacy/public capture	UNKNOWN STEP	2026-10-06T10:05:52.7318029Z  * [new branch]          pr/688-phase17-throughput-perf -> origin/pr/688-phase17-throughput-perf
stable legacy/public capture	UNKNOWN STEP	2026-10-06T10:05:52.7318366Z  * [new branch]          pr/688-phase18-vlog-read-perf -> origin/pr/688-phase18-vlog-read-perf
stable legacy/public capture	UNKNOWN STEP	2026-10-06T10:05:52.7318770Z  * [new branch]          pr/688-phase19-indexed-delete-perf -> origin/pr/688-phase19-indexed-delete-perf
stable legacy/public capture	UNKNOWN STEP	2026-10-06T10:05:52.7319205Z  * [new branch]          pr/688-phase2-collection-primary-vlog -> origin/pr/688-phase2-collection-primary-vlog
stable legacy/public capture	UNKNOWN STEP	2026-10-06T10:05:52.7319738Z  * [new branch]          pr/688-phase20-collections-cached-api-matrix -> origin/pr/688-phase20-collections-cached-api-matrix
stable legacy/public capture	UNKNOWN STEP	2026-10-06T10:05:52.7320175Z  * [new branch]          pr/688-phase21-cached-reopen-matrix -> origin/pr/688-phase21-cached-reopen-matrix
stable legacy/public capture	UNKNOWN STEP	2026-10-06T10:05:52.7320562Z  * [new branch]          pr/688-phase22-cached-system-root -> origin/pr/688-phase22-cached-system-root
stable legacy/public capture	UNKNOWN STEP	2026-10-06T10:05:52.7321003Z  * [new branch]          pr/688-phase23-cached-named-root-reads -> origin/pr/688-phase23-cached-named-root-reads
stable legacy/public capture	UNKNOWN STEP	2026-10-06T10:05:52.7321469Z  * [new branch]          pr/688-phase24-cached-multi-root-publish -> origin/pr/688-phase24-cached-multi-root-publish
stable legacy/public capture	UNKNOWN STEP	2026-10-06T10:05:52.7321972Z  * [new branch]          pr/688-phase25-collections-cached-default -> origin/pr/688-phase25-collections-cached-default
stable legacy/public capture	UNKNOWN STEP	2026-10-06T10:05:52.7322410Z  * [new branch]          pr/688-phase26-unique-prefix-fastpath -> origin/pr/688-phase26-unique-prefix-fastpath
stable legacy/public capture	UNKNOWN STEP	2026-10-06T10:05:52.7322812Z  * [new branch]          pr/688-phase27-named-root-memtable -> origin/pr/688-phase27-named-root-memtable
stable legacy/public capture	UNKNOWN STEP	2026-10-06T10:05:52.7323438Z  * [new branch]          pr/688-phase28-named-root-prefix-memtable -> origin/pr/688-phase28-named-root-prefix-memtable
stable legacy/public capture	UNKNOWN STEP	2026-10-06T10:05:52.7323845Z  * [new branch]          pr/688-phase29-named-root-iterators -> origin/pr/688-phase29-named-root-iterators
stable legacy/public capture	UNKNOWN STEP	2026-10-06T10:05:52.7324190Z  * [new branch]          pr/688-phase3-secondary-index -> origin/pr/688-phase3-secondary-index
stable legacy/public capture	UNKNOWN STEP	2026-10-06T10:05:52.7324595Z  * [new branch]          pr/688-phase30-shared-root-memtable -> origin/pr/688-phase30-shared-root-memtable
stable legacy/public capture	UNKNOWN STEP	2026-10-06T10:05:52.7325053Z  * [new branch]          pr/688-phase31-staging-descriptor-perf -> origin/pr/688-phase31-staging-descriptor-perf
stable legacy/public capture	UNKNOWN STEP	2026-10-06T10:05:52.7325645Z  * [new branch]          pr/688-phase32-owned-staging-writes -> origin/pr/688-phase32-owned-staging-writes
stable legacy/public capture	UNKNOWN STEP	2026-10-06T10:05:52.7326096Z  * [new branch]          pr/688-phase33-native-named-root-flush -> origin/pr/688-phase33-native-named-root-flush
stable legacy/public capture	UNKNOWN STEP	2026-10-06T10:05:52.7326436Z  * [new branch]          pr/688-phase34-root-bulk-ops -> origin/pr/688-phase34-root-bulk-ops
stable legacy/public capture	UNKNOWN STEP	2026-10-06T10:05:52.7326901Z  * [new branch]          pr/688-phase35-collection-batch-ingest -> origin/pr/688-phase35-collection-batch-ingest
stable legacy/public capture	UNKNOWN STEP	2026-10-06T10:05:52.7327319Z  * [new branch]          pr/688-phase36-named-root-stream-flush -> origin/pr/688-phase36-named-root-stream-flush
stable legacy/public capture	UNKNOWN STEP	2026-10-06T10:05:52.7327692Z  * [new branch]          pr/688-phase37-root-stream-apply -> origin/pr/688-phase37-root-stream-apply
stable legacy/public capture	UNKNOWN STEP	2026-10-06T10:05:52.7328143Z  * [new branch]          pr/688-phase38-batch-ingest-iterators -> origin/pr/688-phase38-batch-ingest-iterators
stable legacy/public capture	UNKNOWN STEP	2026-10-06T10:05:52.7328571Z  * [new branch]          pr/688-phase39-warm-root-merge-apply -> origin/pr/688-phase39-warm-root-merge-apply
stable legacy/public capture	UNKNOWN STEP	2026-10-06T10:05:52.7329000Z  * [new branch]          pr/688-phase4-transaction-coherence -> origin/pr/688-phase4-transaction-coherence
stable legacy/public capture	UNKNOWN STEP	2026-10-06T10:05:52.7329411Z  * [new branch]          pr/688-phase40-named-root-flush-model -> origin/pr/688-phase40-named-root-flush-model
stable legacy/public capture	UNKNOWN STEP	2026-10-06T10:05:52.7329952Z  * [new branch]          pr/688-phase41-batch-native-probes -> origin/pr/688-phase41-batch-native-probes
stable legacy/public capture	UNKNOWN STEP	2026-10-06T10:05:52.7330375Z  * [new branch]          pr/688-phase42-warm-root-merge-apply -> origin/pr/688-phase42-warm-root-merge-apply
stable legacy/public capture	UNKNOWN STEP	2026-10-06T10:05:52.7330782Z  * [new branch]          pr/688-phase43-named-root-flush-units -> origin/pr/688-phase43-named-root-flush-units
stable legacy/public capture	UNKNOWN STEP	2026-10-06T10:05:52.7331108Z  * [new branch]          pr/688-phase44-root-domains -> origin/pr/688-phase44-root-domains
stable legacy/public capture	UNKNOWN STEP	2026-10-06T10:05:52.7331486Z  * [new branch]          pr/688-phase45-root-domain-flush -> origin/pr/688-phase45-root-domain-flush
stable legacy/public capture	UNKNOWN STEP	2026-10-06T10:05:52.7331891Z  * [new branch]          pr/688-phase46-root-native-publish -> origin/pr/688-phase46-root-native-publish
stable legacy/public capture	UNKNOWN STEP	2026-10-06T10:05:52.7332346Z  * [new branch]          pr/688-phase47-collections-native-batch -> origin/pr/688-phase47-collections-native-batch
stable legacy/public capture	UNKNOWN STEP	2026-10-06T10:05:52.7332718Z  * [new branch]          pr/688-phase48-named-root-domains -> origin/pr/688-phase48-named-root-domains
stable legacy/public capture	UNKNOWN STEP	2026-10-06T10:05:52.7333148Z  * [new branch]          pr/688-phase49-root-domain-scheduler -> origin/pr/688-phase49-root-domain-scheduler
stable legacy/public capture	UNKNOWN STEP	2026-10-06T10:05:52.7333451Z  * [new branch]          pr/688-phase5-recovery-gc -> origin/pr/688-phase5-recovery-gc
stable legacy/public capture	UNKNOWN STEP	2026-10-06T10:05:52.7333839Z  * [new branch]          pr/688-phase50-root-domain-publish -> origin/pr/688-phase50-root-domain-publish
stable legacy/public capture	UNKNOWN STEP	2026-10-06T10:05:52.7334249Z  * [new branch]          pr/688-phase51-root-domain-manager -> origin/pr/688-phase51-root-domain-manager
stable legacy/public capture	UNKNOWN STEP	2026-10-06T10:05:52.7334674Z  * [new branch]          pr/688-phase52-root-domain-lifecycle -> origin/pr/688-phase52-root-domain-lifecycle
stable legacy/public capture	UNKNOWN STEP	2026-10-06T10:05:52.7335053Z  * [new branch]          pr/688-phase6-docs-observability -> origin/pr/688-phase6-docs-observability
stable legacy/public capture	UNKNOWN STEP	2026-10-06T10:05:52.7335507Z  * [new branch]          pr/688-phase7-ops-hardening -> origin/pr/688-phase7-ops-hardening
stable legacy/public capture	UNKNOWN STEP	2026-10-06T10:05:52.7335836Z  * [new branch]          pr/688-phase8-root-catalog -> origin/pr/688-phase8-root-catalog
stable legacy/public capture	UNKNOWN STEP	2026-10-06T10:05:52.7336365Z  * [new branch]          pr/688-phase9-primary-root-store -> origin/pr/688-phase9-primary-root-store
stable legacy/public capture	UNKNOWN STEP	2026-10-06T10:05:52.7336723Z  * [new branch]          pr/762-assert-idle-lane-rotation -> origin/pr/762-assert-idle-lane-rotation
stable legacy/public capture	UNKNOWN STEP	2026-10-06T10:05:52.7337055Z  * [new branch]          pr/762-byte-budgeted-rewrite -> origin/pr/762-byte-budgeted-rewrite
stable legacy/public capture	UNKNOWN STEP	2026-10-06T10:05:52.7337413Z  * [new branch]          pr/762-checkpoint-kick-gc-gate -> origin/pr/762-checkpoint-kick-gc-gate
stable legacy/public capture	UNKNOWN STEP	2026-10-06T10:05:52.7337667Z  * [new branch]          pr/762-ci-runtime       -> origin/pr/762-ci-runtime
stable legacy/public capture	UNKNOWN STEP	2026-10-06T10:05:52.7337960Z  * [new branch]          pr/762-db-no-vlog-rescan -> origin/pr/762-db-no-vlog-rescan
stable legacy/public capture	UNKNOWN STEP	2026-10-06T10:05:52.7338225Z  * [new branch]          pr/762-easy-followups   -> origin/pr/762-easy-followups
stable legacy/public capture	UNKNOWN STEP	2026-10-06T10:05:52.7338478Z  * [new branch]          pr/762-l0-audit-debt    -> origin/pr/762-l0-audit-debt
stable legacy/public capture	UNKNOWN STEP	2026-10-06T10:05:52.7338756Z  * [new branch]          pr/762-l0-debt-assertions -> origin/pr/762-l0-debt-assertions
stable legacy/public capture	UNKNOWN STEP	2026-10-06T10:05:52.7339040Z  * [new branch]          pr/762-l0-rewrite-planner -> origin/pr/762-l0-rewrite-planner
stable legacy/public capture	UNKNOWN STEP	2026-10-06T10:05:52.7339291Z  * [new branch]          pr/762-maint-v2-ledger  -> origin/pr/762-maint-v2-ledger
stable legacy/public capture	UNKNOWN STEP	2026-10-06T10:05:52.7339636Z  * [new branch]          pr/762-maintenance-telemetry -> origin/pr/762-maintenance-telemetry
stable legacy/public capture	UNKNOWN STEP	2026-10-06T10:05:52.7339906Z  * [new branch]          pr/762-maintenance-v2   -> origin/pr/762-maintenance-v2
stable legacy/public capture	UNKNOWN STEP	2026-10-06T10:05:52.7340237Z  * [new branch]          pr/762-maintenance-v2-phase1 -> origin/pr/762-maintenance-v2-phase1
stable legacy/public capture	UNKNOWN STEP	2026-10-06T10:05:52.7340538Z  * [new branch]          pr/762-phase1-debt-ledger -> origin/pr/762-phase1-debt-ledger
stable legacy/public capture	UNKNOWN STEP	2026-10-06T10:05:52.7340796Z  * [new branch]          pr/762-prune-coupling   -> origin/pr/762-prune-coupling
stable legacy/public capture	UNKNOWN STEP	2026-10-06T10:05:52.7341153Z  * [new branch]          pr/762-resumable-gc-queue-clean -> origin/pr/762-resumable-gc-queue-clean
stable legacy/public capture	UNKNOWN STEP	2026-10-06T10:05:52.7341732Z  * [new branch]          pr/762-resumable-maintenance-queue -> origin/pr/762-resumable-maintenance-queue
stable legacy/public capture	UNKNOWN STEP	2026-10-06T10:05:52.7342018Z  * [new branch]          pr/762-rewrite-followups -> origin/pr/762-rewrite-followups
stable legacy/public capture	UNKNOWN STEP	2026-10-06T10:05:52.7342350Z  * [new branch]          pr/762-rewrite-plan-cadence -> origin/pr/762-rewrite-plan-cadence
stable legacy/public capture	UNKNOWN STEP	2026-10-06T10:05:52.7342689Z  * [new branch]          pr/762-rewrite-selection-bytes -> origin/pr/762-rewrite-selection-bytes
stable legacy/public capture	UNKNOWN STEP	2026-10-06T10:05:52.7343116Z  * [new branch]          pr/762-wal-on-checkpoint-kick-clean -> origin/pr/762-wal-on-checkpoint-kick-clean
stable legacy/public capture	UNKNOWN STEP	2026-10-06T10:05:52.7343348Z  * [new branch]          pr/809-808              -> origin/pr/809-808
stable legacy/public capture	UNKNOWN STEP	2026-10-06T10:05:52.7343588Z  * [new branch]          pr/809-808-batch-v2     -> origin/pr/809-808-batch-v2
stable legacy/public capture	UNKNOWN STEP	2026-10-06T10:05:52.7343825Z  * [new branch]          pr/809-808-vlog-v2      -> origin/pr/809-808-vlog-v2
stable legacy/public capture	UNKNOWN STEP	2026-10-06T10:05:52.7344082Z  * [new branch]          pr/809-808-zipper-v2    -> origin/pr/809-808-zipper-v2
stable legacy/public capture	UNKNOWN STEP	2026-10-06T10:05:52.7344398Z  * [new branch]          pr/943-replay-floor-metrics -> origin/pr/943-replay-floor-metrics
stable legacy/public capture	UNKNOWN STEP	2026-10-06T10:05:52.7344698Z  * [new branch]          pr/943-restore-like-bench -> origin/pr/943-restore-like-bench
stable legacy/public capture	UNKNOWN STEP	2026-10-06T10:05:52.7345098Z  * [new branch]          pr/943-retained-prune-convergence -> origin/pr/943-retained-prune-convergence
stable legacy/public capture	UNKNOWN STEP	2026-10-06T10:05:52.7345534Z  * [new branch]          pr/943-walon-steady-resume -> origin/pr/943-walon-steady-resume
stable legacy/public capture	UNKNOWN STEP	2026-10-06T10:05:52.7345859Z  * [new branch]          pr/948-runtime-debt-contract -> origin/pr/948-runtime-debt-contract
stable legacy/public capture	UNKNOWN STEP	2026-10-06T10:05:52.7346212Z  * [new branch]          pr/950-online-rewrite-throughput -> origin/pr/950-online-rewrite-throughput
stable legacy/public capture	UNKNOWN STEP	2026-10-06T10:05:52.7346641Z  * [new branch]          pr/append-only-lease-trim-pool-reuse -> origin/pr/append-only-lease-trim-pool-reuse
stable legacy/public capture	UNKNOWN STEP	2026-10-06T10:05:52.7347086Z  * [new branch]          pr/append-only-retention-entry-hint -> origin/pr/append-only-retention-entry-hint
stable legacy/public capture	UNKNOWN STEP	2026-10-06T10:05:52.7347749Z  * [new branch]          pr/appendonly-direct-arena-adaptive-retain -> origin/pr/appendonly-direct-arena-adaptive-retain
stable legacy/public capture	UNKNOWN STEP	2026-10-06T10:05:52.7348152Z  * [new branch]          pr/appendonly-direct-borrow-gate -> origin/pr/appendonly-direct-borrow-gate
stable legacy/public capture	UNKNOWN STEP	2026-10-06T10:05:52.7348560Z  * [new branch]          pr/appendonly-direct-writer-pool -> origin/pr/appendonly-direct-writer-pool
stable legacy/public capture	UNKNOWN STEP	2026-10-06T10:05:52.7348939Z  * [new branch]          pr/appendonly-entry-reuse-depth -> origin/pr/appendonly-entry-reuse-depth
stable legacy/public capture	UNKNOWN STEP	2026-10-06T10:05:52.7349273Z  * [new branch]          pr/appendonly-observed-seed -> origin/pr/appendonly-observed-seed
stable legacy/public capture	UNKNOWN STEP	2026-10-06T10:05:52.7349703Z  * [new branch]          pr/appendonly-reset-retain-observed -> origin/pr/appendonly-reset-retain-observed
stable legacy/public capture	UNKNOWN STEP	2026-10-06T10:05:52.7350048Z  * [new branch]          pr/batch-arena-reserve-tuning -> origin/pr/batch-arena-reserve-tuning
stable legacy/public capture	UNKNOWN STEP	2026-10-06T10:05:52.7350425Z  * [new branch]          pr/batch-arena-tail-compaction -> origin/pr/batch-arena-tail-compaction
stable legacy/public capture	UNKNOWN STEP	2026-10-06T10:05:52.7350660Z  * [new branch]          pr/batch-mem            -> origin/pr/batch-mem
stable legacy/public capture	UNKNOWN STEP	2026-10-06T10:05:52.7350948Z  * [new branch]          pr/batch-reserve-tuning -> origin/pr/batch-reserve-tuning
stable legacy/public capture	UNKNOWN STEP	2026-10-06T10:05:52.7351292Z  * [new branch]          pr/compression-849-850-merge -> origin/pr/compression-849-850-merge
stable legacy/public capture	UNKNOWN STEP	2026-10-06T10:05:52.7351661Z  * [new branch]          pr/compression-sanity-followup -> origin/pr/compression-sanity-followup
stable legacy/public capture	UNKNOWN STEP	2026-10-06T10:05:52.7351961Z  * [new branch]          pr/contract-clarity-docs -> origin/pr/contract-clarity-docs
stable legacy/public capture	UNKNOWN STEP	2026-10-06T10:05:52.7352601Z  * [new branch]          pr/direct-arena-retention-telemetry-oldest-eviction -> origin/pr/direct-arena-retention-telemetry-oldest-eviction
stable legacy/public capture	UNKNOWN STEP	2026-10-06T10:05:52.7352930Z  * [new branch]          pr/disk-compression-sanity -> origin/pr/disk-compression-sanity
stable legacy/public capture	UNKNOWN STEP	2026-10-06T10:05:52.7353226Z  * [new branch]          pr/entry-slice-hot-reuse -> origin/pr/entry-slice-hot-reuse
stable legacy/public capture	UNKNOWN STEP	2026-10-06T10:05:52.7353748Z  * [new branch]          pr/entry-slice-lease-trim-recycle -> origin/pr/entry-slice-lease-trim-recycle
stable legacy/public capture	UNKNOWN STEP	2026-10-06T10:05:52.7354162Z  * [new branch]          pr/entry-slice-telemetry-counters -> origin/pr/entry-slice-telemetry-counters
stable legacy/public capture	UNKNOWN STEP	2026-10-06T10:05:52.7354534Z  * [new branch]          pr/fast-generation-quiet-cancel -> origin/pr/fast-generation-quiet-cancel
stable legacy/public capture	UNKNOWN STEP	2026-10-06T10:05:52.7354919Z  * [new branch]          pr/fast-leafref-coalesce-guard -> origin/pr/fast-leafref-coalesce-guard
stable legacy/public capture	UNKNOWN STEP	2026-10-06T10:05:52.7355433Z  * [new branch]          pr/fast-maintenance-quiet-window -> origin/pr/fast-maintenance-quiet-window
stable legacy/public capture	UNKNOWN STEP	2026-10-06T10:05:52.7356062Z  * [new branch]          pr/fast-restore-visibility-and-sparse-index-repair -> origin/pr/fast-restore-visibility-and-sparse-index-repair
stable legacy/public capture	UNKNOWN STEP	2026-10-06T10:05:52.7356410Z  * [new branch]          pr/fast-unsynced-vlog-flush -> origin/pr/fast-unsynced-vlog-flush
stable legacy/public capture	UNKNOWN STEP	2026-10-06T10:05:52.7356756Z  * [new branch]          pr/fast-waloff-sync-coalescing -> origin/pr/fast-waloff-sync-coalescing
stable legacy/public capture	UNKNOWN STEP	2026-10-06T10:05:52.7357231Z  * [new branch]          pr/foreground-read-quiet-maintenance -> origin/pr/foreground-read-quiet-maintenance
stable legacy/public capture	UNKNOWN STEP	2026-10-06T10:05:52.7357535Z  * [new branch]          pr/get-cap-trim-retention -> origin/pr/get-cap-trim-retention
stable legacy/public capture	UNKNOWN STEP	2026-10-06T10:05:52.7358118Z  * [new branch]          pr/incremental-rewrite-scheduler-instrumentation -> origin/pr/incremental-rewrite-scheduler-instrumentation
stable legacy/public capture	UNKNOWN STEP	2026-10-06T10:05:52.7358718Z  * [new branch]          pr/incremental-vlog-rewrite-architecture-pass-1 -> origin/pr/incremental-vlog-rewrite-architecture-pass-1
stable legacy/public capture	UNKNOWN STEP	2026-10-06T10:05:52.7359308Z  * [new branch]          pr/incremental-vlog-rewrite-architecture-pass-2 -> origin/pr/incremental-vlog-rewrite-architecture-pass-2
stable legacy/public capture	UNKNOWN STEP	2026-10-06T10:05:52.7359875Z  * [new branch]          pr/incremental-vlog-rewrite-architecture-pass-3 -> origin/pr/incremental-vlog-rewrite-architecture-pass-3
stable legacy/public capture	UNKNOWN STEP	2026-10-06T10:05:52.7360446Z  * [new branch]          pr/incremental-vlog-rewrite-architecture-pass-4 -> origin/pr/incremental-vlog-rewrite-architecture-pass-4
stable legacy/public capture	UNKNOWN STEP	2026-10-06T10:05:52.7361145Z  * [new branch]          pr/incremental-vlog-rewrite-architecture-pass-5 -> origin/pr/incremental-vlog-rewrite-architecture-pass-5
stable legacy/public capture	UNKNOWN STEP	2026-10-06T10:05:52.7361749Z  * [new branch]          pr/incremental-vlog-rewrite-architecture-pass-6 -> origin/pr/incremental-vlog-rewrite-architecture-pass-6
stable legacy/public capture	UNKNOWN STEP	2026-10-06T10:05:52.7362319Z  * [new branch]          pr/incremental-vlog-rewrite-architecture-pass-7 -> origin/pr/incremental-vlog-rewrite-architecture-pass-7
stable legacy/public capture	UNKNOWN STEP	2026-10-06T10:05:52.7362968Z  * [new branch]          pr/incremental-vlog-rewrite-instrumentation-pass-15 -> origin/pr/incremental-vlog-rewrite-instrumentation-pass-15
stable legacy/public capture	UNKNOWN STEP	2026-10-06T10:05:52.7363626Z  * [new branch]          pr/incremental-vlog-rewrite-instrumentation-pass-16 -> origin/pr/incremental-vlog-rewrite-instrumentation-pass-16
stable legacy/public capture	UNKNOWN STEP	2026-10-06T10:05:52.7364356Z  * [new branch]          pr/incremental-vlog-rewrite-instrumentation-pass-16-stack -> origin/pr/incremental-vlog-rewrite-instrumentation-pass-16-stack
stable legacy/public capture	UNKNOWN STEP	2026-10-06T10:05:52.7364786Z  * [new branch]          pr/incremental-vlog-rewrite-lab-1 -> origin/pr/incremental-vlog-rewrite-lab-1
stable legacy/public capture	UNKNOWN STEP	2026-10-06T10:05:52.7365446Z  * [new branch]          pr/incremental-vlog-rewrite-next-pass-1 -> origin/pr/incremental-vlog-rewrite-next-pass-1
stable legacy/public capture	UNKNOWN STEP	2026-10-06T10:05:52.7365942Z  * [new branch]          pr/incremental-vlog-rewrite-next-pass-10 -> origin/pr/incremental-vlog-rewrite-next-pass-10
stable legacy/public capture	UNKNOWN STEP	2026-10-06T10:05:52.7366424Z  * [new branch]          pr/incremental-vlog-rewrite-next-pass-11 -> origin/pr/incremental-vlog-rewrite-next-pass-11
stable legacy/public capture	UNKNOWN STEP	2026-10-06T10:05:52.7366880Z  * [new branch]          pr/incremental-vlog-rewrite-next-pass-12 -> origin/pr/incremental-vlog-rewrite-next-pass-12
stable legacy/public capture	UNKNOWN STEP	2026-10-06T10:05:52.7367345Z  * [new branch]          pr/incremental-vlog-rewrite-next-pass-13 -> origin/pr/incremental-vlog-rewrite-next-pass-13
stable legacy/public capture	UNKNOWN STEP	2026-10-06T10:05:52.7367823Z  * [new branch]          pr/incremental-vlog-rewrite-next-pass-2 -> origin/pr/incremental-vlog-rewrite-next-pass-2
stable legacy/public capture	UNKNOWN STEP	2026-10-06T10:05:52.7368428Z  * [new branch]          pr/incremental-vlog-rewrite-next-pass-3 -> origin/pr/incremental-vlog-rewrite-next-pass-3
stable legacy/public capture	UNKNOWN STEP	2026-10-06T10:05:52.7368914Z  * [new branch]          pr/incremental-vlog-rewrite-next-pass-4 -> origin/pr/incremental-vlog-rewrite-next-pass-4
stable legacy/public capture	UNKNOWN STEP	2026-10-06T10:05:52.7369370Z  * [new branch]          pr/incremental-vlog-rewrite-next-pass-5 -> origin/pr/incremental-vlog-rewrite-next-pass-5
stable legacy/public capture	UNKNOWN STEP	2026-10-06T10:05:52.7369829Z  * [new branch]          pr/incremental-vlog-rewrite-next-pass-6 -> origin/pr/incremental-vlog-rewrite-next-pass-6
stable legacy/public capture	UNKNOWN STEP	2026-10-06T10:05:52.7370322Z  * [new branch]          pr/incremental-vlog-rewrite-next-pass-7 -> origin/pr/incremental-vlog-rewrite-next-pass-7
stable legacy/public capture	UNKNOWN STEP	2026-10-06T10:05:52.7370770Z  * [new branch]          pr/incremental-vlog-rewrite-next-pass-8 -> origin/pr/incremental-vlog-rewrite-next-pass-8
stable legacy/public capture	UNKNOWN STEP	2026-10-06T10:05:52.7371246Z  * [new branch]          pr/incremental-vlog-rewrite-next-pass-9 -> origin/pr/incremental-vlog-rewrite-next-pass-9
stable legacy/public capture	UNKNOWN STEP	2026-10-06T10:05:52.7371558Z  * [new branch]          pr/leafref-checksum-skip -> origin/pr/leafref-checksum-skip
stable legacy/public capture	UNKNOWN STEP	2026-10-06T10:05:52.7371926Z  * [new branch]          pr/live-vacuum-observability -> origin/pr/live-vacuum-observability
stable legacy/public capture	UNKNOWN STEP	2026-10-06T10:05:52.7372293Z  * [new branch]          pr/native-document-template-v1 -> origin/pr/native-document-template-v1
stable legacy/public capture	UNKNOWN STEP	2026-10-06T10:05:52.7372709Z  * [new branch]          pr/native-fastpath-prep-main-sync -> origin/pr/native-fastpath-prep-main-sync
stable legacy/public capture	UNKNOWN STEP	2026-10-06T10:05:52.7373154Z  * [new branch]          pr/native-fastpath-prep-main-sync-v2 -> origin/pr/native-fastpath-prep-main-sync-v2
stable legacy/public capture	UNKNOWN STEP	2026-10-06T10:05:52.7373601Z  * [new branch]          pr/native-fastpath-r0-oracle-baseline -> origin/pr/native-fastpath-r0-oracle-baseline
stable legacy/public capture	UNKNOWN STEP	2026-10-06T10:05:52.7374105Z  * [new branch]          pr/native-fastpath-r0-oracle-baseline-v2 -> origin/pr/native-fastpath-r0-oracle-baseline-v2
stable legacy/public capture	UNKNOWN STEP	2026-10-06T10:05:52.7374524Z  * [new branch]          pr/native-fastpath-r1-root-runs-v2 -> origin/pr/native-fastpath-r1-root-runs-v2
stable legacy/public capture	UNKNOWN STEP	2026-10-06T10:05:52.7375094Z  * [new branch]          pr/native-fastpath-r10-planner-nonjson -> origin/pr/native-fastpath-r10-planner-nonjson
stable legacy/public capture	UNKNOWN STEP	2026-10-06T10:05:52.7375691Z  * [new branch]          pr/native-fastpath-r11-bulk-run-append -> origin/pr/native-fastpath-r11-bulk-run-append
stable legacy/public capture	UNKNOWN STEP	2026-10-06T10:05:52.7376216Z  * [new branch]          pr/native-fastpath-r12-ordered-index-state -> origin/pr/native-fastpath-r12-ordered-index-state
stable legacy/public capture	UNKNOWN STEP	2026-10-06T10:05:52.7376737Z  * [new branch]          pr/native-fastpath-r13-user-story-summary -> origin/pr/native-fastpath-r13-user-story-summary
stable legacy/public capture	UNKNOWN STEP	2026-10-06T10:05:52.7377221Z  * [new branch]          pr/native-fastpath-r14-profile-artifacts -> origin/pr/native-fastpath-r14-profile-artifacts
stable legacy/public capture	UNKNOWN STEP	2026-10-06T10:05:52.7377670Z  * [new branch]          pr/native-fastpath-r15-timed-profiles -> origin/pr/native-fastpath-r15-timed-profiles
stable legacy/public capture	UNKNOWN STEP	2026-10-06T10:05:52.7378161Z  * [new branch]          pr/native-fastpath-r16-checkpoint-split -> origin/pr/native-fastpath-r16-checkpoint-split
stable legacy/public capture	UNKNOWN STEP	2026-10-06T10:05:52.7378798Z  * [new branch]          pr/native-fastpath-r17-backend-checkpoint-boundary -> origin/pr/native-fastpath-r17-backend-checkpoint-boundary
stable legacy/public capture	UNKNOWN STEP	2026-10-06T10:05:52.7379364Z  * [new branch]          pr/native-fastpath-r18-sync-concurrency-probe -> origin/pr/native-fastpath-r18-sync-concurrency-probe
stable legacy/public capture	UNKNOWN STEP	2026-10-06T10:05:52.7379848Z  * [new branch]          pr/native-fastpath-r19-chunk-size-matrix -> origin/pr/native-fastpath-r19-chunk-size-matrix
stable legacy/public capture	UNKNOWN STEP	2026-10-06T10:05:52.7380285Z  * [new branch]          pr/native-fastpath-r2-vector-probes -> origin/pr/native-fastpath-r2-vector-probes
stable legacy/public capture	UNKNOWN STEP	2026-10-06T10:05:52.7380754Z  * [new branch]          pr/native-fastpath-r21-trainer-compare -> origin/pr/native-fastpath-r21-trainer-compare
stable legacy/public capture	UNKNOWN STEP	2026-10-06T10:05:52.7381214Z  * [new branch]          pr/native-fastpath-r22-append-encoding -> origin/pr/native-fastpath-r22-append-encoding
stable legacy/public capture	UNKNOWN STEP	2026-10-06T10:05:52.7381754Z  * [new branch]          pr/native-fastpath-r23-single-value-fastpath -> origin/pr/native-fastpath-r23-single-value-fastpath
stable legacy/public capture	UNKNOWN STEP	2026-10-06T10:05:52.7382344Z  * [new branch]          pr/native-fastpath-r3-grouped-publish -> origin/pr/native-fastpath-r3-grouped-publish
stable legacy/public capture	UNKNOWN STEP	2026-10-06T10:05:52.7382748Z  * [new branch]          pr/native-fastpath-r4-warm-apply -> origin/pr/native-fastpath-r4-warm-apply
stable legacy/public capture	UNKNOWN STEP	2026-10-06T10:05:52.7383191Z  * [new branch]          pr/native-fastpath-r5-batch-planner -> origin/pr/native-fastpath-r5-batch-planner
stable legacy/public capture	UNKNOWN STEP	2026-10-06T10:05:52.7383670Z  * [new branch]          pr/native-fastpath-r8-counter-evidence -> origin/pr/native-fastpath-r8-counter-evidence
stable legacy/public capture	UNKNOWN STEP	2026-10-06T10:05:52.7384195Z  * [new branch]          pr/native-fastpath-r9-harness-optimization -> origin/pr/native-fastpath-r9-harness-optimization
stable legacy/public capture	UNKNOWN STEP	2026-10-06T10:05:52.7384564Z  * [new branch]          pr/optimize-reads-decoderecord -> origin/pr/optimize-reads-decoderecord
stable legacy/public capture	UNKNOWN STEP	2026-10-06T10:05:52.7384932Z  * [new branch]          pr/optimize-reads-frame-layout -> origin/pr/optimize-reads-frame-layout
stable legacy/public capture	UNKNOWN STEP	2026-10-06T10:05:52.7385474Z  * [new branch]          pr/optimize-reads-payload-scratch -> origin/pr/optimize-reads-payload-scratch
stable legacy/public capture	UNKNOWN STEP	2026-10-06T10:05:52.7385874Z  * [new branch]          pr/optimize-reads-remap-exhausted -> origin/pr/optimize-reads-remap-exhausted
stable legacy/public capture	UNKNOWN STEP	2026-10-06T10:05:52.7386386Z  * [new branch]          pr/optimize-reads-single-entry-cache-skip -> origin/pr/optimize-reads-single-entry-cache-skip
stable legacy/public capture	UNKNOWN STEP	2026-10-06T10:05:52.7386719Z  * [new branch]          pr/page-checksum-zero-field -> origin/pr/page-checksum-zero-field
stable legacy/public capture	UNKNOWN STEP	2026-10-06T10:05:52.7387100Z  * [new branch]          pr/read-retry-refresh-hardening -> origin/pr/read-retry-refresh-hardening
stable legacy/public capture	UNKNOWN STEP	2026-10-06T10:05:52.7387455Z  * [new branch]          pr/readappend-fallback-reuse -> origin/pr/readappend-fallback-reuse
stable legacy/public capture	UNKNOWN STEP	2026-10-06T10:05:52.7387764Z  * [new branch]          pr/retained-prune-no-stall -> origin/pr/retained-prune-no-stall
stable legacy/public capture	UNKNOWN STEP	2026-10-06T10:05:52.7388177Z  * [new branch]          pr/rewrite-alloc-microbench-pass1 -> origin/pr/rewrite-alloc-microbench-pass1
stable legacy/public capture	UNKNOWN STEP	2026-10-06T10:05:52.7388499Z  * [new branch]          pr/rewrite-plan-state-cache -> origin/pr/rewrite-plan-state-cache
stable legacy/public capture	UNKNOWN STEP	2026-10-06T10:05:52.7388905Z  * [new branch]          pr/rss-postfix-polish   -> origin/pr/rss-postfix-polish
stable legacy/public capture	UNKNOWN STEP	2026-10-06T10:05:52.7389267Z  * [new branch]          pr/rss-pressure-pool-governor -> origin/pr/rss-pressure-pool-governor
stable legacy/public capture	UNKNOWN STEP	2026-10-06T10:05:52.7389566Z  * [new branch]          pr/rss-vlog-map-residency -> origin/pr/rss-vlog-map-residency
stable legacy/public capture	UNKNOWN STEP	2026-10-06T10:05:52.7390088Z  * [new branch]          pr/run-celestia-ab-light-capacity-snapshots -> origin/pr/run-celestia-ab-light-capacity-snapshots
stable legacy/public capture	UNKNOWN STEP	2026-10-06T10:05:52.7390447Z  * [new branch]          pr/treedb-dict-auto-bootstrap -> origin/pr/treedb-dict-auto-bootstrap
stable legacy/public capture	UNKNOWN STEP	2026-10-06T10:05:52.7390713Z  * [new branch]          pr/treedb-open-unify    -> origin/pr/treedb-open-unify
stable legacy/public capture	UNKNOWN STEP	2026-10-06T10:05:52.7391016Z  * [new branch]          pr/treedb-vlog-writer-mem -> origin/pr/treedb-vlog-writer-mem
stable legacy/public capture	UNKNOWN STEP	2026-10-06T10:05:52.7391382Z  * [new branch]          pr/treemap-vlog-gc-dict-lookup -> origin/pr/treemap-vlog-gc-dict-lookup
stable legacy/public capture	UNKNOWN STEP	2026-10-06T10:05:52.7391750Z  * [new branch]          pr/valuelog-batch-alloc-churn -> origin/pr/valuelog-batch-alloc-churn
stable legacy/public capture	UNKNOWN STEP	2026-10-06T10:05:52.7392224Z  * [new branch]          pr/valuelog-decode-scratch-holder-pool -> origin/pr/valuelog-decode-scratch-holder-pool
stable legacy/public capture	UNKNOWN STEP	2026-10-06T10:05:52.7392523Z  * [new branch]          pr/vlog-decode-allocs-v2 -> origin/pr/vlog-decode-allocs-v2
stable legacy/public capture	UNKNOWN STEP	2026-10-06T10:05:52.7392850Z  * [new branch]          pr/vlog-decode-buffer-reuse -> origin/pr/vlog-decode-buffer-reuse
stable legacy/public capture	UNKNOWN STEP	2026-10-06T10:05:52.7393269Z  * [new branch]          pr/vlog-decode-large-scratch-pool -> origin/pr/vlog-decode-large-scratch-pool
stable legacy/public capture	UNKNOWN STEP	2026-10-06T10:05:52.7393580Z  * [new branch]          pr/vlog-decode-scratch-v2 -> origin/pr/vlog-decode-scratch-v2
stable legacy/public capture	UNKNOWN STEP	2026-10-06T10:05:52.7394027Z  * [new branch]          pr/vlog-decode-zipper-leafref-append -> origin/pr/vlog-decode-zipper-leafref-append
stable legacy/public capture	UNKNOWN STEP	2026-10-06T10:05:52.7394496Z  * [new branch]          pr/vlog-generation-live-maint-signals -> origin/pr/vlog-generation-live-maint-signals
stable legacy/public capture	UNKNOWN STEP	2026-10-06T10:05:52.7394956Z  * [new branch]          pr/vlog-generation-selftune -> origin/pr/vlog-generation-selftune
stable legacy/public capture	UNKNOWN STEP	2026-10-06T10:05:52.7395376Z  * [new branch]          pr/vlog-maint-a-plus-c  -> origin/pr/vlog-maint-a-plus-c
stable legacy/public capture	UNKNOWN STEP	2026-10-06T10:05:52.7395719Z  * [new branch]          pr/vlog-maint-a-plus-c-local -> origin/pr/vlog-maint-a-plus-c-local
stable legacy/public capture	UNKNOWN STEP	2026-10-06T10:05:52.7396087Z  * [new branch]          pr/vlog-maint-v2-phasehook-base -> origin/pr/vlog-maint-v2-phasehook-base
stable legacy/public capture	UNKNOWN STEP	2026-10-06T10:05:52.7396501Z  * [new branch]          pr/vlog-maint-v2-phasehook-mainline -> origin/pr/vlog-maint-v2-phasehook-mainline
stable legacy/public capture	UNKNOWN STEP	2026-10-06T10:05:52.7396846Z  * [new branch]          pr/vlog-maint-v2-runtime-debt -> origin/pr/vlog-maint-v2-runtime-debt
stable legacy/public capture	UNKNOWN STEP	2026-10-06T10:05:52.7397187Z  * [new branch]          pr/vlog-mmap-expvar-telemetry -> origin/pr/vlog-mmap-expvar-telemetry
stable legacy/public capture	UNKNOWN STEP	2026-10-06T10:05:52.7397570Z  * [new branch]          pr/vlog-mmap-sealed-byte-budget -> origin/pr/vlog-mmap-sealed-byte-budget
stable legacy/public capture	UNKNOWN STEP	2026-10-06T10:05:52.7397929Z  * [new branch]          pr/vlog-mmap-telemetry-split -> origin/pr/vlog-mmap-telemetry-split
stable legacy/public capture	UNKNOWN STEP	2026-10-06T10:05:52.7398319Z  * [new branch]          pr/vlog-reader-readnext-scratch -> origin/pr/vlog-reader-readnext-scratch
stable legacy/public capture	UNKNOWN STEP	2026-10-06T10:05:52.7398657Z  * [new branch]          pr/vlog-readnextmeta-noalloc -> origin/pr/vlog-readnextmeta-noalloc
stable legacy/public capture	UNKNOWN STEP	2026-10-06T10:05:52.7399153Z  * [new branch]          pr/vlog-rewrite-debt-drain-cap-overrides -> origin/pr/vlog-rewrite-debt-drain-cap-overrides
stable legacy/public capture	UNKNOWN STEP	2026-10-06T10:05:52.7399553Z  * [new branch]          pr/vlog-rewrite-incremental-loop -> origin/pr/vlog-rewrite-incremental-loop
stable legacy/public capture	UNKNOWN STEP	2026-10-06T10:05:52.7399911Z  * [new branch]          pr/vlog-rewrite-leafrefs-online -> origin/pr/vlog-rewrite-leafrefs-online
stable legacy/public capture	UNKNOWN STEP	2026-10-06T10:05:52.7400232Z  * [new branch]          pr/vlog-rewrite-next-pass -> origin/pr/vlog-rewrite-next-pass
stable legacy/public capture	UNKNOWN STEP	2026-10-06T10:05:52.7400564Z  * [new branch]          pr/vlog-rewrite-next-pass-2 -> origin/pr/vlog-rewrite-next-pass-2
stable legacy/public capture	UNKNOWN STEP	2026-10-06T10:05:52.7400882Z  * [new branch]          pr/vlog-rewrite-next-pass-3 -> origin/pr/vlog-rewrite-next-pass-3
stable legacy/public capture	UNKNOWN STEP	2026-10-06T10:05:52.7401314Z  * [new branch]          pr/vlog-rewrite-next-pass-4 -> origin/pr/vlog-rewrite-next-pass-4
stable legacy/public capture	UNKNOWN STEP	2026-10-06T10:05:52.7401726Z  * [new branch]          pr/vlog-sealed-lazy-mmap-stat-churn -> origin/pr/vlog-sealed-lazy-mmap-stat-churn
stable legacy/public capture	UNKNOWN STEP	2026-10-06T10:05:52.7401992Z  * [new branch]          pr/vlog-writer-mem      -> origin/pr/vlog-writer-mem
stable legacy/public capture	UNKNOWN STEP	2026-10-06T10:05:52.7402262Z  * [new branch]          pr/zipper-leaf-cache    -> origin/pr/zipper-leaf-cache
stable legacy/public capture	UNKNOWN STEP	2026-10-06T10:05:52.7402645Z  * [new branch]          pr/zipper-node-wrapper-scratch -> origin/pr/zipper-node-wrapper-scratch
stable legacy/public capture	UNKNOWN STEP	2026-10-06T10:05:52.7403094Z  * [new branch]          pr/zipper-nodeview-scratch-standalone -> origin/pr/zipper-nodeview-scratch-standalone
stable legacy/public capture	UNKNOWN STEP	2026-10-06T10:05:52.7403463Z  * [new branch]          pr/zipper-scratch-reuse-tuning -> origin/pr/zipper-scratch-reuse-tuning
stable legacy/public capture	UNKNOWN STEP	2026-10-06T10:05:52.7403821Z  * [new branch]          pr1-getmany-parallel-workers -> origin/pr1-getmany-parallel-workers
stable legacy/public capture	UNKNOWN STEP	2026-10-06T10:05:52.7404224Z  * [new branch]          pr1/treedb-maintenance-mode-format -> origin/pr1/treedb-maintenance-mode-format
stable legacy/public capture	UNKNOWN STEP	2026-10-06T10:05:52.7404663Z  * [new branch]          pr1b/treedb-maintenance-mode-format -> origin/pr1b/treedb-maintenance-mode-format
stable legacy/public capture	UNKNOWN STEP	2026-10-06T10:05:52.7405033Z  * [new branch]          pr2-treedb-read-workers-sweep -> origin/pr2-treedb-read-workers-sweep
stable legacy/public capture	UNKNOWN STEP	2026-10-06T10:05:52.7405622Z  * [new branch]          pr2/treedb-maintenance-format-wiring -> origin/pr2/treedb-maintenance-format-wiring
stable legacy/public capture	UNKNOWN STEP	2026-10-06T10:05:52.7406033Z  * [new branch]          pr3/treedb-remove-outer-leaf-mode -> origin/pr3/treedb-remove-outer-leaf-mode
stable legacy/public capture	UNKNOWN STEP	2026-10-06T10:05:52.7406345Z  * [new branch]          rc/treedb-pointer-compress -> origin/rc/treedb-pointer-compress
stable legacy/public capture	UNKNOWN STEP	2026-10-06T10:05:52.7406729Z  * [new branch]          rc/treedb-pointer-compress+maint -> origin/rc/treedb-pointer-compress+maint
stable legacy/public capture	UNKNOWN STEP	2026-10-06T10:05:52.7407136Z  * [new branch]          rc/vlog-dict-throughput -> origin/rc/vlog-dict-throughput
stable legacy/public capture	UNKNOWN STEP	2026-10-06T10:05:52.7407424Z  * [new branch]          refactor/wal-on-off-only -> origin/refactor/wal-on-off-only
stable legacy/public capture	UNKNOWN STEP	2026-10-06T10:05:52.7407722Z  * [new branch]          replace-crc32-with-asm  -> origin/replace-crc32-with-asm
stable legacy/public capture	UNKNOWN STEP	2026-10-06T10:05:52.7407935Z  * [new branch]          reportfix               -> origin/reportfix
stable legacy/public capture	UNKNOWN STEP	2026-10-06T10:05:52.7408197Z  * [new branch]          resizeImprovements      -> origin/resizeImprovements
stable legacy/public capture	UNKNOWN STEP	2026-10-06T10:05:52.7408465Z  * [new branch]          routing-mode-cleanup    -> origin/routing-mode-cleanup
stable legacy/public capture	UNKNOWN STEP	2026-10-06T10:05:52.7408691Z  * [new branch]          slab-opt-rc             -> origin/slab-opt-rc
stable legacy/public capture	UNKNOWN STEP	2026-10-06T10:05:52.7408913Z  * [new branch]          slab_use_file           -> origin/slab_use_file
stable legacy/public capture	UNKNOWN STEP	2026-10-06T10:05:52.7409251Z  * [new branch]          slab_use_file_also_inline_hash -> origin/slab_use_file_also_inline_hash
stable legacy/public capture	UNKNOWN STEP	2026-10-06T10:05:52.7409506Z  * [new branch]          smallerhashmap          -> origin/smallerhashmap
stable legacy/public capture	UNKNOWN STEP	2026-10-06T10:05:52.7409882Z  * [new branch]          smallerhashmap-2-blowoutstruct -> origin/smallerhashmap-2-blowoutstruct
stable legacy/public capture	UNKNOWN STEP	2026-10-06T10:05:52.7410140Z  * [new branch]          snissn/1735-manager     -> origin/snissn/1735-manager
stable legacy/public capture	UNKNOWN STEP	2026-10-06T10:05:52.7410387Z  * [new branch]          snissn/1737-manager     -> origin/snissn/1737-manager
stable legacy/public capture	UNKNOWN STEP	2026-10-06T10:05:52.7410628Z  * [new branch]          snissn/1757-manager     -> origin/snissn/1757-manager
stable legacy/public capture	UNKNOWN STEP	2026-10-06T10:05:52.7410875Z  * [new branch]          snissn/1758-manager     -> origin/snissn/1758-manager
stable legacy/public capture	UNKNOWN STEP	2026-10-06T10:05:52.7411127Z  * [new branch]          snissn/1764-text-pr1    -> origin/snissn/1764-text-pr1
stable legacy/public capture	UNKNOWN STEP	2026-10-06T10:05:52.7411376Z  * [new branch]          snissn/1764-text-pr2    -> origin/snissn/1764-text-pr2
stable legacy/public capture	UNKNOWN STEP	2026-10-06T10:05:52.7411619Z  * [new branch]          snissn/1764-text-pr3    -> origin/snissn/1764-text-pr3
stable legacy/public capture	UNKNOWN STEP	2026-10-06T10:05:52.7411856Z  * [new branch]          snissn/1764-text-pr4    -> origin/snissn/1764-text-pr4
stable legacy/public capture	UNKNOWN STEP	2026-10-06T10:05:52.7412082Z  * [new branch]          snissn/1771             -> origin/snissn/1771
stable legacy/public capture	UNKNOWN STEP	2026-10-06T10:05:52.7412476Z  * [new branch]          snissn/1772             -> origin/snissn/1772
stable legacy/public capture	UNKNOWN STEP	2026-10-06T10:05:52.7412717Z  * [new branch]          snissn/1773-manager     -> origin/snissn/1773-manager
stable legacy/public capture	UNKNOWN STEP	2026-10-06T10:05:52.7412959Z  * [new branch]          snissn/1774-manager     -> origin/snissn/1774-manager
stable legacy/public capture	UNKNOWN STEP	2026-10-06T10:05:52.7413207Z  * [new branch]          snissn/1775-manager     -> origin/snissn/1775-manager
stable legacy/public capture	UNKNOWN STEP	2026-10-06T10:05:52.7413454Z  * [new branch]          snissn/1776-manager     -> origin/snissn/1776-manager
stable legacy/public capture	UNKNOWN STEP	2026-10-06T10:05:52.7413698Z  * [new branch]          snissn/1777-manager     -> origin/snissn/1777-manager
stable legacy/public capture	UNKNOWN STEP	2026-10-06T10:05:52.7413951Z  * [new branch]          snissn/1778-manager     -> origin/snissn/1778-manager
stable legacy/public capture	UNKNOWN STEP	2026-10-06T10:05:52.7414185Z  * [new branch]          snissn/1781-manager     -> origin/snissn/1781-manager
stable legacy/public capture	UNKNOWN STEP	2026-10-06T10:05:52.7414443Z  * [new branch]          snissn/1782-manager     -> origin/snissn/1782-manager
stable legacy/public capture	UNKNOWN STEP	2026-10-06T10:05:52.7414693Z  * [new branch]          snissn/1783-impl        -> origin/snissn/1783-impl
stable legacy/public capture	UNKNOWN STEP	2026-10-06T10:05:52.7414930Z  * [new branch]          snissn/1784-manager     -> origin/snissn/1784-manager
stable legacy/public capture	UNKNOWN STEP	2026-10-06T10:05:52.7415314Z  * [new branch]          snissn/1785-manager     -> origin/snissn/1785-manager
stable legacy/public capture	UNKNOWN STEP	2026-10-06T10:05:52.7415546Z  * [new branch]          snissn/1786-manager     -> origin/snissn/1786-manager
stable legacy/public capture	UNKNOWN STEP	2026-10-06T10:05:52.7415754Z  * [new branch]          snissn/1787-manager     -> origin/snissn/1787-manager
stable legacy/public capture	UNKNOWN STEP	2026-10-06T10:05:52.7415891Z  * [new branch]          snissn/1788-manager     -> origin/snissn/1788-manager
stable legacy/public capture	UNKNOWN STEP	2026-10-06T10:05:52.7416037Z  * [new branch]          snissn/1789-manager     -> origin/snissn/1789-manager
stable legacy/public capture	UNKNOWN STEP	2026-10-06T10:05:52.7416182Z  * [new branch]          snissn/1790-manager     -> origin/snissn/1790-manager
stable legacy/public capture	UNKNOWN STEP	2026-10-06T10:05:52.7416319Z  * [new branch]          snissn/1802-manager     -> origin/snissn/1802-manager
stable legacy/public capture	UNKNOWN STEP	2026-10-06T10:05:52.7416587Z  * [new branch]          snissn/1810-manager     -> origin/snissn/1810-manager
stable legacy/public capture	UNKNOWN STEP	2026-10-06T10:05:52.7416736Z  * [new branch]          snissn/1811-manager     -> origin/snissn/1811-manager
stable legacy/public capture	UNKNOWN STEP	2026-10-06T10:05:52.7416895Z  * [new branch]          snissn/1812-manager     -> origin/snissn/1812-manager
stable legacy/public capture	UNKNOWN STEP	2026-10-06T10:05:52.7417468Z  * [new branch]          snissn/1823-manager     -> origin/snissn/1823-manager
stable legacy/public capture	UNKNOWN STEP	2026-10-06T10:05:52.7417723Z  * [new branch]          snissn/1824-manager     -> origin/snissn/1824-manager
stable legacy/public capture	UNKNOWN STEP	2026-10-06T10:05:52.7417969Z  * [new branch]          snissn/1825-manager     -> origin/snissn/1825-manager
stable legacy/public capture	UNKNOWN STEP	2026-10-06T10:05:52.7418303Z  * [new branch]          snissn/1826-manager     -> origin/snissn/1826-manager
stable legacy/public capture	UNKNOWN STEP	2026-10-06T10:05:52.7418466Z  * [new branch]          snissn/1827-manager     -> origin/snissn/1827-manager
stable legacy/public capture	UNKNOWN STEP	2026-10-06T10:05:52.7418616Z  * [new branch]          snissn/1828-manager     -> origin/snissn/1828-manager
stable legacy/public capture	UNKNOWN STEP	2026-10-06T10:05:52.7418766Z  * [new branch]          snissn/1837-manager     -> origin/snissn/1837-manager
stable legacy/public capture	UNKNOWN STEP	2026-10-06T10:05:52.7418920Z  * [new branch]          snissn/1838-manager     -> origin/snissn/1838-manager
stable legacy/public capture	UNKNOWN STEP	2026-10-06T10:05:52.7419062Z  * [new branch]          snissn/1839-manager     -> origin/snissn/1839-manager
stable legacy/public capture	UNKNOWN STEP	2026-10-06T10:05:52.7419217Z  * [new branch]          snissn/1840-manager     -> origin/snissn/1840-manager
stable legacy/public capture	UNKNOWN STEP	2026-10-06T10:05:52.7419362Z  * [new branch]          snissn/1841-manager     -> origin/snissn/1841-manager
stable legacy/public capture	UNKNOWN STEP	2026-10-06T10:05:52.7419510Z  * [new branch]          snissn/1842-manager     -> origin/snissn/1842-manager
stable legacy/public capture	UNKNOWN STEP	2026-10-06T10:05:52.7419655Z  * [new branch]          snissn/1843-manager     -> origin/snissn/1843-manager
stable legacy/public capture	UNKNOWN STEP	2026-10-06T10:05:52.7419794Z  * [new branch]          snissn/1844-manager     -> origin/snissn/1844-manager
stable legacy/public capture	UNKNOWN STEP	2026-10-06T10:05:52.7419943Z  * [new branch]          snissn/1845-manager     -> origin/snissn/1845-manager
stable legacy/public capture	UNKNOWN STEP	2026-10-06T10:05:52.7420082Z  * [new branch]          snissn/1846-manager     -> origin/snissn/1846-manager
stable legacy/public capture	UNKNOWN STEP	2026-10-06T10:05:52.7420236Z  * [new branch]          snissn/1847-manager     -> origin/snissn/1847-manager
stable legacy/public capture	UNKNOWN STEP	2026-10-06T10:05:52.7420516Z  * [new branch]          snissn/1848-manager     -> origin/snissn/1848-manager
stable legacy/public capture	UNKNOWN STEP	2026-10-06T10:05:52.7420659Z  * [new branch]          snissn/1849-manager     -> origin/snissn/1849-manager
stable legacy/public capture	UNKNOWN STEP	2026-10-06T10:05:52.7420806Z  * [new branch]          snissn/1850-manager     -> origin/snissn/1850-manager
stable legacy/public capture	UNKNOWN STEP	2026-10-06T10:05:52.7421185Z  * [new branch]          snissn/1851-manager     -> origin/snissn/1851-manager
stable legacy/public capture	UNKNOWN STEP	2026-10-06T10:05:52.7421435Z  * [new branch]          snissn/1858-manager     -> origin/snissn/1858-manager
stable legacy/public capture	UNKNOWN STEP	2026-10-06T10:05:52.7421680Z  * [new branch]          snissn/1869-manager     -> origin/snissn/1869-manager
stable legacy/public capture	UNKNOWN STEP	2026-10-06T10:05:52.7421915Z  * [new branch]          snissn/1870-manager     -> origin/snissn/1870-manager
stable legacy/public capture	UNKNOWN STEP	2026-10-06T10:05:52.7422156Z  * [new branch]          snissn/1871-manager     -> origin/snissn/1871-manager
stable legacy/public capture	UNKNOWN STEP	2026-10-06T10:05:52.7422404Z  * [new branch]          snissn/1872-manager     -> origin/snissn/1872-manager
stable legacy/public capture	UNKNOWN STEP	2026-10-06T10:05:52.7422655Z  * [new branch]          snissn/1873-manager     -> origin/snissn/1873-manager
stable legacy/public capture	UNKNOWN STEP	2026-10-06T10:05:52.7423079Z  * [new branch]          snissn/1874-manager     -> origin/snissn/1874-manager
stable legacy/public capture	UNKNOWN STEP	2026-10-06T10:05:52.7423315Z  * [new branch]          snissn/1875-manager     -> origin/snissn/1875-manager
stable legacy/public capture	UNKNOWN STEP	2026-10-06T10:05:52.7423534Z  * [new branch]          snissn/1876-manager     -> origin/snissn/1876-manager
stable legacy/public capture	UNKNOWN STEP	2026-10-06T10:05:52.7423756Z  * [new branch]          snissn/1885-manager     -> origin/snissn/1885-manager
stable legacy/public capture	UNKNOWN STEP	2026-10-06T10:05:52.7423906Z  * [new branch]          snissn/1888-manager     -> origin/snissn/1888-manager
stable legacy/public capture	UNKNOWN STEP	2026-10-06T10:05:52.7424050Z  * [new branch]          snissn/1890-manager     -> origin/snissn/1890-manager
stable legacy/public capture	UNKNOWN STEP	2026-10-06T10:05:52.7424195Z  * [new branch]          snissn/1893-manager     -> origin/snissn/1893-manager
stable legacy/public capture	UNKNOWN STEP	2026-10-06T10:05:52.7424340Z  * [new branch]          snissn/1895-manager     -> origin/snissn/1895-manager
stable legacy/public capture	UNKNOWN STEP	2026-10-06T10:05:52.7424603Z  * [new branch]          snissn/1896-manager     -> origin/snissn/1896-manager
stable legacy/public capture	UNKNOWN STEP	2026-10-06T10:05:52.7424757Z  * [new branch]          snissn/1898-manager     -> origin/snissn/1898-manager
stable legacy/public capture	UNKNOWN STEP	2026-10-06T10:05:52.7424898Z  * [new branch]          snissn/1899-manager     -> origin/snissn/1899-manager
stable legacy/public capture	UNKNOWN STEP	2026-10-06T10:05:52.7425130Z  * [new branch]          snissn/1903-manager     -> origin/snissn/1903-manager
stable legacy/public capture	UNKNOWN STEP	2026-10-06T10:05:52.7425493Z  * [new branch]          snissn/1904-manager     -> origin/snissn/1904-manager
stable legacy/public capture	UNKNOWN STEP	2026-10-06T10:05:52.7425703Z  * [new branch]          snissn/1912-manager     -> origin/snissn/1912-manager
stable legacy/public capture	UNKNOWN STEP	2026-10-06T10:05:52.7425930Z  * [new branch]          snissn/1914-manager     -> origin/snissn/1914-manager
stable legacy/public capture	UNKNOWN STEP	2026-10-06T10:05:52.7426146Z  * [new branch]          snissn/1915-manager     -> origin/snissn/1915-manager
stable legacy/public capture	UNKNOWN STEP	2026-10-06T10:05:52.7426377Z  * [new branch]          snissn/1916-manager     -> origin/snissn/1916-manager
stable legacy/public capture	UNKNOWN STEP	2026-10-06T10:05:52.7426537Z  * [new branch]          snissn/1917-manager     -> origin/snissn/1917-manager
stable legacy/public capture	UNKNOWN STEP	2026-10-06T10:05:52.7426694Z  * [new branch]          snissn/1918-manager     -> origin/snissn/1918-manager
stable legacy/public capture	UNKNOWN STEP	2026-10-06T10:05:52.7426842Z  * [new branch]          snissn/1919-manager     -> origin/snissn/1919-manager
stable legacy/public capture	UNKNOWN STEP	2026-10-06T10:05:52.7426985Z  * [new branch]          snissn/1920-manager     -> origin/snissn/1920-manager
stable legacy/public capture	UNKNOWN STEP	2026-10-06T10:05:52.7427133Z  * [new branch]          snissn/1921-manager     -> origin/snissn/1921-manager
stable legacy/public capture	UNKNOWN STEP	2026-10-06T10:05:52.7427274Z  * [new branch]          snissn/1925-manager     -> origin/snissn/1925-manager
stable legacy/public capture	UNKNOWN STEP	2026-10-06T10:05:52.7427542Z  * [new branch]          snissn/1926-assets-manager -> origin/snissn/1926-assets-manager
stable legacy/public capture	UNKNOWN STEP	2026-10-06T10:05:52.7427753Z  * [new branch]          snissn/1926-evidence-manager -> origin/snissn/1926-evidence-manager
stable legacy/public capture	UNKNOWN STEP	2026-10-06T10:05:52.7427917Z  * [new branch]          snissn/1926-manager-r2  -> origin/snissn/1926-manager-r2
stable legacy/public capture	UNKNOWN STEP	2026-10-06T10:05:52.7428099Z  * [new branch]          snissn/1926-rerank-manager -> origin/snissn/1926-rerank-manager
stable legacy/public capture	UNKNOWN STEP	2026-10-06T10:05:52.7428421Z  * [new branch]          snissn/1926-scorer-manager -> origin/snissn/1926-scorer-manager
stable legacy/public capture	UNKNOWN STEP	2026-10-06T10:05:52.7428578Z  * [new branch]          snissn/1927-manager     -> origin/snissn/1927-manager
stable legacy/public capture	UNKNOWN STEP	2026-10-06T10:05:52.7428809Z  * [new branch]          snissn/1927-stack-base-1925-1934 -> origin/snissn/1927-stack-base-1925-1934
stable legacy/public capture	UNKNOWN STEP	2026-10-06T10:05:52.7428955Z  * [new branch]          snissn/1929-manager     -> origin/snissn/1929-manager
stable legacy/public capture	UNKNOWN STEP	2026-10-06T10:05:52.7429103Z  * [new branch]          snissn/1930-manager     -> origin/snissn/1930-manager
stable legacy/public capture	UNKNOWN STEP	2026-10-06T10:05:52.7429246Z  * [new branch]          snissn/1931-manager     -> origin/snissn/1931-manager
stable legacy/public capture	UNKNOWN STEP	2026-10-06T10:05:52.7429394Z  * [new branch]          snissn/1932-manager     -> origin/snissn/1932-manager
stable legacy/public capture	UNKNOWN STEP	2026-10-06T10:05:52.7429533Z  * [new branch]          snissn/1934-manager     -> origin/snissn/1934-manager
stable legacy/public capture	UNKNOWN STEP	2026-10-06T10:05:52.7429679Z  * [new branch]          snissn/1935-manager     -> origin/snissn/1935-manager
stable legacy/public capture	UNKNOWN STEP	2026-10-06T10:05:52.7429832Z  * [new branch]          snissn/1942-manager     -> origin/snissn/1942-manager
stable legacy/public capture	UNKNOWN STEP	2026-10-06T10:05:52.7429975Z  * [new branch]          snissn/1943-manager     -> origin/snissn/1943-manager
stable legacy/public capture	UNKNOWN STEP	2026-10-06T10:05:52.7430121Z  * [new branch]          snissn/1946-manager     -> origin/snissn/1946-manager
stable legacy/public capture	UNKNOWN STEP	2026-10-06T10:05:52.7430262Z  * [new branch]          snissn/1947-manager     -> origin/snissn/1947-manager
stable legacy/public capture	UNKNOWN STEP	2026-10-06T10:05:52.7430409Z  * [new branch]          snissn/1948-manager     -> origin/snissn/1948-manager
stable legacy/public capture	UNKNOWN STEP	2026-10-06T10:05:52.7430561Z  * [new branch]          snissn/1949-manager     -> origin/snissn/1949-manager
stable legacy/public capture	UNKNOWN STEP	2026-10-06T10:05:52.7430701Z  * [new branch]          snissn/1950-manager     -> origin/snissn/1950-manager
stable legacy/public capture	UNKNOWN STEP	2026-10-06T10:05:52.7430873Z  * [new branch]          snissn/1950-next-manager -> origin/snissn/1950-next-manager
stable legacy/public capture	UNKNOWN STEP	2026-10-06T10:05:52.7431046Z  * [new branch]          snissn/1950-next2-manager -> origin/snissn/1950-next2-manager
stable legacy/public capture	UNKNOWN STEP	2026-10-06T10:05:52.7431315Z  * [new branch]          snissn/1950-next3-manager -> origin/snissn/1950-next3-manager
stable legacy/public capture	UNKNOWN STEP	2026-10-06T10:05:52.7431492Z  * [new branch]          snissn/1950-next4-manager -> origin/snissn/1950-next4-manager
stable legacy/public capture	UNKNOWN STEP	2026-10-06T10:05:52.7431651Z  * [new branch]          snissn/1950-q4a-manual  -> origin/snissn/1950-q4a-manual
stable legacy/public capture	UNKNOWN STEP	2026-10-06T10:05:52.7431846Z  * [new branch]          snissn/1951-metadata-manual -> origin/snissn/1951-metadata-manual
stable legacy/public capture	UNKNOWN STEP	2026-10-06T10:05:52.7432062Z  * [new branch]          snissn/1952-capability-manager -> origin/snissn/1952-capability-manager
stable legacy/public capture	UNKNOWN STEP	2026-10-06T10:05:52.7432268Z  * [new branch]          snissn/1952-codec-next-manager -> origin/snissn/1952-codec-next-manager
stable legacy/public capture	UNKNOWN STEP	2026-10-06T10:05:52.7432500Z  * [new branch]          snissn/1952-codec-scaffold-manager -> origin/snissn/1952-codec-scaffold-manager
stable legacy/public capture	UNKNOWN STEP	2026-10-06T10:05:52.7432654Z  * [new branch]          snissn/1952-manager     -> origin/snissn/1952-manager
stable legacy/public capture	UNKNOWN STEP	2026-10-06T10:05:52.7432863Z  * [new branch]          snissn/1952-reporting-manager -> origin/snissn/1952-reporting-manager
stable legacy/public capture	UNKNOWN STEP	2026-10-06T10:05:52.7433024Z  * [new branch]          snissn/1953-c2-manager  -> origin/snissn/1953-c2-manager
stable legacy/public capture	UNKNOWN STEP	2026-10-06T10:05:52.7433181Z  * [new branch]          snissn/1953-c3-manager  -> origin/snissn/1953-c3-manager
stable legacy/public capture	UNKNOWN STEP	2026-10-06T10:05:52.7433327Z  * [new branch]          snissn/1953-c4-manager  -> origin/snissn/1953-c4-manager
stable legacy/public capture	UNKNOWN STEP	2026-10-06T10:05:52.7433489Z  * [new branch]          snissn/1953-c5-manager  -> origin/snissn/1953-c5-manager
stable legacy/public capture	UNKNOWN STEP	2026-10-06T10:05:52.7433636Z  * [new branch]          snissn/1953-manager     -> origin/snissn/1953-manager
stable legacy/public capture	UNKNOWN STEP	2026-10-06T10:05:52.7433829Z  * [new branch]          snissn/1954-lifecycle-manager -> origin/snissn/1954-lifecycle-manager
stable legacy/public capture	UNKNOWN STEP	2026-10-06T10:05:52.7433981Z  * [new branch]          snissn/1954-manager     -> origin/snissn/1954-manager
stable legacy/public capture	UNKNOWN STEP	2026-10-06T10:05:52.7434147Z  * [new branch]          snissn/1954-pins-manager -> origin/snissn/1954-pins-manager
stable legacy/public capture	UNKNOWN STEP	2026-10-06T10:05:52.7434339Z  * [new branch]          snissn/1954-registry-manager -> origin/snissn/1954-registry-manager
stable legacy/public capture	UNKNOWN STEP	2026-10-06T10:05:52.7434627Z  * [new branch]          snissn/1954-storage-gap-manager -> origin/snissn/1954-storage-gap-manager
stable legacy/public capture	UNKNOWN STEP	2026-10-06T10:05:52.7434778Z  * [new branch]          snissn/1955-manager     -> origin/snissn/1955-manager
stable legacy/public capture	UNKNOWN STEP	2026-10-06T10:05:52.7434926Z  * [new branch]          snissn/1961-manager     -> origin/snissn/1961-manager
stable legacy/public capture	UNKNOWN STEP	2026-10-06T10:05:52.7435067Z  * [new branch]          snissn/1963-manager     -> origin/snissn/1963-manager
stable legacy/public capture	UNKNOWN STEP	2026-10-06T10:05:52.7435391Z  * [new branch]          snissn/1966-1967-manager -> origin/snissn/1966-1967-manager
stable legacy/public capture	UNKNOWN STEP	2026-10-06T10:05:52.7435541Z  * [new branch]          snissn/1968-manager     -> origin/snissn/1968-manager
stable legacy/public capture	UNKNOWN STEP	2026-10-06T10:05:52.7435684Z  * [new branch]          snissn/1969-manager     -> origin/snissn/1969-manager
stable legacy/public capture	UNKNOWN STEP	2026-10-06T10:05:52.7435833Z  * [new branch]          snissn/1970-manager     -> origin/snissn/1970-manager
stable legacy/public capture	UNKNOWN STEP	2026-10-06T10:05:52.7435973Z  * [new branch]          snissn/1979-manager     -> origin/snissn/1979-manager
stable legacy/public capture	UNKNOWN STEP	2026-10-06T10:05:52.7436129Z  * [new branch]          snissn/1980-manager     -> origin/snissn/1980-manager
stable legacy/public capture	UNKNOWN STEP	2026-10-06T10:05:52.7436273Z  * [new branch]          snissn/1981-manager     -> origin/snissn/1981-manager
stable legacy/public capture	UNKNOWN STEP	2026-10-06T10:05:52.7436418Z  * [new branch]          snissn/1983-manager     -> origin/snissn/1983-manager
stable legacy/public capture	UNKNOWN STEP	2026-10-06T10:05:52.7436565Z  * [new branch]          snissn/1984-manager     -> origin/snissn/1984-manager
stable legacy/public capture	UNKNOWN STEP	2026-10-06T10:05:52.7436706Z  * [new branch]          snissn/1985-manager     -> origin/snissn/1985-manager
stable legacy/public capture	UNKNOWN STEP	2026-10-06T10:05:52.7436851Z  * [new branch]          snissn/1986-manager     -> origin/snissn/1986-manager
stable legacy/public capture	UNKNOWN STEP	2026-10-06T10:05:52.7436992Z  * [new branch]          snissn/1987-manager     -> origin/snissn/1987-manager
stable legacy/public capture	UNKNOWN STEP	2026-10-06T10:05:52.7437140Z  * [new branch]          snissn/1988-manager     -> origin/snissn/1988-manager
stable legacy/public capture	UNKNOWN STEP	2026-10-06T10:05:52.7437289Z  * [new branch]          snissn/1989-manager     -> origin/snissn/1989-manager
stable legacy/public capture	UNKNOWN STEP	2026-10-06T10:05:52.7437531Z  * [new branch]          snissn/1990-manager     -> origin/snissn/1990-manager
stable legacy/public capture	UNKNOWN STEP	2026-10-06T10:05:52.7437682Z  * [new branch]          snissn/1992-manager     -> origin/snissn/1992-manager
stable legacy/public capture	UNKNOWN STEP	2026-10-06T10:05:52.7437823Z  * [new branch]          snissn/1993-manager     -> origin/snissn/1993-manager
stable legacy/public capture	UNKNOWN STEP	2026-10-06T10:05:52.7437970Z  * [new branch]          snissn/2006-manager     -> origin/snissn/2006-manager
stable legacy/public capture	UNKNOWN STEP	2026-10-06T10:05:52.7438122Z  * [new branch]          snissn/2010-manager     -> origin/snissn/2010-manager
stable legacy/public capture	UNKNOWN STEP	2026-10-06T10:05:52.7438263Z  * [new branch]          snissn/2013-manager     -> origin/snissn/2013-manager
stable legacy/public capture	UNKNOWN STEP	2026-10-06T10:05:52.7438457Z  * [new branch]          snissn/2014-recovery-manager -> origin/snissn/2014-recovery-manager
stable legacy/public capture	UNKNOWN STEP	2026-10-06T10:05:52.7438595Z  * [new branch]          snissn/2036-manager     -> origin/snissn/2036-manager
stable legacy/public capture	UNKNOWN STEP	2026-10-06T10:05:52.7438741Z  * [new branch]          snissn/2037-manager     -> origin/snissn/2037-manager
stable legacy/public capture	UNKNOWN STEP	2026-10-06T10:05:52.7438880Z  * [new branch]          snissn/2038-manager     -> origin/snissn/2038-manager
stable legacy/public capture	UNKNOWN STEP	2026-10-06T10:05:52.7439033Z  * [new branch]          snissn/2040-manager     -> origin/snissn/2040-manager
stable legacy/public capture	UNKNOWN STEP	2026-10-06T10:05:52.7439177Z  * [new branch]          snissn/2041-manager     -> origin/snissn/2041-manager
stable legacy/public capture	UNKNOWN STEP	2026-10-06T10:05:52.7439318Z  * [new branch]          snissn/2042-manager     -> origin/snissn/2042-manager
stable legacy/public capture	UNKNOWN STEP	2026-10-06T10:05:52.7439462Z  * [new branch]          snissn/2043-manager     -> origin/snissn/2043-manager
stable legacy/public capture	UNKNOWN STEP	2026-10-06T10:05:52.7439600Z  * [new branch]          snissn/2044-manager     -> origin/snissn/2044-manager
stable legacy/public capture	UNKNOWN STEP	2026-10-06T10:05:52.7439745Z  * [new branch]          snissn/2045-manager     -> origin/snissn/2045-manager
stable legacy/public capture	UNKNOWN STEP	2026-10-06T10:05:52.7439890Z  * [new branch]          snissn/2046-manager     -> origin/snissn/2046-manager
stable legacy/public capture	UNKNOWN STEP	2026-10-06T10:05:52.7440032Z  * [new branch]          snissn/2047-manager     -> origin/snissn/2047-manager
stable legacy/public capture	UNKNOWN STEP	2026-10-06T10:05:52.7440177Z  * [new branch]          snissn/2091-manager     -> origin/snissn/2091-manager
stable legacy/public capture	UNKNOWN STEP	2026-10-06T10:05:52.7440324Z  * [new branch]          snissn/2098-manager     -> origin/snissn/2098-manager
stable legacy/public capture	UNKNOWN STEP	2026-10-06T10:05:52.7440565Z  * [new branch]          snissn/2103-manager     -> origin/snissn/2103-manager
stable legacy/public capture	UNKNOWN STEP	2026-10-06T10:05:52.7440710Z  * [new branch]          snissn/2105-manager     -> origin/snissn/2105-manager
stable legacy/public capture	UNKNOWN STEP	2026-10-06T10:05:52.7440860Z  * [new branch]          snissn/2124-manager     -> origin/snissn/2124-manager
stable legacy/public capture	UNKNOWN STEP	2026-10-06T10:05:52.7441006Z  * [new branch]          snissn/2125-manager     -> origin/snissn/2125-manager
stable legacy/public capture	UNKNOWN STEP	2026-10-06T10:05:52.7441145Z  * [new branch]          snissn/2126-manager     -> origin/snissn/2126-manager
stable legacy/public capture	UNKNOWN STEP	2026-10-06T10:05:52.7441291Z  * [new branch]          snissn/2127-manager     -> origin/snissn/2127-manager
stable legacy/public capture	UNKNOWN STEP	2026-10-06T10:05:52.7441433Z  * [new branch]          snissn/2190-manager     -> origin/snissn/2190-manager
stable legacy/public capture	UNKNOWN STEP	2026-10-06T10:05:52.7441578Z  * [new branch]          snissn/2193-manager     -> origin/snissn/2193-manager
stable legacy/public capture	UNKNOWN STEP	2026-10-06T10:05:52.7441723Z  * [new branch]          snissn/2194-manager     -> origin/snissn/2194-manager
stable legacy/public capture	UNKNOWN STEP	2026-10-06T10:05:52.7441866Z  * [new branch]          snissn/2195-manager     -> origin/snissn/2195-manager
stable legacy/public capture	UNKNOWN STEP	2026-10-06T10:05:52.7442014Z  * [new branch]          snissn/2196-manager     -> origin/snissn/2196-manager
stable legacy/public capture	UNKNOWN STEP	2026-10-06T10:05:52.7442272Z  * [new branch]          snissn/2207-valuelog-snapshot-manager -> origin/snissn/2207-valuelog-snapshot-manager
stable legacy/public capture	UNKNOWN STEP	2026-10-06T10:05:52.7442503Z  * [new branch]          snissn/2211-leafpack-debt-manager -> origin/snissn/2211-leafpack-debt-manager
stable legacy/public capture	UNKNOWN STEP	2026-10-06T10:05:52.7442652Z  * [new branch]          snissn/2217-manager     -> origin/snissn/2217-manager
stable legacy/public capture	UNKNOWN STEP	2026-10-06T10:05:52.7442791Z  * [new branch]          snissn/2218-manager     -> origin/snissn/2218-manager
stable legacy/public capture	UNKNOWN STEP	2026-10-06T10:05:52.7442939Z  * [new branch]          snissn/2219-manager     -> origin/snissn/2219-manager
stable legacy/public capture	UNKNOWN STEP	2026-10-06T10:05:52.7443079Z  * [new branch]          snissn/2220-manager     -> origin/snissn/2220-manager
stable legacy/public capture	UNKNOWN STEP	2026-10-06T10:05:52.7443231Z  * [new branch]          snissn/2221-manager     -> origin/snissn/2221-manager
stable legacy/public capture	UNKNOWN STEP	2026-10-06T10:05:52.7443452Z  * [new branch]          snissn/2222-manager     -> origin/snissn/2222-manager
stable legacy/public capture	UNKNOWN STEP	2026-10-06T10:05:52.7443594Z  * [new branch]          snissn/2223-manager     -> origin/snissn/2223-manager
stable legacy/public capture	UNKNOWN STEP	2026-10-06T10:05:52.7443740Z  * [new branch]          snissn/2224-manager     -> origin/snissn/2224-manager
stable legacy/public capture	UNKNOWN STEP	2026-10-06T10:05:52.7443880Z  * [new branch]          snissn/2236-manager     -> origin/snissn/2236-manager
stable legacy/public capture	UNKNOWN STEP	2026-10-06T10:05:52.7444031Z  * [new branch]          snissn/2241-manager     -> origin/snissn/2241-manager
stable legacy/public capture	UNKNOWN STEP	2026-10-06T10:05:52.7444168Z  * [new branch]          snissn/2242-manager     -> origin/snissn/2242-manager
stable legacy/public capture	UNKNOWN STEP	2026-10-06T10:05:52.7444313Z  * [new branch]          snissn/2243-manager     -> origin/snissn/2243-manager
stable legacy/public capture	UNKNOWN STEP	2026-10-06T10:05:52.7444514Z  * [new branch]          snissn/2244-appendonly-reuse -> origin/snissn/2244-appendonly-reuse
stable legacy/public capture	UNKNOWN STEP	2026-10-06T10:05:52.7444760Z  * [new branch]          snissn/2244-appendonly-reuse-latest -> origin/snissn/2244-appendonly-reuse-latest
stable legacy/public capture	UNKNOWN STEP	2026-10-06T10:05:52.7445019Z  * [new branch]          snissn/2244-appendonly-reuse-rebased -> origin/snissn/2244-appendonly-reuse-rebased
stable legacy/public capture	UNKNOWN STEP	2026-10-06T10:05:52.7445279Z  * [new branch]          snissn/2244-manager     -> origin/snissn/2244-manager
stable legacy/public capture	UNKNOWN STEP	2026-10-06T10:05:52.7445446Z  * [new branch]          snissn/2245-manager     -> origin/snissn/2245-manager
stable legacy/public capture	UNKNOWN STEP	2026-10-06T10:05:52.7445593Z  * [new branch]          snissn/2246-manager     -> origin/snissn/2246-manager
stable legacy/public capture	UNKNOWN STEP	2026-10-06T10:05:52.7445735Z  * [new branch]          snissn/2250-manager     -> origin/snissn/2250-manager
stable legacy/public capture	UNKNOWN STEP	2026-10-06T10:05:52.7445891Z  * [new branch]          snissn/2256-manager     -> origin/snissn/2256-manager
stable legacy/public capture	UNKNOWN STEP	2026-10-06T10:05:52.7446029Z  * [new branch]          snissn/2258-manager     -> origin/snissn/2258-manager
stable legacy/public capture	UNKNOWN STEP	2026-10-06T10:05:52.7446178Z  * [new branch]          snissn/2259-manager     -> origin/snissn/2259-manager
stable legacy/public capture	UNKNOWN STEP	2026-10-06T10:05:52.7446318Z  * [new branch]          snissn/2260-manager     -> origin/snissn/2260-manager
stable legacy/public capture	UNKNOWN STEP	2026-10-06T10:05:52.7446477Z  * [new branch]          snissn/2263-manager     -> origin/snissn/2263-manager
stable legacy/public capture	UNKNOWN STEP	2026-10-06T10:05:52.7446727Z  * [new branch]          snissn/2264-manager     -> origin/snissn/2264-manager
stable legacy/public capture	UNKNOWN STEP	2026-10-06T10:05:52.7446871Z  * [new branch]          snissn/2269-manager     -> origin/snissn/2269-manager
stable legacy/public capture	UNKNOWN STEP	2026-10-06T10:05:52.7447017Z  * [new branch]          snissn/2271-manager     -> origin/snissn/2271-manager
stable legacy/public capture	UNKNOWN STEP	2026-10-06T10:05:52.7447153Z  * [new branch]          snissn/2272-manager     -> origin/snissn/2272-manager
stable legacy/public capture	UNKNOWN STEP	2026-10-06T10:05:52.7447301Z  * [new branch]          snissn/2273-manager     -> origin/snissn/2273-manager
stable legacy/public capture	UNKNOWN STEP	2026-10-06T10:05:52.7447440Z  * [new branch]          snissn/2274-manager     -> origin/snissn/2274-manager
stable legacy/public capture	UNKNOWN STEP	2026-10-06T10:05:52.7447586Z  * [new branch]          snissn/2279-manager     -> origin/snissn/2279-manager
stable legacy/public capture	UNKNOWN STEP	2026-10-06T10:05:52.7447732Z  * [new branch]          snissn/2280-manager     -> origin/snissn/2280-manager
stable legacy/public capture	UNKNOWN STEP	2026-10-06T10:05:52.7447877Z  * [new branch]          snissn/2285-manager     -> origin/snissn/2285-manager
stable legacy/public capture	UNKNOWN STEP	2026-10-06T10:05:52.7448026Z  * [new branch]          snissn/2286-manager     -> origin/snissn/2286-manager
stable legacy/public capture	UNKNOWN STEP	2026-10-06T10:05:52.7448163Z  * [new branch]          snissn/2311-manager     -> origin/snissn/2311-manager
stable legacy/public capture	UNKNOWN STEP	2026-10-06T10:05:52.7448309Z  * [new branch]          snissn/2312-manager     -> origin/snissn/2312-manager
stable legacy/public capture	UNKNOWN STEP	2026-10-06T10:05:52.7448455Z  * [new branch]          snissn/2313-manager     -> origin/snissn/2313-manager
stable legacy/public capture	UNKNOWN STEP	2026-10-06T10:05:52.7448593Z  * [new branch]          snissn/2314-manager     -> origin/snissn/2314-manager
stable legacy/public capture	UNKNOWN STEP	2026-10-06T10:05:52.7448741Z  * [new branch]          snissn/2315-manager     -> origin/snissn/2315-manager
stable legacy/public capture	UNKNOWN STEP	2026-10-06T10:05:52.7448880Z  * [new branch]          snissn/2316-manager     -> origin/snissn/2316-manager
stable legacy/public capture	UNKNOWN STEP	2026-10-06T10:05:52.7449028Z  * [new branch]          snissn/2328-manager     -> origin/snissn/2328-manager
stable legacy/public capture	UNKNOWN STEP	2026-10-06T10:05:52.7449172Z  * [new branch]          snissn/2331-manager     -> origin/snissn/2331-manager
stable legacy/public capture	UNKNOWN STEP	2026-10-06T10:05:52.7449407Z  * [new branch]          snissn/2349-manager     -> origin/snissn/2349-manager
stable legacy/public capture	UNKNOWN STEP	2026-10-06T10:05:52.7449679Z  * [new branch]          snissn/2354-template-retained-contract -> origin/snissn/2354-template-retained-contract
stable legacy/public capture	UNKNOWN STEP	2026-10-06T10:05:52.7449931Z  * [new branch]          snissn/2355-template-retained-encoding -> origin/snissn/2355-template-retained-encoding
stable legacy/public capture	UNKNOWN STEP	2026-10-06T10:05:52.7450187Z  * [new branch]          snissn/2356-retained-vlog-compression -> origin/snissn/2356-retained-vlog-compression
stable legacy/public capture	UNKNOWN STEP	2026-10-06T10:05:52.7450432Z  * [new branch]          snissn/2357-retained-vlog-placement -> origin/snissn/2357-retained-vlog-placement
stable legacy/public capture	UNKNOWN STEP	2026-10-06T10:05:52.7450572Z  * [new branch]          snissn/2361-manager     -> origin/snissn/2361-manager
stable legacy/public capture	UNKNOWN STEP	2026-10-06T10:05:52.7450717Z  * [new branch]          snissn/2362-manager     -> origin/snissn/2362-manager
stable legacy/public capture	UNKNOWN STEP	2026-10-06T10:05:52.7450855Z  * [new branch]          snissn/2363-manager     -> origin/snissn/2363-manager
stable legacy/public capture	UNKNOWN STEP	2026-10-06T10:05:52.7451005Z  * [new branch]          snissn/2364-manager     -> origin/snissn/2364-manager
stable legacy/public capture	UNKNOWN STEP	2026-10-06T10:05:52.7451168Z  * [new branch]          snissn/2365-manager     -> origin/snissn/2365-manager
stable legacy/public capture	UNKNOWN STEP	2026-10-06T10:05:52.7451308Z  * [new branch]          snissn/2366-manager     -> origin/snissn/2366-manager
stable legacy/public capture	UNKNOWN STEP	2026-10-06T10:05:52.7451537Z  * [new branch]          snissn/2375-retained-vlog-raw-fix -> origin/snissn/2375-retained-vlog-raw-fix
stable legacy/public capture	UNKNOWN STEP	2026-10-06T10:05:52.7451769Z  * [new branch]          snissn/2378-visibility-index-upsert -> origin/snissn/2378-visibility-index-upsert
stable legacy/public capture	UNKNOWN STEP	2026-10-06T10:05:52.7452009Z  * [new branch]          snissn/2382-retained-payload-audit -> origin/snissn/2382-retained-payload-audit
stable legacy/public capture	UNKNOWN STEP	2026-10-06T10:05:52.7452216Z  * [new branch]          snissn/2386-retained-zstd-auto -> origin/snissn/2386-retained-zstd-auto
stable legacy/public capture	UNKNOWN STEP	2026-10-06T10:05:52.7452432Z  * [new branch]          snissn/2387-column-section-audit -> origin/snissn/2387-column-section-audit
stable legacy/public capture	UNKNOWN STEP	2026-10-06T10:05:52.7452721Z  * [new branch]          snissn/2388-compression-audit-silent-none -> origin/snissn/2388-compression-audit-silent-none
stable legacy/public capture	UNKNOWN STEP	2026-10-06T10:05:52.7452971Z  * [new branch]          snissn/2392-kvbackendbench -> origin/snissn/2392-kvbackendbench
stable legacy/public capture	UNKNOWN STEP	2026-10-06T10:05:52.7453213Z  * [new branch]          snissn/2395-retained-payload-pack -> origin/snissn/2395-retained-payload-pack
stable legacy/public capture	UNKNOWN STEP	2026-10-06T10:05:52.7453445Z  * [new branch]          snissn/2396-typed-column-kernels -> origin/snissn/2396-typed-column-kernels
stable legacy/public capture	UNKNOWN STEP	2026-10-06T10:05:52.7453592Z  * [new branch]          snissn/2401-manager     -> origin/snissn/2401-manager
stable legacy/public capture	UNKNOWN STEP	2026-10-06T10:05:52.7453742Z  * [new branch]          snissn/2402-manager     -> origin/snissn/2402-manager
stable legacy/public capture	UNKNOWN STEP	2026-10-06T10:05:52.7453882Z  * [new branch]          snissn/2403-manager     -> origin/snissn/2403-manager
stable legacy/public capture	UNKNOWN STEP	2026-10-06T10:05:52.7454031Z  * [new branch]          snissn/2404-manager     -> origin/snissn/2404-manager
stable legacy/public capture	UNKNOWN STEP	2026-10-06T10:05:52.7454180Z  * [new branch]          snissn/2405-manager     -> origin/snissn/2405-manager
stable legacy/public capture	UNKNOWN STEP	2026-10-06T10:05:52.7454323Z  * [new branch]          snissn/2406-manager     -> origin/snissn/2406-manager
stable legacy/public capture	UNKNOWN STEP	2026-10-06T10:05:52.7454470Z  * [new branch]          snissn/2407-manager     -> origin/snissn/2407-manager
stable legacy/public capture	UNKNOWN STEP	2026-10-06T10:05:52.7454609Z  * [new branch]          snissn/2408-manager     -> origin/snissn/2408-manager
stable legacy/public capture	UNKNOWN STEP	2026-10-06T10:05:52.7454760Z  * [new branch]          snissn/2409-manager     -> origin/snissn/2409-manager
stable legacy/public capture	UNKNOWN STEP	2026-10-06T10:05:52.7454909Z  * [new branch]          snissn/2410-manager     -> origin/snissn/2410-manager
stable legacy/public capture	UNKNOWN STEP	2026-10-06T10:05:52.7455050Z  * [new branch]          snissn/2413-manager     -> origin/snissn/2413-manager
stable legacy/public capture	UNKNOWN STEP	2026-10-06T10:05:52.7455321Z  * [new branch]          snissn/2414-manager     -> origin/snissn/2414-manager
stable legacy/public capture	UNKNOWN STEP	2026-10-06T10:05:52.7455466Z  * [new branch]          snissn/2415-manager     -> origin/snissn/2415-manager
stable legacy/public capture	UNKNOWN STEP	2026-10-06T10:05:52.7455613Z  * [new branch]          snissn/2416-manager     -> origin/snissn/2416-manager
stable legacy/public capture	UNKNOWN STEP	2026-10-06T10:05:52.7455753Z  * [new branch]          snissn/2418-manager     -> origin/snissn/2418-manager
stable legacy/public capture	UNKNOWN STEP	2026-10-06T10:05:52.7456004Z  * [new branch]          snissn/2439-manager     -> origin/snissn/2439-manager
stable legacy/public capture	UNKNOWN STEP	2026-10-06T10:05:52.7456228Z  * [new branch]          snissn/2441-geth-compact-compat -> origin/snissn/2441-geth-compact-compat
stable legacy/public capture	UNKNOWN STEP	2026-10-06T10:05:52.7456370Z  * [new branch]          snissn/2445-manager     -> origin/snissn/2445-manager
stable legacy/public capture	UNKNOWN STEP	2026-10-06T10:05:52.7456519Z  * [new branch]          snissn/2446-manager     -> origin/snissn/2446-manager
stable legacy/public capture	UNKNOWN STEP	2026-10-06T10:05:52.7456661Z  * [new branch]          snissn/2448-manager     -> origin/snissn/2448-manager
stable legacy/public capture	UNKNOWN STEP	2026-10-06T10:05:52.7456809Z  * [new branch]          snissn/2449-manager     -> origin/snissn/2449-manager
stable legacy/public capture	UNKNOWN STEP	2026-10-06T10:05:52.7456955Z  * [new branch]          snissn/2450-manager     -> origin/snissn/2450-manager
stable legacy/public capture	UNKNOWN STEP	2026-10-06T10:05:52.7457095Z  * [new branch]          snissn/2451-manager     -> origin/snissn/2451-manager
stable legacy/public capture	UNKNOWN STEP	2026-10-06T10:05:52.7457241Z  * [new branch]          snissn/2452-manager     -> origin/snissn/2452-manager
stable legacy/public capture	UNKNOWN STEP	2026-10-06T10:05:52.7457386Z  * [new branch]          snissn/2454-manager     -> origin/snissn/2454-manager
stable legacy/public capture	UNKNOWN STEP	2026-10-06T10:05:52.7457537Z  * [new branch]          snissn/2465-manager     -> origin/snissn/2465-manager
stable legacy/public capture	UNKNOWN STEP	2026-10-06T10:05:52.7457678Z  * [new branch]          snissn/2468-manager     -> origin/snissn/2468-manager
stable legacy/public capture	UNKNOWN STEP	2026-10-06T10:05:52.7457832Z  * [new branch]          snissn/2468-reopen      -> origin/snissn/2468-reopen
stable legacy/public capture	UNKNOWN STEP	2026-10-06T10:05:52.7457982Z  * [new branch]          snissn/2476-manager     -> origin/snissn/2476-manager
stable legacy/public capture	UNKNOWN STEP	2026-10-06T10:05:52.7458123Z  * [new branch]          snissn/2477-manager     -> origin/snissn/2477-manager
stable legacy/public capture	UNKNOWN STEP	2026-10-06T10:05:52.7458270Z  * [new branch]          snissn/2480-manager     -> origin/snissn/2480-manager
stable legacy/public capture	UNKNOWN STEP	2026-10-06T10:05:52.7458408Z  * [new branch]          snissn/2481-manager     -> origin/snissn/2481-manager
stable legacy/public capture	UNKNOWN STEP	2026-10-06T10:05:52.7458599Z  * [new branch]          snissn/2481-runtime-manager -> origin/snissn/2481-runtime-manager
stable legacy/public capture	UNKNOWN STEP	2026-10-06T10:05:52.7458752Z  * [new branch]          snissn/2482-manager     -> origin/snissn/2482-manager
stable legacy/public capture	UNKNOWN STEP	2026-10-06T10:05:52.7459012Z  * [new branch]          snissn/2483-docs-manager -> origin/snissn/2483-docs-manager
stable legacy/public capture	UNKNOWN STEP	2026-10-06T10:05:52.7459165Z  * [new branch]          snissn/2491-manager     -> origin/snissn/2491-manager
stable legacy/public capture	UNKNOWN STEP	2026-10-06T10:05:52.7459307Z  * [new branch]          snissn/2496-manager     -> origin/snissn/2496-manager
stable legacy/public capture	UNKNOWN STEP	2026-10-06T10:05:52.7459456Z  * [new branch]          snissn/2497-manager     -> origin/snissn/2497-manager
stable legacy/public capture	UNKNOWN STEP	2026-10-06T10:05:52.7459603Z  * [new branch]          snissn/2498-manager     -> origin/snissn/2498-manager
stable legacy/public capture	UNKNOWN STEP	2026-10-06T10:05:52.7459743Z  * [new branch]          snissn/2502-manager     -> origin/snissn/2502-manager
stable legacy/public capture	UNKNOWN STEP	2026-10-06T10:05:52.7459889Z  * [new branch]          snissn/2503-manager     -> origin/snissn/2503-manager
stable legacy/public capture	UNKNOWN STEP	2026-10-06T10:05:52.7460045Z  * [new branch]          snissn/2503-text-pr2    -> origin/snissn/2503-text-pr2
stable legacy/public capture	UNKNOWN STEP	2026-10-06T10:05:52.7460189Z  * [new branch]          snissn/2504-manager     -> origin/snissn/2504-manager
stable legacy/public capture	UNKNOWN STEP	2026-10-06T10:05:52.7460331Z  * [new branch]          snissn/2505-manager     -> origin/snissn/2505-manager
stable legacy/public capture	UNKNOWN STEP	2026-10-06T10:05:52.7460483Z  * [new branch]          snissn/2506-manager     -> origin/snissn/2506-manager
stable legacy/public capture	UNKNOWN STEP	2026-10-06T10:05:52.7460630Z  * [new branch]          snissn/2515-manager     -> origin/snissn/2515-manager
stable legacy/public capture	UNKNOWN STEP	2026-10-06T10:05:52.7460768Z  * [new branch]          snissn/2518-manager     -> origin/snissn/2518-manager
stable legacy/public capture	UNKNOWN STEP	2026-10-06T10:05:52.7460916Z  * [new branch]          snissn/2519-manager     -> origin/snissn/2519-manager
stable legacy/public capture	UNKNOWN STEP	2026-10-06T10:05:52.7461055Z  * [new branch]          snissn/2525-manager     -> origin/snissn/2525-manager
stable legacy/public capture	UNKNOWN STEP	2026-10-06T10:05:52.7461204Z  * [new branch]          snissn/2531-manager     -> origin/snissn/2531-manager
stable legacy/public capture	UNKNOWN STEP	2026-10-06T10:05:52.7461349Z  * [new branch]          snissn/2532-manager     -> origin/snissn/2532-manager
stable legacy/public capture	UNKNOWN STEP	2026-10-06T10:05:52.7461522Z  * [new branch]          snissn/2532-python-client -> origin/snissn/2532-python-client
stable legacy/public capture	UNKNOWN STEP	2026-10-06T10:05:52.7461770Z  * [new branch]          snissn/2533-haystack-mvp -> origin/snissn/2533-haystack-mvp
stable legacy/public capture	UNKNOWN STEP	2026-10-06T10:05:52.7461915Z  * [new branch]          snissn/2533-manager     -> origin/snissn/2533-manager
stable legacy/public capture	UNKNOWN STEP	2026-10-06T10:05:52.7462116Z  * [new branch]          snissn/2534a-service-manager -> origin/snissn/2534a-service-manager
stable legacy/public capture	UNKNOWN STEP	2026-10-06T10:05:52.7462304Z  * [new branch]          snissn/2534b-client-manager -> origin/snissn/2534b-client-manager
stable legacy/public capture	UNKNOWN STEP	2026-10-06T10:05:52.7462501Z  * [new branch]          snissn/2534c-haystack-manager -> origin/snissn/2534c-haystack-manager
stable legacy/public capture	UNKNOWN STEP	2026-10-06T10:05:52.7462694Z  * [new branch]          snissn/2535-examples-listing -> origin/snissn/2535-examples-listing
stable legacy/public capture	UNKNOWN STEP	2026-10-06T10:05:52.7462835Z  * [new branch]          snissn/2539-manager     -> origin/snissn/2539-manager
stable legacy/public capture	UNKNOWN STEP	2026-10-06T10:05:52.7462983Z  * [new branch]          snissn/2541-manager     -> origin/snissn/2541-manager
stable legacy/public capture	UNKNOWN STEP	2026-10-06T10:05:52.7463156Z  * [new branch]          snissn/2541-profile-hook -> origin/snissn/2541-profile-hook
stable legacy/public capture	UNKNOWN STEP	2026-10-06T10:05:52.7463301Z  * [new branch]          snissn/2542-manager     -> origin/snissn/2542-manager
stable legacy/public capture	UNKNOWN STEP	2026-10-06T10:05:52.7463449Z  * [new branch]          snissn/2544-manager     -> origin/snissn/2544-manager
stable legacy/public capture	UNKNOWN STEP	2026-10-06T10:05:52.7463591Z  * [new branch]          snissn/2560-manager     -> origin/snissn/2560-manager
stable legacy/public capture	UNKNOWN STEP	2026-10-06T10:05:52.7463760Z  * [new branch]          snissn/2564-index-bench -> origin/snissn/2564-index-bench
stable legacy/public capture	UNKNOWN STEP	2026-10-06T10:05:52.7463898Z  * [new branch]          snissn/2570-manager     -> origin/snissn/2570-manager
stable legacy/public capture	UNKNOWN STEP	2026-10-06T10:05:52.7464043Z  * [new branch]          snissn/2573-manager     -> origin/snissn/2573-manager
stable legacy/public capture	UNKNOWN STEP	2026-10-06T10:05:52.7464187Z  * [new branch]          snissn/2585-manager     -> origin/snissn/2585-manager
stable legacy/public capture	UNKNOWN STEP	2026-10-06T10:05:52.7464417Z  * [new branch]          snissn/2586-manager     -> origin/snissn/2586-manager
stable legacy/public capture	UNKNOWN STEP	2026-10-06T10:05:52.7464571Z  * [new branch]          snissn/2587-manager     -> origin/snissn/2587-manager
stable legacy/public capture	UNKNOWN STEP	2026-10-06T10:05:52.7464791Z  * [new branch]          snissn/2587-manager-rebased -> origin/snissn/2587-manager-rebased
stable legacy/public capture	UNKNOWN STEP	2026-10-06T10:05:52.7465261Z  * [new branch]          snissn/2587-manager-rebased2 -> origin/snissn/2587-manager-rebased2
stable legacy/public capture	UNKNOWN STEP	2026-10-06T10:05:52.7465578Z  * [new branch]          snissn/2587-manager-rebased3 -> origin/snissn/2587-manager-rebased3
stable legacy/public capture	UNKNOWN STEP	2026-10-06T10:05:52.7465808Z  * [new branch]          snissn/2588-manager     -> origin/snissn/2588-manager
stable legacy/public capture	UNKNOWN STEP	2026-10-06T10:05:52.7466071Z  * [new branch]          snissn/2589-alloc-manager -> origin/snissn/2589-alloc-manager
stable legacy/public capture	UNKNOWN STEP	2026-10-06T10:05:52.7466239Z  * [new branch]          snissn/2589-docs-closeout -> origin/snissn/2589-docs-closeout
stable legacy/public capture	UNKNOWN STEP	2026-10-06T10:05:52.7466463Z  * [new branch]          snissn/2589-insert-alloc-manager -> origin/snissn/2589-insert-alloc-manager
stable legacy/public capture	UNKNOWN STEP	2026-10-06T10:05:52.7466616Z  * [new branch]          snissn/2591-manager     -> origin/snissn/2591-manager
stable legacy/public capture	UNKNOWN STEP	2026-10-06T10:05:52.7466803Z  * [new branch]          snissn/2596-reftracker-close -> origin/snissn/2596-reftracker-close
stable legacy/public capture	UNKNOWN STEP	2026-10-06T10:05:52.7466964Z  * [new branch]          snissn/2598-load-fix    -> origin/snissn/2598-load-fix
stable legacy/public capture	UNKNOWN STEP	2026-10-06T10:05:52.7467110Z  * [new branch]          snissn/2599-manager     -> origin/snissn/2599-manager
stable legacy/public capture	UNKNOWN STEP	2026-10-06T10:05:52.7467267Z  * [new branch]          snissn/2600-manager     -> origin/snissn/2600-manager
stable legacy/public capture	UNKNOWN STEP	2026-10-06T10:05:52.7467409Z  * [new branch]          snissn/2601-manager     -> origin/snissn/2601-manager
stable legacy/public capture	UNKNOWN STEP	2026-10-06T10:05:52.7467557Z  * [new branch]          snissn/2602-manager     -> origin/snissn/2602-manager
stable legacy/public capture	UNKNOWN STEP	2026-10-06T10:05:52.7467705Z  * [new branch]          snissn/2618-manager     -> origin/snissn/2618-manager
stable legacy/public capture	UNKNOWN STEP	2026-10-06T10:05:52.7467843Z  * [new branch]          snissn/2621-manager     -> origin/snissn/2621-manager
stable legacy/public capture	UNKNOWN STEP	2026-10-06T10:05:52.7468054Z  * [new branch]          snissn/2623-text-v2-m0-manager -> origin/snissn/2623-text-v2-m0-manager
stable legacy/public capture	UNKNOWN STEP	2026-10-06T10:05:52.7468274Z  * [new branch]          snissn/2624-text-v2-roots-manager -> origin/snissn/2624-text-v2-roots-manager
stable legacy/public capture	UNKNOWN STEP	2026-10-06T10:05:52.7468677Z  * [new branch]          snissn/2625-text-v2-posting-blocks-manager -> origin/snissn/2625-text-v2-posting-blocks-manager
stable legacy/public capture	UNKNOWN STEP	2026-10-06T10:05:52.7468952Z  * [new branch]          snissn/2626-text-v2-write-path-manager -> origin/snissn/2626-text-v2-write-path-manager
stable legacy/public capture	UNKNOWN STEP	2026-10-06T10:05:52.7469217Z  * [new branch]          snissn/2627-text-v2-score-search-manager -> origin/snissn/2627-text-v2-score-search-manager
stable legacy/public capture	UNKNOWN STEP	2026-10-06T10:05:52.7469468Z  * [new branch]          snissn/2628-text-v2-blockmax-manager -> origin/snissn/2628-text-v2-blockmax-manager
stable legacy/public capture	UNKNOWN STEP	2026-10-06T10:05:52.7469733Z  * [new branch]          snissn/2629-text-v2-lazy-details-manager -> origin/snissn/2629-text-v2-lazy-details-manager
stable legacy/public capture	UNKNOWN STEP	2026-10-06T10:05:52.7469988Z  * [new branch]          snissn/2630-text-v2-hardening-manager -> origin/snissn/2630-text-v2-hardening-manager
stable legacy/public capture	UNKNOWN STEP	2026-10-06T10:05:52.7470143Z  * [new branch]          snissn/2633-manager     -> origin/snissn/2633-manager
stable legacy/public capture	UNKNOWN STEP	2026-10-06T10:05:52.7470286Z  * [new branch]          snissn/2635-manager     -> origin/snissn/2635-manager
stable legacy/public capture	UNKNOWN STEP	2026-10-06T10:05:52.7470472Z  * [new branch]          snissn/2636-iterator-fix -> origin/snissn/2636-iterator-fix
stable legacy/public capture	UNKNOWN STEP	2026-10-06T10:05:52.7470691Z  * [new branch]          snissn/2637-hoodi-storage-tuning -> origin/snissn/2637-hoodi-storage-tuning
stable legacy/public capture	UNKNOWN STEP	2026-10-06T10:05:52.7470840Z  * [new branch]          snissn/2642-manager     -> origin/snissn/2642-manager
stable legacy/public capture	UNKNOWN STEP	2026-10-06T10:05:52.7470984Z  * [new branch]          snissn/2653-manager     -> origin/snissn/2653-manager
stable legacy/public capture	UNKNOWN STEP	2026-10-06T10:05:52.7471124Z  * [new branch]          snissn/2657-manager     -> origin/snissn/2657-manager
stable legacy/public capture	UNKNOWN STEP	2026-10-06T10:05:52.7471272Z  * [new branch]          snissn/2658-manager     -> origin/snissn/2658-manager
stable legacy/public capture	UNKNOWN STEP	2026-10-06T10:05:52.7471448Z  * [new branch]          snissn/2658-rawdot-manager -> origin/snissn/2658-rawdot-manager
stable legacy/public capture	UNKNOWN STEP	2026-10-06T10:05:52.7471623Z  * [new branch]          snissn/2659-greedy-manager -> origin/snissn/2659-greedy-manager
stable legacy/public capture	UNKNOWN STEP	2026-10-06T10:05:52.7471771Z  * [new branch]          snissn/2659-manager     -> origin/snissn/2659-manager
stable legacy/public capture	UNKNOWN STEP	2026-10-06T10:05:52.7472011Z  * [new branch]          snissn/2671-manager     -> origin/snissn/2671-manager
stable legacy/public capture	UNKNOWN STEP	2026-10-06T10:05:52.7472162Z  * [new branch]          snissn/2677-manager     -> origin/snissn/2677-manager
stable legacy/public capture	UNKNOWN STEP	2026-10-06T10:05:52.7472303Z  * [new branch]          snissn/2678-manager     -> origin/snissn/2678-manager
stable legacy/public capture	UNKNOWN STEP	2026-10-06T10:05:52.7472450Z  * [new branch]          snissn/2679-manager     -> origin/snissn/2679-manager
stable legacy/public capture	UNKNOWN STEP	2026-10-06T10:05:52.7472785Z  * [new branch]          snissn/2687-text-v2-default-10k-candidates-manager -> origin/snissn/2687-text-v2-default-10k-candidates-manager
stable legacy/public capture	UNKNOWN STEP	2026-10-06T10:05:52.7473091Z  * [new branch]          snissn/2688-text-v2-default-multiterm-manager -> origin/snissn/2688-text-v2-default-multiterm-manager
stable legacy/public capture	UNKNOWN STEP	2026-10-06T10:05:52.7473416Z  * [new branch]          snissn/2689-text-v2-default-write-budget-manager -> origin/snissn/2689-text-v2-default-write-budget-manager
stable legacy/public capture	UNKNOWN STEP	2026-10-06T10:05:52.7473690Z  * [new branch]          snissn/2690-text-v2-default-switch-manager -> origin/snissn/2690-text-v2-default-switch-manager
stable legacy/public capture	UNKNOWN STEP	2026-10-06T10:05:52.7473854Z  * [new branch]          snissn/2704-manager     -> origin/snissn/2704-manager
stable legacy/public capture	UNKNOWN STEP	2026-10-06T10:05:52.7473995Z  * [new branch]          snissn/2705-manager     -> origin/snissn/2705-manager
stable legacy/public capture	UNKNOWN STEP	2026-10-06T10:05:52.7474143Z  * [new branch]          snissn/2706-manager     -> origin/snissn/2706-manager
stable legacy/public capture	UNKNOWN STEP	2026-10-06T10:05:52.7474288Z  * [new branch]          snissn/2709-manager     -> origin/snissn/2709-manager
stable legacy/public capture	UNKNOWN STEP	2026-10-06T10:05:52.7474427Z  * [new branch]          snissn/2711-manager     -> origin/snissn/2711-manager
stable legacy/public capture	UNKNOWN STEP	2026-10-06T10:05:52.7474594Z  * [new branch]          snissn/2711-r1-manager  -> origin/snissn/2711-r1-manager
stable legacy/public capture	UNKNOWN STEP	2026-10-06T10:05:52.7474893Z  * [new branch]          snissn/2727-text-v2-hybrid-scoreboard-manager -> origin/snissn/2727-text-v2-hybrid-scoreboard-manager
stable legacy/public capture	UNKNOWN STEP	2026-10-06T10:05:52.7475332Z  * [new branch]          snissn/2728-text-v2-posting-overhead-manager -> origin/snissn/2728-text-v2-posting-overhead-manager
stable legacy/public capture	UNKNOWN STEP	2026-10-06T10:05:52.7475738Z  * [new branch]          snissn/2729-hybrid-fusion-budgeting-manager -> origin/snissn/2729-hybrid-fusion-budgeting-manager
stable legacy/public capture	UNKNOWN STEP	2026-10-06T10:05:52.7475974Z  * [new branch]          snissn/2730-text-v2-or-wand-manager -> origin/snissn/2730-text-v2-or-wand-manager
stable legacy/public capture	UNKNOWN STEP	2026-10-06T10:05:52.7476142Z  * [new branch]          snissn/2730-wand-exec   -> origin/snissn/2730-wand-exec
stable legacy/public capture	UNKNOWN STEP	2026-10-06T10:05:52.7476392Z  * [new branch]          snissn/2731-text-hybrid-scale-manager -> origin/snissn/2731-text-hybrid-scale-manager
stable legacy/public capture	UNKNOWN STEP	2026-10-06T10:05:52.7476707Z  * [new branch]          snissn/2732-text-v2-maintenance-policy-manager -> origin/snissn/2732-text-v2-maintenance-policy-manager
stable legacy/public capture	UNKNOWN STEP	2026-10-06T10:05:52.7476995Z  * [new branch]          snissn/2733-text-v2-phrase-analyzer-manager -> origin/snissn/2733-text-v2-phrase-analyzer-manager
stable legacy/public capture	UNKNOWN STEP	2026-10-06T10:05:52.7477137Z  * [new branch]          snissn/2768-manager     -> origin/snissn/2768-manager
stable legacy/public capture	UNKNOWN STEP	2026-10-06T10:05:52.7477287Z  * [new branch]          snissn/2769-manager     -> origin/snissn/2769-manager
stable legacy/public capture	UNKNOWN STEP	2026-10-06T10:05:52.7477429Z  * [new branch]          snissn/2770-manager     -> origin/snissn/2770-manager
stable legacy/public capture	UNKNOWN STEP	2026-10-06T10:05:52.7477573Z  * [new branch]          snissn/2771-manager     -> origin/snissn/2771-manager
stable legacy/public capture	UNKNOWN STEP	2026-10-06T10:05:52.7477722Z  * [new branch]          snissn/2772-manager     -> origin/snissn/2772-manager
stable legacy/public capture	UNKNOWN STEP	2026-10-06T10:05:52.7477862Z  * [new branch]          snissn/2773-manager     -> origin/snissn/2773-manager
stable legacy/public capture	UNKNOWN STEP	2026-10-06T10:05:52.7478010Z  * [new branch]          snissn/2774-manager     -> origin/snissn/2774-manager
stable legacy/public capture	UNKNOWN STEP	2026-10-06T10:05:52.7478146Z  * [new branch]          snissn/2783-manager     -> origin/snissn/2783-manager
stable legacy/public capture	UNKNOWN STEP	2026-10-06T10:05:52.7478293Z  * [new branch]          snissn/2784-manager     -> origin/snissn/2784-manager
stable legacy/public capture	UNKNOWN STEP	2026-10-06T10:05:52.7478439Z  * [new branch]          snissn/2785-manager     -> origin/snissn/2785-manager
stable legacy/public capture	UNKNOWN STEP	2026-10-06T10:05:52.7478579Z  * [new branch]          snissn/2786-manager     -> origin/snissn/2786-manager
stable legacy/public capture	UNKNOWN STEP	2026-10-06T10:05:52.7478762Z  * [new branch]          snissn/2787-actual-manager -> origin/snissn/2787-actual-manager
stable legacy/public capture	UNKNOWN STEP	2026-10-06T10:05:52.7479028Z  * [new branch]          snissn/2787-manager     -> origin/snissn/2787-manager
stable legacy/public capture	UNKNOWN STEP	2026-10-06T10:05:52.7479175Z  * [new branch]          snissn/2788-manager     -> origin/snissn/2788-manager
stable legacy/public capture	UNKNOWN STEP	2026-10-06T10:05:52.7479318Z  * [new branch]          snissn/2794-manager     -> origin/snissn/2794-manager
stable legacy/public capture	UNKNOWN STEP	2026-10-06T10:05:52.7479502Z  * [new branch]          snissn/2794-runtime-manager -> origin/snissn/2794-runtime-manager
stable legacy/public capture	UNKNOWN STEP	2026-10-06T10:05:52.7479647Z  * [new branch]          snissn/2795-manager     -> origin/snissn/2795-manager
stable legacy/public capture	UNKNOWN STEP	2026-10-06T10:05:52.7479863Z  * [new branch]          snissn/2834-scoreboard-synthesis -> origin/snissn/2834-scoreboard-synthesis
stable legacy/public capture	UNKNOWN STEP	2026-10-06T10:05:52.7480112Z  * [new branch]          snissn/2835-footprint-compression -> origin/snissn/2835-footprint-compression
stable legacy/public capture	UNKNOWN STEP	2026-10-06T10:05:52.7480308Z  * [new branch]          snissn/2836-scalar-aware-wand -> origin/snissn/2836-scalar-aware-wand
stable legacy/public capture	UNKNOWN STEP	2026-10-06T10:05:52.7480480Z  * [new branch]          snissn/2837-scale-soak  -> origin/snissn/2837-scale-soak
stable legacy/public capture	UNKNOWN STEP	2026-10-06T10:05:52.7480653Z  * [new branch]          snissn/2838-query-explain -> origin/snissn/2838-query-explain
stable legacy/public capture	UNKNOWN STEP	2026-10-06T10:05:52.7480856Z  * [new branch]          snissn/2839-analyzer-relevance -> origin/snissn/2839-analyzer-relevance
stable legacy/public capture	UNKNOWN STEP	2026-10-06T10:05:52.7481049Z  * [new branch]          snissn/2840-text-v2-hardening -> origin/snissn/2840-text-v2-hardening
stable legacy/public capture	UNKNOWN STEP	2026-10-06T10:05:52.7481224Z  * [new branch]          snissn/2865-alpha-baseline -> origin/snissn/2865-alpha-baseline
stable legacy/public capture	UNKNOWN STEP	2026-10-06T10:05:52.7481428Z  * [new branch]          snissn/2866-alpha-lookup-scale -> origin/snissn/2866-alpha-lookup-scale
stable legacy/public capture	UNKNOWN STEP	2026-10-06T10:05:52.7481621Z  * [new branch]          snissn/2867-alpha-query-prep -> origin/snissn/2867-alpha-query-prep
stable legacy/public capture	UNKNOWN STEP	2026-10-06T10:05:52.7481842Z  * [new branch]          snissn/2868-scorer-specialization -> origin/snissn/2868-scorer-specialization
stable legacy/public capture	UNKNOWN STEP	2026-10-06T10:05:52.7482127Z  * [new branch]          snissn/2869-alpha-default-gate -> origin/snissn/2869-alpha-default-gate
stable legacy/public capture	UNKNOWN STEP	2026-10-06T10:05:52.7482316Z  * [new branch]          snissn/2873-high-df-pruning -> origin/snissn/2873-high-df-pruning
stable legacy/public capture	UNKNOWN STEP	2026-10-06T10:05:52.7482535Z  * [new branch]          snissn/2874-scalar-aware-pruning -> origin/snissn/2874-scalar-aware-pruning
stable legacy/public capture	UNKNOWN STEP	2026-10-06T10:05:52.7482780Z  * [new branch]          snissn/2875-adaptive-hybrid-budgets -> origin/snissn/2875-adaptive-hybrid-budgets
stable legacy/public capture	UNKNOWN STEP	2026-10-06T10:05:52.7483000Z  * [new branch]          snissn/2876-posting-decode-allocs -> origin/snissn/2876-posting-decode-allocs
stable legacy/public capture	UNKNOWN STEP	2026-10-06T10:05:52.7483170Z  * [new branch]          snissn/2879-docs-manager -> origin/snissn/2879-docs-manager
stable legacy/public capture	UNKNOWN STEP	2026-10-06T10:05:52.7483458Z  * [new branch]          snissn/2946-checkpoint-wait-classification -> origin/snissn/2946-checkpoint-wait-classification
stable legacy/public capture	UNKNOWN STEP	2026-10-06T10:05:52.7483697Z  * [new branch]          snissn/2947-apply-hardware-ceiling -> origin/snissn/2947-apply-hardware-ceiling
stable legacy/public capture	UNKNOWN STEP	2026-10-06T10:05:52.7483966Z  * [new branch]          snissn/2949-leaf-log-append-inventory -> origin/snissn/2949-leaf-log-append-inventory
stable legacy/public capture	UNKNOWN STEP	2026-10-06T10:05:52.7484187Z  * [new branch]          snissn/2950-wide-leaf-log-policy -> origin/snissn/2950-wide-leaf-log-policy
stable legacy/public capture	UNKNOWN STEP	2026-10-06T10:05:52.7484445Z  * [new branch]          snissn/2951-collection-storage-wiring -> origin/snissn/2951-collection-storage-wiring
stable legacy/public capture	UNKNOWN STEP	2026-10-06T10:05:52.7484641Z  * [new branch]          snissn/cached-rid-tail-start -> origin/snissn/cached-rid-tail-start
stable legacy/public capture	UNKNOWN STEP	2026-10-06T10:05:52.7484876Z  * [new branch]          snissn/commitwal-large-geth-batch -> origin/snissn/commitwal-large-geth-batch
stable legacy/public capture	UNKNOWN STEP	2026-10-06T10:05:52.7485135Z  * [new branch]          snissn/disable-vlog-reftracker-outer -> origin/snissn/disable-vlog-reftracker-outer
stable legacy/public capture	UNKNOWN STEP	2026-10-06T10:05:52.7485522Z  * [new branch]          snissn/hotkv-matrix-counters-report -> origin/snissn/hotkv-matrix-counters-report
stable legacy/public capture	UNKNOWN STEP	2026-10-06T10:05:52.7485859Z  * [new branch]          snissn/https-github.com-snissn-gomap-issues-730 -> origin/snissn/https-github.com-snissn-gomap-issues-730
stable legacy/public capture	UNKNOWN STEP	2026-10-06T10:05:52.7486135Z  * [new branch]          snissn/issue-1803-manager -> origin/snissn/issue-1803-manager
stable legacy/public capture	UNKNOWN STEP	2026-10-06T10:05:52.7486312Z  * [new branch]          snissn/issue-1808-manager -> origin/snissn/issue-1808-manager
stable legacy/public capture	UNKNOWN STEP	2026-10-06T10:05:52.7486489Z  * [new branch]          snissn/kill-search-allocs -> origin/snissn/kill-search-allocs
stable legacy/public capture	UNKNOWN STEP	2026-10-06T10:05:52.7486716Z  * [new branch]          snissn/reftracker-noop-commitseq -> origin/snissn/reftracker-noop-commitseq
stable legacy/public capture	UNKNOWN STEP	2026-10-06T10:05:52.7486946Z  * [new branch]          snissn/replay-appender-rid-start -> origin/snissn/replay-appender-rid-start
stable legacy/public capture	UNKNOWN STEP	2026-10-06T10:05:52.7487210Z  * [new branch]          snissn/retained-active-source-reclaim -> origin/snissn/retained-active-source-reclaim
stable legacy/public capture	UNKNOWN STEP	2026-10-06T10:05:52.7487536Z  * [new branch]          snissn/retained-audit-iterator-final-evidence -> origin/snissn/retained-audit-iterator-final-evidence
stable legacy/public capture	UNKNOWN STEP	2026-10-06T10:05:52.7487702Z  * [new branch]          snissn/scorpionfish     -> origin/snissn/scorpionfish
stable legacy/public capture	UNKNOWN STEP	2026-10-06T10:05:52.7487995Z  * [new branch]          snissn/sepolia-periodic-vlog-plan-budget -> origin/snissn/sepolia-periodic-vlog-plan-budget
stable legacy/public capture	UNKNOWN STEP	2026-10-06T10:05:52.7488222Z  * [new branch]          snissn/sepolia-tree-depth-limit -> origin/snissn/sepolia-tree-depth-limit
stable legacy/public capture	UNKNOWN STEP	2026-10-06T10:05:52.7488444Z  * [new branch]          snissn/sepolia-vlog-maint-budget -> origin/snissn/sepolia-vlog-maint-budget
stable legacy/public capture	UNKNOWN STEP	2026-10-06T10:05:52.7488711Z  * [new branch]          snissn/u8-fp32-detail-query-experiment -> origin/snissn/u8-fp32-detail-query-experiment
stable legacy/public capture	UNKNOWN STEP	2026-10-06T10:05:52.7489034Z  * [new branch]          snissn/vector-external-compare-readme-20260608 -> origin/snissn/vector-external-compare-readme-20260608
stable legacy/public capture	UNKNOWN STEP	2026-10-06T10:05:52.7489198Z  * [new branch]          snissn/vector-http-b64  -> origin/snissn/vector-http-b64
stable legacy/public capture	UNKNOWN STEP	2026-10-06T10:05:52.7489473Z  * [new branch]          snissn/vector-recall-ef-search-20260602 -> origin/snissn/vector-recall-ef-search-20260602
stable legacy/public capture	UNKNOWN STEP	2026-10-06T10:05:52.7489855Z  * [new branch]          snissn/vector-recall-entrypoint-20260602 -> origin/snissn/vector-recall-entrypoint-20260602
stable legacy/public capture	UNKNOWN STEP	2026-10-06T10:05:52.7490120Z  * [new branch]          snissn/vector-search-profile-20260602 -> origin/snissn/vector-search-profile-20260602
stable legacy/public capture	UNKNOWN STEP	2026-10-06T10:05:52.7490410Z  * [new branch]          snissn/vector-search-profile-opt-20260603 -> origin/snissn/vector-search-profile-opt-20260603
stable legacy/public capture	UNKNOWN STEP	2026-10-06T10:05:52.7490659Z  * [new branch]          snissn/vector-search-work-accounting -> origin/snissn/vector-search-work-accounting
stable legacy/public capture	UNKNOWN STEP	2026-10-06T10:05:52.7490832Z  * [new branch]          split-value-leaf-logs   -> origin/split-value-leaf-logs
stable legacy/public capture	UNKNOWN STEP	2026-10-06T10:05:52.7491096Z  * [new branch]          split-value-leaf-logs-compression-fix -> origin/split-value-leaf-logs-compression-fix
stable legacy/public capture	UNKNOWN STEP	2026-10-06T10:05:52.7491257Z  * [new branch]          sprint/autotuner_1      -> origin/sprint/autotuner_1
stable legacy/public capture	UNKNOWN STEP	2026-10-06T10:05:52.7491410Z  * [new branch]          sprint/autotuner_2      -> origin/sprint/autotuner_2
stable legacy/public capture	UNKNOWN STEP	2026-10-06T10:05:52.7491559Z  * [new branch]          sprint/autotuner_3      -> origin/sprint/autotuner_3
stable legacy/public capture	UNKNOWN STEP	2026-10-06T10:05:52.7491713Z  * [new branch]          sprint/autotuner_4      -> origin/sprint/autotuner_4
stable legacy/public capture	UNKNOWN STEP	2026-10-06T10:05:52.7491855Z  * [new branch]          sprint/autotuner_5      -> origin/sprint/autotuner_5
stable legacy/public capture	UNKNOWN STEP	2026-10-06T10:05:52.7492001Z  * [new branch]          sprint/autotuner_6      -> origin/sprint/autotuner_6
stable legacy/public capture	UNKNOWN STEP	2026-10-06T10:05:52.7492157Z  * [new branch]          sprint/autotuner_7      -> origin/sprint/autotuner_7
stable legacy/public capture	UNKNOWN STEP	2026-10-06T10:05:52.7492375Z  * [new branch]          sprint/flush-forceptr-batching -> origin/sprint/flush-forceptr-batching
stable legacy/public capture	UNKNOWN STEP	2026-10-06T10:05:52.7492561Z  * [new branch]          sprint/flush-lane-adaptive -> origin/sprint/flush-lane-adaptive
stable legacy/public capture	UNKNOWN STEP	2026-10-06T10:05:52.7492709Z  * [new branch]          sprint/issue117_1       -> origin/sprint/issue117_1
stable legacy/public capture	UNKNOWN STEP	2026-10-06T10:05:52.7492854Z  * [new branch]          sprint/issue118_1       -> origin/sprint/issue118_1
stable legacy/public capture	UNKNOWN STEP	2026-10-06T10:05:52.7492997Z  * [new branch]          sprint/issue119_1       -> origin/sprint/issue119_1
stable legacy/public capture	UNKNOWN STEP	2026-10-06T10:05:52.7493222Z  * [new branch]          sprint/live_bench_1     -> origin/sprint/live_bench_1
stable legacy/public capture	UNKNOWN STEP	2026-10-06T10:05:52.7493373Z  * [new branch]          sprint/live_bench_2     -> origin/sprint/live_bench_2
stable legacy/public capture	UNKNOWN STEP	2026-10-06T10:05:52.7493569Z  * [new branch]          sprint/postmerge-vlog-shape -> origin/sprint/postmerge-vlog-shape
stable legacy/public capture	UNKNOWN STEP	2026-10-06T10:05:52.7493782Z  * [new branch]          sprint/rc351-iterative-hotpath -> origin/sprint/rc351-iterative-hotpath
stable legacy/public capture	UNKNOWN STEP	2026-10-06T10:05:52.7493919Z  * [new branch]          sprint/rc_1             -> origin/sprint/rc_1
stable legacy/public capture	UNKNOWN STEP	2026-10-06T10:05:52.7494098Z  * [new branch]          sprint/rc_autotune_fix_1 -> origin/sprint/rc_autotune_fix_1
stable legacy/public capture	UNKNOWN STEP	2026-10-06T10:05:52.7494277Z  * [new branch]          sprint/rc_merge_gate_ext_1 -> origin/sprint/rc_merge_gate_ext_1
stable legacy/public capture	UNKNOWN STEP	2026-10-06T10:05:52.7494431Z  * [new branch]          sprint/rc_perf_fix_1    -> origin/sprint/rc_perf_fix_1
stable legacy/public capture	UNKNOWN STEP	2026-10-06T10:05:52.7494591Z  * [new branch]          sprint/rc_perf_fix_2    -> origin/sprint/rc_perf_fix_2
stable legacy/public capture	UNKNOWN STEP	2026-10-06T10:05:52.7494737Z  * [new branch]          sprint/rc_perf_fix_3    -> origin/sprint/rc_perf_fix_3
stable legacy/public capture	UNKNOWN STEP	2026-10-06T10:05:52.7494888Z  * [new branch]          sprint/rc_perf_fix_4    -> origin/sprint/rc_perf_fix_4
stable legacy/public capture	UNKNOWN STEP	2026-10-06T10:05:52.7495094Z  * [new branch]          sprint/rc_value_log_threshold_1 -> origin/sprint/rc_value_log_threshold_1
stable legacy/public capture	UNKNOWN STEP	2026-10-06T10:05:52.7495483Z  * [new branch]          sprint/slabopt-pr0-bench-lanes-probe -> origin/sprint/slabopt-pr0-bench-lanes-probe
stable legacy/public capture	UNKNOWN STEP	2026-10-06T10:05:52.7495770Z  * [new branch]          sprint/slabopt-pr1-journal-abstraction -> origin/sprint/slabopt-pr1-journal-abstraction
stable legacy/public capture	UNKNOWN STEP	2026-10-06T10:05:52.7496004Z  * [new branch]          sprint/slabopt-pr10-dict-bench-ci -> origin/sprint/slabopt-pr10-dict-bench-ci
stable legacy/public capture	UNKNOWN STEP	2026-10-06T10:05:52.7496364Z  * [new branch]          sprint/slabopt-pr11-writepath-guardrails-defaults -> origin/sprint/slabopt-pr11-writepath-guardrails-defaults
stable legacy/public capture	UNKNOWN STEP	2026-10-06T10:05:52.7496810Z  * [new branch]          sprint/slabopt-pr12-disable-journal-keep-valuelog -> origin/sprint/slabopt-pr12-disable-journal-keep-valuelog
stable legacy/public capture	UNKNOWN STEP	2026-10-06T10:05:52.7497067Z  * [new branch]          sprint/slabopt-pr13-mode23-read-opt -> origin/sprint/slabopt-pr13-mode23-read-opt
stable legacy/public capture	UNKNOWN STEP	2026-10-06T10:05:52.7497335Z  * [new branch]          sprint/slabopt-pr14-deferred-valuelog -> origin/sprint/slabopt-pr14-deferred-valuelog
stable legacy/public capture	UNKNOWN STEP	2026-10-06T10:05:52.7497623Z  * [new branch]          sprint/slabopt-pr15-valuelog-mmap-readopt -> origin/sprint/slabopt-pr15-valuelog-mmap-readopt
stable legacy/public capture	UNKNOWN STEP	2026-10-06T10:05:52.7497905Z  * [new branch]          sprint/slabopt-pr16-valuelog-writev-queue -> origin/sprint/slabopt-pr16-valuelog-writev-queue
stable legacy/public capture	UNKNOWN STEP	2026-10-06T10:05:52.7498180Z  * [new branch]          sprint/slabopt-pr17-mode4-stream-bypass -> origin/sprint/slabopt-pr17-mode4-stream-bypass
stable legacy/public capture	UNKNOWN STEP	2026-10-06T10:05:52.7498449Z  * [new branch]          sprint/slabopt-pr18-deferred-flush-perf -> origin/sprint/slabopt-pr18-deferred-flush-perf
stable legacy/public capture	UNKNOWN STEP	2026-10-06T10:05:52.7498700Z  * [new branch]          sprint/slabopt-pr19-vlog-dict-bench -> origin/sprint/slabopt-pr19-vlog-dict-bench
stable legacy/public capture	UNKNOWN STEP	2026-10-06T10:05:52.7498886Z  * [new branch]          sprint/slabopt-pr2-dictdb -> origin/sprint/slabopt-pr2-dictdb
stable legacy/public capture	UNKNOWN STEP	2026-10-06T10:05:52.7499146Z  * [new branch]          sprint/slabopt-pr20-vlog-dict-metrics -> origin/sprint/slabopt-pr20-vlog-dict-metrics
stable legacy/public capture	UNKNOWN STEP	2026-10-06T10:05:52.7499442Z  * [new branch]          sprint/slabopt-pr21-vlog-dict-read-benches -> origin/sprint/slabopt-pr21-vlog-dict-read-benches
stable legacy/public capture	UNKNOWN STEP	2026-10-06T10:05:52.7499682Z  * [new branch]          sprint/slabopt-pr211-pager-hugepage -> origin/sprint/slabopt-pr211-pager-hugepage
stable legacy/public capture	UNKNOWN STEP	2026-10-06T10:05:52.7499970Z  * [new branch]          sprint/slabopt-pr212-checkpoint-prefetch -> origin/sprint/slabopt-pr212-checkpoint-prefetch
stable legacy/public capture	UNKNOWN STEP	2026-10-06T10:05:52.7500269Z  * [new branch]          sprint/slabopt-pr22-unifiedbench-dict-suite -> origin/sprint/slabopt-pr22-unifiedbench-dict-suite
stable legacy/public capture	UNKNOWN STEP	2026-10-06T10:05:52.7500651Z  * [new branch]          sprint/slabopt-pr23-vlog-dict-incompressible-overhead -> origin/sprint/slabopt-pr23-vlog-dict-incompressible-overhead
stable legacy/public capture	UNKNOWN STEP	2026-10-06T10:05:52.7501034Z  * [new branch]          sprint/slabopt-pr24-vlog-dict-skip-hotpath -> origin/sprint/slabopt-pr24-vlog-dict-skip-hotpath
stable legacy/public capture	UNKNOWN STEP	2026-10-06T10:05:52.7501406Z  * [new branch]          sprint/slabopt-pr25-vlog-dict-incompressible-sampling -> origin/sprint/slabopt-pr25-vlog-dict-incompressible-sampling
stable legacy/public capture	UNKNOWN STEP	2026-10-06T10:05:52.7501700Z  * [new branch]          sprint/slabopt-pr26-vlog-dict-k-selection -> origin/sprint/slabopt-pr26-vlog-dict-k-selection
stable legacy/public capture	UNKNOWN STEP	2026-10-06T10:05:52.7502037Z  * [new branch]          sprint/slabopt-pr27-vlog-dict-suite-measure-ratio -> origin/sprint/slabopt-pr27-vlog-dict-suite-measure-ratio
stable legacy/public capture	UNKNOWN STEP	2026-10-06T10:05:52.7502317Z  * [new branch]          sprint/slabopt-pr28-vlog-dict-noentropy -> origin/sprint/slabopt-pr28-vlog-dict-noentropy
stable legacy/public capture	UNKNOWN STEP	2026-10-06T10:05:52.7502620Z  * [new branch]          sprint/slabopt-pr29-vlog-dict-stream-encode -> origin/sprint/slabopt-pr29-vlog-dict-stream-encode
stable legacy/public capture	UNKNOWN STEP	2026-10-06T10:05:52.7502820Z  * [new branch]          sprint/slabopt-pr3-rid-join -> origin/sprint/slabopt-pr3-rid-join
stable legacy/public capture	UNKNOWN STEP	2026-10-06T10:05:52.7503143Z  * [new branch]          sprint/slabopt-pr30-vlog-dict-decode-fastpath -> origin/sprint/slabopt-pr30-vlog-dict-decode-fastpath
stable legacy/public capture	UNKNOWN STEP	2026-10-06T10:05:52.7503395Z  * [new branch]          sprint/slabopt-pr31-vlog-dict-maxk32 -> origin/sprint/slabopt-pr31-vlog-dict-maxk32
stable legacy/public capture	UNKNOWN STEP	2026-10-06T10:05:52.7503644Z  * [new branch]          sprint/slabopt-pr32-vlog-dict-probe -> origin/sprint/slabopt-pr32-vlog-dict-probe
stable legacy/public capture	UNKNOWN STEP	2026-10-06T10:05:52.7503931Z  * [new branch]          sprint/slabopt-pr33-vlog-dict-k-selection -> origin/sprint/slabopt-pr33-vlog-dict-k-selection
stable legacy/public capture	UNKNOWN STEP	2026-10-06T10:05:52.7504182Z  * [new branch]          sprint/slabopt-pr35-vlog-dict-ci-gate -> origin/sprint/slabopt-pr35-vlog-dict-ci-gate
stable legacy/public capture	UNKNOWN STEP	2026-10-06T10:05:52.7504451Z  * [new branch]          sprint/slabopt-pr36-vlog-dict-realdata -> origin/sprint/slabopt-pr36-vlog-dict-realdata
stable legacy/public capture	UNKNOWN STEP	2026-10-06T10:05:52.7504819Z  * [new branch]          sprint/slabopt-pr37-commitlog-compress -> origin/sprint/slabopt-pr37-commitlog-compress
stable legacy/public capture	UNKNOWN STEP	2026-10-06T10:05:52.7505096Z  * [new branch]          sprint/slabopt-pr38-vlog-dict-zero-copy -> origin/sprint/slabopt-pr38-vlog-dict-zero-copy
stable legacy/public capture	UNKNOWN STEP	2026-10-06T10:05:52.7505565Z  * [new branch]          sprint/slabopt-pr39-compression-copy-branch1 -> origin/sprint/slabopt-pr39-compression-copy-branch1
stable legacy/public capture	UNKNOWN STEP	2026-10-06T10:05:52.7505796Z  * [new branch]          sprint/slabopt-pr4-dict-dynamick -> origin/sprint/slabopt-pr4-dict-dynamick
stable legacy/public capture	UNKNOWN STEP	2026-10-06T10:05:52.7506084Z  * [new branch]          sprint/slabopt-pr40-vlog-writer-appendbuf -> origin/sprint/slabopt-pr40-vlog-writer-appendbuf
stable legacy/public capture	UNKNOWN STEP	2026-10-06T10:05:52.7506371Z  * [new branch]          sprint/slabopt-pr41-commitlog-copy-reduce -> origin/sprint/slabopt-pr41-commitlog-copy-reduce
stable legacy/public capture	UNKNOWN STEP	2026-10-06T10:05:52.7506649Z  * [new branch]          sprint/slabopt-pr42-bump-compress-7ad4519 -> origin/sprint/slabopt-pr42-bump-compress-7ad4519
stable legacy/public capture	UNKNOWN STEP	2026-10-06T10:05:52.7506934Z  * [new branch]          sprint/slabopt-pr43-vlog-writer-stream-k -> origin/sprint/slabopt-pr43-vlog-writer-stream-k
stable legacy/public capture	UNKNOWN STEP	2026-10-06T10:05:52.7507192Z  * [new branch]          sprint/slabopt-pr45-largeptrmap-mutex -> origin/sprint/slabopt-pr45-largeptrmap-mutex
stable legacy/public capture	UNKNOWN STEP	2026-10-06T10:05:52.7507455Z  * [new branch]          sprint/slabopt-pr46-vlog-dict-autotune -> origin/sprint/slabopt-pr46-vlog-dict-autotune
stable legacy/public capture	UNKNOWN STEP	2026-10-06T10:05:52.7507700Z  * [new branch]          sprint/slabopt-pr5-parallel-lanes -> origin/sprint/slabopt-pr5-parallel-lanes
stable legacy/public capture	UNKNOWN STEP	2026-10-06T10:05:52.7507952Z  * [new branch]          sprint/slabopt-pr6-recovery-hardening -> origin/sprint/slabopt-pr6-recovery-hardening
stable legacy/public capture	UNKNOWN STEP	2026-10-06T10:05:52.7508170Z  * [new branch]          sprint/slabopt-pr7-index-flags -> origin/sprint/slabopt-pr7-index-flags
stable legacy/public capture	UNKNOWN STEP	2026-10-06T10:05:52.7508395Z  * [new branch]          sprint/slabopt-pr8-regression-rc -> origin/sprint/slabopt-pr8-regression-rc
stable legacy/public capture	UNKNOWN STEP	2026-10-06T10:05:52.7508625Z  * [new branch]          sprint/slabopt-pr9-perf-followups -> origin/sprint/slabopt-pr9-perf-followups
stable legacy/public capture	UNKNOWN STEP	2026-10-06T10:05:52.7508979Z  * [new branch]          tdd/issue-583-vlog-bit23-roundtrip -> origin/tdd/issue-583-vlog-bit23-roundtrip
stable legacy/public capture	UNKNOWN STEP	2026-10-06T10:05:52.7509151Z  * [new branch]          test-bloat-regression   -> origin/test-bloat-regression
stable legacy/public capture	UNKNOWN STEP	2026-10-06T10:05:52.7509294Z  * [new branch]          test-mongo              -> origin/test-mongo
stable legacy/public capture	UNKNOWN STEP	2026-10-06T10:05:52.7509508Z  * [new branch]          test/bench-vacuum-post-rewrite -> origin/test/bench-vacuum-post-rewrite
stable legacy/public capture	UNKNOWN STEP	2026-10-06T10:05:52.7509739Z  * [new branch]          test/closed-db-method-regression -> origin/test/closed-db-method-regression
stable legacy/public capture	UNKNOWN STEP	2026-10-06T10:05:52.7510033Z  * [new branch]          test/collection-aware-online-value-rewrite -> origin/test/collection-aware-online-value-rewrite
stable legacy/public capture	UNKNOWN STEP	2026-10-06T10:05:52.7510325Z  * [new branch]          test/collection-aware-online-vlog-rewrite -> origin/test/collection-aware-online-vlog-rewrite
stable legacy/public capture	UNKNOWN STEP	2026-10-06T10:05:52.7510598Z  * [new branch]          test/collection-aware-vlog-maintenance -> origin/test/collection-aware-vlog-maintenance
stable legacy/public capture	UNKNOWN STEP	2026-10-06T10:05:52.7510846Z  * [new branch]          test/collection-aware-vlog-rewrite -> origin/test/collection-aware-vlog-rewrite
stable legacy/public capture	UNKNOWN STEP	2026-10-06T10:05:52.7511095Z  * [new branch]          test/collection-bench-matrix-runner -> origin/test/collection-bench-matrix-runner
stable legacy/public capture	UNKNOWN STEP	2026-10-06T10:05:52.7511361Z  * [new branch]          test/collection-leafpack-compression -> origin/test/collection-leafpack-compression
stable legacy/public capture	UNKNOWN STEP	2026-10-06T10:05:52.7511625Z  * [new branch]          test/collection-maintenance-api-smoke -> origin/test/collection-maintenance-api-smoke
stable legacy/public capture	UNKNOWN STEP	2026-10-06T10:05:52.7511868Z  * [new branch]          test/collection-vacuum-safety -> origin/test/collection-vacuum-safety
stable legacy/public capture	UNKNOWN STEP	2026-10-06T10:05:52.7512098Z  * [new branch]          test/collection-vlog-gc-api-smoke -> origin/test/collection-vlog-gc-api-smoke
stable legacy/public capture	UNKNOWN STEP	2026-10-06T10:05:52.7512359Z  * [new branch]          test/collections-canonical-benchmark -> origin/test/collections-canonical-benchmark
stable legacy/public capture	UNKNOWN STEP	2026-10-06T10:05:52.7512734Z  * [new branch]          test/iterator-snapshot-pinned-view-doc -> origin/test/iterator-snapshot-pinned-view-doc
stable legacy/public capture	UNKNOWN STEP	2026-10-06T10:05:52.7513021Z  * [new branch]          test/prefer-append-alloc-disk-regression -> origin/test/prefer-append-alloc-disk-regression
stable legacy/public capture	UNKNOWN STEP	2026-10-06T10:05:52.7513191Z  * [new branch]          test/typed-child-refs   -> origin/test/typed-child-refs
stable legacy/public capture	UNKNOWN STEP	2026-10-06T10:05:52.7513355Z  * [new branch]          track1/pr-a-guardrails  -> origin/track1/pr-a-guardrails
stable legacy/public capture	UNKNOWN STEP	2026-10-06T10:05:52.7513563Z  * [new branch]          track1/pr-b-rewrite-fenceptr -> origin/track1/pr-b-rewrite-fenceptr
stable legacy/public capture	UNKNOWN STEP	2026-10-06T10:05:52.7513748Z  * [new branch]          track1/pr-c-bounded-lookup -> origin/track1/pr-c-bounded-lookup
stable legacy/public capture	UNKNOWN STEP	2026-10-06T10:05:52.7513958Z  * [new branch]          track1/pr-c-bounded-lookup-r2 -> origin/track1/pr-c-bounded-lookup-r2
stable legacy/public capture	UNKNOWN STEP	2026-10-06T10:05:52.7514192Z  * [new branch]          track1/pr-d-api-coherence-hotpath -> origin/track1/pr-d-api-coherence-hotpath
stable legacy/public capture	UNKNOWN STEP	2026-10-06T10:05:52.7514524Z  * [new branch]          track1/pr-d-followup-getentry-error-propagation -> origin/track1/pr-d-followup-getentry-error-propagation
stable legacy/public capture	UNKNOWN STEP	2026-10-06T10:05:52.7514714Z  * [new branch]          treedb-alloc-contention -> origin/treedb-alloc-contention
stable legacy/public capture	UNKNOWN STEP	2026-10-06T10:05:52.7514941Z  * [new branch]          treedb-auto-checkpoint-defaults -> origin/treedb-auto-checkpoint-defaults
stable legacy/public capture	UNKNOWN STEP	2026-10-06T10:05:52.7515157Z  * [new branch]          treedb-default-chunk-size-16m -> origin/treedb-default-chunk-size-16m
stable legacy/public capture	UNKNOWN STEP	2026-10-06T10:05:52.7515535Z  * [new branch]          treedb-exhaustive-compact-2290 -> origin/treedb-exhaustive-compact-2290
stable legacy/public capture	UNKNOWN STEP	2026-10-06T10:05:52.7515730Z  * [new branch]          treedb-native-insert-rlock -> origin/treedb-native-insert-rlock
stable legacy/public capture	UNKNOWN STEP	2026-10-06T10:05:52.7515916Z  * [new branch]          treedb-open-close-bench -> origin/treedb-open-close-bench
stable legacy/public capture	UNKNOWN STEP	2026-10-06T10:05:52.7516117Z  * [new branch]          treedb-parallel-flush-build -> origin/treedb-parallel-flush-build
stable legacy/public capture	UNKNOWN STEP	2026-10-06T10:05:52.7516291Z  * [new branch]          treedb-slab-write-opt   -> origin/treedb-slab-write-opt
stable legacy/public capture	UNKNOWN STEP	2026-10-06T10:05:52.7516471Z  * [new branch]          treedb-tracing-capture  -> origin/treedb-tracing-capture
stable legacy/public capture	UNKNOWN STEP	2026-10-06T10:05:52.7516738Z  * [new branch]          treedb-unified-recovery -> origin/treedb-unified-recovery
stable legacy/public capture	UNKNOWN STEP	2026-10-06T10:05:52.7516914Z  * [new branch]          treedb-vacuum-gen-swap  -> origin/treedb-vacuum-gen-swap
stable legacy/public capture	UNKNOWN STEP	2026-10-06T10:05:52.7517077Z  * [new branch]          treemap-readonly-open   -> origin/treemap-readonly-open
stable legacy/public capture	UNKNOWN STEP	2026-10-06T10:05:52.7517334Z  * [new branch]          unified-bench-vacuum-between-tests -> origin/unified-bench-vacuum-between-tests
stable legacy/public capture	UNKNOWN STEP	2026-10-06T10:05:52.7517489Z  * [new branch]          vector-ef-answer        -> origin/vector-ef-answer
stable legacy/public capture	UNKNOWN STEP	2026-10-06T10:05:52.7517628Z  * [new branch]          wal-value-log           -> origin/wal-value-log
stable legacy/public capture	UNKNOWN STEP	2026-10-06T10:05:52.7517804Z  * [new branch]          zipper-sync-maintenance -> origin/zipper-sync-maintenance
stable legacy/public capture	UNKNOWN STEP	2026-10-06T10:05:52.7517913Z  * [new tag]             0.3.1                   -> 0.3.1
stable legacy/public capture	UNKNOWN STEP	2026-10-06T10:05:52.7518175Z  * [new tag]             main-pre-safe-candidate-20260116-154607 -> main-pre-safe-candidate-20260116-154607
stable legacy/public capture	UNKNOWN STEP	2026-10-06T10:05:52.7518385Z  * [new tag]             treedb-power-loss-cert-02c527b8 -> treedb-power-loss-cert-02c527b8
stable legacy/public capture	UNKNOWN STEP	2026-10-06T10:05:52.7518571Z  * [new tag]             treedb-power-loss-cert-092f41cc -> treedb-power-loss-cert-092f41cc
stable legacy/public capture	UNKNOWN STEP	2026-10-06T10:05:52.7518776Z  * [new tag]             treedb-power-loss-cert-121462d80 -> treedb-power-loss-cert-121462d80
stable legacy/public capture	UNKNOWN STEP	2026-10-06T10:05:52.7518960Z  * [new tag]             treedb-power-loss-cert-25db6252 -> treedb-power-loss-cert-25db6252
stable legacy/public capture	UNKNOWN STEP	2026-10-06T10:05:52.7519168Z  * [new tag]             treedb-power-loss-cert-29b1ab1ad -> treedb-power-loss-cert-29b1ab1ad
stable legacy/public capture	UNKNOWN STEP	2026-10-06T10:05:52.7519355Z  * [new tag]             treedb-power-loss-cert-84e3f665 -> treedb-power-loss-cert-84e3f665
stable legacy/public capture	UNKNOWN STEP	2026-10-06T10:05:52.7519695Z  * [new tag]             treedb-quicksilver-4888-evidence-b215d8bb-20261002 -> treedb-quicksilver-4888-evidence-b215d8bb-20261002
stable legacy/public capture	UNKNOWN STEP	2026-10-06T10:05:52.7519905Z  * [new tag]             v0.1.0                  -> v0.1.0
stable legacy/public capture	UNKNOWN STEP	2026-10-06T10:05:52.7520007Z  * [new tag]             v0.2.0                  -> v0.2.0
stable legacy/public capture	UNKNOWN STEP	2026-10-06T10:05:52.7520113Z  * [new tag]             v0.3.0                  -> v0.3.0
stable legacy/public capture	UNKNOWN STEP	2026-10-06T10:05:52.7520210Z  * [new tag]             v0.4.0                  -> v0.4.0
stable legacy/public capture	UNKNOWN STEP	2026-10-06T10:05:52.7520310Z  * [new tag]             v0.5.0                  -> v0.5.0
stable legacy/public capture	UNKNOWN STEP	2026-10-06T10:05:52.7520413Z  * [new tag]             v0.6.0                  -> v0.6.0
stable legacy/public capture	UNKNOWN STEP	2026-10-06T10:05:52.7520508Z  * [new tag]             v0.6.1                  -> v0.6.1
stable legacy/public capture	UNKNOWN STEP	2026-10-06T10:05:52.7521643Z [command]/usr/bin/git rev-parse --verify --quiet 852aa29e1eed3511f93aba244aef917c89d033e8^{object}
stable legacy/public capture	UNKNOWN STEP	2026-10-06T10:05:52.7521745Z 852aa29e1eed3511f93aba244aef917c89d033e8
stable legacy/public capture	UNKNOWN STEP	2026-10-06T10:05:52.7522210Z ##[endgroup]
stable legacy/public capture	UNKNOWN STEP	2026-10-06T10:05:52.7522428Z ##[group]Determining the checkout info
stable legacy/public capture	UNKNOWN STEP	2026-10-06T10:05:52.7522607Z ##[endgroup]
stable legacy/public capture	UNKNOWN STEP	2026-10-06T10:05:52.7522719Z [command]/usr/bin/git sparse-checkout disable
stable legacy/public capture	UNKNOWN STEP	2026-10-06T10:05:52.7523132Z [command]/usr/bin/git config --local --unset-all extensions.worktreeConfig
stable legacy/public capture	UNKNOWN STEP	2026-10-06T10:05:52.7523610Z ##[group]Checking out the ref
stable legacy/public capture	UNKNOWN STEP	2026-10-06T10:05:52.7523827Z [command]/usr/bin/git checkout --progress --force 852aa29e1eed3511f93aba244aef917c89d033e8
stable legacy/public capture	UNKNOWN STEP	2026-10-06T10:05:53.6996086Z Updating files:  64% (4189/6490)
stable legacy/public capture	UNKNOWN STEP	2026-10-06T10:05:53.7059124Z Updating files:  65% (4219/6490)
stable legacy/public capture	UNKNOWN STEP	2026-10-06T10:05:53.7114451Z Updating files:  66% (4284/6490)
stable legacy/public capture	UNKNOWN STEP	2026-10-06T10:05:53.7172213Z Updating files:  67% (4349/6490)
stable legacy/public capture	UNKNOWN STEP	2026-10-06T10:05:53.7226112Z Updating files:  68% (4414/6490)
stable legacy/public capture	UNKNOWN STEP	2026-10-06T10:05:53.7313548Z Updating files:  69% (4479/6490)
stable legacy/public capture	UNKNOWN STEP	2026-10-06T10:05:53.7374717Z Updating files:  70% (4543/6490)
stable legacy/public capture	UNKNOWN STEP	2026-10-06T10:05:53.7418521Z Updating files:  71% (4608/6490)
stable legacy/public capture	UNKNOWN STEP	2026-10-06T10:05:53.7470736Z Updating files:  72% (4673/6490)
stable legacy/public capture	UNKNOWN STEP	2026-10-06T10:05:53.7541638Z Updating files:  73% (4738/6490)
stable legacy/public capture	UNKNOWN STEP	2026-10-06T10:05:53.7564919Z Updating files:  74% (4803/6490)
stable legacy/public capture	UNKNOWN STEP	2026-10-06T10:05:53.7593785Z Updating files:  75% (4868/6490)
stable legacy/public capture	UNKNOWN STEP	2026-10-06T10:05:53.7633146Z Updating files:  76% (4933/6490)
stable legacy/public capture	UNKNOWN STEP	2026-10-06T10:05:53.7650954Z Updating files:  77% (4998/6490)
stable legacy/public capture	UNKNOWN STEP	2026-10-06T10:05:53.7669153Z Updating files:  78% (5063/6490)
stable legacy/public capture	UNKNOWN STEP	2026-10-06T10:05:53.7686671Z Updating files:  79% (5128/6490)
stable legacy/public capture	UNKNOWN STEP	2026-10-06T10:05:53.7712259Z Updating files:  80% (5192/6490)
stable legacy/public capture	UNKNOWN STEP	2026-10-06T10:05:53.7729621Z Updating files:  81% (5257/6490)
stable legacy/public capture	UNKNOWN STEP	2026-10-06T10:05:53.7750469Z Updating files:  82% (5322/6490)
stable legacy/public capture	UNKNOWN STEP	2026-10-06T10:05:53.7833827Z Updating files:  83% (5387/6490)
stable legacy/public capture	UNKNOWN STEP	2026-10-06T10:05:53.7962308Z Updating files:  84% (5452/6490)
stable legacy/public capture	UNKNOWN STEP	2026-10-06T10:05:53.8039203Z Updating files:  85% (5517/6490)
stable legacy/public capture	UNKNOWN STEP	2026-10-06T10:05:53.8111134Z Updating files:  86% (5582/6490)
stable legacy/public capture	UNKNOWN STEP	2026-10-06T10:05:53.8146642Z Updating files:  87% (5647/6490)
stable legacy/public capture	UNKNOWN STEP	2026-10-06T10:05:53.8265505Z Updating files:  88% (5712/6490)
stable legacy/public capture	UNKNOWN STEP	2026-10-06T10:05:53.8371259Z Updating files:  89% (5777/6490)
stable legacy/public capture	UNKNOWN STEP	2026-10-06T10:05:53.8468608Z Updating files:  90% (5841/6490)
stable legacy/public capture	UNKNOWN STEP	2026-10-06T10:05:53.8523391Z Updating files:  91% (5906/6490)
stable legacy/public capture	UNKNOWN STEP	2026-10-06T10:05:53.8562952Z Updating files:  92% (5971/6490)
stable legacy/public capture	UNKNOWN STEP	2026-10-06T10:05:53.8668351Z Updating files:  93% (6036/6490)
stable legacy/public capture	UNKNOWN STEP	2026-10-06T10:05:53.8763334Z Updating files:  94% (6101/6490)
stable legacy/public capture	UNKNOWN STEP	2026-10-06T10:05:53.8823932Z Updating files:  95% (6166/6490)
stable legacy/public capture	UNKNOWN STEP	2026-10-06T10:05:53.8865447Z Updating files:  96% (6231/6490)
stable legacy/public capture	UNKNOWN STEP	2026-10-06T10:05:53.8904082Z Updating files:  97% (6296/6490)
stable legacy/public capture	UNKNOWN STEP	2026-10-06T10:05:53.8971145Z Updating files:  98% (6361/6490)
stable legacy/public capture	UNKNOWN STEP	2026-10-06T10:05:53.9010595Z Updating files:  99% (6426/6490)
stable legacy/public capture	UNKNOWN STEP	2026-10-06T10:05:53.9010808Z Updating files: 100% (6490/6490)
stable legacy/public capture	UNKNOWN STEP	2026-10-06T10:05:53.9011016Z Updating files: 100% (6490/6490), done.
stable legacy/public capture	UNKNOWN STEP	2026-10-06T10:05:53.9083495Z Note: switching to '852aa29e1eed3511f93aba244aef917c89d033e8'.
stable legacy/public capture	UNKNOWN STEP	2026-10-06T10:05:53.9083739Z 
stable legacy/public capture	UNKNOWN STEP	2026-10-06T10:05:53.9083899Z You are in 'detached HEAD' state. You can look around, make experimental
stable legacy/public capture	UNKNOWN STEP	2026-10-06T10:05:53.9084286Z changes and commit them, and you can discard any commits you make in this
stable legacy/public capture	UNKNOWN STEP	2026-10-06T10:05:53.9084643Z state without impacting any branches by switching back to a branch.
stable legacy/public capture	UNKNOWN STEP	2026-10-06T10:05:53.9085085Z 
stable legacy/public capture	UNKNOWN STEP	2026-10-06T10:05:53.9085352Z If you want to create a new branch to retain commits you create, you may
stable legacy/public capture	UNKNOWN STEP	2026-10-06T10:05:53.9085709Z do so (now or later) by using -c with the switch command. Example:
stable legacy/public capture	UNKNOWN STEP	2026-10-06T10:05:53.9085904Z 
stable legacy/public capture	UNKNOWN STEP	2026-10-06T10:05:53.9085991Z   git switch -c <new-branch-name>
stable legacy/public capture	UNKNOWN STEP	2026-10-06T10:05:53.9086128Z 
stable legacy/public capture	UNKNOWN STEP	2026-10-06T10:05:53.9086218Z Or undo this operation with:
stable legacy/public capture	UNKNOWN STEP	2026-10-06T10:05:53.9086350Z 
stable legacy/public capture	UNKNOWN STEP	2026-10-06T10:05:53.9086420Z   git switch -
stable legacy/public capture	UNKNOWN STEP	2026-10-06T10:05:53.9086520Z 
stable legacy/public capture	UNKNOWN STEP	2026-10-06T10:05:53.9086689Z Turn off this advice by setting config variable advice.detachedHead to false
stable legacy/public capture	UNKNOWN STEP	2026-10-06T10:05:53.9086914Z 
stable legacy/public capture	UNKNOWN STEP	2026-10-06T10:05:53.9087082Z HEAD is now at 852aa29e1 test: preserve newly held revisions between GC batches
stable legacy/public capture	UNKNOWN STEP	2026-10-06T10:05:53.9128532Z ##[endgroup]
stable legacy/public capture	UNKNOWN STEP	2026-10-06T10:05:53.9166195Z [command]/usr/bin/git log -1 --format=%H
stable legacy/public capture	UNKNOWN STEP	2026-10-06T10:05:53.9186889Z 852aa29e1eed3511f93aba244aef917c89d033e8
stable legacy/public capture	UNKNOWN STEP	2026-10-06T10:05:53.9206362Z ##[group]Removing auth
stable legacy/public capture	UNKNOWN STEP	2026-10-06T10:05:53.9206848Z [command]/usr/bin/git config --local --name-only --get-regexp core\.sshCommand
stable legacy/public capture	UNKNOWN STEP	2026-10-06T10:05:53.9224807Z [command]/usr/bin/git submodule foreach --recursive sh -c "git config --local --name-only --get-regexp 'core\.sshCommand' && git config --local --unset-all 'core.sshCommand' || :"
stable legacy/public capture	UNKNOWN STEP	2026-10-06T10:05:53.9411319Z [command]/usr/bin/git config --local --name-only --get-regexp http\.https\:\/\/github\.com\/\.extraheader
stable legacy/public capture	UNKNOWN STEP	2026-10-06T10:05:53.9432401Z http.https://github.com/.extraheader
stable legacy/public capture	UNKNOWN STEP	2026-10-06T10:05:53.9438501Z [command]/usr/bin/git config --local --unset-all http.https://github.com/.extraheader
stable legacy/public capture	UNKNOWN STEP	2026-10-06T10:05:53.9465516Z [command]/usr/bin/git submodule foreach --recursive sh -c "git config --local --name-only --get-regexp 'http\.https\:\/\/github\.com\/\.extraheader' && git config --local --unset-all 'http.https://github.com/.extraheader' || :"
stable legacy/public capture	UNKNOWN STEP	2026-10-06T10:05:53.9647812Z [command]/usr/bin/git config --local --name-only --get-regexp ^includeIf\.gitdir:
stable legacy/public capture	UNKNOWN STEP	2026-10-06T10:05:53.9699265Z [command]/usr/bin/git submodule foreach --recursive git config --local --show-origin --name-only --get-regexp remote.origin.url
stable legacy/public capture	UNKNOWN STEP	2026-10-06T10:05:53.9883689Z ##[endgroup]
stable legacy/public capture	UNKNOWN STEP	2026-10-06T10:05:54.0090911Z ##[group]Run actions/setup-go@40f1582b2485089dde7abd97c1529aa768e1baff
stable legacy/public capture	UNKNOWN STEP	2026-10-06T10:05:54.0091218Z with:
stable legacy/public capture	UNKNOWN STEP	2026-10-06T10:05:54.0091389Z   go-version-file: go.mod
stable legacy/public capture	UNKNOWN STEP	2026-10-06T10:05:54.0091578Z   cache: true
stable legacy/public capture	UNKNOWN STEP	2026-10-06T10:05:54.0091745Z   check-latest: false
stable legacy/public capture	UNKNOWN STEP	2026-10-06T10:05:54.0093728Z   token: ***
stable legacy/public capture	UNKNOWN STEP	2026-10-06T10:05:54.0093897Z ##[endgroup]
stable legacy/public capture	UNKNOWN STEP	2026-10-06T10:05:54.1093172Z Setup go version spec 1.26
stable legacy/public capture	UNKNOWN STEP	2026-10-06T10:05:54.1310387Z Found in cache @ /opt/hostedtoolcache/go/1.26.8/x64
stable legacy/public capture	UNKNOWN STEP	2026-10-06T10:05:54.1312239Z (node:2178) [DEP0040] DeprecationWarning: The `punycode` module is deprecated. Please use a userland alternative instead.
stable legacy/public capture	UNKNOWN STEP	2026-10-06T10:05:54.1313104Z (Use `node --trace-deprecation ...` to show where the warning was created)
stable legacy/public capture	UNKNOWN STEP	2026-10-06T10:05:54.1315506Z Added go to the path
stable legacy/public capture	UNKNOWN STEP	2026-10-06T10:05:54.1318413Z Successfully set up Go version 1.26
stable legacy/public capture	UNKNOWN STEP	2026-10-06T10:05:54.7929276Z [command]/opt/hostedtoolcache/go/1.26.8/x64/bin/go env GOMODCACHE
stable legacy/public capture	UNKNOWN STEP	2026-10-06T10:05:54.7957718Z [command]/opt/hostedtoolcache/go/1.26.8/x64/bin/go env GOCACHE
stable legacy/public capture	UNKNOWN STEP	2026-10-06T10:05:54.8005003Z /home/runner/go/pkg/mod
stable legacy/public capture	UNKNOWN STEP	2026-10-06T10:05:54.8014890Z /home/runner/.cache/go-build
stable legacy/public capture	UNKNOWN STEP	2026-10-06T10:05:55.0130321Z Cache hit for: setup-go-Linux-x64-ubuntu24-go-1.26.8-7b9e94b8dd019c80c6c0662c5e0493ff54fef7fdeaf7bcf37ea225227de4b646
stable legacy/public capture	UNKNOWN STEP	2026-10-06T10:05:55.0212425Z (node:2178) [DEP0169] DeprecationWarning: `url.parse()` behavior is not standardized and prone to errors that have security implications. Use the WHATWG URL API instead. CVEs are not issued for `url.parse()` vulnerabilities.
stable legacy/public capture	UNKNOWN STEP	2026-10-06T10:05:55.3091475Z Received 7674 of 7674 (100.0%), 0.1 MBs/sec
stable legacy/public capture	UNKNOWN STEP	2026-10-06T10:05:55.3091928Z Cache Size: ~0 MB (7674 B)
stable legacy/public capture	UNKNOWN STEP	2026-10-06T10:05:55.3111696Z [command]/usr/bin/tar -xf /home/runner/work/_temp/ceb2ae14-05cb-4cd7-89df-233839bcfe5b/cache.tzst -P -C /home/runner/work/gomap/gomap --use-compress-program unzstd
stable legacy/public capture	UNKNOWN STEP	2026-10-06T10:05:55.3245649Z Cache restored successfully
stable legacy/public capture	UNKNOWN STEP	2026-10-06T10:05:55.3250823Z Cache restored from key: setup-go-Linux-x64-ubuntu24-go-1.26.8-7b9e94b8dd019c80c6c0662c5e0493ff54fef7fdeaf7bcf37ea225227de4b646
stable legacy/public capture	UNKNOWN STEP	2026-10-06T10:05:55.3275877Z go version go1.26.8 linux/amd64
stable legacy/public capture	UNKNOWN STEP	2026-10-06T10:05:55.3276085Z 
stable legacy/public capture	UNKNOWN STEP	2026-10-06T10:05:55.3276338Z ##[group]go env
stable legacy/public capture	UNKNOWN STEP	2026-10-06T10:05:55.4031201Z AR='ar'
stable legacy/public capture	UNKNOWN STEP	2026-10-06T10:05:55.4031489Z CC='gcc'
stable legacy/public capture	UNKNOWN STEP	2026-10-06T10:05:55.4031751Z CGO_CFLAGS='-O2 -g'
stable legacy/public capture	UNKNOWN STEP	2026-10-06T10:05:55.4031975Z CGO_CPPFLAGS=''
stable legacy/public capture	UNKNOWN STEP	2026-10-06T10:05:55.4032158Z CGO_CXXFLAGS='-O2 -g'
stable legacy/public capture	UNKNOWN STEP	2026-10-06T10:05:55.4032371Z CGO_ENABLED='1'
stable legacy/public capture	UNKNOWN STEP	2026-10-06T10:05:55.4032545Z CGO_FFLAGS='-O2 -g'
stable legacy/public capture	UNKNOWN STEP	2026-10-06T10:05:55.4032719Z CGO_LDFLAGS='-O2 -g'
stable legacy/public capture	UNKNOWN STEP	2026-10-06T10:05:55.4032898Z CXX='g++'
stable legacy/public capture	UNKNOWN STEP	2026-10-06T10:05:55.4033076Z GCCGO='gccgo'
stable legacy/public capture	UNKNOWN STEP	2026-10-06T10:05:55.4033244Z GO111MODULE=''
stable legacy/public capture	UNKNOWN STEP	2026-10-06T10:05:55.4033411Z GOAMD64='v1'
stable legacy/public capture	UNKNOWN STEP	2026-10-06T10:05:55.4033567Z GOARCH='amd64'
stable legacy/public capture	UNKNOWN STEP	2026-10-06T10:05:55.4033734Z GOAUTH='netrc'
stable legacy/public capture	UNKNOWN STEP	2026-10-06T10:05:55.4033889Z GOBIN=''
stable legacy/public capture	UNKNOWN STEP	2026-10-06T10:05:55.4034099Z GOCACHE='/home/runner/.cache/go-build'
stable legacy/public capture	UNKNOWN STEP	2026-10-06T10:05:55.4034325Z GOCACHEPROG=''
stable legacy/public capture	UNKNOWN STEP	2026-10-06T10:05:55.4034484Z GODEBUG=''
stable legacy/public capture	UNKNOWN STEP	2026-10-06T10:05:55.4034677Z GOENV='/home/runner/.config/go/env'
stable legacy/public capture	UNKNOWN STEP	2026-10-06T10:05:55.4034878Z GOEXE=''
stable legacy/public capture	UNKNOWN STEP	2026-10-06T10:05:55.4035033Z GOEXPERIMENT=''
stable legacy/public capture	UNKNOWN STEP	2026-10-06T10:05:55.4035374Z GOFIPS140='off'
stable legacy/public capture	UNKNOWN STEP	2026-10-06T10:05:55.4035594Z GOFLAGS=''
stable legacy/public capture	UNKNOWN STEP	2026-10-06T10:05:55.4036114Z GOGCCFLAGS='-fPIC -m64 -pthread -Wl,--no-gc-sections -fmessage-length=0 -ffile-prefix-map=/tmp/go-build1697545764=/tmp/go-build -gno-record-gcc-switches'
stable legacy/public capture	UNKNOWN STEP	2026-10-06T10:05:55.4036636Z GOHOSTARCH='amd64'
stable legacy/public capture	UNKNOWN STEP	2026-10-06T10:05:55.4036815Z GOHOSTOS='linux'
stable legacy/public capture	UNKNOWN STEP	2026-10-06T10:05:55.4036995Z GOINSECURE=''
stable legacy/public capture	UNKNOWN STEP	2026-10-06T10:05:55.4037211Z GOMOD='/home/runner/work/gomap/gomap/go.mod'
stable legacy/public capture	UNKNOWN STEP	2026-10-06T10:05:55.4037470Z GOMODCACHE='/home/runner/go/pkg/mod'
stable legacy/public capture	UNKNOWN STEP	2026-10-06T10:05:55.4037684Z GONOPROXY=''
stable legacy/public capture	UNKNOWN STEP	2026-10-06T10:05:55.4037851Z GONOSUMDB=''
stable legacy/public capture	UNKNOWN STEP	2026-10-06T10:05:55.4038023Z GOOS='linux'
stable legacy/public capture	UNKNOWN STEP	2026-10-06T10:05:55.4038220Z GOPATH='/home/runner/go'
stable legacy/public capture	UNKNOWN STEP	2026-10-06T10:05:55.4038410Z GOPRIVATE=''
stable legacy/public capture	UNKNOWN STEP	2026-10-06T10:05:55.4038622Z GOPROXY='https://proxy.golang.org,direct'
stable legacy/public capture	UNKNOWN STEP	2026-10-06T10:05:55.4039131Z GOROOT='/opt/hostedtoolcache/go/1.26.8/x64'
stable legacy/public capture	UNKNOWN STEP	2026-10-06T10:05:55.4039373Z GOSUMDB='sum.golang.org'
stable legacy/public capture	UNKNOWN STEP	2026-10-06T10:05:55.4039565Z GOTELEMETRY='local'
stable legacy/public capture	UNKNOWN STEP	2026-10-06T10:05:55.4039812Z GOTELEMETRYDIR='/home/runner/.config/go/telemetry'
stable legacy/public capture	UNKNOWN STEP	2026-10-06T10:05:55.4040083Z GOTMPDIR=''
stable legacy/public capture	UNKNOWN STEP	2026-10-06T10:05:55.4040261Z GOTOOLCHAIN='auto'
stable legacy/public capture	UNKNOWN STEP	2026-10-06T10:05:55.4040530Z GOTOOLDIR='/opt/hostedtoolcache/go/1.26.8/x64/pkg/tool/linux_amd64'
stable legacy/public capture	UNKNOWN STEP	2026-10-06T10:05:55.4040804Z GOVCS=''
stable legacy/public capture	UNKNOWN STEP	2026-10-06T10:05:55.4040973Z GOVERSION='go1.26.8'
stable legacy/public capture	UNKNOWN STEP	2026-10-06T10:05:55.4041149Z GOWORK=''
stable legacy/public capture	UNKNOWN STEP	2026-10-06T10:05:55.4041323Z PKG_CONFIG='pkg-config'
stable legacy/public capture	UNKNOWN STEP	2026-10-06T10:05:55.4041447Z 
stable legacy/public capture	UNKNOWN STEP	2026-10-06T10:05:55.4041779Z ##[endgroup]
stable legacy/public capture	UNKNOWN STEP	2026-10-06T10:05:55.4145698Z ##[group]Run RUN_DIR="$RUNNER_TEMP/treedb-vacuum-m0" scripts/treedb_vacuum_m0_capture.sh
stable legacy/public capture	UNKNOWN STEP	2026-10-06T10:05:55.4146284Z ^[[36;1mRUN_DIR="$RUNNER_TEMP/treedb-vacuum-m0" scripts/treedb_vacuum_m0_capture.sh^[[0m
stable legacy/public capture	UNKNOWN STEP	2026-10-06T10:05:55.5115374Z shell: /usr/bin/bash -e {0}
stable legacy/public capture	UNKNOWN STEP	2026-10-06T10:05:55.5115655Z ##[endgroup]
stable legacy/public capture	UNKNOWN STEP	2026-10-06T10:05:56.7424710Z go: downloading github.com/snissn/compress v1.18.2-snissn.0.0.20260506201017-87fb149e4721
stable legacy/public capture	UNKNOWN STEP	2026-10-06T10:05:58.6116625Z go: downloading github.com/pierrec/lz4/v4 v4.1.22
stable legacy/public capture	UNKNOWN STEP	2026-10-06T10:05:58.8886511Z go: downloading go.uber.org/goleak v1.3.0
stable legacy/public capture	UNKNOWN STEP	2026-10-06T10:05:59.9936774Z go: downloading golang.org/x/sys v0.41.0
stable legacy/public capture	UNKNOWN STEP	2026-10-06T10:06:00.0010146Z go: downloading github.com/cespare/xxhash/v2 v2.3.0
stable legacy/public capture	UNKNOWN STEP	2026-10-06T10:06:00.0947894Z go: downloading github.com/snissn/go-crc32-asm v0.0.0-20260522204125-08945951423a
stable legacy/public capture	UNKNOWN STEP	2026-10-06T10:06:00.1192418Z go: downloading github.com/tidwall/btree v1.8.1
stable legacy/public capture	UNKNOWN STEP	2026-10-06T10:06:00.1457831Z go: downloading github.com/golang/snappy v0.0.4
stable legacy/public capture	UNKNOWN STEP	2026-10-06T10:06:00.2000112Z go: downloading github.com/zeebo/xxh3 v1.1.0
stable legacy/public capture	UNKNOWN STEP	2026-10-06T10:06:00.7529933Z go: downloading github.com/buger/jsonparser v1.1.2
stable legacy/public capture	UNKNOWN STEP	2026-10-06T10:06:00.7615768Z go: downloading github.com/tidwall/gjson v1.14.3
stable legacy/public capture	UNKNOWN STEP	2026-10-06T10:06:00.7787948Z go: downloading go.mongodb.org/mongo-driver/v2 v2.6.0
stable legacy/public capture	UNKNOWN STEP	2026-10-06T10:06:01.2374040Z go: downloading github.com/klauspost/cpuid/v2 v2.2.10
stable legacy/public capture	UNKNOWN STEP	2026-10-06T10:06:01.3225692Z go: downloading github.com/tphakala/simd v1.0.22
stable legacy/public capture	UNKNOWN STEP	2026-10-06T10:06:01.3670232Z go: downloading github.com/tidwall/match v1.1.1
stable legacy/public capture	UNKNOWN STEP	2026-10-06T10:06:01.3670709Z go: downloading github.com/tidwall/pretty v1.2.0
stable legacy/public capture	UNKNOWN STEP	2026-10-06T10:07:24.0582622Z ok  	github.com/snissn/gomap/TreeDB/db	0.252s
stable legacy/public capture	UNKNOWN STEP	2026-10-06T10:07:25.1459356Z === RUN   TestVacuumM0WriteArtifact
stable legacy/public capture	UNKNOWN STEP	2026-10-06T10:07:25.2033851Z --- PASS: TestVacuumM0WriteArtifact (0.06s)
stable legacy/public capture	UNKNOWN STEP	2026-10-06T10:07:25.2034192Z PASS
stable legacy/public capture	UNKNOWN STEP	2026-10-06T10:07:25.2044778Z ok  	github.com/snissn/gomap/TreeDB/db	0.063s
stable legacy/public capture	UNKNOWN STEP	2026-10-06T10:12:43.1088143Z ......
stable legacy/public capture	UNKNOWN STEP	2026-10-06T10:12:43.1088532Z ----------------------------------------------------------------------
stable legacy/public capture	UNKNOWN STEP	2026-10-06T10:12:43.1088930Z Ran 6 tests in 0.002s
stable legacy/public capture	UNKNOWN STEP	2026-10-06T10:12:43.1089123Z 
stable legacy/public capture	UNKNOWN STEP	2026-10-06T10:12:43.1089227Z OK
stable legacy/public capture	UNKNOWN STEP	2026-10-06T10:12:43.1798383Z ##[error]Process completed with exit code 1.
stable legacy/public capture	UNKNOWN STEP	2026-10-06T10:12:43.1877491Z ##[group]Run actions/upload-artifact@ea165f8d65b6e75b540449e92b4886f43607fa02
stable legacy/public capture	UNKNOWN STEP	2026-10-06T10:12:43.1877834Z with:
stable legacy/public capture	UNKNOWN STEP	2026-10-06T10:12:43.1878087Z   name: treedb-vacuum-m0-852aa29e1eed3511f93aba244aef917c89d033e8
stable legacy/public capture	UNKNOWN STEP	2026-10-06T10:12:43.1878413Z   path: /home/runner/work/_temp/treedb-vacuum-m0
stable legacy/public capture	UNKNOWN STEP	2026-10-06T10:12:43.1878661Z   if-no-files-found: error
stable legacy/public capture	UNKNOWN STEP	2026-10-06T10:12:43.1878857Z   compression-level: 6
stable legacy/public capture	UNKNOWN STEP	2026-10-06T10:12:43.1879034Z   overwrite: false
stable legacy/public capture	UNKNOWN STEP	2026-10-06T10:12:43.1879216Z   include-hidden-files: false
stable legacy/public capture	UNKNOWN STEP	2026-10-06T10:12:43.1879414Z ##[endgroup]
stable legacy/public capture	UNKNOWN STEP	2026-10-06T10:12:43.3211915Z (node:6787) [DEP0040] DeprecationWarning: The `punycode` module is deprecated. Please use a userland alternative instead.
stable legacy/public capture	UNKNOWN STEP	2026-10-06T10:12:43.3212902Z (Use `node --trace-deprecation ...` to show where the warning was created)
stable legacy/public capture	UNKNOWN STEP	2026-10-06T10:12:43.3277287Z With the provided path, there will be 25 files uploaded
stable legacy/public capture	UNKNOWN STEP	2026-10-06T10:12:43.3281658Z Artifact name is valid!
stable legacy/public capture	UNKNOWN STEP	2026-10-06T10:12:43.3282190Z Root directory input is valid!
stable legacy/public capture	UNKNOWN STEP	2026-10-06T10:12:43.6748206Z Beginning upload of artifact content to blob storage
stable legacy/public capture	UNKNOWN STEP	2026-10-06T10:12:43.7114706Z (node:6787) [DEP0169] DeprecationWarning: `url.parse()` behavior is not standardized and prone to errors that have security implications. Use the WHATWG URL API instead. CVEs are not issued for `url.parse()` vulnerabilities.
stable legacy/public capture	UNKNOWN STEP	2026-10-06T10:12:43.9857254Z Uploaded bytes 18242
stable legacy/public capture	UNKNOWN STEP	2026-10-06T10:12:44.0497657Z Finished uploading artifact content to blob storage!
stable legacy/public capture	UNKNOWN STEP	2026-10-06T10:12:44.0498467Z SHA256 digest of uploaded artifact zip is f0334fd3e05c4ffb0844bcc8c2c5eefb3aefafdb15191503996cc2870f084c7d
stable legacy/public capture	UNKNOWN STEP	2026-10-06T10:12:44.0499821Z Finalizing artifact upload
stable legacy/public capture	UNKNOWN STEP	2026-10-06T10:12:44.3403972Z Artifact treedb-vacuum-m0-852aa29e1eed3511f93aba244aef917c89d033e8.zip successfully finalized. Artifact ID 11404352211
stable legacy/public capture	UNKNOWN STEP	2026-10-06T10:12:44.3405565Z Artifact treedb-vacuum-m0-852aa29e1eed3511f93aba244aef917c89d033e8 has been successfully uploaded! Final size is 18242 bytes. Artifact ID is 11404352211
stable legacy/public capture	UNKNOWN STEP	2026-10-06T10:12:44.3410319Z Artifact download URL: https://github.com/snissn/gomap/actions/runs/37447383111/artifacts/11404352211
stable legacy/public capture	UNKNOWN STEP	2026-10-06T10:12:44.3572752Z Post job cleanup.
stable legacy/public capture	UNKNOWN STEP	2026-10-06T10:12:44.4242739Z [command]/usr/bin/git version
stable legacy/public capture	UNKNOWN STEP	2026-10-06T10:12:44.4274647Z git version 2.55.0
stable legacy/public capture	UNKNOWN STEP	2026-10-06T10:12:44.4301254Z Temporarily overriding HOME='/home/runner/work/_temp/683e5c41-6000-44be-808a-9331f52527fe' before making global git config changes
stable legacy/public capture	UNKNOWN STEP	2026-10-06T10:12:44.4302233Z Adding repository directory to the temporary git global config as a safe directory
stable legacy/public capture	UNKNOWN STEP	2026-10-06T10:12:44.4305407Z [command]/usr/bin/git config --global --add safe.directory /home/runner/work/gomap/gomap
stable legacy/public capture	UNKNOWN STEP	2026-10-06T10:12:44.4334941Z [command]/usr/bin/git config --local --name-only --get-regexp core\.sshCommand
stable legacy/public capture	UNKNOWN STEP	2026-10-06T10:12:44.4361080Z [command]/usr/bin/git submodule foreach --recursive sh -c "git config --local --name-only --get-regexp 'core\.sshCommand' && git config --local --unset-all 'core.sshCommand' || :"
stable legacy/public capture	UNKNOWN STEP	2026-10-06T10:12:44.4553803Z [command]/usr/bin/git config --local --name-only --get-regexp http\.https\:\/\/github\.com\/\.extraheader
stable legacy/public capture	UNKNOWN STEP	2026-10-06T10:12:44.4581460Z [command]/usr/bin/git submodule foreach --recursive sh -c "git config --local --name-only --get-regexp 'http\.https\:\/\/github\.com\/\.extraheader' && git config --local --unset-all 'http.https://github.com/.extraheader' || :"
stable legacy/public capture	UNKNOWN STEP	2026-10-06T10:12:44.4769478Z [command]/usr/bin/git config --local --name-only --get-regexp ^includeIf\.gitdir:
stable legacy/public capture	UNKNOWN STEP	2026-10-06T10:12:44.4795007Z [command]/usr/bin/git submodule foreach --recursive git config --local --show-origin --name-only --get-regexp remote.origin.url
stable legacy/public capture	UNKNOWN STEP	2026-10-06T10:12:44.5093093Z Cleaning up orphan processes
stable legacy/public capture	UNKNOWN STEP	2026-10-06T10:12:44.5325965Z ##[warning]Node.js 20 is deprecated. The following actions target Node.js 20 but are being forced to run on Node.js 24: actions/checkout@11d5960a326750d5838078e36cf38b85af677262, actions/setup-go@40f1582b2485089dde7abd97c1529aa768e1baff, actions/upload-artifact@ea165f8d65b6e75b540449e92b4886f43607fa02. For more information see: https://github.blog/changelog/2025-09-19-deprecation-of-node-20-on-github-actions-runners/
