{"Time":"2026-10-07T23:21:06.000332-10:00","Action":"start","Package":"github.com/snissn/gomap/TreeDB/freelist"}
{"Time":"2026-10-07T23:21:06.502222-10:00","Action":"run","Package":"github.com/snissn/gomap/TreeDB/freelist","Test":"TestCandidateFiniteGenericWriterRefusedBeforeCallback5105"}
{"Time":"2026-10-07T23:21:06.502302-10:00","Action":"output","Package":"github.com/snissn/gomap/TreeDB/freelist","Test":"TestCandidateFiniteGenericWriterRefusedBeforeCallback5105","Output":"=== RUN   TestCandidateFiniteGenericWriterRefusedBeforeCallback5105\n"}
{"Time":"2026-10-07T23:21:06.502323-10:00","Action":"output","Package":"github.com/snissn/gomap/TreeDB/freelist","Test":"TestCandidateFiniteGenericWriterRefusedBeforeCallback5105","Output":"--- PASS: TestCandidateFiniteGenericWriterRefusedBeforeCallback5105 (0.00s)\n"}
{"Time":"2026-10-07T23:21:06.502328-10:00","Action":"pass","Package":"github.com/snissn/gomap/TreeDB/freelist","Test":"TestCandidateFiniteGenericWriterRefusedBeforeCallback5105","Elapsed":0}
{"Time":"2026-10-07T23:21:06.502332-10:00","Action":"run","Package":"github.com/snissn/gomap/TreeDB/freelist","Test":"TestCandidateFiniteDirectPagerAndOrdinaryRetainingWriter5105"}
{"Time":"2026-10-07T23:21:06.502335-10:00","Action":"output","Package":"github.com/snissn/gomap/TreeDB/freelist","Test":"TestCandidateFiniteDirectPagerAndOrdinaryRetainingWriter5105","Output":"=== RUN   TestCandidateFiniteDirectPagerAndOrdinaryRetainingWriter5105\n"}
{"Time":"2026-10-07T23:21:06.502991-10:00","Action":"output","Package":"github.com/snissn/gomap/TreeDB/freelist","Test":"TestCandidateFiniteDirectPagerAndOrdinaryRetainingWriter5105","Output":"--- PASS: TestCandidateFiniteDirectPagerAndOrdinaryRetainingWriter5105 (0.00s)\n"}
{"Time":"2026-10-07T23:21:06.502996-10:00","Action":"pass","Package":"github.com/snissn/gomap/TreeDB/freelist","Test":"TestCandidateFiniteDirectPagerAndOrdinaryRetainingWriter5105","Elapsed":0}
{"Time":"2026-10-07T23:21:06.503005-10:00","Action":"run","Package":"github.com/snissn/gomap/TreeDB/freelist","Test":"TestPublishedGenerationLeaseInstanceCensus5105"}
{"Time":"2026-10-07T23:21:06.50301-10:00","Action":"output","Package":"github.com/snissn/gomap/TreeDB/freelist","Test":"TestPublishedGenerationLeaseInstanceCensus5105","Output":"=== RUN   TestPublishedGenerationLeaseInstanceCensus5105\n"}
{"Time":"2026-10-07T23:21:06.503025-10:00","Action":"output","Package":"github.com/snissn/gomap/TreeDB/freelist","Test":"TestPublishedGenerationLeaseInstanceCensus5105","Output":"--- PASS: TestPublishedGenerationLeaseInstanceCensus5105 (0.00s)\n"}
{"Time":"2026-10-07T23:21:06.503029-10:00","Action":"pass","Package":"github.com/snissn/gomap/TreeDB/freelist","Test":"TestPublishedGenerationLeaseInstanceCensus5105","Elapsed":0}
{"Time":"2026-10-07T23:21:06.503032-10:00","Action":"run","Package":"github.com/snissn/gomap/TreeDB/freelist","Test":"TestFiniteTerminalBackingAndAmbiguousRetention5105"}
{"Time":"2026-10-07T23:21:06.503035-10:00","Action":"output","Package":"github.com/snissn/gomap/TreeDB/freelist","Test":"TestFiniteTerminalBackingAndAmbiguousRetention5105","Output":"=== RUN   TestFiniteTerminalBackingAndAmbiguousRetention5105\n"}
{"Time":"2026-10-07T23:21:06.503043-10:00","Action":"output","Package":"github.com/snissn/gomap/TreeDB/freelist","Test":"TestFiniteTerminalBackingAndAmbiguousRetention5105","Output":"--- PASS: TestFiniteTerminalBackingAndAmbiguousRetention5105 (0.00s)\n"}
{"Time":"2026-10-07T23:21:06.503046-10:00","Action":"pass","Package":"github.com/snissn/gomap/TreeDB/freelist","Test":"TestFiniteTerminalBackingAndAmbiguousRetention5105","Elapsed":0}
{"Time":"2026-10-07T23:21:06.50305-10:00","Action":"run","Package":"github.com/snissn/gomap/TreeDB/freelist","Test":"TestCandidateGettersSynchronizeTerminalClear5105"}
{"Time":"2026-10-07T23:21:06.503052-10:00","Action":"output","Package":"github.com/snissn/gomap/TreeDB/freelist","Test":"TestCandidateGettersSynchronizeTerminalClear5105","Output":"=== RUN   TestCandidateGettersSynchronizeTerminalClear5105\n"}
{"Time":"2026-10-07T23:21:06.503108-10:00","Action":"output","Package":"github.com/snissn/gomap/TreeDB/freelist","Test":"TestCandidateGettersSynchronizeTerminalClear5105","Output":"--- PASS: TestCandidateGettersSynchronizeTerminalClear5105 (0.00s)\n"}
{"Time":"2026-10-07T23:21:06.50314-10:00","Action":"pass","Package":"github.com/snissn/gomap/TreeDB/freelist","Test":"TestCandidateGettersSynchronizeTerminalClear5105","Elapsed":0}
{"Time":"2026-10-07T23:21:06.503145-10:00","Action":"run","Package":"github.com/snissn/gomap/TreeDB/freelist","Test":"TestAllocationRequestResidentOrderAndRetirement5108"}
{"Time":"2026-10-07T23:21:06.503149-10:00","Action":"output","Package":"github.com/snissn/gomap/TreeDB/freelist","Test":"TestAllocationRequestResidentOrderAndRetirement5108","Output":"=== RUN   TestAllocationRequestResidentOrderAndRetirement5108\n"}
{"Time":"2026-10-07T23:21:06.503155-10:00","Action":"run","Package":"github.com/snissn/gomap/TreeDB/freelist","Test":"TestAllocationRequestResidentOrderAndRetirement5108/constructor-platform-and-component-bootstrap"}
{"Time":"2026-10-07T23:21:06.503163-10:00","Action":"output","Package":"github.com/snissn/gomap/TreeDB/freelist","Test":"TestAllocationRequestResidentOrderAndRetirement5108/constructor-platform-and-component-bootstrap","Output":"=== RUN   TestAllocationRequestResidentOrderAndRetirement5108/constructor-platform-and-component-bootstrap\n"}
{"Time":"2026-10-07T23:21:06.503169-10:00","Action":"output","Package":"github.com/snissn/gomap/TreeDB/freelist","Test":"TestAllocationRequestResidentOrderAndRetirement5108/constructor-platform-and-component-bootstrap","Output":"--- PASS: TestAllocationRequestResidentOrderAndRetirement5108/constructor-platform-and-component-bootstrap (0.00s)\n"}
{"Time":"2026-10-07T23:21:06.503173-10:00","Action":"pass","Package":"github.com/snissn/gomap/TreeDB/freelist","Test":"TestAllocationRequestResidentOrderAndRetirement5108/constructor-platform-and-component-bootstrap","Elapsed":0}
{"Time":"2026-10-07T23:21:06.503176-10:00","Action":"output","Package":"github.com/snissn/gomap/TreeDB/freelist","Test":"TestAllocationRequestResidentOrderAndRetirement5108","Output":"--- PASS: TestAllocationRequestResidentOrderAndRetirement5108 (0.00s)\n"}
{"Time":"2026-10-07T23:21:06.503179-10:00","Action":"pass","Package":"github.com/snissn/gomap/TreeDB/freelist","Test":"TestAllocationRequestResidentOrderAndRetirement5108","Elapsed":0}
{"Time":"2026-10-07T23:21:06.503182-10:00","Action":"run","Package":"github.com/snissn/gomap/TreeDB/freelist","Test":"TestAllocationLoanPreservesHistoricalCreators5108"}
{"Time":"2026-10-07T23:21:06.503185-10:00","Action":"output","Package":"github.com/snissn/gomap/TreeDB/freelist","Test":"TestAllocationLoanPreservesHistoricalCreators5108","Output":"=== RUN   TestAllocationLoanPreservesHistoricalCreators5108\n"}
{"Time":"2026-10-07T23:21:06.503188-10:00","Action":"output","Package":"github.com/snissn/gomap/TreeDB/freelist","Test":"TestAllocationLoanPreservesHistoricalCreators5108","Output":"--- PASS: TestAllocationLoanPreservesHistoricalCreators5108 (0.00s)\n"}
{"Time":"2026-10-07T23:21:06.503191-10:00","Action":"pass","Package":"github.com/snissn/gomap/TreeDB/freelist","Test":"TestAllocationLoanPreservesHistoricalCreators5108","Elapsed":0}
{"Time":"2026-10-07T23:21:06.503202-10:00","Action":"run","Package":"github.com/snissn/gomap/TreeDB/freelist","Test":"TestAllocationScratchRefusalAndIndependentLifetime5108"}
{"Time":"2026-10-07T23:21:06.503204-10:00","Action":"output","Package":"github.com/snissn/gomap/TreeDB/freelist","Test":"TestAllocationScratchRefusalAndIndependentLifetime5108","Output":"=== RUN   TestAllocationScratchRefusalAndIndependentLifetime5108\n"}
{"Time":"2026-10-07T23:21:06.503208-10:00","Action":"output","Package":"github.com/snissn/gomap/TreeDB/freelist","Test":"TestAllocationScratchRefusalAndIndependentLifetime5108","Output":"--- PASS: TestAllocationScratchRefusalAndIndependentLifetime5108 (0.00s)\n"}
{"Time":"2026-10-07T23:21:06.503212-10:00","Action":"pass","Package":"github.com/snissn/gomap/TreeDB/freelist","Test":"TestAllocationScratchRefusalAndIndependentLifetime5108","Elapsed":0}
{"Time":"2026-10-07T23:21:06.503233-10:00","Action":"run","Package":"github.com/snissn/gomap/TreeDB/freelist","Test":"TestAllocationEpochRequiresCurrentRequestAndDestination5108"}
{"Time":"2026-10-07T23:21:06.503236-10:00","Action":"output","Package":"github.com/snissn/gomap/TreeDB/freelist","Test":"TestAllocationEpochRequiresCurrentRequestAndDestination5108","Output":"=== RUN   TestAllocationEpochRequiresCurrentRequestAndDestination5108\n"}
{"Time":"2026-10-07T23:21:06.503241-10:00","Action":"output","Package":"github.com/snissn/gomap/TreeDB/freelist","Test":"TestAllocationEpochRequiresCurrentRequestAndDestination5108","Output":"--- PASS: TestAllocationEpochRequiresCurrentRequestAndDestination5108 (0.00s)\n"}
{"Time":"2026-10-07T23:21:06.503245-10:00","Action":"pass","Package":"github.com/snissn/gomap/TreeDB/freelist","Test":"TestAllocationEpochRequiresCurrentRequestAndDestination5108","Elapsed":0}
{"Time":"2026-10-07T23:21:06.503248-10:00","Action":"run","Package":"github.com/snissn/gomap/TreeDB/freelist","Test":"TestAllocator_AllocClearsFreelistBodySlot"}
{"Time":"2026-10-07T23:21:06.503251-10:00","Action":"output","Package":"github.com/snissn/gomap/TreeDB/freelist","Test":"TestAllocator_AllocClearsFreelistBodySlot","Output":"=== RUN   TestAllocator_AllocClearsFreelistBodySlot\n"}
{"Time":"2026-10-07T23:21:06.504164-10:00","Action":"output","Package":"github.com/snissn/gomap/TreeDB/freelist","Test":"TestAllocator_AllocClearsFreelistBodySlot","Output":"--- PASS: TestAllocator_AllocClearsFreelistBodySlot (0.00s)\n"}
{"Time":"2026-10-07T23:21:06.504169-10:00","Action":"pass","Package":"github.com/snissn/gomap/TreeDB/freelist","Test":"TestAllocator_AllocClearsFreelistBodySlot","Elapsed":0}
{"Time":"2026-10-07T23:21:06.504173-10:00","Action":"run","Package":"github.com/snissn/gomap/TreeDB/freelist","Test":"TestAllocatorCOWPrepareProfileCountsLiveTransaction"}
{"Time":"2026-10-07T23:21:06.504176-10:00","Action":"output","Package":"github.com/snissn/gomap/TreeDB/freelist","Test":"TestAllocatorCOWPrepareProfileCountsLiveTransaction","Output":"=== RUN   TestAllocatorCOWPrepareProfileCountsLiveTransaction\n"}
{"Time":"2026-10-07T23:21:06.504485-10:00","Action":"output","Package":"github.com/snissn/gomap/TreeDB/freelist","Test":"TestAllocatorCOWPrepareProfileCountsLiveTransaction","Output":"--- PASS: TestAllocatorCOWPrepareProfileCountsLiveTransaction (0.00s)\n"}
{"Time":"2026-10-07T23:21:06.50449-10:00","Action":"pass","Package":"github.com/snissn/gomap/TreeDB/freelist","Test":"TestAllocatorCOWPrepareProfileCountsLiveTransaction","Elapsed":0}
{"Time":"2026-10-07T23:21:06.504494-10:00","Action":"run","Package":"github.com/snissn/gomap/TreeDB/freelist","Test":"TestAllocatorCOWPrepareLimitsRejectBeforeClone"}
{"Time":"2026-10-07T23:21:06.504497-10:00","Action":"output","Package":"github.com/snissn/gomap/TreeDB/freelist","Test":"TestAllocatorCOWPrepareLimitsRejectBeforeClone","Output":"=== RUN   TestAllocatorCOWPrepareLimitsRejectBeforeClone\n"}
{"Time":"2026-10-07T23:21:06.504797-10:00","Action":"output","Package":"github.com/snissn/gomap/TreeDB/freelist","Test":"TestAllocatorCOWPrepareLimitsRejectBeforeClone","Output":"--- PASS: TestAllocatorCOWPrepareLimitsRejectBeforeClone (0.00s)\n"}
{"Time":"2026-10-07T23:21:06.504801-10:00","Action":"pass","Package":"github.com/snissn/gomap/TreeDB/freelist","Test":"TestAllocatorCOWPrepareLimitsRejectBeforeClone","Elapsed":0}
{"Time":"2026-10-07T23:21:06.504805-10:00","Action":"run","Package":"github.com/snissn/gomap/TreeDB/freelist","Test":"TestCOWPrepareProfileLimitsCoverEveryCopiedCollection"}
{"Time":"2026-10-07T23:21:06.504807-10:00","Action":"output","Package":"github.com/snissn/gomap/TreeDB/freelist","Test":"TestCOWPrepareProfileLimitsCoverEveryCopiedCollection","Output":"=== RUN   TestCOWPrepareProfileLimitsCoverEveryCopiedCollection\n"}
{"Time":"2026-10-07T23:21:06.504811-10:00","Action":"run","Package":"github.com/snissn/gomap/TreeDB/freelist","Test":"TestCOWPrepareProfileLimitsCoverEveryCopiedCollection/changed_chunks"}
{"Time":"2026-10-07T23:21:06.504814-10:00","Action":"output","Package":"github.com/snissn/gomap/TreeDB/freelist","Test":"TestCOWPrepareProfileLimitsCoverEveryCopiedCollection/changed_chunks","Output":"=== RUN   TestCOWPrepareProfileLimitsCoverEveryCopiedCollection/changed_chunks\n"}
{"Time":"2026-10-07T23:21:06.504833-10:00","Action":"output","Package":"github.com/snissn/gomap/TreeDB/freelist","Test":"TestCOWPrepareProfileLimitsCoverEveryCopiedCollection/changed_chunks","Output":"--- PASS: TestCOWPrepareProfileLimitsCoverEveryCopiedCollection/changed_chunks (0.00s)\n"}
{"Time":"2026-10-07T23:21:06.504839-10:00","Action":"pass","Package":"github.com/snissn/gomap/TreeDB/freelist","Test":"TestCOWPrepareProfileLimitsCoverEveryCopiedCollection/changed_chunks","Elapsed":0}
{"Time":"2026-10-07T23:21:06.504842-10:00","Action":"run","Package":"github.com/snissn/gomap/TreeDB/freelist","Test":"TestCOWPrepareProfileLimitsCoverEveryCopiedCollection/replaced_metadata_pages"}
{"Time":"2026-10-07T23:21:06.504844-10:00","Action":"output","Package":"github.com/snissn/gomap/TreeDB/freelist","Test":"TestCOWPrepareProfileLimitsCoverEveryCopiedCollection/replaced_metadata_pages","Output":"=== RUN   TestCOWPrepareProfileLimitsCoverEveryCopiedCollection/replaced_metadata_pages\n"}
{"Time":"2026-10-07T23:21:06.504875-10:00","Action":"output","Package":"github.com/snissn/gomap/TreeDB/freelist","Test":"TestCOWPrepareProfileLimitsCoverEveryCopiedCollection/replaced_metadata_pages","Output":"--- PASS: TestCOWPrepareProfileLimitsCoverEveryCopiedCollection/replaced_metadata_pages (0.00s)\n"}
{"Time":"2026-10-07T23:21:06.504878-10:00","Action":"pass","Package":"github.com/snissn/gomap/TreeDB/freelist","Test":"TestCOWPrepareProfileLimitsCoverEveryCopiedCollection/replaced_metadata_pages","Elapsed":0}
{"Time":"2026-10-07T23:21:06.504882-10:00","Action":"run","Package":"github.com/snissn/gomap/TreeDB/freelist","Test":"TestCOWPrepareProfileLimitsCoverEveryCopiedCollection/base_reservation_extents"}
{"Time":"2026-10-07T23:21:06.504884-10:00","Action":"output","Package":"github.com/snissn/gomap/TreeDB/freelist","Test":"TestCOWPrepareProfileLimitsCoverEveryCopiedCollection/base_reservation_extents","Output":"=== RUN   TestCOWPrepareProfileLimitsCoverEveryCopiedCollection/base_reservation_extents\n"}
{"Time":"2026-10-07T23:21:06.504887-10:00","Action":"output","Package":"github.com/snissn/gomap/TreeDB/freelist","Test":"TestCOWPrepareProfileLimitsCoverEveryCopiedCollection/base_reservation_extents","Output":"--- PASS: TestCOWPrepareProfileLimitsCoverEveryCopiedCollection/base_reservation_extents (0.00s)\n"}
{"Time":"2026-10-07T23:21:06.50489-10:00","Action":"pass","Package":"github.com/snissn/gomap/TreeDB/freelist","Test":"TestCOWPrepareProfileLimitsCoverEveryCopiedCollection/base_reservation_extents","Elapsed":0}
{"Time":"2026-10-07T23:21:06.504893-10:00","Action":"run","Package":"github.com/snissn/gomap/TreeDB/freelist","Test":"TestCOWPrepareProfileLimitsCoverEveryCopiedCollection/base_metadata_pages"}
{"Time":"2026-10-07T23:21:06.504895-10:00","Action":"output","Package":"github.com/snissn/gomap/TreeDB/freelist","Test":"TestCOWPrepareProfileLimitsCoverEveryCopiedCollection/base_metadata_pages","Output":"=== RUN   TestCOWPrepareProfileLimitsCoverEveryCopiedCollection/base_metadata_pages\n"}
{"Time":"2026-10-07T23:21:06.504899-10:00","Action":"output","Package":"github.com/snissn/gomap/TreeDB/freelist","Test":"TestCOWPrepareProfileLimitsCoverEveryCopiedCollection/base_metadata_pages","Output":"--- PASS: TestCOWPrepareProfileLimitsCoverEveryCopiedCollection/base_metadata_pages (0.00s)\n"}
{"Time":"2026-10-07T23:21:06.504902-10:00","Action":"pass","Package":"github.com/snissn/gomap/TreeDB/freelist","Test":"TestCOWPrepareProfileLimitsCoverEveryCopiedCollection/base_metadata_pages","Elapsed":0}
{"Time":"2026-10-07T23:21:06.504905-10:00","Action":"run","Package":"github.com/snissn/gomap/TreeDB/freelist","Test":"TestCOWPrepareProfileLimitsCoverEveryCopiedCollection/ledger_owners"}
{"Time":"2026-10-07T23:21:06.504907-10:00","Action":"output","Package":"github.com/snissn/gomap/TreeDB/freelist","Test":"TestCOWPrepareProfileLimitsCoverEveryCopiedCollection/ledger_owners","Output":"=== RUN   TestCOWPrepareProfileLimitsCoverEveryCopiedCollection/ledger_owners\n"}
{"Time":"2026-10-07T23:21:06.504923-10:00","Action":"output","Package":"github.com/snissn/gomap/TreeDB/freelist","Test":"TestCOWPrepareProfileLimitsCoverEveryCopiedCollection/ledger_owners","Output":"--- PASS: TestCOWPrepareProfileLimitsCoverEveryCopiedCollection/ledger_owners (0.00s)\n"}
{"Time":"2026-10-07T23:21:06.504926-10:00","Action":"pass","Package":"github.com/snissn/gomap/TreeDB/freelist","Test":"TestCOWPrepareProfileLimitsCoverEveryCopiedCollection/ledger_owners","Elapsed":0}
{"Time":"2026-10-07T23:21:06.50493-10:00","Action":"run","Package":"github.com/snissn/gomap/TreeDB/freelist","Test":"TestCOWPrepareProfileLimitsCoverEveryCopiedCollection/ledger_candidates"}
{"Time":"2026-10-07T23:21:06.504933-10:00","Action":"output","Package":"github.com/snissn/gomap/TreeDB/freelist","Test":"TestCOWPrepareProfileLimitsCoverEveryCopiedCollection/ledger_candidates","Output":"=== RUN   TestCOWPrepareProfileLimitsCoverEveryCopiedCollection/ledger_candidates\n"}
{"Time":"2026-10-07T23:21:06.504936-10:00","Action":"output","Package":"github.com/snissn/gomap/TreeDB/freelist","Test":"TestCOWPrepareProfileLimitsCoverEveryCopiedCollection/ledger_candidates","Output":"--- PASS: TestCOWPrepareProfileLimitsCoverEveryCopiedCollection/ledger_candidates (0.00s)\n"}
{"Time":"2026-10-07T23:21:06.504939-10:00","Action":"pass","Package":"github.com/snissn/gomap/TreeDB/freelist","Test":"TestCOWPrepareProfileLimitsCoverEveryCopiedCollection/ledger_candidates","Elapsed":0}
{"Time":"2026-10-07T23:21:06.504943-10:00","Action":"run","Package":"github.com/snissn/gomap/TreeDB/freelist","Test":"TestCOWPrepareProfileLimitsCoverEveryCopiedCollection/ledger_burned_tail_ranges"}
{"Time":"2026-10-07T23:21:06.504945-10:00","Action":"output","Package":"github.com/snissn/gomap/TreeDB/freelist","Test":"TestCOWPrepareProfileLimitsCoverEveryCopiedCollection/ledger_burned_tail_ranges","Output":"=== RUN   TestCOWPrepareProfileLimitsCoverEveryCopiedCollection/ledger_burned_tail_ranges\n"}
{"Time":"2026-10-07T23:21:06.504948-10:00","Action":"output","Package":"github.com/snissn/gomap/TreeDB/freelist","Test":"TestCOWPrepareProfileLimitsCoverEveryCopiedCollection/ledger_burned_tail_ranges","Output":"--- PASS: TestCOWPrepareProfileLimitsCoverEveryCopiedCollection/ledger_burned_tail_ranges (0.00s)\n"}
{"Time":"2026-10-07T23:21:06.504951-10:00","Action":"pass","Package":"github.com/snissn/gomap/TreeDB/freelist","Test":"TestCOWPrepareProfileLimitsCoverEveryCopiedCollection/ledger_burned_tail_ranges","Elapsed":0}
{"Time":"2026-10-07T23:21:06.504953-10:00","Action":"run","Package":"github.com/snissn/gomap/TreeDB/freelist","Test":"TestCOWPrepareProfileLimitsCoverEveryCopiedCollection/ledger_highest_reserved_end"}
{"Time":"2026-10-07T23:21:06.504956-10:00","Action":"output","Package":"github.com/snissn/gomap/TreeDB/freelist","Test":"TestCOWPrepareProfileLimitsCoverEveryCopiedCollection/ledger_highest_reserved_end","Output":"=== RUN   TestCOWPrepareProfileLimitsCoverEveryCopiedCollection/ledger_highest_reserved_end\n"}
{"Time":"2026-10-07T23:21:06.504959-10:00","Action":"output","Package":"github.com/snissn/gomap/TreeDB/freelist","Test":"TestCOWPrepareProfileLimitsCoverEveryCopiedCollection/ledger_highest_reserved_end","Output":"--- PASS: TestCOWPrepareProfileLimitsCoverEveryCopiedCollection/ledger_highest_reserved_end (0.00s)\n"}
{"Time":"2026-10-07T23:21:06.504962-10:00","Action":"pass","Package":"github.com/snissn/gomap/TreeDB/freelist","Test":"TestCOWPrepareProfileLimitsCoverEveryCopiedCollection/ledger_highest_reserved_end","Elapsed":0}
{"Time":"2026-10-07T23:21:06.504964-10:00","Action":"run","Package":"github.com/snissn/gomap/TreeDB/freelist","Test":"TestCOWPrepareProfileLimitsCoverEveryCopiedCollection/high_water"}
{"Time":"2026-10-07T23:21:06.504967-10:00","Action":"output","Package":"github.com/snissn/gomap/TreeDB/freelist","Test":"TestCOWPrepareProfileLimitsCoverEveryCopiedCollection/high_water","Output":"=== RUN   TestCOWPrepareProfileLimitsCoverEveryCopiedCollection/high_water\n"}
{"Time":"2026-10-07T23:21:06.504993-10:00","Action":"output","Package":"github.com/snissn/gomap/TreeDB/freelist","Test":"TestCOWPrepareProfileLimitsCoverEveryCopiedCollection/high_water","Output":"--- PASS: TestCOWPrepareProfileLimitsCoverEveryCopiedCollection/high_water (0.00s)\n"}
{"Time":"2026-10-07T23:21:06.504997-10:00","Action":"pass","Package":"github.com/snissn/gomap/TreeDB/freelist","Test":"TestCOWPrepareProfileLimitsCoverEveryCopiedCollection/high_water","Elapsed":0}
{"Time":"2026-10-07T23:21:06.505001-10:00","Action":"run","Package":"github.com/snissn/gomap/TreeDB/freelist","Test":"TestCOWPrepareProfileLimitsCoverEveryCopiedCollection/retired_pages"}
{"Time":"2026-10-07T23:21:06.505011-10:00","Action":"output","Package":"github.com/snissn/gomap/TreeDB/freelist","Test":"TestCOWPrepareProfileLimitsCoverEveryCopiedCollection/retired_pages","Output":"=== RUN   TestCOWPrepareProfileLimitsCoverEveryCopiedCollection/retired_pages\n"}
{"Time":"2026-10-07T23:21:06.505013-10:00","Action":"output","Package":"github.com/snissn/gomap/TreeDB/freelist","Test":"TestCOWPrepareProfileLimitsCoverEveryCopiedCollection/retired_pages","Output":"--- PASS: TestCOWPrepareProfileLimitsCoverEveryCopiedCollection/retired_pages (0.00s)\n"}
{"Time":"2026-10-07T23:21:06.505016-10:00","Action":"pass","Package":"github.com/snissn/gomap/TreeDB/freelist","Test":"TestCOWPrepareProfileLimitsCoverEveryCopiedCollection/retired_pages","Elapsed":0}
{"Time":"2026-10-07T23:21:06.505019-10:00","Action":"run","Package":"github.com/snissn/gomap/TreeDB/freelist","Test":"TestCOWPrepareProfileLimitsCoverEveryCopiedCollection/allocated_pages"}
{"Time":"2026-10-07T23:21:06.505021-10:00","Action":"output","Package":"github.com/snissn/gomap/TreeDB/freelist","Test":"TestCOWPrepareProfileLimitsCoverEveryCopiedCollection/allocated_pages","Output":"=== RUN   TestCOWPrepareProfileLimitsCoverEveryCopiedCollection/allocated_pages\n"}
{"Time":"2026-10-07T23:21:06.505024-10:00","Action":"output","Package":"github.com/snissn/gomap/TreeDB/freelist","Test":"TestCOWPrepareProfileLimitsCoverEveryCopiedCollection/allocated_pages","Output":"--- PASS: TestCOWPrepareProfileLimitsCoverEveryCopiedCollection/allocated_pages (0.00s)\n"}
{"Time":"2026-10-07T23:21:06.505027-10:00","Action":"pass","Package":"github.com/snissn/gomap/TreeDB/freelist","Test":"TestCOWPrepareProfileLimitsCoverEveryCopiedCollection/allocated_pages","Elapsed":0}
{"Time":"2026-10-07T23:21:06.505029-10:00","Action":"run","Package":"github.com/snissn/gomap/TreeDB/freelist","Test":"TestCOWPrepareProfileLimitsCoverEveryCopiedCollection/abandoned_append_extents"}
{"Time":"2026-10-07T23:21:06.505032-10:00","Action":"output","Package":"github.com/snissn/gomap/TreeDB/freelist","Test":"TestCOWPrepareProfileLimitsCoverEveryCopiedCollection/abandoned_append_extents","Output":"=== RUN   TestCOWPrepareProfileLimitsCoverEveryCopiedCollection/abandoned_append_extents\n"}
{"Time":"2026-10-07T23:21:06.505039-10:00","Action":"output","Package":"github.com/snissn/gomap/TreeDB/freelist","Test":"TestCOWPrepareProfileLimitsCoverEveryCopiedCollection/abandoned_append_extents","Output":"--- PASS: TestCOWPrepareProfileLimitsCoverEveryCopiedCollection/abandoned_append_extents (0.00s)\n"}
{"Time":"2026-10-07T23:21:06.505043-10:00","Action":"pass","Package":"github.com/snissn/gomap/TreeDB/freelist","Test":"TestCOWPrepareProfileLimitsCoverEveryCopiedCollection/abandoned_append_extents","Elapsed":0}
{"Time":"2026-10-07T23:21:06.505046-10:00","Action":"output","Package":"github.com/snissn/gomap/TreeDB/freelist","Test":"TestCOWPrepareProfileLimitsCoverEveryCopiedCollection","Output":"--- PASS: TestCOWPrepareProfileLimitsCoverEveryCopiedCollection (0.00s)\n"}
{"Time":"2026-10-07T23:21:06.505048-10:00","Action":"pass","Package":"github.com/snissn/gomap/TreeDB/freelist","Test":"TestCOWPrepareProfileLimitsCoverEveryCopiedCollection","Elapsed":0}
{"Time":"2026-10-07T23:21:06.505051-10:00","Action":"run","Package":"github.com/snissn/gomap/TreeDB/freelist","Test":"TestAllocatorFailedCOWCandidateWakesBlockedAllocation"}
{"Time":"2026-10-07T23:21:06.505069-10:00","Action":"output","Package":"github.com/snissn/gomap/TreeDB/freelist","Test":"TestAllocatorFailedCOWCandidateWakesBlockedAllocation","Output":"=== RUN   TestAllocatorFailedCOWCandidateWakesBlockedAllocation\n"}
{"Time":"2026-10-07T23:21:06.50538-10:00","Action":"output","Package":"github.com/snissn/gomap/TreeDB/freelist","Test":"TestAllocatorFailedCOWCandidateWakesBlockedAllocation","Output":"--- PASS: TestAllocatorFailedCOWCandidateWakesBlockedAllocation (0.00s)\n"}
{"Time":"2026-10-07T23:21:06.505384-10:00","Action":"pass","Package":"github.com/snissn/gomap/TreeDB/freelist","Test":"TestAllocatorFailedCOWCandidateWakesBlockedAllocation","Elapsed":0}
{"Time":"2026-10-07T23:21:06.505387-10:00","Action":"run","Package":"github.com/snissn/gomap/TreeDB/freelist","Test":"TestAllocatorCOWCandidateOwnsAllocationsAndAuxiliaryPages"}
{"Time":"2026-10-07T23:21:06.50539-10:00","Action":"output","Package":"github.com/snissn/gomap/TreeDB/freelist","Test":"TestAllocatorCOWCandidateOwnsAllocationsAndAuxiliaryPages","Output":"=== RUN   TestAllocatorCOWCandidateOwnsAllocationsAndAuxiliaryPages\n"}
{"Time":"2026-10-07T23:21:06.505727-10:00","Action":"output","Package":"github.com/snissn/gomap/TreeDB/freelist","Test":"TestAllocatorCOWCandidateOwnsAllocationsAndAuxiliaryPages","Output":"--- PASS: TestAllocatorCOWCandidateOwnsAllocationsAndAuxiliaryPages (0.00s)\n"}
{"Time":"2026-10-07T23:21:06.505731-10:00","Action":"pass","Package":"github.com/snissn/gomap/TreeDB/freelist","Test":"TestAllocatorCOWCandidateOwnsAllocationsAndAuxiliaryPages","Elapsed":0}
{"Time":"2026-10-07T23:21:06.505735-10:00","Action":"run","Package":"github.com/snissn/gomap/TreeDB/freelist","Test":"TestAllocatorCOWCandidateMustBeMaterializedBeforePublish"}
{"Time":"2026-10-07T23:21:06.505737-10:00","Action":"output","Package":"github.com/snissn/gomap/TreeDB/freelist","Test":"TestAllocatorCOWCandidateMustBeMaterializedBeforePublish","Output":"=== RUN   TestAllocatorCOWCandidateMustBeMaterializedBeforePublish\n"}
{"Time":"2026-10-07T23:21:06.506099-10:00","Action":"output","Package":"github.com/snissn/gomap/TreeDB/freelist","Test":"TestAllocatorCOWCandidateMustBeMaterializedBeforePublish","Output":"--- PASS: TestAllocatorCOWCandidateMustBeMaterializedBeforePublish (0.00s)\n"}
{"Time":"2026-10-07T23:21:06.506104-10:00","Action":"pass","Package":"github.com/snissn/gomap/TreeDB/freelist","Test":"TestAllocatorCOWCandidateMustBeMaterializedBeforePublish","Elapsed":0}
{"Time":"2026-10-07T23:21:06.506109-10:00","Action":"run","Package":"github.com/snissn/gomap/TreeDB/freelist","Test":"TestAllocatorActivatedCOWGenerationsBuildAheadOfDurablePublication"}
{"Time":"2026-10-07T23:21:06.506112-10:00","Action":"output","Package":"github.com/snissn/gomap/TreeDB/freelist","Test":"TestAllocatorActivatedCOWGenerationsBuildAheadOfDurablePublication","Output":"=== RUN   TestAllocatorActivatedCOWGenerationsBuildAheadOfDurablePublication\n"}
{"Time":"2026-10-07T23:21:06.506288-10:00","Action":"run","Package":"github.com/snissn/gomap/TreeDB/freelist","Test":"TestAllocatorActivatedCOWGenerationsBuildAheadOfDurablePublication/missing_first"}
{"Time":"2026-10-07T23:21:06.506292-10:00","Action":"output","Package":"github.com/snissn/gomap/TreeDB/freelist","Test":"TestAllocatorActivatedCOWGenerationsBuildAheadOfDurablePublication/missing_first","Output":"=== RUN   TestAllocatorActivatedCOWGenerationsBuildAheadOfDurablePublication/missing_first\n"}
{"Time":"2026-10-07T23:21:06.506304-10:00","Action":"output","Package":"github.com/snissn/gomap/TreeDB/freelist","Test":"TestAllocatorActivatedCOWGenerationsBuildAheadOfDurablePublication/missing_first","Output":"--- PASS: TestAllocatorActivatedCOWGenerationsBuildAheadOfDurablePublication/missing_first (0.00s)\n"}
{"Time":"2026-10-07T23:21:06.506308-10:00","Action":"pass","Package":"github.com/snissn/gomap/TreeDB/freelist","Test":"TestAllocatorActivatedCOWGenerationsBuildAheadOfDurablePublication/missing_first","Elapsed":0}
{"Time":"2026-10-07T23:21:06.506311-10:00","Action":"run","Package":"github.com/snissn/gomap/TreeDB/freelist","Test":"TestAllocatorActivatedCOWGenerationsBuildAheadOfDurablePublication/reordered"}
{"Time":"2026-10-07T23:21:06.506333-10:00","Action":"output","Package":"github.com/snissn/gomap/TreeDB/freelist","Test":"TestAllocatorActivatedCOWGenerationsBuildAheadOfDurablePublication/reordered","Output":"=== RUN   TestAllocatorActivatedCOWGenerationsBuildAheadOfDurablePublication/reordered\n"}
{"Time":"2026-10-07T23:21:06.506337-10:00","Action":"output","Package":"github.com/snissn/gomap/TreeDB/freelist","Test":"TestAllocatorActivatedCOWGenerationsBuildAheadOfDurablePublication/reordered","Output":"--- PASS: TestAllocatorActivatedCOWGenerationsBuildAheadOfDurablePublication/reordered (0.00s)\n"}
{"Time":"2026-10-07T23:21:06.50634-10:00","Action":"pass","Package":"github.com/snissn/gomap/TreeDB/freelist","Test":"TestAllocatorActivatedCOWGenerationsBuildAheadOfDurablePublication/reordered","Elapsed":0}
{"Time":"2026-10-07T23:21:06.506347-10:00","Action":"run","Package":"github.com/snissn/gomap/TreeDB/freelist","Test":"TestAllocatorActivatedCOWGenerationsBuildAheadOfDurablePublication/extra"}
{"Time":"2026-10-07T23:21:06.50635-10:00","Action":"output","Package":"github.com/snissn/gomap/TreeDB/freelist","Test":"TestAllocatorActivatedCOWGenerationsBuildAheadOfDurablePublication/extra","Output":"=== RUN   TestAllocatorActivatedCOWGenerationsBuildAheadOfDurablePublication/extra\n"}
{"Time":"2026-10-07T23:21:06.506359-10:00","Action":"output","Package":"github.com/snissn/gomap/TreeDB/freelist","Test":"TestAllocatorActivatedCOWGenerationsBuildAheadOfDurablePublication/extra","Output":"--- PASS: TestAllocatorActivatedCOWGenerationsBuildAheadOfDurablePublication/extra (0.00s)\n"}
{"Time":"2026-10-07T23:21:06.506362-10:00","Action":"pass","Package":"github.com/snissn/gomap/TreeDB/freelist","Test":"TestAllocatorActivatedCOWGenerationsBuildAheadOfDurablePublication/extra","Elapsed":0}
{"Time":"2026-10-07T23:21:06.506555-10:00","Action":"output","Package":"github.com/snissn/gomap/TreeDB/freelist","Test":"TestAllocatorActivatedCOWGenerationsBuildAheadOfDurablePublication","Output":"--- PASS: TestAllocatorActivatedCOWGenerationsBuildAheadOfDurablePublication (0.00s)\n"}
{"Time":"2026-10-07T23:21:06.506558-10:00","Action":"pass","Package":"github.com/snissn/gomap/TreeDB/freelist","Test":"TestAllocatorActivatedCOWGenerationsBuildAheadOfDurablePublication","Elapsed":0}
{"Time":"2026-10-07T23:21:06.506562-10:00","Action":"run","Package":"github.com/snissn/gomap/TreeDB/freelist","Test":"TestAllocatorActivatedCOWPrefixRejectsUntrackedPhysicalTail"}
{"Time":"2026-10-07T23:21:06.506564-10:00","Action":"output","Package":"github.com/snissn/gomap/TreeDB/freelist","Test":"TestAllocatorActivatedCOWPrefixRejectsUntrackedPhysicalTail","Output":"=== RUN   TestAllocatorActivatedCOWPrefixRejectsUntrackedPhysicalTail\n"}
{"Time":"2026-10-07T23:21:06.506905-10:00","Action":"output","Package":"github.com/snissn/gomap/TreeDB/freelist","Test":"TestAllocatorActivatedCOWPrefixRejectsUntrackedPhysicalTail","Output":"--- PASS: TestAllocatorActivatedCOWPrefixRejectsUntrackedPhysicalTail (0.00s)\n"}
{"Time":"2026-10-07T23:21:06.506909-10:00","Action":"pass","Package":"github.com/snissn/gomap/TreeDB/freelist","Test":"TestAllocatorActivatedCOWPrefixRejectsUntrackedPhysicalTail","Elapsed":0}
{"Time":"2026-10-07T23:21:06.506912-10:00","Action":"run","Package":"github.com/snissn/gomap/TreeDB/freelist","Test":"TestAllocatorActivatedCOWFailurePoisonsAndWakesAllocation"}
{"Time":"2026-10-07T23:21:06.506915-10:00","Action":"output","Package":"github.com/snissn/gomap/TreeDB/freelist","Test":"TestAllocatorActivatedCOWFailurePoisonsAndWakesAllocation","Output":"=== RUN   TestAllocatorActivatedCOWFailurePoisonsAndWakesAllocation\n"}
{"Time":"2026-10-07T23:21:06.507209-10:00","Action":"output","Package":"github.com/snissn/gomap/TreeDB/freelist","Test":"TestAllocatorActivatedCOWFailurePoisonsAndWakesAllocation","Output":"--- PASS: TestAllocatorActivatedCOWFailurePoisonsAndWakesAllocation (0.00s)\n"}
{"Time":"2026-10-07T23:21:06.507213-10:00","Action":"pass","Package":"github.com/snissn/gomap/TreeDB/freelist","Test":"TestAllocatorActivatedCOWFailurePoisonsAndWakesAllocation","Elapsed":0}
{"Time":"2026-10-07T23:21:06.507229-10:00","Action":"run","Package":"github.com/snissn/gomap/TreeDB/freelist","Test":"TestReservationLedgerPublishBatchValidatesBeforeMutation"}
{"Time":"2026-10-07T23:21:06.507232-10:00","Action":"output","Package":"github.com/snissn/gomap/TreeDB/freelist","Test":"TestReservationLedgerPublishBatchValidatesBeforeMutation","Output":"=== RUN   TestReservationLedgerPublishBatchValidatesBeforeMutation\n"}
{"Time":"2026-10-07T23:21:06.507248-10:00","Action":"output","Package":"github.com/snissn/gomap/TreeDB/freelist","Test":"TestReservationLedgerPublishBatchValidatesBeforeMutation","Output":"--- PASS: TestReservationLedgerPublishBatchValidatesBeforeMutation (0.00s)\n"}
{"Time":"2026-10-07T23:21:06.507252-10:00","Action":"pass","Package":"github.com/snissn/gomap/TreeDB/freelist","Test":"TestReservationLedgerPublishBatchValidatesBeforeMutation","Elapsed":0}
{"Time":"2026-10-07T23:21:06.507255-10:00","Action":"run","Package":"github.com/snissn/gomap/TreeDB/freelist","Test":"TestAllocatorCOWCandidateRetirementsRollbackBeforePublish"}
{"Time":"2026-10-07T23:21:06.507258-10:00","Action":"output","Package":"github.com/snissn/gomap/TreeDB/freelist","Test":"TestAllocatorCOWCandidateRetirementsRollbackBeforePublish","Output":"=== RUN   TestAllocatorCOWCandidateRetirementsRollbackBeforePublish\n"}
{"Time":"2026-10-07T23:21:06.507261-10:00","Action":"run","Package":"github.com/snissn/gomap/TreeDB/freelist","Test":"TestAllocatorCOWCandidateRetirementsRollbackBeforePublish/prepare_failure"}
{"Time":"2026-10-07T23:21:06.507264-10:00","Action":"output","Package":"github.com/snissn/gomap/TreeDB/freelist","Test":"TestAllocatorCOWCandidateRetirementsRollbackBeforePublish/prepare_failure","Output":"=== RUN   TestAllocatorCOWCandidateRetirementsRollbackBeforePublish/prepare_failure\n"}
{"Time":"2026-10-07T23:21:06.507588-10:00","Action":"output","Package":"github.com/snissn/gomap/TreeDB/freelist","Test":"TestAllocatorCOWCandidateRetirementsRollbackBeforePublish/prepare_failure","Output":"--- PASS: TestAllocatorCOWCandidateRetirementsRollbackBeforePublish/prepare_failure (0.00s)\n"}
{"Time":"2026-10-07T23:21:06.507592-10:00","Action":"pass","Package":"github.com/snissn/gomap/TreeDB/freelist","Test":"TestAllocatorCOWCandidateRetirementsRollbackBeforePublish/prepare_failure","Elapsed":0}
{"Time":"2026-10-07T23:21:06.507595-10:00","Action":"run","Package":"github.com/snissn/gomap/TreeDB/freelist","Test":"TestAllocatorCOWCandidateRetirementsRollbackBeforePublish/caller_abort"}
{"Time":"2026-10-07T23:21:06.507598-10:00","Action":"output","Package":"github.com/snissn/gomap/TreeDB/freelist","Test":"TestAllocatorCOWCandidateRetirementsRollbackBeforePublish/caller_abort","Output":"=== RUN   TestAllocatorCOWCandidateRetirementsRollbackBeforePublish/caller_abort\n"}
{"Time":"2026-10-07T23:21:06.507921-10:00","Action":"output","Package":"github.com/snissn/gomap/TreeDB/freelist","Test":"TestAllocatorCOWCandidateRetirementsRollbackBeforePublish/caller_abort","Output":"--- PASS: TestAllocatorCOWCandidateRetirementsRollbackBeforePublish/caller_abort (0.00s)\n"}
{"Time":"2026-10-07T23:21:06.507926-10:00","Action":"pass","Package":"github.com/snissn/gomap/TreeDB/freelist","Test":"TestAllocatorCOWCandidateRetirementsRollbackBeforePublish/caller_abort","Elapsed":0}
{"Time":"2026-10-07T23:21:06.507929-10:00","Action":"output","Package":"github.com/snissn/gomap/TreeDB/freelist","Test":"TestAllocatorCOWCandidateRetirementsRollbackBeforePublish","Output":"--- PASS: TestAllocatorCOWCandidateRetirementsRollbackBeforePublish (0.00s)\n"}
{"Time":"2026-10-07T23:21:06.507932-10:00","Action":"pass","Package":"github.com/snissn/gomap/TreeDB/freelist","Test":"TestAllocatorCOWCandidateRetirementsRollbackBeforePublish","Elapsed":0}
{"Time":"2026-10-07T23:21:06.507938-10:00","Action":"run","Package":"github.com/snissn/gomap/TreeDB/freelist","Test":"TestAllocatorCOWAuxiliaryPagesStayContiguousAboveReusableHoles"}
{"Time":"2026-10-07T23:21:06.507953-10:00","Action":"output","Package":"github.com/snissn/gomap/TreeDB/freelist","Test":"TestAllocatorCOWAuxiliaryPagesStayContiguousAboveReusableHoles","Output":"=== RUN   TestAllocatorCOWAuxiliaryPagesStayContiguousAboveReusableHoles\n"}
{"Time":"2026-10-07T23:21:06.508232-10:00","Action":"output","Package":"github.com/snissn/gomap/TreeDB/freelist","Test":"TestAllocatorCOWAuxiliaryPagesStayContiguousAboveReusableHoles","Output":"--- PASS: TestAllocatorCOWAuxiliaryPagesStayContiguousAboveReusableHoles (0.00s)\n"}
{"Time":"2026-10-07T23:21:06.508236-10:00","Action":"pass","Package":"github.com/snissn/gomap/TreeDB/freelist","Test":"TestAllocatorCOWAuxiliaryPagesStayContiguousAboveReusableHoles","Elapsed":0}
{"Time":"2026-10-07T23:21:06.508239-10:00","Action":"run","Package":"github.com/snissn/gomap/TreeDB/freelist","Test":"TestAllocatorCOWPreferAppendBypassesReusablePages"}
{"Time":"2026-10-07T23:21:06.508242-10:00","Action":"output","Package":"github.com/snissn/gomap/TreeDB/freelist","Test":"TestAllocatorCOWPreferAppendBypassesReusablePages","Output":"=== RUN   TestAllocatorCOWPreferAppendBypassesReusablePages\n"}
{"Time":"2026-10-07T23:21:06.50855-10:00","Action":"output","Package":"github.com/snissn/gomap/TreeDB/freelist","Test":"TestAllocatorCOWPreferAppendBypassesReusablePages","Output":"--- PASS: TestAllocatorCOWPreferAppendBypassesReusablePages (0.00s)\n"}
{"Time":"2026-10-07T23:21:06.508588-10:00","Action":"pass","Package":"github.com/snissn/gomap/TreeDB/freelist","Test":"TestAllocatorCOWPreferAppendBypassesReusablePages","Elapsed":0}
{"Time":"2026-10-07T23:21:06.508603-10:00","Action":"run","Package":"github.com/snissn/gomap/TreeDB/freelist","Test":"TestAllocatorCOWAllocAppendIsScopedAndAdvancesCandidateHighWater"}
{"Time":"2026-10-07T23:21:06.508613-10:00","Action":"output","Package":"github.com/snissn/gomap/TreeDB/freelist","Test":"TestAllocatorCOWAllocAppendIsScopedAndAdvancesCandidateHighWater","Output":"=== RUN   TestAllocatorCOWAllocAppendIsScopedAndAdvancesCandidateHighWater\n"}
{"Time":"2026-10-07T23:21:06.508901-10:00","Action":"output","Package":"github.com/snissn/gomap/TreeDB/freelist","Test":"TestAllocatorCOWAllocAppendIsScopedAndAdvancesCandidateHighWater","Output":"--- PASS: TestAllocatorCOWAllocAppendIsScopedAndAdvancesCandidateHighWater (0.00s)\n"}
{"Time":"2026-10-07T23:21:06.508925-10:00","Action":"pass","Package":"github.com/snissn/gomap/TreeDB/freelist","Test":"TestAllocatorCOWAllocAppendIsScopedAndAdvancesCandidateHighWater","Elapsed":0}
{"Time":"2026-10-07T23:21:06.508938-10:00","Action":"run","Package":"github.com/snissn/gomap/TreeDB/freelist","Test":"TestAllocatorCOWAllocAppendSkipsActivatedVirtualTail"}
{"Time":"2026-10-07T23:21:06.508947-10:00","Action":"output","Package":"github.com/snissn/gomap/TreeDB/freelist","Test":"TestAllocatorCOWAllocAppendSkipsActivatedVirtualTail","Output":"=== RUN   TestAllocatorCOWAllocAppendSkipsActivatedVirtualTail\n"}
{"Time":"2026-10-07T23:21:06.509286-10:00","Action":"output","Package":"github.com/snissn/gomap/TreeDB/freelist","Test":"TestAllocatorCOWAllocAppendSkipsActivatedVirtualTail","Output":"--- PASS: TestAllocatorCOWAllocAppendSkipsActivatedVirtualTail (0.00s)\n"}
{"Time":"2026-10-07T23:21:06.509323-10:00","Action":"pass","Package":"github.com/snissn/gomap/TreeDB/freelist","Test":"TestAllocatorCOWAllocAppendSkipsActivatedVirtualTail","Elapsed":0}
{"Time":"2026-10-07T23:21:06.509337-10:00","Action":"run","Package":"github.com/snissn/gomap/TreeDB/freelist","Test":"TestAllocatorCOWDoesNotReuseUntilTwoSlotHorizonAdvances"}
{"Time":"2026-10-07T23:21:06.509358-10:00","Action":"output","Package":"github.com/snissn/gomap/TreeDB/freelist","Test":"TestAllocatorCOWDoesNotReuseUntilTwoSlotHorizonAdvances","Output":"=== RUN   TestAllocatorCOWDoesNotReuseUntilTwoSlotHorizonAdvances\n"}
{"Time":"2026-10-07T23:21:06.509631-10:00","Action":"output","Package":"github.com/snissn/gomap/TreeDB/freelist","Test":"TestAllocatorCOWDoesNotReuseUntilTwoSlotHorizonAdvances","Output":"--- PASS: TestAllocatorCOWDoesNotReuseUntilTwoSlotHorizonAdvances (0.00s)\n"}
{"Time":"2026-10-07T23:21:06.509648-10:00","Action":"pass","Package":"github.com/snissn/gomap/TreeDB/freelist","Test":"TestAllocatorCOWDoesNotReuseUntilTwoSlotHorizonAdvances","Elapsed":0}
{"Time":"2026-10-07T23:21:06.509652-10:00","Action":"run","Package":"github.com/snissn/gomap/TreeDB/freelist","Test":"TestAllocatorCOWCandidateEncodesSealedReuseCapability"}
{"Time":"2026-10-07T23:21:06.509655-10:00","Action":"output","Package":"github.com/snissn/gomap/TreeDB/freelist","Test":"TestAllocatorCOWCandidateEncodesSealedReuseCapability","Output":"=== RUN   TestAllocatorCOWCandidateEncodesSealedReuseCapability\n"}
{"Time":"2026-10-07T23:21:06.509971-10:00","Action":"output","Package":"github.com/snissn/gomap/TreeDB/freelist","Test":"TestAllocatorCOWCandidateEncodesSealedReuseCapability","Output":"--- PASS: TestAllocatorCOWCandidateEncodesSealedReuseCapability (0.00s)\n"}
{"Time":"2026-10-07T23:21:06.510011-10:00","Action":"pass","Package":"github.com/snissn/gomap/TreeDB/freelist","Test":"TestAllocatorCOWCandidateEncodesSealedReuseCapability","Elapsed":0}
{"Time":"2026-10-07T23:21:06.510017-10:00","Action":"run","Package":"github.com/snissn/gomap/TreeDB/freelist","Test":"TestAllocatorFiniteRetryRefusesBeforeCachedOrdinaryCandidate5105"}
{"Time":"2026-10-07T23:21:06.510021-10:00","Action":"output","Package":"github.com/snissn/gomap/TreeDB/freelist","Test":"TestAllocatorFiniteRetryRefusesBeforeCachedOrdinaryCandidate5105","Output":"=== RUN   TestAllocatorFiniteRetryRefusesBeforeCachedOrdinaryCandidate5105\n"}
{"Time":"2026-10-07T23:21:06.510278-10:00","Action":"output","Package":"github.com/snissn/gomap/TreeDB/freelist","Test":"TestAllocatorFiniteRetryRefusesBeforeCachedOrdinaryCandidate5105","Output":"--- PASS: TestAllocatorFiniteRetryRefusesBeforeCachedOrdinaryCandidate5105 (0.00s)\n"}
{"Time":"2026-10-07T23:21:06.510282-10:00","Action":"pass","Package":"github.com/snissn/gomap/TreeDB/freelist","Test":"TestAllocatorFiniteRetryRefusesBeforeCachedOrdinaryCandidate5105","Elapsed":0}
{"Time":"2026-10-07T23:21:06.510286-10:00","Action":"run","Package":"github.com/snissn/gomap/TreeDB/freelist","Test":"TestAllocator_FreeMany_FillsHeadAndChains"}
{"Time":"2026-10-07T23:21:06.510289-10:00","Action":"output","Package":"github.com/snissn/gomap/TreeDB/freelist","Test":"TestAllocator_FreeMany_FillsHeadAndChains","Output":"=== RUN   TestAllocator_FreeMany_FillsHeadAndChains\n"}
{"Time":"2026-10-07T23:21:06.510946-10:00","Action":"output","Package":"github.com/snissn/gomap/TreeDB/freelist","Test":"TestAllocator_FreeMany_FillsHeadAndChains","Output":"--- PASS: TestAllocator_FreeMany_FillsHeadAndChains (0.00s)\n"}
{"Time":"2026-10-07T23:21:06.510964-10:00","Action":"pass","Package":"github.com/snissn/gomap/TreeDB/freelist","Test":"TestAllocator_FreeMany_FillsHeadAndChains","Elapsed":0}
{"Time":"2026-10-07T23:21:06.51097-10:00","Action":"run","Package":"github.com/snissn/gomap/TreeDB/freelist","Test":"TestAllocator_FreeMany_FullHeadGetsFinalChecksumBeforeChaining"}
{"Time":"2026-10-07T23:21:06.510976-10:00","Action":"output","Package":"github.com/snissn/gomap/TreeDB/freelist","Test":"TestAllocator_FreeMany_FullHeadGetsFinalChecksumBeforeChaining","Output":"=== RUN   TestAllocator_FreeMany_FullHeadGetsFinalChecksumBeforeChaining\n"}
{"Time":"2026-10-07T23:21:06.511401-10:00","Action":"output","Package":"github.com/snissn/gomap/TreeDB/freelist","Test":"TestAllocator_FreeMany_FullHeadGetsFinalChecksumBeforeChaining","Output":"--- PASS: TestAllocator_FreeMany_FullHeadGetsFinalChecksumBeforeChaining (0.00s)\n"}
{"Time":"2026-10-07T23:21:06.511406-10:00","Action":"pass","Package":"github.com/snissn/gomap/TreeDB/freelist","Test":"TestAllocator_FreeMany_FullHeadGetsFinalChecksumBeforeChaining","Elapsed":0}
{"Time":"2026-10-07T23:21:06.51141-10:00","Action":"run","Package":"github.com/snissn/gomap/TreeDB/freelist","Test":"TestAllocator_FreeMany_RejectsPageZeroBeforeMutation"}
{"Time":"2026-10-07T23:21:06.511414-10:00","Action":"output","Package":"github.com/snissn/gomap/TreeDB/freelist","Test":"TestAllocator_FreeMany_RejectsPageZeroBeforeMutation","Output":"=== RUN   TestAllocator_FreeMany_RejectsPageZeroBeforeMutation\n"}
{"Time":"2026-10-07T23:21:06.511756-10:00","Action":"output","Package":"github.com/snissn/gomap/TreeDB/freelist","Test":"TestAllocator_FreeMany_RejectsPageZeroBeforeMutation","Output":"--- PASS: TestAllocator_FreeMany_RejectsPageZeroBeforeMutation (0.00s)\n"}
{"Time":"2026-10-07T23:21:06.511768-10:00","Action":"pass","Package":"github.com/snissn/gomap/TreeDB/freelist","Test":"TestAllocator_FreeMany_RejectsPageZeroBeforeMutation","Elapsed":0}
{"Time":"2026-10-07T23:21:06.511773-10:00","Action":"run","Package":"github.com/snissn/gomap/TreeDB/freelist","Test":"TestAllocator_FreeMany_DuplicatesMatchFreeLoop"}
{"Time":"2026-10-07T23:21:06.511779-10:00","Action":"output","Package":"github.com/snissn/gomap/TreeDB/freelist","Test":"TestAllocator_FreeMany_DuplicatesMatchFreeLoop","Output":"=== RUN   TestAllocator_FreeMany_DuplicatesMatchFreeLoop\n"}
{"Time":"2026-10-07T23:21:06.512283-10:00","Action":"output","Package":"github.com/snissn/gomap/TreeDB/freelist","Test":"TestAllocator_FreeMany_DuplicatesMatchFreeLoop","Output":"--- PASS: TestAllocator_FreeMany_DuplicatesMatchFreeLoop (0.00s)\n"}
{"Time":"2026-10-07T23:21:06.512333-10:00","Action":"pass","Package":"github.com/snissn/gomap/TreeDB/freelist","Test":"TestAllocator_FreeMany_DuplicatesMatchFreeLoop","Elapsed":0}
{"Time":"2026-10-07T23:21:06.512362-10:00","Action":"run","Package":"github.com/snissn/gomap/TreeDB/freelist","Test":"TestAllocator_FreeMany_HookRunsBeforeChecksum"}
{"Time":"2026-10-07T23:21:06.512373-10:00","Action":"output","Package":"github.com/snissn/gomap/TreeDB/freelist","Test":"TestAllocator_FreeMany_HookRunsBeforeChecksum","Output":"=== RUN   TestAllocator_FreeMany_HookRunsBeforeChecksum\n"}
{"Time":"2026-10-07T23:21:06.512597-10:00","Action":"output","Package":"github.com/snissn/gomap/TreeDB/freelist","Test":"TestAllocator_FreeMany_HookRunsBeforeChecksum","Output":"--- PASS: TestAllocator_FreeMany_HookRunsBeforeChecksum (0.00s)\n"}
{"Time":"2026-10-07T23:21:06.512605-10:00","Action":"pass","Package":"github.com/snissn/gomap/TreeDB/freelist","Test":"TestAllocator_FreeMany_HookRunsBeforeChecksum","Elapsed":0}
{"Time":"2026-10-07T23:21:06.512609-10:00","Action":"run","Package":"github.com/snissn/gomap/TreeDB/freelist","Test":"TestAllocator_FreeMany_RejectsCorruptHead"}
{"Time":"2026-10-07T23:21:06.512614-10:00","Action":"output","Package":"github.com/snissn/gomap/TreeDB/freelist","Test":"TestAllocator_FreeMany_RejectsCorruptHead","Output":"=== RUN   TestAllocator_FreeMany_RejectsCorruptHead\n"}
{"Time":"2026-10-07T23:21:06.51291-10:00","Action":"output","Package":"github.com/snissn/gomap/TreeDB/freelist","Test":"TestAllocator_FreeMany_RejectsCorruptHead","Output":"--- PASS: TestAllocator_FreeMany_RejectsCorruptHead (0.00s)\n"}
{"Time":"2026-10-07T23:21:06.512915-10:00","Action":"pass","Package":"github.com/snissn/gomap/TreeDB/freelist","Test":"TestAllocator_FreeMany_RejectsCorruptHead","Elapsed":0}
{"Time":"2026-10-07T23:21:06.512919-10:00","Action":"run","Package":"github.com/snissn/gomap/TreeDB/freelist","Test":"TestAllocator_FreeMany_ErrorReportsCommittedPrefix"}
{"Time":"2026-10-07T23:21:06.512922-10:00","Action":"output","Package":"github.com/snissn/gomap/TreeDB/freelist","Test":"TestAllocator_FreeMany_ErrorReportsCommittedPrefix","Output":"=== RUN   TestAllocator_FreeMany_ErrorReportsCommittedPrefix\n"}
{"Time":"2026-10-07T23:21:06.513296-10:00","Action":"output","Package":"github.com/snissn/gomap/TreeDB/freelist","Test":"TestAllocator_FreeMany_ErrorReportsCommittedPrefix","Output":"--- PASS: TestAllocator_FreeMany_ErrorReportsCommittedPrefix (0.00s)\n"}
{"Time":"2026-10-07T23:21:06.513301-10:00","Action":"pass","Package":"github.com/snissn/gomap/TreeDB/freelist","Test":"TestAllocator_FreeMany_ErrorReportsCommittedPrefix","Elapsed":0}
{"Time":"2026-10-07T23:21:06.513306-10:00","Action":"run","Package":"github.com/snissn/gomap/TreeDB/freelist","Test":"TestAllocator_RegionBiasedAllocMany_BatchesNearbyUnverified"}
{"Time":"2026-10-07T23:21:06.513309-10:00","Action":"output","Package":"github.com/snissn/gomap/TreeDB/freelist","Test":"TestAllocator_RegionBiasedAllocMany_BatchesNearbyUnverified","Output":"=== RUN   TestAllocator_RegionBiasedAllocMany_BatchesNearbyUnverified\n"}
{"Time":"2026-10-07T23:21:06.513694-10:00","Action":"output","Package":"github.com/snissn/gomap/TreeDB/freelist","Test":"TestAllocator_RegionBiasedAllocMany_BatchesNearbyUnverified","Output":"--- PASS: TestAllocator_RegionBiasedAllocMany_BatchesNearbyUnverified (0.00s)\n"}
{"Time":"2026-10-07T23:21:06.513699-10:00","Action":"pass","Package":"github.com/snissn/gomap/TreeDB/freelist","Test":"TestAllocator_RegionBiasedAllocMany_BatchesNearbyUnverified","Elapsed":0}
{"Time":"2026-10-07T23:21:06.513704-10:00","Action":"run","Package":"github.com/snissn/gomap/TreeDB/freelist","Test":"TestAllocator_RegionBiasedAllocMany_RecycledHeadDoesNotConsumeFreeIDStat"}
{"Time":"2026-10-07T23:21:06.513707-10:00","Action":"output","Package":"github.com/snissn/gomap/TreeDB/freelist","Test":"TestAllocator_RegionBiasedAllocMany_RecycledHeadDoesNotConsumeFreeIDStat","Output":"=== RUN   TestAllocator_RegionBiasedAllocMany_RecycledHeadDoesNotConsumeFreeIDStat\n"}
{"Time":"2026-10-07T23:21:06.514204-10:00","Action":"output","Package":"github.com/snissn/gomap/TreeDB/freelist","Test":"TestAllocator_RegionBiasedAllocMany_RecycledHeadDoesNotConsumeFreeIDStat","Output":"--- PASS: TestAllocator_RegionBiasedAllocMany_RecycledHeadDoesNotConsumeFreeIDStat (0.00s)\n"}
{"Time":"2026-10-07T23:21:06.514211-10:00","Action":"pass","Package":"github.com/snissn/gomap/TreeDB/freelist","Test":"TestAllocator_RegionBiasedAllocMany_RecycledHeadDoesNotConsumeFreeIDStat","Elapsed":0}
{"Time":"2026-10-07T23:21:06.514215-10:00","Action":"run","Package":"github.com/snissn/gomap/TreeDB/freelist","Test":"TestAllocator_RegionBiasedAllocMany_DrainsAndRecyclesHeadWithOneVerification"}
{"Time":"2026-10-07T23:21:06.514218-10:00","Action":"output","Package":"github.com/snissn/gomap/TreeDB/freelist","Test":"TestAllocator_RegionBiasedAllocMany_DrainsAndRecyclesHeadWithOneVerification","Output":"=== RUN   TestAllocator_RegionBiasedAllocMany_DrainsAndRecyclesHeadWithOneVerification\n"}
{"Time":"2026-10-07T23:21:06.514611-10:00","Action":"output","Package":"github.com/snissn/gomap/TreeDB/freelist","Test":"TestAllocator_RegionBiasedAllocMany_DrainsAndRecyclesHeadWithOneVerification","Output":"--- PASS: TestAllocator_RegionBiasedAllocMany_DrainsAndRecyclesHeadWithOneVerification (0.00s)\n"}
{"Time":"2026-10-07T23:21:06.514617-10:00","Action":"pass","Package":"github.com/snissn/gomap/TreeDB/freelist","Test":"TestAllocator_RegionBiasedAllocMany_DrainsAndRecyclesHeadWithOneVerification","Elapsed":0}
{"Time":"2026-10-07T23:21:06.514622-10:00","Action":"run","Package":"github.com/snissn/gomap/TreeDB/freelist","Test":"TestAllocator_RegionBiasedAllocMany_MatchesRepeatedAllocWithMovingHint"}
{"Time":"2026-10-07T23:21:06.514625-10:00","Action":"output","Package":"github.com/snissn/gomap/TreeDB/freelist","Test":"TestAllocator_RegionBiasedAllocMany_MatchesRepeatedAllocWithMovingHint","Output":"=== RUN   TestAllocator_RegionBiasedAllocMany_MatchesRepeatedAllocWithMovingHint\n"}
{"Time":"2026-10-07T23:21:06.515434-10:00","Action":"output","Package":"github.com/snissn/gomap/TreeDB/freelist","Test":"TestAllocator_RegionBiasedAllocMany_MatchesRepeatedAllocWithMovingHint","Output":"--- PASS: TestAllocator_RegionBiasedAllocMany_MatchesRepeatedAllocWithMovingHint (0.00s)\n"}
{"Time":"2026-10-07T23:21:06.515442-10:00","Action":"pass","Package":"github.com/snissn/gomap/TreeDB/freelist","Test":"TestAllocator_RegionBiasedAllocMany_MatchesRepeatedAllocWithMovingHint","Elapsed":0}
{"Time":"2026-10-07T23:21:06.515448-10:00","Action":"run","Package":"github.com/snissn/gomap/TreeDB/freelist","Test":"TestAllocator_RegionBiasedAllocMany_IndexedPathMatchesRepeatedAlloc"}
{"Time":"2026-10-07T23:21:06.515451-10:00","Action":"output","Package":"github.com/snissn/gomap/TreeDB/freelist","Test":"TestAllocator_RegionBiasedAllocMany_IndexedPathMatchesRepeatedAlloc","Output":"=== RUN   TestAllocator_RegionBiasedAllocMany_IndexedPathMatchesRepeatedAlloc\n"}
{"Time":"2026-10-07T23:21:06.516025-10:00","Action":"output","Package":"github.com/snissn/gomap/TreeDB/freelist","Test":"TestAllocator_RegionBiasedAllocMany_IndexedPathMatchesRepeatedAlloc","Output":"--- PASS: TestAllocator_RegionBiasedAllocMany_IndexedPathMatchesRepeatedAlloc (0.00s)\n"}
{"Time":"2026-10-07T23:21:06.516031-10:00","Action":"pass","Package":"github.com/snissn/gomap/TreeDB/freelist","Test":"TestAllocator_RegionBiasedAllocMany_IndexedPathMatchesRepeatedAlloc","Elapsed":0}
{"Time":"2026-10-07T23:21:06.516035-10:00","Action":"run","Package":"github.com/snissn/gomap/TreeDB/freelist","Test":"TestAllocator_NoDuplicateAllocations"}
{"Time":"2026-10-07T23:21:06.516045-10:00","Action":"output","Package":"github.com/snissn/gomap/TreeDB/freelist","Test":"TestAllocator_NoDuplicateAllocations","Output":"=== RUN   TestAllocator_NoDuplicateAllocations\n"}
{"Time":"2026-10-07T23:21:06.51644-10:00","Action":"output","Package":"github.com/snissn/gomap/TreeDB/freelist","Test":"TestAllocator_NoDuplicateAllocations","Output":"--- PASS: TestAllocator_NoDuplicateAllocations (0.00s)\n"}
{"Time":"2026-10-07T23:21:06.516447-10:00","Action":"pass","Package":"github.com/snissn/gomap/TreeDB/freelist","Test":"TestAllocator_NoDuplicateAllocations","Elapsed":0}
{"Time":"2026-10-07T23:21:06.516451-10:00","Action":"run","Package":"github.com/snissn/gomap/TreeDB/freelist","Test":"TestAllocator_RegionBiasedAlloc_SelectsNearby"}
{"Time":"2026-10-07T23:21:06.516454-10:00","Action":"output","Package":"github.com/snissn/gomap/TreeDB/freelist","Test":"TestAllocator_RegionBiasedAlloc_SelectsNearby","Output":"=== RUN   TestAllocator_RegionBiasedAlloc_SelectsNearby\n"}
{"Time":"2026-10-07T23:21:06.516808-10:00","Action":"output","Package":"github.com/snissn/gomap/TreeDB/freelist","Test":"TestAllocator_RegionBiasedAlloc_SelectsNearby","Output":"--- PASS: TestAllocator_RegionBiasedAlloc_SelectsNearby (0.00s)\n"}
{"Time":"2026-10-07T23:21:06.516812-10:00","Action":"pass","Package":"github.com/snissn/gomap/TreeDB/freelist","Test":"TestAllocator_RegionBiasedAlloc_SelectsNearby","Elapsed":0}
{"Time":"2026-10-07T23:21:06.516816-10:00","Action":"run","Package":"github.com/snissn/gomap/TreeDB/freelist","Test":"TestAllocator_RegionBiasedAlloc_FallsBackToLIFO"}
{"Time":"2026-10-07T23:21:06.516819-10:00","Action":"output","Package":"github.com/snissn/gomap/TreeDB/freelist","Test":"TestAllocator_RegionBiasedAlloc_FallsBackToLIFO","Output":"=== RUN   TestAllocator_RegionBiasedAlloc_FallsBackToLIFO\n"}
{"Time":"2026-10-07T23:21:06.517206-10:00","Action":"output","Package":"github.com/snissn/gomap/TreeDB/freelist","Test":"TestAllocator_RegionBiasedAlloc_FallsBackToLIFO","Output":"--- PASS: TestAllocator_RegionBiasedAlloc_FallsBackToLIFO (0.00s)\n"}
{"Time":"2026-10-07T23:21:06.51721-10:00","Action":"pass","Package":"github.com/snissn/gomap/TreeDB/freelist","Test":"TestAllocator_RegionBiasedAlloc_FallsBackToLIFO","Elapsed":0}
{"Time":"2026-10-07T23:21:06.51722-10:00","Action":"run","Package":"github.com/snissn/gomap/TreeDB/freelist","Test":"TestAllocator_AllocMany"}
{"Time":"2026-10-07T23:21:06.517224-10:00","Action":"output","Package":"github.com/snissn/gomap/TreeDB/freelist","Test":"TestAllocator_AllocMany","Output":"=== RUN   TestAllocator_AllocMany\n"}
{"Time":"2026-10-07T23:21:06.517517-10:00","Action":"output","Package":"github.com/snissn/gomap/TreeDB/freelist","Test":"TestAllocator_AllocMany","Output":"--- PASS: TestAllocator_AllocMany (0.00s)\n"}
{"Time":"2026-10-07T23:21:06.517521-10:00","Action":"pass","Package":"github.com/snissn/gomap/TreeDB/freelist","Test":"TestAllocator_AllocMany","Elapsed":0}
{"Time":"2026-10-07T23:21:06.517524-10:00","Action":"run","Package":"github.com/snissn/gomap/TreeDB/freelist","Test":"TestPacketPageMembershipAcceptsRealReuseAppendAndEmpty5108"}
{"Time":"2026-10-07T23:21:06.517527-10:00","Action":"output","Package":"github.com/snissn/gomap/TreeDB/freelist","Test":"TestPacketPageMembershipAcceptsRealReuseAppendAndEmpty5108","Output":"=== RUN   TestPacketPageMembershipAcceptsRealReuseAppendAndEmpty5108\n"}
{"Time":"2026-10-07T23:21:06.517953-10:00","Action":"output","Package":"github.com/snissn/gomap/TreeDB/freelist","Test":"TestPacketPageMembershipAcceptsRealReuseAppendAndEmpty5108","Output":"--- PASS: TestPacketPageMembershipAcceptsRealReuseAppendAndEmpty5108 (0.00s)\n"}
{"Time":"2026-10-07T23:21:06.517957-10:00","Action":"pass","Package":"github.com/snissn/gomap/TreeDB/freelist","Test":"TestPacketPageMembershipAcceptsRealReuseAppendAndEmpty5108","Elapsed":0}
{"Time":"2026-10-07T23:21:06.517961-10:00","Action":"run","Package":"github.com/snissn/gomap/TreeDB/freelist","Test":"TestPacketPageMembershipRejectsUnownedTailHistoryAndOrder5108"}
{"Time":"2026-10-07T23:21:06.517964-10:00","Action":"output","Package":"github.com/snissn/gomap/TreeDB/freelist","Test":"TestPacketPageMembershipRejectsUnownedTailHistoryAndOrder5108","Output":"=== RUN   TestPacketPageMembershipRejectsUnownedTailHistoryAndOrder5108\n"}
{"Time":"2026-10-07T23:21:06.518126-10:00","Action":"run","Package":"github.com/snissn/gomap/TreeDB/freelist","Test":"TestPacketPageMembershipRejectsUnownedTailHistoryAndOrder5108/metadata-tail"}
{"Time":"2026-10-07T23:21:06.51813-10:00","Action":"output","Package":"github.com/snissn/gomap/TreeDB/freelist","Test":"TestPacketPageMembershipRejectsUnownedTailHistoryAndOrder5108/metadata-tail","Output":"=== RUN   TestPacketPageMembershipRejectsUnownedTailHistoryAndOrder5108/metadata-tail\n"}
{"Time":"2026-10-07T23:21:06.518135-10:00","Action":"output","Package":"github.com/snissn/gomap/TreeDB/freelist","Test":"TestPacketPageMembershipRejectsUnownedTailHistoryAndOrder5108/metadata-tail","Output":"--- PASS: TestPacketPageMembershipRejectsUnownedTailHistoryAndOrder5108/metadata-tail (0.00s)\n"}
{"Time":"2026-10-07T23:21:06.518138-10:00","Action":"pass","Package":"github.com/snissn/gomap/TreeDB/freelist","Test":"TestPacketPageMembershipRejectsUnownedTailHistoryAndOrder5108/metadata-tail","Elapsed":0}
{"Time":"2026-10-07T23:21:06.518141-10:00","Action":"run","Package":"github.com/snissn/gomap/TreeDB/freelist","Test":"TestPacketPageMembershipRejectsUnownedTailHistoryAndOrder5108/free"}
{"Time":"2026-10-07T23:21:06.518144-10:00","Action":"output","Package":"github.com/snissn/gomap/TreeDB/freelist","Test":"TestPacketPageMembershipRejectsUnownedTailHistoryAndOrder5108/free","Output":"=== RUN   TestPacketPageMembershipRejectsUnownedTailHistoryAndOrder5108/free\n"}
{"Time":"2026-10-07T23:21:06.518147-10:00","Action":"output","Package":"github.com/snissn/gomap/TreeDB/freelist","Test":"TestPacketPageMembershipRejectsUnownedTailHistoryAndOrder5108/free","Output":"--- PASS: TestPacketPageMembershipRejectsUnownedTailHistoryAndOrder5108/free (0.00s)\n"}
{"Time":"2026-10-07T23:21:06.518151-10:00","Action":"pass","Package":"github.com/snissn/gomap/TreeDB/freelist","Test":"TestPacketPageMembershipRejectsUnownedTailHistoryAndOrder5108/free","Elapsed":0}
{"Time":"2026-10-07T23:21:06.518153-10:00","Action":"run","Package":"github.com/snissn/gomap/TreeDB/freelist","Test":"TestPacketPageMembershipRejectsUnownedTailHistoryAndOrder5108/retired"}
{"Time":"2026-10-07T23:21:06.518156-10:00","Action":"output","Package":"github.com/snissn/gomap/TreeDB/freelist","Test":"TestPacketPageMembershipRejectsUnownedTailHistoryAndOrder5108/retired","Output":"=== RUN   TestPacketPageMembershipRejectsUnownedTailHistoryAndOrder5108/retired\n"}
{"Time":"2026-10-07T23:21:06.518159-10:00","Action":"output","Package":"github.com/snissn/gomap/TreeDB/freelist","Test":"TestPacketPageMembershipRejectsUnownedTailHistoryAndOrder5108/retired","Output":"--- PASS: TestPacketPageMembershipRejectsUnownedTailHistoryAndOrder5108/retired (0.00s)\n"}
{"Time":"2026-10-07T23:21:06.518162-10:00","Action":"pass","Package":"github.com/snissn/gomap/TreeDB/freelist","Test":"TestPacketPageMembershipRejectsUnownedTailHistoryAndOrder5108/retired","Elapsed":0}
{"Time":"2026-10-07T23:21:06.518165-10:00","Action":"run","Package":"github.com/snissn/gomap/TreeDB/freelist","Test":"TestPacketPageMembershipRejectsUnownedTailHistoryAndOrder5108/historical"}
{"Time":"2026-10-07T23:21:06.518168-10:00","Action":"output","Package":"github.com/snissn/gomap/TreeDB/freelist","Test":"TestPacketPageMembershipRejectsUnownedTailHistoryAndOrder5108/historical","Output":"=== RUN   TestPacketPageMembershipRejectsUnownedTailHistoryAndOrder5108/historical\n"}
{"Time":"2026-10-07T23:21:06.518185-10:00","Action":"output","Package":"github.com/snissn/gomap/TreeDB/freelist","Test":"TestPacketPageMembershipRejectsUnownedTailHistoryAndOrder5108/historical","Output":"--- PASS: TestPacketPageMembershipRejectsUnownedTailHistoryAndOrder5108/historical (0.00s)\n"}
{"Time":"2026-10-07T23:21:06.518188-10:00","Action":"pass","Package":"github.com/snissn/gomap/TreeDB/freelist","Test":"TestPacketPageMembershipRejectsUnownedTailHistoryAndOrder5108/historical","Elapsed":0}
{"Time":"2026-10-07T23:21:06.51819-10:00","Action":"run","Package":"github.com/snissn/gomap/TreeDB/freelist","Test":"TestPacketPageMembershipRejectsUnownedTailHistoryAndOrder5108/gap"}
{"Time":"2026-10-07T23:21:06.518193-10:00","Action":"output","Package":"github.com/snissn/gomap/TreeDB/freelist","Test":"TestPacketPageMembershipRejectsUnownedTailHistoryAndOrder5108/gap","Output":"=== RUN   TestPacketPageMembershipRejectsUnownedTailHistoryAndOrder5108/gap\n"}
{"Time":"2026-10-07T23:21:06.518196-10:00","Action":"output","Package":"github.com/snissn/gomap/TreeDB/freelist","Test":"TestPacketPageMembershipRejectsUnownedTailHistoryAndOrder5108/gap","Output":"--- PASS: TestPacketPageMembershipRejectsUnownedTailHistoryAndOrder5108/gap (0.00s)\n"}
{"Time":"2026-10-07T23:21:06.5182-10:00","Action":"pass","Package":"github.com/snissn/gomap/TreeDB/freelist","Test":"TestPacketPageMembershipRejectsUnownedTailHistoryAndOrder5108/gap","Elapsed":0}
{"Time":"2026-10-07T23:21:06.518203-10:00","Action":"run","Package":"github.com/snissn/gomap/TreeDB/freelist","Test":"TestPacketPageMembershipRejectsUnownedTailHistoryAndOrder5108/reserved-header"}
{"Time":"2026-10-07T23:21:06.51821-10:00","Action":"output","Package":"github.com/snissn/gomap/TreeDB/freelist","Test":"TestPacketPageMembershipRejectsUnownedTailHistoryAndOrder5108/reserved-header","Output":"=== RUN   TestPacketPageMembershipRejectsUnownedTailHistoryAndOrder5108/reserved-header\n"}
{"Time":"2026-10-07T23:21:06.518214-10:00","Action":"output","Package":"github.com/snissn/gomap/TreeDB/freelist","Test":"TestPacketPageMembershipRejectsUnownedTailHistoryAndOrder5108/reserved-header","Output":"--- PASS: TestPacketPageMembershipRejectsUnownedTailHistoryAndOrder5108/reserved-header (0.00s)\n"}
{"Time":"2026-10-07T23:21:06.518216-10:00","Action":"pass","Package":"github.com/snissn/gomap/TreeDB/freelist","Test":"TestPacketPageMembershipRejectsUnownedTailHistoryAndOrder5108/reserved-header","Elapsed":0}
{"Time":"2026-10-07T23:21:06.51822-10:00","Action":"run","Package":"github.com/snissn/gomap/TreeDB/freelist","Test":"TestPacketPageMembershipRejectsUnownedTailHistoryAndOrder5108/highwater"}
{"Time":"2026-10-07T23:21:06.518222-10:00","Action":"output","Package":"github.com/snissn/gomap/TreeDB/freelist","Test":"TestPacketPageMembershipRejectsUnownedTailHistoryAndOrder5108/highwater","Output":"=== RUN   TestPacketPageMembershipRejectsUnownedTailHistoryAndOrder5108/highwater\n"}
{"Time":"2026-10-07T23:21:06.518226-10:00","Action":"output","Package":"github.com/snissn/gomap/TreeDB/freelist","Test":"TestPacketPageMembershipRejectsUnownedTailHistoryAndOrder5108/highwater","Output":"--- PASS: TestPacketPageMembershipRejectsUnownedTailHistoryAndOrder5108/highwater (0.00s)\n"}
{"Time":"2026-10-07T23:21:06.518229-10:00","Action":"pass","Package":"github.com/snissn/gomap/TreeDB/freelist","Test":"TestPacketPageMembershipRejectsUnownedTailHistoryAndOrder5108/highwater","Elapsed":0}
{"Time":"2026-10-07T23:21:06.518232-10:00","Action":"run","Package":"github.com/snissn/gomap/TreeDB/freelist","Test":"TestPacketPageMembershipRejectsUnownedTailHistoryAndOrder5108/overflow"}
{"Time":"2026-10-07T23:21:06.518235-10:00","Action":"output","Package":"github.com/snissn/gomap/TreeDB/freelist","Test":"TestPacketPageMembershipRejectsUnownedTailHistoryAndOrder5108/overflow","Output":"=== RUN   TestPacketPageMembershipRejectsUnownedTailHistoryAndOrder5108/overflow\n"}
{"Time":"2026-10-07T23:21:06.518257-10:00","Action":"output","Package":"github.com/snissn/gomap/TreeDB/freelist","Test":"TestPacketPageMembershipRejectsUnownedTailHistoryAndOrder5108/overflow","Output":"--- PASS: TestPacketPageMembershipRejectsUnownedTailHistoryAndOrder5108/overflow (0.00s)\n"}
{"Time":"2026-10-07T23:21:06.518261-10:00","Action":"pass","Package":"github.com/snissn/gomap/TreeDB/freelist","Test":"TestPacketPageMembershipRejectsUnownedTailHistoryAndOrder5108/overflow","Elapsed":0}
{"Time":"2026-10-07T23:21:06.518265-10:00","Action":"run","Package":"github.com/snissn/gomap/TreeDB/freelist","Test":"TestPacketPageMembershipRejectsUnownedTailHistoryAndOrder5108/duplicate"}
{"Time":"2026-10-07T23:21:06.518267-10:00","Action":"output","Package":"github.com/snissn/gomap/TreeDB/freelist","Test":"TestPacketPageMembershipRejectsUnownedTailHistoryAndOrder5108/duplicate","Output":"=== RUN   TestPacketPageMembershipRejectsUnownedTailHistoryAndOrder5108/duplicate\n"}
{"Time":"2026-10-07T23:21:06.518271-10:00","Action":"output","Package":"github.com/snissn/gomap/TreeDB/freelist","Test":"TestPacketPageMembershipRejectsUnownedTailHistoryAndOrder5108/duplicate","Output":"--- PASS: TestPacketPageMembershipRejectsUnownedTailHistoryAndOrder5108/duplicate (0.00s)\n"}
{"Time":"2026-10-07T23:21:06.518275-10:00","Action":"pass","Package":"github.com/snissn/gomap/TreeDB/freelist","Test":"TestPacketPageMembershipRejectsUnownedTailHistoryAndOrder5108/duplicate","Elapsed":0}
{"Time":"2026-10-07T23:21:06.518277-10:00","Action":"run","Package":"github.com/snissn/gomap/TreeDB/freelist","Test":"TestPacketPageMembershipRejectsUnownedTailHistoryAndOrder5108/unsorted"}
{"Time":"2026-10-07T23:21:06.51828-10:00","Action":"output","Package":"github.com/snissn/gomap/TreeDB/freelist","Test":"TestPacketPageMembershipRejectsUnownedTailHistoryAndOrder5108/unsorted","Output":"=== RUN   TestPacketPageMembershipRejectsUnownedTailHistoryAndOrder5108/unsorted\n"}
{"Time":"2026-10-07T23:21:06.518283-10:00","Action":"output","Package":"github.com/snissn/gomap/TreeDB/freelist","Test":"TestPacketPageMembershipRejectsUnownedTailHistoryAndOrder5108/unsorted","Output":"--- PASS: TestPacketPageMembershipRejectsUnownedTailHistoryAndOrder5108/unsorted (0.00s)\n"}
{"Time":"2026-10-07T23:21:06.518286-10:00","Action":"pass","Package":"github.com/snissn/gomap/TreeDB/freelist","Test":"TestPacketPageMembershipRejectsUnownedTailHistoryAndOrder5108/unsorted","Elapsed":0}
{"Time":"2026-10-07T23:21:06.518367-10:00","Action":"output","Package":"github.com/snissn/gomap/TreeDB/freelist","Test":"TestPacketPageMembershipRejectsUnownedTailHistoryAndOrder5108","Output":"--- PASS: TestPacketPageMembershipRejectsUnownedTailHistoryAndOrder5108 (0.00s)\n"}
{"Time":"2026-10-07T23:21:06.51837-10:00","Action":"pass","Package":"github.com/snissn/gomap/TreeDB/freelist","Test":"TestPacketPageMembershipRejectsUnownedTailHistoryAndOrder5108","Elapsed":0}
{"Time":"2026-10-07T23:21:06.518374-10:00","Action":"run","Package":"github.com/snissn/gomap/TreeDB/freelist","Test":"TestPacketPageMembershipRejectsOtherVisiblePrefixOwner5108"}
{"Time":"2026-10-07T23:21:06.518376-10:00","Action":"output","Package":"github.com/snissn/gomap/TreeDB/freelist","Test":"TestPacketPageMembershipRejectsOtherVisiblePrefixOwner5108","Output":"=== RUN   TestPacketPageMembershipRejectsOtherVisiblePrefixOwner5108\n"}
{"Time":"2026-10-07T23:21:06.518746-10:00","Action":"output","Package":"github.com/snissn/gomap/TreeDB/freelist","Test":"TestPacketPageMembershipRejectsOtherVisiblePrefixOwner5108","Output":"--- PASS: TestPacketPageMembershipRejectsOtherVisiblePrefixOwner5108 (0.00s)\n"}
{"Time":"2026-10-07T23:21:06.51875-10:00","Action":"pass","Package":"github.com/snissn/gomap/TreeDB/freelist","Test":"TestPacketPageMembershipRejectsOtherVisiblePrefixOwner5108","Elapsed":0}
{"Time":"2026-10-07T23:21:06.518753-10:00","Action":"run","Package":"github.com/snissn/gomap/TreeDB/freelist","Test":"TestPacketPageMembershipRejectsForeignStalePhaseAndUncertainty5108"}
{"Time":"2026-10-07T23:21:06.518767-10:00","Action":"output","Package":"github.com/snissn/gomap/TreeDB/freelist","Test":"TestPacketPageMembershipRejectsForeignStalePhaseAndUncertainty5108","Output":"=== RUN   TestPacketPageMembershipRejectsForeignStalePhaseAndUncertainty5108\n"}
{"Time":"2026-10-07T23:21:06.51877-10:00","Action":"run","Package":"github.com/snissn/gomap/TreeDB/freelist","Test":"TestPacketPageMembershipRejectsForeignStalePhaseAndUncertainty5108/foreign-packet"}
{"Time":"2026-10-07T23:21:06.518772-10:00","Action":"output","Package":"github.com/snissn/gomap/TreeDB/freelist","Test":"TestPacketPageMembershipRejectsForeignStalePhaseAndUncertainty5108/foreign-packet","Output":"=== RUN   TestPacketPageMembershipRejectsForeignStalePhaseAndUncertainty5108/foreign-packet\n"}
{"Time":"2026-10-07T23:21:06.51931-10:00","Action":"output","Package":"github.com/snissn/gomap/TreeDB/freelist","Test":"TestPacketPageMembershipRejectsForeignStalePhaseAndUncertainty5108/foreign-packet","Output":"--- PASS: TestPacketPageMembershipRejectsForeignStalePhaseAndUncertainty5108/foreign-packet (0.00s)\n"}
{"Time":"2026-10-07T23:21:06.519318-10:00","Action":"pass","Package":"github.com/snissn/gomap/TreeDB/freelist","Test":"TestPacketPageMembershipRejectsForeignStalePhaseAndUncertainty5108/foreign-packet","Elapsed":0}
{"Time":"2026-10-07T23:21:06.519322-10:00","Action":"run","Package":"github.com/snissn/gomap/TreeDB/freelist","Test":"TestPacketPageMembershipRejectsForeignStalePhaseAndUncertainty5108/foreign-role"}
{"Time":"2026-10-07T23:21:06.519324-10:00","Action":"output","Package":"github.com/snissn/gomap/TreeDB/freelist","Test":"TestPacketPageMembershipRejectsForeignStalePhaseAndUncertainty5108/foreign-role","Output":"=== RUN   TestPacketPageMembershipRejectsForeignStalePhaseAndUncertainty5108/foreign-role\n"}
{"Time":"2026-10-07T23:21:06.51982-10:00","Action":"output","Package":"github.com/snissn/gomap/TreeDB/freelist","Test":"TestPacketPageMembershipRejectsForeignStalePhaseAndUncertainty5108/foreign-role","Output":"--- PASS: TestPacketPageMembershipRejectsForeignStalePhaseAndUncertainty5108/foreign-role (0.00s)\n"}
{"Time":"2026-10-07T23:21:06.519823-10:00","Action":"pass","Package":"github.com/snissn/gomap/TreeDB/freelist","Test":"TestPacketPageMembershipRejectsForeignStalePhaseAndUncertainty5108/foreign-role","Elapsed":0}
{"Time":"2026-10-07T23:21:06.519827-10:00","Action":"run","Package":"github.com/snissn/gomap/TreeDB/freelist","Test":"TestPacketPageMembershipRejectsForeignStalePhaseAndUncertainty5108/seal-too-early"}
{"Time":"2026-10-07T23:21:06.51983-10:00","Action":"output","Package":"github.com/snissn/gomap/TreeDB/freelist","Test":"TestPacketPageMembershipRejectsForeignStalePhaseAndUncertainty5108/seal-too-early","Output":"=== RUN   TestPacketPageMembershipRejectsForeignStalePhaseAndUncertainty5108/seal-too-early\n"}
{"Time":"2026-10-07T23:21:06.520158-10:00","Action":"output","Package":"github.com/snissn/gomap/TreeDB/freelist","Test":"TestPacketPageMembershipRejectsForeignStalePhaseAndUncertainty5108/seal-too-early","Output":"--- PASS: TestPacketPageMembershipRejectsForeignStalePhaseAndUncertainty5108/seal-too-early (0.00s)\n"}
{"Time":"2026-10-07T23:21:06.520161-10:00","Action":"pass","Package":"github.com/snissn/gomap/TreeDB/freelist","Test":"TestPacketPageMembershipRejectsForeignStalePhaseAndUncertainty5108/seal-too-early","Elapsed":0}
{"Time":"2026-10-07T23:21:06.520164-10:00","Action":"run","Package":"github.com/snissn/gomap/TreeDB/freelist","Test":"TestPacketPageMembershipRejectsForeignStalePhaseAndUncertainty5108/wrong-transaction"}
{"Time":"2026-10-07T23:21:06.520167-10:00","Action":"output","Package":"github.com/snissn/gomap/TreeDB/freelist","Test":"TestPacketPageMembershipRejectsForeignStalePhaseAndUncertainty5108/wrong-transaction","Output":"=== RUN   TestPacketPageMembershipRejectsForeignStalePhaseAndUncertainty5108/wrong-transaction\n"}
{"Time":"2026-10-07T23:21:06.520479-10:00","Action":"output","Package":"github.com/snissn/gomap/TreeDB/freelist","Test":"TestPacketPageMembershipRejectsForeignStalePhaseAndUncertainty5108/wrong-transaction","Output":"--- PASS: TestPacketPageMembershipRejectsForeignStalePhaseAndUncertainty5108/wrong-transaction (0.00s)\n"}
{"Time":"2026-10-07T23:21:06.520495-10:00","Action":"pass","Package":"github.com/snissn/gomap/TreeDB/freelist","Test":"TestPacketPageMembershipRejectsForeignStalePhaseAndUncertainty5108/wrong-transaction","Elapsed":0}
{"Time":"2026-10-07T23:21:06.520502-10:00","Action":"run","Package":"github.com/snissn/gomap/TreeDB/freelist","Test":"TestPacketPageMembershipRejectsForeignStalePhaseAndUncertainty5108/phase"}
{"Time":"2026-10-07T23:21:06.520506-10:00","Action":"output","Package":"github.com/snissn/gomap/TreeDB/freelist","Test":"TestPacketPageMembershipRejectsForeignStalePhaseAndUncertainty5108/phase","Output":"=== RUN   TestPacketPageMembershipRejectsForeignStalePhaseAndUncertainty5108/phase\n"}
{"Time":"2026-10-07T23:21:06.520791-10:00","Action":"output","Package":"github.com/snissn/gomap/TreeDB/freelist","Test":"TestPacketPageMembershipRejectsForeignStalePhaseAndUncertainty5108/phase","Output":"--- PASS: TestPacketPageMembershipRejectsForeignStalePhaseAndUncertainty5108/phase (0.00s)\n"}
{"Time":"2026-10-07T23:21:06.520794-10:00","Action":"pass","Package":"github.com/snissn/gomap/TreeDB/freelist","Test":"TestPacketPageMembershipRejectsForeignStalePhaseAndUncertainty5108/phase","Elapsed":0}
{"Time":"2026-10-07T23:21:06.520798-10:00","Action":"run","Package":"github.com/snissn/gomap/TreeDB/freelist","Test":"TestPacketPageMembershipRejectsForeignStalePhaseAndUncertainty5108/wait"}
{"Time":"2026-10-07T23:21:06.5208-10:00","Action":"output","Package":"github.com/snissn/gomap/TreeDB/freelist","Test":"TestPacketPageMembershipRejectsForeignStalePhaseAndUncertainty5108/wait","Output":"=== RUN   TestPacketPageMembershipRejectsForeignStalePhaseAndUncertainty5108/wait\n"}
{"Time":"2026-10-07T23:21:06.521115-10:00","Action":"output","Package":"github.com/snissn/gomap/TreeDB/freelist","Test":"TestPacketPageMembershipRejectsForeignStalePhaseAndUncertainty5108/wait","Output":"--- PASS: TestPacketPageMembershipRejectsForeignStalePhaseAndUncertainty5108/wait (0.00s)\n"}
{"Time":"2026-10-07T23:21:06.521121-10:00","Action":"pass","Package":"github.com/snissn/gomap/TreeDB/freelist","Test":"TestPacketPageMembershipRejectsForeignStalePhaseAndUncertainty5108/wait","Elapsed":0}
{"Time":"2026-10-07T23:21:06.521125-10:00","Action":"run","Package":"github.com/snissn/gomap/TreeDB/freelist","Test":"TestPacketPageMembershipRejectsForeignStalePhaseAndUncertainty5108/closed"}
{"Time":"2026-10-07T23:21:06.521128-10:00","Action":"output","Package":"github.com/snissn/gomap/TreeDB/freelist","Test":"TestPacketPageMembershipRejectsForeignStalePhaseAndUncertainty5108/closed","Output":"=== RUN   TestPacketPageMembershipRejectsForeignStalePhaseAndUncertainty5108/closed\n"}
{"Time":"2026-10-07T23:21:06.521435-10:00","Action":"output","Package":"github.com/snissn/gomap/TreeDB/freelist","Test":"TestPacketPageMembershipRejectsForeignStalePhaseAndUncertainty5108/closed","Output":"--- PASS: TestPacketPageMembershipRejectsForeignStalePhaseAndUncertainty5108/closed (0.00s)\n"}
{"Time":"2026-10-07T23:21:06.521439-10:00","Action":"pass","Package":"github.com/snissn/gomap/TreeDB/freelist","Test":"TestPacketPageMembershipRejectsForeignStalePhaseAndUncertainty5108/closed","Elapsed":0}
{"Time":"2026-10-07T23:21:06.521442-10:00","Action":"run","Package":"github.com/snissn/gomap/TreeDB/freelist","Test":"TestPacketPageMembershipRejectsForeignStalePhaseAndUncertainty5108/aborted"}
{"Time":"2026-10-07T23:21:06.521445-10:00","Action":"output","Package":"github.com/snissn/gomap/TreeDB/freelist","Test":"TestPacketPageMembershipRejectsForeignStalePhaseAndUncertainty5108/aborted","Output":"=== RUN   TestPacketPageMembershipRejectsForeignStalePhaseAndUncertainty5108/aborted\n"}
{"Time":"2026-10-07T23:21:06.521763-10:00","Action":"output","Package":"github.com/snissn/gomap/TreeDB/freelist","Test":"TestPacketPageMembershipRejectsForeignStalePhaseAndUncertainty5108/aborted","Output":"--- PASS: TestPacketPageMembershipRejectsForeignStalePhaseAndUncertainty5108/aborted (0.00s)\n"}
{"Time":"2026-10-07T23:21:06.521781-10:00","Action":"pass","Package":"github.com/snissn/gomap/TreeDB/freelist","Test":"TestPacketPageMembershipRejectsForeignStalePhaseAndUncertainty5108/aborted","Elapsed":0}
{"Time":"2026-10-07T23:21:06.521784-10:00","Action":"output","Package":"github.com/snissn/gomap/TreeDB/freelist","Test":"TestPacketPageMembershipRejectsForeignStalePhaseAndUncertainty5108","Output":"--- PASS: TestPacketPageMembershipRejectsForeignStalePhaseAndUncertainty5108 (0.00s)\n"}
{"Time":"2026-10-07T23:21:06.521787-10:00","Action":"pass","Package":"github.com/snissn/gomap/TreeDB/freelist","Test":"TestPacketPageMembershipRejectsForeignStalePhaseAndUncertainty5108","Elapsed":0}
{"Time":"2026-10-07T23:21:06.521791-10:00","Action":"run","Package":"github.com/snissn/gomap/TreeDB/freelist","Test":"TestPacketPageMembershipRevalidatesWholeProofEvenForEmpty5108"}
{"Time":"2026-10-07T23:21:06.521795-10:00","Action":"output","Package":"github.com/snissn/gomap/TreeDB/freelist","Test":"TestPacketPageMembershipRevalidatesWholeProofEvenForEmpty5108","Output":"=== RUN   TestPacketPageMembershipRevalidatesWholeProofEvenForEmpty5108\n"}
{"Time":"2026-10-07T23:21:06.521798-10:00","Action":"run","Package":"github.com/snissn/gomap/TreeDB/freelist","Test":"TestPacketPageMembershipRevalidatesWholeProofEvenForEmpty5108/proof-ids"}
{"Time":"2026-10-07T23:21:06.5218-10:00","Action":"output","Package":"github.com/snissn/gomap/TreeDB/freelist","Test":"TestPacketPageMembershipRevalidatesWholeProofEvenForEmpty5108/proof-ids","Output":"=== RUN   TestPacketPageMembershipRevalidatesWholeProofEvenForEmpty5108/proof-ids\n"}
{"Time":"2026-10-07T23:21:06.522082-10:00","Action":"output","Package":"github.com/snissn/gomap/TreeDB/freelist","Test":"TestPacketPageMembershipRevalidatesWholeProofEvenForEmpty5108/proof-ids","Output":"--- PASS: TestPacketPageMembershipRevalidatesWholeProofEvenForEmpty5108/proof-ids (0.00s)\n"}
{"Time":"2026-10-07T23:21:06.522086-10:00","Action":"pass","Package":"github.com/snissn/gomap/TreeDB/freelist","Test":"TestPacketPageMembershipRevalidatesWholeProofEvenForEmpty5108/proof-ids","Elapsed":0}
{"Time":"2026-10-07T23:21:06.52209-10:00","Action":"run","Package":"github.com/snissn/gomap/TreeDB/freelist","Test":"TestPacketPageMembershipRevalidatesWholeProofEvenForEmpty5108/reservation-ids"}
{"Time":"2026-10-07T23:21:06.522093-10:00","Action":"output","Package":"github.com/snissn/gomap/TreeDB/freelist","Test":"TestPacketPageMembershipRevalidatesWholeProofEvenForEmpty5108/reservation-ids","Output":"=== RUN   TestPacketPageMembershipRevalidatesWholeProofEvenForEmpty5108/reservation-ids\n"}
{"Time":"2026-10-07T23:21:06.522427-10:00","Action":"output","Package":"github.com/snissn/gomap/TreeDB/freelist","Test":"TestPacketPageMembershipRevalidatesWholeProofEvenForEmpty5108/reservation-ids","Output":"--- PASS: TestPacketPageMembershipRevalidatesWholeProofEvenForEmpty5108/reservation-ids (0.00s)\n"}
{"Time":"2026-10-07T23:21:06.522431-10:00","Action":"pass","Package":"github.com/snissn/gomap/TreeDB/freelist","Test":"TestPacketPageMembershipRevalidatesWholeProofEvenForEmpty5108/reservation-ids","Elapsed":0}
{"Time":"2026-10-07T23:21:06.522434-10:00","Action":"run","Package":"github.com/snissn/gomap/TreeDB/freelist","Test":"TestPacketPageMembershipRevalidatesWholeProofEvenForEmpty5108/tail"}
{"Time":"2026-10-07T23:21:06.522437-10:00","Action":"output","Package":"github.com/snissn/gomap/TreeDB/freelist","Test":"TestPacketPageMembershipRevalidatesWholeProofEvenForEmpty5108/tail","Output":"=== RUN   TestPacketPageMembershipRevalidatesWholeProofEvenForEmpty5108/tail\n"}
{"Time":"2026-10-07T23:21:06.522954-10:00","Action":"output","Package":"github.com/snissn/gomap/TreeDB/freelist","Test":"TestPacketPageMembershipRevalidatesWholeProofEvenForEmpty5108/tail","Output":"--- PASS: TestPacketPageMembershipRevalidatesWholeProofEvenForEmpty5108/tail (0.00s)\n"}
{"Time":"2026-10-07T23:21:06.522961-10:00","Action":"pass","Package":"github.com/snissn/gomap/TreeDB/freelist","Test":"TestPacketPageMembershipRevalidatesWholeProofEvenForEmpty5108/tail","Elapsed":0}
{"Time":"2026-10-07T23:21:06.522981-10:00","Action":"run","Package":"github.com/snissn/gomap/TreeDB/freelist","Test":"TestPacketPageMembershipRevalidatesWholeProofEvenForEmpty5108/owner"}
{"Time":"2026-10-07T23:21:06.522985-10:00","Action":"output","Package":"github.com/snissn/gomap/TreeDB/freelist","Test":"TestPacketPageMembershipRevalidatesWholeProofEvenForEmpty5108/owner","Output":"=== RUN   TestPacketPageMembershipRevalidatesWholeProofEvenForEmpty5108/owner\n"}
{"Time":"2026-10-07T23:21:06.523387-10:00","Action":"output","Package":"github.com/snissn/gomap/TreeDB/freelist","Test":"TestPacketPageMembershipRevalidatesWholeProofEvenForEmpty5108/owner","Output":"--- PASS: TestPacketPageMembershipRevalidatesWholeProofEvenForEmpty5108/owner (0.00s)\n"}
{"Time":"2026-10-07T23:21:06.523392-10:00","Action":"pass","Package":"github.com/snissn/gomap/TreeDB/freelist","Test":"TestPacketPageMembershipRevalidatesWholeProofEvenForEmpty5108/owner","Elapsed":0}
{"Time":"2026-10-07T23:21:06.523396-10:00","Action":"run","Package":"github.com/snissn/gomap/TreeDB/freelist","Test":"TestPacketPageMembershipRevalidatesWholeProofEvenForEmpty5108/extra-owner"}
{"Time":"2026-10-07T23:21:06.523401-10:00","Action":"output","Package":"github.com/snissn/gomap/TreeDB/freelist","Test":"TestPacketPageMembershipRevalidatesWholeProofEvenForEmpty5108/extra-owner","Output":"=== RUN   TestPacketPageMembershipRevalidatesWholeProofEvenForEmpty5108/extra-owner\n"}
{"Time":"2026-10-07T23:21:06.52378-10:00","Action":"output","Package":"github.com/snissn/gomap/TreeDB/freelist","Test":"TestPacketPageMembershipRevalidatesWholeProofEvenForEmpty5108/extra-owner","Output":"--- PASS: TestPacketPageMembershipRevalidatesWholeProofEvenForEmpty5108/extra-owner (0.00s)\n"}
{"Time":"2026-10-07T23:21:06.523784-10:00","Action":"pass","Package":"github.com/snissn/gomap/TreeDB/freelist","Test":"TestPacketPageMembershipRevalidatesWholeProofEvenForEmpty5108/extra-owner","Elapsed":0}
{"Time":"2026-10-07T23:21:06.523788-10:00","Action":"run","Package":"github.com/snissn/gomap/TreeDB/freelist","Test":"TestPacketPageMembershipRevalidatesWholeProofEvenForEmpty5108/role-identity"}
{"Time":"2026-10-07T23:21:06.523791-10:00","Action":"output","Package":"github.com/snissn/gomap/TreeDB/freelist","Test":"TestPacketPageMembershipRevalidatesWholeProofEvenForEmpty5108/role-identity","Output":"=== RUN   TestPacketPageMembershipRevalidatesWholeProofEvenForEmpty5108/role-identity\n"}
{"Time":"2026-10-07T23:21:06.524155-10:00","Action":"output","Package":"github.com/snissn/gomap/TreeDB/freelist","Test":"TestPacketPageMembershipRevalidatesWholeProofEvenForEmpty5108/role-identity","Output":"--- PASS: TestPacketPageMembershipRevalidatesWholeProofEvenForEmpty5108/role-identity (0.00s)\n"}
{"Time":"2026-10-07T23:21:06.52416-10:00","Action":"pass","Package":"github.com/snissn/gomap/TreeDB/freelist","Test":"TestPacketPageMembershipRevalidatesWholeProofEvenForEmpty5108/role-identity","Elapsed":0}
{"Time":"2026-10-07T23:21:06.524163-10:00","Action":"output","Package":"github.com/snissn/gomap/TreeDB/freelist","Test":"TestPacketPageMembershipRevalidatesWholeProofEvenForEmpty5108","Output":"--- PASS: TestPacketPageMembershipRevalidatesWholeProofEvenForEmpty5108 (0.00s)\n"}
{"Time":"2026-10-07T23:21:06.524168-10:00","Action":"pass","Package":"github.com/snissn/gomap/TreeDB/freelist","Test":"TestPacketPageMembershipRevalidatesWholeProofEvenForEmpty5108","Elapsed":0}
{"Time":"2026-10-07T23:21:06.524171-10:00","Action":"run","Package":"github.com/snissn/gomap/TreeDB/freelist","Test":"TestPacketPageMembershipEndedEpochAndZeroAllocation5108"}
{"Time":"2026-10-07T23:21:06.524174-10:00","Action":"output","Package":"github.com/snissn/gomap/TreeDB/freelist","Test":"TestPacketPageMembershipEndedEpochAndZeroAllocation5108","Output":"=== RUN   TestPacketPageMembershipEndedEpochAndZeroAllocation5108\n"}
{"Time":"2026-10-07T23:21:06.524619-10:00","Action":"output","Package":"github.com/snissn/gomap/TreeDB/freelist","Test":"TestPacketPageMembershipEndedEpochAndZeroAllocation5108","Output":"--- PASS: TestPacketPageMembershipEndedEpochAndZeroAllocation5108 (0.00s)\n"}
{"Time":"2026-10-07T23:21:06.524635-10:00","Action":"pass","Package":"github.com/snissn/gomap/TreeDB/freelist","Test":"TestPacketPageMembershipEndedEpochAndZeroAllocation5108","Elapsed":0}
{"Time":"2026-10-07T23:21:06.524639-10:00","Action":"run","Package":"github.com/snissn/gomap/TreeDB/freelist","Test":"TestAllocator_PreferAppendAlloc_IgnoresFreelist"}
{"Time":"2026-10-07T23:21:06.524641-10:00","Action":"output","Package":"github.com/snissn/gomap/TreeDB/freelist","Test":"TestAllocator_PreferAppendAlloc_IgnoresFreelist","Output":"=== RUN   TestAllocator_PreferAppendAlloc_IgnoresFreelist\n"}
{"Time":"2026-10-07T23:21:06.525071-10:00","Action":"output","Package":"github.com/snissn/gomap/TreeDB/freelist","Test":"TestAllocator_PreferAppendAlloc_IgnoresFreelist","Output":"--- PASS: TestAllocator_PreferAppendAlloc_IgnoresFreelist (0.00s)\n"}
{"Time":"2026-10-07T23:21:06.525075-10:00","Action":"pass","Package":"github.com/snissn/gomap/TreeDB/freelist","Test":"TestAllocator_PreferAppendAlloc_IgnoresFreelist","Elapsed":0}
{"Time":"2026-10-07T23:21:06.525079-10:00","Action":"run","Package":"github.com/snissn/gomap/TreeDB/freelist","Test":"TestAllocator_PreferAppendAlloc_CanToggleBack"}
{"Time":"2026-10-07T23:21:06.525082-10:00","Action":"output","Package":"github.com/snissn/gomap/TreeDB/freelist","Test":"TestAllocator_PreferAppendAlloc_CanToggleBack","Output":"=== RUN   TestAllocator_PreferAppendAlloc_CanToggleBack\n"}
{"Time":"2026-10-07T23:21:06.525562-10:00","Action":"output","Package":"github.com/snissn/gomap/TreeDB/freelist","Test":"TestAllocator_PreferAppendAlloc_CanToggleBack","Output":"--- PASS: TestAllocator_PreferAppendAlloc_CanToggleBack (0.00s)\n"}
{"Time":"2026-10-07T23:21:06.525566-10:00","Action":"pass","Package":"github.com/snissn/gomap/TreeDB/freelist","Test":"TestAllocator_PreferAppendAlloc_CanToggleBack","Elapsed":0}
{"Time":"2026-10-07T23:21:06.525571-10:00","Action":"run","Package":"github.com/snissn/gomap/TreeDB/freelist","Test":"TestPreparedPublicationPacketNoPagerEffectsBeforeWAL5108"}
{"Time":"2026-10-07T23:21:06.525574-10:00","Action":"output","Package":"github.com/snissn/gomap/TreeDB/freelist","Test":"TestPreparedPublicationPacketNoPagerEffectsBeforeWAL5108","Output":"=== RUN   TestPreparedPublicationPacketNoPagerEffectsBeforeWAL5108\n"}
{"Time":"2026-10-07T23:21:06.526535-10:00","Action":"output","Package":"github.com/snissn/gomap/TreeDB/freelist","Test":"TestPreparedPublicationPacketNoPagerEffectsBeforeWAL5108","Output":"--- PASS: TestPreparedPublicationPacketNoPagerEffectsBeforeWAL5108 (0.00s)\n"}
{"Time":"2026-10-07T23:21:06.526541-10:00","Action":"pass","Package":"github.com/snissn/gomap/TreeDB/freelist","Test":"TestPreparedPublicationPacketNoPagerEffectsBeforeWAL5108","Elapsed":0}
{"Time":"2026-10-07T23:21:06.526544-10:00","Action":"run","Package":"github.com/snissn/gomap/TreeDB/freelist","Test":"TestPreparedPublicationPacketMissingAuthorityAndLimitsRefuse5108"}
{"Time":"2026-10-07T23:21:06.526547-10:00","Action":"output","Package":"github.com/snissn/gomap/TreeDB/freelist","Test":"TestPreparedPublicationPacketMissingAuthorityAndLimitsRefuse5108","Output":"=== RUN   TestPreparedPublicationPacketMissingAuthorityAndLimitsRefuse5108\n"}
{"Time":"2026-10-07T23:21:06.52655-10:00","Action":"run","Package":"github.com/snissn/gomap/TreeDB/freelist","Test":"TestPreparedPublicationPacketMissingAuthorityAndLimitsRefuse5108/request"}
{"Time":"2026-10-07T23:21:06.526553-10:00","Action":"output","Package":"github.com/snissn/gomap/TreeDB/freelist","Test":"TestPreparedPublicationPacketMissingAuthorityAndLimitsRefuse5108/request","Output":"=== RUN   TestPreparedPublicationPacketMissingAuthorityAndLimitsRefuse5108/request\n"}
{"Time":"2026-10-07T23:21:06.526846-10:00","Action":"output","Package":"github.com/snissn/gomap/TreeDB/freelist","Test":"TestPreparedPublicationPacketMissingAuthorityAndLimitsRefuse5108/request","Output":"--- PASS: TestPreparedPublicationPacketMissingAuthorityAndLimitsRefuse5108/request (0.00s)\n"}
{"Time":"2026-10-07T23:21:06.526861-10:00","Action":"pass","Package":"github.com/snissn/gomap/TreeDB/freelist","Test":"TestPreparedPublicationPacketMissingAuthorityAndLimitsRefuse5108/request","Elapsed":0}
{"Time":"2026-10-07T23:21:06.526865-10:00","Action":"run","Package":"github.com/snissn/gomap/TreeDB/freelist","Test":"TestPreparedPublicationPacketMissingAuthorityAndLimitsRefuse5108/scratch"}
{"Time":"2026-10-07T23:21:06.526868-10:00","Action":"output","Package":"github.com/snissn/gomap/TreeDB/freelist","Test":"TestPreparedPublicationPacketMissingAuthorityAndLimitsRefuse5108/scratch","Output":"=== RUN   TestPreparedPublicationPacketMissingAuthorityAndLimitsRefuse5108/scratch\n"}
{"Time":"2026-10-07T23:21:06.527174-10:00","Action":"output","Package":"github.com/snissn/gomap/TreeDB/freelist","Test":"TestPreparedPublicationPacketMissingAuthorityAndLimitsRefuse5108/scratch","Output":"--- PASS: TestPreparedPublicationPacketMissingAuthorityAndLimitsRefuse5108/scratch (0.00s)\n"}
{"Time":"2026-10-07T23:21:06.527178-10:00","Action":"pass","Package":"github.com/snissn/gomap/TreeDB/freelist","Test":"TestPreparedPublicationPacketMissingAuthorityAndLimitsRefuse5108/scratch","Elapsed":0}
{"Time":"2026-10-07T23:21:06.527181-10:00","Action":"run","Package":"github.com/snissn/gomap/TreeDB/freelist","Test":"TestPreparedPublicationPacketMissingAuthorityAndLimitsRefuse5108/same-scratch"}
{"Time":"2026-10-07T23:21:06.527184-10:00","Action":"output","Package":"github.com/snissn/gomap/TreeDB/freelist","Test":"TestPreparedPublicationPacketMissingAuthorityAndLimitsRefuse5108/same-scratch","Output":"=== RUN   TestPreparedPublicationPacketMissingAuthorityAndLimitsRefuse5108/same-scratch\n"}
{"Time":"2026-10-07T23:21:06.527477-10:00","Action":"output","Package":"github.com/snissn/gomap/TreeDB/freelist","Test":"TestPreparedPublicationPacketMissingAuthorityAndLimitsRefuse5108/same-scratch","Output":"--- PASS: TestPreparedPublicationPacketMissingAuthorityAndLimitsRefuse5108/same-scratch (0.00s)\n"}
{"Time":"2026-10-07T23:21:06.527481-10:00","Action":"pass","Package":"github.com/snissn/gomap/TreeDB/freelist","Test":"TestPreparedPublicationPacketMissingAuthorityAndLimitsRefuse5108/same-scratch","Elapsed":0}
{"Time":"2026-10-07T23:21:06.527485-10:00","Action":"run","Package":"github.com/snissn/gomap/TreeDB/freelist","Test":"TestPreparedPublicationPacketMissingAuthorityAndLimitsRefuse5108/finite"}
{"Time":"2026-10-07T23:21:06.527488-10:00","Action":"output","Package":"github.com/snissn/gomap/TreeDB/freelist","Test":"TestPreparedPublicationPacketMissingAuthorityAndLimitsRefuse5108/finite","Output":"=== RUN   TestPreparedPublicationPacketMissingAuthorityAndLimitsRefuse5108/finite\n"}
{"Time":"2026-10-07T23:21:06.527803-10:00","Action":"output","Package":"github.com/snissn/gomap/TreeDB/freelist","Test":"TestPreparedPublicationPacketMissingAuthorityAndLimitsRefuse5108/finite","Output":"--- PASS: TestPreparedPublicationPacketMissingAuthorityAndLimitsRefuse5108/finite (0.00s)\n"}
{"Time":"2026-10-07T23:21:06.527807-10:00","Action":"pass","Package":"github.com/snissn/gomap/TreeDB/freelist","Test":"TestPreparedPublicationPacketMissingAuthorityAndLimitsRefuse5108/finite","Elapsed":0}
{"Time":"2026-10-07T23:21:06.52781-10:00","Action":"run","Package":"github.com/snissn/gomap/TreeDB/freelist","Test":"TestPreparedPublicationPacketMissingAuthorityAndLimitsRefuse5108/visible-limit"}
{"Time":"2026-10-07T23:21:06.527813-10:00","Action":"output","Package":"github.com/snissn/gomap/TreeDB/freelist","Test":"TestPreparedPublicationPacketMissingAuthorityAndLimitsRefuse5108/visible-limit","Output":"=== RUN   TestPreparedPublicationPacketMissingAuthorityAndLimitsRefuse5108/visible-limit\n"}
{"Time":"2026-10-07T23:21:06.528112-10:00","Action":"output","Package":"github.com/snissn/gomap/TreeDB/freelist","Test":"TestPreparedPublicationPacketMissingAuthorityAndLimitsRefuse5108/visible-limit","Output":"--- PASS: TestPreparedPublicationPacketMissingAuthorityAndLimitsRefuse5108/visible-limit (0.00s)\n"}
{"Time":"2026-10-07T23:21:06.528116-10:00","Action":"pass","Package":"github.com/snissn/gomap/TreeDB/freelist","Test":"TestPreparedPublicationPacketMissingAuthorityAndLimitsRefuse5108/visible-limit","Elapsed":0}
{"Time":"2026-10-07T23:21:06.528132-10:00","Action":"run","Package":"github.com/snissn/gomap/TreeDB/freelist","Test":"TestPreparedPublicationPacketMissingAuthorityAndLimitsRefuse5108/seal-limit"}
{"Time":"2026-10-07T23:21:06.528134-10:00","Action":"output","Package":"github.com/snissn/gomap/TreeDB/freelist","Test":"TestPreparedPublicationPacketMissingAuthorityAndLimitsRefuse5108/seal-limit","Output":"=== RUN   TestPreparedPublicationPacketMissingAuthorityAndLimitsRefuse5108/seal-limit\n"}
{"Time":"2026-10-07T23:21:06.52842-10:00","Action":"output","Package":"github.com/snissn/gomap/TreeDB/freelist","Test":"TestPreparedPublicationPacketMissingAuthorityAndLimitsRefuse5108/seal-limit","Output":"--- PASS: TestPreparedPublicationPacketMissingAuthorityAndLimitsRefuse5108/seal-limit (0.00s)\n"}
{"Time":"2026-10-07T23:21:06.528432-10:00","Action":"pass","Package":"github.com/snissn/gomap/TreeDB/freelist","Test":"TestPreparedPublicationPacketMissingAuthorityAndLimitsRefuse5108/seal-limit","Elapsed":0}
{"Time":"2026-10-07T23:21:06.528437-10:00","Action":"run","Package":"github.com/snissn/gomap/TreeDB/freelist","Test":"TestPreparedPublicationPacketMissingAuthorityAndLimitsRefuse5108/escaped"}
{"Time":"2026-10-07T23:21:06.528441-10:00","Action":"output","Package":"github.com/snissn/gomap/TreeDB/freelist","Test":"TestPreparedPublicationPacketMissingAuthorityAndLimitsRefuse5108/escaped","Output":"=== RUN   TestPreparedPublicationPacketMissingAuthorityAndLimitsRefuse5108/escaped\n"}
{"Time":"2026-10-07T23:21:06.528723-10:00","Action":"output","Package":"github.com/snissn/gomap/TreeDB/freelist","Test":"TestPreparedPublicationPacketMissingAuthorityAndLimitsRefuse5108/escaped","Output":"--- PASS: TestPreparedPublicationPacketMissingAuthorityAndLimitsRefuse5108/escaped (0.00s)\n"}
{"Time":"2026-10-07T23:21:06.528727-10:00","Action":"pass","Package":"github.com/snissn/gomap/TreeDB/freelist","Test":"TestPreparedPublicationPacketMissingAuthorityAndLimitsRefuse5108/escaped","Elapsed":0}
{"Time":"2026-10-07T23:21:06.528731-10:00","Action":"run","Package":"github.com/snissn/gomap/TreeDB/freelist","Test":"TestPreparedPublicationPacketMissingAuthorityAndLimitsRefuse5108/identity"}
{"Time":"2026-10-07T23:21:06.528734-10:00","Action":"output","Package":"github.com/snissn/gomap/TreeDB/freelist","Test":"TestPreparedPublicationPacketMissingAuthorityAndLimitsRefuse5108/identity","Output":"=== RUN   TestPreparedPublicationPacketMissingAuthorityAndLimitsRefuse5108/identity\n"}
{"Time":"2026-10-07T23:21:06.529021-10:00","Action":"output","Package":"github.com/snissn/gomap/TreeDB/freelist","Test":"TestPreparedPublicationPacketMissingAuthorityAndLimitsRefuse5108/identity","Output":"--- PASS: TestPreparedPublicationPacketMissingAuthorityAndLimitsRefuse5108/identity (0.00s)\n"}
{"Time":"2026-10-07T23:21:06.529026-10:00","Action":"pass","Package":"github.com/snissn/gomap/TreeDB/freelist","Test":"TestPreparedPublicationPacketMissingAuthorityAndLimitsRefuse5108/identity","Elapsed":0}
{"Time":"2026-10-07T23:21:06.529029-10:00","Action":"output","Package":"github.com/snissn/gomap/TreeDB/freelist","Test":"TestPreparedPublicationPacketMissingAuthorityAndLimitsRefuse5108","Output":"--- PASS: TestPreparedPublicationPacketMissingAuthorityAndLimitsRefuse5108 (0.00s)\n"}
{"Time":"2026-10-07T23:21:06.529033-10:00","Action":"pass","Package":"github.com/snissn/gomap/TreeDB/freelist","Test":"TestPreparedPublicationPacketMissingAuthorityAndLimitsRefuse5108","Elapsed":0}
{"Time":"2026-10-07T23:21:06.529036-10:00","Action":"run","Package":"github.com/snissn/gomap/TreeDB/freelist","Test":"TestPreparedPublicationPacketPrevisibleAbortBurnsBothAndRetries5108"}
{"Time":"2026-10-07T23:21:06.529038-10:00","Action":"output","Package":"github.com/snissn/gomap/TreeDB/freelist","Test":"TestPreparedPublicationPacketPrevisibleAbortBurnsBothAndRetries5108","Output":"=== RUN   TestPreparedPublicationPacketPrevisibleAbortBurnsBothAndRetries5108\n"}
{"Time":"2026-10-07T23:21:06.529379-10:00","Action":"output","Package":"github.com/snissn/gomap/TreeDB/freelist","Test":"TestPreparedPublicationPacketPrevisibleAbortBurnsBothAndRetries5108","Output":"--- PASS: TestPreparedPublicationPacketPrevisibleAbortBurnsBothAndRetries5108 (0.00s)\n"}
{"Time":"2026-10-07T23:21:06.529383-10:00","Action":"pass","Package":"github.com/snissn/gomap/TreeDB/freelist","Test":"TestPreparedPublicationPacketPrevisibleAbortBurnsBothAndRetries5108","Elapsed":0}
{"Time":"2026-10-07T23:21:06.52939-10:00","Action":"run","Package":"github.com/snissn/gomap/TreeDB/freelist","Test":"TestPreparedPublicationPacketEndedEpochConsumesWithoutBirth5108"}
{"Time":"2026-10-07T23:21:06.529394-10:00","Action":"output","Package":"github.com/snissn/gomap/TreeDB/freelist","Test":"TestPreparedPublicationPacketEndedEpochConsumesWithoutBirth5108","Output":"=== RUN   TestPreparedPublicationPacketEndedEpochConsumesWithoutBirth5108\n"}
{"Time":"2026-10-07T23:21:06.530146-10:00","Action":"output","Package":"github.com/snissn/gomap/TreeDB/freelist","Test":"TestPreparedPublicationPacketEndedEpochConsumesWithoutBirth5108","Output":"--- PASS: TestPreparedPublicationPacketEndedEpochConsumesWithoutBirth5108 (0.00s)\n"}
{"Time":"2026-10-07T23:21:06.53015-10:00","Action":"pass","Package":"github.com/snissn/gomap/TreeDB/freelist","Test":"TestPreparedPublicationPacketEndedEpochConsumesWithoutBirth5108","Elapsed":0}
{"Time":"2026-10-07T23:21:06.530157-10:00","Action":"run","Package":"github.com/snissn/gomap/TreeDB/freelist","Test":"TestPreparedPublicationPacketPrefixRefusalAtomicAndForwardOnly5108"}
{"Time":"2026-10-07T23:21:06.53016-10:00","Action":"output","Package":"github.com/snissn/gomap/TreeDB/freelist","Test":"TestPreparedPublicationPacketPrefixRefusalAtomicAndForwardOnly5108","Output":"=== RUN   TestPreparedPublicationPacketPrefixRefusalAtomicAndForwardOnly5108\n"}
{"Time":"2026-10-07T23:21:06.530597-10:00","Action":"output","Package":"github.com/snissn/gomap/TreeDB/freelist","Test":"TestPreparedPublicationPacketPrefixRefusalAtomicAndForwardOnly5108","Output":"--- PASS: TestPreparedPublicationPacketPrefixRefusalAtomicAndForwardOnly5108 (0.00s)\n"}
{"Time":"2026-10-07T23:21:06.530602-10:00","Action":"pass","Package":"github.com/snissn/gomap/TreeDB/freelist","Test":"TestPreparedPublicationPacketPrefixRefusalAtomicAndForwardOnly5108","Elapsed":0}
{"Time":"2026-10-07T23:21:06.530605-10:00","Action":"run","Package":"github.com/snissn/gomap/TreeDB/freelist","Test":"TestPreparedPublicationPacketFullCensusReadmissionAndJoinedClose5108"}
{"Time":"2026-10-07T23:21:06.530608-10:00","Action":"output","Package":"github.com/snissn/gomap/TreeDB/freelist","Test":"TestPreparedPublicationPacketFullCensusReadmissionAndJoinedClose5108","Output":"=== RUN   TestPreparedPublicationPacketFullCensusReadmissionAndJoinedClose5108\n"}
{"Time":"2026-10-07T23:21:06.53115-10:00","Action":"output","Package":"github.com/snissn/gomap/TreeDB/freelist","Test":"TestPreparedPublicationPacketFullCensusReadmissionAndJoinedClose5108","Output":"--- PASS: TestPreparedPublicationPacketFullCensusReadmissionAndJoinedClose5108 (0.00s)\n"}
{"Time":"2026-10-07T23:21:06.531155-10:00","Action":"pass","Package":"github.com/snissn/gomap/TreeDB/freelist","Test":"TestPreparedPublicationPacketFullCensusReadmissionAndJoinedClose5108","Elapsed":0}
{"Time":"2026-10-07T23:21:06.531158-10:00","Action":"run","Package":"github.com/snissn/gomap/TreeDB/freelist","Test":"TestPreparedPublicationPacketActualClassInventory5108"}
{"Time":"2026-10-07T23:21:06.531161-10:00","Action":"output","Package":"github.com/snissn/gomap/TreeDB/freelist","Test":"TestPreparedPublicationPacketActualClassInventory5108","Output":"=== RUN   TestPreparedPublicationPacketActualClassInventory5108\n"}
{"Time":"2026-10-07T23:21:06.531346-10:00","Action":"output","Package":"github.com/snissn/gomap/TreeDB/freelist","Test":"TestPreparedPublicationPacketActualClassInventory5108","Output":"    allocator_publication_packet_v1_test.go:372: packet raw=312 class=320 proof raw=80 class=80 prepared raw=192 class=192 COW raw=264 class=288 retainedControl=560 totalResident=52160\n"}
{"Time":"2026-10-07T23:21:06.531501-10:00","Action":"output","Package":"github.com/snissn/gomap/TreeDB/freelist","Test":"TestPreparedPublicationPacketActualClassInventory5108","Output":"--- PASS: TestPreparedPublicationPacketActualClassInventory5108 (0.00s)\n"}
{"Time":"2026-10-07T23:21:06.531505-10:00","Action":"pass","Package":"github.com/snissn/gomap/TreeDB/freelist","Test":"TestPreparedPublicationPacketActualClassInventory5108","Elapsed":0}
{"Time":"2026-10-07T23:21:06.531508-10:00","Action":"run","Package":"github.com/snissn/gomap/TreeDB/freelist","Test":"TestPreparedPublicationPacketUncertaintyRetainsWholeFuture5108"}
{"Time":"2026-10-07T23:21:06.531511-10:00","Action":"output","Package":"github.com/snissn/gomap/TreeDB/freelist","Test":"TestPreparedPublicationPacketUncertaintyRetainsWholeFuture5108","Output":"=== RUN   TestPreparedPublicationPacketUncertaintyRetainsWholeFuture5108\n"}
{"Time":"2026-10-07T23:21:06.531962-10:00","Action":"output","Package":"github.com/snissn/gomap/TreeDB/freelist","Test":"TestPreparedPublicationPacketUncertaintyRetainsWholeFuture5108","Output":"--- PASS: TestPreparedPublicationPacketUncertaintyRetainsWholeFuture5108 (0.00s)\n"}
{"Time":"2026-10-07T23:21:06.531966-10:00","Action":"pass","Package":"github.com/snissn/gomap/TreeDB/freelist","Test":"TestPreparedPublicationPacketUncertaintyRetainsWholeFuture5108","Elapsed":0}
{"Time":"2026-10-07T23:21:06.531969-10:00","Action":"run","Package":"github.com/snissn/gomap/TreeDB/freelist","Test":"TestPreparedPublicationPacketPrevisibleStorageAttemptRetainsFuture5108"}
{"Time":"2026-10-07T23:21:06.531972-10:00","Action":"output","Package":"github.com/snissn/gomap/TreeDB/freelist","Test":"TestPreparedPublicationPacketPrevisibleStorageAttemptRetainsFuture5108","Output":"=== RUN   TestPreparedPublicationPacketPrevisibleStorageAttemptRetainsFuture5108\n"}
{"Time":"2026-10-07T23:21:06.531975-10:00","Action":"run","Package":"github.com/snissn/gomap/TreeDB/freelist","Test":"TestPreparedPublicationPacketPrevisibleStorageAttemptRetainsFuture5108/wal"}
{"Time":"2026-10-07T23:21:06.531977-10:00","Action":"output","Package":"github.com/snissn/gomap/TreeDB/freelist","Test":"TestPreparedPublicationPacketPrevisibleStorageAttemptRetainsFuture5108/wal","Output":"=== RUN   TestPreparedPublicationPacketPrevisibleStorageAttemptRetainsFuture5108/wal\n"}
{"Time":"2026-10-07T23:21:06.532343-10:00","Action":"output","Package":"github.com/snissn/gomap/TreeDB/freelist","Test":"TestPreparedPublicationPacketPrevisibleStorageAttemptRetainsFuture5108/wal","Output":"--- PASS: TestPreparedPublicationPacketPrevisibleStorageAttemptRetainsFuture5108/wal (0.00s)\n"}
{"Time":"2026-10-07T23:21:06.532347-10:00","Action":"pass","Package":"github.com/snissn/gomap/TreeDB/freelist","Test":"TestPreparedPublicationPacketPrevisibleStorageAttemptRetainsFuture5108/wal","Elapsed":0}
{"Time":"2026-10-07T23:21:06.53235-10:00","Action":"run","Package":"github.com/snissn/gomap/TreeDB/freelist","Test":"TestPreparedPublicationPacketPrevisibleStorageAttemptRetainsFuture5108/installer"}
{"Time":"2026-10-07T23:21:06.532353-10:00","Action":"output","Package":"github.com/snissn/gomap/TreeDB/freelist","Test":"TestPreparedPublicationPacketPrevisibleStorageAttemptRetainsFuture5108/installer","Output":"=== RUN   TestPreparedPublicationPacketPrevisibleStorageAttemptRetainsFuture5108/installer\n"}
{"Time":"2026-10-07T23:21:06.532739-10:00","Action":"output","Package":"github.com/snissn/gomap/TreeDB/freelist","Test":"TestPreparedPublicationPacketPrevisibleStorageAttemptRetainsFuture5108/installer","Output":"--- PASS: TestPreparedPublicationPacketPrevisibleStorageAttemptRetainsFuture5108/installer (0.00s)\n"}
{"Time":"2026-10-07T23:21:06.532743-10:00","Action":"pass","Package":"github.com/snissn/gomap/TreeDB/freelist","Test":"TestPreparedPublicationPacketPrevisibleStorageAttemptRetainsFuture5108/installer","Elapsed":0}
{"Time":"2026-10-07T23:21:06.532746-10:00","Action":"output","Package":"github.com/snissn/gomap/TreeDB/freelist","Test":"TestPreparedPublicationPacketPrevisibleStorageAttemptRetainsFuture5108","Output":"--- PASS: TestPreparedPublicationPacketPrevisibleStorageAttemptRetainsFuture5108 (0.00s)\n"}
{"Time":"2026-10-07T23:21:06.532761-10:00","Action":"pass","Package":"github.com/snissn/gomap/TreeDB/freelist","Test":"TestPreparedPublicationPacketPrevisibleStorageAttemptRetainsFuture5108","Elapsed":0}
{"Time":"2026-10-07T23:21:06.532764-10:00","Action":"run","Package":"github.com/snissn/gomap/TreeDB/freelist","Test":"TestAllocatorTerminalCutLastEdgeReleasesFiniteCredit5105"}
{"Time":"2026-10-07T23:21:06.532766-10:00","Action":"output","Package":"github.com/snissn/gomap/TreeDB/freelist","Test":"TestAllocatorTerminalCutLastEdgeReleasesFiniteCredit5105","Output":"=== RUN   TestAllocatorTerminalCutLastEdgeReleasesFiniteCredit5105\n"}
{"Time":"2026-10-07T23:21:06.532769-10:00","Action":"run","Package":"github.com/snissn/gomap/TreeDB/freelist","Test":"TestAllocatorTerminalCutLastEdgeReleasesFiniteCredit5105/healthy"}
{"Time":"2026-10-07T23:21:06.532772-10:00","Action":"output","Package":"github.com/snissn/gomap/TreeDB/freelist","Test":"TestAllocatorTerminalCutLastEdgeReleasesFiniteCredit5105/healthy","Output":"=== RUN   TestAllocatorTerminalCutLastEdgeReleasesFiniteCredit5105/healthy\n"}
{"Time":"2026-10-07T23:21:06.533066-10:00","Action":"output","Package":"github.com/snissn/gomap/TreeDB/freelist","Test":"TestAllocatorTerminalCutLastEdgeReleasesFiniteCredit5105/healthy","Output":"--- PASS: TestAllocatorTerminalCutLastEdgeReleasesFiniteCredit5105/healthy (0.00s)\n"}
{"Time":"2026-10-07T23:21:06.53307-10:00","Action":"pass","Package":"github.com/snissn/gomap/TreeDB/freelist","Test":"TestAllocatorTerminalCutLastEdgeReleasesFiniteCredit5105/healthy","Elapsed":0}
{"Time":"2026-10-07T23:21:06.533073-10:00","Action":"run","Package":"github.com/snissn/gomap/TreeDB/freelist","Test":"TestAllocatorTerminalCutLastEdgeReleasesFiniteCredit5105/prepared"}
{"Time":"2026-10-07T23:21:06.533076-10:00","Action":"output","Package":"github.com/snissn/gomap/TreeDB/freelist","Test":"TestAllocatorTerminalCutLastEdgeReleasesFiniteCredit5105/prepared","Output":"=== RUN   TestAllocatorTerminalCutLastEdgeReleasesFiniteCredit5105/prepared\n"}
{"Time":"2026-10-07T23:21:06.533375-10:00","Action":"output","Package":"github.com/snissn/gomap/TreeDB/freelist","Test":"TestAllocatorTerminalCutLastEdgeReleasesFiniteCredit5105/prepared","Output":"--- PASS: TestAllocatorTerminalCutLastEdgeReleasesFiniteCredit5105/prepared (0.00s)\n"}
{"Time":"2026-10-07T23:21:06.53338-10:00","Action":"pass","Package":"github.com/snissn/gomap/TreeDB/freelist","Test":"TestAllocatorTerminalCutLastEdgeReleasesFiniteCredit5105/prepared","Elapsed":0}
{"Time":"2026-10-07T23:21:06.533383-10:00","Action":"run","Package":"github.com/snissn/gomap/TreeDB/freelist","Test":"TestAllocatorTerminalCutLastEdgeReleasesFiniteCredit5105/activated"}
{"Time":"2026-10-07T23:21:06.533386-10:00","Action":"output","Package":"github.com/snissn/gomap/TreeDB/freelist","Test":"TestAllocatorTerminalCutLastEdgeReleasesFiniteCredit5105/activated","Output":"=== RUN   TestAllocatorTerminalCutLastEdgeReleasesFiniteCredit5105/activated\n"}
{"Time":"2026-10-07T23:21:06.533735-10:00","Action":"output","Package":"github.com/snissn/gomap/TreeDB/freelist","Test":"TestAllocatorTerminalCutLastEdgeReleasesFiniteCredit5105/activated","Output":"--- PASS: TestAllocatorTerminalCutLastEdgeReleasesFiniteCredit5105/activated (0.00s)\n"}
{"Time":"2026-10-07T23:21:06.53374-10:00","Action":"pass","Package":"github.com/snissn/gomap/TreeDB/freelist","Test":"TestAllocatorTerminalCutLastEdgeReleasesFiniteCredit5105/activated","Elapsed":0}
{"Time":"2026-10-07T23:21:06.533743-10:00","Action":"run","Package":"github.com/snissn/gomap/TreeDB/freelist","Test":"TestAllocatorTerminalCutLastEdgeReleasesFiniteCredit5105/ambiguous"}
{"Time":"2026-10-07T23:21:06.533746-10:00","Action":"output","Package":"github.com/snissn/gomap/TreeDB/freelist","Test":"TestAllocatorTerminalCutLastEdgeReleasesFiniteCredit5105/ambiguous","Output":"=== RUN   TestAllocatorTerminalCutLastEdgeReleasesFiniteCredit5105/ambiguous\n"}
{"Time":"2026-10-07T23:21:06.534102-10:00","Action":"output","Package":"github.com/snissn/gomap/TreeDB/freelist","Test":"TestAllocatorTerminalCutLastEdgeReleasesFiniteCredit5105/ambiguous","Output":"--- PASS: TestAllocatorTerminalCutLastEdgeReleasesFiniteCredit5105/ambiguous (0.00s)\n"}
{"Time":"2026-10-07T23:21:06.534107-10:00","Action":"pass","Package":"github.com/snissn/gomap/TreeDB/freelist","Test":"TestAllocatorTerminalCutLastEdgeReleasesFiniteCredit5105/ambiguous","Elapsed":0}
{"Time":"2026-10-07T23:21:06.53411-10:00","Action":"output","Package":"github.com/snissn/gomap/TreeDB/freelist","Test":"TestAllocatorTerminalCutLastEdgeReleasesFiniteCredit5105","Output":"--- PASS: TestAllocatorTerminalCutLastEdgeReleasesFiniteCredit5105 (0.00s)\n"}
{"Time":"2026-10-07T23:21:06.534114-10:00","Action":"pass","Package":"github.com/snissn/gomap/TreeDB/freelist","Test":"TestAllocatorTerminalCutLastEdgeReleasesFiniteCredit5105","Elapsed":0}
{"Time":"2026-10-07T23:21:06.534117-10:00","Action":"run","Package":"github.com/snissn/gomap/TreeDB/freelist","Test":"TestAllocatorTerminalSharedLedgerCreatingCredit5105"}
{"Time":"2026-10-07T23:21:06.534121-10:00","Action":"output","Package":"github.com/snissn/gomap/TreeDB/freelist","Test":"TestAllocatorTerminalSharedLedgerCreatingCredit5105","Output":"=== RUN   TestAllocatorTerminalSharedLedgerCreatingCredit5105\n"}
{"Time":"2026-10-07T23:21:06.53464-10:00","Action":"output","Package":"github.com/snissn/gomap/TreeDB/freelist","Test":"TestAllocatorTerminalSharedLedgerCreatingCredit5105","Output":"--- PASS: TestAllocatorTerminalSharedLedgerCreatingCredit5105 (0.00s)\n"}
{"Time":"2026-10-07T23:21:06.534645-10:00","Action":"pass","Package":"github.com/snissn/gomap/TreeDB/freelist","Test":"TestAllocatorTerminalSharedLedgerCreatingCredit5105","Elapsed":0}
{"Time":"2026-10-07T23:21:06.534649-10:00","Action":"run","Package":"github.com/snissn/gomap/TreeDB/freelist","Test":"TestAllocatorTerminalPreservesOrdinaryEscapedGenerationAndLedger5105"}
{"Time":"2026-10-07T23:21:06.534652-10:00","Action":"output","Package":"github.com/snissn/gomap/TreeDB/freelist","Test":"TestAllocatorTerminalPreservesOrdinaryEscapedGenerationAndLedger5105","Output":"=== RUN   TestAllocatorTerminalPreservesOrdinaryEscapedGenerationAndLedger5105\n"}
{"Time":"2026-10-07T23:21:06.534997-10:00","Action":"output","Package":"github.com/snissn/gomap/TreeDB/freelist","Test":"TestAllocatorTerminalPreservesOrdinaryEscapedGenerationAndLedger5105","Output":"--- PASS: TestAllocatorTerminalPreservesOrdinaryEscapedGenerationAndLedger5105 (0.00s)\n"}
{"Time":"2026-10-07T23:21:06.535002-10:00","Action":"pass","Package":"github.com/snissn/gomap/TreeDB/freelist","Test":"TestAllocatorTerminalPreservesOrdinaryEscapedGenerationAndLedger5105","Elapsed":0}
{"Time":"2026-10-07T23:21:06.535006-10:00","Action":"run","Package":"github.com/snissn/gomap/TreeDB/freelist","Test":"TestAllocator_AllocClearsVerifiedBit"}
{"Time":"2026-10-07T23:21:06.535015-10:00","Action":"output","Package":"github.com/snissn/gomap/TreeDB/freelist","Test":"TestAllocator_AllocClearsVerifiedBit","Output":"=== RUN   TestAllocator_AllocClearsVerifiedBit\n"}
{"Time":"2026-10-07T23:21:06.535465-10:00","Action":"output","Package":"github.com/snissn/gomap/TreeDB/freelist","Test":"TestAllocator_AllocClearsVerifiedBit","Output":"--- PASS: TestAllocator_AllocClearsVerifiedBit (0.00s)\n"}
{"Time":"2026-10-07T23:21:06.535471-10:00","Action":"pass","Package":"github.com/snissn/gomap/TreeDB/freelist","Test":"TestAllocator_AllocClearsVerifiedBit","Elapsed":0}
{"Time":"2026-10-07T23:21:06.535475-10:00","Action":"run","Package":"github.com/snissn/gomap/TreeDB/freelist","Test":"TestCompressedAllocatorActualStatePageCounts5108"}
{"Time":"2026-10-07T23:21:06.535478-10:00","Action":"output","Package":"github.com/snissn/gomap/TreeDB/freelist","Test":"TestCompressedAllocatorActualStatePageCounts5108","Output":"=== RUN   TestCompressedAllocatorActualStatePageCounts5108\n"}
{"Time":"2026-10-07T23:21:06.53548-10:00","Action":"run","Package":"github.com/snissn/gomap/TreeDB/freelist","Test":"TestCompressedAllocatorActualStatePageCounts5108/empty"}
{"Time":"2026-10-07T23:21:06.5355-10:00","Action":"output","Package":"github.com/snissn/gomap/TreeDB/freelist","Test":"TestCompressedAllocatorActualStatePageCounts5108/empty","Output":"=== RUN   TestCompressedAllocatorActualStatePageCounts5108/empty\n"}
{"Time":"2026-10-07T23:21:06.535505-10:00","Action":"output","Package":"github.com/snissn/gomap/TreeDB/freelist","Test":"TestCompressedAllocatorActualStatePageCounts5108/empty","Output":"--- PASS: TestCompressedAllocatorActualStatePageCounts5108/empty (0.00s)\n"}
{"Time":"2026-10-07T23:21:06.535508-10:00","Action":"pass","Package":"github.com/snissn/gomap/TreeDB/freelist","Test":"TestCompressedAllocatorActualStatePageCounts5108/empty","Elapsed":0}
{"Time":"2026-10-07T23:21:06.535512-10:00","Action":"run","Package":"github.com/snissn/gomap/TreeDB/freelist","Test":"TestCompressedAllocatorActualStatePageCounts5108/one"}
{"Time":"2026-10-07T23:21:06.535514-10:00","Action":"output","Package":"github.com/snissn/gomap/TreeDB/freelist","Test":"TestCompressedAllocatorActualStatePageCounts5108/one","Output":"=== RUN   TestCompressedAllocatorActualStatePageCounts5108/one\n"}
{"Time":"2026-10-07T23:21:06.535534-10:00","Action":"output","Package":"github.com/snissn/gomap/TreeDB/freelist","Test":"TestCompressedAllocatorActualStatePageCounts5108/one","Output":"--- PASS: TestCompressedAllocatorActualStatePageCounts5108/one (0.00s)\n"}
{"Time":"2026-10-07T23:21:06.535539-10:00","Action":"pass","Package":"github.com/snissn/gomap/TreeDB/freelist","Test":"TestCompressedAllocatorActualStatePageCounts5108/one","Elapsed":0}
{"Time":"2026-10-07T23:21:06.535543-10:00","Action":"run","Package":"github.com/snissn/gomap/TreeDB/freelist","Test":"TestCompressedAllocatorActualStatePageCounts5108/adjacent"}
{"Time":"2026-10-07T23:21:06.535546-10:00","Action":"output","Package":"github.com/snissn/gomap/TreeDB/freelist","Test":"TestCompressedAllocatorActualStatePageCounts5108/adjacent","Output":"=== RUN   TestCompressedAllocatorActualStatePageCounts5108/adjacent\n"}
{"Time":"2026-10-07T23:21:06.535578-10:00","Action":"output","Package":"github.com/snissn/gomap/TreeDB/freelist","Test":"TestCompressedAllocatorActualStatePageCounts5108/adjacent","Output":"--- PASS: TestCompressedAllocatorActualStatePageCounts5108/adjacent (0.00s)\n"}
{"Time":"2026-10-07T23:21:06.535583-10:00","Action":"pass","Package":"github.com/snissn/gomap/TreeDB/freelist","Test":"TestCompressedAllocatorActualStatePageCounts5108/adjacent","Elapsed":0}
{"Time":"2026-10-07T23:21:06.535586-10:00","Action":"run","Package":"github.com/snissn/gomap/TreeDB/freelist","Test":"TestCompressedAllocatorActualStatePageCounts5108/high-bit"}
{"Time":"2026-10-07T23:21:06.535589-10:00","Action":"output","Package":"github.com/snissn/gomap/TreeDB/freelist","Test":"TestCompressedAllocatorActualStatePageCounts5108/high-bit","Output":"=== RUN   TestCompressedAllocatorActualStatePageCounts5108/high-bit\n"}
{"Time":"2026-10-07T23:21:06.535613-10:00","Action":"output","Package":"github.com/snissn/gomap/TreeDB/freelist","Test":"TestCompressedAllocatorActualStatePageCounts5108/high-bit","Output":"--- PASS: TestCompressedAllocatorActualStatePageCounts5108/high-bit (0.00s)\n"}
{"Time":"2026-10-07T23:21:06.535618-10:00","Action":"pass","Package":"github.com/snissn/gomap/TreeDB/freelist","Test":"TestCompressedAllocatorActualStatePageCounts5108/high-bit","Elapsed":0}
{"Time":"2026-10-07T23:21:06.535621-10:00","Action":"run","Package":"github.com/snissn/gomap/TreeDB/freelist","Test":"TestCompressedAllocatorActualStatePageCounts5108/three"}
{"Time":"2026-10-07T23:21:06.53563-10:00","Action":"output","Package":"github.com/snissn/gomap/TreeDB/freelist","Test":"TestCompressedAllocatorActualStatePageCounts5108/three","Output":"=== RUN   TestCompressedAllocatorActualStatePageCounts5108/three\n"}
{"Time":"2026-10-07T23:21:06.535654-10:00","Action":"output","Package":"github.com/snissn/gomap/TreeDB/freelist","Test":"TestCompressedAllocatorActualStatePageCounts5108/three","Output":"--- PASS: TestCompressedAllocatorActualStatePageCounts5108/three (0.00s)\n"}
{"Time":"2026-10-07T23:21:06.535672-10:00","Action":"pass","Package":"github.com/snissn/gomap/TreeDB/freelist","Test":"TestCompressedAllocatorActualStatePageCounts5108/three","Elapsed":0}
{"Time":"2026-10-07T23:21:06.535675-10:00","Action":"output","Package":"github.com/snissn/gomap/TreeDB/freelist","Test":"TestCompressedAllocatorActualStatePageCounts5108","Output":"--- PASS: TestCompressedAllocatorActualStatePageCounts5108 (0.00s)\n"}
{"Time":"2026-10-07T23:21:06.535679-10:00","Action":"pass","Package":"github.com/snissn/gomap/TreeDB/freelist","Test":"TestCompressedAllocatorActualStatePageCounts5108","Elapsed":0}
{"Time":"2026-10-07T23:21:06.535682-10:00","Action":"run","Package":"github.com/snissn/gomap/TreeDB/freelist","Test":"TestCompressedAllocatorRequiresExplicitTopologyVersion5108"}
{"Time":"2026-10-07T23:21:06.535685-10:00","Action":"output","Package":"github.com/snissn/gomap/TreeDB/freelist","Test":"TestCompressedAllocatorRequiresExplicitTopologyVersion5108","Output":"=== RUN   TestCompressedAllocatorRequiresExplicitTopologyVersion5108\n"}
{"Time":"2026-10-07T23:21:06.535689-10:00","Action":"output","Package":"github.com/snissn/gomap/TreeDB/freelist","Test":"TestCompressedAllocatorRequiresExplicitTopologyVersion5108","Output":"--- PASS: TestCompressedAllocatorRequiresExplicitTopologyVersion5108 (0.00s)\n"}
{"Time":"2026-10-07T23:21:06.535692-10:00","Action":"pass","Package":"github.com/snissn/gomap/TreeDB/freelist","Test":"TestCompressedAllocatorRequiresExplicitTopologyVersion5108","Elapsed":0}
{"Time":"2026-10-07T23:21:06.535695-10:00","Action":"run","Package":"github.com/snissn/gomap/TreeDB/freelist","Test":"TestCompressedAllocatorReservationCoalescingActualMaterializer5108"}
{"Time":"2026-10-07T23:21:06.535698-10:00","Action":"output","Package":"github.com/snissn/gomap/TreeDB/freelist","Test":"TestCompressedAllocatorReservationCoalescingActualMaterializer5108","Output":"=== RUN   TestCompressedAllocatorReservationCoalescingActualMaterializer5108\n"}
{"Time":"2026-10-07T23:21:06.535714-10:00","Action":"output","Package":"github.com/snissn/gomap/TreeDB/freelist","Test":"TestCompressedAllocatorReservationCoalescingActualMaterializer5108","Output":"--- PASS: TestCompressedAllocatorReservationCoalescingActualMaterializer5108 (0.00s)\n"}
{"Time":"2026-10-07T23:21:06.535719-10:00","Action":"pass","Package":"github.com/snissn/gomap/TreeDB/freelist","Test":"TestCompressedAllocatorReservationCoalescingActualMaterializer5108","Elapsed":0}
{"Time":"2026-10-07T23:21:06.535722-10:00","Action":"run","Package":"github.com/snissn/gomap/TreeDB/freelist","Test":"TestCompressedAllocatorThousandActualMutations5108"}
{"Time":"2026-10-07T23:21:06.535725-10:00","Action":"output","Package":"github.com/snissn/gomap/TreeDB/freelist","Test":"TestCompressedAllocatorThousandActualMutations5108","Output":"=== RUN   TestCompressedAllocatorThousandActualMutations5108\n"}
{"Time":"2026-10-07T23:21:06.541862-10:00","Action":"output","Package":"github.com/snissn/gomap/TreeDB/freelist","Test":"TestCompressedAllocatorThousandActualMutations5108","Output":"--- PASS: TestCompressedAllocatorThousandActualMutations5108 (0.01s)\n"}
{"Time":"2026-10-07T23:21:06.541869-10:00","Action":"pass","Package":"github.com/snissn/gomap/TreeDB/freelist","Test":"TestCompressedAllocatorThousandActualMutations5108","Elapsed":0.01}
{"Time":"2026-10-07T23:21:06.541966-10:00","Action":"run","Package":"github.com/snissn/gomap/TreeDB/freelist","Test":"TestCompressedAllocatorCanonicalLoaderCorruption5108"}
{"Time":"2026-10-07T23:21:06.541971-10:00","Action":"output","Package":"github.com/snissn/gomap/TreeDB/freelist","Test":"TestCompressedAllocatorCanonicalLoaderCorruption5108","Output":"=== RUN   TestCompressedAllocatorCanonicalLoaderCorruption5108\n"}
{"Time":"2026-10-07T23:21:06.541974-10:00","Action":"run","Package":"github.com/snissn/gomap/TreeDB/freelist","Test":"TestCompressedAllocatorCanonicalLoaderCorruption5108/prefix"}
{"Time":"2026-10-07T23:21:06.541977-10:00","Action":"output","Package":"github.com/snissn/gomap/TreeDB/freelist","Test":"TestCompressedAllocatorCanonicalLoaderCorruption5108/prefix","Output":"=== RUN   TestCompressedAllocatorCanonicalLoaderCorruption5108/prefix\n"}
{"Time":"2026-10-07T23:21:06.541996-10:00","Action":"output","Package":"github.com/snissn/gomap/TreeDB/freelist","Test":"TestCompressedAllocatorCanonicalLoaderCorruption5108/prefix","Output":"--- PASS: TestCompressedAllocatorCanonicalLoaderCorruption5108/prefix (0.00s)\n"}
{"Time":"2026-10-07T23:21:06.541999-10:00","Action":"pass","Package":"github.com/snissn/gomap/TreeDB/freelist","Test":"TestCompressedAllocatorCanonicalLoaderCorruption5108/prefix","Elapsed":0}
{"Time":"2026-10-07T23:21:06.542002-10:00","Action":"run","Package":"github.com/snissn/gomap/TreeDB/freelist","Test":"TestCompressedAllocatorCanonicalLoaderCorruption5108/depth"}
{"Time":"2026-10-07T23:21:06.542005-10:00","Action":"output","Package":"github.com/snissn/gomap/TreeDB/freelist","Test":"TestCompressedAllocatorCanonicalLoaderCorruption5108/depth","Output":"=== RUN   TestCompressedAllocatorCanonicalLoaderCorruption5108/depth\n"}
{"Time":"2026-10-07T23:21:06.542017-10:00","Action":"output","Package":"github.com/snissn/gomap/TreeDB/freelist","Test":"TestCompressedAllocatorCanonicalLoaderCorruption5108/depth","Output":"--- PASS: TestCompressedAllocatorCanonicalLoaderCorruption5108/depth (0.00s)\n"}
{"Time":"2026-10-07T23:21:06.542025-10:00","Action":"pass","Package":"github.com/snissn/gomap/TreeDB/freelist","Test":"TestCompressedAllocatorCanonicalLoaderCorruption5108/depth","Elapsed":0}
{"Time":"2026-10-07T23:21:06.542028-10:00","Action":"run","Package":"github.com/snissn/gomap/TreeDB/freelist","Test":"TestCompressedAllocatorCanonicalLoaderCorruption5108/first-difference"}
{"Time":"2026-10-07T23:21:06.542031-10:00","Action":"output","Package":"github.com/snissn/gomap/TreeDB/freelist","Test":"TestCompressedAllocatorCanonicalLoaderCorruption5108/first-difference","Output":"=== RUN   TestCompressedAllocatorCanonicalLoaderCorruption5108/first-difference\n"}
{"Time":"2026-10-07T23:21:06.542049-10:00","Action":"output","Package":"github.com/snissn/gomap/TreeDB/freelist","Test":"TestCompressedAllocatorCanonicalLoaderCorruption5108/first-difference","Output":"--- PASS: TestCompressedAllocatorCanonicalLoaderCorruption5108/first-difference (0.00s)\n"}
{"Time":"2026-10-07T23:21:06.542053-10:00","Action":"pass","Package":"github.com/snissn/gomap/TreeDB/freelist","Test":"TestCompressedAllocatorCanonicalLoaderCorruption5108/first-difference","Elapsed":0}
{"Time":"2026-10-07T23:21:06.542056-10:00","Action":"run","Package":"github.com/snissn/gomap/TreeDB/freelist","Test":"TestCompressedAllocatorCanonicalLoaderCorruption5108/unary"}
{"Time":"2026-10-07T23:21:06.542059-10:00","Action":"output","Package":"github.com/snissn/gomap/TreeDB/freelist","Test":"TestCompressedAllocatorCanonicalLoaderCorruption5108/unary","Output":"=== RUN   TestCompressedAllocatorCanonicalLoaderCorruption5108/unary\n"}
{"Time":"2026-10-07T23:21:06.542074-10:00","Action":"output","Package":"github.com/snissn/gomap/TreeDB/freelist","Test":"TestCompressedAllocatorCanonicalLoaderCorruption5108/unary","Output":"--- PASS: TestCompressedAllocatorCanonicalLoaderCorruption5108/unary (0.00s)\n"}
{"Time":"2026-10-07T23:21:06.542077-10:00","Action":"pass","Package":"github.com/snissn/gomap/TreeDB/freelist","Test":"TestCompressedAllocatorCanonicalLoaderCorruption5108/unary","Elapsed":0}
{"Time":"2026-10-07T23:21:06.542083-10:00","Action":"run","Package":"github.com/snissn/gomap/TreeDB/freelist","Test":"TestCompressedAllocatorCanonicalLoaderCorruption5108/reserved-header"}
{"Time":"2026-10-07T23:21:06.542086-10:00","Action":"output","Package":"github.com/snissn/gomap/TreeDB/freelist","Test":"TestCompressedAllocatorCanonicalLoaderCorruption5108/reserved-header","Output":"=== RUN   TestCompressedAllocatorCanonicalLoaderCorruption5108/reserved-header\n"}
{"Time":"2026-10-07T23:21:06.542098-10:00","Action":"output","Package":"github.com/snissn/gomap/TreeDB/freelist","Test":"TestCompressedAllocatorCanonicalLoaderCorruption5108/reserved-header","Output":"--- PASS: TestCompressedAllocatorCanonicalLoaderCorruption5108/reserved-header (0.00s)\n"}
{"Time":"2026-10-07T23:21:06.542115-10:00","Action":"pass","Package":"github.com/snissn/gomap/TreeDB/freelist","Test":"TestCompressedAllocatorCanonicalLoaderCorruption5108/reserved-header","Elapsed":0}
{"Time":"2026-10-07T23:21:06.542118-10:00","Action":"run","Package":"github.com/snissn/gomap/TreeDB/freelist","Test":"TestCompressedAllocatorCanonicalLoaderCorruption5108/reserved-entry"}
{"Time":"2026-10-07T23:21:06.542121-10:00","Action":"output","Package":"github.com/snissn/gomap/TreeDB/freelist","Test":"TestCompressedAllocatorCanonicalLoaderCorruption5108/reserved-entry","Output":"=== RUN   TestCompressedAllocatorCanonicalLoaderCorruption5108/reserved-entry\n"}
{"Time":"2026-10-07T23:21:06.542125-10:00","Action":"output","Package":"github.com/snissn/gomap/TreeDB/freelist","Test":"TestCompressedAllocatorCanonicalLoaderCorruption5108/reserved-entry","Output":"--- PASS: TestCompressedAllocatorCanonicalLoaderCorruption5108/reserved-entry (0.00s)\n"}
{"Time":"2026-10-07T23:21:06.542128-10:00","Action":"pass","Package":"github.com/snissn/gomap/TreeDB/freelist","Test":"TestCompressedAllocatorCanonicalLoaderCorruption5108/reserved-entry","Elapsed":0}
{"Time":"2026-10-07T23:21:06.542131-10:00","Action":"run","Package":"github.com/snissn/gomap/TreeDB/freelist","Test":"TestCompressedAllocatorCanonicalLoaderCorruption5108/reserved-tail"}
{"Time":"2026-10-07T23:21:06.542134-10:00","Action":"output","Package":"github.com/snissn/gomap/TreeDB/freelist","Test":"TestCompressedAllocatorCanonicalLoaderCorruption5108/reserved-tail","Output":"=== RUN   TestCompressedAllocatorCanonicalLoaderCorruption5108/reserved-tail\n"}
{"Time":"2026-10-07T23:21:06.54215-10:00","Action":"output","Package":"github.com/snissn/gomap/TreeDB/freelist","Test":"TestCompressedAllocatorCanonicalLoaderCorruption5108/reserved-tail","Output":"--- PASS: TestCompressedAllocatorCanonicalLoaderCorruption5108/reserved-tail (0.00s)\n"}
{"Time":"2026-10-07T23:21:06.542153-10:00","Action":"pass","Package":"github.com/snissn/gomap/TreeDB/freelist","Test":"TestCompressedAllocatorCanonicalLoaderCorruption5108/reserved-tail","Elapsed":0}
{"Time":"2026-10-07T23:21:06.542156-10:00","Action":"run","Package":"github.com/snissn/gomap/TreeDB/freelist","Test":"TestCompressedAllocatorCanonicalLoaderCorruption5108/kind"}
{"Time":"2026-10-07T23:21:06.542159-10:00","Action":"output","Package":"github.com/snissn/gomap/TreeDB/freelist","Test":"TestCompressedAllocatorCanonicalLoaderCorruption5108/kind","Output":"=== RUN   TestCompressedAllocatorCanonicalLoaderCorruption5108/kind\n"}
{"Time":"2026-10-07T23:21:06.542176-10:00","Action":"output","Package":"github.com/snissn/gomap/TreeDB/freelist","Test":"TestCompressedAllocatorCanonicalLoaderCorruption5108/kind","Output":"--- PASS: TestCompressedAllocatorCanonicalLoaderCorruption5108/kind (0.00s)\n"}
{"Time":"2026-10-07T23:21:06.542179-10:00","Action":"pass","Package":"github.com/snissn/gomap/TreeDB/freelist","Test":"TestCompressedAllocatorCanonicalLoaderCorruption5108/kind","Elapsed":0}
{"Time":"2026-10-07T23:21:06.542182-10:00","Action":"run","Package":"github.com/snissn/gomap/TreeDB/freelist","Test":"TestCompressedAllocatorCanonicalLoaderCorruption5108/flags"}
{"Time":"2026-10-07T23:21:06.542185-10:00","Action":"output","Package":"github.com/snissn/gomap/TreeDB/freelist","Test":"TestCompressedAllocatorCanonicalLoaderCorruption5108/flags","Output":"=== RUN   TestCompressedAllocatorCanonicalLoaderCorruption5108/flags\n"}
{"Time":"2026-10-07T23:21:06.542202-10:00","Action":"output","Package":"github.com/snissn/gomap/TreeDB/freelist","Test":"TestCompressedAllocatorCanonicalLoaderCorruption5108/flags","Output":"--- PASS: TestCompressedAllocatorCanonicalLoaderCorruption5108/flags (0.00s)\n"}
{"Time":"2026-10-07T23:21:06.542206-10:00","Action":"pass","Package":"github.com/snissn/gomap/TreeDB/freelist","Test":"TestCompressedAllocatorCanonicalLoaderCorruption5108/flags","Elapsed":0}
{"Time":"2026-10-07T23:21:06.542209-10:00","Action":"run","Package":"github.com/snissn/gomap/TreeDB/freelist","Test":"TestCompressedAllocatorCanonicalLoaderCorruption5108/summary"}
{"Time":"2026-10-07T23:21:06.542366-10:00","Action":"output","Package":"github.com/snissn/gomap/TreeDB/freelist","Test":"TestCompressedAllocatorCanonicalLoaderCorruption5108/summary","Output":"=== RUN   TestCompressedAllocatorCanonicalLoaderCorruption5108/summary\n"}
{"Time":"2026-10-07T23:21:06.542371-10:00","Action":"output","Package":"github.com/snissn/gomap/TreeDB/freelist","Test":"TestCompressedAllocatorCanonicalLoaderCorruption5108/summary","Output":"--- PASS: TestCompressedAllocatorCanonicalLoaderCorruption5108/summary (0.00s)\n"}
{"Time":"2026-10-07T23:21:06.542374-10:00","Action":"pass","Package":"github.com/snissn/gomap/TreeDB/freelist","Test":"TestCompressedAllocatorCanonicalLoaderCorruption5108/summary","Elapsed":0}
{"Time":"2026-10-07T23:21:06.542376-10:00","Action":"run","Package":"github.com/snissn/gomap/TreeDB/freelist","Test":"TestCompressedAllocatorCanonicalLoaderCorruption5108/root-generation"}
{"Time":"2026-10-07T23:21:06.542379-10:00","Action":"output","Package":"github.com/snissn/gomap/TreeDB/freelist","Test":"TestCompressedAllocatorCanonicalLoaderCorruption5108/root-generation","Output":"=== RUN   TestCompressedAllocatorCanonicalLoaderCorruption5108/root-generation\n"}
{"Time":"2026-10-07T23:21:06.542382-10:00","Action":"output","Package":"github.com/snissn/gomap/TreeDB/freelist","Test":"TestCompressedAllocatorCanonicalLoaderCorruption5108/root-generation","Output":"--- PASS: TestCompressedAllocatorCanonicalLoaderCorruption5108/root-generation (0.00s)\n"}
{"Time":"2026-10-07T23:21:06.542385-10:00","Action":"pass","Package":"github.com/snissn/gomap/TreeDB/freelist","Test":"TestCompressedAllocatorCanonicalLoaderCorruption5108/root-generation","Elapsed":0}
{"Time":"2026-10-07T23:21:06.542388-10:00","Action":"run","Package":"github.com/snissn/gomap/TreeDB/freelist","Test":"TestCompressedAllocatorCanonicalLoaderCorruption5108/duplicate-child"}
{"Time":"2026-10-07T23:21:06.54239-10:00","Action":"output","Package":"github.com/snissn/gomap/TreeDB/freelist","Test":"TestCompressedAllocatorCanonicalLoaderCorruption5108/duplicate-child","Output":"=== RUN   TestCompressedAllocatorCanonicalLoaderCorruption5108/duplicate-child\n"}
{"Time":"2026-10-07T23:21:06.542405-10:00","Action":"output","Package":"github.com/snissn/gomap/TreeDB/freelist","Test":"TestCompressedAllocatorCanonicalLoaderCorruption5108/duplicate-child","Output":"--- PASS: TestCompressedAllocatorCanonicalLoaderCorruption5108/duplicate-child (0.00s)\n"}
{"Time":"2026-10-07T23:21:06.542408-10:00","Action":"pass","Package":"github.com/snissn/gomap/TreeDB/freelist","Test":"TestCompressedAllocatorCanonicalLoaderCorruption5108/duplicate-child","Elapsed":0}
{"Time":"2026-10-07T23:21:06.542411-10:00","Action":"run","Package":"github.com/snissn/gomap/TreeDB/freelist","Test":"TestCompressedAllocatorCanonicalLoaderCorruption5108/header-alias"}
{"Time":"2026-10-07T23:21:06.542414-10:00","Action":"output","Package":"github.com/snissn/gomap/TreeDB/freelist","Test":"TestCompressedAllocatorCanonicalLoaderCorruption5108/header-alias","Output":"=== RUN   TestCompressedAllocatorCanonicalLoaderCorruption5108/header-alias\n"}
{"Time":"2026-10-07T23:21:06.542417-10:00","Action":"output","Package":"github.com/snissn/gomap/TreeDB/freelist","Test":"TestCompressedAllocatorCanonicalLoaderCorruption5108/header-alias","Output":"--- PASS: TestCompressedAllocatorCanonicalLoaderCorruption5108/header-alias (0.00s)\n"}
{"Time":"2026-10-07T23:21:06.542419-10:00","Action":"pass","Package":"github.com/snissn/gomap/TreeDB/freelist","Test":"TestCompressedAllocatorCanonicalLoaderCorruption5108/header-alias","Elapsed":0}
{"Time":"2026-10-07T23:21:06.542422-10:00","Action":"run","Package":"github.com/snissn/gomap/TreeDB/freelist","Test":"TestCompressedAllocatorCanonicalLoaderCorruption5108/reservation-alias"}
{"Time":"2026-10-07T23:21:06.542425-10:00","Action":"output","Package":"github.com/snissn/gomap/TreeDB/freelist","Test":"TestCompressedAllocatorCanonicalLoaderCorruption5108/reservation-alias","Output":"=== RUN   TestCompressedAllocatorCanonicalLoaderCorruption5108/reservation-alias\n"}
{"Time":"2026-10-07T23:21:06.542439-10:00","Action":"output","Package":"github.com/snissn/gomap/TreeDB/freelist","Test":"TestCompressedAllocatorCanonicalLoaderCorruption5108/reservation-alias","Output":"--- PASS: TestCompressedAllocatorCanonicalLoaderCorruption5108/reservation-alias (0.00s)\n"}
{"Time":"2026-10-07T23:21:06.542446-10:00","Action":"pass","Package":"github.com/snissn/gomap/TreeDB/freelist","Test":"TestCompressedAllocatorCanonicalLoaderCorruption5108/reservation-alias","Elapsed":0}
{"Time":"2026-10-07T23:21:06.542449-10:00","Action":"run","Package":"github.com/snissn/gomap/TreeDB/freelist","Test":"TestCompressedAllocatorCanonicalLoaderCorruption5108/cycle"}
{"Time":"2026-10-07T23:21:06.542452-10:00","Action":"output","Package":"github.com/snissn/gomap/TreeDB/freelist","Test":"TestCompressedAllocatorCanonicalLoaderCorruption5108/cycle","Output":"=== RUN   TestCompressedAllocatorCanonicalLoaderCorruption5108/cycle\n"}
{"Time":"2026-10-07T23:21:06.542454-10:00","Action":"output","Package":"github.com/snissn/gomap/TreeDB/freelist","Test":"TestCompressedAllocatorCanonicalLoaderCorruption5108/cycle","Output":"--- PASS: TestCompressedAllocatorCanonicalLoaderCorruption5108/cycle (0.00s)\n"}
{"Time":"2026-10-07T23:21:06.542457-10:00","Action":"pass","Package":"github.com/snissn/gomap/TreeDB/freelist","Test":"TestCompressedAllocatorCanonicalLoaderCorruption5108/cycle","Elapsed":0}
{"Time":"2026-10-07T23:21:06.54246-10:00","Action":"run","Package":"github.com/snissn/gomap/TreeDB/freelist","Test":"TestCompressedAllocatorCanonicalLoaderCorruption5108/child-depth-before-recursion"}
{"Time":"2026-10-07T23:21:06.542462-10:00","Action":"output","Package":"github.com/snissn/gomap/TreeDB/freelist","Test":"TestCompressedAllocatorCanonicalLoaderCorruption5108/child-depth-before-recursion","Output":"=== RUN   TestCompressedAllocatorCanonicalLoaderCorruption5108/child-depth-before-recursion\n"}
{"Time":"2026-10-07T23:21:06.542466-10:00","Action":"output","Package":"github.com/snissn/gomap/TreeDB/freelist","Test":"TestCompressedAllocatorCanonicalLoaderCorruption5108/child-depth-before-recursion","Output":"--- PASS: TestCompressedAllocatorCanonicalLoaderCorruption5108/child-depth-before-recursion (0.00s)\n"}
{"Time":"2026-10-07T23:21:06.542469-10:00","Action":"pass","Package":"github.com/snissn/gomap/TreeDB/freelist","Test":"TestCompressedAllocatorCanonicalLoaderCorruption5108/child-depth-before-recursion","Elapsed":0}
{"Time":"2026-10-07T23:21:06.542472-10:00","Action":"run","Package":"github.com/snissn/gomap/TreeDB/freelist","Test":"TestCompressedAllocatorCanonicalLoaderCorruption5108/child-newer"}
{"Time":"2026-10-07T23:21:06.542475-10:00","Action":"output","Package":"github.com/snissn/gomap/TreeDB/freelist","Test":"TestCompressedAllocatorCanonicalLoaderCorruption5108/child-newer","Output":"=== RUN   TestCompressedAllocatorCanonicalLoaderCorruption5108/child-newer\n"}
{"Time":"2026-10-07T23:21:06.542478-10:00","Action":"output","Package":"github.com/snissn/gomap/TreeDB/freelist","Test":"TestCompressedAllocatorCanonicalLoaderCorruption5108/child-newer","Output":"--- PASS: TestCompressedAllocatorCanonicalLoaderCorruption5108/child-newer (0.00s)\n"}
{"Time":"2026-10-07T23:21:06.54248-10:00","Action":"pass","Package":"github.com/snissn/gomap/TreeDB/freelist","Test":"TestCompressedAllocatorCanonicalLoaderCorruption5108/child-newer","Elapsed":0}
{"Time":"2026-10-07T23:21:06.542483-10:00","Action":"run","Package":"github.com/snissn/gomap/TreeDB/freelist","Test":"TestCompressedAllocatorCanonicalLoaderCorruption5108/empty-child"}
{"Time":"2026-10-07T23:21:06.542485-10:00","Action":"output","Package":"github.com/snissn/gomap/TreeDB/freelist","Test":"TestCompressedAllocatorCanonicalLoaderCorruption5108/empty-child","Output":"=== RUN   TestCompressedAllocatorCanonicalLoaderCorruption5108/empty-child\n"}
{"Time":"2026-10-07T23:21:06.542488-10:00","Action":"output","Package":"github.com/snissn/gomap/TreeDB/freelist","Test":"TestCompressedAllocatorCanonicalLoaderCorruption5108/empty-child","Output":"--- PASS: TestCompressedAllocatorCanonicalLoaderCorruption5108/empty-child (0.00s)\n"}
{"Time":"2026-10-07T23:21:06.542502-10:00","Action":"pass","Package":"github.com/snissn/gomap/TreeDB/freelist","Test":"TestCompressedAllocatorCanonicalLoaderCorruption5108/empty-child","Elapsed":0}
{"Time":"2026-10-07T23:21:06.542505-10:00","Action":"output","Package":"github.com/snissn/gomap/TreeDB/freelist","Test":"TestCompressedAllocatorCanonicalLoaderCorruption5108","Output":"--- PASS: TestCompressedAllocatorCanonicalLoaderCorruption5108 (0.00s)\n"}
{"Time":"2026-10-07T23:21:06.542508-10:00","Action":"pass","Package":"github.com/snissn/gomap/TreeDB/freelist","Test":"TestCompressedAllocatorCanonicalLoaderCorruption5108","Elapsed":0}
{"Time":"2026-10-07T23:21:06.542511-10:00","Action":"run","Package":"github.com/snissn/gomap/TreeDB/freelist","Test":"TestCompressedAllocatorDirectRootDirtyPageCounts5108"}
{"Time":"2026-10-07T23:21:06.542514-10:00","Action":"output","Package":"github.com/snissn/gomap/TreeDB/freelist","Test":"TestCompressedAllocatorDirectRootDirtyPageCounts5108","Output":"=== RUN   TestCompressedAllocatorDirectRootDirtyPageCounts5108\n"}
{"Time":"2026-10-07T23:21:06.542605-10:00","Action":"output","Package":"github.com/snissn/gomap/TreeDB/freelist","Test":"TestCompressedAllocatorDirectRootDirtyPageCounts5108","Output":"--- PASS: TestCompressedAllocatorDirectRootDirtyPageCounts5108 (0.00s)\n"}
{"Time":"2026-10-07T23:21:06.542609-10:00","Action":"pass","Package":"github.com/snissn/gomap/TreeDB/freelist","Test":"TestCompressedAllocatorDirectRootDirtyPageCounts5108","Elapsed":0}
{"Time":"2026-10-07T23:21:06.542612-10:00","Action":"run","Package":"github.com/snissn/gomap/TreeDB/freelist","Test":"TestCompressedAllocatorEmptySentinelReplacementOwnership5108"}
{"Time":"2026-10-07T23:21:06.542615-10:00","Action":"output","Package":"github.com/snissn/gomap/TreeDB/freelist","Test":"TestCompressedAllocatorEmptySentinelReplacementOwnership5108","Output":"=== RUN   TestCompressedAllocatorEmptySentinelReplacementOwnership5108\n"}
{"Time":"2026-10-07T23:21:06.542631-10:00","Action":"output","Package":"github.com/snissn/gomap/TreeDB/freelist","Test":"TestCompressedAllocatorEmptySentinelReplacementOwnership5108","Output":"--- PASS: TestCompressedAllocatorEmptySentinelReplacementOwnership5108 (0.00s)\n"}
{"Time":"2026-10-07T23:21:06.542638-10:00","Action":"pass","Package":"github.com/snissn/gomap/TreeDB/freelist","Test":"TestCompressedAllocatorEmptySentinelReplacementOwnership5108","Elapsed":0}
{"Time":"2026-10-07T23:21:06.542641-10:00","Action":"run","Package":"github.com/snissn/gomap/TreeDB/freelist","Test":"TestCompressedAllocatorExactMetadataOwnership5108"}
{"Time":"2026-10-07T23:21:06.542643-10:00","Action":"output","Package":"github.com/snissn/gomap/TreeDB/freelist","Test":"TestCompressedAllocatorExactMetadataOwnership5108","Output":"=== RUN   TestCompressedAllocatorExactMetadataOwnership5108\n"}
{"Time":"2026-10-07T23:21:06.542646-10:00","Action":"run","Package":"github.com/snissn/gomap/TreeDB/freelist","Test":"TestCompressedAllocatorExactMetadataOwnership5108/current-child-outside"}
{"Time":"2026-10-07T23:21:06.542649-10:00","Action":"output","Package":"github.com/snissn/gomap/TreeDB/freelist","Test":"TestCompressedAllocatorExactMetadataOwnership5108/current-child-outside","Output":"=== RUN   TestCompressedAllocatorExactMetadataOwnership5108/current-child-outside\n"}
{"Time":"2026-10-07T23:21:06.542665-10:00","Action":"output","Package":"github.com/snissn/gomap/TreeDB/freelist","Test":"TestCompressedAllocatorExactMetadataOwnership5108/current-child-outside","Output":"--- PASS: TestCompressedAllocatorExactMetadataOwnership5108/current-child-outside (0.00s)\n"}
{"Time":"2026-10-07T23:21:06.542669-10:00","Action":"pass","Package":"github.com/snissn/gomap/TreeDB/freelist","Test":"TestCompressedAllocatorExactMetadataOwnership5108/current-child-outside","Elapsed":0}
{"Time":"2026-10-07T23:21:06.542672-10:00","Action":"run","Package":"github.com/snissn/gomap/TreeDB/freelist","Test":"TestCompressedAllocatorExactMetadataOwnership5108/older-child-inside"}
{"Time":"2026-10-07T23:21:06.542685-10:00","Action":"output","Package":"github.com/snissn/gomap/TreeDB/freelist","Test":"TestCompressedAllocatorExactMetadataOwnership5108/older-child-inside","Output":"=== RUN   TestCompressedAllocatorExactMetadataOwnership5108/older-child-inside\n"}
{"Time":"2026-10-07T23:21:06.542696-10:00","Action":"output","Package":"github.com/snissn/gomap/TreeDB/freelist","Test":"TestCompressedAllocatorExactMetadataOwnership5108/older-child-inside","Output":"--- PASS: TestCompressedAllocatorExactMetadataOwnership5108/older-child-inside (0.00s)\n"}
{"Time":"2026-10-07T23:21:06.5427-10:00","Action":"pass","Package":"github.com/snissn/gomap/TreeDB/freelist","Test":"TestCompressedAllocatorExactMetadataOwnership5108/older-child-inside","Elapsed":0}
{"Time":"2026-10-07T23:21:06.542703-10:00","Action":"run","Package":"github.com/snissn/gomap/TreeDB/freelist","Test":"TestCompressedAllocatorExactMetadataOwnership5108/orphan-target"}
{"Time":"2026-10-07T23:21:06.542705-10:00","Action":"output","Package":"github.com/snissn/gomap/TreeDB/freelist","Test":"TestCompressedAllocatorExactMetadataOwnership5108/orphan-target","Output":"=== RUN   TestCompressedAllocatorExactMetadataOwnership5108/orphan-target\n"}
{"Time":"2026-10-07T23:21:06.542727-10:00","Action":"output","Package":"github.com/snissn/gomap/TreeDB/freelist","Test":"TestCompressedAllocatorExactMetadataOwnership5108/orphan-target","Output":"--- PASS: TestCompressedAllocatorExactMetadataOwnership5108/orphan-target (0.00s)\n"}
{"Time":"2026-10-07T23:21:06.54273-10:00","Action":"pass","Package":"github.com/snissn/gomap/TreeDB/freelist","Test":"TestCompressedAllocatorExactMetadataOwnership5108/orphan-target","Elapsed":0}
{"Time":"2026-10-07T23:21:06.542733-10:00","Action":"run","Package":"github.com/snissn/gomap/TreeDB/freelist","Test":"TestCompressedAllocatorExactMetadataOwnership5108/reservation-outside"}
{"Time":"2026-10-07T23:21:06.542736-10:00","Action":"output","Package":"github.com/snissn/gomap/TreeDB/freelist","Test":"TestCompressedAllocatorExactMetadataOwnership5108/reservation-outside","Output":"=== RUN   TestCompressedAllocatorExactMetadataOwnership5108/reservation-outside\n"}
{"Time":"2026-10-07T23:21:06.542753-10:00","Action":"output","Package":"github.com/snissn/gomap/TreeDB/freelist","Test":"TestCompressedAllocatorExactMetadataOwnership5108/reservation-outside","Output":"--- PASS: TestCompressedAllocatorExactMetadataOwnership5108/reservation-outside (0.00s)\n"}
{"Time":"2026-10-07T23:21:06.542757-10:00","Action":"pass","Package":"github.com/snissn/gomap/TreeDB/freelist","Test":"TestCompressedAllocatorExactMetadataOwnership5108/reservation-outside","Elapsed":0}
{"Time":"2026-10-07T23:21:06.54276-10:00","Action":"output","Package":"github.com/snissn/gomap/TreeDB/freelist","Test":"TestCompressedAllocatorExactMetadataOwnership5108","Output":"--- PASS: TestCompressedAllocatorExactMetadataOwnership5108 (0.00s)\n"}
{"Time":"2026-10-07T23:21:06.542763-10:00","Action":"pass","Package":"github.com/snissn/gomap/TreeDB/freelist","Test":"TestCompressedAllocatorExactMetadataOwnership5108","Elapsed":0}
{"Time":"2026-10-07T23:21:06.542766-10:00","Action":"run","Package":"github.com/snissn/gomap/TreeDB/freelist","Test":"TestCompressedAllocatorFanoutActualEmission5108"}
{"Time":"2026-10-07T23:21:06.542769-10:00","Action":"output","Package":"github.com/snissn/gomap/TreeDB/freelist","Test":"TestCompressedAllocatorFanoutActualEmission5108","Output":"=== RUN   TestCompressedAllocatorFanoutActualEmission5108\n"}
{"Time":"2026-10-07T23:21:06.542923-10:00","Action":"output","Package":"github.com/snissn/gomap/TreeDB/freelist","Test":"TestCompressedAllocatorFanoutActualEmission5108","Output":"--- PASS: TestCompressedAllocatorFanoutActualEmission5108 (0.00s)\n"}
{"Time":"2026-10-07T23:21:06.542928-10:00","Action":"pass","Package":"github.com/snissn/gomap/TreeDB/freelist","Test":"TestCompressedAllocatorFanoutActualEmission5108","Elapsed":0}
{"Time":"2026-10-07T23:21:06.542931-10:00","Action":"run","Package":"github.com/snissn/gomap/TreeDB/freelist","Test":"TestCompressedAllocatorActualClassWitness5108"}
{"Time":"2026-10-07T23:21:06.542949-10:00","Action":"output","Package":"github.com/snissn/gomap/TreeDB/freelist","Test":"TestCompressedAllocatorActualClassWitness5108","Output":"=== RUN   TestCompressedAllocatorActualClassWitness5108\n"}
{"Time":"2026-10-07T23:21:06.542991-10:00","Action":"run","Package":"github.com/snissn/gomap/TreeDB/freelist","Test":"TestCompressedAllocatorActualClassWitness5108/owned-sink-zero-backing"}
{"Time":"2026-10-07T23:21:06.542995-10:00","Action":"output","Package":"github.com/snissn/gomap/TreeDB/freelist","Test":"TestCompressedAllocatorActualClassWitness5108/owned-sink-zero-backing","Output":"=== RUN   TestCompressedAllocatorActualClassWitness5108/owned-sink-zero-backing\n"}
{"Time":"2026-10-07T23:21:06.543069-10:00","Action":"output","Package":"github.com/snissn/gomap/TreeDB/freelist","Test":"TestCompressedAllocatorActualClassWitness5108/owned-sink-zero-backing","Output":"--- PASS: TestCompressedAllocatorActualClassWitness5108/owned-sink-zero-backing (0.00s)\n"}
{"Time":"2026-10-07T23:21:06.543074-10:00","Action":"pass","Package":"github.com/snissn/gomap/TreeDB/freelist","Test":"TestCompressedAllocatorActualClassWitness5108/owned-sink-zero-backing","Elapsed":0}
{"Time":"2026-10-07T23:21:06.543127-10:00","Action":"output","Package":"github.com/snissn/gomap/TreeDB/freelist","Test":"TestCompressedAllocatorActualClassWitness5108","Output":"    generation_compressed_witness_5108_test.go:248: actual branch raw=336 allocation_class=352 births=64\n"}
{"Time":"2026-10-07T23:21:06.543181-10:00","Action":"output","Package":"github.com/snissn/gomap/TreeDB/freelist","Test":"TestCompressedAllocatorActualClassWitness5108","Output":"    generation_compressed_witness_5108_test.go:248: actual chunk raw=2136 allocation_class=2304 births=64\n"}
{"Time":"2026-10-07T23:21:06.54323-10:00","Action":"output","Package":"github.com/snissn/gomap/TreeDB/freelist","Test":"TestCompressedAllocatorActualClassWitness5108","Output":"    generation_compressed_witness_5108_test.go:248: actual transaction raw=368 allocation_class=384 births=64\n"}
{"Time":"2026-10-07T23:21:06.543278-10:00","Action":"output","Package":"github.com/snissn/gomap/TreeDB/freelist","Test":"TestCompressedAllocatorActualClassWitness5108","Output":"    generation_compressed_witness_5108_test.go:248: actual generation raw=320 allocation_class=320 births=64\n"}
{"Time":"2026-10-07T23:21:06.543321-10:00","Action":"output","Package":"github.com/snissn/gomap/TreeDB/freelist","Test":"TestCompressedAllocatorActualClassWitness5108","Output":"    generation_compressed_witness_5108_test.go:248: actual plan raw=592 allocation_class=640 births=64\n"}
{"Time":"2026-10-07T23:21:06.543354-10:00","Action":"output","Package":"github.com/snissn/gomap/TreeDB/freelist","Test":"TestCompressedAllocatorActualClassWitness5108","Output":"    generation_compressed_witness_5108_test.go:248: actual candidate raw=72 allocation_class=80 births=64\n"}
{"Time":"2026-10-07T23:21:06.543387-10:00","Action":"output","Package":"github.com/snissn/gomap/TreeDB/freelist","Test":"TestCompressedAllocatorActualClassWitness5108","Output":"    generation_compressed_witness_5108_test.go:248: actual prepared raw=192 allocation_class=192 births=64\n"}
{"Time":"2026-10-07T23:21:06.543428-10:00","Action":"output","Package":"github.com/snissn/gomap/TreeDB/freelist","Test":"TestCompressedAllocatorActualClassWitness5108","Output":"    generation_compressed_witness_5108_test.go:248: actual creator raw=32 allocation_class=32 births=64\n"}
{"Time":"2026-10-07T23:21:06.543461-10:00","Action":"output","Package":"github.com/snissn/gomap/TreeDB/freelist","Test":"TestCompressedAllocatorActualClassWitness5108","Output":"    generation_compressed_witness_5108_test.go:248: actual ledger raw=88 allocation_class=96 births=64\n"}
{"Time":"2026-10-07T23:21:06.543598-10:00","Action":"output","Package":"github.com/snissn/gomap/TreeDB/freelist","Test":"TestCompressedAllocatorActualClassWitness5108","Output":"    generation_compressed_witness_5108_test.go:248: actual reservation raw=104 allocation_class=112 births=64\n"}
{"Time":"2026-10-07T23:21:06.54362-10:00","Action":"output","Package":"github.com/snissn/gomap/TreeDB/freelist","Test":"TestCompressedAllocatorActualClassWitness5108","Output":"    generation_compressed_witness_5108_test.go:248: actual physical-cut raw=112 allocation_class=112 births=64\n"}
{"Time":"2026-10-07T23:21:06.543624-10:00","Action":"output","Package":"github.com/snissn/gomap/TreeDB/freelist","Test":"TestCompressedAllocatorActualClassWitness5108","Output":"    generation_compressed_witness_5108_test.go:248: actual radix-header raw=72 allocation_class=80 births=64\n"}
{"Time":"2026-10-07T23:21:06.543822-10:00","Action":"output","Package":"github.com/snissn/gomap/TreeDB/freelist","Test":"TestCompressedAllocatorActualClassWitness5108","Output":"    generation_compressed_witness_5108_test.go:248: actual radix-set-chunk raw=1584 allocation_class=1792 births=64\n"}
{"Time":"2026-10-07T23:21:06.543848-10:00","Action":"output","Package":"github.com/snissn/gomap/TreeDB/freelist","Test":"TestCompressedAllocatorActualClassWitness5108","Output":"    generation_compressed_witness_5108_test.go:248: actual radix-owner-chunk raw=2096 allocation_class=2304 births=64\n"}
{"Time":"2026-10-07T23:21:06.543852-10:00","Action":"output","Package":"github.com/snissn/gomap/TreeDB/freelist","Test":"TestCompressedAllocatorActualClassWitness5108","Output":"    generation_compressed_witness_5108_test.go:248: actual radix-candidate-chunk raw=2096 allocation_class=2304 births=64\n"}
{"Time":"2026-10-07T23:21:06.543935-10:00","Action":"output","Package":"github.com/snissn/gomap/TreeDB/freelist","Test":"TestCompressedAllocatorActualClassWitness5108","Output":"    generation_compressed_witness_5108_test.go:248: actual digest-control raw=120 allocation_class=128 births=64\n"}
{"Time":"2026-10-07T23:21:06.544-10:00","Action":"output","Package":"github.com/snissn/gomap/TreeDB/freelist","Test":"TestCompressedAllocatorActualClassWitness5108","Output":"    generation_compressed_witness_5108_test.go:248: actual allocator-control raw=144 allocation_class=144 births=64\n"}
{"Time":"2026-10-07T23:21:06.544076-10:00","Action":"output","Package":"github.com/snissn/gomap/TreeDB/freelist","Test":"TestCompressedAllocatorActualClassWitness5108","Output":"    generation_compressed_witness_5108_test.go:248: actual cow-control raw=264 allocation_class=288 births=64\n"}
{"Time":"2026-10-07T23:21:06.544162-10:00","Action":"output","Package":"github.com/snissn/gomap/TreeDB/freelist","Test":"TestCompressedAllocatorActualClassWitness5108","Output":"    generation_compressed_witness_5108_test.go:248: actual condition-control raw=56 allocation_class=64 births=64\n"}
{"Time":"2026-10-07T23:21:06.544189-10:00","Action":"output","Package":"github.com/snissn/gomap/TreeDB/freelist","Test":"TestCompressedAllocatorActualClassWitness5108","Output":"    generation_compressed_witness_5108_test.go:248: actual recording-control raw=112 allocation_class=112 births=64\n"}
{"Time":"2026-10-07T23:21:06.544245-10:00","Action":"output","Package":"github.com/snissn/gomap/TreeDB/freelist","Test":"TestCompressedAllocatorActualClassWitness5108","Output":"    generation_compressed_witness_5108_test.go:248: actual bounded-prune-control raw=448 allocation_class=448 births=64\n"}
{"Time":"2026-10-07T23:21:06.544332-10:00","Action":"output","Package":"github.com/snissn/gomap/TreeDB/freelist","Test":"TestCompressedAllocatorActualClassWitness5108","Output":"    generation_compressed_witness_5108_test.go:248: actual publication-packet raw=312 allocation_class=320 births=64\n"}
{"Time":"2026-10-07T23:21:06.544412-10:00","Action":"output","Package":"github.com/snissn/gomap/TreeDB/freelist","Test":"TestCompressedAllocatorActualClassWitness5108","Output":"    generation_compressed_witness_5108_test.go:248: actual publication-proof raw=80 allocation_class=80 births=64\n"}
{"Time":"2026-10-07T23:21:06.544463-10:00","Action":"output","Package":"github.com/snissn/gomap/TreeDB/freelist","Test":"TestCompressedAllocatorActualClassWitness5108","Output":"    generation_compressed_witness_5108_test.go:248: actual private-stage-control raw=112 allocation_class=112 births=64\n"}
{"Time":"2026-10-07T23:21:06.544617-10:00","Action":"output","Package":"github.com/snissn/gomap/TreeDB/freelist","Test":"TestCompressedAllocatorActualClassWitness5108","Output":"--- PASS: TestCompressedAllocatorActualClassWitness5108 (0.00s)\n"}
{"Time":"2026-10-07T23:21:06.544624-10:00","Action":"pass","Package":"github.com/snissn/gomap/TreeDB/freelist","Test":"TestCompressedAllocatorActualClassWitness5108","Elapsed":0}
{"Time":"2026-10-07T23:21:06.544628-10:00","Action":"run","Package":"github.com/snissn/gomap/TreeDB/freelist","Test":"TestCompressedAllocatorTailCountMatchesActualCoalescing5108"}
{"Time":"2026-10-07T23:21:06.544631-10:00","Action":"output","Package":"github.com/snissn/gomap/TreeDB/freelist","Test":"TestCompressedAllocatorTailCountMatchesActualCoalescing5108","Output":"=== RUN   TestCompressedAllocatorTailCountMatchesActualCoalescing5108\n"}
{"Time":"2026-10-07T23:21:06.544634-10:00","Action":"output","Package":"github.com/snissn/gomap/TreeDB/freelist","Test":"TestCompressedAllocatorTailCountMatchesActualCoalescing5108","Output":"--- PASS: TestCompressedAllocatorTailCountMatchesActualCoalescing5108 (0.00s)\n"}
{"Time":"2026-10-07T23:21:06.544637-10:00","Action":"pass","Package":"github.com/snissn/gomap/TreeDB/freelist","Test":"TestCompressedAllocatorTailCountMatchesActualCoalescing5108","Elapsed":0}
{"Time":"2026-10-07T23:21:06.54464-10:00","Action":"run","Package":"github.com/snissn/gomap/TreeDB/freelist","Test":"TestCompressedAllocatorBranchBirthDenialPreservesAllAliases5108"}
{"Time":"2026-10-07T23:21:06.544643-10:00","Action":"output","Package":"github.com/snissn/gomap/TreeDB/freelist","Test":"TestCompressedAllocatorBranchBirthDenialPreservesAllAliases5108","Output":"=== RUN   TestCompressedAllocatorBranchBirthDenialPreservesAllAliases5108\n"}
{"Time":"2026-10-07T23:21:06.544647-10:00","Action":"output","Package":"github.com/snissn/gomap/TreeDB/freelist","Test":"TestCompressedAllocatorBranchBirthDenialPreservesAllAliases5108","Output":"--- PASS: TestCompressedAllocatorBranchBirthDenialPreservesAllAliases5108 (0.00s)\n"}
{"Time":"2026-10-07T23:21:06.54465-10:00","Action":"pass","Package":"github.com/snissn/gomap/TreeDB/freelist","Test":"TestCompressedAllocatorBranchBirthDenialPreservesAllAliases5108","Elapsed":0}
{"Time":"2026-10-07T23:21:06.544653-10:00","Action":"run","Package":"github.com/snissn/gomap/TreeDB/freelist","Test":"TestCompressedAllocatorSplitCollapseRetainsExactCreators5108"}
{"Time":"2026-10-07T23:21:06.544656-10:00","Action":"output","Package":"github.com/snissn/gomap/TreeDB/freelist","Test":"TestCompressedAllocatorSplitCollapseRetainsExactCreators5108","Output":"=== RUN   TestCompressedAllocatorSplitCollapseRetainsExactCreators5108\n"}
{"Time":"2026-10-07T23:21:06.544659-10:00","Action":"output","Package":"github.com/snissn/gomap/TreeDB/freelist","Test":"TestCompressedAllocatorSplitCollapseRetainsExactCreators5108","Output":"--- PASS: TestCompressedAllocatorSplitCollapseRetainsExactCreators5108 (0.00s)\n"}
{"Time":"2026-10-07T23:21:06.544662-10:00","Action":"pass","Package":"github.com/snissn/gomap/TreeDB/freelist","Test":"TestCompressedAllocatorSplitCollapseRetainsExactCreators5108","Elapsed":0}
{"Time":"2026-10-07T23:21:06.544665-10:00","Action":"run","Package":"github.com/snissn/gomap/TreeDB/freelist","Test":"TestSnapshotPageUnusedV1PreservesPinnedRetirementBoundary"}
{"Time":"2026-10-07T23:21:06.544667-10:00","Action":"output","Package":"github.com/snissn/gomap/TreeDB/freelist","Test":"TestSnapshotPageUnusedV1PreservesPinnedRetirementBoundary","Output":"=== RUN   TestSnapshotPageUnusedV1PreservesPinnedRetirementBoundary\n"}
{"Time":"2026-10-07T23:21:06.54467-10:00","Action":"output","Package":"github.com/snissn/gomap/TreeDB/freelist","Test":"TestSnapshotPageUnusedV1PreservesPinnedRetirementBoundary","Output":"--- PASS: TestSnapshotPageUnusedV1PreservesPinnedRetirementBoundary (0.00s)\n"}
{"Time":"2026-10-07T23:21:06.544672-10:00","Action":"pass","Package":"github.com/snissn/gomap/TreeDB/freelist","Test":"TestSnapshotPageUnusedV1PreservesPinnedRetirementBoundary","Elapsed":0}
{"Time":"2026-10-07T23:21:06.54469-10:00","Action":"run","Package":"github.com/snissn/gomap/TreeDB/freelist","Test":"TestCandidateIndexPlansCanonicalBytesAndCapacity"}
{"Time":"2026-10-07T23:21:06.544693-10:00","Action":"output","Package":"github.com/snissn/gomap/TreeDB/freelist","Test":"TestCandidateIndexPlansCanonicalBytesAndCapacity","Output":"=== RUN   TestCandidateIndexPlansCanonicalBytesAndCapacity\n"}
{"Time":"2026-10-07T23:21:06.544696-10:00","Action":"run","Package":"github.com/snissn/gomap/TreeDB/freelist","Test":"TestCandidateIndexPlansCanonicalBytesAndCapacity/empty"}
{"Time":"2026-10-07T23:21:06.544698-10:00","Action":"output","Package":"github.com/snissn/gomap/TreeDB/freelist","Test":"TestCandidateIndexPlansCanonicalBytesAndCapacity/empty","Output":"=== RUN   TestCandidateIndexPlansCanonicalBytesAndCapacity/empty\n"}
{"Time":"2026-10-07T23:21:06.544702-10:00","Action":"output","Package":"github.com/snissn/gomap/TreeDB/freelist","Test":"TestCandidateIndexPlansCanonicalBytesAndCapacity/empty","Output":"    generation_v1_index_plan_test.go:223: pages=3 plans=1 entry=40 table_capacity_bytes=120 owned_plan_bytes=592 nonindex_capacity_bytes=8192 prepare_scratch_bytes=4096\n"}
{"Time":"2026-10-07T23:21:06.544705-10:00","Action":"output","Package":"github.com/snissn/gomap/TreeDB/freelist","Test":"TestCandidateIndexPlansCanonicalBytesAndCapacity/empty","Output":"--- PASS: TestCandidateIndexPlansCanonicalBytesAndCapacity/empty (0.00s)\n"}
{"Time":"2026-10-07T23:21:06.544708-10:00","Action":"pass","Package":"github.com/snissn/gomap/TreeDB/freelist","Test":"TestCandidateIndexPlansCanonicalBytesAndCapacity/empty","Elapsed":0}
{"Time":"2026-10-07T23:21:06.544711-10:00","Action":"run","Package":"github.com/snissn/gomap/TreeDB/freelist","Test":"TestCandidateIndexPlansCanonicalBytesAndCapacity/one-chunk"}
{"Time":"2026-10-07T23:21:06.544714-10:00","Action":"output","Package":"github.com/snissn/gomap/TreeDB/freelist","Test":"TestCandidateIndexPlansCanonicalBytesAndCapacity/one-chunk","Output":"=== RUN   TestCandidateIndexPlansCanonicalBytesAndCapacity/one-chunk\n"}
{"Time":"2026-10-07T23:21:06.544717-10:00","Action":"output","Package":"github.com/snissn/gomap/TreeDB/freelist","Test":"TestCandidateIndexPlansCanonicalBytesAndCapacity/one-chunk","Output":"    generation_v1_index_plan_test.go:223: pages=3 plans=0 entry=40 table_capacity_bytes=120 owned_plan_bytes=0 nonindex_capacity_bytes=12288 prepare_scratch_bytes=4096\n"}
{"Time":"2026-10-07T23:21:06.54472-10:00","Action":"output","Package":"github.com/snissn/gomap/TreeDB/freelist","Test":"TestCandidateIndexPlansCanonicalBytesAndCapacity/one-chunk","Output":"--- PASS: TestCandidateIndexPlansCanonicalBytesAndCapacity/one-chunk (0.00s)\n"}
{"Time":"2026-10-07T23:21:06.544722-10:00","Action":"pass","Package":"github.com/snissn/gomap/TreeDB/freelist","Test":"TestCandidateIndexPlansCanonicalBytesAndCapacity/one-chunk","Elapsed":0}
{"Time":"2026-10-07T23:21:06.544725-10:00","Action":"run","Package":"github.com/snissn/gomap/TreeDB/freelist","Test":"TestCandidateIndexPlansCanonicalBytesAndCapacity/sparse-multichunk"}
{"Time":"2026-10-07T23:21:06.544727-10:00","Action":"output","Package":"github.com/snissn/gomap/TreeDB/freelist","Test":"TestCandidateIndexPlansCanonicalBytesAndCapacity/sparse-multichunk","Output":"=== RUN   TestCandidateIndexPlansCanonicalBytesAndCapacity/sparse-multichunk\n"}
{"Time":"2026-10-07T23:21:06.544853-10:00","Action":"output","Package":"github.com/snissn/gomap/TreeDB/freelist","Test":"TestCandidateIndexPlansCanonicalBytesAndCapacity/sparse-multichunk","Output":"    generation_v1_index_plan_test.go:223: pages=12 plans=4 entry=40 table_capacity_bytes=480 owned_plan_bytes=2368 nonindex_capacity_bytes=32768 prepare_scratch_bytes=4096\n"}
{"Time":"2026-10-07T23:21:06.544857-10:00","Action":"output","Package":"github.com/snissn/gomap/TreeDB/freelist","Test":"TestCandidateIndexPlansCanonicalBytesAndCapacity/sparse-multichunk","Output":"--- PASS: TestCandidateIndexPlansCanonicalBytesAndCapacity/sparse-multichunk (0.00s)\n"}
{"Time":"2026-10-07T23:21:06.544878-10:00","Action":"pass","Package":"github.com/snissn/gomap/TreeDB/freelist","Test":"TestCandidateIndexPlansCanonicalBytesAndCapacity/sparse-multichunk","Elapsed":0}
{"Time":"2026-10-07T23:21:06.544882-10:00","Action":"output","Package":"github.com/snissn/gomap/TreeDB/freelist","Test":"TestCandidateIndexPlansCanonicalBytesAndCapacity","Output":"--- PASS: TestCandidateIndexPlansCanonicalBytesAndCapacity (0.00s)\n"}
{"Time":"2026-10-07T23:21:06.544884-10:00","Action":"pass","Package":"github.com/snissn/gomap/TreeDB/freelist","Test":"TestCandidateIndexPlansCanonicalBytesAndCapacity","Elapsed":0}
{"Time":"2026-10-07T23:21:06.544887-10:00","Action":"run","Package":"github.com/snissn/gomap/TreeDB/freelist","Test":"TestCandidateIndexPlansSurviveForkAndCandidateRelease"}
{"Time":"2026-10-07T23:21:06.54489-10:00","Action":"output","Package":"github.com/snissn/gomap/TreeDB/freelist","Test":"TestCandidateIndexPlansSurviveForkAndCandidateRelease","Output":"=== RUN   TestCandidateIndexPlansSurviveForkAndCandidateRelease\n"}
{"Time":"2026-10-07T23:21:06.544949-10:00","Action":"output","Package":"github.com/snissn/gomap/TreeDB/freelist","Test":"TestCandidateIndexPlansSurviveForkAndCandidateRelease","Output":"--- PASS: TestCandidateIndexPlansSurviveForkAndCandidateRelease (0.00s)\n"}
{"Time":"2026-10-07T23:21:06.544955-10:00","Action":"pass","Package":"github.com/snissn/gomap/TreeDB/freelist","Test":"TestCandidateIndexPlansSurviveForkAndCandidateRelease","Elapsed":0}
{"Time":"2026-10-07T23:21:06.544965-10:00","Action":"run","Package":"github.com/snissn/gomap/TreeDB/freelist","Test":"TestCandidateIndexPlansSurviveAllocatorAbortAndRetry"}
{"Time":"2026-10-07T23:21:06.544968-10:00","Action":"output","Package":"github.com/snissn/gomap/TreeDB/freelist","Test":"TestCandidateIndexPlansSurviveAllocatorAbortAndRetry","Output":"=== RUN   TestCandidateIndexPlansSurviveAllocatorAbortAndRetry\n"}
{"Time":"2026-10-07T23:21:06.545523-10:00","Action":"output","Package":"github.com/snissn/gomap/TreeDB/freelist","Test":"TestCandidateIndexPlansSurviveAllocatorAbortAndRetry","Output":"--- PASS: TestCandidateIndexPlansSurviveAllocatorAbortAndRetry (0.00s)\n"}
{"Time":"2026-10-07T23:21:06.545527-10:00","Action":"pass","Package":"github.com/snissn/gomap/TreeDB/freelist","Test":"TestCandidateIndexPlansSurviveAllocatorAbortAndRetry","Elapsed":0}
{"Time":"2026-10-07T23:21:06.54553-10:00","Action":"run","Package":"github.com/snissn/gomap/TreeDB/freelist","Test":"TestCandidateIndexPlanChecksumFailureDoesNotWritePager"}
{"Time":"2026-10-07T23:21:06.545533-10:00","Action":"output","Package":"github.com/snissn/gomap/TreeDB/freelist","Test":"TestCandidateIndexPlanChecksumFailureDoesNotWritePager","Output":"=== RUN   TestCandidateIndexPlanChecksumFailureDoesNotWritePager\n"}
{"Time":"2026-10-07T23:21:06.545885-10:00","Action":"output","Package":"github.com/snissn/gomap/TreeDB/freelist","Test":"TestCandidateIndexPlanChecksumFailureDoesNotWritePager","Output":"--- PASS: TestCandidateIndexPlanChecksumFailureDoesNotWritePager (0.00s)\n"}
{"Time":"2026-10-07T23:21:06.545889-10:00","Action":"pass","Package":"github.com/snissn/gomap/TreeDB/freelist","Test":"TestCandidateIndexPlanChecksumFailureDoesNotWritePager","Elapsed":0}
{"Time":"2026-10-07T23:21:06.545892-10:00","Action":"run","Package":"github.com/snissn/gomap/TreeDB/freelist","Test":"TestMetadataReservationMaskBoundaries4627"}
{"Time":"2026-10-07T23:21:06.545895-10:00","Action":"output","Package":"github.com/snissn/gomap/TreeDB/freelist","Test":"TestMetadataReservationMaskBoundaries4627","Output":"=== RUN   TestMetadataReservationMaskBoundaries4627\n"}
{"Time":"2026-10-07T23:21:06.545932-10:00","Action":"output","Package":"github.com/snissn/gomap/TreeDB/freelist","Test":"TestMetadataReservationMaskBoundaries4627","Output":"--- PASS: TestMetadataReservationMaskBoundaries4627 (0.00s)\n"}
{"Time":"2026-10-07T23:21:06.545935-10:00","Action":"pass","Package":"github.com/snissn/gomap/TreeDB/freelist","Test":"TestMetadataReservationMaskBoundaries4627","Elapsed":0}
{"Time":"2026-10-07T23:21:06.545954-10:00","Action":"run","Package":"github.com/snissn/gomap/TreeDB/freelist","Test":"TestMetadataChunkRunMatchesReservationOracle4627"}
{"Time":"2026-10-07T23:21:06.545957-10:00","Action":"output","Package":"github.com/snissn/gomap/TreeDB/freelist","Test":"TestMetadataChunkRunMatchesReservationOracle4627","Output":"=== RUN   TestMetadataChunkRunMatchesReservationOracle4627\n"}
{"Time":"2026-10-07T23:21:06.547811-10:00","Action":"output","Package":"github.com/snissn/gomap/TreeDB/freelist","Test":"TestMetadataChunkRunMatchesReservationOracle4627","Output":"--- PASS: TestMetadataChunkRunMatchesReservationOracle4627 (0.00s)\n"}
{"Time":"2026-10-07T23:21:06.547817-10:00","Action":"pass","Package":"github.com/snissn/gomap/TreeDB/freelist","Test":"TestMetadataChunkRunMatchesReservationOracle4627","Elapsed":0}
{"Time":"2026-10-07T23:21:06.54782-10:00","Action":"run","Package":"github.com/snissn/gomap/TreeDB/freelist","Test":"TestMetadataFreshPathDoesNotDetachTwice4627"}
{"Time":"2026-10-07T23:21:06.547823-10:00","Action":"output","Package":"github.com/snissn/gomap/TreeDB/freelist","Test":"TestMetadataFreshPathDoesNotDetachTwice4627","Output":"=== RUN   TestMetadataFreshPathDoesNotDetachTwice4627\n"}
{"Time":"2026-10-07T23:21:06.547878-10:00","Action":"output","Package":"github.com/snissn/gomap/TreeDB/freelist","Test":"TestMetadataFreshPathDoesNotDetachTwice4627","Output":"--- PASS: TestMetadataFreshPathDoesNotDetachTwice4627 (0.00s)\n"}
{"Time":"2026-10-07T23:21:06.547884-10:00","Action":"pass","Package":"github.com/snissn/gomap/TreeDB/freelist","Test":"TestMetadataFreshPathDoesNotDetachTwice4627","Elapsed":0}
{"Time":"2026-10-07T23:21:06.547888-10:00","Action":"run","Package":"github.com/snissn/gomap/TreeDB/freelist","Test":"TestMetadataLosingClaimPreservesTransaction4627"}
{"Time":"2026-10-07T23:21:06.547891-10:00","Action":"output","Package":"github.com/snissn/gomap/TreeDB/freelist","Test":"TestMetadataLosingClaimPreservesTransaction4627","Output":"=== RUN   TestMetadataLosingClaimPreservesTransaction4627\n"}
{"Time":"2026-10-07T23:21:06.547938-10:00","Action":"output","Package":"github.com/snissn/gomap/TreeDB/freelist","Test":"TestMetadataLosingClaimPreservesTransaction4627","Output":"--- PASS: TestMetadataLosingClaimPreservesTransaction4627 (0.00s)\n"}
{"Time":"2026-10-07T23:21:06.547942-10:00","Action":"pass","Package":"github.com/snissn/gomap/TreeDB/freelist","Test":"TestMetadataLosingClaimPreservesTransaction4627","Elapsed":0}
{"Time":"2026-10-07T23:21:06.547945-10:00","Action":"run","Package":"github.com/snissn/gomap/TreeDB/freelist","Test":"TestMetadataImpossibleRunDoesNotAllocate4627"}
{"Time":"2026-10-07T23:21:06.547948-10:00","Action":"output","Package":"github.com/snissn/gomap/TreeDB/freelist","Test":"TestMetadataImpossibleRunDoesNotAllocate4627","Output":"=== RUN   TestMetadataImpossibleRunDoesNotAllocate4627\n"}
{"Time":"2026-10-07T23:21:06.548038-10:00","Action":"output","Package":"github.com/snissn/gomap/TreeDB/freelist","Test":"TestMetadataImpossibleRunDoesNotAllocate4627","Output":"--- PASS: TestMetadataImpossibleRunDoesNotAllocate4627 (0.00s)\n"}
{"Time":"2026-10-07T23:21:06.548041-10:00","Action":"pass","Package":"github.com/snissn/gomap/TreeDB/freelist","Test":"TestMetadataImpossibleRunDoesNotAllocate4627","Elapsed":0}
{"Time":"2026-10-07T23:21:06.548045-10:00","Action":"run","Package":"github.com/snissn/gomap/TreeDB/freelist","Test":"TestMetadataCursorConcurrentClaims4627"}
{"Time":"2026-10-07T23:21:06.548048-10:00","Action":"output","Package":"github.com/snissn/gomap/TreeDB/freelist","Test":"TestMetadataCursorConcurrentClaims4627","Output":"=== RUN   TestMetadataCursorConcurrentClaims4627\n"}
{"Time":"2026-10-07T23:21:06.54878-10:00","Action":"output","Package":"github.com/snissn/gomap/TreeDB/freelist","Test":"TestMetadataCursorConcurrentClaims4627","Output":"--- PASS: TestMetadataCursorConcurrentClaims4627 (0.00s)\n"}
{"Time":"2026-10-07T23:21:06.548787-10:00","Action":"pass","Package":"github.com/snissn/gomap/TreeDB/freelist","Test":"TestMetadataCursorConcurrentClaims4627","Elapsed":0}
{"Time":"2026-10-07T23:21:06.548806-10:00","Action":"run","Package":"github.com/snissn/gomap/TreeDB/freelist","Test":"TestMetadataCursorOccupiedChunkAdvancesWithoutOwnershipLoss4627"}
{"Time":"2026-10-07T23:21:06.548809-10:00","Action":"output","Package":"github.com/snissn/gomap/TreeDB/freelist","Test":"TestMetadataCursorOccupiedChunkAdvancesWithoutOwnershipLoss4627","Output":"=== RUN   TestMetadataCursorOccupiedChunkAdvancesWithoutOwnershipLoss4627\n"}
{"Time":"2026-10-07T23:21:06.5489-10:00","Action":"output","Package":"github.com/snissn/gomap/TreeDB/freelist","Test":"TestMetadataCursorOccupiedChunkAdvancesWithoutOwnershipLoss4627","Output":"--- PASS: TestMetadataCursorOccupiedChunkAdvancesWithoutOwnershipLoss4627 (0.00s)\n"}
{"Time":"2026-10-07T23:21:06.548903-10:00","Action":"pass","Package":"github.com/snissn/gomap/TreeDB/freelist","Test":"TestMetadataCursorOccupiedChunkAdvancesWithoutOwnershipLoss4627","Elapsed":0}
{"Time":"2026-10-07T23:21:06.548907-10:00","Action":"run","Package":"github.com/snissn/gomap/TreeDB/freelist","Test":"TestMetadataCursorCompletionPolicy4627"}
{"Time":"2026-10-07T23:21:06.54891-10:00","Action":"output","Package":"github.com/snissn/gomap/TreeDB/freelist","Test":"TestMetadataCursorCompletionPolicy4627","Output":"=== RUN   TestMetadataCursorCompletionPolicy4627\n"}
{"Time":"2026-10-07T23:21:06.548914-10:00","Action":"output","Package":"github.com/snissn/gomap/TreeDB/freelist","Test":"TestMetadataCursorCompletionPolicy4627","Output":"--- PASS: TestMetadataCursorCompletionPolicy4627 (0.00s)\n"}
{"Time":"2026-10-07T23:21:06.548918-10:00","Action":"pass","Package":"github.com/snissn/gomap/TreeDB/freelist","Test":"TestMetadataCursorCompletionPolicy4627","Elapsed":0}
{"Time":"2026-10-07T23:21:06.548921-10:00","Action":"run","Package":"github.com/snissn/gomap/TreeDB/freelist","Test":"TestMetadataChunkSearchWrapAndBound4627"}
{"Time":"2026-10-07T23:21:06.548924-10:00","Action":"output","Package":"github.com/snissn/gomap/TreeDB/freelist","Test":"TestMetadataChunkSearchWrapAndBound4627","Output":"=== RUN   TestMetadataChunkSearchWrapAndBound4627\n"}
{"Time":"2026-10-07T23:21:06.548928-10:00","Action":"run","Package":"github.com/snissn/gomap/TreeDB/freelist","Test":"TestMetadataChunkSearchWrapAndBound4627/gap"}
{"Time":"2026-10-07T23:21:06.54893-10:00","Action":"output","Package":"github.com/snissn/gomap/TreeDB/freelist","Test":"TestMetadataChunkSearchWrapAndBound4627/gap","Output":"=== RUN   TestMetadataChunkSearchWrapAndBound4627/gap\n"}
{"Time":"2026-10-07T23:21:06.548938-10:00","Action":"output","Package":"github.com/snissn/gomap/TreeDB/freelist","Test":"TestMetadataChunkSearchWrapAndBound4627/gap","Output":"--- PASS: TestMetadataChunkSearchWrapAndBound4627/gap (0.00s)\n"}
{"Time":"2026-10-07T23:21:06.548942-10:00","Action":"pass","Package":"github.com/snissn/gomap/TreeDB/freelist","Test":"TestMetadataChunkSearchWrapAndBound4627/gap","Elapsed":0}
{"Time":"2026-10-07T23:21:06.548945-10:00","Action":"run","Package":"github.com/snissn/gomap/TreeDB/freelist","Test":"TestMetadataChunkSearchWrapAndBound4627/one"}
{"Time":"2026-10-07T23:21:06.548948-10:00","Action":"output","Package":"github.com/snissn/gomap/TreeDB/freelist","Test":"TestMetadataChunkSearchWrapAndBound4627/one","Output":"=== RUN   TestMetadataChunkSearchWrapAndBound4627/one\n"}
{"Time":"2026-10-07T23:21:06.548951-10:00","Action":"output","Package":"github.com/snissn/gomap/TreeDB/freelist","Test":"TestMetadataChunkSearchWrapAndBound4627/one","Output":"--- PASS: TestMetadataChunkSearchWrapAndBound4627/one (0.00s)\n"}
{"Time":"2026-10-07T23:21:06.548954-10:00","Action":"pass","Package":"github.com/snissn/gomap/TreeDB/freelist","Test":"TestMetadataChunkSearchWrapAndBound4627/one","Elapsed":0}
{"Time":"2026-10-07T23:21:06.548957-10:00","Action":"run","Package":"github.com/snissn/gomap/TreeDB/freelist","Test":"TestMetadataChunkSearchWrapAndBound4627/after"}
{"Time":"2026-10-07T23:21:06.54896-10:00","Action":"output","Package":"github.com/snissn/gomap/TreeDB/freelist","Test":"TestMetadataChunkSearchWrapAndBound4627/after","Output":"=== RUN   TestMetadataChunkSearchWrapAndBound4627/after\n"}
{"Time":"2026-10-07T23:21:06.548974-10:00","Action":"output","Package":"github.com/snissn/gomap/TreeDB/freelist","Test":"TestMetadataChunkSearchWrapAndBound4627/after","Output":"--- PASS: TestMetadataChunkSearchWrapAndBound4627/after (0.00s)\n"}
{"Time":"2026-10-07T23:21:06.548977-10:00","Action":"pass","Package":"github.com/snissn/gomap/TreeDB/freelist","Test":"TestMetadataChunkSearchWrapAndBound4627/after","Elapsed":0}
{"Time":"2026-10-07T23:21:06.54898-10:00","Action":"run","Package":"github.com/snissn/gomap/TreeDB/freelist","Test":"TestMetadataChunkSearchWrapAndBound4627/limit"}
{"Time":"2026-10-07T23:21:06.548983-10:00","Action":"output","Package":"github.com/snissn/gomap/TreeDB/freelist","Test":"TestMetadataChunkSearchWrapAndBound4627/limit","Output":"=== RUN   TestMetadataChunkSearchWrapAndBound4627/limit\n"}
{"Time":"2026-10-07T23:21:06.548986-10:00","Action":"output","Package":"github.com/snissn/gomap/TreeDB/freelist","Test":"TestMetadataChunkSearchWrapAndBound4627/limit","Output":"--- PASS: TestMetadataChunkSearchWrapAndBound4627/limit (0.00s)\n"}
{"Time":"2026-10-07T23:21:06.548989-10:00","Action":"pass","Package":"github.com/snissn/gomap/TreeDB/freelist","Test":"TestMetadataChunkSearchWrapAndBound4627/limit","Elapsed":0}
{"Time":"2026-10-07T23:21:06.548991-10:00","Action":"run","Package":"github.com/snissn/gomap/TreeDB/freelist","Test":"TestMetadataChunkSearchWrapAndBound4627/sentinel"}
{"Time":"2026-10-07T23:21:06.548994-10:00","Action":"output","Package":"github.com/snissn/gomap/TreeDB/freelist","Test":"TestMetadataChunkSearchWrapAndBound4627/sentinel","Output":"=== RUN   TestMetadataChunkSearchWrapAndBound4627/sentinel\n"}
{"Time":"2026-10-07T23:21:06.548997-10:00","Action":"output","Package":"github.com/snissn/gomap/TreeDB/freelist","Test":"TestMetadataChunkSearchWrapAndBound4627/sentinel","Output":"--- PASS: TestMetadataChunkSearchWrapAndBound4627/sentinel (0.00s)\n"}
{"Time":"2026-10-07T23:21:06.549-10:00","Action":"pass","Package":"github.com/snissn/gomap/TreeDB/freelist","Test":"TestMetadataChunkSearchWrapAndBound4627/sentinel","Elapsed":0}
{"Time":"2026-10-07T23:21:06.549003-10:00","Action":"output","Package":"github.com/snissn/gomap/TreeDB/freelist","Test":"TestMetadataChunkSearchWrapAndBound4627","Output":"--- PASS: TestMetadataChunkSearchWrapAndBound4627 (0.00s)\n"}
{"Time":"2026-10-07T23:21:06.549006-10:00","Action":"pass","Package":"github.com/snissn/gomap/TreeDB/freelist","Test":"TestMetadataChunkSearchWrapAndBound4627","Elapsed":0}
{"Time":"2026-10-07T23:21:06.549009-10:00","Action":"run","Package":"github.com/snissn/gomap/TreeDB/freelist","Test":"TestMetadataAuxiliarySharesCursor4627"}
{"Time":"2026-10-07T23:21:06.549012-10:00","Action":"output","Package":"github.com/snissn/gomap/TreeDB/freelist","Test":"TestMetadataAuxiliarySharesCursor4627","Output":"=== RUN   TestMetadataAuxiliarySharesCursor4627\n"}
{"Time":"2026-10-07T23:21:06.549221-10:00","Action":"output","Package":"github.com/snissn/gomap/TreeDB/freelist","Test":"TestMetadataAuxiliarySharesCursor4627","Output":"--- PASS: TestMetadataAuxiliarySharesCursor4627 (0.00s)\n"}
{"Time":"2026-10-07T23:21:06.549225-10:00","Action":"pass","Package":"github.com/snissn/gomap/TreeDB/freelist","Test":"TestMetadataAuxiliarySharesCursor4627","Elapsed":0}
{"Time":"2026-10-07T23:21:06.549229-10:00","Action":"run","Package":"github.com/snissn/gomap/TreeDB/freelist","Test":"TestMetadataSearchMakesBoundedProgress4627"}
{"Time":"2026-10-07T23:21:06.549232-10:00","Action":"output","Package":"github.com/snissn/gomap/TreeDB/freelist","Test":"TestMetadataSearchMakesBoundedProgress4627","Output":"=== RUN   TestMetadataSearchMakesBoundedProgress4627\n"}
{"Time":"2026-10-07T23:21:06.54938-10:00","Action":"output","Package":"github.com/snissn/gomap/TreeDB/freelist","Test":"TestMetadataSearchMakesBoundedProgress4627","Output":"--- PASS: TestMetadataSearchMakesBoundedProgress4627 (0.00s)\n"}
{"Time":"2026-10-07T23:21:06.549386-10:00","Action":"pass","Package":"github.com/snissn/gomap/TreeDB/freelist","Test":"TestMetadataSearchMakesBoundedProgress4627","Elapsed":0}
{"Time":"2026-10-07T23:21:06.549405-10:00","Action":"run","Package":"github.com/snissn/gomap/TreeDB/freelist","Test":"TestMetadataEmissionPreservesSharedDirtyBranches4627"}
{"Time":"2026-10-07T23:21:06.549409-10:00","Action":"output","Package":"github.com/snissn/gomap/TreeDB/freelist","Test":"TestMetadataEmissionPreservesSharedDirtyBranches4627","Output":"=== RUN   TestMetadataEmissionPreservesSharedDirtyBranches4627\n"}
{"Time":"2026-10-07T23:21:06.549412-10:00","Action":"run","Package":"github.com/snissn/gomap/TreeDB/freelist","Test":"TestMetadataEmissionPreservesSharedDirtyBranches4627/success"}
{"Time":"2026-10-07T23:21:06.549415-10:00","Action":"output","Package":"github.com/snissn/gomap/TreeDB/freelist","Test":"TestMetadataEmissionPreservesSharedDirtyBranches4627/success","Output":"=== RUN   TestMetadataEmissionPreservesSharedDirtyBranches4627/success\n"}
{"Time":"2026-10-07T23:21:06.549554-10:00","Action":"output","Package":"github.com/snissn/gomap/TreeDB/freelist","Test":"TestMetadataEmissionPreservesSharedDirtyBranches4627/success","Output":"--- PASS: TestMetadataEmissionPreservesSharedDirtyBranches4627/success (0.00s)\n"}
{"Time":"2026-10-07T23:21:06.549558-10:00","Action":"pass","Package":"github.com/snissn/gomap/TreeDB/freelist","Test":"TestMetadataEmissionPreservesSharedDirtyBranches4627/success","Elapsed":0}
{"Time":"2026-10-07T23:21:06.549562-10:00","Action":"run","Package":"github.com/snissn/gomap/TreeDB/freelist","Test":"TestMetadataEmissionPreservesSharedDirtyBranches4627/partial-write-failure"}
{"Time":"2026-10-07T23:21:06.549565-10:00","Action":"output","Package":"github.com/snissn/gomap/TreeDB/freelist","Test":"TestMetadataEmissionPreservesSharedDirtyBranches4627/partial-write-failure","Output":"=== RUN   TestMetadataEmissionPreservesSharedDirtyBranches4627/partial-write-failure\n"}
{"Time":"2026-10-07T23:21:06.549705-10:00","Action":"output","Package":"github.com/snissn/gomap/TreeDB/freelist","Test":"TestMetadataEmissionPreservesSharedDirtyBranches4627/partial-write-failure","Output":"--- PASS: TestMetadataEmissionPreservesSharedDirtyBranches4627/partial-write-failure (0.00s)\n"}
{"Time":"2026-10-07T23:21:06.549709-10:00","Action":"pass","Package":"github.com/snissn/gomap/TreeDB/freelist","Test":"TestMetadataEmissionPreservesSharedDirtyBranches4627/partial-write-failure","Elapsed":0}
{"Time":"2026-10-07T23:21:06.549712-10:00","Action":"output","Package":"github.com/snissn/gomap/TreeDB/freelist","Test":"TestMetadataEmissionPreservesSharedDirtyBranches4627","Output":"--- PASS: TestMetadataEmissionPreservesSharedDirtyBranches4627 (0.00s)\n"}
{"Time":"2026-10-07T23:21:06.549715-10:00","Action":"pass","Package":"github.com/snissn/gomap/TreeDB/freelist","Test":"TestMetadataEmissionPreservesSharedDirtyBranches4627","Elapsed":0}
{"Time":"2026-10-07T23:21:06.549718-10:00","Action":"run","Package":"github.com/snissn/gomap/TreeDB/freelist","Test":"TestFreelistMetadataReuseAfterPhysicalTailFailure4627"}
{"Time":"2026-10-07T23:21:06.549721-10:00","Action":"output","Package":"github.com/snissn/gomap/TreeDB/freelist","Test":"TestFreelistMetadataReuseAfterPhysicalTailFailure4627","Output":"=== RUN   TestFreelistMetadataReuseAfterPhysicalTailFailure4627\n"}
{"Time":"2026-10-07T23:21:06.549725-10:00","Action":"run","Package":"github.com/snissn/gomap/TreeDB/freelist","Test":"TestFreelistMetadataReuseAfterPhysicalTailFailure4627/contiguous"}
{"Time":"2026-10-07T23:21:06.549727-10:00","Action":"output","Package":"github.com/snissn/gomap/TreeDB/freelist","Test":"TestFreelistMetadataReuseAfterPhysicalTailFailure4627/contiguous","Output":"=== RUN   TestFreelistMetadataReuseAfterPhysicalTailFailure4627/contiguous\n"}
{"Time":"2026-10-07T23:21:06.550203-10:00","Action":"output","Package":"github.com/snissn/gomap/TreeDB/freelist","Test":"TestFreelistMetadataReuseAfterPhysicalTailFailure4627/contiguous","Output":"    generation_v1_metadata_reuse_test.go:143: physical pages=513 logical high-water=518 header=517 burned intervals=1\n"}
{"Time":"2026-10-07T23:21:06.563769-10:00","Action":"output","Package":"github.com/snissn/gomap/TreeDB/freelist","Test":"TestFreelistMetadataReuseAfterPhysicalTailFailure4627/contiguous","Output":"--- PASS: TestFreelistMetadataReuseAfterPhysicalTailFailure4627/contiguous (0.01s)\n"}
{"Time":"2026-10-07T23:21:06.563782-10:00","Action":"pass","Package":"github.com/snissn/gomap/TreeDB/freelist","Test":"TestFreelistMetadataReuseAfterPhysicalTailFailure4627/contiguous","Elapsed":0.01}
{"Time":"2026-10-07T23:21:06.563788-10:00","Action":"run","Package":"github.com/snissn/gomap/TreeDB/freelist","Test":"TestFreelistMetadataReuseAfterPhysicalTailFailure4627/abandoned-earlier-reservation"}
{"Time":"2026-10-07T23:21:06.563791-10:00","Action":"output","Package":"github.com/snissn/gomap/TreeDB/freelist","Test":"TestFreelistMetadataReuseAfterPhysicalTailFailure4627/abandoned-earlier-reservation","Output":"=== RUN   TestFreelistMetadataReuseAfterPhysicalTailFailure4627/abandoned-earlier-reservation\n"}
{"Time":"2026-10-07T23:21:06.564091-10:00","Action":"output","Package":"github.com/snissn/gomap/TreeDB/freelist","Test":"TestFreelistMetadataReuseAfterPhysicalTailFailure4627/abandoned-earlier-reservation","Output":"    generation_v1_metadata_reuse_test.go:143: physical pages=615 logical high-water=620 header=619 burned intervals=1\n"}
{"Time":"2026-10-07T23:21:06.57222-10:00","Action":"output","Package":"github.com/snissn/gomap/TreeDB/freelist","Test":"TestFreelistMetadataReuseAfterPhysicalTailFailure4627/abandoned-earlier-reservation","Output":"--- PASS: TestFreelistMetadataReuseAfterPhysicalTailFailure4627/abandoned-earlier-reservation (0.01s)\n"}
{"Time":"2026-10-07T23:21:06.572235-10:00","Action":"pass","Package":"github.com/snissn/gomap/TreeDB/freelist","Test":"TestFreelistMetadataReuseAfterPhysicalTailFailure4627/abandoned-earlier-reservation","Elapsed":0.01}
{"Time":"2026-10-07T23:21:06.572243-10:00","Action":"output","Package":"github.com/snissn/gomap/TreeDB/freelist","Test":"TestFreelistMetadataReuseAfterPhysicalTailFailure4627","Output":"--- PASS: TestFreelistMetadataReuseAfterPhysicalTailFailure4627 (0.02s)\n"}
{"Time":"2026-10-07T23:21:06.572249-10:00","Action":"pass","Package":"github.com/snissn/gomap/TreeDB/freelist","Test":"TestFreelistMetadataReuseAfterPhysicalTailFailure4627","Elapsed":0.02}
{"Time":"2026-10-07T23:21:06.572254-10:00","Action":"run","Package":"github.com/snissn/gomap/TreeDB/freelist","Test":"TestFreelistGenerationV1_MetadataReusesRetiredCapacity4627"}
{"Time":"2026-10-07T23:21:06.572259-10:00","Action":"output","Package":"github.com/snissn/gomap/TreeDB/freelist","Test":"TestFreelistGenerationV1_MetadataReusesRetiredCapacity4627","Output":"=== RUN   TestFreelistGenerationV1_MetadataReusesRetiredCapacity4627\n"}
{"Time":"2026-10-07T23:21:06.572523-10:00","Action":"output","Package":"github.com/snissn/gomap/TreeDB/freelist","Test":"TestFreelistGenerationV1_MetadataReusesRetiredCapacity4627","Output":"    generation_v1_metadata_reuse_test.go:276: cycle=0 high_water=520 safe_free=506 metadata_pages=6\n"}
{"Time":"2026-10-07T23:21:06.572566-10:00","Action":"output","Package":"github.com/snissn/gomap/TreeDB/freelist","Test":"TestFreelistGenerationV1_MetadataReusesRetiredCapacity4627","Output":"    generation_v1_metadata_reuse_test.go:276: cycle=1 high_water=520 safe_free=507 metadata_pages=5\n"}
{"Time":"2026-10-07T23:21:06.572919-10:00","Action":"output","Package":"github.com/snissn/gomap/TreeDB/freelist","Test":"TestFreelistGenerationV1_MetadataReusesRetiredCapacity4627","Output":"    generation_v1_metadata_reuse_test.go:276: cycle=2 high_water=520 safe_free=508 metadata_pages=4\n"}
{"Time":"2026-10-07T23:21:06.573008-10:00","Action":"output","Package":"github.com/snissn/gomap/TreeDB/freelist","Test":"TestFreelistGenerationV1_MetadataReusesRetiredCapacity4627","Output":"    generation_v1_metadata_reuse_test.go:276: cycle=3 high_water=520 safe_free=508 metadata_pages=4\n"}
{"Time":"2026-10-07T23:21:06.573039-10:00","Action":"output","Package":"github.com/snissn/gomap/TreeDB/freelist","Test":"TestFreelistGenerationV1_MetadataReusesRetiredCapacity4627","Output":"    generation_v1_metadata_reuse_test.go:276: cycle=4 high_water=520 safe_free=508 metadata_pages=4\n"}
{"Time":"2026-10-07T23:21:06.573849-10:00","Action":"output","Package":"github.com/snissn/gomap/TreeDB/freelist","Test":"TestFreelistGenerationV1_MetadataReusesRetiredCapacity4627","Output":"    generation_v1_metadata_reuse_test.go:276: cycle=5 high_water=520 safe_free=508 metadata_pages=4\n"}
{"Time":"2026-10-07T23:21:06.573857-10:00","Action":"output","Package":"github.com/snissn/gomap/TreeDB/freelist","Test":"TestFreelistGenerationV1_MetadataReusesRetiredCapacity4627","Output":"    generation_v1_metadata_reuse_test.go:276: cycle=6 high_water=520 safe_free=508 metadata_pages=4\n"}
{"Time":"2026-10-07T23:21:06.57386-10:00","Action":"output","Package":"github.com/snissn/gomap/TreeDB/freelist","Test":"TestFreelistGenerationV1_MetadataReusesRetiredCapacity4627","Output":"    generation_v1_metadata_reuse_test.go:276: cycle=7 high_water=520 safe_free=508 metadata_pages=4\n"}
{"Time":"2026-10-07T23:21:06.573865-10:00","Action":"output","Package":"github.com/snissn/gomap/TreeDB/freelist","Test":"TestFreelistGenerationV1_MetadataReusesRetiredCapacity4627","Output":"--- PASS: TestFreelistGenerationV1_MetadataReusesRetiredCapacity4627 (0.00s)\n"}
{"Time":"2026-10-07T23:21:06.573886-10:00","Action":"pass","Package":"github.com/snissn/gomap/TreeDB/freelist","Test":"TestFreelistGenerationV1_MetadataReusesRetiredCapacity4627","Elapsed":0}
{"Time":"2026-10-07T23:21:06.57389-10:00","Action":"run","Package":"github.com/snissn/gomap/TreeDB/freelist","Test":"TestFreelistMetadataReusePlacement4627"}
{"Time":"2026-10-07T23:21:06.573893-10:00","Action":"output","Package":"github.com/snissn/gomap/TreeDB/freelist","Test":"TestFreelistMetadataReusePlacement4627","Output":"=== RUN   TestFreelistMetadataReusePlacement4627\n"}
{"Time":"2026-10-07T23:21:06.573896-10:00","Action":"run","Package":"github.com/snissn/gomap/TreeDB/freelist","Test":"TestFreelistMetadataReusePlacement4627/full_chunk"}
{"Time":"2026-10-07T23:21:06.573902-10:00","Action":"output","Package":"github.com/snissn/gomap/TreeDB/freelist","Test":"TestFreelistMetadataReusePlacement4627/full_chunk","Output":"=== RUN   TestFreelistMetadataReusePlacement4627/full_chunk\n"}
{"Time":"2026-10-07T23:21:06.573906-10:00","Action":"output","Package":"github.com/snissn/gomap/TreeDB/freelist","Test":"TestFreelistMetadataReusePlacement4627/full_chunk","Output":"--- PASS: TestFreelistMetadataReusePlacement4627/full_chunk (0.00s)\n"}
{"Time":"2026-10-07T23:21:06.573909-10:00","Action":"pass","Package":"github.com/snissn/gomap/TreeDB/freelist","Test":"TestFreelistMetadataReusePlacement4627/full_chunk","Elapsed":0}
{"Time":"2026-10-07T23:21:06.573913-10:00","Action":"run","Package":"github.com/snissn/gomap/TreeDB/freelist","Test":"TestFreelistMetadataReusePlacement4627/aux_prefix"}
{"Time":"2026-10-07T23:21:06.573916-10:00","Action":"output","Package":"github.com/snissn/gomap/TreeDB/freelist","Test":"TestFreelistMetadataReusePlacement4627/aux_prefix","Output":"=== RUN   TestFreelistMetadataReusePlacement4627/aux_prefix\n"}
{"Time":"2026-10-07T23:21:06.573919-10:00","Action":"output","Package":"github.com/snissn/gomap/TreeDB/freelist","Test":"TestFreelistMetadataReusePlacement4627/aux_prefix","Output":"--- PASS: TestFreelistMetadataReusePlacement4627/aux_prefix (0.00s)\n"}
{"Time":"2026-10-07T23:21:06.573923-10:00","Action":"pass","Package":"github.com/snissn/gomap/TreeDB/freelist","Test":"TestFreelistMetadataReusePlacement4627/aux_prefix","Elapsed":0}
{"Time":"2026-10-07T23:21:06.573926-10:00","Action":"run","Package":"github.com/snissn/gomap/TreeDB/freelist","Test":"TestFreelistMetadataReusePlacement4627/aux_consumes_first_chunk"}
{"Time":"2026-10-07T23:21:06.573929-10:00","Action":"output","Package":"github.com/snissn/gomap/TreeDB/freelist","Test":"TestFreelistMetadataReusePlacement4627/aux_consumes_first_chunk","Output":"=== RUN   TestFreelistMetadataReusePlacement4627/aux_consumes_first_chunk\n"}
{"Time":"2026-10-07T23:21:06.576517-10:00","Action":"output","Package":"github.com/snissn/gomap/TreeDB/freelist","Test":"TestFreelistMetadataReusePlacement4627/aux_consumes_first_chunk","Output":"--- PASS: TestFreelistMetadataReusePlacement4627/aux_consumes_first_chunk (0.00s)\n"}
{"Time":"2026-10-07T23:21:06.576526-10:00","Action":"pass","Package":"github.com/snissn/gomap/TreeDB/freelist","Test":"TestFreelistMetadataReusePlacement4627/aux_consumes_first_chunk","Elapsed":0}
{"Time":"2026-10-07T23:21:06.576532-10:00","Action":"run","Package":"github.com/snissn/gomap/TreeDB/freelist","Test":"TestFreelistMetadataReusePlacement4627/skip_fragmented_chunks"}
{"Time":"2026-10-07T23:21:06.576539-10:00","Action":"output","Package":"github.com/snissn/gomap/TreeDB/freelist","Test":"TestFreelistMetadataReusePlacement4627/skip_fragmented_chunks","Output":"=== RUN   TestFreelistMetadataReusePlacement4627/skip_fragmented_chunks\n"}
{"Time":"2026-10-07T23:21:06.576545-10:00","Action":"output","Package":"github.com/snissn/gomap/TreeDB/freelist","Test":"TestFreelistMetadataReusePlacement4627/skip_fragmented_chunks","Output":"--- PASS: TestFreelistMetadataReusePlacement4627/skip_fragmented_chunks (0.00s)\n"}
{"Time":"2026-10-07T23:21:06.57655-10:00","Action":"pass","Package":"github.com/snissn/gomap/TreeDB/freelist","Test":"TestFreelistMetadataReusePlacement4627/skip_fragmented_chunks","Elapsed":0}
{"Time":"2026-10-07T23:21:06.576555-10:00","Action":"run","Package":"github.com/snissn/gomap/TreeDB/freelist","Test":"TestFreelistMetadataReusePlacement4627/bounded_starvation"}
{"Time":"2026-10-07T23:21:06.57656-10:00","Action":"output","Package":"github.com/snissn/gomap/TreeDB/freelist","Test":"TestFreelistMetadataReusePlacement4627/bounded_starvation","Output":"=== RUN   TestFreelistMetadataReusePlacement4627/bounded_starvation\n"}
{"Time":"2026-10-07T23:21:06.57657-10:00","Action":"output","Package":"github.com/snissn/gomap/TreeDB/freelist","Test":"TestFreelistMetadataReusePlacement4627/bounded_starvation","Output":"--- PASS: TestFreelistMetadataReusePlacement4627/bounded_starvation (0.00s)\n"}
{"Time":"2026-10-07T23:21:06.576575-10:00","Action":"pass","Package":"github.com/snissn/gomap/TreeDB/freelist","Test":"TestFreelistMetadataReusePlacement4627/bounded_starvation","Elapsed":0}
{"Time":"2026-10-07T23:21:06.57658-10:00","Action":"output","Package":"github.com/snissn/gomap/TreeDB/freelist","Test":"TestFreelistMetadataReusePlacement4627","Output":"--- PASS: TestFreelistMetadataReusePlacement4627 (0.00s)\n"}
{"Time":"2026-10-07T23:21:06.576587-10:00","Action":"pass","Package":"github.com/snissn/gomap/TreeDB/freelist","Test":"TestFreelistMetadataReusePlacement4627","Elapsed":0}
{"Time":"2026-10-07T23:21:06.576591-10:00","Action":"run","Package":"github.com/snissn/gomap/TreeDB/freelist","Test":"TestFreelistMetadataReuseArbitrarySinkRollback4627"}
{"Time":"2026-10-07T23:21:06.576593-10:00","Action":"output","Package":"github.com/snissn/gomap/TreeDB/freelist","Test":"TestFreelistMetadataReuseArbitrarySinkRollback4627","Output":"=== RUN   TestFreelistMetadataReuseArbitrarySinkRollback4627\n"}
{"Time":"2026-10-07T23:21:06.576597-10:00","Action":"output","Package":"github.com/snissn/gomap/TreeDB/freelist","Test":"TestFreelistMetadataReuseArbitrarySinkRollback4627","Output":"--- PASS: TestFreelistMetadataReuseArbitrarySinkRollback4627 (0.00s)\n"}
{"Time":"2026-10-07T23:21:06.576602-10:00","Action":"pass","Package":"github.com/snissn/gomap/TreeDB/freelist","Test":"TestFreelistMetadataReuseArbitrarySinkRollback4627","Elapsed":0}
{"Time":"2026-10-07T23:21:06.576608-10:00","Action":"run","Package":"github.com/snissn/gomap/TreeDB/freelist","Test":"TestFreelistMetadataReuseMaximumHighWater4627"}
{"Time":"2026-10-07T23:21:06.576612-10:00","Action":"output","Package":"github.com/snissn/gomap/TreeDB/freelist","Test":"TestFreelistMetadataReuseMaximumHighWater4627","Output":"=== RUN   TestFreelistMetadataReuseMaximumHighWater4627\n"}
{"Time":"2026-10-07T23:21:06.576618-10:00","Action":"output","Package":"github.com/snissn/gomap/TreeDB/freelist","Test":"TestFreelistMetadataReuseMaximumHighWater4627","Output":"--- PASS: TestFreelistMetadataReuseMaximumHighWater4627 (0.00s)\n"}
{"Time":"2026-10-07T23:21:06.576651-10:00","Action":"pass","Package":"github.com/snissn/gomap/TreeDB/freelist","Test":"TestFreelistMetadataReuseMaximumHighWater4627","Elapsed":0}
{"Time":"2026-10-07T23:21:06.576657-10:00","Action":"run","Package":"github.com/snissn/gomap/TreeDB/freelist","Test":"TestFreelistMetadataReuseAtomicClaim4627"}
{"Time":"2026-10-07T23:21:06.576662-10:00","Action":"output","Package":"github.com/snissn/gomap/TreeDB/freelist","Test":"TestFreelistMetadataReuseAtomicClaim4627","Output":"=== RUN   TestFreelistMetadataReuseAtomicClaim4627\n"}
{"Time":"2026-10-07T23:21:06.576668-10:00","Action":"output","Package":"github.com/snissn/gomap/TreeDB/freelist","Test":"TestFreelistMetadataReuseAtomicClaim4627","Output":"--- PASS: TestFreelistMetadataReuseAtomicClaim4627 (0.00s)\n"}
{"Time":"2026-10-07T23:21:06.576672-10:00","Action":"pass","Package":"github.com/snissn/gomap/TreeDB/freelist","Test":"TestFreelistMetadataReuseAtomicClaim4627","Elapsed":0}
{"Time":"2026-10-07T23:21:06.576677-10:00","Action":"run","Package":"github.com/snissn/gomap/TreeDB/freelist","Test":"TestFreelistMetadataReuseStagedAllocatorRollback4627"}
{"Time":"2026-10-07T23:21:06.576683-10:00","Action":"output","Package":"github.com/snissn/gomap/TreeDB/freelist","Test":"TestFreelistMetadataReuseStagedAllocatorRollback4627","Output":"=== RUN   TestFreelistMetadataReuseStagedAllocatorRollback4627\n"}
{"Time":"2026-10-07T23:21:06.583348-10:00","Action":"output","Package":"github.com/snissn/gomap/TreeDB/freelist","Test":"TestFreelistMetadataReuseStagedAllocatorRollback4627","Output":"--- PASS: TestFreelistMetadataReuseStagedAllocatorRollback4627 (0.01s)\n"}
{"Time":"2026-10-07T23:21:06.583366-10:00","Action":"pass","Package":"github.com/snissn/gomap/TreeDB/freelist","Test":"TestFreelistMetadataReuseStagedAllocatorRollback4627","Elapsed":0.01}
{"Time":"2026-10-07T23:21:06.583374-10:00","Action":"run","Package":"github.com/snissn/gomap/TreeDB/freelist","Test":"TestFreelistMetadataReuseAuxiliaryClaimConflict4627"}
{"Time":"2026-10-07T23:21:06.583379-10:00","Action":"output","Package":"github.com/snissn/gomap/TreeDB/freelist","Test":"TestFreelistMetadataReuseAuxiliaryClaimConflict4627","Output":"=== RUN   TestFreelistMetadataReuseAuxiliaryClaimConflict4627\n"}
{"Time":"2026-10-07T23:21:06.587555-10:00","Action":"output","Package":"github.com/snissn/gomap/TreeDB/freelist","Test":"TestFreelistMetadataReuseAuxiliaryClaimConflict4627","Output":"--- PASS: TestFreelistMetadataReuseAuxiliaryClaimConflict4627 (0.00s)\n"}
{"Time":"2026-10-07T23:21:06.587563-10:00","Action":"pass","Package":"github.com/snissn/gomap/TreeDB/freelist","Test":"TestFreelistMetadataReuseAuxiliaryClaimConflict4627","Elapsed":0}
{"Time":"2026-10-07T23:21:06.587569-10:00","Action":"run","Package":"github.com/snissn/gomap/TreeDB/freelist","Test":"TestFreelistMetadataTailPlacementAfterBurn4627"}
{"Time":"2026-10-07T23:21:06.587573-10:00","Action":"output","Package":"github.com/snissn/gomap/TreeDB/freelist","Test":"TestFreelistMetadataTailPlacementAfterBurn4627","Output":"=== RUN   TestFreelistMetadataTailPlacementAfterBurn4627\n"}
{"Time":"2026-10-07T23:21:06.587579-10:00","Action":"run","Package":"github.com/snissn/gomap/TreeDB/freelist","Test":"TestFreelistMetadataTailPlacementAfterBurn4627/no-burn-unchanged"}
{"Time":"2026-10-07T23:21:06.587584-10:00","Action":"output","Package":"github.com/snissn/gomap/TreeDB/freelist","Test":"TestFreelistMetadataTailPlacementAfterBurn4627/no-burn-unchanged","Output":"=== RUN   TestFreelistMetadataTailPlacementAfterBurn4627/no-burn-unchanged\n"}
{"Time":"2026-10-07T23:21:06.587591-10:00","Action":"output","Package":"github.com/snissn/gomap/TreeDB/freelist","Test":"TestFreelistMetadataTailPlacementAfterBurn4627/no-burn-unchanged","Output":"--- PASS: TestFreelistMetadataTailPlacementAfterBurn4627/no-burn-unchanged (0.00s)\n"}
{"Time":"2026-10-07T23:21:06.587597-10:00","Action":"pass","Package":"github.com/snissn/gomap/TreeDB/freelist","Test":"TestFreelistMetadataTailPlacementAfterBurn4627/no-burn-unchanged","Elapsed":0}
{"Time":"2026-10-07T23:21:06.587626-10:00","Action":"run","Package":"github.com/snissn/gomap/TreeDB/freelist","Test":"TestFreelistMetadataTailPlacementAfterBurn4627/live-tail-remains-owned"}
{"Time":"2026-10-07T23:21:06.587631-10:00","Action":"output","Package":"github.com/snissn/gomap/TreeDB/freelist","Test":"TestFreelistMetadataTailPlacementAfterBurn4627/live-tail-remains-owned","Output":"=== RUN   TestFreelistMetadataTailPlacementAfterBurn4627/live-tail-remains-owned\n"}
{"Time":"2026-10-07T23:21:06.587636-10:00","Action":"output","Package":"github.com/snissn/gomap/TreeDB/freelist","Test":"TestFreelistMetadataTailPlacementAfterBurn4627/live-tail-remains-owned","Output":"--- PASS: TestFreelistMetadataTailPlacementAfterBurn4627/live-tail-remains-owned (0.00s)\n"}
{"Time":"2026-10-07T23:21:06.58764-10:00","Action":"pass","Package":"github.com/snissn/gomap/TreeDB/freelist","Test":"TestFreelistMetadataTailPlacementAfterBurn4627/live-tail-remains-owned","Elapsed":0}
{"Time":"2026-10-07T23:21:06.587645-10:00","Action":"run","Package":"github.com/snissn/gomap/TreeDB/freelist","Test":"TestFreelistMetadataTailPlacementAfterBurn4627/overflow-rejected-without-claim"}
{"Time":"2026-10-07T23:21:06.587649-10:00","Action":"output","Package":"github.com/snissn/gomap/TreeDB/freelist","Test":"TestFreelistMetadataTailPlacementAfterBurn4627/overflow-rejected-without-claim","Output":"=== RUN   TestFreelistMetadataTailPlacementAfterBurn4627/overflow-rejected-without-claim\n"}
{"Time":"2026-10-07T23:21:06.587654-10:00","Action":"output","Package":"github.com/snissn/gomap/TreeDB/freelist","Test":"TestFreelistMetadataTailPlacementAfterBurn4627/overflow-rejected-without-claim","Output":"--- PASS: TestFreelistMetadataTailPlacementAfterBurn4627/overflow-rejected-without-claim (0.00s)\n"}
{"Time":"2026-10-07T23:21:06.587659-10:00","Action":"pass","Package":"github.com/snissn/gomap/TreeDB/freelist","Test":"TestFreelistMetadataTailPlacementAfterBurn4627/overflow-rejected-without-claim","Elapsed":0}
{"Time":"2026-10-07T23:21:06.587664-10:00","Action":"output","Package":"github.com/snissn/gomap/TreeDB/freelist","Test":"TestFreelistMetadataTailPlacementAfterBurn4627","Output":"--- PASS: TestFreelistMetadataTailPlacementAfterBurn4627 (0.00s)\n"}
{"Time":"2026-10-07T23:21:06.587669-10:00","Action":"pass","Package":"github.com/snissn/gomap/TreeDB/freelist","Test":"TestFreelistMetadataTailPlacementAfterBurn4627","Elapsed":0}
{"Time":"2026-10-07T23:21:06.587674-10:00","Action":"run","Package":"github.com/snissn/gomap/TreeDB/freelist","Test":"TestFreelistMetadataReuseMixedDirtySiblingSizing4627"}
{"Time":"2026-10-07T23:21:06.587678-10:00","Action":"output","Package":"github.com/snissn/gomap/TreeDB/freelist","Test":"TestFreelistMetadataReuseMixedDirtySiblingSizing4627","Output":"=== RUN   TestFreelistMetadataReuseMixedDirtySiblingSizing4627\n"}
{"Time":"2026-10-07T23:21:06.587793-10:00","Action":"output","Package":"github.com/snissn/gomap/TreeDB/freelist","Test":"TestFreelistMetadataReuseMixedDirtySiblingSizing4627","Output":"--- PASS: TestFreelistMetadataReuseMixedDirtySiblingSizing4627 (0.00s)\n"}
{"Time":"2026-10-07T23:21:06.587798-10:00","Action":"pass","Package":"github.com/snissn/gomap/TreeDB/freelist","Test":"TestFreelistMetadataReuseMixedDirtySiblingSizing4627","Elapsed":0}
{"Time":"2026-10-07T23:21:06.587803-10:00","Action":"run","Package":"github.com/snissn/gomap/TreeDB/freelist","Test":"TestFreelistMetadataReusePublishesBurnedCoverage4627"}
{"Time":"2026-10-07T23:21:06.587807-10:00","Action":"output","Package":"github.com/snissn/gomap/TreeDB/freelist","Test":"TestFreelistMetadataReusePublishesBurnedCoverage4627","Output":"=== RUN   TestFreelistMetadataReusePublishesBurnedCoverage4627\n"}
{"Time":"2026-10-07T23:21:06.587844-10:00","Action":"output","Package":"github.com/snissn/gomap/TreeDB/freelist","Test":"TestFreelistMetadataReusePublishesBurnedCoverage4627","Output":"--- PASS: TestFreelistMetadataReusePublishesBurnedCoverage4627 (0.00s)\n"}
{"Time":"2026-10-07T23:21:06.58785-10:00","Action":"pass","Package":"github.com/snissn/gomap/TreeDB/freelist","Test":"TestFreelistMetadataReusePublishesBurnedCoverage4627","Elapsed":0}
{"Time":"2026-10-07T23:21:06.588825-10:00","Action":"run","Package":"github.com/snissn/gomap/TreeDB/freelist","Test":"TestFreelistMetadataReuseReservationChain4627"}
{"Time":"2026-10-07T23:21:06.588832-10:00","Action":"output","Package":"github.com/snissn/gomap/TreeDB/freelist","Test":"TestFreelistMetadataReuseReservationChain4627","Output":"=== RUN   TestFreelistMetadataReuseReservationChain4627\n"}
{"Time":"2026-10-07T23:21:06.588839-10:00","Action":"output","Package":"github.com/snissn/gomap/TreeDB/freelist","Test":"TestFreelistMetadataReuseReservationChain4627","Output":"--- PASS: TestFreelistMetadataReuseReservationChain4627 (0.00s)\n"}
{"Time":"2026-10-07T23:21:06.588844-10:00","Action":"pass","Package":"github.com/snissn/gomap/TreeDB/freelist","Test":"TestFreelistMetadataReuseReservationChain4627","Elapsed":0}
{"Time":"2026-10-07T23:21:06.58885-10:00","Action":"run","Package":"github.com/snissn/gomap/TreeDB/freelist","Test":"TestFreelistGenerationV1_100KLogicalChurnConverges"}
{"Time":"2026-10-07T23:21:06.588855-10:00","Action":"output","Package":"github.com/snissn/gomap/TreeDB/freelist","Test":"TestFreelistGenerationV1_100KLogicalChurnConverges","Output":"=== RUN   TestFreelistGenerationV1_100KLogicalChurnConverges\n"}
{"Time":"2026-10-07T23:21:06.788755-10:00","Action":"output","Package":"github.com/snissn/gomap/TreeDB/freelist","Test":"TestFreelistGenerationV1_100KLogicalChurnConverges","Output":"--- PASS: TestFreelistGenerationV1_100KLogicalChurnConverges (0.20s)\n"}
{"Time":"2026-10-07T23:21:06.788799-10:00","Action":"pass","Package":"github.com/snissn/gomap/TreeDB/freelist","Test":"TestFreelistGenerationV1_100KLogicalChurnConverges","Elapsed":0.2}
{"Time":"2026-10-07T23:21:06.788807-10:00","Action":"run","Package":"github.com/snissn/gomap/TreeDB/freelist","Test":"TestPrivatePreparationCopiesDirtyPathOnce5105"}
{"Time":"2026-10-07T23:21:06.788811-10:00","Action":"output","Package":"github.com/snissn/gomap/TreeDB/freelist","Test":"TestPrivatePreparationCopiesDirtyPathOnce5105","Output":"=== RUN   TestPrivatePreparationCopiesDirtyPathOnce5105\n"}
{"Time":"2026-10-07T23:21:06.788819-10:00","Action":"output","Package":"github.com/snissn/gomap/TreeDB/freelist","Test":"TestPrivatePreparationCopiesDirtyPathOnce5105","Output":"    generation_v1_private_prepare_test.go:41: actual copies: persistent nodes=0 chunks=24 bytes=55296; private isolation nodes=0 chunks=1 bytes=2304 visits=1; repeated private copies nodes=0 chunks=0\n"}
{"Time":"2026-10-07T23:21:06.788823-10:00","Action":"output","Package":"github.com/snissn/gomap/TreeDB/freelist","Test":"TestPrivatePreparationCopiesDirtyPathOnce5105","Output":"--- PASS: TestPrivatePreparationCopiesDirtyPathOnce5105 (0.00s)\n"}
{"Time":"2026-10-07T23:21:06.788826-10:00","Action":"pass","Package":"github.com/snissn/gomap/TreeDB/freelist","Test":"TestPrivatePreparationCopiesDirtyPathOnce5105","Elapsed":0}
{"Time":"2026-10-07T23:21:06.788829-10:00","Action":"run","Package":"github.com/snissn/gomap/TreeDB/freelist","Test":"TestPrivatePreparationCapacityAndNoTreeOwner5105"}
{"Time":"2026-10-07T23:21:06.788832-10:00","Action":"output","Package":"github.com/snissn/gomap/TreeDB/freelist","Test":"TestPrivatePreparationCapacityAndNoTreeOwner5105","Output":"=== RUN   TestPrivatePreparationCapacityAndNoTreeOwner5105\n"}
{"Time":"2026-10-07T23:21:06.788836-10:00","Action":"output","Package":"github.com/snissn/gomap/TreeDB/freelist","Test":"TestPrivatePreparationCapacityAndNoTreeOwner5105","Output":"    generation_v1_private_prepare_test.go:86: measured counter-only-layout/current txn=288/368 delta=80; allocator state=264 profile=208\n"}
{"Time":"2026-10-07T23:21:06.788839-10:00","Action":"output","Package":"github.com/snissn/gomap/TreeDB/freelist","Test":"TestPrivatePreparationCapacityAndNoTreeOwner5105","Output":"    generation_v1_private_prepare_test.go:87: unsafe layout bytes: stateNode=336 stateChunk=2136 txn=368 stats=200 work=32; consumed/private/map offsets=88/89/96; state allocation classes=352/2304\n"}
{"Time":"2026-10-07T23:21:06.788881-10:00","Action":"output","Package":"github.com/snissn/gomap/TreeDB/freelist","Test":"TestPrivatePreparationCapacityAndNoTreeOwner5105","Output":"--- PASS: TestPrivatePreparationCapacityAndNoTreeOwner5105 (0.00s)\n"}
{"Time":"2026-10-07T23:21:06.788885-10:00","Action":"pass","Package":"github.com/snissn/gomap/TreeDB/freelist","Test":"TestPrivatePreparationCapacityAndNoTreeOwner5105","Elapsed":0}
{"Time":"2026-10-07T23:21:06.788888-10:00","Action":"run","Package":"github.com/snissn/gomap/TreeDB/freelist","Test":"TestPrivatePreparationPersistentCloneRevokesBothAliases5105"}
{"Time":"2026-10-07T23:21:06.78889-10:00","Action":"output","Package":"github.com/snissn/gomap/TreeDB/freelist","Test":"TestPrivatePreparationPersistentCloneRevokesBothAliases5105","Output":"=== RUN   TestPrivatePreparationPersistentCloneRevokesBothAliases5105\n"}
{"Time":"2026-10-07T23:21:06.788894-10:00","Action":"output","Package":"github.com/snissn/gomap/TreeDB/freelist","Test":"TestPrivatePreparationPersistentCloneRevokesBothAliases5105","Output":"--- PASS: TestPrivatePreparationPersistentCloneRevokesBothAliases5105 (0.00s)\n"}
{"Time":"2026-10-07T23:21:06.788896-10:00","Action":"pass","Package":"github.com/snissn/gomap/TreeDB/freelist","Test":"TestPrivatePreparationPersistentCloneRevokesBothAliases5105","Elapsed":0}
{"Time":"2026-10-07T23:21:06.788899-10:00","Action":"run","Package":"github.com/snissn/gomap/TreeDB/freelist","Test":"TestPrivatePreparationExactPersistentCandidateOracle5105"}
{"Time":"2026-10-07T23:21:06.788902-10:00","Action":"output","Package":"github.com/snissn/gomap/TreeDB/freelist","Test":"TestPrivatePreparationExactPersistentCandidateOracle5105","Output":"=== RUN   TestPrivatePreparationExactPersistentCandidateOracle5105\n"}
{"Time":"2026-10-07T23:21:06.788905-10:00","Action":"run","Package":"github.com/snissn/gomap/TreeDB/freelist","Test":"TestPrivatePreparationExactPersistentCandidateOracle5105/ordinary-prune"}
{"Time":"2026-10-07T23:21:06.788907-10:00","Action":"output","Package":"github.com/snissn/gomap/TreeDB/freelist","Test":"TestPrivatePreparationExactPersistentCandidateOracle5105/ordinary-prune","Output":"=== RUN   TestPrivatePreparationExactPersistentCandidateOracle5105/ordinary-prune\n"}
{"Time":"2026-10-07T23:21:06.789128-10:00","Action":"output","Package":"github.com/snissn/gomap/TreeDB/freelist","Test":"TestPrivatePreparationExactPersistentCandidateOracle5105/ordinary-prune","Output":"--- PASS: TestPrivatePreparationExactPersistentCandidateOracle5105/ordinary-prune (0.00s)\n"}
{"Time":"2026-10-07T23:21:06.789136-10:00","Action":"pass","Package":"github.com/snissn/gomap/TreeDB/freelist","Test":"TestPrivatePreparationExactPersistentCandidateOracle5105/ordinary-prune","Elapsed":0}
{"Time":"2026-10-07T23:21:06.789141-10:00","Action":"run","Package":"github.com/snissn/gomap/TreeDB/freelist","Test":"TestPrivatePreparationExactPersistentCandidateOracle5105/bounded-prune"}
{"Time":"2026-10-07T23:21:06.789144-10:00","Action":"output","Package":"github.com/snissn/gomap/TreeDB/freelist","Test":"TestPrivatePreparationExactPersistentCandidateOracle5105/bounded-prune","Output":"=== RUN   TestPrivatePreparationExactPersistentCandidateOracle5105/bounded-prune\n"}
{"Time":"2026-10-07T23:21:06.789333-10:00","Action":"output","Package":"github.com/snissn/gomap/TreeDB/freelist","Test":"TestPrivatePreparationExactPersistentCandidateOracle5105/bounded-prune","Output":"--- PASS: TestPrivatePreparationExactPersistentCandidateOracle5105/bounded-prune (0.00s)\n"}
{"Time":"2026-10-07T23:21:06.789338-10:00","Action":"pass","Package":"github.com/snissn/gomap/TreeDB/freelist","Test":"TestPrivatePreparationExactPersistentCandidateOracle5105/bounded-prune","Elapsed":0}
{"Time":"2026-10-07T23:21:06.789342-10:00","Action":"output","Package":"github.com/snissn/gomap/TreeDB/freelist","Test":"TestPrivatePreparationExactPersistentCandidateOracle5105","Output":"--- PASS: TestPrivatePreparationExactPersistentCandidateOracle5105 (0.00s)\n"}
{"Time":"2026-10-07T23:21:06.789363-10:00","Action":"pass","Package":"github.com/snissn/gomap/TreeDB/freelist","Test":"TestPrivatePreparationExactPersistentCandidateOracle5105","Elapsed":0}
{"Time":"2026-10-07T23:21:06.789366-10:00","Action":"run","Package":"github.com/snissn/gomap/TreeDB/freelist","Test":"TestPrivatePreparationErrorsRevokeAuthority5105"}
{"Time":"2026-10-07T23:21:06.789369-10:00","Action":"output","Package":"github.com/snissn/gomap/TreeDB/freelist","Test":"TestPrivatePreparationErrorsRevokeAuthority5105","Output":"=== RUN   TestPrivatePreparationErrorsRevokeAuthority5105\n"}
{"Time":"2026-10-07T23:21:06.789373-10:00","Action":"output","Package":"github.com/snissn/gomap/TreeDB/freelist","Test":"TestPrivatePreparationErrorsRevokeAuthority5105","Output":"--- PASS: TestPrivatePreparationErrorsRevokeAuthority5105 (0.00s)\n"}
{"Time":"2026-10-07T23:21:06.789375-10:00","Action":"pass","Package":"github.com/snissn/gomap/TreeDB/freelist","Test":"TestPrivatePreparationErrorsRevokeAuthority5105","Elapsed":0}
{"Time":"2026-10-07T23:21:06.789378-10:00","Action":"run","Package":"github.com/snissn/gomap/TreeDB/freelist","Test":"TestPrivatePreparationDirtyRollbackAfterSinkFailure5105"}
{"Time":"2026-10-07T23:21:06.78938-10:00","Action":"output","Package":"github.com/snissn/gomap/TreeDB/freelist","Test":"TestPrivatePreparationDirtyRollbackAfterSinkFailure5105","Output":"=== RUN   TestPrivatePreparationDirtyRollbackAfterSinkFailure5105\n"}
{"Time":"2026-10-07T23:21:06.789791-10:00","Action":"output","Package":"github.com/snissn/gomap/TreeDB/freelist","Test":"TestPrivatePreparationDirtyRollbackAfterSinkFailure5105","Output":"    generation_v1_private_prepare_test.go:299: failed preparation: active candidates=0 owners=0 burned ranges=1 reserved burned pages=4\n"}
{"Time":"2026-10-07T23:21:06.790171-10:00","Action":"output","Package":"github.com/snissn/gomap/TreeDB/freelist","Test":"TestPrivatePreparationDirtyRollbackAfterSinkFailure5105","Output":"--- PASS: TestPrivatePreparationDirtyRollbackAfterSinkFailure5105 (0.00s)\n"}
{"Time":"2026-10-07T23:21:06.790183-10:00","Action":"pass","Package":"github.com/snissn/gomap/TreeDB/freelist","Test":"TestPrivatePreparationDirtyRollbackAfterSinkFailure5105","Elapsed":0}
{"Time":"2026-10-07T23:21:06.790189-10:00","Action":"run","Package":"github.com/snissn/gomap/TreeDB/freelist","Test":"TestPrivatePreparationAbortKeepsWorkAndRetainedViews5105"}
{"Time":"2026-10-07T23:21:06.790194-10:00","Action":"output","Package":"github.com/snissn/gomap/TreeDB/freelist","Test":"TestPrivatePreparationAbortKeepsWorkAndRetainedViews5105","Output":"=== RUN   TestPrivatePreparationAbortKeepsWorkAndRetainedViews5105\n"}
{"Time":"2026-10-07T23:21:06.790699-10:00","Action":"output","Package":"github.com/snissn/gomap/TreeDB/freelist","Test":"TestPrivatePreparationAbortKeepsWorkAndRetainedViews5105","Output":"--- PASS: TestPrivatePreparationAbortKeepsWorkAndRetainedViews5105 (0.00s)\n"}
{"Time":"2026-10-07T23:21:06.790707-10:00","Action":"pass","Package":"github.com/snissn/gomap/TreeDB/freelist","Test":"TestPrivatePreparationAbortKeepsWorkAndRetainedViews5105","Elapsed":0}
{"Time":"2026-10-07T23:21:06.79071-10:00","Action":"run","Package":"github.com/snissn/gomap/TreeDB/freelist","Test":"TestPrivatePreparationCollapsedRebirthPersistentOracle5108"}
{"Time":"2026-10-07T23:21:06.790713-10:00","Action":"output","Package":"github.com/snissn/gomap/TreeDB/freelist","Test":"TestPrivatePreparationCollapsedRebirthPersistentOracle5108","Output":"=== RUN   TestPrivatePreparationCollapsedRebirthPersistentOracle5108\n"}
{"Time":"2026-10-07T23:21:06.790718-10:00","Action":"run","Package":"github.com/snissn/gomap/TreeDB/freelist","Test":"TestPrivatePreparationCollapsedRebirthPersistentOracle5108/257"}
{"Time":"2026-10-07T23:21:06.790722-10:00","Action":"output","Package":"github.com/snissn/gomap/TreeDB/freelist","Test":"TestPrivatePreparationCollapsedRebirthPersistentOracle5108/257","Output":"=== RUN   TestPrivatePreparationCollapsedRebirthPersistentOracle5108/257\n"}
{"Time":"2026-10-07T23:21:06.790793-10:00","Action":"output","Package":"github.com/snissn/gomap/TreeDB/freelist","Test":"TestPrivatePreparationCollapsedRebirthPersistentOracle5108/257","Output":"--- PASS: TestPrivatePreparationCollapsedRebirthPersistentOracle5108/257 (0.00s)\n"}
{"Time":"2026-10-07T23:21:06.790817-10:00","Action":"pass","Package":"github.com/snissn/gomap/TreeDB/freelist","Test":"TestPrivatePreparationCollapsedRebirthPersistentOracle5108/257","Elapsed":0}
{"Time":"2026-10-07T23:21:06.79082-10:00","Action":"run","Package":"github.com/snissn/gomap/TreeDB/freelist","Test":"TestPrivatePreparationCollapsedRebirthPersistentOracle5108/4098"}
{"Time":"2026-10-07T23:21:06.790823-10:00","Action":"output","Package":"github.com/snissn/gomap/TreeDB/freelist","Test":"TestPrivatePreparationCollapsedRebirthPersistentOracle5108/4098","Output":"=== RUN   TestPrivatePreparationCollapsedRebirthPersistentOracle5108/4098\n"}
{"Time":"2026-10-07T23:21:06.790877-10:00","Action":"output","Package":"github.com/snissn/gomap/TreeDB/freelist","Test":"TestPrivatePreparationCollapsedRebirthPersistentOracle5108/4098","Output":"--- PASS: TestPrivatePreparationCollapsedRebirthPersistentOracle5108/4098 (0.00s)\n"}
{"Time":"2026-10-07T23:21:06.790882-10:00","Action":"pass","Package":"github.com/snissn/gomap/TreeDB/freelist","Test":"TestPrivatePreparationCollapsedRebirthPersistentOracle5108/4098","Elapsed":0}
{"Time":"2026-10-07T23:21:06.790887-10:00","Action":"run","Package":"github.com/snissn/gomap/TreeDB/freelist","Test":"TestPrivatePreparationCollapsedRebirthPersistentOracle5108/65538"}
{"Time":"2026-10-07T23:21:06.79089-10:00","Action":"output","Package":"github.com/snissn/gomap/TreeDB/freelist","Test":"TestPrivatePreparationCollapsedRebirthPersistentOracle5108/65538","Output":"=== RUN   TestPrivatePreparationCollapsedRebirthPersistentOracle5108/65538\n"}
{"Time":"2026-10-07T23:21:06.791102-10:00","Action":"output","Package":"github.com/snissn/gomap/TreeDB/freelist","Test":"TestPrivatePreparationCollapsedRebirthPersistentOracle5108/65538","Output":"--- PASS: TestPrivatePreparationCollapsedRebirthPersistentOracle5108/65538 (0.00s)\n"}
{"Time":"2026-10-07T23:21:06.791125-10:00","Action":"pass","Package":"github.com/snissn/gomap/TreeDB/freelist","Test":"TestPrivatePreparationCollapsedRebirthPersistentOracle5108/65538","Elapsed":0}
{"Time":"2026-10-07T23:21:06.79113-10:00","Action":"output","Package":"github.com/snissn/gomap/TreeDB/freelist","Test":"TestPrivatePreparationCollapsedRebirthPersistentOracle5108","Output":"--- PASS: TestPrivatePreparationCollapsedRebirthPersistentOracle5108 (0.00s)\n"}
{"Time":"2026-10-07T23:21:06.791134-10:00","Action":"pass","Package":"github.com/snissn/gomap/TreeDB/freelist","Test":"TestPrivatePreparationCollapsedRebirthPersistentOracle5108","Elapsed":0}
{"Time":"2026-10-07T23:21:06.791139-10:00","Action":"run","Package":"github.com/snissn/gomap/TreeDB/freelist","Test":"TestPrivatePreparationCollapsedRebirthAbortAndFailure5108"}
{"Time":"2026-10-07T23:21:06.791142-10:00","Action":"output","Package":"github.com/snissn/gomap/TreeDB/freelist","Test":"TestPrivatePreparationCollapsedRebirthAbortAndFailure5108","Output":"=== RUN   TestPrivatePreparationCollapsedRebirthAbortAndFailure5108\n"}
{"Time":"2026-10-07T23:21:06.791145-10:00","Action":"run","Package":"github.com/snissn/gomap/TreeDB/freelist","Test":"TestPrivatePreparationCollapsedRebirthAbortAndFailure5108/false"}
{"Time":"2026-10-07T23:21:06.791148-10:00","Action":"output","Package":"github.com/snissn/gomap/TreeDB/freelist","Test":"TestPrivatePreparationCollapsedRebirthAbortAndFailure5108/false","Output":"=== RUN   TestPrivatePreparationCollapsedRebirthAbortAndFailure5108/false\n"}
{"Time":"2026-10-07T23:21:06.792595-10:00","Action":"output","Package":"github.com/snissn/gomap/TreeDB/freelist","Test":"TestPrivatePreparationCollapsedRebirthAbortAndFailure5108/false","Output":"--- PASS: TestPrivatePreparationCollapsedRebirthAbortAndFailure5108/false (0.00s)\n"}
{"Time":"2026-10-07T23:21:06.792602-10:00","Action":"pass","Package":"github.com/snissn/gomap/TreeDB/freelist","Test":"TestPrivatePreparationCollapsedRebirthAbortAndFailure5108/false","Elapsed":0}
{"Time":"2026-10-07T23:21:06.792624-10:00","Action":"run","Package":"github.com/snissn/gomap/TreeDB/freelist","Test":"TestPrivatePreparationCollapsedRebirthAbortAndFailure5108/true"}
{"Time":"2026-10-07T23:21:06.792627-10:00","Action":"output","Package":"github.com/snissn/gomap/TreeDB/freelist","Test":"TestPrivatePreparationCollapsedRebirthAbortAndFailure5108/true","Output":"=== RUN   TestPrivatePreparationCollapsedRebirthAbortAndFailure5108/true\n"}
{"Time":"2026-10-07T23:21:06.793919-10:00","Action":"output","Package":"github.com/snissn/gomap/TreeDB/freelist","Test":"TestPrivatePreparationCollapsedRebirthAbortAndFailure5108/true","Output":"--- PASS: TestPrivatePreparationCollapsedRebirthAbortAndFailure5108/true (0.00s)\n"}
{"Time":"2026-10-07T23:21:06.793924-10:00","Action":"pass","Package":"github.com/snissn/gomap/TreeDB/freelist","Test":"TestPrivatePreparationCollapsedRebirthAbortAndFailure5108/true","Elapsed":0}
{"Time":"2026-10-07T23:21:06.793928-10:00","Action":"output","Package":"github.com/snissn/gomap/TreeDB/freelist","Test":"TestPrivatePreparationCollapsedRebirthAbortAndFailure5108","Output":"--- PASS: TestPrivatePreparationCollapsedRebirthAbortAndFailure5108 (0.00s)\n"}
{"Time":"2026-10-07T23:21:06.793931-10:00","Action":"pass","Package":"github.com/snissn/gomap/TreeDB/freelist","Test":"TestPrivatePreparationCollapsedRebirthAbortAndFailure5108","Elapsed":0}
{"Time":"2026-10-07T23:21:06.793934-10:00","Action":"run","Package":"github.com/snissn/gomap/TreeDB/freelist","Test":"TestPrivatePreparationDurableBranchDirtyChunk5108"}
{"Time":"2026-10-07T23:21:06.793937-10:00","Action":"output","Package":"github.com/snissn/gomap/TreeDB/freelist","Test":"TestPrivatePreparationDurableBranchDirtyChunk5108","Output":"=== RUN   TestPrivatePreparationDurableBranchDirtyChunk5108\n"}
{"Time":"2026-10-07T23:21:06.793946-10:00","Action":"output","Package":"github.com/snissn/gomap/TreeDB/freelist","Test":"TestPrivatePreparationDurableBranchDirtyChunk5108","Output":"--- PASS: TestPrivatePreparationDurableBranchDirtyChunk5108 (0.00s)\n"}
{"Time":"2026-10-07T23:21:06.79395-10:00","Action":"pass","Package":"github.com/snissn/gomap/TreeDB/freelist","Test":"TestPrivatePreparationDurableBranchDirtyChunk5108","Elapsed":0}
{"Time":"2026-10-07T23:21:06.793953-10:00","Action":"run","Package":"github.com/snissn/gomap/TreeDB/freelist","Test":"TestBoundedPrune512FreshCapabilityAndWholeWork"}
{"Time":"2026-10-07T23:21:06.793956-10:00","Action":"output","Package":"github.com/snissn/gomap/TreeDB/freelist","Test":"TestBoundedPrune512FreshCapabilityAndWholeWork","Output":"=== RUN   TestBoundedPrune512FreshCapabilityAndWholeWork\n"}
{"Time":"2026-10-07T23:21:06.79422-10:00","Action":"output","Package":"github.com/snissn/gomap/TreeDB/freelist","Test":"TestBoundedPrune512FreshCapabilityAndWholeWork","Output":"--- PASS: TestBoundedPrune512FreshCapabilityAndWholeWork (0.00s)\n"}
{"Time":"2026-10-07T23:21:06.794225-10:00","Action":"pass","Package":"github.com/snissn/gomap/TreeDB/freelist","Test":"TestBoundedPrune512FreshCapabilityAndWholeWork","Elapsed":0}
{"Time":"2026-10-07T23:21:06.794228-10:00","Action":"run","Package":"github.com/snissn/gomap/TreeDB/freelist","Test":"TestNormalizeExtentsOwnedCopyAllocations4627"}
{"Time":"2026-10-07T23:21:06.794231-10:00","Action":"output","Package":"github.com/snissn/gomap/TreeDB/freelist","Test":"TestNormalizeExtentsOwnedCopyAllocations4627","Output":"=== RUN   TestNormalizeExtentsOwnedCopyAllocations4627\n"}
{"Time":"2026-10-07T23:21:06.794307-10:00","Action":"output","Package":"github.com/snissn/gomap/TreeDB/freelist","Test":"TestNormalizeExtentsOwnedCopyAllocations4627","Output":"--- PASS: TestNormalizeExtentsOwnedCopyAllocations4627 (0.00s)\n"}
{"Time":"2026-10-07T23:21:06.794317-10:00","Action":"pass","Package":"github.com/snissn/gomap/TreeDB/freelist","Test":"TestNormalizeExtentsOwnedCopyAllocations4627","Elapsed":0}
{"Time":"2026-10-07T23:21:06.794321-10:00","Action":"run","Package":"github.com/snissn/gomap/TreeDB/freelist","Test":"TestFreelistGenerationV1_OlderGenerationAndPagesRemainImmutable"}
{"Time":"2026-10-07T23:21:06.794341-10:00","Action":"output","Package":"github.com/snissn/gomap/TreeDB/freelist","Test":"TestFreelistGenerationV1_OlderGenerationAndPagesRemainImmutable","Output":"=== RUN   TestFreelistGenerationV1_OlderGenerationAndPagesRemainImmutable\n"}
{"Time":"2026-10-07T23:21:06.794347-10:00","Action":"output","Package":"github.com/snissn/gomap/TreeDB/freelist","Test":"TestFreelistGenerationV1_OlderGenerationAndPagesRemainImmutable","Output":"--- PASS: TestFreelistGenerationV1_OlderGenerationAndPagesRemainImmutable (0.00s)\n"}
{"Time":"2026-10-07T23:21:06.79435-10:00","Action":"pass","Package":"github.com/snissn/gomap/TreeDB/freelist","Test":"TestFreelistGenerationV1_OlderGenerationAndPagesRemainImmutable","Elapsed":0}
{"Time":"2026-10-07T23:21:06.794353-10:00","Action":"run","Package":"github.com/snissn/gomap/TreeDB/freelist","Test":"TestFreelistGenerationV1_MaterializeDoesNotAssignIDsIntoBase"}
{"Time":"2026-10-07T23:21:06.794356-10:00","Action":"output","Package":"github.com/snissn/gomap/TreeDB/freelist","Test":"TestFreelistGenerationV1_MaterializeDoesNotAssignIDsIntoBase","Output":"=== RUN   TestFreelistGenerationV1_MaterializeDoesNotAssignIDsIntoBase\n"}
{"Time":"2026-10-07T23:21:06.794359-10:00","Action":"output","Package":"github.com/snissn/gomap/TreeDB/freelist","Test":"TestFreelistGenerationV1_MaterializeDoesNotAssignIDsIntoBase","Output":"--- PASS: TestFreelistGenerationV1_MaterializeDoesNotAssignIDsIntoBase (0.00s)\n"}
{"Time":"2026-10-07T23:21:06.794362-10:00","Action":"pass","Package":"github.com/snissn/gomap/TreeDB/freelist","Test":"TestFreelistGenerationV1_MaterializeDoesNotAssignIDsIntoBase","Elapsed":0}
{"Time":"2026-10-07T23:21:06.794365-10:00","Action":"run","Package":"github.com/snissn/gomap/TreeDB/freelist","Test":"TestFreelistGenerationV1_HorizonPreventsPrematureReuse"}
{"Time":"2026-10-07T23:21:06.794368-10:00","Action":"output","Package":"github.com/snissn/gomap/TreeDB/freelist","Test":"TestFreelistGenerationV1_HorizonPreventsPrematureReuse","Output":"=== RUN   TestFreelistGenerationV1_HorizonPreventsPrematureReuse\n"}
{"Time":"2026-10-07T23:21:06.794371-10:00","Action":"output","Package":"github.com/snissn/gomap/TreeDB/freelist","Test":"TestFreelistGenerationV1_HorizonPreventsPrematureReuse","Output":"--- PASS: TestFreelistGenerationV1_HorizonPreventsPrematureReuse (0.00s)\n"}
{"Time":"2026-10-07T23:21:06.794374-10:00","Action":"pass","Package":"github.com/snissn/gomap/TreeDB/freelist","Test":"TestFreelistGenerationV1_HorizonPreventsPrematureReuse","Elapsed":0}
{"Time":"2026-10-07T23:21:06.794377-10:00","Action":"run","Package":"github.com/snissn/gomap/TreeDB/freelist","Test":"TestFreelistTxn_CandidateReservationsSurviveSupersedeAndFailure"}
{"Time":"2026-10-07T23:21:06.79438-10:00","Action":"output","Package":"github.com/snissn/gomap/TreeDB/freelist","Test":"TestFreelistTxn_CandidateReservationsSurviveSupersedeAndFailure","Output":"=== RUN   TestFreelistTxn_CandidateReservationsSurviveSupersedeAndFailure\n"}
{"Time":"2026-10-07T23:21:06.794383-10:00","Action":"output","Package":"github.com/snissn/gomap/TreeDB/freelist","Test":"TestFreelistTxn_CandidateReservationsSurviveSupersedeAndFailure","Output":"--- PASS: TestFreelistTxn_CandidateReservationsSurviveSupersedeAndFailure (0.00s)\n"}
{"Time":"2026-10-07T23:21:06.794385-10:00","Action":"pass","Package":"github.com/snissn/gomap/TreeDB/freelist","Test":"TestFreelistTxn_CandidateReservationsSurviveSupersedeAndFailure","Elapsed":0}
{"Time":"2026-10-07T23:21:06.794388-10:00","Action":"run","Package":"github.com/snissn/gomap/TreeDB/freelist","Test":"TestFreelistTxn_AllocateSkipsAnotherCandidateReservation"}
{"Time":"2026-10-07T23:21:06.794391-10:00","Action":"output","Package":"github.com/snissn/gomap/TreeDB/freelist","Test":"TestFreelistTxn_AllocateSkipsAnotherCandidateReservation","Output":"=== RUN   TestFreelistTxn_AllocateSkipsAnotherCandidateReservation\n"}
{"Time":"2026-10-07T23:21:06.794394-10:00","Action":"output","Package":"github.com/snissn/gomap/TreeDB/freelist","Test":"TestFreelistTxn_AllocateSkipsAnotherCandidateReservation","Output":"--- PASS: TestFreelistTxn_AllocateSkipsAnotherCandidateReservation (0.00s)\n"}
{"Time":"2026-10-07T23:21:06.794411-10:00","Action":"pass","Package":"github.com/snissn/gomap/TreeDB/freelist","Test":"TestFreelistTxn_AllocateSkipsAnotherCandidateReservation","Elapsed":0}
{"Time":"2026-10-07T23:21:06.794414-10:00","Action":"run","Package":"github.com/snissn/gomap/TreeDB/freelist","Test":"TestFreelistTxn_AppendFallbackSkipsAnotherCandidatesMetadataTail"}
{"Time":"2026-10-07T23:21:06.794417-10:00","Action":"output","Package":"github.com/snissn/gomap/TreeDB/freelist","Test":"TestFreelistTxn_AppendFallbackSkipsAnotherCandidatesMetadataTail","Output":"=== RUN   TestFreelistTxn_AppendFallbackSkipsAnotherCandidatesMetadataTail\n"}
{"Time":"2026-10-07T23:21:06.79442-10:00","Action":"output","Package":"github.com/snissn/gomap/TreeDB/freelist","Test":"TestFreelistTxn_AppendFallbackSkipsAnotherCandidatesMetadataTail","Output":"--- PASS: TestFreelistTxn_AppendFallbackSkipsAnotherCandidatesMetadataTail (0.00s)\n"}
{"Time":"2026-10-07T23:21:06.794423-10:00","Action":"pass","Package":"github.com/snissn/gomap/TreeDB/freelist","Test":"TestFreelistTxn_AppendFallbackSkipsAnotherCandidatesMetadataTail","Elapsed":0}
{"Time":"2026-10-07T23:21:06.794426-10:00","Action":"run","Package":"github.com/snissn/gomap/TreeDB/freelist","Test":"TestFreelistTxn_ReservationRejectsAppendChosenBeforeCompetingMetadataTail"}
{"Time":"2026-10-07T23:21:06.794428-10:00","Action":"output","Package":"github.com/snissn/gomap/TreeDB/freelist","Test":"TestFreelistTxn_ReservationRejectsAppendChosenBeforeCompetingMetadataTail","Output":"=== RUN   TestFreelistTxn_ReservationRejectsAppendChosenBeforeCompetingMetadataTail\n"}
{"Time":"2026-10-07T23:21:06.794432-10:00","Action":"output","Package":"github.com/snissn/gomap/TreeDB/freelist","Test":"TestFreelistTxn_ReservationRejectsAppendChosenBeforeCompetingMetadataTail","Output":"--- PASS: TestFreelistTxn_ReservationRejectsAppendChosenBeforeCompetingMetadataTail (0.00s)\n"}
{"Time":"2026-10-07T23:21:06.794435-10:00","Action":"pass","Package":"github.com/snissn/gomap/TreeDB/freelist","Test":"TestFreelistTxn_ReservationRejectsAppendChosenBeforeCompetingMetadataTail","Elapsed":0}
{"Time":"2026-10-07T23:21:06.794438-10:00","Action":"run","Package":"github.com/snissn/gomap/TreeDB/freelist","Test":"TestFreelistTxn_GenericSinkCannotMutateOrRetainCandidatePages"}
{"Time":"2026-10-07T23:21:06.794441-10:00","Action":"output","Package":"github.com/snissn/gomap/TreeDB/freelist","Test":"TestFreelistTxn_GenericSinkCannotMutateOrRetainCandidatePages","Output":"=== RUN   TestFreelistTxn_GenericSinkCannotMutateOrRetainCandidatePages\n"}
{"Time":"2026-10-07T23:21:06.794444-10:00","Action":"output","Package":"github.com/snissn/gomap/TreeDB/freelist","Test":"TestFreelistTxn_GenericSinkCannotMutateOrRetainCandidatePages","Output":"--- PASS: TestFreelistTxn_GenericSinkCannotMutateOrRetainCandidatePages (0.00s)\n"}
{"Time":"2026-10-07T23:21:06.794447-10:00","Action":"pass","Package":"github.com/snissn/gomap/TreeDB/freelist","Test":"TestFreelistTxn_GenericSinkCannotMutateOrRetainCandidatePages","Elapsed":0}
{"Time":"2026-10-07T23:21:06.79445-10:00","Action":"run","Package":"github.com/snissn/gomap/TreeDB/freelist","Test":"TestFreelistCandidateV1_WritePagesToUsesOpaqueViewsAndStopsOnError"}
{"Time":"2026-10-07T23:21:06.794452-10:00","Action":"output","Package":"github.com/snissn/gomap/TreeDB/freelist","Test":"TestFreelistCandidateV1_WritePagesToUsesOpaqueViewsAndStopsOnError","Output":"=== RUN   TestFreelistCandidateV1_WritePagesToUsesOpaqueViewsAndStopsOnError\n"}
{"Time":"2026-10-07T23:21:06.794467-10:00","Action":"output","Package":"github.com/snissn/gomap/TreeDB/freelist","Test":"TestFreelistCandidateV1_WritePagesToUsesOpaqueViewsAndStopsOnError","Output":"--- PASS: TestFreelistCandidateV1_WritePagesToUsesOpaqueViewsAndStopsOnError (0.00s)\n"}
{"Time":"2026-10-07T23:21:06.794471-10:00","Action":"pass","Package":"github.com/snissn/gomap/TreeDB/freelist","Test":"TestFreelistCandidateV1_WritePagesToUsesOpaqueViewsAndStopsOnError","Elapsed":0}
{"Time":"2026-10-07T23:21:06.794486-10:00","Action":"run","Package":"github.com/snissn/gomap/TreeDB/freelist","Test":"TestFreelistTxn_CandidateSinkEliminatesIsolationCopies"}
{"Time":"2026-10-07T23:21:06.794489-10:00","Action":"output","Package":"github.com/snissn/gomap/TreeDB/freelist","Test":"TestFreelistTxn_CandidateSinkEliminatesIsolationCopies","Output":"=== RUN   TestFreelistTxn_CandidateSinkEliminatesIsolationCopies\n"}
{"Time":"2026-10-07T23:21:06.794493-10:00","Action":"output","Package":"github.com/snissn/gomap/TreeDB/freelist","Test":"TestFreelistTxn_CandidateSinkEliminatesIsolationCopies","Output":"--- PASS: TestFreelistTxn_CandidateSinkEliminatesIsolationCopies (0.00s)\n"}
{"Time":"2026-10-07T23:21:06.794495-10:00","Action":"pass","Package":"github.com/snissn/gomap/TreeDB/freelist","Test":"TestFreelistTxn_CandidateSinkEliminatesIsolationCopies","Elapsed":0}
{"Time":"2026-10-07T23:21:06.794498-10:00","Action":"run","Package":"github.com/snissn/gomap/TreeDB/freelist","Test":"TestCandidatePageSinkV1_ValidatesSizeAndDuplicateWithoutRetainingBytes"}
{"Time":"2026-10-07T23:21:06.794501-10:00","Action":"output","Package":"github.com/snissn/gomap/TreeDB/freelist","Test":"TestCandidatePageSinkV1_ValidatesSizeAndDuplicateWithoutRetainingBytes","Output":"=== RUN   TestCandidatePageSinkV1_ValidatesSizeAndDuplicateWithoutRetainingBytes\n"}
{"Time":"2026-10-07T23:21:06.794509-10:00","Action":"output","Package":"github.com/snissn/gomap/TreeDB/freelist","Test":"TestCandidatePageSinkV1_ValidatesSizeAndDuplicateWithoutRetainingBytes","Output":"--- PASS: TestCandidatePageSinkV1_ValidatesSizeAndDuplicateWithoutRetainingBytes (0.00s)\n"}
{"Time":"2026-10-07T23:21:06.794513-10:00","Action":"pass","Package":"github.com/snissn/gomap/TreeDB/freelist","Test":"TestCandidatePageSinkV1_ValidatesSizeAndDuplicateWithoutRetainingBytes","Elapsed":0}
{"Time":"2026-10-07T23:21:06.794515-10:00","Action":"run","Package":"github.com/snissn/gomap/TreeDB/freelist","Test":"TestWriteCandidatePageToPagerV1CopiesWithoutRetainingCandidateBytes"}
{"Time":"2026-10-07T23:21:06.794518-10:00","Action":"output","Package":"github.com/snissn/gomap/TreeDB/freelist","Test":"TestWriteCandidatePageToPagerV1CopiesWithoutRetainingCandidateBytes","Output":"=== RUN   TestWriteCandidatePageToPagerV1CopiesWithoutRetainingCandidateBytes\n"}
{"Time":"2026-10-07T23:21:06.795027-10:00","Action":"output","Package":"github.com/snissn/gomap/TreeDB/freelist","Test":"TestWriteCandidatePageToPagerV1CopiesWithoutRetainingCandidateBytes","Output":"--- PASS: TestWriteCandidatePageToPagerV1CopiesWithoutRetainingCandidateBytes (0.00s)\n"}
{"Time":"2026-10-07T23:21:06.795033-10:00","Action":"pass","Package":"github.com/snissn/gomap/TreeDB/freelist","Test":"TestWriteCandidatePageToPagerV1CopiesWithoutRetainingCandidateBytes","Elapsed":0}
{"Time":"2026-10-07T23:21:06.795036-10:00","Action":"run","Package":"github.com/snissn/gomap/TreeDB/freelist","Test":"TestFreelistTxn_SinkFailureConsumesTransaction"}
{"Time":"2026-10-07T23:21:06.795039-10:00","Action":"output","Package":"github.com/snissn/gomap/TreeDB/freelist","Test":"TestFreelistTxn_SinkFailureConsumesTransaction","Output":"=== RUN   TestFreelistTxn_SinkFailureConsumesTransaction\n"}
{"Time":"2026-10-07T23:21:06.795043-10:00","Action":"output","Package":"github.com/snissn/gomap/TreeDB/freelist","Test":"TestFreelistTxn_SinkFailureConsumesTransaction","Output":"--- PASS: TestFreelistTxn_SinkFailureConsumesTransaction (0.00s)\n"}
{"Time":"2026-10-07T23:21:06.795047-10:00","Action":"pass","Package":"github.com/snissn/gomap/TreeDB/freelist","Test":"TestFreelistTxn_SinkFailureConsumesTransaction","Elapsed":0}
{"Time":"2026-10-07T23:21:06.79505-10:00","Action":"run","Package":"github.com/snissn/gomap/TreeDB/freelist","Test":"TestFreelistTxn_PartialSinkFailureBurnsTailUntilRetryPublishesAbandonment"}
{"Time":"2026-10-07T23:21:06.795053-10:00","Action":"output","Package":"github.com/snissn/gomap/TreeDB/freelist","Test":"TestFreelistTxn_PartialSinkFailureBurnsTailUntilRetryPublishesAbandonment","Output":"=== RUN   TestFreelistTxn_PartialSinkFailureBurnsTailUntilRetryPublishesAbandonment\n"}
{"Time":"2026-10-07T23:21:06.795068-10:00","Action":"output","Package":"github.com/snissn/gomap/TreeDB/freelist","Test":"TestFreelistTxn_PartialSinkFailureBurnsTailUntilRetryPublishesAbandonment","Output":"--- PASS: TestFreelistTxn_PartialSinkFailureBurnsTailUntilRetryPublishesAbandonment (0.00s)\n"}
{"Time":"2026-10-07T23:21:06.795071-10:00","Action":"pass","Package":"github.com/snissn/gomap/TreeDB/freelist","Test":"TestFreelistTxn_PartialSinkFailureBurnsTailUntilRetryPublishesAbandonment","Elapsed":0}
{"Time":"2026-10-07T23:21:06.795074-10:00","Action":"run","Package":"github.com/snissn/gomap/TreeDB/freelist","Test":"TestReservationLedger_VisibleAndAmbiguousStatesRetainOwnership"}
{"Time":"2026-10-07T23:21:06.795077-10:00","Action":"output","Package":"github.com/snissn/gomap/TreeDB/freelist","Test":"TestReservationLedger_VisibleAndAmbiguousStatesRetainOwnership","Output":"=== RUN   TestReservationLedger_VisibleAndAmbiguousStatesRetainOwnership\n"}
{"Time":"2026-10-07T23:21:06.795087-10:00","Action":"output","Package":"github.com/snissn/gomap/TreeDB/freelist","Test":"TestReservationLedger_VisibleAndAmbiguousStatesRetainOwnership","Output":"--- PASS: TestReservationLedger_VisibleAndAmbiguousStatesRetainOwnership (0.00s)\n"}
{"Time":"2026-10-07T23:21:06.795091-10:00","Action":"pass","Package":"github.com/snissn/gomap/TreeDB/freelist","Test":"TestReservationLedger_VisibleAndAmbiguousStatesRetainOwnership","Elapsed":0}
{"Time":"2026-10-07T23:21:06.795094-10:00","Action":"run","Package":"github.com/snissn/gomap/TreeDB/freelist","Test":"TestFreelistGenerationV1_PageCodecRoundTripAndCorruption"}
{"Time":"2026-10-07T23:21:06.795097-10:00","Action":"output","Package":"github.com/snissn/gomap/TreeDB/freelist","Test":"TestFreelistGenerationV1_PageCodecRoundTripAndCorruption","Output":"=== RUN   TestFreelistGenerationV1_PageCodecRoundTripAndCorruption\n"}
{"Time":"2026-10-07T23:21:06.795141-10:00","Action":"output","Package":"github.com/snissn/gomap/TreeDB/freelist","Test":"TestFreelistGenerationV1_PageCodecRoundTripAndCorruption","Output":"--- PASS: TestFreelistGenerationV1_PageCodecRoundTripAndCorruption (0.00s)\n"}
{"Time":"2026-10-07T23:21:06.795146-10:00","Action":"pass","Package":"github.com/snissn/gomap/TreeDB/freelist","Test":"TestFreelistGenerationV1_PageCodecRoundTripAndCorruption","Elapsed":0}
{"Time":"2026-10-07T23:21:06.795149-10:00","Action":"run","Package":"github.com/snissn/gomap/TreeDB/freelist","Test":"TestFreelistGenerationV1_EveryPageKindRejectsCorruption"}
{"Time":"2026-10-07T23:21:06.795152-10:00","Action":"output","Package":"github.com/snissn/gomap/TreeDB/freelist","Test":"TestFreelistGenerationV1_EveryPageKindRejectsCorruption","Output":"=== RUN   TestFreelistGenerationV1_EveryPageKindRejectsCorruption\n"}
{"Time":"2026-10-07T23:21:06.795209-10:00","Action":"output","Package":"github.com/snissn/gomap/TreeDB/freelist","Test":"TestFreelistGenerationV1_EveryPageKindRejectsCorruption","Output":"--- PASS: TestFreelistGenerationV1_EveryPageKindRejectsCorruption (0.00s)\n"}
{"Time":"2026-10-07T23:21:06.795214-10:00","Action":"pass","Package":"github.com/snissn/gomap/TreeDB/freelist","Test":"TestFreelistGenerationV1_EveryPageKindRejectsCorruption","Elapsed":0}
{"Time":"2026-10-07T23:21:06.795218-10:00","Action":"run","Package":"github.com/snissn/gomap/TreeDB/freelist","Test":"TestFreelistGenerationV1_CanonicalAndSummaryValidationSurvivesRecomputedCRC"}
{"Time":"2026-10-07T23:21:06.79522-10:00","Action":"output","Package":"github.com/snissn/gomap/TreeDB/freelist","Test":"TestFreelistGenerationV1_CanonicalAndSummaryValidationSurvivesRecomputedCRC","Output":"=== RUN   TestFreelistGenerationV1_CanonicalAndSummaryValidationSurvivesRecomputedCRC\n"}
{"Time":"2026-10-07T23:21:06.795259-10:00","Action":"output","Package":"github.com/snissn/gomap/TreeDB/freelist","Test":"TestFreelistGenerationV1_CanonicalAndSummaryValidationSurvivesRecomputedCRC","Output":"--- PASS: TestFreelistGenerationV1_CanonicalAndSummaryValidationSurvivesRecomputedCRC (0.00s)\n"}
{"Time":"2026-10-07T23:21:06.795277-10:00","Action":"pass","Package":"github.com/snissn/gomap/TreeDB/freelist","Test":"TestFreelistGenerationV1_CanonicalAndSummaryValidationSurvivesRecomputedCRC","Elapsed":0}
{"Time":"2026-10-07T23:21:06.79528-10:00","Action":"run","Package":"github.com/snissn/gomap/TreeDB/freelist","Test":"TestReservationExtentsRejectCrossKindOverlap"}
{"Time":"2026-10-07T23:21:06.795283-10:00","Action":"output","Package":"github.com/snissn/gomap/TreeDB/freelist","Test":"TestReservationExtentsRejectCrossKindOverlap","Output":"=== RUN   TestReservationExtentsRejectCrossKindOverlap\n"}
{"Time":"2026-10-07T23:21:06.795286-10:00","Action":"output","Package":"github.com/snissn/gomap/TreeDB/freelist","Test":"TestReservationExtentsRejectCrossKindOverlap","Output":"--- PASS: TestReservationExtentsRejectCrossKindOverlap (0.00s)\n"}
{"Time":"2026-10-07T23:21:06.795289-10:00","Action":"pass","Package":"github.com/snissn/gomap/TreeDB/freelist","Test":"TestReservationExtentsRejectCrossKindOverlap","Elapsed":0}
{"Time":"2026-10-07T23:21:06.795292-10:00","Action":"run","Package":"github.com/snissn/gomap/TreeDB/freelist","Test":"TestFreelistGenerationV1_ReopenReconstructsReservationOwnership"}
{"Time":"2026-10-07T23:21:06.795301-10:00","Action":"output","Package":"github.com/snissn/gomap/TreeDB/freelist","Test":"TestFreelistGenerationV1_ReopenReconstructsReservationOwnership","Output":"=== RUN   TestFreelistGenerationV1_ReopenReconstructsReservationOwnership\n"}
{"Time":"2026-10-07T23:21:06.795304-10:00","Action":"output","Package":"github.com/snissn/gomap/TreeDB/freelist","Test":"TestFreelistGenerationV1_ReopenReconstructsReservationOwnership","Output":"--- PASS: TestFreelistGenerationV1_ReopenReconstructsReservationOwnership (0.00s)\n"}
{"Time":"2026-10-07T23:21:06.795307-10:00","Action":"pass","Package":"github.com/snissn/gomap/TreeDB/freelist","Test":"TestFreelistGenerationV1_ReopenReconstructsReservationOwnership","Elapsed":0}
{"Time":"2026-10-07T23:21:06.79531-10:00","Action":"run","Package":"github.com/snissn/gomap/TreeDB/freelist","Test":"TestFreelistGenerationV1_MultiPageReservationRecordRoundTripAndDigest"}
{"Time":"2026-10-07T23:21:06.795313-10:00","Action":"output","Package":"github.com/snissn/gomap/TreeDB/freelist","Test":"TestFreelistGenerationV1_MultiPageReservationRecordRoundTripAndDigest","Output":"=== RUN   TestFreelistGenerationV1_MultiPageReservationRecordRoundTripAndDigest\n"}
{"Time":"2026-10-07T23:21:06.795484-10:00","Action":"output","Package":"github.com/snissn/gomap/TreeDB/freelist","Test":"TestFreelistGenerationV1_MultiPageReservationRecordRoundTripAndDigest","Output":"--- PASS: TestFreelistGenerationV1_MultiPageReservationRecordRoundTripAndDigest (0.00s)\n"}
{"Time":"2026-10-07T23:21:06.795489-10:00","Action":"pass","Package":"github.com/snissn/gomap/TreeDB/freelist","Test":"TestFreelistGenerationV1_MultiPageReservationRecordRoundTripAndDigest","Elapsed":0}
{"Time":"2026-10-07T23:21:06.795493-10:00","Action":"run","Package":"github.com/snissn/gomap/TreeDB/freelist","Test":"TestFreelistGenerationV1_OneChunkDeltaEmitsOnlyOnePath"}
{"Time":"2026-10-07T23:21:06.795495-10:00","Action":"output","Package":"github.com/snissn/gomap/TreeDB/freelist","Test":"TestFreelistGenerationV1_OneChunkDeltaEmitsOnlyOnePath","Output":"=== RUN   TestFreelistGenerationV1_OneChunkDeltaEmitsOnlyOnePath\n"}
{"Time":"2026-10-07T23:21:06.810635-10:00","Action":"output","Package":"github.com/snissn/gomap/TreeDB/freelist","Test":"TestFreelistGenerationV1_OneChunkDeltaEmitsOnlyOnePath","Output":"--- PASS: TestFreelistGenerationV1_OneChunkDeltaEmitsOnlyOnePath (0.02s)\n"}
{"Time":"2026-10-07T23:21:06.81066-10:00","Action":"pass","Package":"github.com/snissn/gomap/TreeDB/freelist","Test":"TestFreelistGenerationV1_OneChunkDeltaEmitsOnlyOnePath","Elapsed":0.02}
{"Time":"2026-10-07T23:21:06.810666-10:00","Action":"run","Package":"github.com/snissn/gomap/TreeDB/freelist","Test":"TestFreelistGenerationV1_BatchedRetirementMutatesEachChunkOnce"}
{"Time":"2026-10-07T23:21:06.810669-10:00","Action":"output","Package":"github.com/snissn/gomap/TreeDB/freelist","Test":"TestFreelistGenerationV1_BatchedRetirementMutatesEachChunkOnce","Output":"=== RUN   TestFreelistGenerationV1_BatchedRetirementMutatesEachChunkOnce\n"}
{"Time":"2026-10-07T23:21:06.810709-10:00","Action":"output","Package":"github.com/snissn/gomap/TreeDB/freelist","Test":"TestFreelistGenerationV1_BatchedRetirementMutatesEachChunkOnce","Output":"--- PASS: TestFreelistGenerationV1_BatchedRetirementMutatesEachChunkOnce (0.00s)\n"}
{"Time":"2026-10-07T23:21:06.810713-10:00","Action":"pass","Package":"github.com/snissn/gomap/TreeDB/freelist","Test":"TestFreelistGenerationV1_BatchedRetirementMutatesEachChunkOnce","Elapsed":0}
{"Time":"2026-10-07T23:21:06.810716-10:00","Action":"run","Package":"github.com/snissn/gomap/TreeDB/freelist","Test":"TestFreelistGenerationV1_BatchedPruneMutatesEachChunkOnce"}
{"Time":"2026-10-07T23:21:06.810719-10:00","Action":"output","Package":"github.com/snissn/gomap/TreeDB/freelist","Test":"TestFreelistGenerationV1_BatchedPruneMutatesEachChunkOnce","Output":"=== RUN   TestFreelistGenerationV1_BatchedPruneMutatesEachChunkOnce\n"}
{"Time":"2026-10-07T23:21:06.810763-10:00","Action":"output","Package":"github.com/snissn/gomap/TreeDB/freelist","Test":"TestFreelistGenerationV1_BatchedPruneMutatesEachChunkOnce","Output":"--- PASS: TestFreelistGenerationV1_BatchedPruneMutatesEachChunkOnce (0.00s)\n"}
{"Time":"2026-10-07T23:21:06.810771-10:00","Action":"pass","Package":"github.com/snissn/gomap/TreeDB/freelist","Test":"TestFreelistGenerationV1_BatchedPruneMutatesEachChunkOnce","Elapsed":0}
{"Time":"2026-10-07T23:21:06.810775-10:00","Action":"run","Package":"github.com/snissn/gomap/TreeDB/freelist","Test":"TestFreelistGenerationV1_BatchedRetirementMatchesPerPageBytes"}
{"Time":"2026-10-07T23:21:06.810779-10:00","Action":"output","Package":"github.com/snissn/gomap/TreeDB/freelist","Test":"TestFreelistGenerationV1_BatchedRetirementMatchesPerPageBytes","Output":"=== RUN   TestFreelistGenerationV1_BatchedRetirementMatchesPerPageBytes\n"}
{"Time":"2026-10-07T23:21:06.810829-10:00","Action":"output","Package":"github.com/snissn/gomap/TreeDB/freelist","Test":"TestFreelistGenerationV1_BatchedRetirementMatchesPerPageBytes","Output":"--- PASS: TestFreelistGenerationV1_BatchedRetirementMatchesPerPageBytes (0.00s)\n"}
{"Time":"2026-10-07T23:21:06.810835-10:00","Action":"pass","Package":"github.com/snissn/gomap/TreeDB/freelist","Test":"TestFreelistGenerationV1_BatchedRetirementMatchesPerPageBytes","Elapsed":0}
{"Time":"2026-10-07T23:21:06.810846-10:00","Action":"run","Package":"github.com/snissn/gomap/TreeDB/freelist","Test":"TestFreelistGenerationV1_ReopenAcceptsSharedAncestorPages"}
{"Time":"2026-10-07T23:21:06.810849-10:00","Action":"output","Package":"github.com/snissn/gomap/TreeDB/freelist","Test":"TestFreelistGenerationV1_ReopenAcceptsSharedAncestorPages","Output":"=== RUN   TestFreelistGenerationV1_ReopenAcceptsSharedAncestorPages\n"}
{"Time":"2026-10-07T23:21:06.810896-10:00","Action":"run","Package":"github.com/snissn/gomap/TreeDB/freelist","Test":"TestFreelistGenerationV1_ReopenAcceptsSharedAncestorPages/current-generation-outside-target"}
{"Time":"2026-10-07T23:21:06.810901-10:00","Action":"output","Package":"github.com/snissn/gomap/TreeDB/freelist","Test":"TestFreelistGenerationV1_ReopenAcceptsSharedAncestorPages/current-generation-outside-target","Output":"=== RUN   TestFreelistGenerationV1_ReopenAcceptsSharedAncestorPages/current-generation-outside-target\n"}
{"Time":"2026-10-07T23:21:06.810917-10:00","Action":"output","Package":"github.com/snissn/gomap/TreeDB/freelist","Test":"TestFreelistGenerationV1_ReopenAcceptsSharedAncestorPages/current-generation-outside-target","Output":"--- PASS: TestFreelistGenerationV1_ReopenAcceptsSharedAncestorPages/current-generation-outside-target (0.00s)\n"}
{"Time":"2026-10-07T23:21:06.81092-10:00","Action":"pass","Package":"github.com/snissn/gomap/TreeDB/freelist","Test":"TestFreelistGenerationV1_ReopenAcceptsSharedAncestorPages/current-generation-outside-target","Elapsed":0}
{"Time":"2026-10-07T23:21:06.810924-10:00","Action":"run","Package":"github.com/snissn/gomap/TreeDB/freelist","Test":"TestFreelistGenerationV1_ReopenAcceptsSharedAncestorPages/recomputed-child-crc"}
{"Time":"2026-10-07T23:21:06.81094-10:00","Action":"output","Package":"github.com/snissn/gomap/TreeDB/freelist","Test":"TestFreelistGenerationV1_ReopenAcceptsSharedAncestorPages/recomputed-child-crc","Output":"=== RUN   TestFreelistGenerationV1_ReopenAcceptsSharedAncestorPages/recomputed-child-crc\n"}
{"Time":"2026-10-07T23:21:06.810945-10:00","Action":"output","Package":"github.com/snissn/gomap/TreeDB/freelist","Test":"TestFreelistGenerationV1_ReopenAcceptsSharedAncestorPages/recomputed-child-crc","Output":"--- PASS: TestFreelistGenerationV1_ReopenAcceptsSharedAncestorPages/recomputed-child-crc (0.00s)\n"}
{"Time":"2026-10-07T23:21:06.810948-10:00","Action":"pass","Package":"github.com/snissn/gomap/TreeDB/freelist","Test":"TestFreelistGenerationV1_ReopenAcceptsSharedAncestorPages/recomputed-child-crc","Elapsed":0}
{"Time":"2026-10-07T23:21:06.81095-10:00","Action":"output","Package":"github.com/snissn/gomap/TreeDB/freelist","Test":"TestFreelistGenerationV1_ReopenAcceptsSharedAncestorPages","Output":"--- PASS: TestFreelistGenerationV1_ReopenAcceptsSharedAncestorPages (0.00s)\n"}
{"Time":"2026-10-07T23:21:06.810953-10:00","Action":"pass","Package":"github.com/snissn/gomap/TreeDB/freelist","Test":"TestFreelistGenerationV1_ReopenAcceptsSharedAncestorPages","Elapsed":0}
{"Time":"2026-10-07T23:21:06.810956-10:00","Action":"run","Package":"github.com/snissn/gomap/TreeDB/freelist","Test":"TestFreelistGenerationV1_AppendOnlySuccessorRewritesRoot"}
{"Time":"2026-10-07T23:21:06.810959-10:00","Action":"output","Package":"github.com/snissn/gomap/TreeDB/freelist","Test":"TestFreelistGenerationV1_AppendOnlySuccessorRewritesRoot","Output":"=== RUN   TestFreelistGenerationV1_AppendOnlySuccessorRewritesRoot\n"}
{"Time":"2026-10-07T23:21:06.810962-10:00","Action":"run","Package":"github.com/snissn/gomap/TreeDB/freelist","Test":"TestFreelistGenerationV1_AppendOnlySuccessorRewritesRoot/empty"}
{"Time":"2026-10-07T23:21:06.810964-10:00","Action":"output","Package":"github.com/snissn/gomap/TreeDB/freelist","Test":"TestFreelistGenerationV1_AppendOnlySuccessorRewritesRoot/empty","Output":"=== RUN   TestFreelistGenerationV1_AppendOnlySuccessorRewritesRoot/empty\n"}
{"Time":"2026-10-07T23:21:06.810978-10:00","Action":"output","Package":"github.com/snissn/gomap/TreeDB/freelist","Test":"TestFreelistGenerationV1_AppendOnlySuccessorRewritesRoot/empty","Output":"--- PASS: TestFreelistGenerationV1_AppendOnlySuccessorRewritesRoot/empty (0.00s)\n"}
{"Time":"2026-10-07T23:21:06.810981-10:00","Action":"pass","Package":"github.com/snissn/gomap/TreeDB/freelist","Test":"TestFreelistGenerationV1_AppendOnlySuccessorRewritesRoot/empty","Elapsed":0}
{"Time":"2026-10-07T23:21:06.810985-10:00","Action":"run","Package":"github.com/snissn/gomap/TreeDB/freelist","Test":"TestFreelistGenerationV1_AppendOnlySuccessorRewritesRoot/retired-only"}
{"Time":"2026-10-07T23:21:06.810987-10:00","Action":"output","Package":"github.com/snissn/gomap/TreeDB/freelist","Test":"TestFreelistGenerationV1_AppendOnlySuccessorRewritesRoot/retired-only","Output":"=== RUN   TestFreelistGenerationV1_AppendOnlySuccessorRewritesRoot/retired-only\n"}
{"Time":"2026-10-07T23:21:06.811015-10:00","Action":"output","Package":"github.com/snissn/gomap/TreeDB/freelist","Test":"TestFreelistGenerationV1_AppendOnlySuccessorRewritesRoot/retired-only","Output":"--- PASS: TestFreelistGenerationV1_AppendOnlySuccessorRewritesRoot/retired-only (0.00s)\n"}
{"Time":"2026-10-07T23:21:06.81102-10:00","Action":"pass","Package":"github.com/snissn/gomap/TreeDB/freelist","Test":"TestFreelistGenerationV1_AppendOnlySuccessorRewritesRoot/retired-only","Elapsed":0}
{"Time":"2026-10-07T23:21:06.811023-10:00","Action":"output","Package":"github.com/snissn/gomap/TreeDB/freelist","Test":"TestFreelistGenerationV1_AppendOnlySuccessorRewritesRoot","Output":"--- PASS: TestFreelistGenerationV1_AppendOnlySuccessorRewritesRoot (0.00s)\n"}
{"Time":"2026-10-07T23:21:06.811027-10:00","Action":"pass","Package":"github.com/snissn/gomap/TreeDB/freelist","Test":"TestFreelistGenerationV1_AppendOnlySuccessorRewritesRoot","Elapsed":0}
{"Time":"2026-10-07T23:21:06.811043-10:00","Action":"run","Package":"github.com/snissn/gomap/TreeDB/freelist","Test":"TestFreelistGenerationV1_ParentChecksumRejectsRecomputedChildCRC"}
{"Time":"2026-10-07T23:21:06.811046-10:00","Action":"output","Package":"github.com/snissn/gomap/TreeDB/freelist","Test":"TestFreelistGenerationV1_ParentChecksumRejectsRecomputedChildCRC","Output":"=== RUN   TestFreelistGenerationV1_ParentChecksumRejectsRecomputedChildCRC\n"}
{"Time":"2026-10-07T23:21:06.811049-10:00","Action":"output","Package":"github.com/snissn/gomap/TreeDB/freelist","Test":"TestFreelistGenerationV1_ParentChecksumRejectsRecomputedChildCRC","Output":"--- PASS: TestFreelistGenerationV1_ParentChecksumRejectsRecomputedChildCRC (0.00s)\n"}
{"Time":"2026-10-07T23:21:06.811053-10:00","Action":"pass","Package":"github.com/snissn/gomap/TreeDB/freelist","Test":"TestFreelistGenerationV1_ParentChecksumRejectsRecomputedChildCRC","Elapsed":0}
{"Time":"2026-10-07T23:21:06.811056-10:00","Action":"run","Package":"github.com/snissn/gomap/TreeDB/freelist","Test":"TestFreelistGenerationV1_EncodeIndexRejectsChildSummaryOverflow"}
{"Time":"2026-10-07T23:21:06.811058-10:00","Action":"output","Package":"github.com/snissn/gomap/TreeDB/freelist","Test":"TestFreelistGenerationV1_EncodeIndexRejectsChildSummaryOverflow","Output":"=== RUN   TestFreelistGenerationV1_EncodeIndexRejectsChildSummaryOverflow\n"}
{"Time":"2026-10-07T23:21:06.811062-10:00","Action":"run","Package":"github.com/snissn/gomap/TreeDB/freelist","Test":"TestFreelistGenerationV1_EncodeIndexRejectsChildSummaryOverflow/free"}
{"Time":"2026-10-07T23:21:06.811065-10:00","Action":"output","Package":"github.com/snissn/gomap/TreeDB/freelist","Test":"TestFreelistGenerationV1_EncodeIndexRejectsChildSummaryOverflow/free","Output":"=== RUN   TestFreelistGenerationV1_EncodeIndexRejectsChildSummaryOverflow/free\n"}
{"Time":"2026-10-07T23:21:06.811068-10:00","Action":"output","Package":"github.com/snissn/gomap/TreeDB/freelist","Test":"TestFreelistGenerationV1_EncodeIndexRejectsChildSummaryOverflow/free","Output":"--- PASS: TestFreelistGenerationV1_EncodeIndexRejectsChildSummaryOverflow/free (0.00s)\n"}
{"Time":"2026-10-07T23:21:06.811071-10:00","Action":"pass","Package":"github.com/snissn/gomap/TreeDB/freelist","Test":"TestFreelistGenerationV1_EncodeIndexRejectsChildSummaryOverflow/free","Elapsed":0}
{"Time":"2026-10-07T23:21:06.811074-10:00","Action":"run","Package":"github.com/snissn/gomap/TreeDB/freelist","Test":"TestFreelistGenerationV1_EncodeIndexRejectsChildSummaryOverflow/retired"}
{"Time":"2026-10-07T23:21:06.811077-10:00","Action":"output","Package":"github.com/snissn/gomap/TreeDB/freelist","Test":"TestFreelistGenerationV1_EncodeIndexRejectsChildSummaryOverflow/retired","Output":"=== RUN   TestFreelistGenerationV1_EncodeIndexRejectsChildSummaryOverflow/retired\n"}
{"Time":"2026-10-07T23:21:06.81108-10:00","Action":"output","Package":"github.com/snissn/gomap/TreeDB/freelist","Test":"TestFreelistGenerationV1_EncodeIndexRejectsChildSummaryOverflow/retired","Output":"--- PASS: TestFreelistGenerationV1_EncodeIndexRejectsChildSummaryOverflow/retired (0.00s)\n"}
{"Time":"2026-10-07T23:21:06.811082-10:00","Action":"pass","Package":"github.com/snissn/gomap/TreeDB/freelist","Test":"TestFreelistGenerationV1_EncodeIndexRejectsChildSummaryOverflow/retired","Elapsed":0}
{"Time":"2026-10-07T23:21:06.811085-10:00","Action":"output","Package":"github.com/snissn/gomap/TreeDB/freelist","Test":"TestFreelistGenerationV1_EncodeIndexRejectsChildSummaryOverflow","Output":"--- PASS: TestFreelistGenerationV1_EncodeIndexRejectsChildSummaryOverflow (0.00s)\n"}
{"Time":"2026-10-07T23:21:06.811088-10:00","Action":"pass","Package":"github.com/snissn/gomap/TreeDB/freelist","Test":"TestFreelistGenerationV1_EncodeIndexRejectsChildSummaryOverflow","Elapsed":0}
{"Time":"2026-10-07T23:21:06.811091-10:00","Action":"run","Package":"github.com/snissn/gomap/TreeDB/freelist","Test":"TestFreelistGenerationV1_LoadStateNodeAcceptsZeroChildChecksum"}
{"Time":"2026-10-07T23:21:06.811105-10:00","Action":"output","Package":"github.com/snissn/gomap/TreeDB/freelist","Test":"TestFreelistGenerationV1_LoadStateNodeAcceptsZeroChildChecksum","Output":"=== RUN   TestFreelistGenerationV1_LoadStateNodeAcceptsZeroChildChecksum\n"}
{"Time":"2026-10-07T23:21:06.811108-10:00","Action":"output","Package":"github.com/snissn/gomap/TreeDB/freelist","Test":"TestFreelistGenerationV1_LoadStateNodeAcceptsZeroChildChecksum","Output":"--- PASS: TestFreelistGenerationV1_LoadStateNodeAcceptsZeroChildChecksum (0.00s)\n"}
{"Time":"2026-10-07T23:21:06.811111-10:00","Action":"pass","Package":"github.com/snissn/gomap/TreeDB/freelist","Test":"TestFreelistGenerationV1_LoadStateNodeAcceptsZeroChildChecksum","Elapsed":0}
{"Time":"2026-10-07T23:21:06.811114-10:00","Action":"run","Package":"github.com/snissn/gomap/TreeDB/freelist","Test":"TestFreelistGenerationV1_MaterializeAcceptsZeroRootChecksum"}
{"Time":"2026-10-07T23:21:06.811117-10:00","Action":"output","Package":"github.com/snissn/gomap/TreeDB/freelist","Test":"TestFreelistGenerationV1_MaterializeAcceptsZeroRootChecksum","Output":"=== RUN   TestFreelistGenerationV1_MaterializeAcceptsZeroRootChecksum\n"}
{"Time":"2026-10-07T23:21:06.811152-10:00","Action":"output","Package":"github.com/snissn/gomap/TreeDB/freelist","Test":"TestFreelistGenerationV1_MaterializeAcceptsZeroRootChecksum","Output":"--- PASS: TestFreelistGenerationV1_MaterializeAcceptsZeroRootChecksum (0.00s)\n"}
{"Time":"2026-10-07T23:21:06.811157-10:00","Action":"pass","Package":"github.com/snissn/gomap/TreeDB/freelist","Test":"TestFreelistGenerationV1_MaterializeAcceptsZeroRootChecksum","Elapsed":0}
{"Time":"2026-10-07T23:21:06.811161-10:00","Action":"run","Package":"github.com/snissn/gomap/TreeDB/freelist","Test":"TestFreelistGenerationV1_ReplacedMetadataWaitsForExplicitHorizon"}
{"Time":"2026-10-07T23:21:06.811163-10:00","Action":"output","Package":"github.com/snissn/gomap/TreeDB/freelist","Test":"TestFreelistGenerationV1_ReplacedMetadataWaitsForExplicitHorizon","Output":"=== RUN   TestFreelistGenerationV1_ReplacedMetadataWaitsForExplicitHorizon\n"}
{"Time":"2026-10-07T23:21:06.811181-10:00","Action":"output","Package":"github.com/snissn/gomap/TreeDB/freelist","Test":"TestFreelistGenerationV1_ReplacedMetadataWaitsForExplicitHorizon","Output":"--- PASS: TestFreelistGenerationV1_ReplacedMetadataWaitsForExplicitHorizon (0.00s)\n"}
{"Time":"2026-10-07T23:21:06.811185-10:00","Action":"pass","Package":"github.com/snissn/gomap/TreeDB/freelist","Test":"TestFreelistGenerationV1_ReplacedMetadataWaitsForExplicitHorizon","Elapsed":0}
{"Time":"2026-10-07T23:21:06.811188-10:00","Action":"run","Package":"github.com/snissn/gomap/TreeDB/freelist","Test":"TestBeginCandidateV1RejectsStaleParent"}
{"Time":"2026-10-07T23:21:06.811192-10:00","Action":"output","Package":"github.com/snissn/gomap/TreeDB/freelist","Test":"TestBeginCandidateV1RejectsStaleParent","Output":"=== RUN   TestBeginCandidateV1RejectsStaleParent\n"}
{"Time":"2026-10-07T23:21:06.811195-10:00","Action":"output","Package":"github.com/snissn/gomap/TreeDB/freelist","Test":"TestBeginCandidateV1RejectsStaleParent","Output":"--- PASS: TestBeginCandidateV1RejectsStaleParent (0.00s)\n"}
{"Time":"2026-10-07T23:21:06.811199-10:00","Action":"pass","Package":"github.com/snissn/gomap/TreeDB/freelist","Test":"TestBeginCandidateV1RejectsStaleParent","Elapsed":0}
{"Time":"2026-10-07T23:21:06.811202-10:00","Action":"run","Package":"github.com/snissn/gomap/TreeDB/freelist","Test":"TestIntrinsicTreeCreatingCreditOutlivesTransferredParent5105"}
{"Time":"2026-10-07T23:21:06.811204-10:00","Action":"output","Package":"github.com/snissn/gomap/TreeDB/freelist","Test":"TestIntrinsicTreeCreatingCreditOutlivesTransferredParent5105","Output":"=== RUN   TestIntrinsicTreeCreatingCreditOutlivesTransferredParent5105\n"}
{"Time":"2026-10-07T23:21:06.811208-10:00","Action":"output","Package":"github.com/snissn/gomap/TreeDB/freelist","Test":"TestIntrinsicTreeCreatingCreditOutlivesTransferredParent5105","Output":"--- PASS: TestIntrinsicTreeCreatingCreditOutlivesTransferredParent5105 (0.00s)\n"}
{"Time":"2026-10-07T23:21:06.81123-10:00","Action":"pass","Package":"github.com/snissn/gomap/TreeDB/freelist","Test":"TestIntrinsicTreeCreatingCreditOutlivesTransferredParent5105","Elapsed":0}
{"Time":"2026-10-07T23:21:06.811233-10:00","Action":"run","Package":"github.com/snissn/gomap/TreeDB/freelist","Test":"TestIntrinsicTreeBirthDeniedBeforeAliasOrMutation5105"}
{"Time":"2026-10-07T23:21:06.811236-10:00","Action":"output","Package":"github.com/snissn/gomap/TreeDB/freelist","Test":"TestIntrinsicTreeBirthDeniedBeforeAliasOrMutation5105","Output":"=== RUN   TestIntrinsicTreeBirthDeniedBeforeAliasOrMutation5105\n"}
{"Time":"2026-10-07T23:21:06.811239-10:00","Action":"output","Package":"github.com/snissn/gomap/TreeDB/freelist","Test":"TestIntrinsicTreeBirthDeniedBeforeAliasOrMutation5105","Output":"--- PASS: TestIntrinsicTreeBirthDeniedBeforeAliasOrMutation5105 (0.00s)\n"}
{"Time":"2026-10-07T23:21:06.811242-10:00","Action":"pass","Package":"github.com/snissn/gomap/TreeDB/freelist","Test":"TestIntrinsicTreeBirthDeniedBeforeAliasOrMutation5105","Elapsed":0}
{"Time":"2026-10-07T23:21:06.811245-10:00","Action":"run","Package":"github.com/snissn/gomap/TreeDB/freelist","Test":"TestMetadataFixedOverlayMatchesNormalizedReference5105"}
{"Time":"2026-10-07T23:21:06.811248-10:00","Action":"output","Package":"github.com/snissn/gomap/TreeDB/freelist","Test":"TestMetadataFixedOverlayMatchesNormalizedReference5105","Output":"=== RUN   TestMetadataFixedOverlayMatchesNormalizedReference5105\n"}
{"Time":"2026-10-07T23:21:06.81125-10:00","Action":"output","Package":"github.com/snissn/gomap/TreeDB/freelist","Test":"TestMetadataFixedOverlayMatchesNormalizedReference5105","Output":"--- PASS: TestMetadataFixedOverlayMatchesNormalizedReference5105 (0.00s)\n"}
{"Time":"2026-10-07T23:21:06.811253-10:00","Action":"pass","Package":"github.com/snissn/gomap/TreeDB/freelist","Test":"TestMetadataFixedOverlayMatchesNormalizedReference5105","Elapsed":0}
{"Time":"2026-10-07T23:21:06.811256-10:00","Action":"run","Package":"github.com/snissn/gomap/TreeDB/freelist","Test":"TestReusedMetadataJointAdmissionBeforeClaim5105"}
{"Time":"2026-10-07T23:21:06.811259-10:00","Action":"output","Package":"github.com/snissn/gomap/TreeDB/freelist","Test":"TestReusedMetadataJointAdmissionBeforeClaim5105","Output":"=== RUN   TestReusedMetadataJointAdmissionBeforeClaim5105\n"}
{"Time":"2026-10-07T23:21:06.811261-10:00","Action":"run","Package":"github.com/snissn/gomap/TreeDB/freelist","Test":"TestReusedMetadataJointAdmissionBeforeClaim5105/deny"}
{"Time":"2026-10-07T23:21:06.811264-10:00","Action":"output","Package":"github.com/snissn/gomap/TreeDB/freelist","Test":"TestReusedMetadataJointAdmissionBeforeClaim5105/deny","Output":"=== RUN   TestReusedMetadataJointAdmissionBeforeClaim5105/deny\n"}
{"Time":"2026-10-07T23:21:06.811267-10:00","Action":"output","Package":"github.com/snissn/gomap/TreeDB/freelist","Test":"TestReusedMetadataJointAdmissionBeforeClaim5105/deny","Output":"--- PASS: TestReusedMetadataJointAdmissionBeforeClaim5105/deny (0.00s)\n"}
{"Time":"2026-10-07T23:21:06.81127-10:00","Action":"pass","Package":"github.com/snissn/gomap/TreeDB/freelist","Test":"TestReusedMetadataJointAdmissionBeforeClaim5105/deny","Elapsed":0}
{"Time":"2026-10-07T23:21:06.811273-10:00","Action":"run","Package":"github.com/snissn/gomap/TreeDB/freelist","Test":"TestReusedMetadataJointAdmissionBeforeClaim5105/admit"}
{"Time":"2026-10-07T23:21:06.811276-10:00","Action":"output","Package":"github.com/snissn/gomap/TreeDB/freelist","Test":"TestReusedMetadataJointAdmissionBeforeClaim5105/admit","Output":"=== RUN   TestReusedMetadataJointAdmissionBeforeClaim5105/admit\n"}
{"Time":"2026-10-07T23:21:06.811284-10:00","Action":"output","Package":"github.com/snissn/gomap/TreeDB/freelist","Test":"TestReusedMetadataJointAdmissionBeforeClaim5105/admit","Output":"--- PASS: TestReusedMetadataJointAdmissionBeforeClaim5105/admit (0.00s)\n"}
{"Time":"2026-10-07T23:21:06.811288-10:00","Action":"pass","Package":"github.com/snissn/gomap/TreeDB/freelist","Test":"TestReusedMetadataJointAdmissionBeforeClaim5105/admit","Elapsed":0}
{"Time":"2026-10-07T23:21:06.811303-10:00","Action":"output","Package":"github.com/snissn/gomap/TreeDB/freelist","Test":"TestReusedMetadataJointAdmissionBeforeClaim5105","Output":"--- PASS: TestReusedMetadataJointAdmissionBeforeClaim5105 (0.00s)\n"}
{"Time":"2026-10-07T23:21:06.811306-10:00","Action":"pass","Package":"github.com/snissn/gomap/TreeDB/freelist","Test":"TestReusedMetadataJointAdmissionBeforeClaim5105","Elapsed":0}
{"Time":"2026-10-07T23:21:06.811309-10:00","Action":"run","Package":"github.com/snissn/gomap/TreeDB/freelist","Test":"TestManagedWriterCapabilitySingleClaim5105"}
{"Time":"2026-10-07T23:21:06.811312-10:00","Action":"output","Package":"github.com/snissn/gomap/TreeDB/freelist","Test":"TestManagedWriterCapabilitySingleClaim5105","Output":"=== RUN   TestManagedWriterCapabilitySingleClaim5105\n"}
{"Time":"2026-10-07T23:21:06.811902-10:00","Action":"output","Package":"github.com/snissn/gomap/TreeDB/freelist","Test":"TestManagedWriterCapabilitySingleClaim5105","Output":"--- PASS: TestManagedWriterCapabilitySingleClaim5105 (0.00s)\n"}
{"Time":"2026-10-07T23:21:06.811907-10:00","Action":"pass","Package":"github.com/snissn/gomap/TreeDB/freelist","Test":"TestManagedWriterCapabilitySingleClaim5105","Elapsed":0}
{"Time":"2026-10-07T23:21:06.81191-10:00","Action":"run","Package":"github.com/snissn/gomap/TreeDB/freelist","Test":"TestManagedWriterEscapeRefusesResidentAdoptionAndFiniteExport5105"}
{"Time":"2026-10-07T23:21:06.811913-10:00","Action":"output","Package":"github.com/snissn/gomap/TreeDB/freelist","Test":"TestManagedWriterEscapeRefusesResidentAdoptionAndFiniteExport5105","Output":"=== RUN   TestManagedWriterEscapeRefusesResidentAdoptionAndFiniteExport5105\n"}
{"Time":"2026-10-07T23:21:06.812408-10:00","Action":"output","Package":"github.com/snissn/gomap/TreeDB/freelist","Test":"TestManagedWriterEscapeRefusesResidentAdoptionAndFiniteExport5105","Output":"--- PASS: TestManagedWriterEscapeRefusesResidentAdoptionAndFiniteExport5105 (0.00s)\n"}
{"Time":"2026-10-07T23:21:06.812413-10:00","Action":"pass","Package":"github.com/snissn/gomap/TreeDB/freelist","Test":"TestManagedWriterEscapeRefusesResidentAdoptionAndFiniteExport5105","Elapsed":0}
{"Time":"2026-10-07T23:21:06.812416-10:00","Action":"run","Package":"github.com/snissn/gomap/TreeDB/freelist","Test":"TestManagedWriterCondBorrowOwnsHeadersThroughShutdown5105"}
{"Time":"2026-10-07T23:21:06.812419-10:00","Action":"output","Package":"github.com/snissn/gomap/TreeDB/freelist","Test":"TestManagedWriterCondBorrowOwnsHeadersThroughShutdown5105","Output":"=== RUN   TestManagedWriterCondBorrowOwnsHeadersThroughShutdown5105\n"}
{"Time":"2026-10-07T23:21:06.812754-10:00","Action":"output","Package":"github.com/snissn/gomap/TreeDB/freelist","Test":"TestManagedWriterCondBorrowOwnsHeadersThroughShutdown5105","Output":"--- PASS: TestManagedWriterCondBorrowOwnsHeadersThroughShutdown5105 (0.00s)\n"}
{"Time":"2026-10-07T23:21:06.812759-10:00","Action":"pass","Package":"github.com/snissn/gomap/TreeDB/freelist","Test":"TestManagedWriterCondBorrowOwnsHeadersThroughShutdown5105","Elapsed":0}
{"Time":"2026-10-07T23:21:06.812762-10:00","Action":"run","Package":"github.com/snissn/gomap/TreeDB/freelist","Test":"TestMaterializationBackingPredebitsAndKeepsCreator5108"}
{"Time":"2026-10-07T23:21:06.812765-10:00","Action":"output","Package":"github.com/snissn/gomap/TreeDB/freelist","Test":"TestMaterializationBackingPredebitsAndKeepsCreator5108","Output":"=== RUN   TestMaterializationBackingPredebitsAndKeepsCreator5108\n"}
{"Time":"2026-10-07T23:21:06.812771-10:00","Action":"run","Package":"github.com/snissn/gomap/TreeDB/freelist","Test":"TestMaterializationBackingPredebitsAndKeepsCreator5108/output-refusal-before-first-write"}
{"Time":"2026-10-07T23:21:06.812774-10:00","Action":"output","Package":"github.com/snissn/gomap/TreeDB/freelist","Test":"TestMaterializationBackingPredebitsAndKeepsCreator5108/output-refusal-before-first-write","Output":"=== RUN   TestMaterializationBackingPredebitsAndKeepsCreator5108/output-refusal-before-first-write\n"}
{"Time":"2026-10-07T23:21:06.81279-10:00","Action":"output","Package":"github.com/snissn/gomap/TreeDB/freelist","Test":"TestMaterializationBackingPredebitsAndKeepsCreator5108/output-refusal-before-first-write","Output":"--- PASS: TestMaterializationBackingPredebitsAndKeepsCreator5108/output-refusal-before-first-write (0.00s)\n"}
{"Time":"2026-10-07T23:21:06.812794-10:00","Action":"pass","Package":"github.com/snissn/gomap/TreeDB/freelist","Test":"TestMaterializationBackingPredebitsAndKeepsCreator5108/output-refusal-before-first-write","Elapsed":0}
{"Time":"2026-10-07T23:21:06.812798-10:00","Action":"run","Package":"github.com/snissn/gomap/TreeDB/freelist","Test":"TestMaterializationBackingPredebitsAndKeepsCreator5108/candidate-control-refuses-before-reservation-output"}
{"Time":"2026-10-07T23:21:06.812801-10:00","Action":"output","Package":"github.com/snissn/gomap/TreeDB/freelist","Test":"TestMaterializationBackingPredebitsAndKeepsCreator5108/candidate-control-refuses-before-reservation-output","Output":"=== RUN   TestMaterializationBackingPredebitsAndKeepsCreator5108/candidate-control-refuses-before-reservation-output\n"}
{"Time":"2026-10-07T23:21:06.812804-10:00","Action":"output","Package":"github.com/snissn/gomap/TreeDB/freelist","Test":"TestMaterializationBackingPredebitsAndKeepsCreator5108/candidate-control-refuses-before-reservation-output","Output":"--- PASS: TestMaterializationBackingPredebitsAndKeepsCreator5108/candidate-control-refuses-before-reservation-output (0.00s)\n"}
{"Time":"2026-10-07T23:21:06.812807-10:00","Action":"pass","Package":"github.com/snissn/gomap/TreeDB/freelist","Test":"TestMaterializationBackingPredebitsAndKeepsCreator5108/candidate-control-refuses-before-reservation-output","Elapsed":0}
{"Time":"2026-10-07T23:21:06.81281-10:00","Action":"run","Package":"github.com/snissn/gomap/TreeDB/freelist","Test":"TestMaterializationBackingPredebitsAndKeepsCreator5108/each-plan-whole-class"}
{"Time":"2026-10-07T23:21:06.812813-10:00","Action":"output","Package":"github.com/snissn/gomap/TreeDB/freelist","Test":"TestMaterializationBackingPredebitsAndKeepsCreator5108/each-plan-whole-class","Output":"=== RUN   TestMaterializationBackingPredebitsAndKeepsCreator5108/each-plan-whole-class\n"}
{"Time":"2026-10-07T23:21:06.812817-10:00","Action":"output","Package":"github.com/snissn/gomap/TreeDB/freelist","Test":"TestMaterializationBackingPredebitsAndKeepsCreator5108/each-plan-whole-class","Output":"--- PASS: TestMaterializationBackingPredebitsAndKeepsCreator5108/each-plan-whole-class (0.00s)\n"}
{"Time":"2026-10-07T23:21:06.81282-10:00","Action":"pass","Package":"github.com/snissn/gomap/TreeDB/freelist","Test":"TestMaterializationBackingPredebitsAndKeepsCreator5108/each-plan-whole-class","Elapsed":0}
{"Time":"2026-10-07T23:21:06.812823-10:00","Action":"run","Package":"github.com/snissn/gomap/TreeDB/freelist","Test":"TestMaterializationBackingPredebitsAndKeepsCreator5108/successor-current-creator-and-header-refusal"}
{"Time":"2026-10-07T23:21:06.812825-10:00","Action":"output","Package":"github.com/snissn/gomap/TreeDB/freelist","Test":"TestMaterializationBackingPredebitsAndKeepsCreator5108/successor-current-creator-and-header-refusal","Output":"=== RUN   TestMaterializationBackingPredebitsAndKeepsCreator5108/successor-current-creator-and-header-refusal\n"}
{"Time":"2026-10-07T23:21:06.812828-10:00","Action":"output","Package":"github.com/snissn/gomap/TreeDB/freelist","Test":"TestMaterializationBackingPredebitsAndKeepsCreator5108/successor-current-creator-and-header-refusal","Output":"--- PASS: TestMaterializationBackingPredebitsAndKeepsCreator5108/successor-current-creator-and-header-refusal (0.00s)\n"}
{"Time":"2026-10-07T23:21:06.812831-10:00","Action":"pass","Package":"github.com/snissn/gomap/TreeDB/freelist","Test":"TestMaterializationBackingPredebitsAndKeepsCreator5108/successor-current-creator-and-header-refusal","Elapsed":0}
{"Time":"2026-10-07T23:21:06.812834-10:00","Action":"run","Package":"github.com/snissn/gomap/TreeDB/freelist","Test":"TestMaterializationBackingPredebitsAndKeepsCreator5108/escaped-base-and-ledger-refuse-before-birth"}
{"Time":"2026-10-07T23:21:06.812847-10:00","Action":"output","Package":"github.com/snissn/gomap/TreeDB/freelist","Test":"TestMaterializationBackingPredebitsAndKeepsCreator5108/escaped-base-and-ledger-refuse-before-birth","Output":"=== RUN   TestMaterializationBackingPredebitsAndKeepsCreator5108/escaped-base-and-ledger-refuse-before-birth\n"}
{"Time":"2026-10-07T23:21:06.812851-10:00","Action":"output","Package":"github.com/snissn/gomap/TreeDB/freelist","Test":"TestMaterializationBackingPredebitsAndKeepsCreator5108/escaped-base-and-ledger-refuse-before-birth","Output":"--- PASS: TestMaterializationBackingPredebitsAndKeepsCreator5108/escaped-base-and-ledger-refuse-before-birth (0.00s)\n"}
{"Time":"2026-10-07T23:21:06.812854-10:00","Action":"pass","Package":"github.com/snissn/gomap/TreeDB/freelist","Test":"TestMaterializationBackingPredebitsAndKeepsCreator5108/escaped-base-and-ledger-refuse-before-birth","Elapsed":0}
{"Time":"2026-10-07T23:21:06.812857-10:00","Action":"run","Package":"github.com/snissn/gomap/TreeDB/freelist","Test":"TestMaterializationBackingPredebitsAndKeepsCreator5108/bounded-prune-planning-refusal-is-read-only"}
{"Time":"2026-10-07T23:21:06.81286-10:00","Action":"output","Package":"github.com/snissn/gomap/TreeDB/freelist","Test":"TestMaterializationBackingPredebitsAndKeepsCreator5108/bounded-prune-planning-refusal-is-read-only","Output":"=== RUN   TestMaterializationBackingPredebitsAndKeepsCreator5108/bounded-prune-planning-refusal-is-read-only\n"}
{"Time":"2026-10-07T23:21:06.812868-10:00","Action":"output","Package":"github.com/snissn/gomap/TreeDB/freelist","Test":"TestMaterializationBackingPredebitsAndKeepsCreator5108/bounded-prune-planning-refusal-is-read-only","Output":"--- PASS: TestMaterializationBackingPredebitsAndKeepsCreator5108/bounded-prune-planning-refusal-is-read-only (0.00s)\n"}
{"Time":"2026-10-07T23:21:06.812871-10:00","Action":"pass","Package":"github.com/snissn/gomap/TreeDB/freelist","Test":"TestMaterializationBackingPredebitsAndKeepsCreator5108/bounded-prune-planning-refusal-is-read-only","Elapsed":0}
{"Time":"2026-10-07T23:21:06.812877-10:00","Action":"run","Package":"github.com/snissn/gomap/TreeDB/freelist","Test":"TestMaterializationBackingPredebitsAndKeepsCreator5108/unbounded-prune-and-reserve-scratch-refusals"}
{"Time":"2026-10-07T23:21:06.81288-10:00","Action":"output","Package":"github.com/snissn/gomap/TreeDB/freelist","Test":"TestMaterializationBackingPredebitsAndKeepsCreator5108/unbounded-prune-and-reserve-scratch-refusals","Output":"=== RUN   TestMaterializationBackingPredebitsAndKeepsCreator5108/unbounded-prune-and-reserve-scratch-refusals\n"}
{"Time":"2026-10-07T23:21:06.812884-10:00","Action":"output","Package":"github.com/snissn/gomap/TreeDB/freelist","Test":"TestMaterializationBackingPredebitsAndKeepsCreator5108/unbounded-prune-and-reserve-scratch-refusals","Output":"--- PASS: TestMaterializationBackingPredebitsAndKeepsCreator5108/unbounded-prune-and-reserve-scratch-refusals (0.00s)\n"}
{"Time":"2026-10-07T23:21:06.812887-10:00","Action":"pass","Package":"github.com/snissn/gomap/TreeDB/freelist","Test":"TestMaterializationBackingPredebitsAndKeepsCreator5108/unbounded-prune-and-reserve-scratch-refusals","Elapsed":0}
{"Time":"2026-10-07T23:21:06.81289-10:00","Action":"run","Package":"github.com/snissn/gomap/TreeDB/freelist","Test":"TestMaterializationBackingPredebitsAndKeepsCreator5108/capacity-overflow-before-facet"}
{"Time":"2026-10-07T23:21:06.812894-10:00","Action":"output","Package":"github.com/snissn/gomap/TreeDB/freelist","Test":"TestMaterializationBackingPredebitsAndKeepsCreator5108/capacity-overflow-before-facet","Output":"=== RUN   TestMaterializationBackingPredebitsAndKeepsCreator5108/capacity-overflow-before-facet\n"}
{"Time":"2026-10-07T23:21:06.8129-10:00","Action":"output","Package":"github.com/snissn/gomap/TreeDB/freelist","Test":"TestMaterializationBackingPredebitsAndKeepsCreator5108/capacity-overflow-before-facet","Output":"--- PASS: TestMaterializationBackingPredebitsAndKeepsCreator5108/capacity-overflow-before-facet (0.00s)\n"}
{"Time":"2026-10-07T23:21:06.812922-10:00","Action":"pass","Package":"github.com/snissn/gomap/TreeDB/freelist","Test":"TestMaterializationBackingPredebitsAndKeepsCreator5108/capacity-overflow-before-facet","Elapsed":0}
{"Time":"2026-10-07T23:21:06.812926-10:00","Action":"run","Package":"github.com/snissn/gomap/TreeDB/freelist","Test":"TestMaterializationBackingPredebitsAndKeepsCreator5108/credited-activation-consumes-preborn-successor"}
{"Time":"2026-10-07T23:21:06.812928-10:00","Action":"output","Package":"github.com/snissn/gomap/TreeDB/freelist","Test":"TestMaterializationBackingPredebitsAndKeepsCreator5108/credited-activation-consumes-preborn-successor","Output":"=== RUN   TestMaterializationBackingPredebitsAndKeepsCreator5108/credited-activation-consumes-preborn-successor\n"}
{"Time":"2026-10-07T23:21:06.813201-10:00","Action":"output","Package":"github.com/snissn/gomap/TreeDB/freelist","Test":"TestMaterializationBackingPredebitsAndKeepsCreator5108/credited-activation-consumes-preborn-successor","Output":"--- PASS: TestMaterializationBackingPredebitsAndKeepsCreator5108/credited-activation-consumes-preborn-successor (0.00s)\n"}
{"Time":"2026-10-07T23:21:06.813206-10:00","Action":"pass","Package":"github.com/snissn/gomap/TreeDB/freelist","Test":"TestMaterializationBackingPredebitsAndKeepsCreator5108/credited-activation-consumes-preborn-successor","Elapsed":0}
{"Time":"2026-10-07T23:21:06.81321-10:00","Action":"run","Package":"github.com/snissn/gomap/TreeDB/freelist","Test":"TestMaterializationBackingPredebitsAndKeepsCreator5108/credited-direct-publication-refuses-unprepared-role"}
{"Time":"2026-10-07T23:21:06.813213-10:00","Action":"output","Package":"github.com/snissn/gomap/TreeDB/freelist","Test":"TestMaterializationBackingPredebitsAndKeepsCreator5108/credited-direct-publication-refuses-unprepared-role","Output":"=== RUN   TestMaterializationBackingPredebitsAndKeepsCreator5108/credited-direct-publication-refuses-unprepared-role\n"}
{"Time":"2026-10-07T23:21:06.813534-10:00","Action":"output","Package":"github.com/snissn/gomap/TreeDB/freelist","Test":"TestMaterializationBackingPredebitsAndKeepsCreator5108/credited-direct-publication-refuses-unprepared-role","Output":"--- PASS: TestMaterializationBackingPredebitsAndKeepsCreator5108/credited-direct-publication-refuses-unprepared-role (0.00s)\n"}
{"Time":"2026-10-07T23:21:06.813539-10:00","Action":"pass","Package":"github.com/snissn/gomap/TreeDB/freelist","Test":"TestMaterializationBackingPredebitsAndKeepsCreator5108/credited-direct-publication-refuses-unprepared-role","Elapsed":0}
{"Time":"2026-10-07T23:21:06.813542-10:00","Action":"run","Package":"github.com/snissn/gomap/TreeDB/freelist","Test":"TestMaterializationBackingPredebitsAndKeepsCreator5108/activated-prefix-scratch-before-publish"}
{"Time":"2026-10-07T23:21:06.813545-10:00","Action":"output","Package":"github.com/snissn/gomap/TreeDB/freelist","Test":"TestMaterializationBackingPredebitsAndKeepsCreator5108/activated-prefix-scratch-before-publish","Output":"=== RUN   TestMaterializationBackingPredebitsAndKeepsCreator5108/activated-prefix-scratch-before-publish\n"}
{"Time":"2026-10-07T23:21:06.813946-10:00","Action":"output","Package":"github.com/snissn/gomap/TreeDB/freelist","Test":"TestMaterializationBackingPredebitsAndKeepsCreator5108/activated-prefix-scratch-before-publish","Output":"--- PASS: TestMaterializationBackingPredebitsAndKeepsCreator5108/activated-prefix-scratch-before-publish (0.00s)\n"}
{"Time":"2026-10-07T23:21:06.813952-10:00","Action":"pass","Package":"github.com/snissn/gomap/TreeDB/freelist","Test":"TestMaterializationBackingPredebitsAndKeepsCreator5108/activated-prefix-scratch-before-publish","Elapsed":0}
{"Time":"2026-10-07T23:21:06.813955-10:00","Action":"run","Package":"github.com/snissn/gomap/TreeDB/freelist","Test":"TestMaterializationBackingPredebitsAndKeepsCreator5108/abort-isolation-refusal-preserves-exact-retry"}
{"Time":"2026-10-07T23:21:06.813958-10:00","Action":"output","Package":"github.com/snissn/gomap/TreeDB/freelist","Test":"TestMaterializationBackingPredebitsAndKeepsCreator5108/abort-isolation-refusal-preserves-exact-retry","Output":"=== RUN   TestMaterializationBackingPredebitsAndKeepsCreator5108/abort-isolation-refusal-preserves-exact-retry\n"}
{"Time":"2026-10-07T23:21:06.814273-10:00","Action":"output","Package":"github.com/snissn/gomap/TreeDB/freelist","Test":"TestMaterializationBackingPredebitsAndKeepsCreator5108/abort-isolation-refusal-preserves-exact-retry","Output":"--- PASS: TestMaterializationBackingPredebitsAndKeepsCreator5108/abort-isolation-refusal-preserves-exact-retry (0.00s)\n"}
{"Time":"2026-10-07T23:21:06.814278-10:00","Action":"pass","Package":"github.com/snissn/gomap/TreeDB/freelist","Test":"TestMaterializationBackingPredebitsAndKeepsCreator5108/abort-isolation-refusal-preserves-exact-retry","Elapsed":0}
{"Time":"2026-10-07T23:21:06.814281-10:00","Action":"run","Package":"github.com/snissn/gomap/TreeDB/freelist","Test":"TestMaterializationBackingPredebitsAndKeepsCreator5108/exact-owned-sink-refuses-ordinary-and-custom"}
{"Time":"2026-10-07T23:21:06.814284-10:00","Action":"output","Package":"github.com/snissn/gomap/TreeDB/freelist","Test":"TestMaterializationBackingPredebitsAndKeepsCreator5108/exact-owned-sink-refuses-ordinary-and-custom","Output":"=== RUN   TestMaterializationBackingPredebitsAndKeepsCreator5108/exact-owned-sink-refuses-ordinary-and-custom\n"}
{"Time":"2026-10-07T23:21:06.814295-10:00","Action":"output","Package":"github.com/snissn/gomap/TreeDB/freelist","Test":"TestMaterializationBackingPredebitsAndKeepsCreator5108/exact-owned-sink-refuses-ordinary-and-custom","Output":"--- PASS: TestMaterializationBackingPredebitsAndKeepsCreator5108/exact-owned-sink-refuses-ordinary-and-custom (0.00s)\n"}
{"Time":"2026-10-07T23:21:06.814299-10:00","Action":"pass","Package":"github.com/snissn/gomap/TreeDB/freelist","Test":"TestMaterializationBackingPredebitsAndKeepsCreator5108/exact-owned-sink-refuses-ordinary-and-custom","Elapsed":0}
{"Time":"2026-10-07T23:21:06.814302-10:00","Action":"run","Package":"github.com/snissn/gomap/TreeDB/freelist","Test":"TestMaterializationBackingPredebitsAndKeepsCreator5108/scalar-ids-refused-before-callback-or-tail-mark"}
{"Time":"2026-10-07T23:21:06.814304-10:00","Action":"output","Package":"github.com/snissn/gomap/TreeDB/freelist","Test":"TestMaterializationBackingPredebitsAndKeepsCreator5108/scalar-ids-refused-before-callback-or-tail-mark","Output":"=== RUN   TestMaterializationBackingPredebitsAndKeepsCreator5108/scalar-ids-refused-before-callback-or-tail-mark\n"}
{"Time":"2026-10-07T23:21:06.814308-10:00","Action":"output","Package":"github.com/snissn/gomap/TreeDB/freelist","Test":"TestMaterializationBackingPredebitsAndKeepsCreator5108/scalar-ids-refused-before-callback-or-tail-mark","Output":"--- PASS: TestMaterializationBackingPredebitsAndKeepsCreator5108/scalar-ids-refused-before-callback-or-tail-mark (0.00s)\n"}
{"Time":"2026-10-07T23:21:06.814311-10:00","Action":"pass","Package":"github.com/snissn/gomap/TreeDB/freelist","Test":"TestMaterializationBackingPredebitsAndKeepsCreator5108/scalar-ids-refused-before-callback-or-tail-mark","Elapsed":0}
{"Time":"2026-10-07T23:21:06.814314-10:00","Action":"run","Package":"github.com/snissn/gomap/TreeDB/freelist","Test":"TestMaterializationBackingPredebitsAndKeepsCreator5108/append-and-reuse-match-exact-reserved-interval"}
{"Time":"2026-10-07T23:21:06.814317-10:00","Action":"output","Package":"github.com/snissn/gomap/TreeDB/freelist","Test":"TestMaterializationBackingPredebitsAndKeepsCreator5108/append-and-reuse-match-exact-reserved-interval","Output":"=== RUN   TestMaterializationBackingPredebitsAndKeepsCreator5108/append-and-reuse-match-exact-reserved-interval\n"}
{"Time":"2026-10-07T23:21:06.81438-10:00","Action":"output","Package":"github.com/snissn/gomap/TreeDB/freelist","Test":"TestMaterializationBackingPredebitsAndKeepsCreator5108/append-and-reuse-match-exact-reserved-interval","Output":"--- PASS: TestMaterializationBackingPredebitsAndKeepsCreator5108/append-and-reuse-match-exact-reserved-interval (0.00s)\n"}
{"Time":"2026-10-07T23:21:06.814397-10:00","Action":"pass","Package":"github.com/snissn/gomap/TreeDB/freelist","Test":"TestMaterializationBackingPredebitsAndKeepsCreator5108/append-and-reuse-match-exact-reserved-interval","Elapsed":0}
{"Time":"2026-10-07T23:21:06.8144-10:00","Action":"run","Package":"github.com/snissn/gomap/TreeDB/freelist","Test":"TestMaterializationBackingPredebitsAndKeepsCreator5108/skipped-tail-coverage-paid-before-ledger"}
{"Time":"2026-10-07T23:21:06.814402-10:00","Action":"output","Package":"github.com/snissn/gomap/TreeDB/freelist","Test":"TestMaterializationBackingPredebitsAndKeepsCreator5108/skipped-tail-coverage-paid-before-ledger","Output":"=== RUN   TestMaterializationBackingPredebitsAndKeepsCreator5108/skipped-tail-coverage-paid-before-ledger\n"}
{"Time":"2026-10-07T23:21:06.814406-10:00","Action":"output","Package":"github.com/snissn/gomap/TreeDB/freelist","Test":"TestMaterializationBackingPredebitsAndKeepsCreator5108/skipped-tail-coverage-paid-before-ledger","Output":"--- PASS: TestMaterializationBackingPredebitsAndKeepsCreator5108/skipped-tail-coverage-paid-before-ledger (0.00s)\n"}
{"Time":"2026-10-07T23:21:06.814409-10:00","Action":"pass","Package":"github.com/snissn/gomap/TreeDB/freelist","Test":"TestMaterializationBackingPredebitsAndKeepsCreator5108/skipped-tail-coverage-paid-before-ledger","Elapsed":0}
{"Time":"2026-10-07T23:21:06.814412-10:00","Action":"run","Package":"github.com/snissn/gomap/TreeDB/freelist","Test":"TestMaterializationBackingPredebitsAndKeepsCreator5108/owned-partial-output-refusal-restores-backup-and-retries"}
{"Time":"2026-10-07T23:21:06.814414-10:00","Action":"output","Package":"github.com/snissn/gomap/TreeDB/freelist","Test":"TestMaterializationBackingPredebitsAndKeepsCreator5108/owned-partial-output-refusal-restores-backup-and-retries","Output":"=== RUN   TestMaterializationBackingPredebitsAndKeepsCreator5108/owned-partial-output-refusal-restores-backup-and-retries\n"}
{"Time":"2026-10-07T23:21:06.814722-10:00","Action":"output","Package":"github.com/snissn/gomap/TreeDB/freelist","Test":"TestMaterializationBackingPredebitsAndKeepsCreator5108/owned-partial-output-refusal-restores-backup-and-retries","Output":"--- PASS: TestMaterializationBackingPredebitsAndKeepsCreator5108/owned-partial-output-refusal-restores-backup-and-retries (0.00s)\n"}
{"Time":"2026-10-07T23:21:06.814726-10:00","Action":"pass","Package":"github.com/snissn/gomap/TreeDB/freelist","Test":"TestMaterializationBackingPredebitsAndKeepsCreator5108/owned-partial-output-refusal-restores-backup-and-retries","Elapsed":0}
{"Time":"2026-10-07T23:21:06.814733-10:00","Action":"output","Package":"github.com/snissn/gomap/TreeDB/freelist","Test":"TestMaterializationBackingPredebitsAndKeepsCreator5108","Output":"--- PASS: TestMaterializationBackingPredebitsAndKeepsCreator5108 (0.00s)\n"}
{"Time":"2026-10-07T23:21:06.814736-10:00","Action":"pass","Package":"github.com/snissn/gomap/TreeDB/freelist","Test":"TestMaterializationBackingPredebitsAndKeepsCreator5108","Elapsed":0}
{"Time":"2026-10-07T23:21:06.814739-10:00","Action":"run","Package":"github.com/snissn/gomap/TreeDB/freelist","Test":"TestNumericRadixGlobalMapOracle5105"}
{"Time":"2026-10-07T23:21:06.814742-10:00","Action":"output","Package":"github.com/snissn/gomap/TreeDB/freelist","Test":"TestNumericRadixGlobalMapOracle5105","Output":"=== RUN   TestNumericRadixGlobalMapOracle5105\n"}
{"Time":"2026-10-07T23:21:06.816238-10:00","Action":"output","Package":"github.com/snissn/gomap/TreeDB/freelist","Test":"TestNumericRadixGlobalMapOracle5105","Output":"--- PASS: TestNumericRadixGlobalMapOracle5105 (0.00s)\n"}
{"Time":"2026-10-07T23:21:06.816243-10:00","Action":"pass","Package":"github.com/snissn/gomap/TreeDB/freelist","Test":"TestNumericRadixGlobalMapOracle5105","Elapsed":0}
{"Time":"2026-10-07T23:21:06.816246-10:00","Action":"run","Package":"github.com/snissn/gomap/TreeDB/freelist","Test":"TestNumericRadixPredebitAndIntrinsicLifetime5105"}
{"Time":"2026-10-07T23:21:06.816249-10:00","Action":"output","Package":"github.com/snissn/gomap/TreeDB/freelist","Test":"TestNumericRadixPredebitAndIntrinsicLifetime5105","Output":"=== RUN   TestNumericRadixPredebitAndIntrinsicLifetime5105\n"}
{"Time":"2026-10-07T23:21:06.816263-10:00","Action":"output","Package":"github.com/snissn/gomap/TreeDB/freelist","Test":"TestNumericRadixPredebitAndIntrinsicLifetime5105","Output":"--- PASS: TestNumericRadixPredebitAndIntrinsicLifetime5105 (0.00s)\n"}
{"Time":"2026-10-07T23:21:06.816266-10:00","Action":"pass","Package":"github.com/snissn/gomap/TreeDB/freelist","Test":"TestNumericRadixPredebitAndIntrinsicLifetime5105","Elapsed":0}
{"Time":"2026-10-07T23:21:06.816269-10:00","Action":"run","Package":"github.com/snissn/gomap/TreeDB/freelist","Test":"TestNumericRadixActualAllocationClasses5105"}
{"Time":"2026-10-07T23:21:06.816272-10:00","Action":"output","Package":"github.com/snissn/gomap/TreeDB/freelist","Test":"TestNumericRadixActualAllocationClasses5105","Output":"=== RUN   TestNumericRadixActualAllocationClasses5105\n"}
{"Time":"2026-10-07T23:21:06.816275-10:00","Action":"output","Package":"github.com/snissn/gomap/TreeDB/freelist","Test":"TestNumericRadixActualAllocationClasses5105","Output":"    numeric_radix_v1_test.go:143: setchunk raw=1584 class=1792\n"}
{"Time":"2026-10-07T23:21:06.816278-10:00","Action":"output","Package":"github.com/snissn/gomap/TreeDB/freelist","Test":"TestNumericRadixActualAllocationClasses5105","Output":"    numeric_radix_v1_test.go:143: ownerchunk raw=2096 class=2304\n"}
{"Time":"2026-10-07T23:21:06.81628-10:00","Action":"output","Package":"github.com/snissn/gomap/TreeDB/freelist","Test":"TestNumericRadixActualAllocationClasses5105","Output":"    numeric_radix_v1_test.go:143: candidatechunk raw=2096 class=2304\n"}
{"Time":"2026-10-07T23:21:06.816283-10:00","Action":"output","Package":"github.com/snissn/gomap/TreeDB/freelist","Test":"TestNumericRadixActualAllocationClasses5105","Output":"    numeric_radix_v1_test.go:143: candidate-set-chunk raw=1840 class=2048\n"}
{"Time":"2026-10-07T23:21:06.816286-10:00","Action":"output","Package":"github.com/snissn/gomap/TreeDB/freelist","Test":"TestNumericRadixActualAllocationClasses5105","Output":"    numeric_radix_v1_test.go:143: numeric-value-chunk raw=1840 class=2048\n"}
{"Time":"2026-10-07T23:21:06.816288-10:00","Action":"output","Package":"github.com/snissn/gomap/TreeDB/freelist","Test":"TestNumericRadixActualAllocationClasses5105","Output":"    numeric_radix_v1_test.go:143: wrapper raw=72 class=80\n"}
{"Time":"2026-10-07T23:21:06.816291-10:00","Action":"output","Package":"github.com/snissn/gomap/TreeDB/freelist","Test":"TestNumericRadixActualAllocationClasses5105","Output":"    numeric_radix_v1_test.go:143: creditlease raw=32 class=32\n"}
{"Time":"2026-10-07T23:21:06.816294-10:00","Action":"output","Package":"github.com/snissn/gomap/TreeDB/freelist","Test":"TestNumericRadixActualAllocationClasses5105","Output":"--- PASS: TestNumericRadixActualAllocationClasses5105 (0.00s)\n"}
{"Time":"2026-10-07T23:21:06.816297-10:00","Action":"pass","Package":"github.com/snissn/gomap/TreeDB/freelist","Test":"TestNumericRadixActualAllocationClasses5105","Elapsed":0}
{"Time":"2026-10-07T23:21:06.8163-10:00","Action":"run","Package":"github.com/snissn/gomap/TreeDB/freelist","Test":"TestNumericRadixWholeChunkPlanAndBulkClone5105"}
{"Time":"2026-10-07T23:21:06.816303-10:00","Action":"output","Package":"github.com/snissn/gomap/TreeDB/freelist","Test":"TestNumericRadixWholeChunkPlanAndBulkClone5105","Output":"=== RUN   TestNumericRadixWholeChunkPlanAndBulkClone5105\n"}
{"Time":"2026-10-07T23:21:06.817102-10:00","Action":"output","Package":"github.com/snissn/gomap/TreeDB/freelist","Test":"TestNumericRadixWholeChunkPlanAndBulkClone5105","Output":"--- PASS: TestNumericRadixWholeChunkPlanAndBulkClone5105 (0.00s)\n"}
{"Time":"2026-10-07T23:21:06.817107-10:00","Action":"pass","Package":"github.com/snissn/gomap/TreeDB/freelist","Test":"TestNumericRadixWholeChunkPlanAndBulkClone5105","Elapsed":0}
{"Time":"2026-10-07T23:21:06.81711-10:00","Action":"run","Package":"github.com/snissn/gomap/TreeDB/freelist","Test":"TestNumericRadixChunkGrowthDeniedBeforeBirth5105"}
{"Time":"2026-10-07T23:21:06.817126-10:00","Action":"output","Package":"github.com/snissn/gomap/TreeDB/freelist","Test":"TestNumericRadixChunkGrowthDeniedBeforeBirth5105","Output":"=== RUN   TestNumericRadixChunkGrowthDeniedBeforeBirth5105\n"}
{"Time":"2026-10-07T23:21:06.817129-10:00","Action":"output","Package":"github.com/snissn/gomap/TreeDB/freelist","Test":"TestNumericRadixChunkGrowthDeniedBeforeBirth5105","Output":"--- PASS: TestNumericRadixChunkGrowthDeniedBeforeBirth5105 (0.00s)\n"}
{"Time":"2026-10-07T23:21:06.817132-10:00","Action":"pass","Package":"github.com/snissn/gomap/TreeDB/freelist","Test":"TestNumericRadixChunkGrowthDeniedBeforeBirth5105","Elapsed":0}
{"Time":"2026-10-07T23:21:06.817135-10:00","Action":"run","Package":"github.com/snissn/gomap/TreeDB/freelist","Test":"TestNumericRadixCandidateOrderAndDeleteChurn5105"}
{"Time":"2026-10-07T23:21:06.817137-10:00","Action":"output","Package":"github.com/snissn/gomap/TreeDB/freelist","Test":"TestNumericRadixCandidateOrderAndDeleteChurn5105","Output":"=== RUN   TestNumericRadixCandidateOrderAndDeleteChurn5105\n"}
{"Time":"2026-10-07T23:21:07.245177-10:00","Action":"output","Package":"github.com/snissn/gomap/TreeDB/freelist","Test":"TestNumericRadixCandidateOrderAndDeleteChurn5105","Output":"--- PASS: TestNumericRadixCandidateOrderAndDeleteChurn5105 (0.43s)\n"}
{"Time":"2026-10-07T23:21:07.245219-10:00","Action":"pass","Package":"github.com/snissn/gomap/TreeDB/freelist","Test":"TestNumericRadixCandidateOrderAndDeleteChurn5105","Elapsed":0.43}
{"Time":"2026-10-07T23:21:07.245226-10:00","Action":"run","Package":"github.com/snissn/gomap/TreeDB/freelist","Test":"TestResidentAttachmentDeniedBeforeAnyCreator5105"}
{"Time":"2026-10-07T23:21:07.24523-10:00","Action":"output","Package":"github.com/snissn/gomap/TreeDB/freelist","Test":"TestResidentAttachmentDeniedBeforeAnyCreator5105","Output":"=== RUN   TestResidentAttachmentDeniedBeforeAnyCreator5105\n"}
{"Time":"2026-10-07T23:21:07.245737-10:00","Action":"output","Package":"github.com/snissn/gomap/TreeDB/freelist","Test":"TestResidentAttachmentDeniedBeforeAnyCreator5105","Output":"--- PASS: TestResidentAttachmentDeniedBeforeAnyCreator5105 (0.00s)\n"}
{"Time":"2026-10-07T23:21:07.245779-10:00","Action":"pass","Package":"github.com/snissn/gomap/TreeDB/freelist","Test":"TestResidentAttachmentDeniedBeforeAnyCreator5105","Elapsed":0}
{"Time":"2026-10-07T23:21:07.2458-10:00","Action":"run","Package":"github.com/snissn/gomap/TreeDB/freelist","Test":"TestResidentAttachmentManagedCandidatesCutsAndExactRetry5105"}
{"Time":"2026-10-07T23:21:07.24583-10:00","Action":"output","Package":"github.com/snissn/gomap/TreeDB/freelist","Test":"TestResidentAttachmentManagedCandidatesCutsAndExactRetry5105","Output":"=== RUN   TestResidentAttachmentManagedCandidatesCutsAndExactRetry5105\n"}
{"Time":"2026-10-07T23:21:07.246103-10:00","Action":"output","Package":"github.com/snissn/gomap/TreeDB/freelist","Test":"TestResidentAttachmentManagedCandidatesCutsAndExactRetry5105","Output":"--- PASS: TestResidentAttachmentManagedCandidatesCutsAndExactRetry5105 (0.00s)\n"}
{"Time":"2026-10-07T23:21:07.246111-10:00","Action":"pass","Package":"github.com/snissn/gomap/TreeDB/freelist","Test":"TestResidentAttachmentManagedCandidatesCutsAndExactRetry5105","Elapsed":0}
{"Time":"2026-10-07T23:21:07.246117-10:00","Action":"run","Package":"github.com/snissn/gomap/TreeDB/freelist","Test":"TestResidentAttachmentUnknownOwnersRefusedBeforeDebit5105"}
{"Time":"2026-10-07T23:21:07.246121-10:00","Action":"output","Package":"github.com/snissn/gomap/TreeDB/freelist","Test":"TestResidentAttachmentUnknownOwnersRefusedBeforeDebit5105","Output":"=== RUN   TestResidentAttachmentUnknownOwnersRefusedBeforeDebit5105\n"}
{"Time":"2026-10-07T23:21:07.246125-10:00","Action":"run","Package":"github.com/snissn/gomap/TreeDB/freelist","Test":"TestResidentAttachmentUnknownOwnersRefusedBeforeDebit5105/standalone"}
{"Time":"2026-10-07T23:21:07.246128-10:00","Action":"output","Package":"github.com/snissn/gomap/TreeDB/freelist","Test":"TestResidentAttachmentUnknownOwnersRefusedBeforeDebit5105/standalone","Output":"=== RUN   TestResidentAttachmentUnknownOwnersRefusedBeforeDebit5105/standalone\n"}
{"Time":"2026-10-07T23:21:07.246438-10:00","Action":"output","Package":"github.com/snissn/gomap/TreeDB/freelist","Test":"TestResidentAttachmentUnknownOwnersRefusedBeforeDebit5105/standalone","Output":"--- PASS: TestResidentAttachmentUnknownOwnersRefusedBeforeDebit5105/standalone (0.00s)\n"}
{"Time":"2026-10-07T23:21:07.246444-10:00","Action":"pass","Package":"github.com/snissn/gomap/TreeDB/freelist","Test":"TestResidentAttachmentUnknownOwnersRefusedBeforeDebit5105/standalone","Elapsed":0}
{"Time":"2026-10-07T23:21:07.246448-10:00","Action":"run","Package":"github.com/snissn/gomap/TreeDB/freelist","Test":"TestResidentAttachmentUnknownOwnersRefusedBeforeDebit5105/writer-export"}
{"Time":"2026-10-07T23:21:07.24645-10:00","Action":"output","Package":"github.com/snissn/gomap/TreeDB/freelist","Test":"TestResidentAttachmentUnknownOwnersRefusedBeforeDebit5105/writer-export","Output":"=== RUN   TestResidentAttachmentUnknownOwnersRefusedBeforeDebit5105/writer-export\n"}
{"Time":"2026-10-07T23:21:07.246808-10:00","Action":"output","Package":"github.com/snissn/gomap/TreeDB/freelist","Test":"TestResidentAttachmentUnknownOwnersRefusedBeforeDebit5105/writer-export","Output":"--- PASS: TestResidentAttachmentUnknownOwnersRefusedBeforeDebit5105/writer-export (0.00s)\n"}
{"Time":"2026-10-07T23:21:07.246813-10:00","Action":"pass","Package":"github.com/snissn/gomap/TreeDB/freelist","Test":"TestResidentAttachmentUnknownOwnersRefusedBeforeDebit5105/writer-export","Elapsed":0}
{"Time":"2026-10-07T23:21:07.246817-10:00","Action":"run","Package":"github.com/snissn/gomap/TreeDB/freelist","Test":"TestResidentAttachmentUnknownOwnersRefusedBeforeDebit5105/generation"}
{"Time":"2026-10-07T23:21:07.246819-10:00","Action":"output","Package":"github.com/snissn/gomap/TreeDB/freelist","Test":"TestResidentAttachmentUnknownOwnersRefusedBeforeDebit5105/generation","Output":"=== RUN   TestResidentAttachmentUnknownOwnersRefusedBeforeDebit5105/generation\n"}
{"Time":"2026-10-07T23:21:07.247099-10:00","Action":"output","Package":"github.com/snissn/gomap/TreeDB/freelist","Test":"TestResidentAttachmentUnknownOwnersRefusedBeforeDebit5105/generation","Output":"--- PASS: TestResidentAttachmentUnknownOwnersRefusedBeforeDebit5105/generation (0.00s)\n"}
{"Time":"2026-10-07T23:21:07.247104-10:00","Action":"pass","Package":"github.com/snissn/gomap/TreeDB/freelist","Test":"TestResidentAttachmentUnknownOwnersRefusedBeforeDebit5105/generation","Elapsed":0}
{"Time":"2026-10-07T23:21:07.247107-10:00","Action":"run","Package":"github.com/snissn/gomap/TreeDB/freelist","Test":"TestResidentAttachmentUnknownOwnersRefusedBeforeDebit5105/ledger"}
{"Time":"2026-10-07T23:21:07.24711-10:00","Action":"output","Package":"github.com/snissn/gomap/TreeDB/freelist","Test":"TestResidentAttachmentUnknownOwnersRefusedBeforeDebit5105/ledger","Output":"=== RUN   TestResidentAttachmentUnknownOwnersRefusedBeforeDebit5105/ledger\n"}
{"Time":"2026-10-07T23:21:07.247407-10:00","Action":"output","Package":"github.com/snissn/gomap/TreeDB/freelist","Test":"TestResidentAttachmentUnknownOwnersRefusedBeforeDebit5105/ledger","Output":"--- PASS: TestResidentAttachmentUnknownOwnersRefusedBeforeDebit5105/ledger (0.00s)\n"}
{"Time":"2026-10-07T23:21:07.247412-10:00","Action":"pass","Package":"github.com/snissn/gomap/TreeDB/freelist","Test":"TestResidentAttachmentUnknownOwnersRefusedBeforeDebit5105/ledger","Elapsed":0}
{"Time":"2026-10-07T23:21:07.247416-10:00","Action":"run","Package":"github.com/snissn/gomap/TreeDB/freelist","Test":"TestResidentAttachmentUnknownOwnersRefusedBeforeDebit5105/candidate"}
{"Time":"2026-10-07T23:21:07.24742-10:00","Action":"output","Package":"github.com/snissn/gomap/TreeDB/freelist","Test":"TestResidentAttachmentUnknownOwnersRefusedBeforeDebit5105/candidate","Output":"=== RUN   TestResidentAttachmentUnknownOwnersRefusedBeforeDebit5105/candidate\n"}
{"Time":"2026-10-07T23:21:07.247713-10:00","Action":"output","Package":"github.com/snissn/gomap/TreeDB/freelist","Test":"TestResidentAttachmentUnknownOwnersRefusedBeforeDebit5105/candidate","Output":"--- PASS: TestResidentAttachmentUnknownOwnersRefusedBeforeDebit5105/candidate (0.00s)\n"}
{"Time":"2026-10-07T23:21:07.247736-10:00","Action":"pass","Package":"github.com/snissn/gomap/TreeDB/freelist","Test":"TestResidentAttachmentUnknownOwnersRefusedBeforeDebit5105/candidate","Elapsed":0}
{"Time":"2026-10-07T23:21:07.24774-10:00","Action":"run","Package":"github.com/snissn/gomap/TreeDB/freelist","Test":"TestResidentAttachmentUnknownOwnersRefusedBeforeDebit5105/direct-builder"}
{"Time":"2026-10-07T23:21:07.247744-10:00","Action":"output","Package":"github.com/snissn/gomap/TreeDB/freelist","Test":"TestResidentAttachmentUnknownOwnersRefusedBeforeDebit5105/direct-builder","Output":"=== RUN   TestResidentAttachmentUnknownOwnersRefusedBeforeDebit5105/direct-builder\n"}
{"Time":"2026-10-07T23:21:07.24805-10:00","Action":"output","Package":"github.com/snissn/gomap/TreeDB/freelist","Test":"TestResidentAttachmentUnknownOwnersRefusedBeforeDebit5105/direct-builder","Output":"--- PASS: TestResidentAttachmentUnknownOwnersRefusedBeforeDebit5105/direct-builder (0.00s)\n"}
{"Time":"2026-10-07T23:21:07.248056-10:00","Action":"pass","Package":"github.com/snissn/gomap/TreeDB/freelist","Test":"TestResidentAttachmentUnknownOwnersRefusedBeforeDebit5105/direct-builder","Elapsed":0}
{"Time":"2026-10-07T23:21:07.248059-10:00","Action":"run","Package":"github.com/snissn/gomap/TreeDB/freelist","Test":"TestResidentAttachmentUnknownOwnersRefusedBeforeDebit5105/extra-generation"}
{"Time":"2026-10-07T23:21:07.248062-10:00","Action":"output","Package":"github.com/snissn/gomap/TreeDB/freelist","Test":"TestResidentAttachmentUnknownOwnersRefusedBeforeDebit5105/extra-generation","Output":"=== RUN   TestResidentAttachmentUnknownOwnersRefusedBeforeDebit5105/extra-generation\n"}
{"Time":"2026-10-07T23:21:07.248334-10:00","Action":"output","Package":"github.com/snissn/gomap/TreeDB/freelist","Test":"TestResidentAttachmentUnknownOwnersRefusedBeforeDebit5105/extra-generation","Output":"--- PASS: TestResidentAttachmentUnknownOwnersRefusedBeforeDebit5105/extra-generation (0.00s)\n"}
{"Time":"2026-10-07T23:21:07.248339-10:00","Action":"pass","Package":"github.com/snissn/gomap/TreeDB/freelist","Test":"TestResidentAttachmentUnknownOwnersRefusedBeforeDebit5105/extra-generation","Elapsed":0}
{"Time":"2026-10-07T23:21:07.248342-10:00","Action":"run","Package":"github.com/snissn/gomap/TreeDB/freelist","Test":"TestResidentAttachmentUnknownOwnersRefusedBeforeDebit5105/extra-ledger"}
{"Time":"2026-10-07T23:21:07.248345-10:00","Action":"output","Package":"github.com/snissn/gomap/TreeDB/freelist","Test":"TestResidentAttachmentUnknownOwnersRefusedBeforeDebit5105/extra-ledger","Output":"=== RUN   TestResidentAttachmentUnknownOwnersRefusedBeforeDebit5105/extra-ledger\n"}
{"Time":"2026-10-07T23:21:07.248673-10:00","Action":"output","Package":"github.com/snissn/gomap/TreeDB/freelist","Test":"TestResidentAttachmentUnknownOwnersRefusedBeforeDebit5105/extra-ledger","Output":"--- PASS: TestResidentAttachmentUnknownOwnersRefusedBeforeDebit5105/extra-ledger (0.00s)\n"}
{"Time":"2026-10-07T23:21:07.248678-10:00","Action":"pass","Package":"github.com/snissn/gomap/TreeDB/freelist","Test":"TestResidentAttachmentUnknownOwnersRefusedBeforeDebit5105/extra-ledger","Elapsed":0}
{"Time":"2026-10-07T23:21:07.248682-10:00","Action":"output","Package":"github.com/snissn/gomap/TreeDB/freelist","Test":"TestResidentAttachmentUnknownOwnersRefusedBeforeDebit5105","Output":"--- PASS: TestResidentAttachmentUnknownOwnersRefusedBeforeDebit5105 (0.00s)\n"}
{"Time":"2026-10-07T23:21:07.248685-10:00","Action":"pass","Package":"github.com/snissn/gomap/TreeDB/freelist","Test":"TestResidentAttachmentUnknownOwnersRefusedBeforeDebit5105","Elapsed":0}
{"Time":"2026-10-07T23:21:07.248687-10:00","Action":"run","Package":"github.com/snissn/gomap/TreeDB/freelist","Test":"TestOwnedCandidatePublishedBackingLivesUntilTerminal5105"}
{"Time":"2026-10-07T23:21:07.248691-10:00","Action":"output","Package":"github.com/snissn/gomap/TreeDB/freelist","Test":"TestOwnedCandidatePublishedBackingLivesUntilTerminal5105","Output":"=== RUN   TestOwnedCandidatePublishedBackingLivesUntilTerminal5105\n"}
{"Time":"2026-10-07T23:21:07.249227-10:00","Action":"output","Package":"github.com/snissn/gomap/TreeDB/freelist","Test":"TestOwnedCandidatePublishedBackingLivesUntilTerminal5105","Output":"--- PASS: TestOwnedCandidatePublishedBackingLivesUntilTerminal5105 (0.00s)\n"}
{"Time":"2026-10-07T23:21:07.249237-10:00","Action":"pass","Package":"github.com/snissn/gomap/TreeDB/freelist","Test":"TestOwnedCandidatePublishedBackingLivesUntilTerminal5105","Elapsed":0}
{"Time":"2026-10-07T23:21:07.249242-10:00","Action":"run","Package":"github.com/snissn/gomap/TreeDB/freelist","Test":"TestResidentAttachmentCutReaderAndCloseSynchronization5105"}
{"Time":"2026-10-07T23:21:07.249246-10:00","Action":"output","Package":"github.com/snissn/gomap/TreeDB/freelist","Test":"TestResidentAttachmentCutReaderAndCloseSynchronization5105","Output":"=== RUN   TestResidentAttachmentCutReaderAndCloseSynchronization5105\n"}
{"Time":"2026-10-07T23:21:07.249596-10:00","Action":"output","Package":"github.com/snissn/gomap/TreeDB/freelist","Test":"TestResidentAttachmentCutReaderAndCloseSynchronization5105","Output":"--- PASS: TestResidentAttachmentCutReaderAndCloseSynchronization5105 (0.00s)\n"}
{"Time":"2026-10-07T23:21:07.249609-10:00","Action":"pass","Package":"github.com/snissn/gomap/TreeDB/freelist","Test":"TestResidentAttachmentCutReaderAndCloseSynchronization5105","Elapsed":0}
{"Time":"2026-10-07T23:21:07.249614-10:00","Action":"run","Package":"github.com/snissn/gomap/TreeDB/freelist","Test":"TestResidentAllocationClassWitness5105"}
{"Time":"2026-10-07T23:21:07.249618-10:00","Action":"output","Package":"github.com/snissn/gomap/TreeDB/freelist","Test":"TestResidentAllocationClassWitness5105","Output":"=== RUN   TestResidentAllocationClassWitness5105\n"}
{"Time":"2026-10-07T23:21:07.249623-10:00","Action":"output","Package":"github.com/snissn/gomap/TreeDB/freelist","Test":"TestResidentAllocationClassWitness5105","Output":"    resident_attachment_v1_test.go:268: authority=4/16 allocator=144/144 state=264/288 prepared=192/192 ledger=88/96 cut=112/112 cond=56/64\n"}
{"Time":"2026-10-07T23:21:07.249627-10:00","Action":"output","Package":"github.com/snissn/gomap/TreeDB/freelist","Test":"TestResidentAllocationClassWitness5105","Output":"--- PASS: TestResidentAllocationClassWitness5105 (0.00s)\n"}
{"Time":"2026-10-07T23:21:07.249631-10:00","Action":"pass","Package":"github.com/snissn/gomap/TreeDB/freelist","Test":"TestResidentAllocationClassWitness5105","Elapsed":0}
{"Time":"2026-10-07T23:21:07.249635-10:00","Action":"run","Package":"github.com/snissn/gomap/TreeDB/freelist","Test":"TestBurnedTailGrowthAdmissionBeforeReservationDeletion5105"}
{"Time":"2026-10-07T23:21:07.249638-10:00","Action":"output","Package":"github.com/snissn/gomap/TreeDB/freelist","Test":"TestBurnedTailGrowthAdmissionBeforeReservationDeletion5105","Output":"=== RUN   TestBurnedTailGrowthAdmissionBeforeReservationDeletion5105\n"}
{"Time":"2026-10-07T23:21:07.249641-10:00","Action":"output","Package":"github.com/snissn/gomap/TreeDB/freelist","Test":"TestBurnedTailGrowthAdmissionBeforeReservationDeletion5105","Output":"--- PASS: TestBurnedTailGrowthAdmissionBeforeReservationDeletion5105 (0.00s)\n"}
{"Time":"2026-10-07T23:21:07.249644-10:00","Action":"pass","Package":"github.com/snissn/gomap/TreeDB/freelist","Test":"TestBurnedTailGrowthAdmissionBeforeReservationDeletion5105","Elapsed":0}
{"Time":"2026-10-07T23:21:07.249647-10:00","Action":"run","Package":"github.com/snissn/gomap/TreeDB/freelist","Test":"TestNumericRadixResidentPartialRetiredChunk5105"}
{"Time":"2026-10-07T23:21:07.24965-10:00","Action":"output","Package":"github.com/snissn/gomap/TreeDB/freelist","Test":"TestNumericRadixResidentPartialRetiredChunk5105","Output":"=== RUN   TestNumericRadixResidentPartialRetiredChunk5105\n"}
{"Time":"2026-10-07T23:21:07.249661-10:00","Action":"output","Package":"github.com/snissn/gomap/TreeDB/freelist","Test":"TestNumericRadixResidentPartialRetiredChunk5105","Output":"--- PASS: TestNumericRadixResidentPartialRetiredChunk5105 (0.00s)\n"}
{"Time":"2026-10-07T23:21:07.249688-10:00","Action":"pass","Package":"github.com/snissn/gomap/TreeDB/freelist","Test":"TestNumericRadixResidentPartialRetiredChunk5105","Elapsed":0}
{"Time":"2026-10-07T23:21:07.249692-10:00","Action":"run","Package":"github.com/snissn/gomap/TreeDB/freelist","Test":"TestResidentChunkCloseDetachHeldOldReader5105"}
{"Time":"2026-10-07T23:21:07.249695-10:00","Action":"output","Package":"github.com/snissn/gomap/TreeDB/freelist","Test":"TestResidentChunkCloseDetachHeldOldReader5105","Output":"=== RUN   TestResidentChunkCloseDetachHeldOldReader5105\n"}
{"Time":"2026-10-07T23:21:07.249972-10:00","Action":"output","Package":"github.com/snissn/gomap/TreeDB/freelist","Test":"TestResidentChunkCloseDetachHeldOldReader5105","Output":"--- PASS: TestResidentChunkCloseDetachHeldOldReader5105 (0.00s)\n"}
{"Time":"2026-10-07T23:21:07.249978-10:00","Action":"pass","Package":"github.com/snissn/gomap/TreeDB/freelist","Test":"TestResidentChunkCloseDetachHeldOldReader5105","Elapsed":0}
{"Time":"2026-10-07T23:21:07.249982-10:00","Action":"run","Package":"github.com/snissn/gomap/TreeDB/freelist","Test":"TestTransactionHeaderAndCrossRequestBufferCreators5105"}
{"Time":"2026-10-07T23:21:07.249984-10:00","Action":"output","Package":"github.com/snissn/gomap/TreeDB/freelist","Test":"TestTransactionHeaderAndCrossRequestBufferCreators5105","Output":"=== RUN   TestTransactionHeaderAndCrossRequestBufferCreators5105\n"}
{"Time":"2026-10-07T23:21:07.249989-10:00","Action":"output","Package":"github.com/snissn/gomap/TreeDB/freelist","Test":"TestTransactionHeaderAndCrossRequestBufferCreators5105","Output":"--- PASS: TestTransactionHeaderAndCrossRequestBufferCreators5105 (0.00s)\n"}
{"Time":"2026-10-07T23:21:07.249992-10:00","Action":"pass","Package":"github.com/snissn/gomap/TreeDB/freelist","Test":"TestTransactionHeaderAndCrossRequestBufferCreators5105","Elapsed":0}
{"Time":"2026-10-07T23:21:07.249995-10:00","Action":"run","Package":"github.com/snissn/gomap/TreeDB/freelist","Test":"TestTransactionBirthCloneAndRetainedNodeCredit5105"}
{"Time":"2026-10-07T23:21:07.249997-10:00","Action":"output","Package":"github.com/snissn/gomap/TreeDB/freelist","Test":"TestTransactionBirthCloneAndRetainedNodeCredit5105","Output":"=== RUN   TestTransactionBirthCloneAndRetainedNodeCredit5105\n"}
{"Time":"2026-10-07T23:21:07.250001-10:00","Action":"output","Package":"github.com/snissn/gomap/TreeDB/freelist","Test":"TestTransactionBirthCloneAndRetainedNodeCredit5105","Output":"--- PASS: TestTransactionBirthCloneAndRetainedNodeCredit5105 (0.00s)\n"}
{"Time":"2026-10-07T23:21:07.250004-10:00","Action":"pass","Package":"github.com/snissn/gomap/TreeDB/freelist","Test":"TestTransactionBirthCloneAndRetainedNodeCredit5105","Elapsed":0}
{"Time":"2026-10-07T23:21:07.250007-10:00","Action":"run","Package":"github.com/snissn/gomap/TreeDB/freelist","Test":"TestTransactionBuildExactRetryAndRawLedgerRefusal5105"}
{"Time":"2026-10-07T23:21:07.250009-10:00","Action":"output","Package":"github.com/snissn/gomap/TreeDB/freelist","Test":"TestTransactionBuildExactRetryAndRawLedgerRefusal5105","Output":"=== RUN   TestTransactionBuildExactRetryAndRawLedgerRefusal5105\n"}
{"Time":"2026-10-07T23:21:07.250013-10:00","Action":"output","Package":"github.com/snissn/gomap/TreeDB/freelist","Test":"TestTransactionBuildExactRetryAndRawLedgerRefusal5105","Output":"--- PASS: TestTransactionBuildExactRetryAndRawLedgerRefusal5105 (0.00s)\n"}
{"Time":"2026-10-07T23:21:07.250015-10:00","Action":"pass","Package":"github.com/snissn/gomap/TreeDB/freelist","Test":"TestTransactionBuildExactRetryAndRawLedgerRefusal5105","Elapsed":0}
{"Time":"2026-10-07T23:21:07.250018-10:00","Action":"run","Package":"github.com/snissn/gomap/TreeDB/freelist","Test":"TestTransactionAppendGrowthDeniedBeforeMutation5105"}
{"Time":"2026-10-07T23:21:07.25002-10:00","Action":"output","Package":"github.com/snissn/gomap/TreeDB/freelist","Test":"TestTransactionAppendGrowthDeniedBeforeMutation5105","Output":"=== RUN   TestTransactionAppendGrowthDeniedBeforeMutation5105\n"}
{"Time":"2026-10-07T23:21:07.250037-10:00","Action":"output","Package":"github.com/snissn/gomap/TreeDB/freelist","Test":"TestTransactionAppendGrowthDeniedBeforeMutation5105","Output":"--- PASS: TestTransactionAppendGrowthDeniedBeforeMutation5105 (0.00s)\n"}
{"Time":"2026-10-07T23:21:07.25004-10:00","Action":"pass","Package":"github.com/snissn/gomap/TreeDB/freelist","Test":"TestTransactionAppendGrowthDeniedBeforeMutation5105","Elapsed":0}
{"Time":"2026-10-07T23:21:07.250043-10:00","Action":"run","Package":"github.com/snissn/gomap/TreeDB/freelist","Test":"TestManagedRawCandidateEscapeRemainsPermanent5105"}
{"Time":"2026-10-07T23:21:07.250045-10:00","Action":"output","Package":"github.com/snissn/gomap/TreeDB/freelist","Test":"TestManagedRawCandidateEscapeRemainsPermanent5105","Output":"=== RUN   TestManagedRawCandidateEscapeRemainsPermanent5105\n"}
{"Time":"2026-10-07T23:21:07.250048-10:00","Action":"output","Package":"github.com/snissn/gomap/TreeDB/freelist","Test":"TestManagedRawCandidateEscapeRemainsPermanent5105","Output":"--- PASS: TestManagedRawCandidateEscapeRemainsPermanent5105 (0.00s)\n"}
{"Time":"2026-10-07T23:21:07.250051-10:00","Action":"pass","Package":"github.com/snissn/gomap/TreeDB/freelist","Test":"TestManagedRawCandidateEscapeRemainsPermanent5105","Elapsed":0}
{"Time":"2026-10-07T23:21:07.250054-10:00","Action":"run","Package":"github.com/snissn/gomap/TreeDB/freelist","Test":"TestBuildOwnerPinnedClassWitness5105"}
{"Time":"2026-10-07T23:21:07.250057-10:00","Action":"output","Package":"github.com/snissn/gomap/TreeDB/freelist","Test":"TestBuildOwnerPinnedClassWitness5105","Output":"=== RUN   TestBuildOwnerPinnedClassWitness5105\n"}
{"Time":"2026-10-07T23:21:07.250059-10:00","Action":"output","Package":"github.com/snissn/gomap/TreeDB/freelist","Test":"TestBuildOwnerPinnedClassWitness5105","Output":"    transaction_build_credit_v1_test.go:219: pinned layouts txn=368/class384 ledger=88/class96 creator=32/class32\n"}
{"Time":"2026-10-07T23:21:07.250062-10:00","Action":"output","Package":"github.com/snissn/gomap/TreeDB/freelist","Test":"TestBuildOwnerPinnedClassWitness5105","Output":"--- PASS: TestBuildOwnerPinnedClassWitness5105 (0.00s)\n"}
{"Time":"2026-10-07T23:21:07.250066-10:00","Action":"pass","Package":"github.com/snissn/gomap/TreeDB/freelist","Test":"TestBuildOwnerPinnedClassWitness5105","Elapsed":0}
{"Time":"2026-10-07T23:21:07.250069-10:00","Action":"run","Package":"github.com/snissn/gomap/TreeDB/freelist","Test":"TestOrdinaryPreparedWriterReentryAcrossTerminalClose5105"}
{"Time":"2026-10-07T23:21:07.250072-10:00","Action":"output","Package":"github.com/snissn/gomap/TreeDB/freelist","Test":"TestOrdinaryPreparedWriterReentryAcrossTerminalClose5105","Output":"=== RUN   TestOrdinaryPreparedWriterReentryAcrossTerminalClose5105\n"}
{"Time":"2026-10-07T23:21:07.250075-10:00","Action":"output","Package":"github.com/snissn/gomap/TreeDB/freelist","Test":"TestOrdinaryPreparedWriterReentryAcrossTerminalClose5105","Output":"--- PASS: TestOrdinaryPreparedWriterReentryAcrossTerminalClose5105 (0.00s)\n"}
{"Time":"2026-10-07T23:21:07.250077-10:00","Action":"pass","Package":"github.com/snissn/gomap/TreeDB/freelist","Test":"TestOrdinaryPreparedWriterReentryAcrossTerminalClose5105","Elapsed":0}
{"Time":"2026-10-07T23:21:07.25008-10:00","Action":"run","Package":"github.com/snissn/gomap/TreeDB/freelist","Test":"FuzzFreelistGenerationV1_Model"}
{"Time":"2026-10-07T23:21:07.250083-10:00","Action":"output","Package":"github.com/snissn/gomap/TreeDB/freelist","Test":"FuzzFreelistGenerationV1_Model","Output":"=== RUN   FuzzFreelistGenerationV1_Model\n"}
{"Time":"2026-10-07T23:21:07.250087-10:00","Action":"run","Package":"github.com/snissn/gomap/TreeDB/freelist","Test":"FuzzFreelistGenerationV1_Model/seed#0"}
{"Time":"2026-10-07T23:21:07.25009-10:00","Action":"output","Package":"github.com/snissn/gomap/TreeDB/freelist","Test":"FuzzFreelistGenerationV1_Model/seed#0","Output":"=== RUN   FuzzFreelistGenerationV1_Model/seed#0\n"}
{"Time":"2026-10-07T23:21:07.250133-10:00","Action":"output","Package":"github.com/snissn/gomap/TreeDB/freelist","Test":"FuzzFreelistGenerationV1_Model/seed#0","Output":"--- PASS: FuzzFreelistGenerationV1_Model/seed#0 (0.00s)\n"}
{"Time":"2026-10-07T23:21:07.250153-10:00","Action":"pass","Package":"github.com/snissn/gomap/TreeDB/freelist","Test":"FuzzFreelistGenerationV1_Model/seed#0","Elapsed":0}
{"Time":"2026-10-07T23:21:07.250157-10:00","Action":"run","Package":"github.com/snissn/gomap/TreeDB/freelist","Test":"FuzzFreelistGenerationV1_Model/seed#1"}
{"Time":"2026-10-07T23:21:07.25016-10:00","Action":"output","Package":"github.com/snissn/gomap/TreeDB/freelist","Test":"FuzzFreelistGenerationV1_Model/seed#1","Output":"=== RUN   FuzzFreelistGenerationV1_Model/seed#1\n"}
{"Time":"2026-10-07T23:21:07.250163-10:00","Action":"output","Package":"github.com/snissn/gomap/TreeDB/freelist","Test":"FuzzFreelistGenerationV1_Model/seed#1","Output":"--- PASS: FuzzFreelistGenerationV1_Model/seed#1 (0.00s)\n"}
{"Time":"2026-10-07T23:21:07.250167-10:00","Action":"pass","Package":"github.com/snissn/gomap/TreeDB/freelist","Test":"FuzzFreelistGenerationV1_Model/seed#1","Elapsed":0}
{"Time":"2026-10-07T23:21:07.25017-10:00","Action":"output","Package":"github.com/snissn/gomap/TreeDB/freelist","Test":"FuzzFreelistGenerationV1_Model","Output":"--- PASS: FuzzFreelistGenerationV1_Model (0.00s)\n"}
{"Time":"2026-10-07T23:21:07.250172-10:00","Action":"pass","Package":"github.com/snissn/gomap/TreeDB/freelist","Test":"FuzzFreelistGenerationV1_Model","Elapsed":0}
{"Time":"2026-10-07T23:21:07.250175-10:00","Action":"output","Package":"github.com/snissn/gomap/TreeDB/freelist","Output":"PASS\n"}
{"Time":"2026-10-07T23:21:07.252238-10:00","Action":"output","Package":"github.com/snissn/gomap/TreeDB/freelist","Output":"ok  \tgithub.com/snissn/gomap/TreeDB/freelist\t1.252s\n"}
{"Time":"2026-10-07T23:21:07.252247-10:00","Action":"pass","Package":"github.com/snissn/gomap/TreeDB/freelist","Elapsed":1.252}
