{"Time":"2026-10-07T23:21:13.948311-10:00","Action":"start","Package":"github.com/snissn/gomap/TreeDB/freelist"}
{"Time":"2026-10-07T23:21:14.279373-10:00","Action":"run","Package":"github.com/snissn/gomap/TreeDB/freelist","Test":"TestCandidateFiniteGenericWriterRefusedBeforeCallback5105"}
{"Time":"2026-10-07T23:21:14.279446-10:00","Action":"output","Package":"github.com/snissn/gomap/TreeDB/freelist","Test":"TestCandidateFiniteGenericWriterRefusedBeforeCallback5105","Output":"=== RUN   TestCandidateFiniteGenericWriterRefusedBeforeCallback5105\n"}
{"Time":"2026-10-07T23:21:14.279511-10:00","Action":"output","Package":"github.com/snissn/gomap/TreeDB/freelist","Test":"TestCandidateFiniteGenericWriterRefusedBeforeCallback5105","Output":"--- PASS: TestCandidateFiniteGenericWriterRefusedBeforeCallback5105 (0.00s)\n"}
{"Time":"2026-10-07T23:21:14.279524-10:00","Action":"pass","Package":"github.com/snissn/gomap/TreeDB/freelist","Test":"TestCandidateFiniteGenericWriterRefusedBeforeCallback5105","Elapsed":0}
{"Time":"2026-10-07T23:21:14.279538-10:00","Action":"run","Package":"github.com/snissn/gomap/TreeDB/freelist","Test":"TestCandidateFiniteDirectPagerAndOrdinaryRetainingWriter5105"}
{"Time":"2026-10-07T23:21:14.279543-10:00","Action":"output","Package":"github.com/snissn/gomap/TreeDB/freelist","Test":"TestCandidateFiniteDirectPagerAndOrdinaryRetainingWriter5105","Output":"=== RUN   TestCandidateFiniteDirectPagerAndOrdinaryRetainingWriter5105\n"}
{"Time":"2026-10-07T23:21:14.280265-10:00","Action":"output","Package":"github.com/snissn/gomap/TreeDB/freelist","Test":"TestCandidateFiniteDirectPagerAndOrdinaryRetainingWriter5105","Output":"--- PASS: TestCandidateFiniteDirectPagerAndOrdinaryRetainingWriter5105 (0.00s)\n"}
{"Time":"2026-10-07T23:21:14.280271-10:00","Action":"pass","Package":"github.com/snissn/gomap/TreeDB/freelist","Test":"TestCandidateFiniteDirectPagerAndOrdinaryRetainingWriter5105","Elapsed":0}
{"Time":"2026-10-07T23:21:14.280309-10:00","Action":"run","Package":"github.com/snissn/gomap/TreeDB/freelist","Test":"TestPublishedGenerationLeaseInstanceCensus5105"}
{"Time":"2026-10-07T23:21:14.280315-10:00","Action":"output","Package":"github.com/snissn/gomap/TreeDB/freelist","Test":"TestPublishedGenerationLeaseInstanceCensus5105","Output":"=== RUN   TestPublishedGenerationLeaseInstanceCensus5105\n"}
{"Time":"2026-10-07T23:21:14.28039-10:00","Action":"output","Package":"github.com/snissn/gomap/TreeDB/freelist","Test":"TestPublishedGenerationLeaseInstanceCensus5105","Output":"--- PASS: TestPublishedGenerationLeaseInstanceCensus5105 (0.00s)\n"}
{"Time":"2026-10-07T23:21:14.280416-10:00","Action":"pass","Package":"github.com/snissn/gomap/TreeDB/freelist","Test":"TestPublishedGenerationLeaseInstanceCensus5105","Elapsed":0}
{"Time":"2026-10-07T23:21:14.280422-10:00","Action":"run","Package":"github.com/snissn/gomap/TreeDB/freelist","Test":"TestFiniteTerminalBackingAndAmbiguousRetention5105"}
{"Time":"2026-10-07T23:21:14.280427-10:00","Action":"output","Package":"github.com/snissn/gomap/TreeDB/freelist","Test":"TestFiniteTerminalBackingAndAmbiguousRetention5105","Output":"=== RUN   TestFiniteTerminalBackingAndAmbiguousRetention5105\n"}
{"Time":"2026-10-07T23:21:14.280492-10:00","Action":"output","Package":"github.com/snissn/gomap/TreeDB/freelist","Test":"TestFiniteTerminalBackingAndAmbiguousRetention5105","Output":"--- PASS: TestFiniteTerminalBackingAndAmbiguousRetention5105 (0.00s)\n"}
{"Time":"2026-10-07T23:21:14.280531-10:00","Action":"pass","Package":"github.com/snissn/gomap/TreeDB/freelist","Test":"TestFiniteTerminalBackingAndAmbiguousRetention5105","Elapsed":0}
{"Time":"2026-10-07T23:21:14.280544-10:00","Action":"run","Package":"github.com/snissn/gomap/TreeDB/freelist","Test":"TestCandidateGettersSynchronizeTerminalClear5105"}
{"Time":"2026-10-07T23:21:14.280552-10:00","Action":"output","Package":"github.com/snissn/gomap/TreeDB/freelist","Test":"TestCandidateGettersSynchronizeTerminalClear5105","Output":"=== RUN   TestCandidateGettersSynchronizeTerminalClear5105\n"}
{"Time":"2026-10-07T23:21:14.281982-10:00","Action":"output","Package":"github.com/snissn/gomap/TreeDB/freelist","Test":"TestCandidateGettersSynchronizeTerminalClear5105","Output":"--- PASS: TestCandidateGettersSynchronizeTerminalClear5105 (0.00s)\n"}
{"Time":"2026-10-07T23:21:14.28202-10:00","Action":"pass","Package":"github.com/snissn/gomap/TreeDB/freelist","Test":"TestCandidateGettersSynchronizeTerminalClear5105","Elapsed":0}
{"Time":"2026-10-07T23:21:14.282025-10:00","Action":"run","Package":"github.com/snissn/gomap/TreeDB/freelist","Test":"TestAllocationRequestResidentOrderAndRetirement5108"}
{"Time":"2026-10-07T23:21:14.282029-10:00","Action":"output","Package":"github.com/snissn/gomap/TreeDB/freelist","Test":"TestAllocationRequestResidentOrderAndRetirement5108","Output":"=== RUN   TestAllocationRequestResidentOrderAndRetirement5108\n"}
{"Time":"2026-10-07T23:21:14.282062-10:00","Action":"run","Package":"github.com/snissn/gomap/TreeDB/freelist","Test":"TestAllocationRequestResidentOrderAndRetirement5108/constructor-platform-and-component-bootstrap"}
{"Time":"2026-10-07T23:21:14.282069-10:00","Action":"output","Package":"github.com/snissn/gomap/TreeDB/freelist","Test":"TestAllocationRequestResidentOrderAndRetirement5108/constructor-platform-and-component-bootstrap","Output":"=== RUN   TestAllocationRequestResidentOrderAndRetirement5108/constructor-platform-and-component-bootstrap\n"}
{"Time":"2026-10-07T23:21:14.282154-10:00","Action":"output","Package":"github.com/snissn/gomap/TreeDB/freelist","Test":"TestAllocationRequestResidentOrderAndRetirement5108/constructor-platform-and-component-bootstrap","Output":"--- PASS: TestAllocationRequestResidentOrderAndRetirement5108/constructor-platform-and-component-bootstrap (0.00s)\n"}
{"Time":"2026-10-07T23:21:14.28216-10:00","Action":"pass","Package":"github.com/snissn/gomap/TreeDB/freelist","Test":"TestAllocationRequestResidentOrderAndRetirement5108/constructor-platform-and-component-bootstrap","Elapsed":0}
{"Time":"2026-10-07T23:21:14.282185-10:00","Action":"output","Package":"github.com/snissn/gomap/TreeDB/freelist","Test":"TestAllocationRequestResidentOrderAndRetirement5108","Output":"--- PASS: TestAllocationRequestResidentOrderAndRetirement5108 (0.00s)\n"}
{"Time":"2026-10-07T23:21:14.282189-10:00","Action":"pass","Package":"github.com/snissn/gomap/TreeDB/freelist","Test":"TestAllocationRequestResidentOrderAndRetirement5108","Elapsed":0}
{"Time":"2026-10-07T23:21:14.282206-10:00","Action":"run","Package":"github.com/snissn/gomap/TreeDB/freelist","Test":"TestAllocationLoanPreservesHistoricalCreators5108"}
{"Time":"2026-10-07T23:21:14.282211-10:00","Action":"output","Package":"github.com/snissn/gomap/TreeDB/freelist","Test":"TestAllocationLoanPreservesHistoricalCreators5108","Output":"=== RUN   TestAllocationLoanPreservesHistoricalCreators5108\n"}
{"Time":"2026-10-07T23:21:14.282224-10:00","Action":"output","Package":"github.com/snissn/gomap/TreeDB/freelist","Test":"TestAllocationLoanPreservesHistoricalCreators5108","Output":"--- PASS: TestAllocationLoanPreservesHistoricalCreators5108 (0.00s)\n"}
{"Time":"2026-10-07T23:21:14.282234-10:00","Action":"pass","Package":"github.com/snissn/gomap/TreeDB/freelist","Test":"TestAllocationLoanPreservesHistoricalCreators5108","Elapsed":0}
{"Time":"2026-10-07T23:21:14.282255-10:00","Action":"run","Package":"github.com/snissn/gomap/TreeDB/freelist","Test":"TestAllocationScratchRefusalAndIndependentLifetime5108"}
{"Time":"2026-10-07T23:21:14.282258-10:00","Action":"output","Package":"github.com/snissn/gomap/TreeDB/freelist","Test":"TestAllocationScratchRefusalAndIndependentLifetime5108","Output":"=== RUN   TestAllocationScratchRefusalAndIndependentLifetime5108\n"}
{"Time":"2026-10-07T23:21:14.282294-10:00","Action":"output","Package":"github.com/snissn/gomap/TreeDB/freelist","Test":"TestAllocationScratchRefusalAndIndependentLifetime5108","Output":"--- PASS: TestAllocationScratchRefusalAndIndependentLifetime5108 (0.00s)\n"}
{"Time":"2026-10-07T23:21:14.282298-10:00","Action":"pass","Package":"github.com/snissn/gomap/TreeDB/freelist","Test":"TestAllocationScratchRefusalAndIndependentLifetime5108","Elapsed":0}
{"Time":"2026-10-07T23:21:14.282321-10:00","Action":"run","Package":"github.com/snissn/gomap/TreeDB/freelist","Test":"TestAllocationEpochRequiresCurrentRequestAndDestination5108"}
{"Time":"2026-10-07T23:21:14.282325-10:00","Action":"output","Package":"github.com/snissn/gomap/TreeDB/freelist","Test":"TestAllocationEpochRequiresCurrentRequestAndDestination5108","Output":"=== RUN   TestAllocationEpochRequiresCurrentRequestAndDestination5108\n"}
{"Time":"2026-10-07T23:21:14.282536-10:00","Action":"output","Package":"github.com/snissn/gomap/TreeDB/freelist","Test":"TestAllocationEpochRequiresCurrentRequestAndDestination5108","Output":"--- PASS: TestAllocationEpochRequiresCurrentRequestAndDestination5108 (0.00s)\n"}
{"Time":"2026-10-07T23:21:14.282541-10:00","Action":"pass","Package":"github.com/snissn/gomap/TreeDB/freelist","Test":"TestAllocationEpochRequiresCurrentRequestAndDestination5108","Elapsed":0}
{"Time":"2026-10-07T23:21:14.282556-10:00","Action":"run","Package":"github.com/snissn/gomap/TreeDB/freelist","Test":"TestAllocator_AllocClearsFreelistBodySlot"}
{"Time":"2026-10-07T23:21:14.282559-10:00","Action":"output","Package":"github.com/snissn/gomap/TreeDB/freelist","Test":"TestAllocator_AllocClearsFreelistBodySlot","Output":"=== RUN   TestAllocator_AllocClearsFreelistBodySlot\n"}
{"Time":"2026-10-07T23:21:14.284938-10:00","Action":"output","Package":"github.com/snissn/gomap/TreeDB/freelist","Test":"TestAllocator_AllocClearsFreelistBodySlot","Output":"--- PASS: TestAllocator_AllocClearsFreelistBodySlot (0.00s)\n"}
{"Time":"2026-10-07T23:21:14.284949-10:00","Action":"pass","Package":"github.com/snissn/gomap/TreeDB/freelist","Test":"TestAllocator_AllocClearsFreelistBodySlot","Elapsed":0}
{"Time":"2026-10-07T23:21:14.28496-10:00","Action":"run","Package":"github.com/snissn/gomap/TreeDB/freelist","Test":"TestAllocatorCOWPrepareProfileCountsLiveTransaction"}
{"Time":"2026-10-07T23:21:14.284966-10:00","Action":"output","Package":"github.com/snissn/gomap/TreeDB/freelist","Test":"TestAllocatorCOWPrepareProfileCountsLiveTransaction","Output":"=== RUN   TestAllocatorCOWPrepareProfileCountsLiveTransaction\n"}
{"Time":"2026-10-07T23:21:14.285415-10:00","Action":"output","Package":"github.com/snissn/gomap/TreeDB/freelist","Test":"TestAllocatorCOWPrepareProfileCountsLiveTransaction","Output":"--- PASS: TestAllocatorCOWPrepareProfileCountsLiveTransaction (0.00s)\n"}
{"Time":"2026-10-07T23:21:14.28542-10:00","Action":"pass","Package":"github.com/snissn/gomap/TreeDB/freelist","Test":"TestAllocatorCOWPrepareProfileCountsLiveTransaction","Elapsed":0}
{"Time":"2026-10-07T23:21:14.285438-10:00","Action":"run","Package":"github.com/snissn/gomap/TreeDB/freelist","Test":"TestAllocatorCOWPrepareLimitsRejectBeforeClone"}
{"Time":"2026-10-07T23:21:14.285441-10:00","Action":"output","Package":"github.com/snissn/gomap/TreeDB/freelist","Test":"TestAllocatorCOWPrepareLimitsRejectBeforeClone","Output":"=== RUN   TestAllocatorCOWPrepareLimitsRejectBeforeClone\n"}
{"Time":"2026-10-07T23:21:14.285837-10:00","Action":"output","Package":"github.com/snissn/gomap/TreeDB/freelist","Test":"TestAllocatorCOWPrepareLimitsRejectBeforeClone","Output":"--- PASS: TestAllocatorCOWPrepareLimitsRejectBeforeClone (0.00s)\n"}
{"Time":"2026-10-07T23:21:14.285842-10:00","Action":"pass","Package":"github.com/snissn/gomap/TreeDB/freelist","Test":"TestAllocatorCOWPrepareLimitsRejectBeforeClone","Elapsed":0}
{"Time":"2026-10-07T23:21:14.285859-10:00","Action":"run","Package":"github.com/snissn/gomap/TreeDB/freelist","Test":"TestCOWPrepareProfileLimitsCoverEveryCopiedCollection"}
{"Time":"2026-10-07T23:21:14.285863-10:00","Action":"output","Package":"github.com/snissn/gomap/TreeDB/freelist","Test":"TestCOWPrepareProfileLimitsCoverEveryCopiedCollection","Output":"=== RUN   TestCOWPrepareProfileLimitsCoverEveryCopiedCollection\n"}
{"Time":"2026-10-07T23:21:14.285963-10:00","Action":"run","Package":"github.com/snissn/gomap/TreeDB/freelist","Test":"TestCOWPrepareProfileLimitsCoverEveryCopiedCollection/high_water"}
{"Time":"2026-10-07T23:21:14.285967-10:00","Action":"output","Package":"github.com/snissn/gomap/TreeDB/freelist","Test":"TestCOWPrepareProfileLimitsCoverEveryCopiedCollection/high_water","Output":"=== RUN   TestCOWPrepareProfileLimitsCoverEveryCopiedCollection/high_water\n"}
{"Time":"2026-10-07T23:21:14.285992-10:00","Action":"output","Package":"github.com/snissn/gomap/TreeDB/freelist","Test":"TestCOWPrepareProfileLimitsCoverEveryCopiedCollection/high_water","Output":"--- PASS: TestCOWPrepareProfileLimitsCoverEveryCopiedCollection/high_water (0.00s)\n"}
{"Time":"2026-10-07T23:21:14.285999-10:00","Action":"pass","Package":"github.com/snissn/gomap/TreeDB/freelist","Test":"TestCOWPrepareProfileLimitsCoverEveryCopiedCollection/high_water","Elapsed":0}
{"Time":"2026-10-07T23:21:14.286018-10:00","Action":"run","Package":"github.com/snissn/gomap/TreeDB/freelist","Test":"TestCOWPrepareProfileLimitsCoverEveryCopiedCollection/retired_pages"}
{"Time":"2026-10-07T23:21:14.286022-10:00","Action":"output","Package":"github.com/snissn/gomap/TreeDB/freelist","Test":"TestCOWPrepareProfileLimitsCoverEveryCopiedCollection/retired_pages","Output":"=== RUN   TestCOWPrepareProfileLimitsCoverEveryCopiedCollection/retired_pages\n"}
{"Time":"2026-10-07T23:21:14.286045-10:00","Action":"output","Package":"github.com/snissn/gomap/TreeDB/freelist","Test":"TestCOWPrepareProfileLimitsCoverEveryCopiedCollection/retired_pages","Output":"--- PASS: TestCOWPrepareProfileLimitsCoverEveryCopiedCollection/retired_pages (0.00s)\n"}
{"Time":"2026-10-07T23:21:14.286049-10:00","Action":"pass","Package":"github.com/snissn/gomap/TreeDB/freelist","Test":"TestCOWPrepareProfileLimitsCoverEveryCopiedCollection/retired_pages","Elapsed":0}
{"Time":"2026-10-07T23:21:14.286074-10:00","Action":"run","Package":"github.com/snissn/gomap/TreeDB/freelist","Test":"TestCOWPrepareProfileLimitsCoverEveryCopiedCollection/allocated_pages"}
{"Time":"2026-10-07T23:21:14.286077-10:00","Action":"output","Package":"github.com/snissn/gomap/TreeDB/freelist","Test":"TestCOWPrepareProfileLimitsCoverEveryCopiedCollection/allocated_pages","Output":"=== RUN   TestCOWPrepareProfileLimitsCoverEveryCopiedCollection/allocated_pages\n"}
{"Time":"2026-10-07T23:21:14.286094-10:00","Action":"output","Package":"github.com/snissn/gomap/TreeDB/freelist","Test":"TestCOWPrepareProfileLimitsCoverEveryCopiedCollection/allocated_pages","Output":"--- PASS: TestCOWPrepareProfileLimitsCoverEveryCopiedCollection/allocated_pages (0.00s)\n"}
{"Time":"2026-10-07T23:21:14.286104-10:00","Action":"pass","Package":"github.com/snissn/gomap/TreeDB/freelist","Test":"TestCOWPrepareProfileLimitsCoverEveryCopiedCollection/allocated_pages","Elapsed":0}
{"Time":"2026-10-07T23:21:14.286121-10:00","Action":"run","Package":"github.com/snissn/gomap/TreeDB/freelist","Test":"TestCOWPrepareProfileLimitsCoverEveryCopiedCollection/replaced_metadata_pages"}
{"Time":"2026-10-07T23:21:14.286124-10:00","Action":"output","Package":"github.com/snissn/gomap/TreeDB/freelist","Test":"TestCOWPrepareProfileLimitsCoverEveryCopiedCollection/replaced_metadata_pages","Output":"=== RUN   TestCOWPrepareProfileLimitsCoverEveryCopiedCollection/replaced_metadata_pages\n"}
{"Time":"2026-10-07T23:21:14.286146-10:00","Action":"output","Package":"github.com/snissn/gomap/TreeDB/freelist","Test":"TestCOWPrepareProfileLimitsCoverEveryCopiedCollection/replaced_metadata_pages","Output":"--- PASS: TestCOWPrepareProfileLimitsCoverEveryCopiedCollection/replaced_metadata_pages (0.00s)\n"}
{"Time":"2026-10-07T23:21:14.286151-10:00","Action":"pass","Package":"github.com/snissn/gomap/TreeDB/freelist","Test":"TestCOWPrepareProfileLimitsCoverEveryCopiedCollection/replaced_metadata_pages","Elapsed":0}
{"Time":"2026-10-07T23:21:14.286172-10:00","Action":"run","Package":"github.com/snissn/gomap/TreeDB/freelist","Test":"TestCOWPrepareProfileLimitsCoverEveryCopiedCollection/base_reservation_extents"}
{"Time":"2026-10-07T23:21:14.286176-10:00","Action":"output","Package":"github.com/snissn/gomap/TreeDB/freelist","Test":"TestCOWPrepareProfileLimitsCoverEveryCopiedCollection/base_reservation_extents","Output":"=== RUN   TestCOWPrepareProfileLimitsCoverEveryCopiedCollection/base_reservation_extents\n"}
{"Time":"2026-10-07T23:21:14.286198-10:00","Action":"output","Package":"github.com/snissn/gomap/TreeDB/freelist","Test":"TestCOWPrepareProfileLimitsCoverEveryCopiedCollection/base_reservation_extents","Output":"--- PASS: TestCOWPrepareProfileLimitsCoverEveryCopiedCollection/base_reservation_extents (0.00s)\n"}
{"Time":"2026-10-07T23:21:14.286201-10:00","Action":"pass","Package":"github.com/snissn/gomap/TreeDB/freelist","Test":"TestCOWPrepareProfileLimitsCoverEveryCopiedCollection/base_reservation_extents","Elapsed":0}
{"Time":"2026-10-07T23:21:14.286227-10:00","Action":"run","Package":"github.com/snissn/gomap/TreeDB/freelist","Test":"TestCOWPrepareProfileLimitsCoverEveryCopiedCollection/base_metadata_pages"}
{"Time":"2026-10-07T23:21:14.286232-10:00","Action":"output","Package":"github.com/snissn/gomap/TreeDB/freelist","Test":"TestCOWPrepareProfileLimitsCoverEveryCopiedCollection/base_metadata_pages","Output":"=== RUN   TestCOWPrepareProfileLimitsCoverEveryCopiedCollection/base_metadata_pages\n"}
{"Time":"2026-10-07T23:21:14.286249-10:00","Action":"output","Package":"github.com/snissn/gomap/TreeDB/freelist","Test":"TestCOWPrepareProfileLimitsCoverEveryCopiedCollection/base_metadata_pages","Output":"--- PASS: TestCOWPrepareProfileLimitsCoverEveryCopiedCollection/base_metadata_pages (0.00s)\n"}
{"Time":"2026-10-07T23:21:14.286256-10:00","Action":"pass","Package":"github.com/snissn/gomap/TreeDB/freelist","Test":"TestCOWPrepareProfileLimitsCoverEveryCopiedCollection/base_metadata_pages","Elapsed":0}
{"Time":"2026-10-07T23:21:14.286274-10:00","Action":"run","Package":"github.com/snissn/gomap/TreeDB/freelist","Test":"TestCOWPrepareProfileLimitsCoverEveryCopiedCollection/ledger_burned_tail_ranges"}
{"Time":"2026-10-07T23:21:14.286277-10:00","Action":"output","Package":"github.com/snissn/gomap/TreeDB/freelist","Test":"TestCOWPrepareProfileLimitsCoverEveryCopiedCollection/ledger_burned_tail_ranges","Output":"=== RUN   TestCOWPrepareProfileLimitsCoverEveryCopiedCollection/ledger_burned_tail_ranges\n"}
{"Time":"2026-10-07T23:21:14.286295-10:00","Action":"output","Package":"github.com/snissn/gomap/TreeDB/freelist","Test":"TestCOWPrepareProfileLimitsCoverEveryCopiedCollection/ledger_burned_tail_ranges","Output":"--- PASS: TestCOWPrepareProfileLimitsCoverEveryCopiedCollection/ledger_burned_tail_ranges (0.00s)\n"}
{"Time":"2026-10-07T23:21:14.2863-10:00","Action":"pass","Package":"github.com/snissn/gomap/TreeDB/freelist","Test":"TestCOWPrepareProfileLimitsCoverEveryCopiedCollection/ledger_burned_tail_ranges","Elapsed":0}
{"Time":"2026-10-07T23:21:14.286321-10:00","Action":"run","Package":"github.com/snissn/gomap/TreeDB/freelist","Test":"TestCOWPrepareProfileLimitsCoverEveryCopiedCollection/ledger_highest_reserved_end"}
{"Time":"2026-10-07T23:21:14.286325-10:00","Action":"output","Package":"github.com/snissn/gomap/TreeDB/freelist","Test":"TestCOWPrepareProfileLimitsCoverEveryCopiedCollection/ledger_highest_reserved_end","Output":"=== RUN   TestCOWPrepareProfileLimitsCoverEveryCopiedCollection/ledger_highest_reserved_end\n"}
{"Time":"2026-10-07T23:21:14.286342-10:00","Action":"output","Package":"github.com/snissn/gomap/TreeDB/freelist","Test":"TestCOWPrepareProfileLimitsCoverEveryCopiedCollection/ledger_highest_reserved_end","Output":"--- PASS: TestCOWPrepareProfileLimitsCoverEveryCopiedCollection/ledger_highest_reserved_end (0.00s)\n"}
{"Time":"2026-10-07T23:21:14.286347-10:00","Action":"pass","Package":"github.com/snissn/gomap/TreeDB/freelist","Test":"TestCOWPrepareProfileLimitsCoverEveryCopiedCollection/ledger_highest_reserved_end","Elapsed":0}
{"Time":"2026-10-07T23:21:14.286377-10:00","Action":"run","Package":"github.com/snissn/gomap/TreeDB/freelist","Test":"TestCOWPrepareProfileLimitsCoverEveryCopiedCollection/abandoned_append_extents"}
{"Time":"2026-10-07T23:21:14.28638-10:00","Action":"output","Package":"github.com/snissn/gomap/TreeDB/freelist","Test":"TestCOWPrepareProfileLimitsCoverEveryCopiedCollection/abandoned_append_extents","Output":"=== RUN   TestCOWPrepareProfileLimitsCoverEveryCopiedCollection/abandoned_append_extents\n"}
{"Time":"2026-10-07T23:21:14.286395-10:00","Action":"output","Package":"github.com/snissn/gomap/TreeDB/freelist","Test":"TestCOWPrepareProfileLimitsCoverEveryCopiedCollection/abandoned_append_extents","Output":"--- PASS: TestCOWPrepareProfileLimitsCoverEveryCopiedCollection/abandoned_append_extents (0.00s)\n"}
{"Time":"2026-10-07T23:21:14.286403-10:00","Action":"pass","Package":"github.com/snissn/gomap/TreeDB/freelist","Test":"TestCOWPrepareProfileLimitsCoverEveryCopiedCollection/abandoned_append_extents","Elapsed":0}
{"Time":"2026-10-07T23:21:14.286419-10:00","Action":"run","Package":"github.com/snissn/gomap/TreeDB/freelist","Test":"TestCOWPrepareProfileLimitsCoverEveryCopiedCollection/changed_chunks"}
{"Time":"2026-10-07T23:21:14.286422-10:00","Action":"output","Package":"github.com/snissn/gomap/TreeDB/freelist","Test":"TestCOWPrepareProfileLimitsCoverEveryCopiedCollection/changed_chunks","Output":"=== RUN   TestCOWPrepareProfileLimitsCoverEveryCopiedCollection/changed_chunks\n"}
{"Time":"2026-10-07T23:21:14.28644-10:00","Action":"output","Package":"github.com/snissn/gomap/TreeDB/freelist","Test":"TestCOWPrepareProfileLimitsCoverEveryCopiedCollection/changed_chunks","Output":"--- PASS: TestCOWPrepareProfileLimitsCoverEveryCopiedCollection/changed_chunks (0.00s)\n"}
{"Time":"2026-10-07T23:21:14.286445-10:00","Action":"pass","Package":"github.com/snissn/gomap/TreeDB/freelist","Test":"TestCOWPrepareProfileLimitsCoverEveryCopiedCollection/changed_chunks","Elapsed":0}
{"Time":"2026-10-07T23:21:14.286462-10:00","Action":"run","Package":"github.com/snissn/gomap/TreeDB/freelist","Test":"TestCOWPrepareProfileLimitsCoverEveryCopiedCollection/ledger_owners"}
{"Time":"2026-10-07T23:21:14.286468-10:00","Action":"output","Package":"github.com/snissn/gomap/TreeDB/freelist","Test":"TestCOWPrepareProfileLimitsCoverEveryCopiedCollection/ledger_owners","Output":"=== RUN   TestCOWPrepareProfileLimitsCoverEveryCopiedCollection/ledger_owners\n"}
{"Time":"2026-10-07T23:21:14.286482-10:00","Action":"output","Package":"github.com/snissn/gomap/TreeDB/freelist","Test":"TestCOWPrepareProfileLimitsCoverEveryCopiedCollection/ledger_owners","Output":"--- PASS: TestCOWPrepareProfileLimitsCoverEveryCopiedCollection/ledger_owners (0.00s)\n"}
{"Time":"2026-10-07T23:21:14.286488-10:00","Action":"pass","Package":"github.com/snissn/gomap/TreeDB/freelist","Test":"TestCOWPrepareProfileLimitsCoverEveryCopiedCollection/ledger_owners","Elapsed":0}
{"Time":"2026-10-07T23:21:14.286505-10:00","Action":"run","Package":"github.com/snissn/gomap/TreeDB/freelist","Test":"TestCOWPrepareProfileLimitsCoverEveryCopiedCollection/ledger_candidates"}
{"Time":"2026-10-07T23:21:14.286509-10:00","Action":"output","Package":"github.com/snissn/gomap/TreeDB/freelist","Test":"TestCOWPrepareProfileLimitsCoverEveryCopiedCollection/ledger_candidates","Output":"=== RUN   TestCOWPrepareProfileLimitsCoverEveryCopiedCollection/ledger_candidates\n"}
{"Time":"2026-10-07T23:21:14.286525-10:00","Action":"output","Package":"github.com/snissn/gomap/TreeDB/freelist","Test":"TestCOWPrepareProfileLimitsCoverEveryCopiedCollection/ledger_candidates","Output":"--- PASS: TestCOWPrepareProfileLimitsCoverEveryCopiedCollection/ledger_candidates (0.00s)\n"}
{"Time":"2026-10-07T23:21:14.286529-10:00","Action":"pass","Package":"github.com/snissn/gomap/TreeDB/freelist","Test":"TestCOWPrepareProfileLimitsCoverEveryCopiedCollection/ledger_candidates","Elapsed":0}
{"Time":"2026-10-07T23:21:14.286542-10:00","Action":"output","Package":"github.com/snissn/gomap/TreeDB/freelist","Test":"TestCOWPrepareProfileLimitsCoverEveryCopiedCollection","Output":"--- PASS: TestCOWPrepareProfileLimitsCoverEveryCopiedCollection (0.00s)\n"}
{"Time":"2026-10-07T23:21:14.286549-10:00","Action":"pass","Package":"github.com/snissn/gomap/TreeDB/freelist","Test":"TestCOWPrepareProfileLimitsCoverEveryCopiedCollection","Elapsed":0}
{"Time":"2026-10-07T23:21:14.286566-10:00","Action":"run","Package":"github.com/snissn/gomap/TreeDB/freelist","Test":"TestAllocatorFailedCOWCandidateWakesBlockedAllocation"}
{"Time":"2026-10-07T23:21:14.286586-10:00","Action":"output","Package":"github.com/snissn/gomap/TreeDB/freelist","Test":"TestAllocatorFailedCOWCandidateWakesBlockedAllocation","Output":"=== RUN   TestAllocatorFailedCOWCandidateWakesBlockedAllocation\n"}
{"Time":"2026-10-07T23:21:14.287263-10:00","Action":"output","Package":"github.com/snissn/gomap/TreeDB/freelist","Test":"TestAllocatorFailedCOWCandidateWakesBlockedAllocation","Output":"--- PASS: TestAllocatorFailedCOWCandidateWakesBlockedAllocation (0.00s)\n"}
{"Time":"2026-10-07T23:21:14.28727-10:00","Action":"pass","Package":"github.com/snissn/gomap/TreeDB/freelist","Test":"TestAllocatorFailedCOWCandidateWakesBlockedAllocation","Elapsed":0}
{"Time":"2026-10-07T23:21:14.287313-10:00","Action":"run","Package":"github.com/snissn/gomap/TreeDB/freelist","Test":"TestAllocatorCOWCandidateOwnsAllocationsAndAuxiliaryPages"}
{"Time":"2026-10-07T23:21:14.287318-10:00","Action":"output","Package":"github.com/snissn/gomap/TreeDB/freelist","Test":"TestAllocatorCOWCandidateOwnsAllocationsAndAuxiliaryPages","Output":"=== RUN   TestAllocatorCOWCandidateOwnsAllocationsAndAuxiliaryPages\n"}
{"Time":"2026-10-07T23:21:14.288042-10:00","Action":"output","Package":"github.com/snissn/gomap/TreeDB/freelist","Test":"TestAllocatorCOWCandidateOwnsAllocationsAndAuxiliaryPages","Output":"--- PASS: TestAllocatorCOWCandidateOwnsAllocationsAndAuxiliaryPages (0.00s)\n"}
{"Time":"2026-10-07T23:21:14.288052-10:00","Action":"pass","Package":"github.com/snissn/gomap/TreeDB/freelist","Test":"TestAllocatorCOWCandidateOwnsAllocationsAndAuxiliaryPages","Elapsed":0}
{"Time":"2026-10-07T23:21:14.288083-10:00","Action":"run","Package":"github.com/snissn/gomap/TreeDB/freelist","Test":"TestAllocatorCOWCandidateMustBeMaterializedBeforePublish"}
{"Time":"2026-10-07T23:21:14.288086-10:00","Action":"output","Package":"github.com/snissn/gomap/TreeDB/freelist","Test":"TestAllocatorCOWCandidateMustBeMaterializedBeforePublish","Output":"=== RUN   TestAllocatorCOWCandidateMustBeMaterializedBeforePublish\n"}
{"Time":"2026-10-07T23:21:14.288648-10:00","Action":"output","Package":"github.com/snissn/gomap/TreeDB/freelist","Test":"TestAllocatorCOWCandidateMustBeMaterializedBeforePublish","Output":"--- PASS: TestAllocatorCOWCandidateMustBeMaterializedBeforePublish (0.00s)\n"}
{"Time":"2026-10-07T23:21:14.288658-10:00","Action":"pass","Package":"github.com/snissn/gomap/TreeDB/freelist","Test":"TestAllocatorCOWCandidateMustBeMaterializedBeforePublish","Elapsed":0}
{"Time":"2026-10-07T23:21:14.288672-10:00","Action":"run","Package":"github.com/snissn/gomap/TreeDB/freelist","Test":"TestAllocatorActivatedCOWGenerationsBuildAheadOfDurablePublication"}
{"Time":"2026-10-07T23:21:14.288677-10:00","Action":"output","Package":"github.com/snissn/gomap/TreeDB/freelist","Test":"TestAllocatorActivatedCOWGenerationsBuildAheadOfDurablePublication","Output":"=== RUN   TestAllocatorActivatedCOWGenerationsBuildAheadOfDurablePublication\n"}
{"Time":"2026-10-07T23:21:14.289128-10:00","Action":"run","Package":"github.com/snissn/gomap/TreeDB/freelist","Test":"TestAllocatorActivatedCOWGenerationsBuildAheadOfDurablePublication/reordered"}
{"Time":"2026-10-07T23:21:14.289138-10:00","Action":"output","Package":"github.com/snissn/gomap/TreeDB/freelist","Test":"TestAllocatorActivatedCOWGenerationsBuildAheadOfDurablePublication/reordered","Output":"=== RUN   TestAllocatorActivatedCOWGenerationsBuildAheadOfDurablePublication/reordered\n"}
{"Time":"2026-10-07T23:21:14.289169-10:00","Action":"output","Package":"github.com/snissn/gomap/TreeDB/freelist","Test":"TestAllocatorActivatedCOWGenerationsBuildAheadOfDurablePublication/reordered","Output":"--- PASS: TestAllocatorActivatedCOWGenerationsBuildAheadOfDurablePublication/reordered (0.00s)\n"}
{"Time":"2026-10-07T23:21:14.289175-10:00","Action":"pass","Package":"github.com/snissn/gomap/TreeDB/freelist","Test":"TestAllocatorActivatedCOWGenerationsBuildAheadOfDurablePublication/reordered","Elapsed":0}
{"Time":"2026-10-07T23:21:14.289202-10:00","Action":"run","Package":"github.com/snissn/gomap/TreeDB/freelist","Test":"TestAllocatorActivatedCOWGenerationsBuildAheadOfDurablePublication/extra"}
{"Time":"2026-10-07T23:21:14.289228-10:00","Action":"output","Package":"github.com/snissn/gomap/TreeDB/freelist","Test":"TestAllocatorActivatedCOWGenerationsBuildAheadOfDurablePublication/extra","Output":"=== RUN   TestAllocatorActivatedCOWGenerationsBuildAheadOfDurablePublication/extra\n"}
{"Time":"2026-10-07T23:21:14.289234-10:00","Action":"output","Package":"github.com/snissn/gomap/TreeDB/freelist","Test":"TestAllocatorActivatedCOWGenerationsBuildAheadOfDurablePublication/extra","Output":"--- PASS: TestAllocatorActivatedCOWGenerationsBuildAheadOfDurablePublication/extra (0.00s)\n"}
{"Time":"2026-10-07T23:21:14.289237-10:00","Action":"pass","Package":"github.com/snissn/gomap/TreeDB/freelist","Test":"TestAllocatorActivatedCOWGenerationsBuildAheadOfDurablePublication/extra","Elapsed":0}
{"Time":"2026-10-07T23:21:14.289259-10:00","Action":"run","Package":"github.com/snissn/gomap/TreeDB/freelist","Test":"TestAllocatorActivatedCOWGenerationsBuildAheadOfDurablePublication/missing_first"}
{"Time":"2026-10-07T23:21:14.289263-10:00","Action":"output","Package":"github.com/snissn/gomap/TreeDB/freelist","Test":"TestAllocatorActivatedCOWGenerationsBuildAheadOfDurablePublication/missing_first","Output":"=== RUN   TestAllocatorActivatedCOWGenerationsBuildAheadOfDurablePublication/missing_first\n"}
{"Time":"2026-10-07T23:21:14.289282-10:00","Action":"output","Package":"github.com/snissn/gomap/TreeDB/freelist","Test":"TestAllocatorActivatedCOWGenerationsBuildAheadOfDurablePublication/missing_first","Output":"--- PASS: TestAllocatorActivatedCOWGenerationsBuildAheadOfDurablePublication/missing_first (0.00s)\n"}
{"Time":"2026-10-07T23:21:14.289289-10:00","Action":"pass","Package":"github.com/snissn/gomap/TreeDB/freelist","Test":"TestAllocatorActivatedCOWGenerationsBuildAheadOfDurablePublication/missing_first","Elapsed":0}
{"Time":"2026-10-07T23:21:14.289598-10:00","Action":"output","Package":"github.com/snissn/gomap/TreeDB/freelist","Test":"TestAllocatorActivatedCOWGenerationsBuildAheadOfDurablePublication","Output":"--- PASS: TestAllocatorActivatedCOWGenerationsBuildAheadOfDurablePublication (0.00s)\n"}
{"Time":"2026-10-07T23:21:14.289604-10:00","Action":"pass","Package":"github.com/snissn/gomap/TreeDB/freelist","Test":"TestAllocatorActivatedCOWGenerationsBuildAheadOfDurablePublication","Elapsed":0}
{"Time":"2026-10-07T23:21:14.289623-10:00","Action":"run","Package":"github.com/snissn/gomap/TreeDB/freelist","Test":"TestAllocatorActivatedCOWPrefixRejectsUntrackedPhysicalTail"}
{"Time":"2026-10-07T23:21:14.289627-10:00","Action":"output","Package":"github.com/snissn/gomap/TreeDB/freelist","Test":"TestAllocatorActivatedCOWPrefixRejectsUntrackedPhysicalTail","Output":"=== RUN   TestAllocatorActivatedCOWPrefixRejectsUntrackedPhysicalTail\n"}
{"Time":"2026-10-07T23:21:14.290164-10:00","Action":"output","Package":"github.com/snissn/gomap/TreeDB/freelist","Test":"TestAllocatorActivatedCOWPrefixRejectsUntrackedPhysicalTail","Output":"--- PASS: TestAllocatorActivatedCOWPrefixRejectsUntrackedPhysicalTail (0.00s)\n"}
{"Time":"2026-10-07T23:21:14.290169-10:00","Action":"pass","Package":"github.com/snissn/gomap/TreeDB/freelist","Test":"TestAllocatorActivatedCOWPrefixRejectsUntrackedPhysicalTail","Elapsed":0}
{"Time":"2026-10-07T23:21:14.290197-10:00","Action":"run","Package":"github.com/snissn/gomap/TreeDB/freelist","Test":"TestAllocatorActivatedCOWFailurePoisonsAndWakesAllocation"}
{"Time":"2026-10-07T23:21:14.290204-10:00","Action":"output","Package":"github.com/snissn/gomap/TreeDB/freelist","Test":"TestAllocatorActivatedCOWFailurePoisonsAndWakesAllocation","Output":"=== RUN   TestAllocatorActivatedCOWFailurePoisonsAndWakesAllocation\n"}
{"Time":"2026-10-07T23:21:14.290654-10:00","Action":"output","Package":"github.com/snissn/gomap/TreeDB/freelist","Test":"TestAllocatorActivatedCOWFailurePoisonsAndWakesAllocation","Output":"--- PASS: TestAllocatorActivatedCOWFailurePoisonsAndWakesAllocation (0.00s)\n"}
{"Time":"2026-10-07T23:21:14.290662-10:00","Action":"pass","Package":"github.com/snissn/gomap/TreeDB/freelist","Test":"TestAllocatorActivatedCOWFailurePoisonsAndWakesAllocation","Elapsed":0}
{"Time":"2026-10-07T23:21:14.290814-10:00","Action":"run","Package":"github.com/snissn/gomap/TreeDB/freelist","Test":"TestReservationLedgerPublishBatchValidatesBeforeMutation"}
{"Time":"2026-10-07T23:21:14.290818-10:00","Action":"output","Package":"github.com/snissn/gomap/TreeDB/freelist","Test":"TestReservationLedgerPublishBatchValidatesBeforeMutation","Output":"=== RUN   TestReservationLedgerPublishBatchValidatesBeforeMutation\n"}
{"Time":"2026-10-07T23:21:14.290823-10:00","Action":"output","Package":"github.com/snissn/gomap/TreeDB/freelist","Test":"TestReservationLedgerPublishBatchValidatesBeforeMutation","Output":"--- PASS: TestReservationLedgerPublishBatchValidatesBeforeMutation (0.00s)\n"}
{"Time":"2026-10-07T23:21:14.290828-10:00","Action":"pass","Package":"github.com/snissn/gomap/TreeDB/freelist","Test":"TestReservationLedgerPublishBatchValidatesBeforeMutation","Elapsed":0}
{"Time":"2026-10-07T23:21:14.290858-10:00","Action":"run","Package":"github.com/snissn/gomap/TreeDB/freelist","Test":"TestAllocatorCOWCandidateRetirementsRollbackBeforePublish"}
{"Time":"2026-10-07T23:21:14.290861-10:00","Action":"output","Package":"github.com/snissn/gomap/TreeDB/freelist","Test":"TestAllocatorCOWCandidateRetirementsRollbackBeforePublish","Output":"=== RUN   TestAllocatorCOWCandidateRetirementsRollbackBeforePublish\n"}
{"Time":"2026-10-07T23:21:14.290883-10:00","Action":"run","Package":"github.com/snissn/gomap/TreeDB/freelist","Test":"TestAllocatorCOWCandidateRetirementsRollbackBeforePublish/prepare_failure"}
{"Time":"2026-10-07T23:21:14.290886-10:00","Action":"output","Package":"github.com/snissn/gomap/TreeDB/freelist","Test":"TestAllocatorCOWCandidateRetirementsRollbackBeforePublish/prepare_failure","Output":"=== RUN   TestAllocatorCOWCandidateRetirementsRollbackBeforePublish/prepare_failure\n"}
{"Time":"2026-10-07T23:21:14.291421-10:00","Action":"output","Package":"github.com/snissn/gomap/TreeDB/freelist","Test":"TestAllocatorCOWCandidateRetirementsRollbackBeforePublish/prepare_failure","Output":"--- PASS: TestAllocatorCOWCandidateRetirementsRollbackBeforePublish/prepare_failure (0.00s)\n"}
{"Time":"2026-10-07T23:21:14.291432-10:00","Action":"pass","Package":"github.com/snissn/gomap/TreeDB/freelist","Test":"TestAllocatorCOWCandidateRetirementsRollbackBeforePublish/prepare_failure","Elapsed":0}
{"Time":"2026-10-07T23:21:14.291448-10:00","Action":"run","Package":"github.com/snissn/gomap/TreeDB/freelist","Test":"TestAllocatorCOWCandidateRetirementsRollbackBeforePublish/caller_abort"}
{"Time":"2026-10-07T23:21:14.291451-10:00","Action":"output","Package":"github.com/snissn/gomap/TreeDB/freelist","Test":"TestAllocatorCOWCandidateRetirementsRollbackBeforePublish/caller_abort","Output":"=== RUN   TestAllocatorCOWCandidateRetirementsRollbackBeforePublish/caller_abort\n"}
{"Time":"2026-10-07T23:21:14.292002-10:00","Action":"output","Package":"github.com/snissn/gomap/TreeDB/freelist","Test":"TestAllocatorCOWCandidateRetirementsRollbackBeforePublish/caller_abort","Output":"--- PASS: TestAllocatorCOWCandidateRetirementsRollbackBeforePublish/caller_abort (0.00s)\n"}
{"Time":"2026-10-07T23:21:14.292008-10:00","Action":"pass","Package":"github.com/snissn/gomap/TreeDB/freelist","Test":"TestAllocatorCOWCandidateRetirementsRollbackBeforePublish/caller_abort","Elapsed":0}
{"Time":"2026-10-07T23:21:14.29202-10:00","Action":"output","Package":"github.com/snissn/gomap/TreeDB/freelist","Test":"TestAllocatorCOWCandidateRetirementsRollbackBeforePublish","Output":"--- PASS: TestAllocatorCOWCandidateRetirementsRollbackBeforePublish (0.00s)\n"}
{"Time":"2026-10-07T23:21:14.292025-10:00","Action":"pass","Package":"github.com/snissn/gomap/TreeDB/freelist","Test":"TestAllocatorCOWCandidateRetirementsRollbackBeforePublish","Elapsed":0}
{"Time":"2026-10-07T23:21:14.292052-10:00","Action":"run","Package":"github.com/snissn/gomap/TreeDB/freelist","Test":"TestAllocatorCOWAuxiliaryPagesStayContiguousAboveReusableHoles"}
{"Time":"2026-10-07T23:21:14.292069-10:00","Action":"output","Package":"github.com/snissn/gomap/TreeDB/freelist","Test":"TestAllocatorCOWAuxiliaryPagesStayContiguousAboveReusableHoles","Output":"=== RUN   TestAllocatorCOWAuxiliaryPagesStayContiguousAboveReusableHoles\n"}
{"Time":"2026-10-07T23:21:14.292583-10:00","Action":"output","Package":"github.com/snissn/gomap/TreeDB/freelist","Test":"TestAllocatorCOWAuxiliaryPagesStayContiguousAboveReusableHoles","Output":"--- PASS: TestAllocatorCOWAuxiliaryPagesStayContiguousAboveReusableHoles (0.00s)\n"}
{"Time":"2026-10-07T23:21:14.292587-10:00","Action":"pass","Package":"github.com/snissn/gomap/TreeDB/freelist","Test":"TestAllocatorCOWAuxiliaryPagesStayContiguousAboveReusableHoles","Elapsed":0}
{"Time":"2026-10-07T23:21:14.292604-10:00","Action":"run","Package":"github.com/snissn/gomap/TreeDB/freelist","Test":"TestAllocatorCOWPreferAppendBypassesReusablePages"}
{"Time":"2026-10-07T23:21:14.292607-10:00","Action":"output","Package":"github.com/snissn/gomap/TreeDB/freelist","Test":"TestAllocatorCOWPreferAppendBypassesReusablePages","Output":"=== RUN   TestAllocatorCOWPreferAppendBypassesReusablePages\n"}
{"Time":"2026-10-07T23:21:14.293116-10:00","Action":"output","Package":"github.com/snissn/gomap/TreeDB/freelist","Test":"TestAllocatorCOWPreferAppendBypassesReusablePages","Output":"--- PASS: TestAllocatorCOWPreferAppendBypassesReusablePages (0.00s)\n"}
{"Time":"2026-10-07T23:21:14.29313-10:00","Action":"pass","Package":"github.com/snissn/gomap/TreeDB/freelist","Test":"TestAllocatorCOWPreferAppendBypassesReusablePages","Elapsed":0}
{"Time":"2026-10-07T23:21:14.293146-10:00","Action":"run","Package":"github.com/snissn/gomap/TreeDB/freelist","Test":"TestAllocatorCOWAllocAppendIsScopedAndAdvancesCandidateHighWater"}
{"Time":"2026-10-07T23:21:14.293153-10:00","Action":"output","Package":"github.com/snissn/gomap/TreeDB/freelist","Test":"TestAllocatorCOWAllocAppendIsScopedAndAdvancesCandidateHighWater","Output":"=== RUN   TestAllocatorCOWAllocAppendIsScopedAndAdvancesCandidateHighWater\n"}
{"Time":"2026-10-07T23:21:14.293709-10:00","Action":"output","Package":"github.com/snissn/gomap/TreeDB/freelist","Test":"TestAllocatorCOWAllocAppendIsScopedAndAdvancesCandidateHighWater","Output":"--- PASS: TestAllocatorCOWAllocAppendIsScopedAndAdvancesCandidateHighWater (0.00s)\n"}
{"Time":"2026-10-07T23:21:14.293715-10:00","Action":"pass","Package":"github.com/snissn/gomap/TreeDB/freelist","Test":"TestAllocatorCOWAllocAppendIsScopedAndAdvancesCandidateHighWater","Elapsed":0}
{"Time":"2026-10-07T23:21:14.29377-10:00","Action":"run","Package":"github.com/snissn/gomap/TreeDB/freelist","Test":"TestAllocatorCOWAllocAppendSkipsActivatedVirtualTail"}
{"Time":"2026-10-07T23:21:14.293775-10:00","Action":"output","Package":"github.com/snissn/gomap/TreeDB/freelist","Test":"TestAllocatorCOWAllocAppendSkipsActivatedVirtualTail","Output":"=== RUN   TestAllocatorCOWAllocAppendSkipsActivatedVirtualTail\n"}
{"Time":"2026-10-07T23:21:14.294234-10:00","Action":"output","Package":"github.com/snissn/gomap/TreeDB/freelist","Test":"TestAllocatorCOWAllocAppendSkipsActivatedVirtualTail","Output":"--- PASS: TestAllocatorCOWAllocAppendSkipsActivatedVirtualTail (0.00s)\n"}
{"Time":"2026-10-07T23:21:14.294242-10:00","Action":"pass","Package":"github.com/snissn/gomap/TreeDB/freelist","Test":"TestAllocatorCOWAllocAppendSkipsActivatedVirtualTail","Elapsed":0}
{"Time":"2026-10-07T23:21:14.294269-10:00","Action":"run","Package":"github.com/snissn/gomap/TreeDB/freelist","Test":"TestAllocatorCOWDoesNotReuseUntilTwoSlotHorizonAdvances"}
{"Time":"2026-10-07T23:21:14.294274-10:00","Action":"output","Package":"github.com/snissn/gomap/TreeDB/freelist","Test":"TestAllocatorCOWDoesNotReuseUntilTwoSlotHorizonAdvances","Output":"=== RUN   TestAllocatorCOWDoesNotReuseUntilTwoSlotHorizonAdvances\n"}
{"Time":"2026-10-07T23:21:14.295194-10:00","Action":"output","Package":"github.com/snissn/gomap/TreeDB/freelist","Test":"TestAllocatorCOWDoesNotReuseUntilTwoSlotHorizonAdvances","Output":"--- PASS: TestAllocatorCOWDoesNotReuseUntilTwoSlotHorizonAdvances (0.00s)\n"}
{"Time":"2026-10-07T23:21:14.295215-10:00","Action":"pass","Package":"github.com/snissn/gomap/TreeDB/freelist","Test":"TestAllocatorCOWDoesNotReuseUntilTwoSlotHorizonAdvances","Elapsed":0}
{"Time":"2026-10-07T23:21:14.295219-10:00","Action":"run","Package":"github.com/snissn/gomap/TreeDB/freelist","Test":"TestAllocatorCOWCandidateEncodesSealedReuseCapability"}
{"Time":"2026-10-07T23:21:14.295222-10:00","Action":"output","Package":"github.com/snissn/gomap/TreeDB/freelist","Test":"TestAllocatorCOWCandidateEncodesSealedReuseCapability","Output":"=== RUN   TestAllocatorCOWCandidateEncodesSealedReuseCapability\n"}
{"Time":"2026-10-07T23:21:14.295673-10:00","Action":"output","Package":"github.com/snissn/gomap/TreeDB/freelist","Test":"TestAllocatorCOWCandidateEncodesSealedReuseCapability","Output":"--- PASS: TestAllocatorCOWCandidateEncodesSealedReuseCapability (0.00s)\n"}
{"Time":"2026-10-07T23:21:14.295678-10:00","Action":"pass","Package":"github.com/snissn/gomap/TreeDB/freelist","Test":"TestAllocatorCOWCandidateEncodesSealedReuseCapability","Elapsed":0}
{"Time":"2026-10-07T23:21:14.295709-10:00","Action":"run","Package":"github.com/snissn/gomap/TreeDB/freelist","Test":"TestAllocatorFiniteRetryRefusesBeforeCachedOrdinaryCandidate5105"}
{"Time":"2026-10-07T23:21:14.295712-10:00","Action":"output","Package":"github.com/snissn/gomap/TreeDB/freelist","Test":"TestAllocatorFiniteRetryRefusesBeforeCachedOrdinaryCandidate5105","Output":"=== RUN   TestAllocatorFiniteRetryRefusesBeforeCachedOrdinaryCandidate5105\n"}
{"Time":"2026-10-07T23:21:14.296141-10:00","Action":"output","Package":"github.com/snissn/gomap/TreeDB/freelist","Test":"TestAllocatorFiniteRetryRefusesBeforeCachedOrdinaryCandidate5105","Output":"--- PASS: TestAllocatorFiniteRetryRefusesBeforeCachedOrdinaryCandidate5105 (0.00s)\n"}
{"Time":"2026-10-07T23:21:14.296146-10:00","Action":"pass","Package":"github.com/snissn/gomap/TreeDB/freelist","Test":"TestAllocatorFiniteRetryRefusesBeforeCachedOrdinaryCandidate5105","Elapsed":0}
{"Time":"2026-10-07T23:21:14.296209-10:00","Action":"run","Package":"github.com/snissn/gomap/TreeDB/freelist","Test":"TestAllocator_FreeMany_FillsHeadAndChains"}
{"Time":"2026-10-07T23:21:14.296212-10:00","Action":"output","Package":"github.com/snissn/gomap/TreeDB/freelist","Test":"TestAllocator_FreeMany_FillsHeadAndChains","Output":"=== RUN   TestAllocator_FreeMany_FillsHeadAndChains\n"}
{"Time":"2026-10-07T23:21:14.296816-10:00","Action":"output","Package":"github.com/snissn/gomap/TreeDB/freelist","Test":"TestAllocator_FreeMany_FillsHeadAndChains","Output":"--- PASS: TestAllocator_FreeMany_FillsHeadAndChains (0.00s)\n"}
{"Time":"2026-10-07T23:21:14.296822-10:00","Action":"pass","Package":"github.com/snissn/gomap/TreeDB/freelist","Test":"TestAllocator_FreeMany_FillsHeadAndChains","Elapsed":0}
{"Time":"2026-10-07T23:21:14.29684-10:00","Action":"run","Package":"github.com/snissn/gomap/TreeDB/freelist","Test":"TestAllocator_FreeMany_FullHeadGetsFinalChecksumBeforeChaining"}
{"Time":"2026-10-07T23:21:14.296844-10:00","Action":"output","Package":"github.com/snissn/gomap/TreeDB/freelist","Test":"TestAllocator_FreeMany_FullHeadGetsFinalChecksumBeforeChaining","Output":"=== RUN   TestAllocator_FreeMany_FullHeadGetsFinalChecksumBeforeChaining\n"}
{"Time":"2026-10-07T23:21:14.29744-10:00","Action":"output","Package":"github.com/snissn/gomap/TreeDB/freelist","Test":"TestAllocator_FreeMany_FullHeadGetsFinalChecksumBeforeChaining","Output":"--- PASS: TestAllocator_FreeMany_FullHeadGetsFinalChecksumBeforeChaining (0.00s)\n"}
{"Time":"2026-10-07T23:21:14.297448-10:00","Action":"pass","Package":"github.com/snissn/gomap/TreeDB/freelist","Test":"TestAllocator_FreeMany_FullHeadGetsFinalChecksumBeforeChaining","Elapsed":0}
{"Time":"2026-10-07T23:21:14.297464-10:00","Action":"run","Package":"github.com/snissn/gomap/TreeDB/freelist","Test":"TestAllocator_FreeMany_RejectsPageZeroBeforeMutation"}
{"Time":"2026-10-07T23:21:14.29747-10:00","Action":"output","Package":"github.com/snissn/gomap/TreeDB/freelist","Test":"TestAllocator_FreeMany_RejectsPageZeroBeforeMutation","Output":"=== RUN   TestAllocator_FreeMany_RejectsPageZeroBeforeMutation\n"}
{"Time":"2026-10-07T23:21:14.297897-10:00","Action":"output","Package":"github.com/snissn/gomap/TreeDB/freelist","Test":"TestAllocator_FreeMany_RejectsPageZeroBeforeMutation","Output":"--- PASS: TestAllocator_FreeMany_RejectsPageZeroBeforeMutation (0.00s)\n"}
{"Time":"2026-10-07T23:21:14.297905-10:00","Action":"pass","Package":"github.com/snissn/gomap/TreeDB/freelist","Test":"TestAllocator_FreeMany_RejectsPageZeroBeforeMutation","Elapsed":0}
{"Time":"2026-10-07T23:21:14.297923-10:00","Action":"run","Package":"github.com/snissn/gomap/TreeDB/freelist","Test":"TestAllocator_FreeMany_DuplicatesMatchFreeLoop"}
{"Time":"2026-10-07T23:21:14.297926-10:00","Action":"output","Package":"github.com/snissn/gomap/TreeDB/freelist","Test":"TestAllocator_FreeMany_DuplicatesMatchFreeLoop","Output":"=== RUN   TestAllocator_FreeMany_DuplicatesMatchFreeLoop\n"}
{"Time":"2026-10-07T23:21:14.298325-10:00","Action":"output","Package":"github.com/snissn/gomap/TreeDB/freelist","Test":"TestAllocator_FreeMany_DuplicatesMatchFreeLoop","Output":"--- PASS: TestAllocator_FreeMany_DuplicatesMatchFreeLoop (0.00s)\n"}
{"Time":"2026-10-07T23:21:14.298332-10:00","Action":"pass","Package":"github.com/snissn/gomap/TreeDB/freelist","Test":"TestAllocator_FreeMany_DuplicatesMatchFreeLoop","Elapsed":0}
{"Time":"2026-10-07T23:21:14.298349-10:00","Action":"run","Package":"github.com/snissn/gomap/TreeDB/freelist","Test":"TestAllocator_FreeMany_HookRunsBeforeChecksum"}
{"Time":"2026-10-07T23:21:14.298354-10:00","Action":"output","Package":"github.com/snissn/gomap/TreeDB/freelist","Test":"TestAllocator_FreeMany_HookRunsBeforeChecksum","Output":"=== RUN   TestAllocator_FreeMany_HookRunsBeforeChecksum\n"}
{"Time":"2026-10-07T23:21:14.298773-10:00","Action":"output","Package":"github.com/snissn/gomap/TreeDB/freelist","Test":"TestAllocator_FreeMany_HookRunsBeforeChecksum","Output":"--- PASS: TestAllocator_FreeMany_HookRunsBeforeChecksum (0.00s)\n"}
{"Time":"2026-10-07T23:21:14.298777-10:00","Action":"pass","Package":"github.com/snissn/gomap/TreeDB/freelist","Test":"TestAllocator_FreeMany_HookRunsBeforeChecksum","Elapsed":0}
{"Time":"2026-10-07T23:21:14.298802-10:00","Action":"run","Package":"github.com/snissn/gomap/TreeDB/freelist","Test":"TestAllocator_FreeMany_RejectsCorruptHead"}
{"Time":"2026-10-07T23:21:14.298809-10:00","Action":"output","Package":"github.com/snissn/gomap/TreeDB/freelist","Test":"TestAllocator_FreeMany_RejectsCorruptHead","Output":"=== RUN   TestAllocator_FreeMany_RejectsCorruptHead\n"}
{"Time":"2026-10-07T23:21:14.299221-10:00","Action":"output","Package":"github.com/snissn/gomap/TreeDB/freelist","Test":"TestAllocator_FreeMany_RejectsCorruptHead","Output":"--- PASS: TestAllocator_FreeMany_RejectsCorruptHead (0.00s)\n"}
{"Time":"2026-10-07T23:21:14.299225-10:00","Action":"pass","Package":"github.com/snissn/gomap/TreeDB/freelist","Test":"TestAllocator_FreeMany_RejectsCorruptHead","Elapsed":0}
{"Time":"2026-10-07T23:21:14.299244-10:00","Action":"run","Package":"github.com/snissn/gomap/TreeDB/freelist","Test":"TestAllocator_FreeMany_ErrorReportsCommittedPrefix"}
{"Time":"2026-10-07T23:21:14.299248-10:00","Action":"output","Package":"github.com/snissn/gomap/TreeDB/freelist","Test":"TestAllocator_FreeMany_ErrorReportsCommittedPrefix","Output":"=== RUN   TestAllocator_FreeMany_ErrorReportsCommittedPrefix\n"}
{"Time":"2026-10-07T23:21:14.299774-10:00","Action":"output","Package":"github.com/snissn/gomap/TreeDB/freelist","Test":"TestAllocator_FreeMany_ErrorReportsCommittedPrefix","Output":"--- PASS: TestAllocator_FreeMany_ErrorReportsCommittedPrefix (0.00s)\n"}
{"Time":"2026-10-07T23:21:14.299778-10:00","Action":"pass","Package":"github.com/snissn/gomap/TreeDB/freelist","Test":"TestAllocator_FreeMany_ErrorReportsCommittedPrefix","Elapsed":0}
{"Time":"2026-10-07T23:21:14.29985-10:00","Action":"run","Package":"github.com/snissn/gomap/TreeDB/freelist","Test":"TestAllocator_RegionBiasedAllocMany_BatchesNearbyUnverified"}
{"Time":"2026-10-07T23:21:14.299856-10:00","Action":"output","Package":"github.com/snissn/gomap/TreeDB/freelist","Test":"TestAllocator_RegionBiasedAllocMany_BatchesNearbyUnverified","Output":"=== RUN   TestAllocator_RegionBiasedAllocMany_BatchesNearbyUnverified\n"}
{"Time":"2026-10-07T23:21:14.300398-10:00","Action":"output","Package":"github.com/snissn/gomap/TreeDB/freelist","Test":"TestAllocator_RegionBiasedAllocMany_BatchesNearbyUnverified","Output":"--- PASS: TestAllocator_RegionBiasedAllocMany_BatchesNearbyUnverified (0.00s)\n"}
{"Time":"2026-10-07T23:21:14.300405-10:00","Action":"pass","Package":"github.com/snissn/gomap/TreeDB/freelist","Test":"TestAllocator_RegionBiasedAllocMany_BatchesNearbyUnverified","Elapsed":0}
{"Time":"2026-10-07T23:21:14.30045-10:00","Action":"run","Package":"github.com/snissn/gomap/TreeDB/freelist","Test":"TestAllocator_RegionBiasedAllocMany_RecycledHeadDoesNotConsumeFreeIDStat"}
{"Time":"2026-10-07T23:21:14.300455-10:00","Action":"output","Package":"github.com/snissn/gomap/TreeDB/freelist","Test":"TestAllocator_RegionBiasedAllocMany_RecycledHeadDoesNotConsumeFreeIDStat","Output":"=== RUN   TestAllocator_RegionBiasedAllocMany_RecycledHeadDoesNotConsumeFreeIDStat\n"}
{"Time":"2026-10-07T23:21:14.301138-10:00","Action":"output","Package":"github.com/snissn/gomap/TreeDB/freelist","Test":"TestAllocator_RegionBiasedAllocMany_RecycledHeadDoesNotConsumeFreeIDStat","Output":"--- PASS: TestAllocator_RegionBiasedAllocMany_RecycledHeadDoesNotConsumeFreeIDStat (0.00s)\n"}
{"Time":"2026-10-07T23:21:14.301143-10:00","Action":"pass","Package":"github.com/snissn/gomap/TreeDB/freelist","Test":"TestAllocator_RegionBiasedAllocMany_RecycledHeadDoesNotConsumeFreeIDStat","Elapsed":0}
{"Time":"2026-10-07T23:21:14.301168-10:00","Action":"run","Package":"github.com/snissn/gomap/TreeDB/freelist","Test":"TestAllocator_RegionBiasedAllocMany_DrainsAndRecyclesHeadWithOneVerification"}
{"Time":"2026-10-07T23:21:14.301174-10:00","Action":"output","Package":"github.com/snissn/gomap/TreeDB/freelist","Test":"TestAllocator_RegionBiasedAllocMany_DrainsAndRecyclesHeadWithOneVerification","Output":"=== RUN   TestAllocator_RegionBiasedAllocMany_DrainsAndRecyclesHeadWithOneVerification\n"}
{"Time":"2026-10-07T23:21:14.301766-10:00","Action":"output","Package":"github.com/snissn/gomap/TreeDB/freelist","Test":"TestAllocator_RegionBiasedAllocMany_DrainsAndRecyclesHeadWithOneVerification","Output":"--- PASS: TestAllocator_RegionBiasedAllocMany_DrainsAndRecyclesHeadWithOneVerification (0.00s)\n"}
{"Time":"2026-10-07T23:21:14.301797-10:00","Action":"pass","Package":"github.com/snissn/gomap/TreeDB/freelist","Test":"TestAllocator_RegionBiasedAllocMany_DrainsAndRecyclesHeadWithOneVerification","Elapsed":0}
{"Time":"2026-10-07T23:21:14.301803-10:00","Action":"run","Package":"github.com/snissn/gomap/TreeDB/freelist","Test":"TestAllocator_RegionBiasedAllocMany_MatchesRepeatedAllocWithMovingHint"}
{"Time":"2026-10-07T23:21:14.301806-10:00","Action":"output","Package":"github.com/snissn/gomap/TreeDB/freelist","Test":"TestAllocator_RegionBiasedAllocMany_MatchesRepeatedAllocWithMovingHint","Output":"=== RUN   TestAllocator_RegionBiasedAllocMany_MatchesRepeatedAllocWithMovingHint\n"}
{"Time":"2026-10-07T23:21:14.302706-10:00","Action":"output","Package":"github.com/snissn/gomap/TreeDB/freelist","Test":"TestAllocator_RegionBiasedAllocMany_MatchesRepeatedAllocWithMovingHint","Output":"--- PASS: TestAllocator_RegionBiasedAllocMany_MatchesRepeatedAllocWithMovingHint (0.00s)\n"}
{"Time":"2026-10-07T23:21:14.302712-10:00","Action":"pass","Package":"github.com/snissn/gomap/TreeDB/freelist","Test":"TestAllocator_RegionBiasedAllocMany_MatchesRepeatedAllocWithMovingHint","Elapsed":0}
{"Time":"2026-10-07T23:21:14.302732-10:00","Action":"run","Package":"github.com/snissn/gomap/TreeDB/freelist","Test":"TestAllocator_RegionBiasedAllocMany_IndexedPathMatchesRepeatedAlloc"}
{"Time":"2026-10-07T23:21:14.302739-10:00","Action":"output","Package":"github.com/snissn/gomap/TreeDB/freelist","Test":"TestAllocator_RegionBiasedAllocMany_IndexedPathMatchesRepeatedAlloc","Output":"=== RUN   TestAllocator_RegionBiasedAllocMany_IndexedPathMatchesRepeatedAlloc\n"}
{"Time":"2026-10-07T23:21:14.303593-10:00","Action":"output","Package":"github.com/snissn/gomap/TreeDB/freelist","Test":"TestAllocator_RegionBiasedAllocMany_IndexedPathMatchesRepeatedAlloc","Output":"--- PASS: TestAllocator_RegionBiasedAllocMany_IndexedPathMatchesRepeatedAlloc (0.00s)\n"}
{"Time":"2026-10-07T23:21:14.303599-10:00","Action":"pass","Package":"github.com/snissn/gomap/TreeDB/freelist","Test":"TestAllocator_RegionBiasedAllocMany_IndexedPathMatchesRepeatedAlloc","Elapsed":0}
{"Time":"2026-10-07T23:21:14.303616-10:00","Action":"run","Package":"github.com/snissn/gomap/TreeDB/freelist","Test":"TestAllocator_NoDuplicateAllocations"}
{"Time":"2026-10-07T23:21:14.303627-10:00","Action":"output","Package":"github.com/snissn/gomap/TreeDB/freelist","Test":"TestAllocator_NoDuplicateAllocations","Output":"=== RUN   TestAllocator_NoDuplicateAllocations\n"}
{"Time":"2026-10-07T23:21:14.304555-10:00","Action":"output","Package":"github.com/snissn/gomap/TreeDB/freelist","Test":"TestAllocator_NoDuplicateAllocations","Output":"--- PASS: TestAllocator_NoDuplicateAllocations (0.00s)\n"}
{"Time":"2026-10-07T23:21:14.30456-10:00","Action":"pass","Package":"github.com/snissn/gomap/TreeDB/freelist","Test":"TestAllocator_NoDuplicateAllocations","Elapsed":0}
{"Time":"2026-10-07T23:21:14.304576-10:00","Action":"run","Package":"github.com/snissn/gomap/TreeDB/freelist","Test":"TestAllocator_RegionBiasedAlloc_SelectsNearby"}
{"Time":"2026-10-07T23:21:14.304581-10:00","Action":"output","Package":"github.com/snissn/gomap/TreeDB/freelist","Test":"TestAllocator_RegionBiasedAlloc_SelectsNearby","Output":"=== RUN   TestAllocator_RegionBiasedAlloc_SelectsNearby\n"}
{"Time":"2026-10-07T23:21:14.305023-10:00","Action":"output","Package":"github.com/snissn/gomap/TreeDB/freelist","Test":"TestAllocator_RegionBiasedAlloc_SelectsNearby","Output":"--- PASS: TestAllocator_RegionBiasedAlloc_SelectsNearby (0.00s)\n"}
{"Time":"2026-10-07T23:21:14.305028-10:00","Action":"pass","Package":"github.com/snissn/gomap/TreeDB/freelist","Test":"TestAllocator_RegionBiasedAlloc_SelectsNearby","Elapsed":0}
{"Time":"2026-10-07T23:21:14.305046-10:00","Action":"run","Package":"github.com/snissn/gomap/TreeDB/freelist","Test":"TestAllocator_RegionBiasedAlloc_FallsBackToLIFO"}
{"Time":"2026-10-07T23:21:14.30505-10:00","Action":"output","Package":"github.com/snissn/gomap/TreeDB/freelist","Test":"TestAllocator_RegionBiasedAlloc_FallsBackToLIFO","Output":"=== RUN   TestAllocator_RegionBiasedAlloc_FallsBackToLIFO\n"}
{"Time":"2026-10-07T23:21:14.305485-10:00","Action":"output","Package":"github.com/snissn/gomap/TreeDB/freelist","Test":"TestAllocator_RegionBiasedAlloc_FallsBackToLIFO","Output":"--- PASS: TestAllocator_RegionBiasedAlloc_FallsBackToLIFO (0.00s)\n"}
{"Time":"2026-10-07T23:21:14.305489-10:00","Action":"pass","Package":"github.com/snissn/gomap/TreeDB/freelist","Test":"TestAllocator_RegionBiasedAlloc_FallsBackToLIFO","Elapsed":0}
{"Time":"2026-10-07T23:21:14.305508-10:00","Action":"run","Package":"github.com/snissn/gomap/TreeDB/freelist","Test":"TestAllocator_AllocMany"}
{"Time":"2026-10-07T23:21:14.305513-10:00","Action":"output","Package":"github.com/snissn/gomap/TreeDB/freelist","Test":"TestAllocator_AllocMany","Output":"=== RUN   TestAllocator_AllocMany\n"}
{"Time":"2026-10-07T23:21:14.30592-10:00","Action":"output","Package":"github.com/snissn/gomap/TreeDB/freelist","Test":"TestAllocator_AllocMany","Output":"--- PASS: TestAllocator_AllocMany (0.00s)\n"}
{"Time":"2026-10-07T23:21:14.305926-10:00","Action":"pass","Package":"github.com/snissn/gomap/TreeDB/freelist","Test":"TestAllocator_AllocMany","Elapsed":0}
{"Time":"2026-10-07T23:21:14.305945-10:00","Action":"run","Package":"github.com/snissn/gomap/TreeDB/freelist","Test":"TestPacketPageMembershipAcceptsRealReuseAppendAndEmpty5108"}
{"Time":"2026-10-07T23:21:14.305948-10:00","Action":"output","Package":"github.com/snissn/gomap/TreeDB/freelist","Test":"TestPacketPageMembershipAcceptsRealReuseAppendAndEmpty5108","Output":"=== RUN   TestPacketPageMembershipAcceptsRealReuseAppendAndEmpty5108\n"}
{"Time":"2026-10-07T23:21:14.306912-10:00","Action":"output","Package":"github.com/snissn/gomap/TreeDB/freelist","Test":"TestPacketPageMembershipAcceptsRealReuseAppendAndEmpty5108","Output":"--- PASS: TestPacketPageMembershipAcceptsRealReuseAppendAndEmpty5108 (0.00s)\n"}
{"Time":"2026-10-07T23:21:14.306917-10:00","Action":"pass","Package":"github.com/snissn/gomap/TreeDB/freelist","Test":"TestPacketPageMembershipAcceptsRealReuseAppendAndEmpty5108","Elapsed":0}
{"Time":"2026-10-07T23:21:14.306943-10:00","Action":"run","Package":"github.com/snissn/gomap/TreeDB/freelist","Test":"TestPacketPageMembershipRejectsUnownedTailHistoryAndOrder5108"}
{"Time":"2026-10-07T23:21:14.306946-10:00","Action":"output","Package":"github.com/snissn/gomap/TreeDB/freelist","Test":"TestPacketPageMembershipRejectsUnownedTailHistoryAndOrder5108","Output":"=== RUN   TestPacketPageMembershipRejectsUnownedTailHistoryAndOrder5108\n"}
{"Time":"2026-10-07T23:21:14.307449-10:00","Action":"run","Package":"github.com/snissn/gomap/TreeDB/freelist","Test":"TestPacketPageMembershipRejectsUnownedTailHistoryAndOrder5108/metadata-tail"}
{"Time":"2026-10-07T23:21:14.307454-10:00","Action":"output","Package":"github.com/snissn/gomap/TreeDB/freelist","Test":"TestPacketPageMembershipRejectsUnownedTailHistoryAndOrder5108/metadata-tail","Output":"=== RUN   TestPacketPageMembershipRejectsUnownedTailHistoryAndOrder5108/metadata-tail\n"}
{"Time":"2026-10-07T23:21:14.307476-10:00","Action":"output","Package":"github.com/snissn/gomap/TreeDB/freelist","Test":"TestPacketPageMembershipRejectsUnownedTailHistoryAndOrder5108/metadata-tail","Output":"--- PASS: TestPacketPageMembershipRejectsUnownedTailHistoryAndOrder5108/metadata-tail (0.00s)\n"}
{"Time":"2026-10-07T23:21:14.307484-10:00","Action":"pass","Package":"github.com/snissn/gomap/TreeDB/freelist","Test":"TestPacketPageMembershipRejectsUnownedTailHistoryAndOrder5108/metadata-tail","Elapsed":0}
{"Time":"2026-10-07T23:21:14.307504-10:00","Action":"run","Package":"github.com/snissn/gomap/TreeDB/freelist","Test":"TestPacketPageMembershipRejectsUnownedTailHistoryAndOrder5108/free"}
{"Time":"2026-10-07T23:21:14.307508-10:00","Action":"output","Package":"github.com/snissn/gomap/TreeDB/freelist","Test":"TestPacketPageMembershipRejectsUnownedTailHistoryAndOrder5108/free","Output":"=== RUN   TestPacketPageMembershipRejectsUnownedTailHistoryAndOrder5108/free\n"}
{"Time":"2026-10-07T23:21:14.307532-10:00","Action":"output","Package":"github.com/snissn/gomap/TreeDB/freelist","Test":"TestPacketPageMembershipRejectsUnownedTailHistoryAndOrder5108/free","Output":"--- PASS: TestPacketPageMembershipRejectsUnownedTailHistoryAndOrder5108/free (0.00s)\n"}
{"Time":"2026-10-07T23:21:14.307539-10:00","Action":"pass","Package":"github.com/snissn/gomap/TreeDB/freelist","Test":"TestPacketPageMembershipRejectsUnownedTailHistoryAndOrder5108/free","Elapsed":0}
{"Time":"2026-10-07T23:21:14.30767-10:00","Action":"run","Package":"github.com/snissn/gomap/TreeDB/freelist","Test":"TestPacketPageMembershipRejectsUnownedTailHistoryAndOrder5108/retired"}
{"Time":"2026-10-07T23:21:14.307675-10:00","Action":"output","Package":"github.com/snissn/gomap/TreeDB/freelist","Test":"TestPacketPageMembershipRejectsUnownedTailHistoryAndOrder5108/retired","Output":"=== RUN   TestPacketPageMembershipRejectsUnownedTailHistoryAndOrder5108/retired\n"}
{"Time":"2026-10-07T23:21:14.307928-10:00","Action":"output","Package":"github.com/snissn/gomap/TreeDB/freelist","Test":"TestPacketPageMembershipRejectsUnownedTailHistoryAndOrder5108/retired","Output":"--- PASS: TestPacketPageMembershipRejectsUnownedTailHistoryAndOrder5108/retired (0.00s)\n"}
{"Time":"2026-10-07T23:21:14.307938-10:00","Action":"pass","Package":"github.com/snissn/gomap/TreeDB/freelist","Test":"TestPacketPageMembershipRejectsUnownedTailHistoryAndOrder5108/retired","Elapsed":0}
{"Time":"2026-10-07T23:21:14.307959-10:00","Action":"run","Package":"github.com/snissn/gomap/TreeDB/freelist","Test":"TestPacketPageMembershipRejectsUnownedTailHistoryAndOrder5108/historical"}
{"Time":"2026-10-07T23:21:14.307964-10:00","Action":"output","Package":"github.com/snissn/gomap/TreeDB/freelist","Test":"TestPacketPageMembershipRejectsUnownedTailHistoryAndOrder5108/historical","Output":"=== RUN   TestPacketPageMembershipRejectsUnownedTailHistoryAndOrder5108/historical\n"}
{"Time":"2026-10-07T23:21:14.307987-10:00","Action":"output","Package":"github.com/snissn/gomap/TreeDB/freelist","Test":"TestPacketPageMembershipRejectsUnownedTailHistoryAndOrder5108/historical","Output":"--- PASS: TestPacketPageMembershipRejectsUnownedTailHistoryAndOrder5108/historical (0.00s)\n"}
{"Time":"2026-10-07T23:21:14.307997-10:00","Action":"pass","Package":"github.com/snissn/gomap/TreeDB/freelist","Test":"TestPacketPageMembershipRejectsUnownedTailHistoryAndOrder5108/historical","Elapsed":0}
{"Time":"2026-10-07T23:21:14.308014-10:00","Action":"run","Package":"github.com/snissn/gomap/TreeDB/freelist","Test":"TestPacketPageMembershipRejectsUnownedTailHistoryAndOrder5108/gap"}
{"Time":"2026-10-07T23:21:14.308018-10:00","Action":"output","Package":"github.com/snissn/gomap/TreeDB/freelist","Test":"TestPacketPageMembershipRejectsUnownedTailHistoryAndOrder5108/gap","Output":"=== RUN   TestPacketPageMembershipRejectsUnownedTailHistoryAndOrder5108/gap\n"}
{"Time":"2026-10-07T23:21:14.308042-10:00","Action":"output","Package":"github.com/snissn/gomap/TreeDB/freelist","Test":"TestPacketPageMembershipRejectsUnownedTailHistoryAndOrder5108/gap","Output":"--- PASS: TestPacketPageMembershipRejectsUnownedTailHistoryAndOrder5108/gap (0.00s)\n"}
{"Time":"2026-10-07T23:21:14.308048-10:00","Action":"pass","Package":"github.com/snissn/gomap/TreeDB/freelist","Test":"TestPacketPageMembershipRejectsUnownedTailHistoryAndOrder5108/gap","Elapsed":0}
{"Time":"2026-10-07T23:21:14.308076-10:00","Action":"run","Package":"github.com/snissn/gomap/TreeDB/freelist","Test":"TestPacketPageMembershipRejectsUnownedTailHistoryAndOrder5108/reserved-header"}
{"Time":"2026-10-07T23:21:14.308079-10:00","Action":"output","Package":"github.com/snissn/gomap/TreeDB/freelist","Test":"TestPacketPageMembershipRejectsUnownedTailHistoryAndOrder5108/reserved-header","Output":"=== RUN   TestPacketPageMembershipRejectsUnownedTailHistoryAndOrder5108/reserved-header\n"}
{"Time":"2026-10-07T23:21:14.308102-10:00","Action":"output","Package":"github.com/snissn/gomap/TreeDB/freelist","Test":"TestPacketPageMembershipRejectsUnownedTailHistoryAndOrder5108/reserved-header","Output":"--- PASS: TestPacketPageMembershipRejectsUnownedTailHistoryAndOrder5108/reserved-header (0.00s)\n"}
{"Time":"2026-10-07T23:21:14.308108-10:00","Action":"pass","Package":"github.com/snissn/gomap/TreeDB/freelist","Test":"TestPacketPageMembershipRejectsUnownedTailHistoryAndOrder5108/reserved-header","Elapsed":0}
{"Time":"2026-10-07T23:21:14.308127-10:00","Action":"run","Package":"github.com/snissn/gomap/TreeDB/freelist","Test":"TestPacketPageMembershipRejectsUnownedTailHistoryAndOrder5108/highwater"}
{"Time":"2026-10-07T23:21:14.30813-10:00","Action":"output","Package":"github.com/snissn/gomap/TreeDB/freelist","Test":"TestPacketPageMembershipRejectsUnownedTailHistoryAndOrder5108/highwater","Output":"=== RUN   TestPacketPageMembershipRejectsUnownedTailHistoryAndOrder5108/highwater\n"}
{"Time":"2026-10-07T23:21:14.308151-10:00","Action":"output","Package":"github.com/snissn/gomap/TreeDB/freelist","Test":"TestPacketPageMembershipRejectsUnownedTailHistoryAndOrder5108/highwater","Output":"--- PASS: TestPacketPageMembershipRejectsUnownedTailHistoryAndOrder5108/highwater (0.00s)\n"}
{"Time":"2026-10-07T23:21:14.308167-10:00","Action":"pass","Package":"github.com/snissn/gomap/TreeDB/freelist","Test":"TestPacketPageMembershipRejectsUnownedTailHistoryAndOrder5108/highwater","Elapsed":0}
{"Time":"2026-10-07T23:21:14.308184-10:00","Action":"run","Package":"github.com/snissn/gomap/TreeDB/freelist","Test":"TestPacketPageMembershipRejectsUnownedTailHistoryAndOrder5108/overflow"}
{"Time":"2026-10-07T23:21:14.308187-10:00","Action":"output","Package":"github.com/snissn/gomap/TreeDB/freelist","Test":"TestPacketPageMembershipRejectsUnownedTailHistoryAndOrder5108/overflow","Output":"=== RUN   TestPacketPageMembershipRejectsUnownedTailHistoryAndOrder5108/overflow\n"}
{"Time":"2026-10-07T23:21:14.308306-10:00","Action":"output","Package":"github.com/snissn/gomap/TreeDB/freelist","Test":"TestPacketPageMembershipRejectsUnownedTailHistoryAndOrder5108/overflow","Output":"--- PASS: TestPacketPageMembershipRejectsUnownedTailHistoryAndOrder5108/overflow (0.00s)\n"}
{"Time":"2026-10-07T23:21:14.308309-10:00","Action":"pass","Package":"github.com/snissn/gomap/TreeDB/freelist","Test":"TestPacketPageMembershipRejectsUnownedTailHistoryAndOrder5108/overflow","Elapsed":0}
{"Time":"2026-10-07T23:21:14.308312-10:00","Action":"run","Package":"github.com/snissn/gomap/TreeDB/freelist","Test":"TestPacketPageMembershipRejectsUnownedTailHistoryAndOrder5108/duplicate"}
{"Time":"2026-10-07T23:21:14.308315-10:00","Action":"output","Package":"github.com/snissn/gomap/TreeDB/freelist","Test":"TestPacketPageMembershipRejectsUnownedTailHistoryAndOrder5108/duplicate","Output":"=== RUN   TestPacketPageMembershipRejectsUnownedTailHistoryAndOrder5108/duplicate\n"}
{"Time":"2026-10-07T23:21:14.308318-10:00","Action":"output","Package":"github.com/snissn/gomap/TreeDB/freelist","Test":"TestPacketPageMembershipRejectsUnownedTailHistoryAndOrder5108/duplicate","Output":"--- PASS: TestPacketPageMembershipRejectsUnownedTailHistoryAndOrder5108/duplicate (0.00s)\n"}
{"Time":"2026-10-07T23:21:14.30832-10:00","Action":"pass","Package":"github.com/snissn/gomap/TreeDB/freelist","Test":"TestPacketPageMembershipRejectsUnownedTailHistoryAndOrder5108/duplicate","Elapsed":0}
{"Time":"2026-10-07T23:21:14.308323-10:00","Action":"run","Package":"github.com/snissn/gomap/TreeDB/freelist","Test":"TestPacketPageMembershipRejectsUnownedTailHistoryAndOrder5108/unsorted"}
{"Time":"2026-10-07T23:21:14.308325-10:00","Action":"output","Package":"github.com/snissn/gomap/TreeDB/freelist","Test":"TestPacketPageMembershipRejectsUnownedTailHistoryAndOrder5108/unsorted","Output":"=== RUN   TestPacketPageMembershipRejectsUnownedTailHistoryAndOrder5108/unsorted\n"}
{"Time":"2026-10-07T23:21:14.308328-10:00","Action":"output","Package":"github.com/snissn/gomap/TreeDB/freelist","Test":"TestPacketPageMembershipRejectsUnownedTailHistoryAndOrder5108/unsorted","Output":"--- PASS: TestPacketPageMembershipRejectsUnownedTailHistoryAndOrder5108/unsorted (0.00s)\n"}
{"Time":"2026-10-07T23:21:14.308331-10:00","Action":"pass","Package":"github.com/snissn/gomap/TreeDB/freelist","Test":"TestPacketPageMembershipRejectsUnownedTailHistoryAndOrder5108/unsorted","Elapsed":0}
{"Time":"2026-10-07T23:21:14.308561-10:00","Action":"output","Package":"github.com/snissn/gomap/TreeDB/freelist","Test":"TestPacketPageMembershipRejectsUnownedTailHistoryAndOrder5108","Output":"--- PASS: TestPacketPageMembershipRejectsUnownedTailHistoryAndOrder5108 (0.00s)\n"}
{"Time":"2026-10-07T23:21:14.308566-10:00","Action":"pass","Package":"github.com/snissn/gomap/TreeDB/freelist","Test":"TestPacketPageMembershipRejectsUnownedTailHistoryAndOrder5108","Elapsed":0}
{"Time":"2026-10-07T23:21:14.308585-10:00","Action":"run","Package":"github.com/snissn/gomap/TreeDB/freelist","Test":"TestPacketPageMembershipRejectsOtherVisiblePrefixOwner5108"}
{"Time":"2026-10-07T23:21:14.308588-10:00","Action":"output","Package":"github.com/snissn/gomap/TreeDB/freelist","Test":"TestPacketPageMembershipRejectsOtherVisiblePrefixOwner5108","Output":"=== RUN   TestPacketPageMembershipRejectsOtherVisiblePrefixOwner5108\n"}
{"Time":"2026-10-07T23:21:14.309448-10:00","Action":"output","Package":"github.com/snissn/gomap/TreeDB/freelist","Test":"TestPacketPageMembershipRejectsOtherVisiblePrefixOwner5108","Output":"--- PASS: TestPacketPageMembershipRejectsOtherVisiblePrefixOwner5108 (0.00s)\n"}
{"Time":"2026-10-07T23:21:14.309453-10:00","Action":"pass","Package":"github.com/snissn/gomap/TreeDB/freelist","Test":"TestPacketPageMembershipRejectsOtherVisiblePrefixOwner5108","Elapsed":0}
{"Time":"2026-10-07T23:21:14.309482-10:00","Action":"run","Package":"github.com/snissn/gomap/TreeDB/freelist","Test":"TestPacketPageMembershipRejectsForeignStalePhaseAndUncertainty5108"}
{"Time":"2026-10-07T23:21:14.309496-10:00","Action":"output","Package":"github.com/snissn/gomap/TreeDB/freelist","Test":"TestPacketPageMembershipRejectsForeignStalePhaseAndUncertainty5108","Output":"=== RUN   TestPacketPageMembershipRejectsForeignStalePhaseAndUncertainty5108\n"}
{"Time":"2026-10-07T23:21:14.309517-10:00","Action":"run","Package":"github.com/snissn/gomap/TreeDB/freelist","Test":"TestPacketPageMembershipRejectsForeignStalePhaseAndUncertainty5108/foreign-packet"}
{"Time":"2026-10-07T23:21:14.309521-10:00","Action":"output","Package":"github.com/snissn/gomap/TreeDB/freelist","Test":"TestPacketPageMembershipRejectsForeignStalePhaseAndUncertainty5108/foreign-packet","Output":"=== RUN   TestPacketPageMembershipRejectsForeignStalePhaseAndUncertainty5108/foreign-packet\n"}
{"Time":"2026-10-07T23:21:14.310819-10:00","Action":"output","Package":"github.com/snissn/gomap/TreeDB/freelist","Test":"TestPacketPageMembershipRejectsForeignStalePhaseAndUncertainty5108/foreign-packet","Output":"--- PASS: TestPacketPageMembershipRejectsForeignStalePhaseAndUncertainty5108/foreign-packet (0.00s)\n"}
{"Time":"2026-10-07T23:21:14.310827-10:00","Action":"pass","Package":"github.com/snissn/gomap/TreeDB/freelist","Test":"TestPacketPageMembershipRejectsForeignStalePhaseAndUncertainty5108/foreign-packet","Elapsed":0}
{"Time":"2026-10-07T23:21:14.310847-10:00","Action":"run","Package":"github.com/snissn/gomap/TreeDB/freelist","Test":"TestPacketPageMembershipRejectsForeignStalePhaseAndUncertainty5108/foreign-role"}
{"Time":"2026-10-07T23:21:14.310852-10:00","Action":"output","Package":"github.com/snissn/gomap/TreeDB/freelist","Test":"TestPacketPageMembershipRejectsForeignStalePhaseAndUncertainty5108/foreign-role","Output":"=== RUN   TestPacketPageMembershipRejectsForeignStalePhaseAndUncertainty5108/foreign-role\n"}
{"Time":"2026-10-07T23:21:14.312074-10:00","Action":"output","Package":"github.com/snissn/gomap/TreeDB/freelist","Test":"TestPacketPageMembershipRejectsForeignStalePhaseAndUncertainty5108/foreign-role","Output":"--- PASS: TestPacketPageMembershipRejectsForeignStalePhaseAndUncertainty5108/foreign-role (0.00s)\n"}
{"Time":"2026-10-07T23:21:14.312081-10:00","Action":"pass","Package":"github.com/snissn/gomap/TreeDB/freelist","Test":"TestPacketPageMembershipRejectsForeignStalePhaseAndUncertainty5108/foreign-role","Elapsed":0}
{"Time":"2026-10-07T23:21:14.312099-10:00","Action":"run","Package":"github.com/snissn/gomap/TreeDB/freelist","Test":"TestPacketPageMembershipRejectsForeignStalePhaseAndUncertainty5108/seal-too-early"}
{"Time":"2026-10-07T23:21:14.312102-10:00","Action":"output","Package":"github.com/snissn/gomap/TreeDB/freelist","Test":"TestPacketPageMembershipRejectsForeignStalePhaseAndUncertainty5108/seal-too-early","Output":"=== RUN   TestPacketPageMembershipRejectsForeignStalePhaseAndUncertainty5108/seal-too-early\n"}
{"Time":"2026-10-07T23:21:14.312762-10:00","Action":"output","Package":"github.com/snissn/gomap/TreeDB/freelist","Test":"TestPacketPageMembershipRejectsForeignStalePhaseAndUncertainty5108/seal-too-early","Output":"--- PASS: TestPacketPageMembershipRejectsForeignStalePhaseAndUncertainty5108/seal-too-early (0.00s)\n"}
{"Time":"2026-10-07T23:21:14.312767-10:00","Action":"pass","Package":"github.com/snissn/gomap/TreeDB/freelist","Test":"TestPacketPageMembershipRejectsForeignStalePhaseAndUncertainty5108/seal-too-early","Elapsed":0}
{"Time":"2026-10-07T23:21:14.312791-10:00","Action":"run","Package":"github.com/snissn/gomap/TreeDB/freelist","Test":"TestPacketPageMembershipRejectsForeignStalePhaseAndUncertainty5108/wrong-transaction"}
{"Time":"2026-10-07T23:21:14.312798-10:00","Action":"output","Package":"github.com/snissn/gomap/TreeDB/freelist","Test":"TestPacketPageMembershipRejectsForeignStalePhaseAndUncertainty5108/wrong-transaction","Output":"=== RUN   TestPacketPageMembershipRejectsForeignStalePhaseAndUncertainty5108/wrong-transaction\n"}
{"Time":"2026-10-07T23:21:14.313456-10:00","Action":"output","Package":"github.com/snissn/gomap/TreeDB/freelist","Test":"TestPacketPageMembershipRejectsForeignStalePhaseAndUncertainty5108/wrong-transaction","Output":"--- PASS: TestPacketPageMembershipRejectsForeignStalePhaseAndUncertainty5108/wrong-transaction (0.00s)\n"}
{"Time":"2026-10-07T23:21:14.313475-10:00","Action":"pass","Package":"github.com/snissn/gomap/TreeDB/freelist","Test":"TestPacketPageMembershipRejectsForeignStalePhaseAndUncertainty5108/wrong-transaction","Elapsed":0}
{"Time":"2026-10-07T23:21:14.313483-10:00","Action":"run","Package":"github.com/snissn/gomap/TreeDB/freelist","Test":"TestPacketPageMembershipRejectsForeignStalePhaseAndUncertainty5108/phase"}
{"Time":"2026-10-07T23:21:14.313486-10:00","Action":"output","Package":"github.com/snissn/gomap/TreeDB/freelist","Test":"TestPacketPageMembershipRejectsForeignStalePhaseAndUncertainty5108/phase","Output":"=== RUN   TestPacketPageMembershipRejectsForeignStalePhaseAndUncertainty5108/phase\n"}
{"Time":"2026-10-07T23:21:14.314121-10:00","Action":"output","Package":"github.com/snissn/gomap/TreeDB/freelist","Test":"TestPacketPageMembershipRejectsForeignStalePhaseAndUncertainty5108/phase","Output":"--- PASS: TestPacketPageMembershipRejectsForeignStalePhaseAndUncertainty5108/phase (0.00s)\n"}
{"Time":"2026-10-07T23:21:14.314127-10:00","Action":"pass","Package":"github.com/snissn/gomap/TreeDB/freelist","Test":"TestPacketPageMembershipRejectsForeignStalePhaseAndUncertainty5108/phase","Elapsed":0}
{"Time":"2026-10-07T23:21:14.31415-10:00","Action":"run","Package":"github.com/snissn/gomap/TreeDB/freelist","Test":"TestPacketPageMembershipRejectsForeignStalePhaseAndUncertainty5108/wait"}
{"Time":"2026-10-07T23:21:14.314155-10:00","Action":"output","Package":"github.com/snissn/gomap/TreeDB/freelist","Test":"TestPacketPageMembershipRejectsForeignStalePhaseAndUncertainty5108/wait","Output":"=== RUN   TestPacketPageMembershipRejectsForeignStalePhaseAndUncertainty5108/wait\n"}
{"Time":"2026-10-07T23:21:14.31483-10:00","Action":"output","Package":"github.com/snissn/gomap/TreeDB/freelist","Test":"TestPacketPageMembershipRejectsForeignStalePhaseAndUncertainty5108/wait","Output":"--- PASS: TestPacketPageMembershipRejectsForeignStalePhaseAndUncertainty5108/wait (0.00s)\n"}
{"Time":"2026-10-07T23:21:14.314838-10:00","Action":"pass","Package":"github.com/snissn/gomap/TreeDB/freelist","Test":"TestPacketPageMembershipRejectsForeignStalePhaseAndUncertainty5108/wait","Elapsed":0}
{"Time":"2026-10-07T23:21:14.314857-10:00","Action":"run","Package":"github.com/snissn/gomap/TreeDB/freelist","Test":"TestPacketPageMembershipRejectsForeignStalePhaseAndUncertainty5108/closed"}
{"Time":"2026-10-07T23:21:14.314862-10:00","Action":"output","Package":"github.com/snissn/gomap/TreeDB/freelist","Test":"TestPacketPageMembershipRejectsForeignStalePhaseAndUncertainty5108/closed","Output":"=== RUN   TestPacketPageMembershipRejectsForeignStalePhaseAndUncertainty5108/closed\n"}
{"Time":"2026-10-07T23:21:14.31551-10:00","Action":"output","Package":"github.com/snissn/gomap/TreeDB/freelist","Test":"TestPacketPageMembershipRejectsForeignStalePhaseAndUncertainty5108/closed","Output":"--- PASS: TestPacketPageMembershipRejectsForeignStalePhaseAndUncertainty5108/closed (0.00s)\n"}
{"Time":"2026-10-07T23:21:14.315516-10:00","Action":"pass","Package":"github.com/snissn/gomap/TreeDB/freelist","Test":"TestPacketPageMembershipRejectsForeignStalePhaseAndUncertainty5108/closed","Elapsed":0}
{"Time":"2026-10-07T23:21:14.315533-10:00","Action":"run","Package":"github.com/snissn/gomap/TreeDB/freelist","Test":"TestPacketPageMembershipRejectsForeignStalePhaseAndUncertainty5108/aborted"}
{"Time":"2026-10-07T23:21:14.315536-10:00","Action":"output","Package":"github.com/snissn/gomap/TreeDB/freelist","Test":"TestPacketPageMembershipRejectsForeignStalePhaseAndUncertainty5108/aborted","Output":"=== RUN   TestPacketPageMembershipRejectsForeignStalePhaseAndUncertainty5108/aborted\n"}
{"Time":"2026-10-07T23:21:14.316201-10:00","Action":"output","Package":"github.com/snissn/gomap/TreeDB/freelist","Test":"TestPacketPageMembershipRejectsForeignStalePhaseAndUncertainty5108/aborted","Output":"--- PASS: TestPacketPageMembershipRejectsForeignStalePhaseAndUncertainty5108/aborted (0.00s)\n"}
{"Time":"2026-10-07T23:21:14.316225-10:00","Action":"pass","Package":"github.com/snissn/gomap/TreeDB/freelist","Test":"TestPacketPageMembershipRejectsForeignStalePhaseAndUncertainty5108/aborted","Elapsed":0}
{"Time":"2026-10-07T23:21:14.316232-10:00","Action":"output","Package":"github.com/snissn/gomap/TreeDB/freelist","Test":"TestPacketPageMembershipRejectsForeignStalePhaseAndUncertainty5108","Output":"--- PASS: TestPacketPageMembershipRejectsForeignStalePhaseAndUncertainty5108 (0.01s)\n"}
{"Time":"2026-10-07T23:21:14.316237-10:00","Action":"pass","Package":"github.com/snissn/gomap/TreeDB/freelist","Test":"TestPacketPageMembershipRejectsForeignStalePhaseAndUncertainty5108","Elapsed":0.01}
{"Time":"2026-10-07T23:21:14.316252-10:00","Action":"run","Package":"github.com/snissn/gomap/TreeDB/freelist","Test":"TestPacketPageMembershipRevalidatesWholeProofEvenForEmpty5108"}
{"Time":"2026-10-07T23:21:14.316257-10:00","Action":"output","Package":"github.com/snissn/gomap/TreeDB/freelist","Test":"TestPacketPageMembershipRevalidatesWholeProofEvenForEmpty5108","Output":"=== RUN   TestPacketPageMembershipRevalidatesWholeProofEvenForEmpty5108\n"}
{"Time":"2026-10-07T23:21:14.316278-10:00","Action":"run","Package":"github.com/snissn/gomap/TreeDB/freelist","Test":"TestPacketPageMembershipRevalidatesWholeProofEvenForEmpty5108/proof-ids"}
{"Time":"2026-10-07T23:21:14.316281-10:00","Action":"output","Package":"github.com/snissn/gomap/TreeDB/freelist","Test":"TestPacketPageMembershipRevalidatesWholeProofEvenForEmpty5108/proof-ids","Output":"=== RUN   TestPacketPageMembershipRevalidatesWholeProofEvenForEmpty5108/proof-ids\n"}
{"Time":"2026-10-07T23:21:14.316968-10:00","Action":"output","Package":"github.com/snissn/gomap/TreeDB/freelist","Test":"TestPacketPageMembershipRevalidatesWholeProofEvenForEmpty5108/proof-ids","Output":"--- PASS: TestPacketPageMembershipRevalidatesWholeProofEvenForEmpty5108/proof-ids (0.00s)\n"}
{"Time":"2026-10-07T23:21:14.316973-10:00","Action":"pass","Package":"github.com/snissn/gomap/TreeDB/freelist","Test":"TestPacketPageMembershipRevalidatesWholeProofEvenForEmpty5108/proof-ids","Elapsed":0}
{"Time":"2026-10-07T23:21:14.316998-10:00","Action":"run","Package":"github.com/snissn/gomap/TreeDB/freelist","Test":"TestPacketPageMembershipRevalidatesWholeProofEvenForEmpty5108/reservation-ids"}
{"Time":"2026-10-07T23:21:14.317005-10:00","Action":"output","Package":"github.com/snissn/gomap/TreeDB/freelist","Test":"TestPacketPageMembershipRevalidatesWholeProofEvenForEmpty5108/reservation-ids","Output":"=== RUN   TestPacketPageMembershipRevalidatesWholeProofEvenForEmpty5108/reservation-ids\n"}
{"Time":"2026-10-07T23:21:14.317668-10:00","Action":"output","Package":"github.com/snissn/gomap/TreeDB/freelist","Test":"TestPacketPageMembershipRevalidatesWholeProofEvenForEmpty5108/reservation-ids","Output":"--- PASS: TestPacketPageMembershipRevalidatesWholeProofEvenForEmpty5108/reservation-ids (0.00s)\n"}
{"Time":"2026-10-07T23:21:14.317672-10:00","Action":"pass","Package":"github.com/snissn/gomap/TreeDB/freelist","Test":"TestPacketPageMembershipRevalidatesWholeProofEvenForEmpty5108/reservation-ids","Elapsed":0}
{"Time":"2026-10-07T23:21:14.317706-10:00","Action":"run","Package":"github.com/snissn/gomap/TreeDB/freelist","Test":"TestPacketPageMembershipRevalidatesWholeProofEvenForEmpty5108/tail"}
{"Time":"2026-10-07T23:21:14.317709-10:00","Action":"output","Package":"github.com/snissn/gomap/TreeDB/freelist","Test":"TestPacketPageMembershipRevalidatesWholeProofEvenForEmpty5108/tail","Output":"=== RUN   TestPacketPageMembershipRevalidatesWholeProofEvenForEmpty5108/tail\n"}
{"Time":"2026-10-07T23:21:14.318358-10:00","Action":"output","Package":"github.com/snissn/gomap/TreeDB/freelist","Test":"TestPacketPageMembershipRevalidatesWholeProofEvenForEmpty5108/tail","Output":"--- PASS: TestPacketPageMembershipRevalidatesWholeProofEvenForEmpty5108/tail (0.00s)\n"}
{"Time":"2026-10-07T23:21:14.318366-10:00","Action":"pass","Package":"github.com/snissn/gomap/TreeDB/freelist","Test":"TestPacketPageMembershipRevalidatesWholeProofEvenForEmpty5108/tail","Elapsed":0}
{"Time":"2026-10-07T23:21:14.318385-10:00","Action":"run","Package":"github.com/snissn/gomap/TreeDB/freelist","Test":"TestPacketPageMembershipRevalidatesWholeProofEvenForEmpty5108/owner"}
{"Time":"2026-10-07T23:21:14.318389-10:00","Action":"output","Package":"github.com/snissn/gomap/TreeDB/freelist","Test":"TestPacketPageMembershipRevalidatesWholeProofEvenForEmpty5108/owner","Output":"=== RUN   TestPacketPageMembershipRevalidatesWholeProofEvenForEmpty5108/owner\n"}
{"Time":"2026-10-07T23:21:14.319075-10:00","Action":"output","Package":"github.com/snissn/gomap/TreeDB/freelist","Test":"TestPacketPageMembershipRevalidatesWholeProofEvenForEmpty5108/owner","Output":"--- PASS: TestPacketPageMembershipRevalidatesWholeProofEvenForEmpty5108/owner (0.00s)\n"}
{"Time":"2026-10-07T23:21:14.319089-10:00","Action":"pass","Package":"github.com/snissn/gomap/TreeDB/freelist","Test":"TestPacketPageMembershipRevalidatesWholeProofEvenForEmpty5108/owner","Elapsed":0}
{"Time":"2026-10-07T23:21:14.319105-10:00","Action":"run","Package":"github.com/snissn/gomap/TreeDB/freelist","Test":"TestPacketPageMembershipRevalidatesWholeProofEvenForEmpty5108/extra-owner"}
{"Time":"2026-10-07T23:21:14.319111-10:00","Action":"output","Package":"github.com/snissn/gomap/TreeDB/freelist","Test":"TestPacketPageMembershipRevalidatesWholeProofEvenForEmpty5108/extra-owner","Output":"=== RUN   TestPacketPageMembershipRevalidatesWholeProofEvenForEmpty5108/extra-owner\n"}
{"Time":"2026-10-07T23:21:14.319783-10:00","Action":"output","Package":"github.com/snissn/gomap/TreeDB/freelist","Test":"TestPacketPageMembershipRevalidatesWholeProofEvenForEmpty5108/extra-owner","Output":"--- PASS: TestPacketPageMembershipRevalidatesWholeProofEvenForEmpty5108/extra-owner (0.00s)\n"}
{"Time":"2026-10-07T23:21:14.319788-10:00","Action":"pass","Package":"github.com/snissn/gomap/TreeDB/freelist","Test":"TestPacketPageMembershipRevalidatesWholeProofEvenForEmpty5108/extra-owner","Elapsed":0}
{"Time":"2026-10-07T23:21:14.319809-10:00","Action":"run","Package":"github.com/snissn/gomap/TreeDB/freelist","Test":"TestPacketPageMembershipRevalidatesWholeProofEvenForEmpty5108/role-identity"}
{"Time":"2026-10-07T23:21:14.319812-10:00","Action":"output","Package":"github.com/snissn/gomap/TreeDB/freelist","Test":"TestPacketPageMembershipRevalidatesWholeProofEvenForEmpty5108/role-identity","Output":"=== RUN   TestPacketPageMembershipRevalidatesWholeProofEvenForEmpty5108/role-identity\n"}
{"Time":"2026-10-07T23:21:14.320471-10:00","Action":"output","Package":"github.com/snissn/gomap/TreeDB/freelist","Test":"TestPacketPageMembershipRevalidatesWholeProofEvenForEmpty5108/role-identity","Output":"--- PASS: TestPacketPageMembershipRevalidatesWholeProofEvenForEmpty5108/role-identity (0.00s)\n"}
{"Time":"2026-10-07T23:21:14.320477-10:00","Action":"pass","Package":"github.com/snissn/gomap/TreeDB/freelist","Test":"TestPacketPageMembershipRevalidatesWholeProofEvenForEmpty5108/role-identity","Elapsed":0}
{"Time":"2026-10-07T23:21:14.320489-10:00","Action":"output","Package":"github.com/snissn/gomap/TreeDB/freelist","Test":"TestPacketPageMembershipRevalidatesWholeProofEvenForEmpty5108","Output":"--- PASS: TestPacketPageMembershipRevalidatesWholeProofEvenForEmpty5108 (0.00s)\n"}
{"Time":"2026-10-07T23:21:14.320494-10:00","Action":"pass","Package":"github.com/snissn/gomap/TreeDB/freelist","Test":"TestPacketPageMembershipRevalidatesWholeProofEvenForEmpty5108","Elapsed":0}
{"Time":"2026-10-07T23:21:14.320526-10:00","Action":"run","Package":"github.com/snissn/gomap/TreeDB/freelist","Test":"TestPacketPageMembershipEndedEpochAndZeroAllocation5108"}
{"Time":"2026-10-07T23:21:14.320533-10:00","Action":"output","Package":"github.com/snissn/gomap/TreeDB/freelist","Test":"TestPacketPageMembershipEndedEpochAndZeroAllocation5108","Output":"=== RUN   TestPacketPageMembershipEndedEpochAndZeroAllocation5108\n"}
{"Time":"2026-10-07T23:21:14.322177-10:00","Action":"output","Package":"github.com/snissn/gomap/TreeDB/freelist","Test":"TestPacketPageMembershipEndedEpochAndZeroAllocation5108","Output":"--- PASS: TestPacketPageMembershipEndedEpochAndZeroAllocation5108 (0.00s)\n"}
{"Time":"2026-10-07T23:21:14.322194-10:00","Action":"pass","Package":"github.com/snissn/gomap/TreeDB/freelist","Test":"TestPacketPageMembershipEndedEpochAndZeroAllocation5108","Elapsed":0}
{"Time":"2026-10-07T23:21:14.32221-10:00","Action":"run","Package":"github.com/snissn/gomap/TreeDB/freelist","Test":"TestAllocator_PreferAppendAlloc_IgnoresFreelist"}
{"Time":"2026-10-07T23:21:14.322425-10:00","Action":"output","Package":"github.com/snissn/gomap/TreeDB/freelist","Test":"TestAllocator_PreferAppendAlloc_IgnoresFreelist","Output":"=== RUN   TestAllocator_PreferAppendAlloc_IgnoresFreelist\n"}
{"Time":"2026-10-07T23:21:14.322718-10:00","Action":"output","Package":"github.com/snissn/gomap/TreeDB/freelist","Test":"TestAllocator_PreferAppendAlloc_IgnoresFreelist","Output":"--- PASS: TestAllocator_PreferAppendAlloc_IgnoresFreelist (0.00s)\n"}
{"Time":"2026-10-07T23:21:14.322735-10:00","Action":"pass","Package":"github.com/snissn/gomap/TreeDB/freelist","Test":"TestAllocator_PreferAppendAlloc_IgnoresFreelist","Elapsed":0}
{"Time":"2026-10-07T23:21:14.322741-10:00","Action":"run","Package":"github.com/snissn/gomap/TreeDB/freelist","Test":"TestAllocator_PreferAppendAlloc_CanToggleBack"}
{"Time":"2026-10-07T23:21:14.322744-10:00","Action":"output","Package":"github.com/snissn/gomap/TreeDB/freelist","Test":"TestAllocator_PreferAppendAlloc_CanToggleBack","Output":"=== RUN   TestAllocator_PreferAppendAlloc_CanToggleBack\n"}
{"Time":"2026-10-07T23:21:14.32316-10:00","Action":"output","Package":"github.com/snissn/gomap/TreeDB/freelist","Test":"TestAllocator_PreferAppendAlloc_CanToggleBack","Output":"--- PASS: TestAllocator_PreferAppendAlloc_CanToggleBack (0.00s)\n"}
{"Time":"2026-10-07T23:21:14.323185-10:00","Action":"pass","Package":"github.com/snissn/gomap/TreeDB/freelist","Test":"TestAllocator_PreferAppendAlloc_CanToggleBack","Elapsed":0}
{"Time":"2026-10-07T23:21:14.323191-10:00","Action":"run","Package":"github.com/snissn/gomap/TreeDB/freelist","Test":"TestPreparedPublicationPacketNoPagerEffectsBeforeWAL5108"}
{"Time":"2026-10-07T23:21:14.323195-10:00","Action":"output","Package":"github.com/snissn/gomap/TreeDB/freelist","Test":"TestPreparedPublicationPacketNoPagerEffectsBeforeWAL5108","Output":"=== RUN   TestPreparedPublicationPacketNoPagerEffectsBeforeWAL5108\n"}
{"Time":"2026-10-07T23:21:14.32639-10:00","Action":"output","Package":"github.com/snissn/gomap/TreeDB/freelist","Test":"TestPreparedPublicationPacketNoPagerEffectsBeforeWAL5108","Output":"--- PASS: TestPreparedPublicationPacketNoPagerEffectsBeforeWAL5108 (0.00s)\n"}
{"Time":"2026-10-07T23:21:14.326396-10:00","Action":"pass","Package":"github.com/snissn/gomap/TreeDB/freelist","Test":"TestPreparedPublicationPacketNoPagerEffectsBeforeWAL5108","Elapsed":0}
{"Time":"2026-10-07T23:21:14.326413-10:00","Action":"run","Package":"github.com/snissn/gomap/TreeDB/freelist","Test":"TestPreparedPublicationPacketMissingAuthorityAndLimitsRefuse5108"}
{"Time":"2026-10-07T23:21:14.326418-10:00","Action":"output","Package":"github.com/snissn/gomap/TreeDB/freelist","Test":"TestPreparedPublicationPacketMissingAuthorityAndLimitsRefuse5108","Output":"=== RUN   TestPreparedPublicationPacketMissingAuthorityAndLimitsRefuse5108\n"}
{"Time":"2026-10-07T23:21:14.326445-10:00","Action":"run","Package":"github.com/snissn/gomap/TreeDB/freelist","Test":"TestPreparedPublicationPacketMissingAuthorityAndLimitsRefuse5108/request"}
{"Time":"2026-10-07T23:21:14.326448-10:00","Action":"output","Package":"github.com/snissn/gomap/TreeDB/freelist","Test":"TestPreparedPublicationPacketMissingAuthorityAndLimitsRefuse5108/request","Output":"=== RUN   TestPreparedPublicationPacketMissingAuthorityAndLimitsRefuse5108/request\n"}
{"Time":"2026-10-07T23:21:14.326835-10:00","Action":"output","Package":"github.com/snissn/gomap/TreeDB/freelist","Test":"TestPreparedPublicationPacketMissingAuthorityAndLimitsRefuse5108/request","Output":"--- PASS: TestPreparedPublicationPacketMissingAuthorityAndLimitsRefuse5108/request (0.00s)\n"}
{"Time":"2026-10-07T23:21:14.326854-10:00","Action":"pass","Package":"github.com/snissn/gomap/TreeDB/freelist","Test":"TestPreparedPublicationPacketMissingAuthorityAndLimitsRefuse5108/request","Elapsed":0}
{"Time":"2026-10-07T23:21:14.326861-10:00","Action":"run","Package":"github.com/snissn/gomap/TreeDB/freelist","Test":"TestPreparedPublicationPacketMissingAuthorityAndLimitsRefuse5108/scratch"}
{"Time":"2026-10-07T23:21:14.326864-10:00","Action":"output","Package":"github.com/snissn/gomap/TreeDB/freelist","Test":"TestPreparedPublicationPacketMissingAuthorityAndLimitsRefuse5108/scratch","Output":"=== RUN   TestPreparedPublicationPacketMissingAuthorityAndLimitsRefuse5108/scratch\n"}
{"Time":"2026-10-07T23:21:14.327383-10:00","Action":"output","Package":"github.com/snissn/gomap/TreeDB/freelist","Test":"TestPreparedPublicationPacketMissingAuthorityAndLimitsRefuse5108/scratch","Output":"--- PASS: TestPreparedPublicationPacketMissingAuthorityAndLimitsRefuse5108/scratch (0.00s)\n"}
{"Time":"2026-10-07T23:21:14.327435-10:00","Action":"pass","Package":"github.com/snissn/gomap/TreeDB/freelist","Test":"TestPreparedPublicationPacketMissingAuthorityAndLimitsRefuse5108/scratch","Elapsed":0}
{"Time":"2026-10-07T23:21:14.327452-10:00","Action":"run","Package":"github.com/snissn/gomap/TreeDB/freelist","Test":"TestPreparedPublicationPacketMissingAuthorityAndLimitsRefuse5108/same-scratch"}
{"Time":"2026-10-07T23:21:14.327461-10:00","Action":"output","Package":"github.com/snissn/gomap/TreeDB/freelist","Test":"TestPreparedPublicationPacketMissingAuthorityAndLimitsRefuse5108/same-scratch","Output":"=== RUN   TestPreparedPublicationPacketMissingAuthorityAndLimitsRefuse5108/same-scratch\n"}
{"Time":"2026-10-07T23:21:14.327955-10:00","Action":"output","Package":"github.com/snissn/gomap/TreeDB/freelist","Test":"TestPreparedPublicationPacketMissingAuthorityAndLimitsRefuse5108/same-scratch","Output":"--- PASS: TestPreparedPublicationPacketMissingAuthorityAndLimitsRefuse5108/same-scratch (0.00s)\n"}
{"Time":"2026-10-07T23:21:14.327997-10:00","Action":"pass","Package":"github.com/snissn/gomap/TreeDB/freelist","Test":"TestPreparedPublicationPacketMissingAuthorityAndLimitsRefuse5108/same-scratch","Elapsed":0}
{"Time":"2026-10-07T23:21:14.328015-10:00","Action":"run","Package":"github.com/snissn/gomap/TreeDB/freelist","Test":"TestPreparedPublicationPacketMissingAuthorityAndLimitsRefuse5108/finite"}
{"Time":"2026-10-07T23:21:14.328026-10:00","Action":"output","Package":"github.com/snissn/gomap/TreeDB/freelist","Test":"TestPreparedPublicationPacketMissingAuthorityAndLimitsRefuse5108/finite","Output":"=== RUN   TestPreparedPublicationPacketMissingAuthorityAndLimitsRefuse5108/finite\n"}
{"Time":"2026-10-07T23:21:14.328455-10:00","Action":"output","Package":"github.com/snissn/gomap/TreeDB/freelist","Test":"TestPreparedPublicationPacketMissingAuthorityAndLimitsRefuse5108/finite","Output":"--- PASS: TestPreparedPublicationPacketMissingAuthorityAndLimitsRefuse5108/finite (0.00s)\n"}
{"Time":"2026-10-07T23:21:14.32849-10:00","Action":"pass","Package":"github.com/snissn/gomap/TreeDB/freelist","Test":"TestPreparedPublicationPacketMissingAuthorityAndLimitsRefuse5108/finite","Elapsed":0}
{"Time":"2026-10-07T23:21:14.328501-10:00","Action":"run","Package":"github.com/snissn/gomap/TreeDB/freelist","Test":"TestPreparedPublicationPacketMissingAuthorityAndLimitsRefuse5108/visible-limit"}
{"Time":"2026-10-07T23:21:14.328509-10:00","Action":"output","Package":"github.com/snissn/gomap/TreeDB/freelist","Test":"TestPreparedPublicationPacketMissingAuthorityAndLimitsRefuse5108/visible-limit","Output":"=== RUN   TestPreparedPublicationPacketMissingAuthorityAndLimitsRefuse5108/visible-limit\n"}
{"Time":"2026-10-07T23:21:14.328997-10:00","Action":"output","Package":"github.com/snissn/gomap/TreeDB/freelist","Test":"TestPreparedPublicationPacketMissingAuthorityAndLimitsRefuse5108/visible-limit","Output":"--- PASS: TestPreparedPublicationPacketMissingAuthorityAndLimitsRefuse5108/visible-limit (0.00s)\n"}
{"Time":"2026-10-07T23:21:14.329007-10:00","Action":"pass","Package":"github.com/snissn/gomap/TreeDB/freelist","Test":"TestPreparedPublicationPacketMissingAuthorityAndLimitsRefuse5108/visible-limit","Elapsed":0}
{"Time":"2026-10-07T23:21:14.329027-10:00","Action":"run","Package":"github.com/snissn/gomap/TreeDB/freelist","Test":"TestPreparedPublicationPacketMissingAuthorityAndLimitsRefuse5108/seal-limit"}
{"Time":"2026-10-07T23:21:14.329031-10:00","Action":"output","Package":"github.com/snissn/gomap/TreeDB/freelist","Test":"TestPreparedPublicationPacketMissingAuthorityAndLimitsRefuse5108/seal-limit","Output":"=== RUN   TestPreparedPublicationPacketMissingAuthorityAndLimitsRefuse5108/seal-limit\n"}
{"Time":"2026-10-07T23:21:14.329491-10:00","Action":"output","Package":"github.com/snissn/gomap/TreeDB/freelist","Test":"TestPreparedPublicationPacketMissingAuthorityAndLimitsRefuse5108/seal-limit","Output":"--- PASS: TestPreparedPublicationPacketMissingAuthorityAndLimitsRefuse5108/seal-limit (0.00s)\n"}
{"Time":"2026-10-07T23:21:14.329534-10:00","Action":"pass","Package":"github.com/snissn/gomap/TreeDB/freelist","Test":"TestPreparedPublicationPacketMissingAuthorityAndLimitsRefuse5108/seal-limit","Elapsed":0}
{"Time":"2026-10-07T23:21:14.329549-10:00","Action":"run","Package":"github.com/snissn/gomap/TreeDB/freelist","Test":"TestPreparedPublicationPacketMissingAuthorityAndLimitsRefuse5108/escaped"}
{"Time":"2026-10-07T23:21:14.329573-10:00","Action":"output","Package":"github.com/snissn/gomap/TreeDB/freelist","Test":"TestPreparedPublicationPacketMissingAuthorityAndLimitsRefuse5108/escaped","Output":"=== RUN   TestPreparedPublicationPacketMissingAuthorityAndLimitsRefuse5108/escaped\n"}
{"Time":"2026-10-07T23:21:14.329953-10:00","Action":"output","Package":"github.com/snissn/gomap/TreeDB/freelist","Test":"TestPreparedPublicationPacketMissingAuthorityAndLimitsRefuse5108/escaped","Output":"--- PASS: TestPreparedPublicationPacketMissingAuthorityAndLimitsRefuse5108/escaped (0.00s)\n"}
{"Time":"2026-10-07T23:21:14.329962-10:00","Action":"pass","Package":"github.com/snissn/gomap/TreeDB/freelist","Test":"TestPreparedPublicationPacketMissingAuthorityAndLimitsRefuse5108/escaped","Elapsed":0}
{"Time":"2026-10-07T23:21:14.329983-10:00","Action":"run","Package":"github.com/snissn/gomap/TreeDB/freelist","Test":"TestPreparedPublicationPacketMissingAuthorityAndLimitsRefuse5108/identity"}
{"Time":"2026-10-07T23:21:14.329987-10:00","Action":"output","Package":"github.com/snissn/gomap/TreeDB/freelist","Test":"TestPreparedPublicationPacketMissingAuthorityAndLimitsRefuse5108/identity","Output":"=== RUN   TestPreparedPublicationPacketMissingAuthorityAndLimitsRefuse5108/identity\n"}
{"Time":"2026-10-07T23:21:14.330455-10:00","Action":"output","Package":"github.com/snissn/gomap/TreeDB/freelist","Test":"TestPreparedPublicationPacketMissingAuthorityAndLimitsRefuse5108/identity","Output":"--- PASS: TestPreparedPublicationPacketMissingAuthorityAndLimitsRefuse5108/identity (0.00s)\n"}
{"Time":"2026-10-07T23:21:14.330464-10:00","Action":"pass","Package":"github.com/snissn/gomap/TreeDB/freelist","Test":"TestPreparedPublicationPacketMissingAuthorityAndLimitsRefuse5108/identity","Elapsed":0}
{"Time":"2026-10-07T23:21:14.330479-10:00","Action":"output","Package":"github.com/snissn/gomap/TreeDB/freelist","Test":"TestPreparedPublicationPacketMissingAuthorityAndLimitsRefuse5108","Output":"--- PASS: TestPreparedPublicationPacketMissingAuthorityAndLimitsRefuse5108 (0.00s)\n"}
{"Time":"2026-10-07T23:21:14.330512-10:00","Action":"pass","Package":"github.com/snissn/gomap/TreeDB/freelist","Test":"TestPreparedPublicationPacketMissingAuthorityAndLimitsRefuse5108","Elapsed":0}
{"Time":"2026-10-07T23:21:14.330518-10:00","Action":"run","Package":"github.com/snissn/gomap/TreeDB/freelist","Test":"TestPreparedPublicationPacketPrevisibleAbortBurnsBothAndRetries5108"}
{"Time":"2026-10-07T23:21:14.330522-10:00","Action":"output","Package":"github.com/snissn/gomap/TreeDB/freelist","Test":"TestPreparedPublicationPacketPrevisibleAbortBurnsBothAndRetries5108","Output":"=== RUN   TestPreparedPublicationPacketPrevisibleAbortBurnsBothAndRetries5108\n"}
{"Time":"2026-10-07T23:21:14.33163-10:00","Action":"output","Package":"github.com/snissn/gomap/TreeDB/freelist","Test":"TestPreparedPublicationPacketPrevisibleAbortBurnsBothAndRetries5108","Output":"--- PASS: TestPreparedPublicationPacketPrevisibleAbortBurnsBothAndRetries5108 (0.00s)\n"}
{"Time":"2026-10-07T23:21:14.331637-10:00","Action":"pass","Package":"github.com/snissn/gomap/TreeDB/freelist","Test":"TestPreparedPublicationPacketPrevisibleAbortBurnsBothAndRetries5108","Elapsed":0}
{"Time":"2026-10-07T23:21:14.33167-10:00","Action":"run","Package":"github.com/snissn/gomap/TreeDB/freelist","Test":"TestPreparedPublicationPacketEndedEpochConsumesWithoutBirth5108"}
{"Time":"2026-10-07T23:21:14.331674-10:00","Action":"output","Package":"github.com/snissn/gomap/TreeDB/freelist","Test":"TestPreparedPublicationPacketEndedEpochConsumesWithoutBirth5108","Output":"=== RUN   TestPreparedPublicationPacketEndedEpochConsumesWithoutBirth5108\n"}
{"Time":"2026-10-07T23:21:14.333578-10:00","Action":"output","Package":"github.com/snissn/gomap/TreeDB/freelist","Test":"TestPreparedPublicationPacketEndedEpochConsumesWithoutBirth5108","Output":"--- PASS: TestPreparedPublicationPacketEndedEpochConsumesWithoutBirth5108 (0.00s)\n"}
{"Time":"2026-10-07T23:21:14.333587-10:00","Action":"pass","Package":"github.com/snissn/gomap/TreeDB/freelist","Test":"TestPreparedPublicationPacketEndedEpochConsumesWithoutBirth5108","Elapsed":0}
{"Time":"2026-10-07T23:21:14.33362-10:00","Action":"run","Package":"github.com/snissn/gomap/TreeDB/freelist","Test":"TestPreparedPublicationPacketPrefixRefusalAtomicAndForwardOnly5108"}
{"Time":"2026-10-07T23:21:14.333624-10:00","Action":"output","Package":"github.com/snissn/gomap/TreeDB/freelist","Test":"TestPreparedPublicationPacketPrefixRefusalAtomicAndForwardOnly5108","Output":"=== RUN   TestPreparedPublicationPacketPrefixRefusalAtomicAndForwardOnly5108\n"}
{"Time":"2026-10-07T23:21:14.334507-10:00","Action":"output","Package":"github.com/snissn/gomap/TreeDB/freelist","Test":"TestPreparedPublicationPacketPrefixRefusalAtomicAndForwardOnly5108","Output":"--- PASS: TestPreparedPublicationPacketPrefixRefusalAtomicAndForwardOnly5108 (0.00s)\n"}
{"Time":"2026-10-07T23:21:14.334567-10:00","Action":"pass","Package":"github.com/snissn/gomap/TreeDB/freelist","Test":"TestPreparedPublicationPacketPrefixRefusalAtomicAndForwardOnly5108","Elapsed":0}
{"Time":"2026-10-07T23:21:14.334583-10:00","Action":"run","Package":"github.com/snissn/gomap/TreeDB/freelist","Test":"TestPreparedPublicationPacketFullCensusReadmissionAndJoinedClose5108"}
{"Time":"2026-10-07T23:21:14.334591-10:00","Action":"output","Package":"github.com/snissn/gomap/TreeDB/freelist","Test":"TestPreparedPublicationPacketFullCensusReadmissionAndJoinedClose5108","Output":"=== RUN   TestPreparedPublicationPacketFullCensusReadmissionAndJoinedClose5108\n"}
{"Time":"2026-10-07T23:21:14.335244-10:00","Action":"output","Package":"github.com/snissn/gomap/TreeDB/freelist","Test":"TestPreparedPublicationPacketFullCensusReadmissionAndJoinedClose5108","Output":"--- PASS: TestPreparedPublicationPacketFullCensusReadmissionAndJoinedClose5108 (0.00s)\n"}
{"Time":"2026-10-07T23:21:14.335251-10:00","Action":"pass","Package":"github.com/snissn/gomap/TreeDB/freelist","Test":"TestPreparedPublicationPacketFullCensusReadmissionAndJoinedClose5108","Elapsed":0}
{"Time":"2026-10-07T23:21:14.335279-10:00","Action":"run","Package":"github.com/snissn/gomap/TreeDB/freelist","Test":"TestPreparedPublicationPacketActualClassInventory5108"}
{"Time":"2026-10-07T23:21:14.335283-10:00","Action":"output","Package":"github.com/snissn/gomap/TreeDB/freelist","Test":"TestPreparedPublicationPacketActualClassInventory5108","Output":"=== RUN   TestPreparedPublicationPacketActualClassInventory5108\n"}
{"Time":"2026-10-07T23:21:14.335729-10:00","Action":"output","Package":"github.com/snissn/gomap/TreeDB/freelist","Test":"TestPreparedPublicationPacketActualClassInventory5108","Output":"    allocator_publication_packet_v1_test.go:372: packet raw=312 class=320 proof raw=80 class=80 prepared raw=192 class=192 COW raw=264 class=288 retainedControl=560 totalResident=52160\n"}
{"Time":"2026-10-07T23:21:14.335966-10:00","Action":"output","Package":"github.com/snissn/gomap/TreeDB/freelist","Test":"TestPreparedPublicationPacketActualClassInventory5108","Output":"--- PASS: TestPreparedPublicationPacketActualClassInventory5108 (0.00s)\n"}
{"Time":"2026-10-07T23:21:14.335996-10:00","Action":"pass","Package":"github.com/snissn/gomap/TreeDB/freelist","Test":"TestPreparedPublicationPacketActualClassInventory5108","Elapsed":0}
{"Time":"2026-10-07T23:21:14.336001-10:00","Action":"run","Package":"github.com/snissn/gomap/TreeDB/freelist","Test":"TestPreparedPublicationPacketUncertaintyRetainsWholeFuture5108"}
{"Time":"2026-10-07T23:21:14.336005-10:00","Action":"output","Package":"github.com/snissn/gomap/TreeDB/freelist","Test":"TestPreparedPublicationPacketUncertaintyRetainsWholeFuture5108","Output":"=== RUN   TestPreparedPublicationPacketUncertaintyRetainsWholeFuture5108\n"}
{"Time":"2026-10-07T23:21:14.336737-10:00","Action":"output","Package":"github.com/snissn/gomap/TreeDB/freelist","Test":"TestPreparedPublicationPacketUncertaintyRetainsWholeFuture5108","Output":"--- PASS: TestPreparedPublicationPacketUncertaintyRetainsWholeFuture5108 (0.00s)\n"}
{"Time":"2026-10-07T23:21:14.336743-10:00","Action":"pass","Package":"github.com/snissn/gomap/TreeDB/freelist","Test":"TestPreparedPublicationPacketUncertaintyRetainsWholeFuture5108","Elapsed":0}
{"Time":"2026-10-07T23:21:14.336823-10:00","Action":"run","Package":"github.com/snissn/gomap/TreeDB/freelist","Test":"TestPreparedPublicationPacketPrevisibleStorageAttemptRetainsFuture5108"}
{"Time":"2026-10-07T23:21:14.336827-10:00","Action":"output","Package":"github.com/snissn/gomap/TreeDB/freelist","Test":"TestPreparedPublicationPacketPrevisibleStorageAttemptRetainsFuture5108","Output":"=== RUN   TestPreparedPublicationPacketPrevisibleStorageAttemptRetainsFuture5108\n"}
{"Time":"2026-10-07T23:21:14.336879-10:00","Action":"run","Package":"github.com/snissn/gomap/TreeDB/freelist","Test":"TestPreparedPublicationPacketPrevisibleStorageAttemptRetainsFuture5108/wal"}
{"Time":"2026-10-07T23:21:14.336884-10:00","Action":"output","Package":"github.com/snissn/gomap/TreeDB/freelist","Test":"TestPreparedPublicationPacketPrevisibleStorageAttemptRetainsFuture5108/wal","Output":"=== RUN   TestPreparedPublicationPacketPrevisibleStorageAttemptRetainsFuture5108/wal\n"}
{"Time":"2026-10-07T23:21:14.337575-10:00","Action":"output","Package":"github.com/snissn/gomap/TreeDB/freelist","Test":"TestPreparedPublicationPacketPrevisibleStorageAttemptRetainsFuture5108/wal","Output":"--- PASS: TestPreparedPublicationPacketPrevisibleStorageAttemptRetainsFuture5108/wal (0.00s)\n"}
{"Time":"2026-10-07T23:21:14.337581-10:00","Action":"pass","Package":"github.com/snissn/gomap/TreeDB/freelist","Test":"TestPreparedPublicationPacketPrevisibleStorageAttemptRetainsFuture5108/wal","Elapsed":0}
{"Time":"2026-10-07T23:21:14.337606-10:00","Action":"run","Package":"github.com/snissn/gomap/TreeDB/freelist","Test":"TestPreparedPublicationPacketPrevisibleStorageAttemptRetainsFuture5108/installer"}
{"Time":"2026-10-07T23:21:14.337611-10:00","Action":"output","Package":"github.com/snissn/gomap/TreeDB/freelist","Test":"TestPreparedPublicationPacketPrevisibleStorageAttemptRetainsFuture5108/installer","Output":"=== RUN   TestPreparedPublicationPacketPrevisibleStorageAttemptRetainsFuture5108/installer\n"}
{"Time":"2026-10-07T23:21:14.338513-10:00","Action":"output","Package":"github.com/snissn/gomap/TreeDB/freelist","Test":"TestPreparedPublicationPacketPrevisibleStorageAttemptRetainsFuture5108/installer","Output":"--- PASS: TestPreparedPublicationPacketPrevisibleStorageAttemptRetainsFuture5108/installer (0.00s)\n"}
{"Time":"2026-10-07T23:21:14.338522-10:00","Action":"pass","Package":"github.com/snissn/gomap/TreeDB/freelist","Test":"TestPreparedPublicationPacketPrevisibleStorageAttemptRetainsFuture5108/installer","Elapsed":0}
{"Time":"2026-10-07T23:21:14.338529-10:00","Action":"output","Package":"github.com/snissn/gomap/TreeDB/freelist","Test":"TestPreparedPublicationPacketPrevisibleStorageAttemptRetainsFuture5108","Output":"--- PASS: TestPreparedPublicationPacketPrevisibleStorageAttemptRetainsFuture5108 (0.00s)\n"}
{"Time":"2026-10-07T23:21:14.338547-10:00","Action":"pass","Package":"github.com/snissn/gomap/TreeDB/freelist","Test":"TestPreparedPublicationPacketPrevisibleStorageAttemptRetainsFuture5108","Elapsed":0}
{"Time":"2026-10-07T23:21:14.338555-10:00","Action":"run","Package":"github.com/snissn/gomap/TreeDB/freelist","Test":"TestAllocatorTerminalCutLastEdgeReleasesFiniteCredit5105"}
{"Time":"2026-10-07T23:21:14.338562-10:00","Action":"output","Package":"github.com/snissn/gomap/TreeDB/freelist","Test":"TestAllocatorTerminalCutLastEdgeReleasesFiniteCredit5105","Output":"=== RUN   TestAllocatorTerminalCutLastEdgeReleasesFiniteCredit5105\n"}
{"Time":"2026-10-07T23:21:14.338596-10:00","Action":"run","Package":"github.com/snissn/gomap/TreeDB/freelist","Test":"TestAllocatorTerminalCutLastEdgeReleasesFiniteCredit5105/healthy"}
{"Time":"2026-10-07T23:21:14.338601-10:00","Action":"output","Package":"github.com/snissn/gomap/TreeDB/freelist","Test":"TestAllocatorTerminalCutLastEdgeReleasesFiniteCredit5105/healthy","Output":"=== RUN   TestAllocatorTerminalCutLastEdgeReleasesFiniteCredit5105/healthy\n"}
{"Time":"2026-10-07T23:21:14.339025-10:00","Action":"output","Package":"github.com/snissn/gomap/TreeDB/freelist","Test":"TestAllocatorTerminalCutLastEdgeReleasesFiniteCredit5105/healthy","Output":"--- PASS: TestAllocatorTerminalCutLastEdgeReleasesFiniteCredit5105/healthy (0.00s)\n"}
{"Time":"2026-10-07T23:21:14.339032-10:00","Action":"pass","Package":"github.com/snissn/gomap/TreeDB/freelist","Test":"TestAllocatorTerminalCutLastEdgeReleasesFiniteCredit5105/healthy","Elapsed":0}
{"Time":"2026-10-07T23:21:14.339053-10:00","Action":"run","Package":"github.com/snissn/gomap/TreeDB/freelist","Test":"TestAllocatorTerminalCutLastEdgeReleasesFiniteCredit5105/prepared"}
{"Time":"2026-10-07T23:21:14.339058-10:00","Action":"output","Package":"github.com/snissn/gomap/TreeDB/freelist","Test":"TestAllocatorTerminalCutLastEdgeReleasesFiniteCredit5105/prepared","Output":"=== RUN   TestAllocatorTerminalCutLastEdgeReleasesFiniteCredit5105/prepared\n"}
{"Time":"2026-10-07T23:21:14.339506-10:00","Action":"output","Package":"github.com/snissn/gomap/TreeDB/freelist","Test":"TestAllocatorTerminalCutLastEdgeReleasesFiniteCredit5105/prepared","Output":"--- PASS: TestAllocatorTerminalCutLastEdgeReleasesFiniteCredit5105/prepared (0.00s)\n"}
{"Time":"2026-10-07T23:21:14.339512-10:00","Action":"pass","Package":"github.com/snissn/gomap/TreeDB/freelist","Test":"TestAllocatorTerminalCutLastEdgeReleasesFiniteCredit5105/prepared","Elapsed":0}
{"Time":"2026-10-07T23:21:14.339531-10:00","Action":"run","Package":"github.com/snissn/gomap/TreeDB/freelist","Test":"TestAllocatorTerminalCutLastEdgeReleasesFiniteCredit5105/activated"}
{"Time":"2026-10-07T23:21:14.339535-10:00","Action":"output","Package":"github.com/snissn/gomap/TreeDB/freelist","Test":"TestAllocatorTerminalCutLastEdgeReleasesFiniteCredit5105/activated","Output":"=== RUN   TestAllocatorTerminalCutLastEdgeReleasesFiniteCredit5105/activated\n"}
{"Time":"2026-10-07T23:21:14.339978-10:00","Action":"output","Package":"github.com/snissn/gomap/TreeDB/freelist","Test":"TestAllocatorTerminalCutLastEdgeReleasesFiniteCredit5105/activated","Output":"--- PASS: TestAllocatorTerminalCutLastEdgeReleasesFiniteCredit5105/activated (0.00s)\n"}
{"Time":"2026-10-07T23:21:14.339986-10:00","Action":"pass","Package":"github.com/snissn/gomap/TreeDB/freelist","Test":"TestAllocatorTerminalCutLastEdgeReleasesFiniteCredit5105/activated","Elapsed":0}
{"Time":"2026-10-07T23:21:14.340033-10:00","Action":"run","Package":"github.com/snissn/gomap/TreeDB/freelist","Test":"TestAllocatorTerminalCutLastEdgeReleasesFiniteCredit5105/ambiguous"}
{"Time":"2026-10-07T23:21:14.340038-10:00","Action":"output","Package":"github.com/snissn/gomap/TreeDB/freelist","Test":"TestAllocatorTerminalCutLastEdgeReleasesFiniteCredit5105/ambiguous","Output":"=== RUN   TestAllocatorTerminalCutLastEdgeReleasesFiniteCredit5105/ambiguous\n"}
{"Time":"2026-10-07T23:21:14.340485-10:00","Action":"output","Package":"github.com/snissn/gomap/TreeDB/freelist","Test":"TestAllocatorTerminalCutLastEdgeReleasesFiniteCredit5105/ambiguous","Output":"--- PASS: TestAllocatorTerminalCutLastEdgeReleasesFiniteCredit5105/ambiguous (0.00s)\n"}
{"Time":"2026-10-07T23:21:14.340491-10:00","Action":"pass","Package":"github.com/snissn/gomap/TreeDB/freelist","Test":"TestAllocatorTerminalCutLastEdgeReleasesFiniteCredit5105/ambiguous","Elapsed":0}
{"Time":"2026-10-07T23:21:14.340503-10:00","Action":"output","Package":"github.com/snissn/gomap/TreeDB/freelist","Test":"TestAllocatorTerminalCutLastEdgeReleasesFiniteCredit5105","Output":"--- PASS: TestAllocatorTerminalCutLastEdgeReleasesFiniteCredit5105 (0.00s)\n"}
{"Time":"2026-10-07T23:21:14.34051-10:00","Action":"pass","Package":"github.com/snissn/gomap/TreeDB/freelist","Test":"TestAllocatorTerminalCutLastEdgeReleasesFiniteCredit5105","Elapsed":0}
{"Time":"2026-10-07T23:21:14.340541-10:00","Action":"run","Package":"github.com/snissn/gomap/TreeDB/freelist","Test":"TestAllocatorTerminalSharedLedgerCreatingCredit5105"}
{"Time":"2026-10-07T23:21:14.340545-10:00","Action":"output","Package":"github.com/snissn/gomap/TreeDB/freelist","Test":"TestAllocatorTerminalSharedLedgerCreatingCredit5105","Output":"=== RUN   TestAllocatorTerminalSharedLedgerCreatingCredit5105\n"}
{"Time":"2026-10-07T23:21:14.3412-10:00","Action":"output","Package":"github.com/snissn/gomap/TreeDB/freelist","Test":"TestAllocatorTerminalSharedLedgerCreatingCredit5105","Output":"--- PASS: TestAllocatorTerminalSharedLedgerCreatingCredit5105 (0.00s)\n"}
{"Time":"2026-10-07T23:21:14.341204-10:00","Action":"pass","Package":"github.com/snissn/gomap/TreeDB/freelist","Test":"TestAllocatorTerminalSharedLedgerCreatingCredit5105","Elapsed":0}
{"Time":"2026-10-07T23:21:14.341227-10:00","Action":"run","Package":"github.com/snissn/gomap/TreeDB/freelist","Test":"TestAllocatorTerminalPreservesOrdinaryEscapedGenerationAndLedger5105"}
{"Time":"2026-10-07T23:21:14.34123-10:00","Action":"output","Package":"github.com/snissn/gomap/TreeDB/freelist","Test":"TestAllocatorTerminalPreservesOrdinaryEscapedGenerationAndLedger5105","Output":"=== RUN   TestAllocatorTerminalPreservesOrdinaryEscapedGenerationAndLedger5105\n"}
{"Time":"2026-10-07T23:21:14.341608-10:00","Action":"output","Package":"github.com/snissn/gomap/TreeDB/freelist","Test":"TestAllocatorTerminalPreservesOrdinaryEscapedGenerationAndLedger5105","Output":"--- PASS: TestAllocatorTerminalPreservesOrdinaryEscapedGenerationAndLedger5105 (0.00s)\n"}
{"Time":"2026-10-07T23:21:14.341614-10:00","Action":"pass","Package":"github.com/snissn/gomap/TreeDB/freelist","Test":"TestAllocatorTerminalPreservesOrdinaryEscapedGenerationAndLedger5105","Elapsed":0}
{"Time":"2026-10-07T23:21:14.341676-10:00","Action":"run","Package":"github.com/snissn/gomap/TreeDB/freelist","Test":"TestAllocator_AllocClearsVerifiedBit"}
{"Time":"2026-10-07T23:21:14.341684-10:00","Action":"output","Package":"github.com/snissn/gomap/TreeDB/freelist","Test":"TestAllocator_AllocClearsVerifiedBit","Output":"=== RUN   TestAllocator_AllocClearsVerifiedBit\n"}
{"Time":"2026-10-07T23:21:14.342343-10:00","Action":"output","Package":"github.com/snissn/gomap/TreeDB/freelist","Test":"TestAllocator_AllocClearsVerifiedBit","Output":"--- PASS: TestAllocator_AllocClearsVerifiedBit (0.00s)\n"}
{"Time":"2026-10-07T23:21:14.342349-10:00","Action":"pass","Package":"github.com/snissn/gomap/TreeDB/freelist","Test":"TestAllocator_AllocClearsVerifiedBit","Elapsed":0}
{"Time":"2026-10-07T23:21:14.342369-10:00","Action":"run","Package":"github.com/snissn/gomap/TreeDB/freelist","Test":"TestCompressedAllocatorActualStatePageCounts5108"}
{"Time":"2026-10-07T23:21:14.342372-10:00","Action":"output","Package":"github.com/snissn/gomap/TreeDB/freelist","Test":"TestCompressedAllocatorActualStatePageCounts5108","Output":"=== RUN   TestCompressedAllocatorActualStatePageCounts5108\n"}
{"Time":"2026-10-07T23:21:14.342406-10:00","Action":"run","Package":"github.com/snissn/gomap/TreeDB/freelist","Test":"TestCompressedAllocatorActualStatePageCounts5108/empty"}
{"Time":"2026-10-07T23:21:14.34242-10:00","Action":"output","Package":"github.com/snissn/gomap/TreeDB/freelist","Test":"TestCompressedAllocatorActualStatePageCounts5108/empty","Output":"=== RUN   TestCompressedAllocatorActualStatePageCounts5108/empty\n"}
{"Time":"2026-10-07T23:21:14.342625-10:00","Action":"output","Package":"github.com/snissn/gomap/TreeDB/freelist","Test":"TestCompressedAllocatorActualStatePageCounts5108/empty","Output":"--- PASS: TestCompressedAllocatorActualStatePageCounts5108/empty (0.00s)\n"}
{"Time":"2026-10-07T23:21:14.342632-10:00","Action":"pass","Package":"github.com/snissn/gomap/TreeDB/freelist","Test":"TestCompressedAllocatorActualStatePageCounts5108/empty","Elapsed":0}
{"Time":"2026-10-07T23:21:14.342652-10:00","Action":"run","Package":"github.com/snissn/gomap/TreeDB/freelist","Test":"TestCompressedAllocatorActualStatePageCounts5108/one"}
{"Time":"2026-10-07T23:21:14.342655-10:00","Action":"output","Package":"github.com/snissn/gomap/TreeDB/freelist","Test":"TestCompressedAllocatorActualStatePageCounts5108/one","Output":"=== RUN   TestCompressedAllocatorActualStatePageCounts5108/one\n"}
{"Time":"2026-10-07T23:21:14.342866-10:00","Action":"output","Package":"github.com/snissn/gomap/TreeDB/freelist","Test":"TestCompressedAllocatorActualStatePageCounts5108/one","Output":"--- PASS: TestCompressedAllocatorActualStatePageCounts5108/one (0.00s)\n"}
{"Time":"2026-10-07T23:21:14.342872-10:00","Action":"pass","Package":"github.com/snissn/gomap/TreeDB/freelist","Test":"TestCompressedAllocatorActualStatePageCounts5108/one","Elapsed":0}
{"Time":"2026-10-07T23:21:14.342889-10:00","Action":"run","Package":"github.com/snissn/gomap/TreeDB/freelist","Test":"TestCompressedAllocatorActualStatePageCounts5108/adjacent"}
{"Time":"2026-10-07T23:21:14.342891-10:00","Action":"output","Package":"github.com/snissn/gomap/TreeDB/freelist","Test":"TestCompressedAllocatorActualStatePageCounts5108/adjacent","Output":"=== RUN   TestCompressedAllocatorActualStatePageCounts5108/adjacent\n"}
{"Time":"2026-10-07T23:21:14.343252-10:00","Action":"output","Package":"github.com/snissn/gomap/TreeDB/freelist","Test":"TestCompressedAllocatorActualStatePageCounts5108/adjacent","Output":"--- PASS: TestCompressedAllocatorActualStatePageCounts5108/adjacent (0.00s)\n"}
{"Time":"2026-10-07T23:21:14.343264-10:00","Action":"pass","Package":"github.com/snissn/gomap/TreeDB/freelist","Test":"TestCompressedAllocatorActualStatePageCounts5108/adjacent","Elapsed":0}
{"Time":"2026-10-07T23:21:14.34328-10:00","Action":"run","Package":"github.com/snissn/gomap/TreeDB/freelist","Test":"TestCompressedAllocatorActualStatePageCounts5108/high-bit"}
{"Time":"2026-10-07T23:21:14.343287-10:00","Action":"output","Package":"github.com/snissn/gomap/TreeDB/freelist","Test":"TestCompressedAllocatorActualStatePageCounts5108/high-bit","Output":"=== RUN   TestCompressedAllocatorActualStatePageCounts5108/high-bit\n"}
{"Time":"2026-10-07T23:21:14.343613-10:00","Action":"output","Package":"github.com/snissn/gomap/TreeDB/freelist","Test":"TestCompressedAllocatorActualStatePageCounts5108/high-bit","Output":"--- PASS: TestCompressedAllocatorActualStatePageCounts5108/high-bit (0.00s)\n"}
{"Time":"2026-10-07T23:21:14.343618-10:00","Action":"pass","Package":"github.com/snissn/gomap/TreeDB/freelist","Test":"TestCompressedAllocatorActualStatePageCounts5108/high-bit","Elapsed":0}
{"Time":"2026-10-07T23:21:14.343635-10:00","Action":"run","Package":"github.com/snissn/gomap/TreeDB/freelist","Test":"TestCompressedAllocatorActualStatePageCounts5108/three"}
{"Time":"2026-10-07T23:21:14.343638-10:00","Action":"output","Package":"github.com/snissn/gomap/TreeDB/freelist","Test":"TestCompressedAllocatorActualStatePageCounts5108/three","Output":"=== RUN   TestCompressedAllocatorActualStatePageCounts5108/three\n"}
{"Time":"2026-10-07T23:21:14.344088-10:00","Action":"output","Package":"github.com/snissn/gomap/TreeDB/freelist","Test":"TestCompressedAllocatorActualStatePageCounts5108/three","Output":"--- PASS: TestCompressedAllocatorActualStatePageCounts5108/three (0.00s)\n"}
{"Time":"2026-10-07T23:21:14.344109-10:00","Action":"pass","Package":"github.com/snissn/gomap/TreeDB/freelist","Test":"TestCompressedAllocatorActualStatePageCounts5108/three","Elapsed":0}
{"Time":"2026-10-07T23:21:14.344112-10:00","Action":"output","Package":"github.com/snissn/gomap/TreeDB/freelist","Test":"TestCompressedAllocatorActualStatePageCounts5108","Output":"--- PASS: TestCompressedAllocatorActualStatePageCounts5108 (0.00s)\n"}
{"Time":"2026-10-07T23:21:14.344116-10:00","Action":"pass","Package":"github.com/snissn/gomap/TreeDB/freelist","Test":"TestCompressedAllocatorActualStatePageCounts5108","Elapsed":0}
{"Time":"2026-10-07T23:21:14.34413-10:00","Action":"run","Package":"github.com/snissn/gomap/TreeDB/freelist","Test":"TestCompressedAllocatorRequiresExplicitTopologyVersion5108"}
{"Time":"2026-10-07T23:21:14.344133-10:00","Action":"output","Package":"github.com/snissn/gomap/TreeDB/freelist","Test":"TestCompressedAllocatorRequiresExplicitTopologyVersion5108","Output":"=== RUN   TestCompressedAllocatorRequiresExplicitTopologyVersion5108\n"}
{"Time":"2026-10-07T23:21:14.344225-10:00","Action":"output","Package":"github.com/snissn/gomap/TreeDB/freelist","Test":"TestCompressedAllocatorRequiresExplicitTopologyVersion5108","Output":"--- PASS: TestCompressedAllocatorRequiresExplicitTopologyVersion5108 (0.00s)\n"}
{"Time":"2026-10-07T23:21:14.344232-10:00","Action":"pass","Package":"github.com/snissn/gomap/TreeDB/freelist","Test":"TestCompressedAllocatorRequiresExplicitTopologyVersion5108","Elapsed":0}
{"Time":"2026-10-07T23:21:14.344252-10:00","Action":"run","Package":"github.com/snissn/gomap/TreeDB/freelist","Test":"TestCompressedAllocatorReservationCoalescingActualMaterializer5108"}
{"Time":"2026-10-07T23:21:14.344255-10:00","Action":"output","Package":"github.com/snissn/gomap/TreeDB/freelist","Test":"TestCompressedAllocatorReservationCoalescingActualMaterializer5108","Output":"=== RUN   TestCompressedAllocatorReservationCoalescingActualMaterializer5108\n"}
{"Time":"2026-10-07T23:21:14.344568-10:00","Action":"output","Package":"github.com/snissn/gomap/TreeDB/freelist","Test":"TestCompressedAllocatorReservationCoalescingActualMaterializer5108","Output":"--- PASS: TestCompressedAllocatorReservationCoalescingActualMaterializer5108 (0.00s)\n"}
{"Time":"2026-10-07T23:21:14.344572-10:00","Action":"pass","Package":"github.com/snissn/gomap/TreeDB/freelist","Test":"TestCompressedAllocatorReservationCoalescingActualMaterializer5108","Elapsed":0}
{"Time":"2026-10-07T23:21:14.344596-10:00","Action":"run","Package":"github.com/snissn/gomap/TreeDB/freelist","Test":"TestCompressedAllocatorThousandActualMutations5108"}
{"Time":"2026-10-07T23:21:14.344599-10:00","Action":"output","Package":"github.com/snissn/gomap/TreeDB/freelist","Test":"TestCompressedAllocatorThousandActualMutations5108","Output":"=== RUN   TestCompressedAllocatorThousandActualMutations5108\n"}
{"Time":"2026-10-07T23:21:14.405371-10:00","Action":"output","Package":"github.com/snissn/gomap/TreeDB/freelist","Test":"TestCompressedAllocatorThousandActualMutations5108","Output":"--- PASS: TestCompressedAllocatorThousandActualMutations5108 (0.06s)\n"}
{"Time":"2026-10-07T23:21:14.405405-10:00","Action":"pass","Package":"github.com/snissn/gomap/TreeDB/freelist","Test":"TestCompressedAllocatorThousandActualMutations5108","Elapsed":0.06}
{"Time":"2026-10-07T23:21:14.405428-10:00","Action":"run","Package":"github.com/snissn/gomap/TreeDB/freelist","Test":"TestCompressedAllocatorCanonicalLoaderCorruption5108"}
{"Time":"2026-10-07T23:21:14.405433-10:00","Action":"output","Package":"github.com/snissn/gomap/TreeDB/freelist","Test":"TestCompressedAllocatorCanonicalLoaderCorruption5108","Output":"=== RUN   TestCompressedAllocatorCanonicalLoaderCorruption5108\n"}
{"Time":"2026-10-07T23:21:14.40548-10:00","Action":"run","Package":"github.com/snissn/gomap/TreeDB/freelist","Test":"TestCompressedAllocatorCanonicalLoaderCorruption5108/prefix"}
{"Time":"2026-10-07T23:21:14.405484-10:00","Action":"output","Package":"github.com/snissn/gomap/TreeDB/freelist","Test":"TestCompressedAllocatorCanonicalLoaderCorruption5108/prefix","Output":"=== RUN   TestCompressedAllocatorCanonicalLoaderCorruption5108/prefix\n"}
{"Time":"2026-10-07T23:21:14.405817-10:00","Action":"output","Package":"github.com/snissn/gomap/TreeDB/freelist","Test":"TestCompressedAllocatorCanonicalLoaderCorruption5108/prefix","Output":"--- PASS: TestCompressedAllocatorCanonicalLoaderCorruption5108/prefix (0.00s)\n"}
{"Time":"2026-10-07T23:21:14.405828-10:00","Action":"pass","Package":"github.com/snissn/gomap/TreeDB/freelist","Test":"TestCompressedAllocatorCanonicalLoaderCorruption5108/prefix","Elapsed":0}
{"Time":"2026-10-07T23:21:14.40585-10:00","Action":"run","Package":"github.com/snissn/gomap/TreeDB/freelist","Test":"TestCompressedAllocatorCanonicalLoaderCorruption5108/depth"}
{"Time":"2026-10-07T23:21:14.405854-10:00","Action":"output","Package":"github.com/snissn/gomap/TreeDB/freelist","Test":"TestCompressedAllocatorCanonicalLoaderCorruption5108/depth","Output":"=== RUN   TestCompressedAllocatorCanonicalLoaderCorruption5108/depth\n"}
{"Time":"2026-10-07T23:21:14.40608-10:00","Action":"output","Package":"github.com/snissn/gomap/TreeDB/freelist","Test":"TestCompressedAllocatorCanonicalLoaderCorruption5108/depth","Output":"--- PASS: TestCompressedAllocatorCanonicalLoaderCorruption5108/depth (0.00s)\n"}
{"Time":"2026-10-07T23:21:14.406086-10:00","Action":"pass","Package":"github.com/snissn/gomap/TreeDB/freelist","Test":"TestCompressedAllocatorCanonicalLoaderCorruption5108/depth","Elapsed":0}
{"Time":"2026-10-07T23:21:14.406104-10:00","Action":"run","Package":"github.com/snissn/gomap/TreeDB/freelist","Test":"TestCompressedAllocatorCanonicalLoaderCorruption5108/first-difference"}
{"Time":"2026-10-07T23:21:14.406107-10:00","Action":"output","Package":"github.com/snissn/gomap/TreeDB/freelist","Test":"TestCompressedAllocatorCanonicalLoaderCorruption5108/first-difference","Output":"=== RUN   TestCompressedAllocatorCanonicalLoaderCorruption5108/first-difference\n"}
{"Time":"2026-10-07T23:21:14.406412-10:00","Action":"output","Package":"github.com/snissn/gomap/TreeDB/freelist","Test":"TestCompressedAllocatorCanonicalLoaderCorruption5108/first-difference","Output":"--- PASS: TestCompressedAllocatorCanonicalLoaderCorruption5108/first-difference (0.00s)\n"}
{"Time":"2026-10-07T23:21:14.406421-10:00","Action":"pass","Package":"github.com/snissn/gomap/TreeDB/freelist","Test":"TestCompressedAllocatorCanonicalLoaderCorruption5108/first-difference","Elapsed":0}
{"Time":"2026-10-07T23:21:14.406434-10:00","Action":"run","Package":"github.com/snissn/gomap/TreeDB/freelist","Test":"TestCompressedAllocatorCanonicalLoaderCorruption5108/unary"}
{"Time":"2026-10-07T23:21:14.406438-10:00","Action":"output","Package":"github.com/snissn/gomap/TreeDB/freelist","Test":"TestCompressedAllocatorCanonicalLoaderCorruption5108/unary","Output":"=== RUN   TestCompressedAllocatorCanonicalLoaderCorruption5108/unary\n"}
{"Time":"2026-10-07T23:21:14.40665-10:00","Action":"output","Package":"github.com/snissn/gomap/TreeDB/freelist","Test":"TestCompressedAllocatorCanonicalLoaderCorruption5108/unary","Output":"--- PASS: TestCompressedAllocatorCanonicalLoaderCorruption5108/unary (0.00s)\n"}
{"Time":"2026-10-07T23:21:14.406656-10:00","Action":"pass","Package":"github.com/snissn/gomap/TreeDB/freelist","Test":"TestCompressedAllocatorCanonicalLoaderCorruption5108/unary","Elapsed":0}
{"Time":"2026-10-07T23:21:14.406672-10:00","Action":"run","Package":"github.com/snissn/gomap/TreeDB/freelist","Test":"TestCompressedAllocatorCanonicalLoaderCorruption5108/reserved-header"}
{"Time":"2026-10-07T23:21:14.406675-10:00","Action":"output","Package":"github.com/snissn/gomap/TreeDB/freelist","Test":"TestCompressedAllocatorCanonicalLoaderCorruption5108/reserved-header","Output":"=== RUN   TestCompressedAllocatorCanonicalLoaderCorruption5108/reserved-header\n"}
{"Time":"2026-10-07T23:21:14.406875-10:00","Action":"output","Package":"github.com/snissn/gomap/TreeDB/freelist","Test":"TestCompressedAllocatorCanonicalLoaderCorruption5108/reserved-header","Output":"--- PASS: TestCompressedAllocatorCanonicalLoaderCorruption5108/reserved-header (0.00s)\n"}
{"Time":"2026-10-07T23:21:14.407168-10:00","Action":"pass","Package":"github.com/snissn/gomap/TreeDB/freelist","Test":"TestCompressedAllocatorCanonicalLoaderCorruption5108/reserved-header","Elapsed":0}
{"Time":"2026-10-07T23:21:14.407173-10:00","Action":"run","Package":"github.com/snissn/gomap/TreeDB/freelist","Test":"TestCompressedAllocatorCanonicalLoaderCorruption5108/reserved-entry"}
{"Time":"2026-10-07T23:21:14.407175-10:00","Action":"output","Package":"github.com/snissn/gomap/TreeDB/freelist","Test":"TestCompressedAllocatorCanonicalLoaderCorruption5108/reserved-entry","Output":"=== RUN   TestCompressedAllocatorCanonicalLoaderCorruption5108/reserved-entry\n"}
{"Time":"2026-10-07T23:21:14.407179-10:00","Action":"output","Package":"github.com/snissn/gomap/TreeDB/freelist","Test":"TestCompressedAllocatorCanonicalLoaderCorruption5108/reserved-entry","Output":"--- PASS: TestCompressedAllocatorCanonicalLoaderCorruption5108/reserved-entry (0.00s)\n"}
{"Time":"2026-10-07T23:21:14.407183-10:00","Action":"pass","Package":"github.com/snissn/gomap/TreeDB/freelist","Test":"TestCompressedAllocatorCanonicalLoaderCorruption5108/reserved-entry","Elapsed":0}
{"Time":"2026-10-07T23:21:14.407186-10:00","Action":"run","Package":"github.com/snissn/gomap/TreeDB/freelist","Test":"TestCompressedAllocatorCanonicalLoaderCorruption5108/reserved-tail"}
{"Time":"2026-10-07T23:21:14.407189-10:00","Action":"output","Package":"github.com/snissn/gomap/TreeDB/freelist","Test":"TestCompressedAllocatorCanonicalLoaderCorruption5108/reserved-tail","Output":"=== RUN   TestCompressedAllocatorCanonicalLoaderCorruption5108/reserved-tail\n"}
{"Time":"2026-10-07T23:21:14.407385-10:00","Action":"output","Package":"github.com/snissn/gomap/TreeDB/freelist","Test":"TestCompressedAllocatorCanonicalLoaderCorruption5108/reserved-tail","Output":"--- PASS: TestCompressedAllocatorCanonicalLoaderCorruption5108/reserved-tail (0.00s)\n"}
{"Time":"2026-10-07T23:21:14.407391-10:00","Action":"pass","Package":"github.com/snissn/gomap/TreeDB/freelist","Test":"TestCompressedAllocatorCanonicalLoaderCorruption5108/reserved-tail","Elapsed":0}
{"Time":"2026-10-07T23:21:14.407413-10:00","Action":"run","Package":"github.com/snissn/gomap/TreeDB/freelist","Test":"TestCompressedAllocatorCanonicalLoaderCorruption5108/kind"}
{"Time":"2026-10-07T23:21:14.407416-10:00","Action":"output","Package":"github.com/snissn/gomap/TreeDB/freelist","Test":"TestCompressedAllocatorCanonicalLoaderCorruption5108/kind","Output":"=== RUN   TestCompressedAllocatorCanonicalLoaderCorruption5108/kind\n"}
{"Time":"2026-10-07T23:21:14.407637-10:00","Action":"output","Package":"github.com/snissn/gomap/TreeDB/freelist","Test":"TestCompressedAllocatorCanonicalLoaderCorruption5108/kind","Output":"--- PASS: TestCompressedAllocatorCanonicalLoaderCorruption5108/kind (0.00s)\n"}
{"Time":"2026-10-07T23:21:14.407642-10:00","Action":"pass","Package":"github.com/snissn/gomap/TreeDB/freelist","Test":"TestCompressedAllocatorCanonicalLoaderCorruption5108/kind","Elapsed":0}
{"Time":"2026-10-07T23:21:14.407658-10:00","Action":"run","Package":"github.com/snissn/gomap/TreeDB/freelist","Test":"TestCompressedAllocatorCanonicalLoaderCorruption5108/flags"}
{"Time":"2026-10-07T23:21:14.407661-10:00","Action":"output","Package":"github.com/snissn/gomap/TreeDB/freelist","Test":"TestCompressedAllocatorCanonicalLoaderCorruption5108/flags","Output":"=== RUN   TestCompressedAllocatorCanonicalLoaderCorruption5108/flags\n"}
{"Time":"2026-10-07T23:21:14.407862-10:00","Action":"output","Package":"github.com/snissn/gomap/TreeDB/freelist","Test":"TestCompressedAllocatorCanonicalLoaderCorruption5108/flags","Output":"--- PASS: TestCompressedAllocatorCanonicalLoaderCorruption5108/flags (0.00s)\n"}
{"Time":"2026-10-07T23:21:14.407867-10:00","Action":"pass","Package":"github.com/snissn/gomap/TreeDB/freelist","Test":"TestCompressedAllocatorCanonicalLoaderCorruption5108/flags","Elapsed":0}
{"Time":"2026-10-07T23:21:14.407883-10:00","Action":"run","Package":"github.com/snissn/gomap/TreeDB/freelist","Test":"TestCompressedAllocatorCanonicalLoaderCorruption5108/summary"}
{"Time":"2026-10-07T23:21:14.407902-10:00","Action":"output","Package":"github.com/snissn/gomap/TreeDB/freelist","Test":"TestCompressedAllocatorCanonicalLoaderCorruption5108/summary","Output":"=== RUN   TestCompressedAllocatorCanonicalLoaderCorruption5108/summary\n"}
{"Time":"2026-10-07T23:21:14.408151-10:00","Action":"output","Package":"github.com/snissn/gomap/TreeDB/freelist","Test":"TestCompressedAllocatorCanonicalLoaderCorruption5108/summary","Output":"--- PASS: TestCompressedAllocatorCanonicalLoaderCorruption5108/summary (0.00s)\n"}
{"Time":"2026-10-07T23:21:14.408156-10:00","Action":"pass","Package":"github.com/snissn/gomap/TreeDB/freelist","Test":"TestCompressedAllocatorCanonicalLoaderCorruption5108/summary","Elapsed":0}
{"Time":"2026-10-07T23:21:14.408173-10:00","Action":"run","Package":"github.com/snissn/gomap/TreeDB/freelist","Test":"TestCompressedAllocatorCanonicalLoaderCorruption5108/root-generation"}
{"Time":"2026-10-07T23:21:14.408176-10:00","Action":"output","Package":"github.com/snissn/gomap/TreeDB/freelist","Test":"TestCompressedAllocatorCanonicalLoaderCorruption5108/root-generation","Output":"=== RUN   TestCompressedAllocatorCanonicalLoaderCorruption5108/root-generation\n"}
{"Time":"2026-10-07T23:21:14.408523-10:00","Action":"output","Package":"github.com/snissn/gomap/TreeDB/freelist","Test":"TestCompressedAllocatorCanonicalLoaderCorruption5108/root-generation","Output":"--- PASS: TestCompressedAllocatorCanonicalLoaderCorruption5108/root-generation (0.00s)\n"}
{"Time":"2026-10-07T23:21:14.408529-10:00","Action":"pass","Package":"github.com/snissn/gomap/TreeDB/freelist","Test":"TestCompressedAllocatorCanonicalLoaderCorruption5108/root-generation","Elapsed":0}
{"Time":"2026-10-07T23:21:14.408559-10:00","Action":"run","Package":"github.com/snissn/gomap/TreeDB/freelist","Test":"TestCompressedAllocatorCanonicalLoaderCorruption5108/duplicate-child"}
{"Time":"2026-10-07T23:21:14.408562-10:00","Action":"output","Package":"github.com/snissn/gomap/TreeDB/freelist","Test":"TestCompressedAllocatorCanonicalLoaderCorruption5108/duplicate-child","Output":"=== RUN   TestCompressedAllocatorCanonicalLoaderCorruption5108/duplicate-child\n"}
{"Time":"2026-10-07T23:21:14.408838-10:00","Action":"output","Package":"github.com/snissn/gomap/TreeDB/freelist","Test":"TestCompressedAllocatorCanonicalLoaderCorruption5108/duplicate-child","Output":"--- PASS: TestCompressedAllocatorCanonicalLoaderCorruption5108/duplicate-child (0.00s)\n"}
{"Time":"2026-10-07T23:21:14.408845-10:00","Action":"pass","Package":"github.com/snissn/gomap/TreeDB/freelist","Test":"TestCompressedAllocatorCanonicalLoaderCorruption5108/duplicate-child","Elapsed":0}
{"Time":"2026-10-07T23:21:14.408863-10:00","Action":"run","Package":"github.com/snissn/gomap/TreeDB/freelist","Test":"TestCompressedAllocatorCanonicalLoaderCorruption5108/header-alias"}
{"Time":"2026-10-07T23:21:14.408866-10:00","Action":"output","Package":"github.com/snissn/gomap/TreeDB/freelist","Test":"TestCompressedAllocatorCanonicalLoaderCorruption5108/header-alias","Output":"=== RUN   TestCompressedAllocatorCanonicalLoaderCorruption5108/header-alias\n"}
{"Time":"2026-10-07T23:21:14.409088-10:00","Action":"output","Package":"github.com/snissn/gomap/TreeDB/freelist","Test":"TestCompressedAllocatorCanonicalLoaderCorruption5108/header-alias","Output":"--- PASS: TestCompressedAllocatorCanonicalLoaderCorruption5108/header-alias (0.00s)\n"}
{"Time":"2026-10-07T23:21:14.409094-10:00","Action":"pass","Package":"github.com/snissn/gomap/TreeDB/freelist","Test":"TestCompressedAllocatorCanonicalLoaderCorruption5108/header-alias","Elapsed":0}
{"Time":"2026-10-07T23:21:14.40911-10:00","Action":"run","Package":"github.com/snissn/gomap/TreeDB/freelist","Test":"TestCompressedAllocatorCanonicalLoaderCorruption5108/reservation-alias"}
{"Time":"2026-10-07T23:21:14.409113-10:00","Action":"output","Package":"github.com/snissn/gomap/TreeDB/freelist","Test":"TestCompressedAllocatorCanonicalLoaderCorruption5108/reservation-alias","Output":"=== RUN   TestCompressedAllocatorCanonicalLoaderCorruption5108/reservation-alias\n"}
{"Time":"2026-10-07T23:21:14.409338-10:00","Action":"output","Package":"github.com/snissn/gomap/TreeDB/freelist","Test":"TestCompressedAllocatorCanonicalLoaderCorruption5108/reservation-alias","Output":"--- PASS: TestCompressedAllocatorCanonicalLoaderCorruption5108/reservation-alias (0.00s)\n"}
{"Time":"2026-10-07T23:21:14.409345-10:00","Action":"pass","Package":"github.com/snissn/gomap/TreeDB/freelist","Test":"TestCompressedAllocatorCanonicalLoaderCorruption5108/reservation-alias","Elapsed":0}
{"Time":"2026-10-07T23:21:14.40936-10:00","Action":"run","Package":"github.com/snissn/gomap/TreeDB/freelist","Test":"TestCompressedAllocatorCanonicalLoaderCorruption5108/cycle"}
{"Time":"2026-10-07T23:21:14.409363-10:00","Action":"output","Package":"github.com/snissn/gomap/TreeDB/freelist","Test":"TestCompressedAllocatorCanonicalLoaderCorruption5108/cycle","Output":"=== RUN   TestCompressedAllocatorCanonicalLoaderCorruption5108/cycle\n"}
{"Time":"2026-10-07T23:21:14.409596-10:00","Action":"output","Package":"github.com/snissn/gomap/TreeDB/freelist","Test":"TestCompressedAllocatorCanonicalLoaderCorruption5108/cycle","Output":"--- PASS: TestCompressedAllocatorCanonicalLoaderCorruption5108/cycle (0.00s)\n"}
{"Time":"2026-10-07T23:21:14.409607-10:00","Action":"pass","Package":"github.com/snissn/gomap/TreeDB/freelist","Test":"TestCompressedAllocatorCanonicalLoaderCorruption5108/cycle","Elapsed":0}
{"Time":"2026-10-07T23:21:14.40962-10:00","Action":"run","Package":"github.com/snissn/gomap/TreeDB/freelist","Test":"TestCompressedAllocatorCanonicalLoaderCorruption5108/child-depth-before-recursion"}
{"Time":"2026-10-07T23:21:14.409624-10:00","Action":"output","Package":"github.com/snissn/gomap/TreeDB/freelist","Test":"TestCompressedAllocatorCanonicalLoaderCorruption5108/child-depth-before-recursion","Output":"=== RUN   TestCompressedAllocatorCanonicalLoaderCorruption5108/child-depth-before-recursion\n"}
{"Time":"2026-10-07T23:21:14.409854-10:00","Action":"output","Package":"github.com/snissn/gomap/TreeDB/freelist","Test":"TestCompressedAllocatorCanonicalLoaderCorruption5108/child-depth-before-recursion","Output":"--- PASS: TestCompressedAllocatorCanonicalLoaderCorruption5108/child-depth-before-recursion (0.00s)\n"}
{"Time":"2026-10-07T23:21:14.409862-10:00","Action":"pass","Package":"github.com/snissn/gomap/TreeDB/freelist","Test":"TestCompressedAllocatorCanonicalLoaderCorruption5108/child-depth-before-recursion","Elapsed":0}
{"Time":"2026-10-07T23:21:14.409874-10:00","Action":"run","Package":"github.com/snissn/gomap/TreeDB/freelist","Test":"TestCompressedAllocatorCanonicalLoaderCorruption5108/child-newer"}
{"Time":"2026-10-07T23:21:14.409878-10:00","Action":"output","Package":"github.com/snissn/gomap/TreeDB/freelist","Test":"TestCompressedAllocatorCanonicalLoaderCorruption5108/child-newer","Output":"=== RUN   TestCompressedAllocatorCanonicalLoaderCorruption5108/child-newer\n"}
{"Time":"2026-10-07T23:21:14.410099-10:00","Action":"output","Package":"github.com/snissn/gomap/TreeDB/freelist","Test":"TestCompressedAllocatorCanonicalLoaderCorruption5108/child-newer","Output":"--- PASS: TestCompressedAllocatorCanonicalLoaderCorruption5108/child-newer (0.00s)\n"}
{"Time":"2026-10-07T23:21:14.410105-10:00","Action":"pass","Package":"github.com/snissn/gomap/TreeDB/freelist","Test":"TestCompressedAllocatorCanonicalLoaderCorruption5108/child-newer","Elapsed":0}
{"Time":"2026-10-07T23:21:14.410143-10:00","Action":"run","Package":"github.com/snissn/gomap/TreeDB/freelist","Test":"TestCompressedAllocatorCanonicalLoaderCorruption5108/empty-child"}
{"Time":"2026-10-07T23:21:14.410154-10:00","Action":"output","Package":"github.com/snissn/gomap/TreeDB/freelist","Test":"TestCompressedAllocatorCanonicalLoaderCorruption5108/empty-child","Output":"=== RUN   TestCompressedAllocatorCanonicalLoaderCorruption5108/empty-child\n"}
{"Time":"2026-10-07T23:21:14.410414-10:00","Action":"output","Package":"github.com/snissn/gomap/TreeDB/freelist","Test":"TestCompressedAllocatorCanonicalLoaderCorruption5108/empty-child","Output":"--- PASS: TestCompressedAllocatorCanonicalLoaderCorruption5108/empty-child (0.00s)\n"}
{"Time":"2026-10-07T23:21:14.410444-10:00","Action":"pass","Package":"github.com/snissn/gomap/TreeDB/freelist","Test":"TestCompressedAllocatorCanonicalLoaderCorruption5108/empty-child","Elapsed":0}
{"Time":"2026-10-07T23:21:14.410448-10:00","Action":"output","Package":"github.com/snissn/gomap/TreeDB/freelist","Test":"TestCompressedAllocatorCanonicalLoaderCorruption5108","Output":"--- PASS: TestCompressedAllocatorCanonicalLoaderCorruption5108 (0.00s)\n"}
{"Time":"2026-10-07T23:21:14.410452-10:00","Action":"pass","Package":"github.com/snissn/gomap/TreeDB/freelist","Test":"TestCompressedAllocatorCanonicalLoaderCorruption5108","Elapsed":0}
{"Time":"2026-10-07T23:21:14.410462-10:00","Action":"run","Package":"github.com/snissn/gomap/TreeDB/freelist","Test":"TestCompressedAllocatorDirectRootDirtyPageCounts5108"}
{"Time":"2026-10-07T23:21:14.410466-10:00","Action":"output","Package":"github.com/snissn/gomap/TreeDB/freelist","Test":"TestCompressedAllocatorDirectRootDirtyPageCounts5108","Output":"=== RUN   TestCompressedAllocatorDirectRootDirtyPageCounts5108\n"}
{"Time":"2026-10-07T23:21:14.412014-10:00","Action":"output","Package":"github.com/snissn/gomap/TreeDB/freelist","Test":"TestCompressedAllocatorDirectRootDirtyPageCounts5108","Output":"--- PASS: TestCompressedAllocatorDirectRootDirtyPageCounts5108 (0.00s)\n"}
{"Time":"2026-10-07T23:21:14.412022-10:00","Action":"pass","Package":"github.com/snissn/gomap/TreeDB/freelist","Test":"TestCompressedAllocatorDirectRootDirtyPageCounts5108","Elapsed":0}
{"Time":"2026-10-07T23:21:14.412035-10:00","Action":"run","Package":"github.com/snissn/gomap/TreeDB/freelist","Test":"TestCompressedAllocatorEmptySentinelReplacementOwnership5108"}
{"Time":"2026-10-07T23:21:14.412041-10:00","Action":"output","Package":"github.com/snissn/gomap/TreeDB/freelist","Test":"TestCompressedAllocatorEmptySentinelReplacementOwnership5108","Output":"=== RUN   TestCompressedAllocatorEmptySentinelReplacementOwnership5108\n"}
{"Time":"2026-10-07T23:21:14.412294-10:00","Action":"output","Package":"github.com/snissn/gomap/TreeDB/freelist","Test":"TestCompressedAllocatorEmptySentinelReplacementOwnership5108","Output":"--- PASS: TestCompressedAllocatorEmptySentinelReplacementOwnership5108 (0.00s)\n"}
{"Time":"2026-10-07T23:21:14.412301-10:00","Action":"pass","Package":"github.com/snissn/gomap/TreeDB/freelist","Test":"TestCompressedAllocatorEmptySentinelReplacementOwnership5108","Elapsed":0}
{"Time":"2026-10-07T23:21:14.41232-10:00","Action":"run","Package":"github.com/snissn/gomap/TreeDB/freelist","Test":"TestCompressedAllocatorExactMetadataOwnership5108"}
{"Time":"2026-10-07T23:21:14.412325-10:00","Action":"output","Package":"github.com/snissn/gomap/TreeDB/freelist","Test":"TestCompressedAllocatorExactMetadataOwnership5108","Output":"=== RUN   TestCompressedAllocatorExactMetadataOwnership5108\n"}
{"Time":"2026-10-07T23:21:14.412342-10:00","Action":"run","Package":"github.com/snissn/gomap/TreeDB/freelist","Test":"TestCompressedAllocatorExactMetadataOwnership5108/current-child-outside"}
{"Time":"2026-10-07T23:21:14.412347-10:00","Action":"output","Package":"github.com/snissn/gomap/TreeDB/freelist","Test":"TestCompressedAllocatorExactMetadataOwnership5108/current-child-outside","Output":"=== RUN   TestCompressedAllocatorExactMetadataOwnership5108/current-child-outside\n"}
{"Time":"2026-10-07T23:21:14.412594-10:00","Action":"output","Package":"github.com/snissn/gomap/TreeDB/freelist","Test":"TestCompressedAllocatorExactMetadataOwnership5108/current-child-outside","Output":"--- PASS: TestCompressedAllocatorExactMetadataOwnership5108/current-child-outside (0.00s)\n"}
{"Time":"2026-10-07T23:21:14.412601-10:00","Action":"pass","Package":"github.com/snissn/gomap/TreeDB/freelist","Test":"TestCompressedAllocatorExactMetadataOwnership5108/current-child-outside","Elapsed":0}
{"Time":"2026-10-07T23:21:14.412619-10:00","Action":"run","Package":"github.com/snissn/gomap/TreeDB/freelist","Test":"TestCompressedAllocatorExactMetadataOwnership5108/older-child-inside"}
{"Time":"2026-10-07T23:21:14.412635-10:00","Action":"output","Package":"github.com/snissn/gomap/TreeDB/freelist","Test":"TestCompressedAllocatorExactMetadataOwnership5108/older-child-inside","Output":"=== RUN   TestCompressedAllocatorExactMetadataOwnership5108/older-child-inside\n"}
{"Time":"2026-10-07T23:21:14.412863-10:00","Action":"output","Package":"github.com/snissn/gomap/TreeDB/freelist","Test":"TestCompressedAllocatorExactMetadataOwnership5108/older-child-inside","Output":"--- PASS: TestCompressedAllocatorExactMetadataOwnership5108/older-child-inside (0.00s)\n"}
{"Time":"2026-10-07T23:21:14.412872-10:00","Action":"pass","Package":"github.com/snissn/gomap/TreeDB/freelist","Test":"TestCompressedAllocatorExactMetadataOwnership5108/older-child-inside","Elapsed":0}
{"Time":"2026-10-07T23:21:14.412889-10:00","Action":"run","Package":"github.com/snissn/gomap/TreeDB/freelist","Test":"TestCompressedAllocatorExactMetadataOwnership5108/orphan-target"}
{"Time":"2026-10-07T23:21:14.412896-10:00","Action":"output","Package":"github.com/snissn/gomap/TreeDB/freelist","Test":"TestCompressedAllocatorExactMetadataOwnership5108/orphan-target","Output":"=== RUN   TestCompressedAllocatorExactMetadataOwnership5108/orphan-target\n"}
{"Time":"2026-10-07T23:21:14.413191-10:00","Action":"output","Package":"github.com/snissn/gomap/TreeDB/freelist","Test":"TestCompressedAllocatorExactMetadataOwnership5108/orphan-target","Output":"--- PASS: TestCompressedAllocatorExactMetadataOwnership5108/orphan-target (0.00s)\n"}
{"Time":"2026-10-07T23:21:14.413198-10:00","Action":"pass","Package":"github.com/snissn/gomap/TreeDB/freelist","Test":"TestCompressedAllocatorExactMetadataOwnership5108/orphan-target","Elapsed":0}
{"Time":"2026-10-07T23:21:14.413222-10:00","Action":"run","Package":"github.com/snissn/gomap/TreeDB/freelist","Test":"TestCompressedAllocatorExactMetadataOwnership5108/reservation-outside"}
{"Time":"2026-10-07T23:21:14.413228-10:00","Action":"output","Package":"github.com/snissn/gomap/TreeDB/freelist","Test":"TestCompressedAllocatorExactMetadataOwnership5108/reservation-outside","Output":"=== RUN   TestCompressedAllocatorExactMetadataOwnership5108/reservation-outside\n"}
{"Time":"2026-10-07T23:21:14.413432-10:00","Action":"output","Package":"github.com/snissn/gomap/TreeDB/freelist","Test":"TestCompressedAllocatorExactMetadataOwnership5108/reservation-outside","Output":"--- PASS: TestCompressedAllocatorExactMetadataOwnership5108/reservation-outside (0.00s)\n"}
{"Time":"2026-10-07T23:21:14.413437-10:00","Action":"pass","Package":"github.com/snissn/gomap/TreeDB/freelist","Test":"TestCompressedAllocatorExactMetadataOwnership5108/reservation-outside","Elapsed":0}
{"Time":"2026-10-07T23:21:14.413446-10:00","Action":"output","Package":"github.com/snissn/gomap/TreeDB/freelist","Test":"TestCompressedAllocatorExactMetadataOwnership5108","Output":"--- PASS: TestCompressedAllocatorExactMetadataOwnership5108 (0.00s)\n"}
{"Time":"2026-10-07T23:21:14.41345-10:00","Action":"pass","Package":"github.com/snissn/gomap/TreeDB/freelist","Test":"TestCompressedAllocatorExactMetadataOwnership5108","Elapsed":0}
{"Time":"2026-10-07T23:21:14.413471-10:00","Action":"run","Package":"github.com/snissn/gomap/TreeDB/freelist","Test":"TestCompressedAllocatorFanoutActualEmission5108"}
{"Time":"2026-10-07T23:21:14.413477-10:00","Action":"output","Package":"github.com/snissn/gomap/TreeDB/freelist","Test":"TestCompressedAllocatorFanoutActualEmission5108","Output":"=== RUN   TestCompressedAllocatorFanoutActualEmission5108\n"}
{"Time":"2026-10-07T23:21:14.415127-10:00","Action":"output","Package":"github.com/snissn/gomap/TreeDB/freelist","Test":"TestCompressedAllocatorFanoutActualEmission5108","Output":"--- PASS: TestCompressedAllocatorFanoutActualEmission5108 (0.00s)\n"}
{"Time":"2026-10-07T23:21:14.415143-10:00","Action":"pass","Package":"github.com/snissn/gomap/TreeDB/freelist","Test":"TestCompressedAllocatorFanoutActualEmission5108","Elapsed":0}
{"Time":"2026-10-07T23:21:14.415152-10:00","Action":"run","Package":"github.com/snissn/gomap/TreeDB/freelist","Test":"TestCompressedAllocatorActualClassWitness5108"}
{"Time":"2026-10-07T23:21:14.415182-10:00","Action":"output","Package":"github.com/snissn/gomap/TreeDB/freelist","Test":"TestCompressedAllocatorActualClassWitness5108","Output":"=== RUN   TestCompressedAllocatorActualClassWitness5108\n"}
{"Time":"2026-10-07T23:21:14.415187-10:00","Action":"run","Package":"github.com/snissn/gomap/TreeDB/freelist","Test":"TestCompressedAllocatorActualClassWitness5108/owned-sink-zero-backing"}
{"Time":"2026-10-07T23:21:14.41519-10:00","Action":"output","Package":"github.com/snissn/gomap/TreeDB/freelist","Test":"TestCompressedAllocatorActualClassWitness5108/owned-sink-zero-backing","Output":"=== RUN   TestCompressedAllocatorActualClassWitness5108/owned-sink-zero-backing\n"}
{"Time":"2026-10-07T23:21:14.415327-10:00","Action":"output","Package":"github.com/snissn/gomap/TreeDB/freelist","Test":"TestCompressedAllocatorActualClassWitness5108/owned-sink-zero-backing","Output":"--- PASS: TestCompressedAllocatorActualClassWitness5108/owned-sink-zero-backing (0.00s)\n"}
{"Time":"2026-10-07T23:21:14.415333-10:00","Action":"pass","Package":"github.com/snissn/gomap/TreeDB/freelist","Test":"TestCompressedAllocatorActualClassWitness5108/owned-sink-zero-backing","Elapsed":0}
{"Time":"2026-10-07T23:21:14.415404-10:00","Action":"output","Package":"github.com/snissn/gomap/TreeDB/freelist","Test":"TestCompressedAllocatorActualClassWitness5108","Output":"    generation_compressed_witness_5108_test.go:248: actual branch raw=336 allocation_class=352 births=64\n"}
{"Time":"2026-10-07T23:21:14.415473-10:00","Action":"output","Package":"github.com/snissn/gomap/TreeDB/freelist","Test":"TestCompressedAllocatorActualClassWitness5108","Output":"    generation_compressed_witness_5108_test.go:248: actual chunk raw=2136 allocation_class=2304 births=64\n"}
{"Time":"2026-10-07T23:21:14.415525-10:00","Action":"output","Package":"github.com/snissn/gomap/TreeDB/freelist","Test":"TestCompressedAllocatorActualClassWitness5108","Output":"    generation_compressed_witness_5108_test.go:248: actual transaction raw=368 allocation_class=384 births=64\n"}
{"Time":"2026-10-07T23:21:14.415574-10:00","Action":"output","Package":"github.com/snissn/gomap/TreeDB/freelist","Test":"TestCompressedAllocatorActualClassWitness5108","Output":"    generation_compressed_witness_5108_test.go:248: actual generation raw=320 allocation_class=320 births=64\n"}
{"Time":"2026-10-07T23:21:14.415644-10:00","Action":"output","Package":"github.com/snissn/gomap/TreeDB/freelist","Test":"TestCompressedAllocatorActualClassWitness5108","Output":"    generation_compressed_witness_5108_test.go:248: actual plan raw=592 allocation_class=640 births=64\n"}
{"Time":"2026-10-07T23:21:14.41569-10:00","Action":"output","Package":"github.com/snissn/gomap/TreeDB/freelist","Test":"TestCompressedAllocatorActualClassWitness5108","Output":"    generation_compressed_witness_5108_test.go:248: actual candidate raw=72 allocation_class=80 births=64\n"}
{"Time":"2026-10-07T23:21:14.415747-10:00","Action":"output","Package":"github.com/snissn/gomap/TreeDB/freelist","Test":"TestCompressedAllocatorActualClassWitness5108","Output":"    generation_compressed_witness_5108_test.go:248: actual prepared raw=192 allocation_class=192 births=64\n"}
{"Time":"2026-10-07T23:21:14.415831-10:00","Action":"output","Package":"github.com/snissn/gomap/TreeDB/freelist","Test":"TestCompressedAllocatorActualClassWitness5108","Output":"    generation_compressed_witness_5108_test.go:248: actual creator raw=32 allocation_class=32 births=64\n"}
{"Time":"2026-10-07T23:21:14.41588-10:00","Action":"output","Package":"github.com/snissn/gomap/TreeDB/freelist","Test":"TestCompressedAllocatorActualClassWitness5108","Output":"    generation_compressed_witness_5108_test.go:248: actual ledger raw=88 allocation_class=96 births=64\n"}
{"Time":"2026-10-07T23:21:14.415934-10:00","Action":"output","Package":"github.com/snissn/gomap/TreeDB/freelist","Test":"TestCompressedAllocatorActualClassWitness5108","Output":"    generation_compressed_witness_5108_test.go:248: actual reservation raw=104 allocation_class=112 births=64\n"}
{"Time":"2026-10-07T23:21:14.416059-10:00","Action":"output","Package":"github.com/snissn/gomap/TreeDB/freelist","Test":"TestCompressedAllocatorActualClassWitness5108","Output":"    generation_compressed_witness_5108_test.go:248: actual physical-cut raw=112 allocation_class=112 births=64\n"}
{"Time":"2026-10-07T23:21:14.416065-10:00","Action":"output","Package":"github.com/snissn/gomap/TreeDB/freelist","Test":"TestCompressedAllocatorActualClassWitness5108","Output":"    generation_compressed_witness_5108_test.go:248: actual radix-header raw=72 allocation_class=80 births=64\n"}
{"Time":"2026-10-07T23:21:14.416101-10:00","Action":"output","Package":"github.com/snissn/gomap/TreeDB/freelist","Test":"TestCompressedAllocatorActualClassWitness5108","Output":"    generation_compressed_witness_5108_test.go:248: actual radix-set-chunk raw=1584 allocation_class=1792 births=64\n"}
{"Time":"2026-10-07T23:21:14.416174-10:00","Action":"output","Package":"github.com/snissn/gomap/TreeDB/freelist","Test":"TestCompressedAllocatorActualClassWitness5108","Output":"    generation_compressed_witness_5108_test.go:248: actual radix-owner-chunk raw=2096 allocation_class=2304 births=64\n"}
{"Time":"2026-10-07T23:21:14.416236-10:00","Action":"output","Package":"github.com/snissn/gomap/TreeDB/freelist","Test":"TestCompressedAllocatorActualClassWitness5108","Output":"    generation_compressed_witness_5108_test.go:248: actual radix-candidate-chunk raw=2096 allocation_class=2304 births=64\n"}
{"Time":"2026-10-07T23:21:14.416295-10:00","Action":"output","Package":"github.com/snissn/gomap/TreeDB/freelist","Test":"TestCompressedAllocatorActualClassWitness5108","Output":"    generation_compressed_witness_5108_test.go:248: actual digest-control raw=120 allocation_class=128 births=64\n"}
{"Time":"2026-10-07T23:21:14.416352-10:00","Action":"output","Package":"github.com/snissn/gomap/TreeDB/freelist","Test":"TestCompressedAllocatorActualClassWitness5108","Output":"    generation_compressed_witness_5108_test.go:248: actual allocator-control raw=144 allocation_class=144 births=64\n"}
{"Time":"2026-10-07T23:21:14.416467-10:00","Action":"output","Package":"github.com/snissn/gomap/TreeDB/freelist","Test":"TestCompressedAllocatorActualClassWitness5108","Output":"    generation_compressed_witness_5108_test.go:248: actual cow-control raw=264 allocation_class=288 births=64\n"}
{"Time":"2026-10-07T23:21:14.416619-10:00","Action":"output","Package":"github.com/snissn/gomap/TreeDB/freelist","Test":"TestCompressedAllocatorActualClassWitness5108","Output":"    generation_compressed_witness_5108_test.go:248: actual condition-control raw=56 allocation_class=64 births=64\n"}
{"Time":"2026-10-07T23:21:14.416779-10:00","Action":"output","Package":"github.com/snissn/gomap/TreeDB/freelist","Test":"TestCompressedAllocatorActualClassWitness5108","Output":"    generation_compressed_witness_5108_test.go:248: actual recording-control raw=112 allocation_class=112 births=64\n"}
{"Time":"2026-10-07T23:21:14.416868-10:00","Action":"output","Package":"github.com/snissn/gomap/TreeDB/freelist","Test":"TestCompressedAllocatorActualClassWitness5108","Output":"    generation_compressed_witness_5108_test.go:248: actual bounded-prune-control raw=448 allocation_class=448 births=64\n"}
{"Time":"2026-10-07T23:21:14.416941-10:00","Action":"output","Package":"github.com/snissn/gomap/TreeDB/freelist","Test":"TestCompressedAllocatorActualClassWitness5108","Output":"    generation_compressed_witness_5108_test.go:248: actual publication-packet raw=312 allocation_class=320 births=64\n"}
{"Time":"2026-10-07T23:21:14.416999-10:00","Action":"output","Package":"github.com/snissn/gomap/TreeDB/freelist","Test":"TestCompressedAllocatorActualClassWitness5108","Output":"    generation_compressed_witness_5108_test.go:248: actual publication-proof raw=80 allocation_class=80 births=64\n"}
{"Time":"2026-10-07T23:21:14.417061-10:00","Action":"output","Package":"github.com/snissn/gomap/TreeDB/freelist","Test":"TestCompressedAllocatorActualClassWitness5108","Output":"    generation_compressed_witness_5108_test.go:248: actual private-stage-control raw=112 allocation_class=112 births=64\n"}
{"Time":"2026-10-07T23:21:14.417077-10:00","Action":"output","Package":"github.com/snissn/gomap/TreeDB/freelist","Test":"TestCompressedAllocatorActualClassWitness5108","Output":"--- PASS: TestCompressedAllocatorActualClassWitness5108 (0.00s)\n"}
{"Time":"2026-10-07T23:21:14.41708-10:00","Action":"pass","Package":"github.com/snissn/gomap/TreeDB/freelist","Test":"TestCompressedAllocatorActualClassWitness5108","Elapsed":0}
{"Time":"2026-10-07T23:21:14.417107-10:00","Action":"run","Package":"github.com/snissn/gomap/TreeDB/freelist","Test":"TestCompressedAllocatorTailCountMatchesActualCoalescing5108"}
{"Time":"2026-10-07T23:21:14.417111-10:00","Action":"output","Package":"github.com/snissn/gomap/TreeDB/freelist","Test":"TestCompressedAllocatorTailCountMatchesActualCoalescing5108","Output":"=== RUN   TestCompressedAllocatorTailCountMatchesActualCoalescing5108\n"}
{"Time":"2026-10-07T23:21:14.418001-10:00","Action":"output","Package":"github.com/snissn/gomap/TreeDB/freelist","Test":"TestCompressedAllocatorTailCountMatchesActualCoalescing5108","Output":"--- PASS: TestCompressedAllocatorTailCountMatchesActualCoalescing5108 (0.00s)\n"}
{"Time":"2026-10-07T23:21:14.418008-10:00","Action":"pass","Package":"github.com/snissn/gomap/TreeDB/freelist","Test":"TestCompressedAllocatorTailCountMatchesActualCoalescing5108","Elapsed":0}
{"Time":"2026-10-07T23:21:14.418026-10:00","Action":"run","Package":"github.com/snissn/gomap/TreeDB/freelist","Test":"TestCompressedAllocatorBranchBirthDenialPreservesAllAliases5108"}
{"Time":"2026-10-07T23:21:14.418029-10:00","Action":"output","Package":"github.com/snissn/gomap/TreeDB/freelist","Test":"TestCompressedAllocatorBranchBirthDenialPreservesAllAliases5108","Output":"=== RUN   TestCompressedAllocatorBranchBirthDenialPreservesAllAliases5108\n"}
{"Time":"2026-10-07T23:21:14.418129-10:00","Action":"output","Package":"github.com/snissn/gomap/TreeDB/freelist","Test":"TestCompressedAllocatorBranchBirthDenialPreservesAllAliases5108","Output":"--- PASS: TestCompressedAllocatorBranchBirthDenialPreservesAllAliases5108 (0.00s)\n"}
{"Time":"2026-10-07T23:21:14.418136-10:00","Action":"pass","Package":"github.com/snissn/gomap/TreeDB/freelist","Test":"TestCompressedAllocatorBranchBirthDenialPreservesAllAliases5108","Elapsed":0}
{"Time":"2026-10-07T23:21:14.418149-10:00","Action":"run","Package":"github.com/snissn/gomap/TreeDB/freelist","Test":"TestCompressedAllocatorSplitCollapseRetainsExactCreators5108"}
{"Time":"2026-10-07T23:21:14.418153-10:00","Action":"output","Package":"github.com/snissn/gomap/TreeDB/freelist","Test":"TestCompressedAllocatorSplitCollapseRetainsExactCreators5108","Output":"=== RUN   TestCompressedAllocatorSplitCollapseRetainsExactCreators5108\n"}
{"Time":"2026-10-07T23:21:14.418196-10:00","Action":"output","Package":"github.com/snissn/gomap/TreeDB/freelist","Test":"TestCompressedAllocatorSplitCollapseRetainsExactCreators5108","Output":"--- PASS: TestCompressedAllocatorSplitCollapseRetainsExactCreators5108 (0.00s)\n"}
{"Time":"2026-10-07T23:21:14.4182-10:00","Action":"pass","Package":"github.com/snissn/gomap/TreeDB/freelist","Test":"TestCompressedAllocatorSplitCollapseRetainsExactCreators5108","Elapsed":0}
{"Time":"2026-10-07T23:21:14.418216-10:00","Action":"run","Package":"github.com/snissn/gomap/TreeDB/freelist","Test":"TestSnapshotPageUnusedV1PreservesPinnedRetirementBoundary"}
{"Time":"2026-10-07T23:21:14.41822-10:00","Action":"output","Package":"github.com/snissn/gomap/TreeDB/freelist","Test":"TestSnapshotPageUnusedV1PreservesPinnedRetirementBoundary","Output":"=== RUN   TestSnapshotPageUnusedV1PreservesPinnedRetirementBoundary\n"}
{"Time":"2026-10-07T23:21:14.418279-10:00","Action":"output","Package":"github.com/snissn/gomap/TreeDB/freelist","Test":"TestSnapshotPageUnusedV1PreservesPinnedRetirementBoundary","Output":"--- PASS: TestSnapshotPageUnusedV1PreservesPinnedRetirementBoundary (0.00s)\n"}
{"Time":"2026-10-07T23:21:14.418283-10:00","Action":"pass","Package":"github.com/snissn/gomap/TreeDB/freelist","Test":"TestSnapshotPageUnusedV1PreservesPinnedRetirementBoundary","Elapsed":0}
{"Time":"2026-10-07T23:21:14.418299-10:00","Action":"run","Package":"github.com/snissn/gomap/TreeDB/freelist","Test":"TestCandidateIndexPlansCanonicalBytesAndCapacity"}
{"Time":"2026-10-07T23:21:14.418303-10:00","Action":"output","Package":"github.com/snissn/gomap/TreeDB/freelist","Test":"TestCandidateIndexPlansCanonicalBytesAndCapacity","Output":"=== RUN   TestCandidateIndexPlansCanonicalBytesAndCapacity\n"}
{"Time":"2026-10-07T23:21:14.418328-10:00","Action":"run","Package":"github.com/snissn/gomap/TreeDB/freelist","Test":"TestCandidateIndexPlansCanonicalBytesAndCapacity/empty"}
{"Time":"2026-10-07T23:21:14.418331-10:00","Action":"output","Package":"github.com/snissn/gomap/TreeDB/freelist","Test":"TestCandidateIndexPlansCanonicalBytesAndCapacity/empty","Output":"=== RUN   TestCandidateIndexPlansCanonicalBytesAndCapacity/empty\n"}
{"Time":"2026-10-07T23:21:14.41876-10:00","Action":"output","Package":"github.com/snissn/gomap/TreeDB/freelist","Test":"TestCandidateIndexPlansCanonicalBytesAndCapacity/empty","Output":"    generation_v1_index_plan_test.go:223: pages=3 plans=1 entry=40 table_capacity_bytes=120 owned_plan_bytes=592 nonindex_capacity_bytes=8192 prepare_scratch_bytes=4096\n"}
{"Time":"2026-10-07T23:21:14.418767-10:00","Action":"output","Package":"github.com/snissn/gomap/TreeDB/freelist","Test":"TestCandidateIndexPlansCanonicalBytesAndCapacity/empty","Output":"--- PASS: TestCandidateIndexPlansCanonicalBytesAndCapacity/empty (0.00s)\n"}
{"Time":"2026-10-07T23:21:14.418777-10:00","Action":"pass","Package":"github.com/snissn/gomap/TreeDB/freelist","Test":"TestCandidateIndexPlansCanonicalBytesAndCapacity/empty","Elapsed":0}
{"Time":"2026-10-07T23:21:14.418793-10:00","Action":"run","Package":"github.com/snissn/gomap/TreeDB/freelist","Test":"TestCandidateIndexPlansCanonicalBytesAndCapacity/one-chunk"}
{"Time":"2026-10-07T23:21:14.418796-10:00","Action":"output","Package":"github.com/snissn/gomap/TreeDB/freelist","Test":"TestCandidateIndexPlansCanonicalBytesAndCapacity/one-chunk","Output":"=== RUN   TestCandidateIndexPlansCanonicalBytesAndCapacity/one-chunk\n"}
{"Time":"2026-10-07T23:21:14.419086-10:00","Action":"output","Package":"github.com/snissn/gomap/TreeDB/freelist","Test":"TestCandidateIndexPlansCanonicalBytesAndCapacity/one-chunk","Output":"    generation_v1_index_plan_test.go:223: pages=3 plans=0 entry=40 table_capacity_bytes=120 owned_plan_bytes=0 nonindex_capacity_bytes=12288 prepare_scratch_bytes=4096\n"}
{"Time":"2026-10-07T23:21:14.419095-10:00","Action":"output","Package":"github.com/snissn/gomap/TreeDB/freelist","Test":"TestCandidateIndexPlansCanonicalBytesAndCapacity/one-chunk","Output":"--- PASS: TestCandidateIndexPlansCanonicalBytesAndCapacity/one-chunk (0.00s)\n"}
{"Time":"2026-10-07T23:21:14.419104-10:00","Action":"pass","Package":"github.com/snissn/gomap/TreeDB/freelist","Test":"TestCandidateIndexPlansCanonicalBytesAndCapacity/one-chunk","Elapsed":0}
{"Time":"2026-10-07T23:21:14.419124-10:00","Action":"run","Package":"github.com/snissn/gomap/TreeDB/freelist","Test":"TestCandidateIndexPlansCanonicalBytesAndCapacity/sparse-multichunk"}
{"Time":"2026-10-07T23:21:14.419128-10:00","Action":"output","Package":"github.com/snissn/gomap/TreeDB/freelist","Test":"TestCandidateIndexPlansCanonicalBytesAndCapacity/sparse-multichunk","Output":"=== RUN   TestCandidateIndexPlansCanonicalBytesAndCapacity/sparse-multichunk\n"}
{"Time":"2026-10-07T23:21:14.420826-10:00","Action":"output","Package":"github.com/snissn/gomap/TreeDB/freelist","Test":"TestCandidateIndexPlansCanonicalBytesAndCapacity/sparse-multichunk","Output":"    generation_v1_index_plan_test.go:223: pages=12 plans=4 entry=40 table_capacity_bytes=480 owned_plan_bytes=2368 nonindex_capacity_bytes=32768 prepare_scratch_bytes=4096\n"}
{"Time":"2026-10-07T23:21:14.420834-10:00","Action":"output","Package":"github.com/snissn/gomap/TreeDB/freelist","Test":"TestCandidateIndexPlansCanonicalBytesAndCapacity/sparse-multichunk","Output":"--- PASS: TestCandidateIndexPlansCanonicalBytesAndCapacity/sparse-multichunk (0.00s)\n"}
{"Time":"2026-10-07T23:21:14.420863-10:00","Action":"pass","Package":"github.com/snissn/gomap/TreeDB/freelist","Test":"TestCandidateIndexPlansCanonicalBytesAndCapacity/sparse-multichunk","Elapsed":0}
{"Time":"2026-10-07T23:21:14.42087-10:00","Action":"output","Package":"github.com/snissn/gomap/TreeDB/freelist","Test":"TestCandidateIndexPlansCanonicalBytesAndCapacity","Output":"--- PASS: TestCandidateIndexPlansCanonicalBytesAndCapacity (0.00s)\n"}
{"Time":"2026-10-07T23:21:14.420875-10:00","Action":"pass","Package":"github.com/snissn/gomap/TreeDB/freelist","Test":"TestCandidateIndexPlansCanonicalBytesAndCapacity","Elapsed":0}
{"Time":"2026-10-07T23:21:14.420882-10:00","Action":"run","Package":"github.com/snissn/gomap/TreeDB/freelist","Test":"TestCandidateIndexPlansSurviveForkAndCandidateRelease"}
{"Time":"2026-10-07T23:21:14.420886-10:00","Action":"output","Package":"github.com/snissn/gomap/TreeDB/freelist","Test":"TestCandidateIndexPlansSurviveForkAndCandidateRelease","Output":"=== RUN   TestCandidateIndexPlansSurviveForkAndCandidateRelease\n"}
{"Time":"2026-10-07T23:21:14.421177-10:00","Action":"output","Package":"github.com/snissn/gomap/TreeDB/freelist","Test":"TestCandidateIndexPlansSurviveForkAndCandidateRelease","Output":"--- PASS: TestCandidateIndexPlansSurviveForkAndCandidateRelease (0.00s)\n"}
{"Time":"2026-10-07T23:21:14.421182-10:00","Action":"pass","Package":"github.com/snissn/gomap/TreeDB/freelist","Test":"TestCandidateIndexPlansSurviveForkAndCandidateRelease","Elapsed":0}
{"Time":"2026-10-07T23:21:14.421204-10:00","Action":"run","Package":"github.com/snissn/gomap/TreeDB/freelist","Test":"TestCandidateIndexPlansSurviveAllocatorAbortAndRetry"}
{"Time":"2026-10-07T23:21:14.421207-10:00","Action":"output","Package":"github.com/snissn/gomap/TreeDB/freelist","Test":"TestCandidateIndexPlansSurviveAllocatorAbortAndRetry","Output":"=== RUN   TestCandidateIndexPlansSurviveAllocatorAbortAndRetry\n"}
{"Time":"2026-10-07T23:21:14.422313-10:00","Action":"output","Package":"github.com/snissn/gomap/TreeDB/freelist","Test":"TestCandidateIndexPlansSurviveAllocatorAbortAndRetry","Output":"--- PASS: TestCandidateIndexPlansSurviveAllocatorAbortAndRetry (0.00s)\n"}
{"Time":"2026-10-07T23:21:14.422322-10:00","Action":"pass","Package":"github.com/snissn/gomap/TreeDB/freelist","Test":"TestCandidateIndexPlansSurviveAllocatorAbortAndRetry","Elapsed":0}
{"Time":"2026-10-07T23:21:14.422346-10:00","Action":"run","Package":"github.com/snissn/gomap/TreeDB/freelist","Test":"TestCandidateIndexPlanChecksumFailureDoesNotWritePager"}
{"Time":"2026-10-07T23:21:14.422353-10:00","Action":"output","Package":"github.com/snissn/gomap/TreeDB/freelist","Test":"TestCandidateIndexPlanChecksumFailureDoesNotWritePager","Output":"=== RUN   TestCandidateIndexPlanChecksumFailureDoesNotWritePager\n"}
{"Time":"2026-10-07T23:21:14.422882-10:00","Action":"output","Package":"github.com/snissn/gomap/TreeDB/freelist","Test":"TestCandidateIndexPlanChecksumFailureDoesNotWritePager","Output":"--- PASS: TestCandidateIndexPlanChecksumFailureDoesNotWritePager (0.00s)\n"}
{"Time":"2026-10-07T23:21:14.422892-10:00","Action":"pass","Package":"github.com/snissn/gomap/TreeDB/freelist","Test":"TestCandidateIndexPlanChecksumFailureDoesNotWritePager","Elapsed":0}
{"Time":"2026-10-07T23:21:14.422909-10:00","Action":"run","Package":"github.com/snissn/gomap/TreeDB/freelist","Test":"TestMetadataReservationMaskBoundaries4627"}
{"Time":"2026-10-07T23:21:14.422913-10:00","Action":"output","Package":"github.com/snissn/gomap/TreeDB/freelist","Test":"TestMetadataReservationMaskBoundaries4627","Output":"=== RUN   TestMetadataReservationMaskBoundaries4627\n"}
{"Time":"2026-10-07T23:21:14.42298-10:00","Action":"output","Package":"github.com/snissn/gomap/TreeDB/freelist","Test":"TestMetadataReservationMaskBoundaries4627","Output":"--- PASS: TestMetadataReservationMaskBoundaries4627 (0.00s)\n"}
{"Time":"2026-10-07T23:21:14.422985-10:00","Action":"pass","Package":"github.com/snissn/gomap/TreeDB/freelist","Test":"TestMetadataReservationMaskBoundaries4627","Elapsed":0}
{"Time":"2026-10-07T23:21:14.423004-10:00","Action":"run","Package":"github.com/snissn/gomap/TreeDB/freelist","Test":"TestMetadataChunkRunMatchesReservationOracle4627"}
{"Time":"2026-10-07T23:21:14.423007-10:00","Action":"output","Package":"github.com/snissn/gomap/TreeDB/freelist","Test":"TestMetadataChunkRunMatchesReservationOracle4627","Output":"=== RUN   TestMetadataChunkRunMatchesReservationOracle4627\n"}
{"Time":"2026-10-07T23:21:14.450863-10:00","Action":"output","Package":"github.com/snissn/gomap/TreeDB/freelist","Test":"TestMetadataChunkRunMatchesReservationOracle4627","Output":"--- PASS: TestMetadataChunkRunMatchesReservationOracle4627 (0.03s)\n"}
{"Time":"2026-10-07T23:21:14.450891-10:00","Action":"pass","Package":"github.com/snissn/gomap/TreeDB/freelist","Test":"TestMetadataChunkRunMatchesReservationOracle4627","Elapsed":0.03}
{"Time":"2026-10-07T23:21:14.450899-10:00","Action":"run","Package":"github.com/snissn/gomap/TreeDB/freelist","Test":"TestMetadataFreshPathDoesNotDetachTwice4627"}
{"Time":"2026-10-07T23:21:14.450904-10:00","Action":"output","Package":"github.com/snissn/gomap/TreeDB/freelist","Test":"TestMetadataFreshPathDoesNotDetachTwice4627","Output":"=== RUN   TestMetadataFreshPathDoesNotDetachTwice4627\n"}
{"Time":"2026-10-07T23:21:14.451075-10:00","Action":"output","Package":"github.com/snissn/gomap/TreeDB/freelist","Test":"TestMetadataFreshPathDoesNotDetachTwice4627","Output":"--- PASS: TestMetadataFreshPathDoesNotDetachTwice4627 (0.00s)\n"}
{"Time":"2026-10-07T23:21:14.451084-10:00","Action":"pass","Package":"github.com/snissn/gomap/TreeDB/freelist","Test":"TestMetadataFreshPathDoesNotDetachTwice4627","Elapsed":0}
{"Time":"2026-10-07T23:21:14.4511-10:00","Action":"run","Package":"github.com/snissn/gomap/TreeDB/freelist","Test":"TestMetadataLosingClaimPreservesTransaction4627"}
{"Time":"2026-10-07T23:21:14.451104-10:00","Action":"output","Package":"github.com/snissn/gomap/TreeDB/freelist","Test":"TestMetadataLosingClaimPreservesTransaction4627","Output":"=== RUN   TestMetadataLosingClaimPreservesTransaction4627\n"}
{"Time":"2026-10-07T23:21:14.451697-10:00","Action":"output","Package":"github.com/snissn/gomap/TreeDB/freelist","Test":"TestMetadataLosingClaimPreservesTransaction4627","Output":"--- PASS: TestMetadataLosingClaimPreservesTransaction4627 (0.00s)\n"}
{"Time":"2026-10-07T23:21:14.451705-10:00","Action":"pass","Package":"github.com/snissn/gomap/TreeDB/freelist","Test":"TestMetadataLosingClaimPreservesTransaction4627","Elapsed":0}
{"Time":"2026-10-07T23:21:14.451718-10:00","Action":"run","Package":"github.com/snissn/gomap/TreeDB/freelist","Test":"TestMetadataImpossibleRunDoesNotAllocate4627"}
{"Time":"2026-10-07T23:21:14.451722-10:00","Action":"output","Package":"github.com/snissn/gomap/TreeDB/freelist","Test":"TestMetadataImpossibleRunDoesNotAllocate4627","Output":"=== RUN   TestMetadataImpossibleRunDoesNotAllocate4627\n"}
{"Time":"2026-10-07T23:21:14.452175-10:00","Action":"output","Package":"github.com/snissn/gomap/TreeDB/freelist","Test":"TestMetadataImpossibleRunDoesNotAllocate4627","Output":"--- PASS: TestMetadataImpossibleRunDoesNotAllocate4627 (0.00s)\n"}
{"Time":"2026-10-07T23:21:14.452179-10:00","Action":"pass","Package":"github.com/snissn/gomap/TreeDB/freelist","Test":"TestMetadataImpossibleRunDoesNotAllocate4627","Elapsed":0}
{"Time":"2026-10-07T23:21:14.452193-10:00","Action":"run","Package":"github.com/snissn/gomap/TreeDB/freelist","Test":"TestMetadataCursorConcurrentClaims4627"}
{"Time":"2026-10-07T23:21:14.452196-10:00","Action":"output","Package":"github.com/snissn/gomap/TreeDB/freelist","Test":"TestMetadataCursorConcurrentClaims4627","Output":"=== RUN   TestMetadataCursorConcurrentClaims4627\n"}
{"Time":"2026-10-07T23:21:14.45908-10:00","Action":"output","Package":"github.com/snissn/gomap/TreeDB/freelist","Test":"TestMetadataCursorConcurrentClaims4627","Output":"--- PASS: TestMetadataCursorConcurrentClaims4627 (0.01s)\n"}
{"Time":"2026-10-07T23:21:14.459091-10:00","Action":"pass","Package":"github.com/snissn/gomap/TreeDB/freelist","Test":"TestMetadataCursorConcurrentClaims4627","Elapsed":0.01}
{"Time":"2026-10-07T23:21:14.459118-10:00","Action":"run","Package":"github.com/snissn/gomap/TreeDB/freelist","Test":"TestMetadataCursorOccupiedChunkAdvancesWithoutOwnershipLoss4627"}
{"Time":"2026-10-07T23:21:14.459121-10:00","Action":"output","Package":"github.com/snissn/gomap/TreeDB/freelist","Test":"TestMetadataCursorOccupiedChunkAdvancesWithoutOwnershipLoss4627","Output":"=== RUN   TestMetadataCursorOccupiedChunkAdvancesWithoutOwnershipLoss4627\n"}
{"Time":"2026-10-07T23:21:14.460428-10:00","Action":"output","Package":"github.com/snissn/gomap/TreeDB/freelist","Test":"TestMetadataCursorOccupiedChunkAdvancesWithoutOwnershipLoss4627","Output":"--- PASS: TestMetadataCursorOccupiedChunkAdvancesWithoutOwnershipLoss4627 (0.00s)\n"}
{"Time":"2026-10-07T23:21:14.460442-10:00","Action":"pass","Package":"github.com/snissn/gomap/TreeDB/freelist","Test":"TestMetadataCursorOccupiedChunkAdvancesWithoutOwnershipLoss4627","Elapsed":0}
{"Time":"2026-10-07T23:21:14.460553-10:00","Action":"run","Package":"github.com/snissn/gomap/TreeDB/freelist","Test":"TestMetadataCursorCompletionPolicy4627"}
{"Time":"2026-10-07T23:21:14.460569-10:00","Action":"output","Package":"github.com/snissn/gomap/TreeDB/freelist","Test":"TestMetadataCursorCompletionPolicy4627","Output":"=== RUN   TestMetadataCursorCompletionPolicy4627\n"}
{"Time":"2026-10-07T23:21:14.461032-10:00","Action":"output","Package":"github.com/snissn/gomap/TreeDB/freelist","Test":"TestMetadataCursorCompletionPolicy4627","Output":"--- PASS: TestMetadataCursorCompletionPolicy4627 (0.00s)\n"}
{"Time":"2026-10-07T23:21:14.46104-10:00","Action":"pass","Package":"github.com/snissn/gomap/TreeDB/freelist","Test":"TestMetadataCursorCompletionPolicy4627","Elapsed":0}
{"Time":"2026-10-07T23:21:14.461064-10:00","Action":"run","Package":"github.com/snissn/gomap/TreeDB/freelist","Test":"TestMetadataChunkSearchWrapAndBound4627"}
{"Time":"2026-10-07T23:21:14.461068-10:00","Action":"output","Package":"github.com/snissn/gomap/TreeDB/freelist","Test":"TestMetadataChunkSearchWrapAndBound4627","Output":"=== RUN   TestMetadataChunkSearchWrapAndBound4627\n"}
{"Time":"2026-10-07T23:21:14.461108-10:00","Action":"run","Package":"github.com/snissn/gomap/TreeDB/freelist","Test":"TestMetadataChunkSearchWrapAndBound4627/gap"}
{"Time":"2026-10-07T23:21:14.461113-10:00","Action":"output","Package":"github.com/snissn/gomap/TreeDB/freelist","Test":"TestMetadataChunkSearchWrapAndBound4627/gap","Output":"=== RUN   TestMetadataChunkSearchWrapAndBound4627/gap\n"}
{"Time":"2026-10-07T23:21:14.461199-10:00","Action":"output","Package":"github.com/snissn/gomap/TreeDB/freelist","Test":"TestMetadataChunkSearchWrapAndBound4627/gap","Output":"--- PASS: TestMetadataChunkSearchWrapAndBound4627/gap (0.00s)\n"}
{"Time":"2026-10-07T23:21:14.461207-10:00","Action":"pass","Package":"github.com/snissn/gomap/TreeDB/freelist","Test":"TestMetadataChunkSearchWrapAndBound4627/gap","Elapsed":0}
{"Time":"2026-10-07T23:21:14.461223-10:00","Action":"run","Package":"github.com/snissn/gomap/TreeDB/freelist","Test":"TestMetadataChunkSearchWrapAndBound4627/one"}
{"Time":"2026-10-07T23:21:14.461226-10:00","Action":"output","Package":"github.com/snissn/gomap/TreeDB/freelist","Test":"TestMetadataChunkSearchWrapAndBound4627/one","Output":"=== RUN   TestMetadataChunkSearchWrapAndBound4627/one\n"}
{"Time":"2026-10-07T23:21:14.461265-10:00","Action":"output","Package":"github.com/snissn/gomap/TreeDB/freelist","Test":"TestMetadataChunkSearchWrapAndBound4627/one","Output":"--- PASS: TestMetadataChunkSearchWrapAndBound4627/one (0.00s)\n"}
{"Time":"2026-10-07T23:21:14.46127-10:00","Action":"pass","Package":"github.com/snissn/gomap/TreeDB/freelist","Test":"TestMetadataChunkSearchWrapAndBound4627/one","Elapsed":0}
{"Time":"2026-10-07T23:21:14.461288-10:00","Action":"run","Package":"github.com/snissn/gomap/TreeDB/freelist","Test":"TestMetadataChunkSearchWrapAndBound4627/after"}
{"Time":"2026-10-07T23:21:14.461291-10:00","Action":"output","Package":"github.com/snissn/gomap/TreeDB/freelist","Test":"TestMetadataChunkSearchWrapAndBound4627/after","Output":"=== RUN   TestMetadataChunkSearchWrapAndBound4627/after\n"}
{"Time":"2026-10-07T23:21:14.461324-10:00","Action":"output","Package":"github.com/snissn/gomap/TreeDB/freelist","Test":"TestMetadataChunkSearchWrapAndBound4627/after","Output":"--- PASS: TestMetadataChunkSearchWrapAndBound4627/after (0.00s)\n"}
{"Time":"2026-10-07T23:21:14.461335-10:00","Action":"pass","Package":"github.com/snissn/gomap/TreeDB/freelist","Test":"TestMetadataChunkSearchWrapAndBound4627/after","Elapsed":0}
{"Time":"2026-10-07T23:21:14.461345-10:00","Action":"run","Package":"github.com/snissn/gomap/TreeDB/freelist","Test":"TestMetadataChunkSearchWrapAndBound4627/limit"}
{"Time":"2026-10-07T23:21:14.461348-10:00","Action":"output","Package":"github.com/snissn/gomap/TreeDB/freelist","Test":"TestMetadataChunkSearchWrapAndBound4627/limit","Output":"=== RUN   TestMetadataChunkSearchWrapAndBound4627/limit\n"}
{"Time":"2026-10-07T23:21:14.461463-10:00","Action":"output","Package":"github.com/snissn/gomap/TreeDB/freelist","Test":"TestMetadataChunkSearchWrapAndBound4627/limit","Output":"--- PASS: TestMetadataChunkSearchWrapAndBound4627/limit (0.00s)\n"}
{"Time":"2026-10-07T23:21:14.461468-10:00","Action":"pass","Package":"github.com/snissn/gomap/TreeDB/freelist","Test":"TestMetadataChunkSearchWrapAndBound4627/limit","Elapsed":0}
{"Time":"2026-10-07T23:21:14.461482-10:00","Action":"run","Package":"github.com/snissn/gomap/TreeDB/freelist","Test":"TestMetadataChunkSearchWrapAndBound4627/sentinel"}
{"Time":"2026-10-07T23:21:14.461486-10:00","Action":"output","Package":"github.com/snissn/gomap/TreeDB/freelist","Test":"TestMetadataChunkSearchWrapAndBound4627/sentinel","Output":"=== RUN   TestMetadataChunkSearchWrapAndBound4627/sentinel\n"}
{"Time":"2026-10-07T23:21:14.461545-10:00","Action":"output","Package":"github.com/snissn/gomap/TreeDB/freelist","Test":"TestMetadataChunkSearchWrapAndBound4627/sentinel","Output":"--- PASS: TestMetadataChunkSearchWrapAndBound4627/sentinel (0.00s)\n"}
{"Time":"2026-10-07T23:21:14.461551-10:00","Action":"pass","Package":"github.com/snissn/gomap/TreeDB/freelist","Test":"TestMetadataChunkSearchWrapAndBound4627/sentinel","Elapsed":0}
{"Time":"2026-10-07T23:21:14.46156-10:00","Action":"output","Package":"github.com/snissn/gomap/TreeDB/freelist","Test":"TestMetadataChunkSearchWrapAndBound4627","Output":"--- PASS: TestMetadataChunkSearchWrapAndBound4627 (0.00s)\n"}
{"Time":"2026-10-07T23:21:14.461564-10:00","Action":"pass","Package":"github.com/snissn/gomap/TreeDB/freelist","Test":"TestMetadataChunkSearchWrapAndBound4627","Elapsed":0}
{"Time":"2026-10-07T23:21:14.461582-10:00","Action":"run","Package":"github.com/snissn/gomap/TreeDB/freelist","Test":"TestMetadataAuxiliarySharesCursor4627"}
{"Time":"2026-10-07T23:21:14.461586-10:00","Action":"output","Package":"github.com/snissn/gomap/TreeDB/freelist","Test":"TestMetadataAuxiliarySharesCursor4627","Output":"=== RUN   TestMetadataAuxiliarySharesCursor4627\n"}
{"Time":"2026-10-07T23:21:14.46447-10:00","Action":"output","Package":"github.com/snissn/gomap/TreeDB/freelist","Test":"TestMetadataAuxiliarySharesCursor4627","Output":"--- PASS: TestMetadataAuxiliarySharesCursor4627 (0.00s)\n"}
{"Time":"2026-10-07T23:21:14.464476-10:00","Action":"pass","Package":"github.com/snissn/gomap/TreeDB/freelist","Test":"TestMetadataAuxiliarySharesCursor4627","Elapsed":0}
{"Time":"2026-10-07T23:21:14.464492-10:00","Action":"run","Package":"github.com/snissn/gomap/TreeDB/freelist","Test":"TestMetadataSearchMakesBoundedProgress4627"}
{"Time":"2026-10-07T23:21:14.464496-10:00","Action":"output","Package":"github.com/snissn/gomap/TreeDB/freelist","Test":"TestMetadataSearchMakesBoundedProgress4627","Output":"=== RUN   TestMetadataSearchMakesBoundedProgress4627\n"}
{"Time":"2026-10-07T23:21:14.46659-10:00","Action":"output","Package":"github.com/snissn/gomap/TreeDB/freelist","Test":"TestMetadataSearchMakesBoundedProgress4627","Output":"--- PASS: TestMetadataSearchMakesBoundedProgress4627 (0.00s)\n"}
{"Time":"2026-10-07T23:21:14.466615-10:00","Action":"pass","Package":"github.com/snissn/gomap/TreeDB/freelist","Test":"TestMetadataSearchMakesBoundedProgress4627","Elapsed":0}
{"Time":"2026-10-07T23:21:14.466619-10:00","Action":"run","Package":"github.com/snissn/gomap/TreeDB/freelist","Test":"TestMetadataEmissionPreservesSharedDirtyBranches4627"}
{"Time":"2026-10-07T23:21:14.466622-10:00","Action":"output","Package":"github.com/snissn/gomap/TreeDB/freelist","Test":"TestMetadataEmissionPreservesSharedDirtyBranches4627","Output":"=== RUN   TestMetadataEmissionPreservesSharedDirtyBranches4627\n"}
{"Time":"2026-10-07T23:21:14.466637-10:00","Action":"run","Package":"github.com/snissn/gomap/TreeDB/freelist","Test":"TestMetadataEmissionPreservesSharedDirtyBranches4627/success"}
{"Time":"2026-10-07T23:21:14.466641-10:00","Action":"output","Package":"github.com/snissn/gomap/TreeDB/freelist","Test":"TestMetadataEmissionPreservesSharedDirtyBranches4627/success","Output":"=== RUN   TestMetadataEmissionPreservesSharedDirtyBranches4627/success\n"}
{"Time":"2026-10-07T23:21:14.468602-10:00","Action":"output","Package":"github.com/snissn/gomap/TreeDB/freelist","Test":"TestMetadataEmissionPreservesSharedDirtyBranches4627/success","Output":"--- PASS: TestMetadataEmissionPreservesSharedDirtyBranches4627/success (0.00s)\n"}
{"Time":"2026-10-07T23:21:14.46861-10:00","Action":"pass","Package":"github.com/snissn/gomap/TreeDB/freelist","Test":"TestMetadataEmissionPreservesSharedDirtyBranches4627/success","Elapsed":0}
{"Time":"2026-10-07T23:21:14.468628-10:00","Action":"run","Package":"github.com/snissn/gomap/TreeDB/freelist","Test":"TestMetadataEmissionPreservesSharedDirtyBranches4627/partial-write-failure"}
{"Time":"2026-10-07T23:21:14.468631-10:00","Action":"output","Package":"github.com/snissn/gomap/TreeDB/freelist","Test":"TestMetadataEmissionPreservesSharedDirtyBranches4627/partial-write-failure","Output":"=== RUN   TestMetadataEmissionPreservesSharedDirtyBranches4627/partial-write-failure\n"}
{"Time":"2026-10-07T23:21:14.470571-10:00","Action":"output","Package":"github.com/snissn/gomap/TreeDB/freelist","Test":"TestMetadataEmissionPreservesSharedDirtyBranches4627/partial-write-failure","Output":"--- PASS: TestMetadataEmissionPreservesSharedDirtyBranches4627/partial-write-failure (0.00s)\n"}
{"Time":"2026-10-07T23:21:14.470584-10:00","Action":"pass","Package":"github.com/snissn/gomap/TreeDB/freelist","Test":"TestMetadataEmissionPreservesSharedDirtyBranches4627/partial-write-failure","Elapsed":0}
{"Time":"2026-10-07T23:21:14.470593-10:00","Action":"output","Package":"github.com/snissn/gomap/TreeDB/freelist","Test":"TestMetadataEmissionPreservesSharedDirtyBranches4627","Output":"--- PASS: TestMetadataEmissionPreservesSharedDirtyBranches4627 (0.00s)\n"}
{"Time":"2026-10-07T23:21:14.470597-10:00","Action":"pass","Package":"github.com/snissn/gomap/TreeDB/freelist","Test":"TestMetadataEmissionPreservesSharedDirtyBranches4627","Elapsed":0}
{"Time":"2026-10-07T23:21:14.470621-10:00","Action":"run","Package":"github.com/snissn/gomap/TreeDB/freelist","Test":"TestFreelistMetadataReuseAfterPhysicalTailFailure4627"}
{"Time":"2026-10-07T23:21:14.470625-10:00","Action":"output","Package":"github.com/snissn/gomap/TreeDB/freelist","Test":"TestFreelistMetadataReuseAfterPhysicalTailFailure4627","Output":"=== RUN   TestFreelistMetadataReuseAfterPhysicalTailFailure4627\n"}
{"Time":"2026-10-07T23:21:14.470643-10:00","Action":"run","Package":"github.com/snissn/gomap/TreeDB/freelist","Test":"TestFreelistMetadataReuseAfterPhysicalTailFailure4627/contiguous"}
{"Time":"2026-10-07T23:21:14.470652-10:00","Action":"output","Package":"github.com/snissn/gomap/TreeDB/freelist","Test":"TestFreelistMetadataReuseAfterPhysicalTailFailure4627/contiguous","Output":"=== RUN   TestFreelistMetadataReuseAfterPhysicalTailFailure4627/contiguous\n"}
{"Time":"2026-10-07T23:21:14.472032-10:00","Action":"output","Package":"github.com/snissn/gomap/TreeDB/freelist","Test":"TestFreelistMetadataReuseAfterPhysicalTailFailure4627/contiguous","Output":"    generation_v1_metadata_reuse_test.go:143: physical pages=513 logical high-water=518 header=517 burned intervals=1\n"}
{"Time":"2026-10-07T23:21:14.481-10:00","Action":"output","Package":"github.com/snissn/gomap/TreeDB/freelist","Test":"TestFreelistMetadataReuseAfterPhysicalTailFailure4627/contiguous","Output":"--- PASS: TestFreelistMetadataReuseAfterPhysicalTailFailure4627/contiguous (0.01s)\n"}
{"Time":"2026-10-07T23:21:14.481045-10:00","Action":"pass","Package":"github.com/snissn/gomap/TreeDB/freelist","Test":"TestFreelistMetadataReuseAfterPhysicalTailFailure4627/contiguous","Elapsed":0.01}
{"Time":"2026-10-07T23:21:14.481077-10:00","Action":"run","Package":"github.com/snissn/gomap/TreeDB/freelist","Test":"TestFreelistMetadataReuseAfterPhysicalTailFailure4627/abandoned-earlier-reservation"}
{"Time":"2026-10-07T23:21:14.481082-10:00","Action":"output","Package":"github.com/snissn/gomap/TreeDB/freelist","Test":"TestFreelistMetadataReuseAfterPhysicalTailFailure4627/abandoned-earlier-reservation","Output":"=== RUN   TestFreelistMetadataReuseAfterPhysicalTailFailure4627/abandoned-earlier-reservation\n"}
{"Time":"2026-10-07T23:21:14.484371-10:00","Action":"output","Package":"github.com/snissn/gomap/TreeDB/freelist","Test":"TestFreelistMetadataReuseAfterPhysicalTailFailure4627/abandoned-earlier-reservation","Output":"    generation_v1_metadata_reuse_test.go:143: physical pages=615 logical high-water=620 header=619 burned intervals=1\n"}
{"Time":"2026-10-07T23:21:14.487681-10:00","Action":"output","Package":"github.com/snissn/gomap/TreeDB/freelist","Test":"TestFreelistMetadataReuseAfterPhysicalTailFailure4627/abandoned-earlier-reservation","Output":"--- PASS: TestFreelistMetadataReuseAfterPhysicalTailFailure4627/abandoned-earlier-reservation (0.01s)\n"}
{"Time":"2026-10-07T23:21:14.487694-10:00","Action":"pass","Package":"github.com/snissn/gomap/TreeDB/freelist","Test":"TestFreelistMetadataReuseAfterPhysicalTailFailure4627/abandoned-earlier-reservation","Elapsed":0.01}
{"Time":"2026-10-07T23:21:14.487701-10:00","Action":"output","Package":"github.com/snissn/gomap/TreeDB/freelist","Test":"TestFreelistMetadataReuseAfterPhysicalTailFailure4627","Output":"--- PASS: TestFreelistMetadataReuseAfterPhysicalTailFailure4627 (0.02s)\n"}
{"Time":"2026-10-07T23:21:14.487705-10:00","Action":"pass","Package":"github.com/snissn/gomap/TreeDB/freelist","Test":"TestFreelistMetadataReuseAfterPhysicalTailFailure4627","Elapsed":0.02}
{"Time":"2026-10-07T23:21:14.487765-10:00","Action":"run","Package":"github.com/snissn/gomap/TreeDB/freelist","Test":"TestFreelistGenerationV1_MetadataReusesRetiredCapacity4627"}
{"Time":"2026-10-07T23:21:14.487773-10:00","Action":"output","Package":"github.com/snissn/gomap/TreeDB/freelist","Test":"TestFreelistGenerationV1_MetadataReusesRetiredCapacity4627","Output":"=== RUN   TestFreelistGenerationV1_MetadataReusesRetiredCapacity4627\n"}
{"Time":"2026-10-07T23:21:14.49132-10:00","Action":"output","Package":"github.com/snissn/gomap/TreeDB/freelist","Test":"TestFreelistGenerationV1_MetadataReusesRetiredCapacity4627","Output":"    generation_v1_metadata_reuse_test.go:276: cycle=0 high_water=520 safe_free=506 metadata_pages=6\n"}
{"Time":"2026-10-07T23:21:14.491919-10:00","Action":"output","Package":"github.com/snissn/gomap/TreeDB/freelist","Test":"TestFreelistGenerationV1_MetadataReusesRetiredCapacity4627","Output":"    generation_v1_metadata_reuse_test.go:276: cycle=1 high_water=520 safe_free=507 metadata_pages=5\n"}
{"Time":"2026-10-07T23:21:14.492499-10:00","Action":"output","Package":"github.com/snissn/gomap/TreeDB/freelist","Test":"TestFreelistGenerationV1_MetadataReusesRetiredCapacity4627","Output":"    generation_v1_metadata_reuse_test.go:276: cycle=2 high_water=520 safe_free=508 metadata_pages=4\n"}
{"Time":"2026-10-07T23:21:14.493057-10:00","Action":"output","Package":"github.com/snissn/gomap/TreeDB/freelist","Test":"TestFreelistGenerationV1_MetadataReusesRetiredCapacity4627","Output":"    generation_v1_metadata_reuse_test.go:276: cycle=3 high_water=520 safe_free=508 metadata_pages=4\n"}
{"Time":"2026-10-07T23:21:14.493625-10:00","Action":"output","Package":"github.com/snissn/gomap/TreeDB/freelist","Test":"TestFreelistGenerationV1_MetadataReusesRetiredCapacity4627","Output":"    generation_v1_metadata_reuse_test.go:276: cycle=4 high_water=520 safe_free=508 metadata_pages=4\n"}
{"Time":"2026-10-07T23:21:14.49428-10:00","Action":"output","Package":"github.com/snissn/gomap/TreeDB/freelist","Test":"TestFreelistGenerationV1_MetadataReusesRetiredCapacity4627","Output":"    generation_v1_metadata_reuse_test.go:276: cycle=5 high_water=520 safe_free=508 metadata_pages=4\n"}
{"Time":"2026-10-07T23:21:14.494738-10:00","Action":"output","Package":"github.com/snissn/gomap/TreeDB/freelist","Test":"TestFreelistGenerationV1_MetadataReusesRetiredCapacity4627","Output":"    generation_v1_metadata_reuse_test.go:276: cycle=6 high_water=520 safe_free=508 metadata_pages=4\n"}
{"Time":"2026-10-07T23:21:14.49548-10:00","Action":"output","Package":"github.com/snissn/gomap/TreeDB/freelist","Test":"TestFreelistGenerationV1_MetadataReusesRetiredCapacity4627","Output":"    generation_v1_metadata_reuse_test.go:276: cycle=7 high_water=520 safe_free=508 metadata_pages=4\n"}
{"Time":"2026-10-07T23:21:14.495495-10:00","Action":"output","Package":"github.com/snissn/gomap/TreeDB/freelist","Test":"TestFreelistGenerationV1_MetadataReusesRetiredCapacity4627","Output":"--- PASS: TestFreelistGenerationV1_MetadataReusesRetiredCapacity4627 (0.01s)\n"}
{"Time":"2026-10-07T23:21:14.495506-10:00","Action":"pass","Package":"github.com/snissn/gomap/TreeDB/freelist","Test":"TestFreelistGenerationV1_MetadataReusesRetiredCapacity4627","Elapsed":0.01}
{"Time":"2026-10-07T23:21:14.495528-10:00","Action":"run","Package":"github.com/snissn/gomap/TreeDB/freelist","Test":"TestFreelistMetadataReusePlacement4627"}
{"Time":"2026-10-07T23:21:14.495533-10:00","Action":"output","Package":"github.com/snissn/gomap/TreeDB/freelist","Test":"TestFreelistMetadataReusePlacement4627","Output":"=== RUN   TestFreelistMetadataReusePlacement4627\n"}
{"Time":"2026-10-07T23:21:14.495564-10:00","Action":"run","Package":"github.com/snissn/gomap/TreeDB/freelist","Test":"TestFreelistMetadataReusePlacement4627/full_chunk"}
{"Time":"2026-10-07T23:21:14.495567-10:00","Action":"output","Package":"github.com/snissn/gomap/TreeDB/freelist","Test":"TestFreelistMetadataReusePlacement4627/full_chunk","Output":"=== RUN   TestFreelistMetadataReusePlacement4627/full_chunk\n"}
{"Time":"2026-10-07T23:21:14.497632-10:00","Action":"output","Package":"github.com/snissn/gomap/TreeDB/freelist","Test":"TestFreelistMetadataReusePlacement4627/full_chunk","Output":"--- PASS: TestFreelistMetadataReusePlacement4627/full_chunk (0.00s)\n"}
{"Time":"2026-10-07T23:21:14.49764-10:00","Action":"pass","Package":"github.com/snissn/gomap/TreeDB/freelist","Test":"TestFreelistMetadataReusePlacement4627/full_chunk","Elapsed":0}
{"Time":"2026-10-07T23:21:14.497656-10:00","Action":"run","Package":"github.com/snissn/gomap/TreeDB/freelist","Test":"TestFreelistMetadataReusePlacement4627/aux_prefix"}
{"Time":"2026-10-07T23:21:14.497659-10:00","Action":"output","Package":"github.com/snissn/gomap/TreeDB/freelist","Test":"TestFreelistMetadataReusePlacement4627/aux_prefix","Output":"=== RUN   TestFreelistMetadataReusePlacement4627/aux_prefix\n"}
{"Time":"2026-10-07T23:21:14.499732-10:00","Action":"output","Package":"github.com/snissn/gomap/TreeDB/freelist","Test":"TestFreelistMetadataReusePlacement4627/aux_prefix","Output":"--- PASS: TestFreelistMetadataReusePlacement4627/aux_prefix (0.00s)\n"}
{"Time":"2026-10-07T23:21:14.49974-10:00","Action":"pass","Package":"github.com/snissn/gomap/TreeDB/freelist","Test":"TestFreelistMetadataReusePlacement4627/aux_prefix","Elapsed":0}
{"Time":"2026-10-07T23:21:14.499758-10:00","Action":"run","Package":"github.com/snissn/gomap/TreeDB/freelist","Test":"TestFreelistMetadataReusePlacement4627/aux_consumes_first_chunk"}
{"Time":"2026-10-07T23:21:14.499762-10:00","Action":"output","Package":"github.com/snissn/gomap/TreeDB/freelist","Test":"TestFreelistMetadataReusePlacement4627/aux_consumes_first_chunk","Output":"=== RUN   TestFreelistMetadataReusePlacement4627/aux_consumes_first_chunk\n"}
{"Time":"2026-10-07T23:21:14.502016-10:00","Action":"output","Package":"github.com/snissn/gomap/TreeDB/freelist","Test":"TestFreelistMetadataReusePlacement4627/aux_consumes_first_chunk","Output":"--- PASS: TestFreelistMetadataReusePlacement4627/aux_consumes_first_chunk (0.00s)\n"}
{"Time":"2026-10-07T23:21:14.502025-10:00","Action":"pass","Package":"github.com/snissn/gomap/TreeDB/freelist","Test":"TestFreelistMetadataReusePlacement4627/aux_consumes_first_chunk","Elapsed":0}
{"Time":"2026-10-07T23:21:14.502039-10:00","Action":"run","Package":"github.com/snissn/gomap/TreeDB/freelist","Test":"TestFreelistMetadataReusePlacement4627/skip_fragmented_chunks"}
{"Time":"2026-10-07T23:21:14.502045-10:00","Action":"output","Package":"github.com/snissn/gomap/TreeDB/freelist","Test":"TestFreelistMetadataReusePlacement4627/skip_fragmented_chunks","Output":"=== RUN   TestFreelistMetadataReusePlacement4627/skip_fragmented_chunks\n"}
{"Time":"2026-10-07T23:21:14.504812-10:00","Action":"output","Package":"github.com/snissn/gomap/TreeDB/freelist","Test":"TestFreelistMetadataReusePlacement4627/skip_fragmented_chunks","Output":"--- PASS: TestFreelistMetadataReusePlacement4627/skip_fragmented_chunks (0.00s)\n"}
{"Time":"2026-10-07T23:21:14.504822-10:00","Action":"pass","Package":"github.com/snissn/gomap/TreeDB/freelist","Test":"TestFreelistMetadataReusePlacement4627/skip_fragmented_chunks","Elapsed":0}
{"Time":"2026-10-07T23:21:14.504836-10:00","Action":"run","Package":"github.com/snissn/gomap/TreeDB/freelist","Test":"TestFreelistMetadataReusePlacement4627/bounded_starvation"}
{"Time":"2026-10-07T23:21:14.504845-10:00","Action":"output","Package":"github.com/snissn/gomap/TreeDB/freelist","Test":"TestFreelistMetadataReusePlacement4627/bounded_starvation","Output":"=== RUN   TestFreelistMetadataReusePlacement4627/bounded_starvation\n"}
{"Time":"2026-10-07T23:21:14.507728-10:00","Action":"output","Package":"github.com/snissn/gomap/TreeDB/freelist","Test":"TestFreelistMetadataReusePlacement4627/bounded_starvation","Output":"--- PASS: TestFreelistMetadataReusePlacement4627/bounded_starvation (0.00s)\n"}
{"Time":"2026-10-07T23:21:14.507738-10:00","Action":"pass","Package":"github.com/snissn/gomap/TreeDB/freelist","Test":"TestFreelistMetadataReusePlacement4627/bounded_starvation","Elapsed":0}
{"Time":"2026-10-07T23:21:14.507743-10:00","Action":"output","Package":"github.com/snissn/gomap/TreeDB/freelist","Test":"TestFreelistMetadataReusePlacement4627","Output":"--- PASS: TestFreelistMetadataReusePlacement4627 (0.01s)\n"}
{"Time":"2026-10-07T23:21:14.507747-10:00","Action":"pass","Package":"github.com/snissn/gomap/TreeDB/freelist","Test":"TestFreelistMetadataReusePlacement4627","Elapsed":0.01}
{"Time":"2026-10-07T23:21:14.507779-10:00","Action":"run","Package":"github.com/snissn/gomap/TreeDB/freelist","Test":"TestFreelistMetadataReuseArbitrarySinkRollback4627"}
{"Time":"2026-10-07T23:21:14.507785-10:00","Action":"output","Package":"github.com/snissn/gomap/TreeDB/freelist","Test":"TestFreelistMetadataReuseArbitrarySinkRollback4627","Output":"=== RUN   TestFreelistMetadataReuseArbitrarySinkRollback4627\n"}
{"Time":"2026-10-07T23:21:14.508272-10:00","Action":"output","Package":"github.com/snissn/gomap/TreeDB/freelist","Test":"TestFreelistMetadataReuseArbitrarySinkRollback4627","Output":"--- PASS: TestFreelistMetadataReuseArbitrarySinkRollback4627 (0.00s)\n"}
{"Time":"2026-10-07T23:21:14.508278-10:00","Action":"pass","Package":"github.com/snissn/gomap/TreeDB/freelist","Test":"TestFreelistMetadataReuseArbitrarySinkRollback4627","Elapsed":0}
{"Time":"2026-10-07T23:21:14.508294-10:00","Action":"run","Package":"github.com/snissn/gomap/TreeDB/freelist","Test":"TestFreelistMetadataReuseMaximumHighWater4627"}
{"Time":"2026-10-07T23:21:14.508298-10:00","Action":"output","Package":"github.com/snissn/gomap/TreeDB/freelist","Test":"TestFreelistMetadataReuseMaximumHighWater4627","Output":"=== RUN   TestFreelistMetadataReuseMaximumHighWater4627\n"}
{"Time":"2026-10-07T23:21:14.508797-10:00","Action":"output","Package":"github.com/snissn/gomap/TreeDB/freelist","Test":"TestFreelistMetadataReuseMaximumHighWater4627","Output":"--- PASS: TestFreelistMetadataReuseMaximumHighWater4627 (0.00s)\n"}
{"Time":"2026-10-07T23:21:14.508823-10:00","Action":"pass","Package":"github.com/snissn/gomap/TreeDB/freelist","Test":"TestFreelistMetadataReuseMaximumHighWater4627","Elapsed":0}
{"Time":"2026-10-07T23:21:14.508828-10:00","Action":"run","Package":"github.com/snissn/gomap/TreeDB/freelist","Test":"TestFreelistMetadataReuseAtomicClaim4627"}
{"Time":"2026-10-07T23:21:14.508832-10:00","Action":"output","Package":"github.com/snissn/gomap/TreeDB/freelist","Test":"TestFreelistMetadataReuseAtomicClaim4627","Output":"=== RUN   TestFreelistMetadataReuseAtomicClaim4627\n"}
{"Time":"2026-10-07T23:21:14.508846-10:00","Action":"output","Package":"github.com/snissn/gomap/TreeDB/freelist","Test":"TestFreelistMetadataReuseAtomicClaim4627","Output":"--- PASS: TestFreelistMetadataReuseAtomicClaim4627 (0.00s)\n"}
{"Time":"2026-10-07T23:21:14.50885-10:00","Action":"pass","Package":"github.com/snissn/gomap/TreeDB/freelist","Test":"TestFreelistMetadataReuseAtomicClaim4627","Elapsed":0}
{"Time":"2026-10-07T23:21:14.508873-10:00","Action":"run","Package":"github.com/snissn/gomap/TreeDB/freelist","Test":"TestFreelistMetadataReuseStagedAllocatorRollback4627"}
{"Time":"2026-10-07T23:21:14.508881-10:00","Action":"output","Package":"github.com/snissn/gomap/TreeDB/freelist","Test":"TestFreelistMetadataReuseStagedAllocatorRollback4627","Output":"=== RUN   TestFreelistMetadataReuseStagedAllocatorRollback4627\n"}
{"Time":"2026-10-07T23:21:14.510392-10:00","Action":"output","Package":"github.com/snissn/gomap/TreeDB/freelist","Test":"TestFreelistMetadataReuseStagedAllocatorRollback4627","Output":"--- PASS: TestFreelistMetadataReuseStagedAllocatorRollback4627 (0.00s)\n"}
{"Time":"2026-10-07T23:21:14.510401-10:00","Action":"pass","Package":"github.com/snissn/gomap/TreeDB/freelist","Test":"TestFreelistMetadataReuseStagedAllocatorRollback4627","Elapsed":0}
{"Time":"2026-10-07T23:21:14.510415-10:00","Action":"run","Package":"github.com/snissn/gomap/TreeDB/freelist","Test":"TestFreelistMetadataReuseAuxiliaryClaimConflict4627"}
{"Time":"2026-10-07T23:21:14.510419-10:00","Action":"output","Package":"github.com/snissn/gomap/TreeDB/freelist","Test":"TestFreelistMetadataReuseAuxiliaryClaimConflict4627","Output":"=== RUN   TestFreelistMetadataReuseAuxiliaryClaimConflict4627\n"}
{"Time":"2026-10-07T23:21:14.511482-10:00","Action":"output","Package":"github.com/snissn/gomap/TreeDB/freelist","Test":"TestFreelistMetadataReuseAuxiliaryClaimConflict4627","Output":"--- PASS: TestFreelistMetadataReuseAuxiliaryClaimConflict4627 (0.00s)\n"}
{"Time":"2026-10-07T23:21:14.511496-10:00","Action":"pass","Package":"github.com/snissn/gomap/TreeDB/freelist","Test":"TestFreelistMetadataReuseAuxiliaryClaimConflict4627","Elapsed":0}
{"Time":"2026-10-07T23:21:14.511502-10:00","Action":"run","Package":"github.com/snissn/gomap/TreeDB/freelist","Test":"TestFreelistMetadataTailPlacementAfterBurn4627"}
{"Time":"2026-10-07T23:21:14.511505-10:00","Action":"output","Package":"github.com/snissn/gomap/TreeDB/freelist","Test":"TestFreelistMetadataTailPlacementAfterBurn4627","Output":"=== RUN   TestFreelistMetadataTailPlacementAfterBurn4627\n"}
{"Time":"2026-10-07T23:21:14.511531-10:00","Action":"run","Package":"github.com/snissn/gomap/TreeDB/freelist","Test":"TestFreelistMetadataTailPlacementAfterBurn4627/no-burn-unchanged"}
{"Time":"2026-10-07T23:21:14.511536-10:00","Action":"output","Package":"github.com/snissn/gomap/TreeDB/freelist","Test":"TestFreelistMetadataTailPlacementAfterBurn4627/no-burn-unchanged","Output":"=== RUN   TestFreelistMetadataTailPlacementAfterBurn4627/no-burn-unchanged\n"}
{"Time":"2026-10-07T23:21:14.511569-10:00","Action":"output","Package":"github.com/snissn/gomap/TreeDB/freelist","Test":"TestFreelistMetadataTailPlacementAfterBurn4627/no-burn-unchanged","Output":"--- PASS: TestFreelistMetadataTailPlacementAfterBurn4627/no-burn-unchanged (0.00s)\n"}
{"Time":"2026-10-07T23:21:14.511575-10:00","Action":"pass","Package":"github.com/snissn/gomap/TreeDB/freelist","Test":"TestFreelistMetadataTailPlacementAfterBurn4627/no-burn-unchanged","Elapsed":0}
{"Time":"2026-10-07T23:21:14.511593-10:00","Action":"run","Package":"github.com/snissn/gomap/TreeDB/freelist","Test":"TestFreelistMetadataTailPlacementAfterBurn4627/live-tail-remains-owned"}
{"Time":"2026-10-07T23:21:14.511596-10:00","Action":"output","Package":"github.com/snissn/gomap/TreeDB/freelist","Test":"TestFreelistMetadataTailPlacementAfterBurn4627/live-tail-remains-owned","Output":"=== RUN   TestFreelistMetadataTailPlacementAfterBurn4627/live-tail-remains-owned\n"}
{"Time":"2026-10-07T23:21:14.511641-10:00","Action":"output","Package":"github.com/snissn/gomap/TreeDB/freelist","Test":"TestFreelistMetadataTailPlacementAfterBurn4627/live-tail-remains-owned","Output":"--- PASS: TestFreelistMetadataTailPlacementAfterBurn4627/live-tail-remains-owned (0.00s)\n"}
{"Time":"2026-10-07T23:21:14.511646-10:00","Action":"pass","Package":"github.com/snissn/gomap/TreeDB/freelist","Test":"TestFreelistMetadataTailPlacementAfterBurn4627/live-tail-remains-owned","Elapsed":0}
{"Time":"2026-10-07T23:21:14.511664-10:00","Action":"run","Package":"github.com/snissn/gomap/TreeDB/freelist","Test":"TestFreelistMetadataTailPlacementAfterBurn4627/overflow-rejected-without-claim"}
{"Time":"2026-10-07T23:21:14.511668-10:00","Action":"output","Package":"github.com/snissn/gomap/TreeDB/freelist","Test":"TestFreelistMetadataTailPlacementAfterBurn4627/overflow-rejected-without-claim","Output":"=== RUN   TestFreelistMetadataTailPlacementAfterBurn4627/overflow-rejected-without-claim\n"}
{"Time":"2026-10-07T23:21:14.511686-10:00","Action":"output","Package":"github.com/snissn/gomap/TreeDB/freelist","Test":"TestFreelistMetadataTailPlacementAfterBurn4627/overflow-rejected-without-claim","Output":"--- PASS: TestFreelistMetadataTailPlacementAfterBurn4627/overflow-rejected-without-claim (0.00s)\n"}
{"Time":"2026-10-07T23:21:14.511691-10:00","Action":"pass","Package":"github.com/snissn/gomap/TreeDB/freelist","Test":"TestFreelistMetadataTailPlacementAfterBurn4627/overflow-rejected-without-claim","Elapsed":0}
{"Time":"2026-10-07T23:21:14.511707-10:00","Action":"output","Package":"github.com/snissn/gomap/TreeDB/freelist","Test":"TestFreelistMetadataTailPlacementAfterBurn4627","Output":"--- PASS: TestFreelistMetadataTailPlacementAfterBurn4627 (0.00s)\n"}
{"Time":"2026-10-07T23:21:14.511711-10:00","Action":"pass","Package":"github.com/snissn/gomap/TreeDB/freelist","Test":"TestFreelistMetadataTailPlacementAfterBurn4627","Elapsed":0}
{"Time":"2026-10-07T23:21:14.511729-10:00","Action":"run","Package":"github.com/snissn/gomap/TreeDB/freelist","Test":"TestFreelistMetadataReuseMixedDirtySiblingSizing4627"}
{"Time":"2026-10-07T23:21:14.511735-10:00","Action":"output","Package":"github.com/snissn/gomap/TreeDB/freelist","Test":"TestFreelistMetadataReuseMixedDirtySiblingSizing4627","Output":"=== RUN   TestFreelistMetadataReuseMixedDirtySiblingSizing4627\n"}
{"Time":"2026-10-07T23:21:14.51341-10:00","Action":"output","Package":"github.com/snissn/gomap/TreeDB/freelist","Test":"TestFreelistMetadataReuseMixedDirtySiblingSizing4627","Output":"--- PASS: TestFreelistMetadataReuseMixedDirtySiblingSizing4627 (0.00s)\n"}
{"Time":"2026-10-07T23:21:14.513419-10:00","Action":"pass","Package":"github.com/snissn/gomap/TreeDB/freelist","Test":"TestFreelistMetadataReuseMixedDirtySiblingSizing4627","Elapsed":0}
{"Time":"2026-10-07T23:21:14.513442-10:00","Action":"run","Package":"github.com/snissn/gomap/TreeDB/freelist","Test":"TestFreelistMetadataReusePublishesBurnedCoverage4627"}
{"Time":"2026-10-07T23:21:14.513447-10:00","Action":"output","Package":"github.com/snissn/gomap/TreeDB/freelist","Test":"TestFreelistMetadataReusePublishesBurnedCoverage4627","Output":"=== RUN   TestFreelistMetadataReusePublishesBurnedCoverage4627\n"}
{"Time":"2026-10-07T23:21:14.513884-10:00","Action":"output","Package":"github.com/snissn/gomap/TreeDB/freelist","Test":"TestFreelistMetadataReusePublishesBurnedCoverage4627","Output":"--- PASS: TestFreelistMetadataReusePublishesBurnedCoverage4627 (0.00s)\n"}
{"Time":"2026-10-07T23:21:14.514051-10:00","Action":"pass","Package":"github.com/snissn/gomap/TreeDB/freelist","Test":"TestFreelistMetadataReusePublishesBurnedCoverage4627","Elapsed":0}
{"Time":"2026-10-07T23:21:14.514055-10:00","Action":"run","Package":"github.com/snissn/gomap/TreeDB/freelist","Test":"TestFreelistMetadataReuseReservationChain4627"}
{"Time":"2026-10-07T23:21:14.514058-10:00","Action":"output","Package":"github.com/snissn/gomap/TreeDB/freelist","Test":"TestFreelistMetadataReuseReservationChain4627","Output":"=== RUN   TestFreelistMetadataReuseReservationChain4627\n"}
{"Time":"2026-10-07T23:21:14.516543-10:00","Action":"output","Package":"github.com/snissn/gomap/TreeDB/freelist","Test":"TestFreelistMetadataReuseReservationChain4627","Output":"--- PASS: TestFreelistMetadataReuseReservationChain4627 (0.00s)\n"}
{"Time":"2026-10-07T23:21:14.516548-10:00","Action":"pass","Package":"github.com/snissn/gomap/TreeDB/freelist","Test":"TestFreelistMetadataReuseReservationChain4627","Elapsed":0}
{"Time":"2026-10-07T23:21:14.51656-10:00","Action":"run","Package":"github.com/snissn/gomap/TreeDB/freelist","Test":"TestFreelistGenerationV1_100KLogicalChurnConverges"}
{"Time":"2026-10-07T23:21:14.516564-10:00","Action":"output","Package":"github.com/snissn/gomap/TreeDB/freelist","Test":"TestFreelistGenerationV1_100KLogicalChurnConverges","Output":"=== RUN   TestFreelistGenerationV1_100KLogicalChurnConverges\n"}
{"Time":"2026-10-07T23:21:16.687417-10:00","Action":"output","Package":"github.com/snissn/gomap/TreeDB/freelist","Test":"TestFreelistGenerationV1_100KLogicalChurnConverges","Output":"--- PASS: TestFreelistGenerationV1_100KLogicalChurnConverges (2.17s)\n"}
{"Time":"2026-10-07T23:21:16.687462-10:00","Action":"pass","Package":"github.com/snissn/gomap/TreeDB/freelist","Test":"TestFreelistGenerationV1_100KLogicalChurnConverges","Elapsed":2.17}
{"Time":"2026-10-07T23:21:16.68747-10:00","Action":"run","Package":"github.com/snissn/gomap/TreeDB/freelist","Test":"TestPrivatePreparationCopiesDirtyPathOnce5105"}
{"Time":"2026-10-07T23:21:16.687476-10:00","Action":"output","Package":"github.com/snissn/gomap/TreeDB/freelist","Test":"TestPrivatePreparationCopiesDirtyPathOnce5105","Output":"=== RUN   TestPrivatePreparationCopiesDirtyPathOnce5105\n"}
{"Time":"2026-10-07T23:21:16.687821-10:00","Action":"output","Package":"github.com/snissn/gomap/TreeDB/freelist","Test":"TestPrivatePreparationCopiesDirtyPathOnce5105","Output":"    generation_v1_private_prepare_test.go:41: actual copies: persistent nodes=0 chunks=24 bytes=55296; private isolation nodes=0 chunks=1 bytes=2304 visits=1; repeated private copies nodes=0 chunks=0\n"}
{"Time":"2026-10-07T23:21:16.687861-10:00","Action":"output","Package":"github.com/snissn/gomap/TreeDB/freelist","Test":"TestPrivatePreparationCopiesDirtyPathOnce5105","Output":"--- PASS: TestPrivatePreparationCopiesDirtyPathOnce5105 (0.00s)\n"}
{"Time":"2026-10-07T23:21:16.687866-10:00","Action":"pass","Package":"github.com/snissn/gomap/TreeDB/freelist","Test":"TestPrivatePreparationCopiesDirtyPathOnce5105","Elapsed":0}
{"Time":"2026-10-07T23:21:16.687897-10:00","Action":"run","Package":"github.com/snissn/gomap/TreeDB/freelist","Test":"TestPrivatePreparationCapacityAndNoTreeOwner5105"}
{"Time":"2026-10-07T23:21:16.687901-10:00","Action":"output","Package":"github.com/snissn/gomap/TreeDB/freelist","Test":"TestPrivatePreparationCapacityAndNoTreeOwner5105","Output":"=== RUN   TestPrivatePreparationCapacityAndNoTreeOwner5105\n"}
{"Time":"2026-10-07T23:21:16.687904-10:00","Action":"output","Package":"github.com/snissn/gomap/TreeDB/freelist","Test":"TestPrivatePreparationCapacityAndNoTreeOwner5105","Output":"    generation_v1_private_prepare_test.go:86: measured counter-only-layout/current txn=288/368 delta=80; allocator state=264 profile=208\n"}
{"Time":"2026-10-07T23:21:16.687933-10:00","Action":"output","Package":"github.com/snissn/gomap/TreeDB/freelist","Test":"TestPrivatePreparationCapacityAndNoTreeOwner5105","Output":"    generation_v1_private_prepare_test.go:87: unsafe layout bytes: stateNode=336 stateChunk=2136 txn=368 stats=200 work=32; consumed/private/map offsets=88/89/96; state allocation classes=352/2304\n"}
{"Time":"2026-10-07T23:21:16.688054-10:00","Action":"output","Package":"github.com/snissn/gomap/TreeDB/freelist","Test":"TestPrivatePreparationCapacityAndNoTreeOwner5105","Output":"--- PASS: TestPrivatePreparationCapacityAndNoTreeOwner5105 (0.00s)\n"}
{"Time":"2026-10-07T23:21:16.688075-10:00","Action":"pass","Package":"github.com/snissn/gomap/TreeDB/freelist","Test":"TestPrivatePreparationCapacityAndNoTreeOwner5105","Elapsed":0}
{"Time":"2026-10-07T23:21:16.688079-10:00","Action":"run","Package":"github.com/snissn/gomap/TreeDB/freelist","Test":"TestPrivatePreparationPersistentCloneRevokesBothAliases5105"}
{"Time":"2026-10-07T23:21:16.688082-10:00","Action":"output","Package":"github.com/snissn/gomap/TreeDB/freelist","Test":"TestPrivatePreparationPersistentCloneRevokesBothAliases5105","Output":"=== RUN   TestPrivatePreparationPersistentCloneRevokesBothAliases5105\n"}
{"Time":"2026-10-07T23:21:16.688294-10:00","Action":"output","Package":"github.com/snissn/gomap/TreeDB/freelist","Test":"TestPrivatePreparationPersistentCloneRevokesBothAliases5105","Output":"--- PASS: TestPrivatePreparationPersistentCloneRevokesBothAliases5105 (0.00s)\n"}
{"Time":"2026-10-07T23:21:16.688316-10:00","Action":"pass","Package":"github.com/snissn/gomap/TreeDB/freelist","Test":"TestPrivatePreparationPersistentCloneRevokesBothAliases5105","Elapsed":0}
{"Time":"2026-10-07T23:21:16.688344-10:00","Action":"run","Package":"github.com/snissn/gomap/TreeDB/freelist","Test":"TestPrivatePreparationExactPersistentCandidateOracle5105"}
{"Time":"2026-10-07T23:21:16.688349-10:00","Action":"output","Package":"github.com/snissn/gomap/TreeDB/freelist","Test":"TestPrivatePreparationExactPersistentCandidateOracle5105","Output":"=== RUN   TestPrivatePreparationExactPersistentCandidateOracle5105\n"}
{"Time":"2026-10-07T23:21:16.688631-10:00","Action":"run","Package":"github.com/snissn/gomap/TreeDB/freelist","Test":"TestPrivatePreparationExactPersistentCandidateOracle5105/ordinary-prune"}
{"Time":"2026-10-07T23:21:16.688636-10:00","Action":"output","Package":"github.com/snissn/gomap/TreeDB/freelist","Test":"TestPrivatePreparationExactPersistentCandidateOracle5105/ordinary-prune","Output":"=== RUN   TestPrivatePreparationExactPersistentCandidateOracle5105/ordinary-prune\n"}
{"Time":"2026-10-07T23:21:16.69171-10:00","Action":"output","Package":"github.com/snissn/gomap/TreeDB/freelist","Test":"TestPrivatePreparationExactPersistentCandidateOracle5105/ordinary-prune","Output":"--- PASS: TestPrivatePreparationExactPersistentCandidateOracle5105/ordinary-prune (0.00s)\n"}
{"Time":"2026-10-07T23:21:16.691719-10:00","Action":"pass","Package":"github.com/snissn/gomap/TreeDB/freelist","Test":"TestPrivatePreparationExactPersistentCandidateOracle5105/ordinary-prune","Elapsed":0}
{"Time":"2026-10-07T23:21:16.691737-10:00","Action":"run","Package":"github.com/snissn/gomap/TreeDB/freelist","Test":"TestPrivatePreparationExactPersistentCandidateOracle5105/bounded-prune"}
{"Time":"2026-10-07T23:21:16.69174-10:00","Action":"output","Package":"github.com/snissn/gomap/TreeDB/freelist","Test":"TestPrivatePreparationExactPersistentCandidateOracle5105/bounded-prune","Output":"=== RUN   TestPrivatePreparationExactPersistentCandidateOracle5105/bounded-prune\n"}
{"Time":"2026-10-07T23:21:16.694538-10:00","Action":"output","Package":"github.com/snissn/gomap/TreeDB/freelist","Test":"TestPrivatePreparationExactPersistentCandidateOracle5105/bounded-prune","Output":"--- PASS: TestPrivatePreparationExactPersistentCandidateOracle5105/bounded-prune (0.00s)\n"}
{"Time":"2026-10-07T23:21:16.694547-10:00","Action":"pass","Package":"github.com/snissn/gomap/TreeDB/freelist","Test":"TestPrivatePreparationExactPersistentCandidateOracle5105/bounded-prune","Elapsed":0}
{"Time":"2026-10-07T23:21:16.694553-10:00","Action":"output","Package":"github.com/snissn/gomap/TreeDB/freelist","Test":"TestPrivatePreparationExactPersistentCandidateOracle5105","Output":"--- PASS: TestPrivatePreparationExactPersistentCandidateOracle5105 (0.01s)\n"}
{"Time":"2026-10-07T23:21:16.694573-10:00","Action":"pass","Package":"github.com/snissn/gomap/TreeDB/freelist","Test":"TestPrivatePreparationExactPersistentCandidateOracle5105","Elapsed":0.01}
{"Time":"2026-10-07T23:21:16.694583-10:00","Action":"run","Package":"github.com/snissn/gomap/TreeDB/freelist","Test":"TestPrivatePreparationErrorsRevokeAuthority5105"}
{"Time":"2026-10-07T23:21:16.694586-10:00","Action":"output","Package":"github.com/snissn/gomap/TreeDB/freelist","Test":"TestPrivatePreparationErrorsRevokeAuthority5105","Output":"=== RUN   TestPrivatePreparationErrorsRevokeAuthority5105\n"}
{"Time":"2026-10-07T23:21:16.694716-10:00","Action":"output","Package":"github.com/snissn/gomap/TreeDB/freelist","Test":"TestPrivatePreparationErrorsRevokeAuthority5105","Output":"--- PASS: TestPrivatePreparationErrorsRevokeAuthority5105 (0.00s)\n"}
{"Time":"2026-10-07T23:21:16.694721-10:00","Action":"pass","Package":"github.com/snissn/gomap/TreeDB/freelist","Test":"TestPrivatePreparationErrorsRevokeAuthority5105","Elapsed":0}
{"Time":"2026-10-07T23:21:16.694735-10:00","Action":"run","Package":"github.com/snissn/gomap/TreeDB/freelist","Test":"TestPrivatePreparationDirtyRollbackAfterSinkFailure5105"}
{"Time":"2026-10-07T23:21:16.694738-10:00","Action":"output","Package":"github.com/snissn/gomap/TreeDB/freelist","Test":"TestPrivatePreparationDirtyRollbackAfterSinkFailure5105","Output":"=== RUN   TestPrivatePreparationDirtyRollbackAfterSinkFailure5105\n"}
{"Time":"2026-10-07T23:21:16.695521-10:00","Action":"output","Package":"github.com/snissn/gomap/TreeDB/freelist","Test":"TestPrivatePreparationDirtyRollbackAfterSinkFailure5105","Output":"    generation_v1_private_prepare_test.go:299: failed preparation: active candidates=0 owners=0 burned ranges=1 reserved burned pages=4\n"}
{"Time":"2026-10-07T23:21:16.695867-10:00","Action":"output","Package":"github.com/snissn/gomap/TreeDB/freelist","Test":"TestPrivatePreparationDirtyRollbackAfterSinkFailure5105","Output":"--- PASS: TestPrivatePreparationDirtyRollbackAfterSinkFailure5105 (0.00s)\n"}
{"Time":"2026-10-07T23:21:16.695872-10:00","Action":"pass","Package":"github.com/snissn/gomap/TreeDB/freelist","Test":"TestPrivatePreparationDirtyRollbackAfterSinkFailure5105","Elapsed":0}
{"Time":"2026-10-07T23:21:16.695889-10:00","Action":"run","Package":"github.com/snissn/gomap/TreeDB/freelist","Test":"TestPrivatePreparationAbortKeepsWorkAndRetainedViews5105"}
{"Time":"2026-10-07T23:21:16.695892-10:00","Action":"output","Package":"github.com/snissn/gomap/TreeDB/freelist","Test":"TestPrivatePreparationAbortKeepsWorkAndRetainedViews5105","Output":"=== RUN   TestPrivatePreparationAbortKeepsWorkAndRetainedViews5105\n"}
{"Time":"2026-10-07T23:21:16.697224-10:00","Action":"output","Package":"github.com/snissn/gomap/TreeDB/freelist","Test":"TestPrivatePreparationAbortKeepsWorkAndRetainedViews5105","Output":"--- PASS: TestPrivatePreparationAbortKeepsWorkAndRetainedViews5105 (0.00s)\n"}
{"Time":"2026-10-07T23:21:16.697231-10:00","Action":"pass","Package":"github.com/snissn/gomap/TreeDB/freelist","Test":"TestPrivatePreparationAbortKeepsWorkAndRetainedViews5105","Elapsed":0}
{"Time":"2026-10-07T23:21:16.697247-10:00","Action":"run","Package":"github.com/snissn/gomap/TreeDB/freelist","Test":"TestPrivatePreparationCollapsedRebirthPersistentOracle5108"}
{"Time":"2026-10-07T23:21:16.69725-10:00","Action":"output","Package":"github.com/snissn/gomap/TreeDB/freelist","Test":"TestPrivatePreparationCollapsedRebirthPersistentOracle5108","Output":"=== RUN   TestPrivatePreparationCollapsedRebirthPersistentOracle5108\n"}
{"Time":"2026-10-07T23:21:16.697293-10:00","Action":"run","Package":"github.com/snissn/gomap/TreeDB/freelist","Test":"TestPrivatePreparationCollapsedRebirthPersistentOracle5108/257"}
{"Time":"2026-10-07T23:21:16.697304-10:00","Action":"output","Package":"github.com/snissn/gomap/TreeDB/freelist","Test":"TestPrivatePreparationCollapsedRebirthPersistentOracle5108/257","Output":"=== RUN   TestPrivatePreparationCollapsedRebirthPersistentOracle5108/257\n"}
{"Time":"2026-10-07T23:21:16.698127-10:00","Action":"output","Package":"github.com/snissn/gomap/TreeDB/freelist","Test":"TestPrivatePreparationCollapsedRebirthPersistentOracle5108/257","Output":"--- PASS: TestPrivatePreparationCollapsedRebirthPersistentOracle5108/257 (0.00s)\n"}
{"Time":"2026-10-07T23:21:16.69822-10:00","Action":"pass","Package":"github.com/snissn/gomap/TreeDB/freelist","Test":"TestPrivatePreparationCollapsedRebirthPersistentOracle5108/257","Elapsed":0}
{"Time":"2026-10-07T23:21:16.698225-10:00","Action":"run","Package":"github.com/snissn/gomap/TreeDB/freelist","Test":"TestPrivatePreparationCollapsedRebirthPersistentOracle5108/4098"}
{"Time":"2026-10-07T23:21:16.698228-10:00","Action":"output","Package":"github.com/snissn/gomap/TreeDB/freelist","Test":"TestPrivatePreparationCollapsedRebirthPersistentOracle5108/4098","Output":"=== RUN   TestPrivatePreparationCollapsedRebirthPersistentOracle5108/4098\n"}
{"Time":"2026-10-07T23:21:16.698996-10:00","Action":"output","Package":"github.com/snissn/gomap/TreeDB/freelist","Test":"TestPrivatePreparationCollapsedRebirthPersistentOracle5108/4098","Output":"--- PASS: TestPrivatePreparationCollapsedRebirthPersistentOracle5108/4098 (0.00s)\n"}
{"Time":"2026-10-07T23:21:16.699003-10:00","Action":"pass","Package":"github.com/snissn/gomap/TreeDB/freelist","Test":"TestPrivatePreparationCollapsedRebirthPersistentOracle5108/4098","Elapsed":0}
{"Time":"2026-10-07T23:21:16.699034-10:00","Action":"run","Package":"github.com/snissn/gomap/TreeDB/freelist","Test":"TestPrivatePreparationCollapsedRebirthPersistentOracle5108/65538"}
{"Time":"2026-10-07T23:21:16.699039-10:00","Action":"output","Package":"github.com/snissn/gomap/TreeDB/freelist","Test":"TestPrivatePreparationCollapsedRebirthPersistentOracle5108/65538","Output":"=== RUN   TestPrivatePreparationCollapsedRebirthPersistentOracle5108/65538\n"}
{"Time":"2026-10-07T23:21:16.699917-10:00","Action":"output","Package":"github.com/snissn/gomap/TreeDB/freelist","Test":"TestPrivatePreparationCollapsedRebirthPersistentOracle5108/65538","Output":"--- PASS: TestPrivatePreparationCollapsedRebirthPersistentOracle5108/65538 (0.00s)\n"}
{"Time":"2026-10-07T23:21:16.699926-10:00","Action":"pass","Package":"github.com/snissn/gomap/TreeDB/freelist","Test":"TestPrivatePreparationCollapsedRebirthPersistentOracle5108/65538","Elapsed":0}
{"Time":"2026-10-07T23:21:16.699934-10:00","Action":"output","Package":"github.com/snissn/gomap/TreeDB/freelist","Test":"TestPrivatePreparationCollapsedRebirthPersistentOracle5108","Output":"--- PASS: TestPrivatePreparationCollapsedRebirthPersistentOracle5108 (0.00s)\n"}
{"Time":"2026-10-07T23:21:16.699941-10:00","Action":"pass","Package":"github.com/snissn/gomap/TreeDB/freelist","Test":"TestPrivatePreparationCollapsedRebirthPersistentOracle5108","Elapsed":0}
{"Time":"2026-10-07T23:21:16.699966-10:00","Action":"run","Package":"github.com/snissn/gomap/TreeDB/freelist","Test":"TestPrivatePreparationCollapsedRebirthAbortAndFailure5108"}
{"Time":"2026-10-07T23:21:16.699971-10:00","Action":"output","Package":"github.com/snissn/gomap/TreeDB/freelist","Test":"TestPrivatePreparationCollapsedRebirthAbortAndFailure5108","Output":"=== RUN   TestPrivatePreparationCollapsedRebirthAbortAndFailure5108\n"}
{"Time":"2026-10-07T23:21:16.699991-10:00","Action":"run","Package":"github.com/snissn/gomap/TreeDB/freelist","Test":"TestPrivatePreparationCollapsedRebirthAbortAndFailure5108/false"}
{"Time":"2026-10-07T23:21:16.700001-10:00","Action":"output","Package":"github.com/snissn/gomap/TreeDB/freelist","Test":"TestPrivatePreparationCollapsedRebirthAbortAndFailure5108/false","Output":"=== RUN   TestPrivatePreparationCollapsedRebirthAbortAndFailure5108/false\n"}
{"Time":"2026-10-07T23:21:16.703138-10:00","Action":"output","Package":"github.com/snissn/gomap/TreeDB/freelist","Test":"TestPrivatePreparationCollapsedRebirthAbortAndFailure5108/false","Output":"--- PASS: TestPrivatePreparationCollapsedRebirthAbortAndFailure5108/false (0.00s)\n"}
{"Time":"2026-10-07T23:21:16.703146-10:00","Action":"pass","Package":"github.com/snissn/gomap/TreeDB/freelist","Test":"TestPrivatePreparationCollapsedRebirthAbortAndFailure5108/false","Elapsed":0}
{"Time":"2026-10-07T23:21:16.703178-10:00","Action":"run","Package":"github.com/snissn/gomap/TreeDB/freelist","Test":"TestPrivatePreparationCollapsedRebirthAbortAndFailure5108/true"}
{"Time":"2026-10-07T23:21:16.703182-10:00","Action":"output","Package":"github.com/snissn/gomap/TreeDB/freelist","Test":"TestPrivatePreparationCollapsedRebirthAbortAndFailure5108/true","Output":"=== RUN   TestPrivatePreparationCollapsedRebirthAbortAndFailure5108/true\n"}
{"Time":"2026-10-07T23:21:16.706139-10:00","Action":"output","Package":"github.com/snissn/gomap/TreeDB/freelist","Test":"TestPrivatePreparationCollapsedRebirthAbortAndFailure5108/true","Output":"--- PASS: TestPrivatePreparationCollapsedRebirthAbortAndFailure5108/true (0.00s)\n"}
{"Time":"2026-10-07T23:21:16.706151-10:00","Action":"pass","Package":"github.com/snissn/gomap/TreeDB/freelist","Test":"TestPrivatePreparationCollapsedRebirthAbortAndFailure5108/true","Elapsed":0}
{"Time":"2026-10-07T23:21:16.706161-10:00","Action":"output","Package":"github.com/snissn/gomap/TreeDB/freelist","Test":"TestPrivatePreparationCollapsedRebirthAbortAndFailure5108","Output":"--- PASS: TestPrivatePreparationCollapsedRebirthAbortAndFailure5108 (0.01s)\n"}
{"Time":"2026-10-07T23:21:16.706168-10:00","Action":"pass","Package":"github.com/snissn/gomap/TreeDB/freelist","Test":"TestPrivatePreparationCollapsedRebirthAbortAndFailure5108","Elapsed":0.01}
{"Time":"2026-10-07T23:21:16.7062-10:00","Action":"run","Package":"github.com/snissn/gomap/TreeDB/freelist","Test":"TestPrivatePreparationDurableBranchDirtyChunk5108"}
{"Time":"2026-10-07T23:21:16.706207-10:00","Action":"output","Package":"github.com/snissn/gomap/TreeDB/freelist","Test":"TestPrivatePreparationDurableBranchDirtyChunk5108","Output":"=== RUN   TestPrivatePreparationDurableBranchDirtyChunk5108\n"}
{"Time":"2026-10-07T23:21:16.70627-10:00","Action":"output","Package":"github.com/snissn/gomap/TreeDB/freelist","Test":"TestPrivatePreparationDurableBranchDirtyChunk5108","Output":"--- PASS: TestPrivatePreparationDurableBranchDirtyChunk5108 (0.00s)\n"}
{"Time":"2026-10-07T23:21:16.706277-10:00","Action":"pass","Package":"github.com/snissn/gomap/TreeDB/freelist","Test":"TestPrivatePreparationDurableBranchDirtyChunk5108","Elapsed":0}
{"Time":"2026-10-07T23:21:16.70629-10:00","Action":"run","Package":"github.com/snissn/gomap/TreeDB/freelist","Test":"TestBoundedPrune512FreshCapabilityAndWholeWork"}
{"Time":"2026-10-07T23:21:16.706295-10:00","Action":"output","Package":"github.com/snissn/gomap/TreeDB/freelist","Test":"TestBoundedPrune512FreshCapabilityAndWholeWork","Output":"=== RUN   TestBoundedPrune512FreshCapabilityAndWholeWork\n"}
{"Time":"2026-10-07T23:21:16.708977-10:00","Action":"output","Package":"github.com/snissn/gomap/TreeDB/freelist","Test":"TestBoundedPrune512FreshCapabilityAndWholeWork","Output":"--- PASS: TestBoundedPrune512FreshCapabilityAndWholeWork (0.00s)\n"}
{"Time":"2026-10-07T23:21:16.708985-10:00","Action":"pass","Package":"github.com/snissn/gomap/TreeDB/freelist","Test":"TestBoundedPrune512FreshCapabilityAndWholeWork","Elapsed":0}
{"Time":"2026-10-07T23:21:16.709001-10:00","Action":"run","Package":"github.com/snissn/gomap/TreeDB/freelist","Test":"TestNormalizeExtentsOwnedCopyAllocations4627"}
{"Time":"2026-10-07T23:21:16.709005-10:00","Action":"output","Package":"github.com/snissn/gomap/TreeDB/freelist","Test":"TestNormalizeExtentsOwnedCopyAllocations4627","Output":"=== RUN   TestNormalizeExtentsOwnedCopyAllocations4627\n"}
{"Time":"2026-10-07T23:21:16.709158-10:00","Action":"output","Package":"github.com/snissn/gomap/TreeDB/freelist","Test":"TestNormalizeExtentsOwnedCopyAllocations4627","Output":"--- PASS: TestNormalizeExtentsOwnedCopyAllocations4627 (0.00s)\n"}
{"Time":"2026-10-07T23:21:16.70917-10:00","Action":"pass","Package":"github.com/snissn/gomap/TreeDB/freelist","Test":"TestNormalizeExtentsOwnedCopyAllocations4627","Elapsed":0}
{"Time":"2026-10-07T23:21:16.709193-10:00","Action":"run","Package":"github.com/snissn/gomap/TreeDB/freelist","Test":"TestFreelistGenerationV1_OlderGenerationAndPagesRemainImmutable"}
{"Time":"2026-10-07T23:21:16.709209-10:00","Action":"output","Package":"github.com/snissn/gomap/TreeDB/freelist","Test":"TestFreelistGenerationV1_OlderGenerationAndPagesRemainImmutable","Output":"=== RUN   TestFreelistGenerationV1_OlderGenerationAndPagesRemainImmutable\n"}
{"Time":"2026-10-07T23:21:16.70939-10:00","Action":"output","Package":"github.com/snissn/gomap/TreeDB/freelist","Test":"TestFreelistGenerationV1_OlderGenerationAndPagesRemainImmutable","Output":"--- PASS: TestFreelistGenerationV1_OlderGenerationAndPagesRemainImmutable (0.00s)\n"}
{"Time":"2026-10-07T23:21:16.709448-10:00","Action":"pass","Package":"github.com/snissn/gomap/TreeDB/freelist","Test":"TestFreelistGenerationV1_OlderGenerationAndPagesRemainImmutable","Elapsed":0}
{"Time":"2026-10-07T23:21:16.709457-10:00","Action":"run","Package":"github.com/snissn/gomap/TreeDB/freelist","Test":"TestFreelistGenerationV1_MaterializeDoesNotAssignIDsIntoBase"}
{"Time":"2026-10-07T23:21:16.709465-10:00","Action":"output","Package":"github.com/snissn/gomap/TreeDB/freelist","Test":"TestFreelistGenerationV1_MaterializeDoesNotAssignIDsIntoBase","Output":"=== RUN   TestFreelistGenerationV1_MaterializeDoesNotAssignIDsIntoBase\n"}
{"Time":"2026-10-07T23:21:16.709513-10:00","Action":"output","Package":"github.com/snissn/gomap/TreeDB/freelist","Test":"TestFreelistGenerationV1_MaterializeDoesNotAssignIDsIntoBase","Output":"--- PASS: TestFreelistGenerationV1_MaterializeDoesNotAssignIDsIntoBase (0.00s)\n"}
{"Time":"2026-10-07T23:21:16.709524-10:00","Action":"pass","Package":"github.com/snissn/gomap/TreeDB/freelist","Test":"TestFreelistGenerationV1_MaterializeDoesNotAssignIDsIntoBase","Elapsed":0}
{"Time":"2026-10-07T23:21:16.709538-10:00","Action":"run","Package":"github.com/snissn/gomap/TreeDB/freelist","Test":"TestFreelistGenerationV1_HorizonPreventsPrematureReuse"}
{"Time":"2026-10-07T23:21:16.709542-10:00","Action":"output","Package":"github.com/snissn/gomap/TreeDB/freelist","Test":"TestFreelistGenerationV1_HorizonPreventsPrematureReuse","Output":"=== RUN   TestFreelistGenerationV1_HorizonPreventsPrematureReuse\n"}
{"Time":"2026-10-07T23:21:16.709604-10:00","Action":"output","Package":"github.com/snissn/gomap/TreeDB/freelist","Test":"TestFreelistGenerationV1_HorizonPreventsPrematureReuse","Output":"--- PASS: TestFreelistGenerationV1_HorizonPreventsPrematureReuse (0.00s)\n"}
{"Time":"2026-10-07T23:21:16.70962-10:00","Action":"pass","Package":"github.com/snissn/gomap/TreeDB/freelist","Test":"TestFreelistGenerationV1_HorizonPreventsPrematureReuse","Elapsed":0}
{"Time":"2026-10-07T23:21:16.709628-10:00","Action":"run","Package":"github.com/snissn/gomap/TreeDB/freelist","Test":"TestFreelistTxn_CandidateReservationsSurviveSupersedeAndFailure"}
{"Time":"2026-10-07T23:21:16.709632-10:00","Action":"output","Package":"github.com/snissn/gomap/TreeDB/freelist","Test":"TestFreelistTxn_CandidateReservationsSurviveSupersedeAndFailure","Output":"=== RUN   TestFreelistTxn_CandidateReservationsSurviveSupersedeAndFailure\n"}
{"Time":"2026-10-07T23:21:16.709703-10:00","Action":"output","Package":"github.com/snissn/gomap/TreeDB/freelist","Test":"TestFreelistTxn_CandidateReservationsSurviveSupersedeAndFailure","Output":"--- PASS: TestFreelistTxn_CandidateReservationsSurviveSupersedeAndFailure (0.00s)\n"}
{"Time":"2026-10-07T23:21:16.709711-10:00","Action":"pass","Package":"github.com/snissn/gomap/TreeDB/freelist","Test":"TestFreelistTxn_CandidateReservationsSurviveSupersedeAndFailure","Elapsed":0}
{"Time":"2026-10-07T23:21:16.709728-10:00","Action":"run","Package":"github.com/snissn/gomap/TreeDB/freelist","Test":"TestFreelistTxn_AllocateSkipsAnotherCandidateReservation"}
{"Time":"2026-10-07T23:21:16.709732-10:00","Action":"output","Package":"github.com/snissn/gomap/TreeDB/freelist","Test":"TestFreelistTxn_AllocateSkipsAnotherCandidateReservation","Output":"=== RUN   TestFreelistTxn_AllocateSkipsAnotherCandidateReservation\n"}
{"Time":"2026-10-07T23:21:16.709804-10:00","Action":"output","Package":"github.com/snissn/gomap/TreeDB/freelist","Test":"TestFreelistTxn_AllocateSkipsAnotherCandidateReservation","Output":"--- PASS: TestFreelistTxn_AllocateSkipsAnotherCandidateReservation (0.00s)\n"}
{"Time":"2026-10-07T23:21:16.70983-10:00","Action":"pass","Package":"github.com/snissn/gomap/TreeDB/freelist","Test":"TestFreelistTxn_AllocateSkipsAnotherCandidateReservation","Elapsed":0}
{"Time":"2026-10-07T23:21:16.709834-10:00","Action":"run","Package":"github.com/snissn/gomap/TreeDB/freelist","Test":"TestFreelistTxn_AppendFallbackSkipsAnotherCandidatesMetadataTail"}
{"Time":"2026-10-07T23:21:16.709837-10:00","Action":"output","Package":"github.com/snissn/gomap/TreeDB/freelist","Test":"TestFreelistTxn_AppendFallbackSkipsAnotherCandidatesMetadataTail","Output":"=== RUN   TestFreelistTxn_AppendFallbackSkipsAnotherCandidatesMetadataTail\n"}
{"Time":"2026-10-07T23:21:16.710006-10:00","Action":"output","Package":"github.com/snissn/gomap/TreeDB/freelist","Test":"TestFreelistTxn_AppendFallbackSkipsAnotherCandidatesMetadataTail","Output":"--- PASS: TestFreelistTxn_AppendFallbackSkipsAnotherCandidatesMetadataTail (0.00s)\n"}
{"Time":"2026-10-07T23:21:16.710014-10:00","Action":"pass","Package":"github.com/snissn/gomap/TreeDB/freelist","Test":"TestFreelistTxn_AppendFallbackSkipsAnotherCandidatesMetadataTail","Elapsed":0}
{"Time":"2026-10-07T23:21:16.710032-10:00","Action":"run","Package":"github.com/snissn/gomap/TreeDB/freelist","Test":"TestFreelistTxn_ReservationRejectsAppendChosenBeforeCompetingMetadataTail"}
{"Time":"2026-10-07T23:21:16.710035-10:00","Action":"output","Package":"github.com/snissn/gomap/TreeDB/freelist","Test":"TestFreelistTxn_ReservationRejectsAppendChosenBeforeCompetingMetadataTail","Output":"=== RUN   TestFreelistTxn_ReservationRejectsAppendChosenBeforeCompetingMetadataTail\n"}
{"Time":"2026-10-07T23:21:16.710126-10:00","Action":"output","Package":"github.com/snissn/gomap/TreeDB/freelist","Test":"TestFreelistTxn_ReservationRejectsAppendChosenBeforeCompetingMetadataTail","Output":"--- PASS: TestFreelistTxn_ReservationRejectsAppendChosenBeforeCompetingMetadataTail (0.00s)\n"}
{"Time":"2026-10-07T23:21:16.710132-10:00","Action":"pass","Package":"github.com/snissn/gomap/TreeDB/freelist","Test":"TestFreelistTxn_ReservationRejectsAppendChosenBeforeCompetingMetadataTail","Elapsed":0}
{"Time":"2026-10-07T23:21:16.710149-10:00","Action":"run","Package":"github.com/snissn/gomap/TreeDB/freelist","Test":"TestFreelistTxn_GenericSinkCannotMutateOrRetainCandidatePages"}
{"Time":"2026-10-07T23:21:16.710152-10:00","Action":"output","Package":"github.com/snissn/gomap/TreeDB/freelist","Test":"TestFreelistTxn_GenericSinkCannotMutateOrRetainCandidatePages","Output":"=== RUN   TestFreelistTxn_GenericSinkCannotMutateOrRetainCandidatePages\n"}
{"Time":"2026-10-07T23:21:16.71033-10:00","Action":"output","Package":"github.com/snissn/gomap/TreeDB/freelist","Test":"TestFreelistTxn_GenericSinkCannotMutateOrRetainCandidatePages","Output":"--- PASS: TestFreelistTxn_GenericSinkCannotMutateOrRetainCandidatePages (0.00s)\n"}
{"Time":"2026-10-07T23:21:16.710337-10:00","Action":"pass","Package":"github.com/snissn/gomap/TreeDB/freelist","Test":"TestFreelistTxn_GenericSinkCannotMutateOrRetainCandidatePages","Elapsed":0}
{"Time":"2026-10-07T23:21:16.710355-10:00","Action":"run","Package":"github.com/snissn/gomap/TreeDB/freelist","Test":"TestFreelistCandidateV1_WritePagesToUsesOpaqueViewsAndStopsOnError"}
{"Time":"2026-10-07T23:21:16.710361-10:00","Action":"output","Package":"github.com/snissn/gomap/TreeDB/freelist","Test":"TestFreelistCandidateV1_WritePagesToUsesOpaqueViewsAndStopsOnError","Output":"=== RUN   TestFreelistCandidateV1_WritePagesToUsesOpaqueViewsAndStopsOnError\n"}
{"Time":"2026-10-07T23:21:16.710508-10:00","Action":"output","Package":"github.com/snissn/gomap/TreeDB/freelist","Test":"TestFreelistCandidateV1_WritePagesToUsesOpaqueViewsAndStopsOnError","Output":"--- PASS: TestFreelistCandidateV1_WritePagesToUsesOpaqueViewsAndStopsOnError (0.00s)\n"}
{"Time":"2026-10-07T23:21:16.710513-10:00","Action":"pass","Package":"github.com/snissn/gomap/TreeDB/freelist","Test":"TestFreelistCandidateV1_WritePagesToUsesOpaqueViewsAndStopsOnError","Elapsed":0}
{"Time":"2026-10-07T23:21:16.710535-10:00","Action":"run","Package":"github.com/snissn/gomap/TreeDB/freelist","Test":"TestFreelistTxn_CandidateSinkEliminatesIsolationCopies"}
{"Time":"2026-10-07T23:21:16.710539-10:00","Action":"output","Package":"github.com/snissn/gomap/TreeDB/freelist","Test":"TestFreelistTxn_CandidateSinkEliminatesIsolationCopies","Output":"=== RUN   TestFreelistTxn_CandidateSinkEliminatesIsolationCopies\n"}
{"Time":"2026-10-07T23:21:16.710675-10:00","Action":"output","Package":"github.com/snissn/gomap/TreeDB/freelist","Test":"TestFreelistTxn_CandidateSinkEliminatesIsolationCopies","Output":"--- PASS: TestFreelistTxn_CandidateSinkEliminatesIsolationCopies (0.00s)\n"}
{"Time":"2026-10-07T23:21:16.710681-10:00","Action":"pass","Package":"github.com/snissn/gomap/TreeDB/freelist","Test":"TestFreelistTxn_CandidateSinkEliminatesIsolationCopies","Elapsed":0}
{"Time":"2026-10-07T23:21:16.710699-10:00","Action":"run","Package":"github.com/snissn/gomap/TreeDB/freelist","Test":"TestCandidatePageSinkV1_ValidatesSizeAndDuplicateWithoutRetainingBytes"}
{"Time":"2026-10-07T23:21:16.710702-10:00","Action":"output","Package":"github.com/snissn/gomap/TreeDB/freelist","Test":"TestCandidatePageSinkV1_ValidatesSizeAndDuplicateWithoutRetainingBytes","Output":"=== RUN   TestCandidatePageSinkV1_ValidatesSizeAndDuplicateWithoutRetainingBytes\n"}
{"Time":"2026-10-07T23:21:16.710733-10:00","Action":"output","Package":"github.com/snissn/gomap/TreeDB/freelist","Test":"TestCandidatePageSinkV1_ValidatesSizeAndDuplicateWithoutRetainingBytes","Output":"--- PASS: TestCandidatePageSinkV1_ValidatesSizeAndDuplicateWithoutRetainingBytes (0.00s)\n"}
{"Time":"2026-10-07T23:21:16.710737-10:00","Action":"pass","Package":"github.com/snissn/gomap/TreeDB/freelist","Test":"TestCandidatePageSinkV1_ValidatesSizeAndDuplicateWithoutRetainingBytes","Elapsed":0}
{"Time":"2026-10-07T23:21:16.710755-10:00","Action":"run","Package":"github.com/snissn/gomap/TreeDB/freelist","Test":"TestWriteCandidatePageToPagerV1CopiesWithoutRetainingCandidateBytes"}
{"Time":"2026-10-07T23:21:16.710758-10:00","Action":"output","Package":"github.com/snissn/gomap/TreeDB/freelist","Test":"TestWriteCandidatePageToPagerV1CopiesWithoutRetainingCandidateBytes","Output":"=== RUN   TestWriteCandidatePageToPagerV1CopiesWithoutRetainingCandidateBytes\n"}
{"Time":"2026-10-07T23:21:16.711452-10:00","Action":"output","Package":"github.com/snissn/gomap/TreeDB/freelist","Test":"TestWriteCandidatePageToPagerV1CopiesWithoutRetainingCandidateBytes","Output":"--- PASS: TestWriteCandidatePageToPagerV1CopiesWithoutRetainingCandidateBytes (0.00s)\n"}
{"Time":"2026-10-07T23:21:16.711465-10:00","Action":"pass","Package":"github.com/snissn/gomap/TreeDB/freelist","Test":"TestWriteCandidatePageToPagerV1CopiesWithoutRetainingCandidateBytes","Elapsed":0}
{"Time":"2026-10-07T23:21:16.71147-10:00","Action":"run","Package":"github.com/snissn/gomap/TreeDB/freelist","Test":"TestFreelistTxn_SinkFailureConsumesTransaction"}
{"Time":"2026-10-07T23:21:16.711475-10:00","Action":"output","Package":"github.com/snissn/gomap/TreeDB/freelist","Test":"TestFreelistTxn_SinkFailureConsumesTransaction","Output":"=== RUN   TestFreelistTxn_SinkFailureConsumesTransaction\n"}
{"Time":"2026-10-07T23:21:16.71155-10:00","Action":"output","Package":"github.com/snissn/gomap/TreeDB/freelist","Test":"TestFreelistTxn_SinkFailureConsumesTransaction","Output":"--- PASS: TestFreelistTxn_SinkFailureConsumesTransaction (0.00s)\n"}
{"Time":"2026-10-07T23:21:16.711561-10:00","Action":"pass","Package":"github.com/snissn/gomap/TreeDB/freelist","Test":"TestFreelistTxn_SinkFailureConsumesTransaction","Elapsed":0}
{"Time":"2026-10-07T23:21:16.711575-10:00","Action":"run","Package":"github.com/snissn/gomap/TreeDB/freelist","Test":"TestFreelistTxn_PartialSinkFailureBurnsTailUntilRetryPublishesAbandonment"}
{"Time":"2026-10-07T23:21:16.711579-10:00","Action":"output","Package":"github.com/snissn/gomap/TreeDB/freelist","Test":"TestFreelistTxn_PartialSinkFailureBurnsTailUntilRetryPublishesAbandonment","Output":"=== RUN   TestFreelistTxn_PartialSinkFailureBurnsTailUntilRetryPublishesAbandonment\n"}
{"Time":"2026-10-07T23:21:16.711722-10:00","Action":"output","Package":"github.com/snissn/gomap/TreeDB/freelist","Test":"TestFreelistTxn_PartialSinkFailureBurnsTailUntilRetryPublishesAbandonment","Output":"--- PASS: TestFreelistTxn_PartialSinkFailureBurnsTailUntilRetryPublishesAbandonment (0.00s)\n"}
{"Time":"2026-10-07T23:21:16.711727-10:00","Action":"pass","Package":"github.com/snissn/gomap/TreeDB/freelist","Test":"TestFreelistTxn_PartialSinkFailureBurnsTailUntilRetryPublishesAbandonment","Elapsed":0}
{"Time":"2026-10-07T23:21:16.711744-10:00","Action":"run","Package":"github.com/snissn/gomap/TreeDB/freelist","Test":"TestReservationLedger_VisibleAndAmbiguousStatesRetainOwnership"}
{"Time":"2026-10-07T23:21:16.711747-10:00","Action":"output","Package":"github.com/snissn/gomap/TreeDB/freelist","Test":"TestReservationLedger_VisibleAndAmbiguousStatesRetainOwnership","Output":"=== RUN   TestReservationLedger_VisibleAndAmbiguousStatesRetainOwnership\n"}
{"Time":"2026-10-07T23:21:16.711814-10:00","Action":"output","Package":"github.com/snissn/gomap/TreeDB/freelist","Test":"TestReservationLedger_VisibleAndAmbiguousStatesRetainOwnership","Output":"--- PASS: TestReservationLedger_VisibleAndAmbiguousStatesRetainOwnership (0.00s)\n"}
{"Time":"2026-10-07T23:21:16.711821-10:00","Action":"pass","Package":"github.com/snissn/gomap/TreeDB/freelist","Test":"TestReservationLedger_VisibleAndAmbiguousStatesRetainOwnership","Elapsed":0}
{"Time":"2026-10-07T23:21:16.711837-10:00","Action":"run","Package":"github.com/snissn/gomap/TreeDB/freelist","Test":"TestFreelistGenerationV1_PageCodecRoundTripAndCorruption"}
{"Time":"2026-10-07T23:21:16.71184-10:00","Action":"output","Package":"github.com/snissn/gomap/TreeDB/freelist","Test":"TestFreelistGenerationV1_PageCodecRoundTripAndCorruption","Output":"=== RUN   TestFreelistGenerationV1_PageCodecRoundTripAndCorruption\n"}
{"Time":"2026-10-07T23:21:16.712274-10:00","Action":"output","Package":"github.com/snissn/gomap/TreeDB/freelist","Test":"TestFreelistGenerationV1_PageCodecRoundTripAndCorruption","Output":"--- PASS: TestFreelistGenerationV1_PageCodecRoundTripAndCorruption (0.00s)\n"}
{"Time":"2026-10-07T23:21:16.71228-10:00","Action":"pass","Package":"github.com/snissn/gomap/TreeDB/freelist","Test":"TestFreelistGenerationV1_PageCodecRoundTripAndCorruption","Elapsed":0}
{"Time":"2026-10-07T23:21:16.712296-10:00","Action":"run","Package":"github.com/snissn/gomap/TreeDB/freelist","Test":"TestFreelistGenerationV1_EveryPageKindRejectsCorruption"}
{"Time":"2026-10-07T23:21:16.7123-10:00","Action":"output","Package":"github.com/snissn/gomap/TreeDB/freelist","Test":"TestFreelistGenerationV1_EveryPageKindRejectsCorruption","Output":"=== RUN   TestFreelistGenerationV1_EveryPageKindRejectsCorruption\n"}
{"Time":"2026-10-07T23:21:16.71285-10:00","Action":"output","Package":"github.com/snissn/gomap/TreeDB/freelist","Test":"TestFreelistGenerationV1_EveryPageKindRejectsCorruption","Output":"--- PASS: TestFreelistGenerationV1_EveryPageKindRejectsCorruption (0.00s)\n"}
{"Time":"2026-10-07T23:21:16.712856-10:00","Action":"pass","Package":"github.com/snissn/gomap/TreeDB/freelist","Test":"TestFreelistGenerationV1_EveryPageKindRejectsCorruption","Elapsed":0}
{"Time":"2026-10-07T23:21:16.712879-10:00","Action":"run","Package":"github.com/snissn/gomap/TreeDB/freelist","Test":"TestFreelistGenerationV1_CanonicalAndSummaryValidationSurvivesRecomputedCRC"}
{"Time":"2026-10-07T23:21:16.712883-10:00","Action":"output","Package":"github.com/snissn/gomap/TreeDB/freelist","Test":"TestFreelistGenerationV1_CanonicalAndSummaryValidationSurvivesRecomputedCRC","Output":"=== RUN   TestFreelistGenerationV1_CanonicalAndSummaryValidationSurvivesRecomputedCRC\n"}
{"Time":"2026-10-07T23:21:16.713405-10:00","Action":"output","Package":"github.com/snissn/gomap/TreeDB/freelist","Test":"TestFreelistGenerationV1_CanonicalAndSummaryValidationSurvivesRecomputedCRC","Output":"--- PASS: TestFreelistGenerationV1_CanonicalAndSummaryValidationSurvivesRecomputedCRC (0.00s)\n"}
{"Time":"2026-10-07T23:21:16.713423-10:00","Action":"pass","Package":"github.com/snissn/gomap/TreeDB/freelist","Test":"TestFreelistGenerationV1_CanonicalAndSummaryValidationSurvivesRecomputedCRC","Elapsed":0}
{"Time":"2026-10-07T23:21:16.71343-10:00","Action":"run","Package":"github.com/snissn/gomap/TreeDB/freelist","Test":"TestReservationExtentsRejectCrossKindOverlap"}
{"Time":"2026-10-07T23:21:16.713435-10:00","Action":"output","Package":"github.com/snissn/gomap/TreeDB/freelist","Test":"TestReservationExtentsRejectCrossKindOverlap","Output":"=== RUN   TestReservationExtentsRejectCrossKindOverlap\n"}
{"Time":"2026-10-07T23:21:16.713449-10:00","Action":"output","Package":"github.com/snissn/gomap/TreeDB/freelist","Test":"TestReservationExtentsRejectCrossKindOverlap","Output":"--- PASS: TestReservationExtentsRejectCrossKindOverlap (0.00s)\n"}
{"Time":"2026-10-07T23:21:16.713454-10:00","Action":"pass","Package":"github.com/snissn/gomap/TreeDB/freelist","Test":"TestReservationExtentsRejectCrossKindOverlap","Elapsed":0}
{"Time":"2026-10-07T23:21:16.713473-10:00","Action":"run","Package":"github.com/snissn/gomap/TreeDB/freelist","Test":"TestFreelistGenerationV1_ReopenReconstructsReservationOwnership"}
{"Time":"2026-10-07T23:21:16.713477-10:00","Action":"output","Package":"github.com/snissn/gomap/TreeDB/freelist","Test":"TestFreelistGenerationV1_ReopenReconstructsReservationOwnership","Output":"=== RUN   TestFreelistGenerationV1_ReopenReconstructsReservationOwnership\n"}
{"Time":"2026-10-07T23:21:16.713726-10:00","Action":"output","Package":"github.com/snissn/gomap/TreeDB/freelist","Test":"TestFreelistGenerationV1_ReopenReconstructsReservationOwnership","Output":"--- PASS: TestFreelistGenerationV1_ReopenReconstructsReservationOwnership (0.00s)\n"}
{"Time":"2026-10-07T23:21:16.71373-10:00","Action":"pass","Package":"github.com/snissn/gomap/TreeDB/freelist","Test":"TestFreelistGenerationV1_ReopenReconstructsReservationOwnership","Elapsed":0}
{"Time":"2026-10-07T23:21:16.713754-10:00","Action":"run","Package":"github.com/snissn/gomap/TreeDB/freelist","Test":"TestFreelistGenerationV1_MultiPageReservationRecordRoundTripAndDigest"}
{"Time":"2026-10-07T23:21:16.713757-10:00","Action":"output","Package":"github.com/snissn/gomap/TreeDB/freelist","Test":"TestFreelistGenerationV1_MultiPageReservationRecordRoundTripAndDigest","Output":"=== RUN   TestFreelistGenerationV1_MultiPageReservationRecordRoundTripAndDigest\n"}
{"Time":"2026-10-07T23:21:16.716138-10:00","Action":"output","Package":"github.com/snissn/gomap/TreeDB/freelist","Test":"TestFreelistGenerationV1_MultiPageReservationRecordRoundTripAndDigest","Output":"--- PASS: TestFreelistGenerationV1_MultiPageReservationRecordRoundTripAndDigest (0.00s)\n"}
{"Time":"2026-10-07T23:21:16.716145-10:00","Action":"pass","Package":"github.com/snissn/gomap/TreeDB/freelist","Test":"TestFreelistGenerationV1_MultiPageReservationRecordRoundTripAndDigest","Elapsed":0}
{"Time":"2026-10-07T23:21:16.716158-10:00","Action":"run","Package":"github.com/snissn/gomap/TreeDB/freelist","Test":"TestFreelistGenerationV1_OneChunkDeltaEmitsOnlyOnePath"}
{"Time":"2026-10-07T23:21:16.716162-10:00","Action":"output","Package":"github.com/snissn/gomap/TreeDB/freelist","Test":"TestFreelistGenerationV1_OneChunkDeltaEmitsOnlyOnePath","Output":"=== RUN   TestFreelistGenerationV1_OneChunkDeltaEmitsOnlyOnePath\n"}
{"Time":"2026-10-07T23:21:16.878694-10:00","Action":"output","Package":"github.com/snissn/gomap/TreeDB/freelist","Test":"TestFreelistGenerationV1_OneChunkDeltaEmitsOnlyOnePath","Output":"--- PASS: TestFreelistGenerationV1_OneChunkDeltaEmitsOnlyOnePath (0.16s)\n"}
{"Time":"2026-10-07T23:21:16.878734-10:00","Action":"pass","Package":"github.com/snissn/gomap/TreeDB/freelist","Test":"TestFreelistGenerationV1_OneChunkDeltaEmitsOnlyOnePath","Elapsed":0.16}
{"Time":"2026-10-07T23:21:16.87874-10:00","Action":"run","Package":"github.com/snissn/gomap/TreeDB/freelist","Test":"TestFreelistGenerationV1_BatchedRetirementMutatesEachChunkOnce"}
{"Time":"2026-10-07T23:21:16.878744-10:00","Action":"output","Package":"github.com/snissn/gomap/TreeDB/freelist","Test":"TestFreelistGenerationV1_BatchedRetirementMutatesEachChunkOnce","Output":"=== RUN   TestFreelistGenerationV1_BatchedRetirementMutatesEachChunkOnce\n"}
{"Time":"2026-10-07T23:21:16.878883-10:00","Action":"output","Package":"github.com/snissn/gomap/TreeDB/freelist","Test":"TestFreelistGenerationV1_BatchedRetirementMutatesEachChunkOnce","Output":"--- PASS: TestFreelistGenerationV1_BatchedRetirementMutatesEachChunkOnce (0.00s)\n"}
{"Time":"2026-10-07T23:21:16.878892-10:00","Action":"pass","Package":"github.com/snissn/gomap/TreeDB/freelist","Test":"TestFreelistGenerationV1_BatchedRetirementMutatesEachChunkOnce","Elapsed":0}
{"Time":"2026-10-07T23:21:16.878907-10:00","Action":"run","Package":"github.com/snissn/gomap/TreeDB/freelist","Test":"TestFreelistGenerationV1_BatchedPruneMutatesEachChunkOnce"}
{"Time":"2026-10-07T23:21:16.878911-10:00","Action":"output","Package":"github.com/snissn/gomap/TreeDB/freelist","Test":"TestFreelistGenerationV1_BatchedPruneMutatesEachChunkOnce","Output":"=== RUN   TestFreelistGenerationV1_BatchedPruneMutatesEachChunkOnce\n"}
{"Time":"2026-10-07T23:21:16.879735-10:00","Action":"output","Package":"github.com/snissn/gomap/TreeDB/freelist","Test":"TestFreelistGenerationV1_BatchedPruneMutatesEachChunkOnce","Output":"--- PASS: TestFreelistGenerationV1_BatchedPruneMutatesEachChunkOnce (0.00s)\n"}
{"Time":"2026-10-07T23:21:16.879743-10:00","Action":"pass","Package":"github.com/snissn/gomap/TreeDB/freelist","Test":"TestFreelistGenerationV1_BatchedPruneMutatesEachChunkOnce","Elapsed":0}
{"Time":"2026-10-07T23:21:16.87976-10:00","Action":"run","Package":"github.com/snissn/gomap/TreeDB/freelist","Test":"TestFreelistGenerationV1_BatchedRetirementMatchesPerPageBytes"}
{"Time":"2026-10-07T23:21:16.879764-10:00","Action":"output","Package":"github.com/snissn/gomap/TreeDB/freelist","Test":"TestFreelistGenerationV1_BatchedRetirementMatchesPerPageBytes","Output":"=== RUN   TestFreelistGenerationV1_BatchedRetirementMatchesPerPageBytes\n"}
{"Time":"2026-10-07T23:21:16.880406-10:00","Action":"output","Package":"github.com/snissn/gomap/TreeDB/freelist","Test":"TestFreelistGenerationV1_BatchedRetirementMatchesPerPageBytes","Output":"--- PASS: TestFreelistGenerationV1_BatchedRetirementMatchesPerPageBytes (0.00s)\n"}
{"Time":"2026-10-07T23:21:16.880418-10:00","Action":"pass","Package":"github.com/snissn/gomap/TreeDB/freelist","Test":"TestFreelistGenerationV1_BatchedRetirementMatchesPerPageBytes","Elapsed":0}
{"Time":"2026-10-07T23:21:16.880432-10:00","Action":"run","Package":"github.com/snissn/gomap/TreeDB/freelist","Test":"TestFreelistGenerationV1_ReopenAcceptsSharedAncestorPages"}
{"Time":"2026-10-07T23:21:16.880437-10:00","Action":"output","Package":"github.com/snissn/gomap/TreeDB/freelist","Test":"TestFreelistGenerationV1_ReopenAcceptsSharedAncestorPages","Output":"=== RUN   TestFreelistGenerationV1_ReopenAcceptsSharedAncestorPages\n"}
{"Time":"2026-10-07T23:21:16.880937-10:00","Action":"run","Package":"github.com/snissn/gomap/TreeDB/freelist","Test":"TestFreelistGenerationV1_ReopenAcceptsSharedAncestorPages/current-generation-outside-target"}
{"Time":"2026-10-07T23:21:16.880944-10:00","Action":"output","Package":"github.com/snissn/gomap/TreeDB/freelist","Test":"TestFreelistGenerationV1_ReopenAcceptsSharedAncestorPages/current-generation-outside-target","Output":"=== RUN   TestFreelistGenerationV1_ReopenAcceptsSharedAncestorPages/current-generation-outside-target\n"}
{"Time":"2026-10-07T23:21:16.881113-10:00","Action":"output","Package":"github.com/snissn/gomap/TreeDB/freelist","Test":"TestFreelistGenerationV1_ReopenAcceptsSharedAncestorPages/current-generation-outside-target","Output":"--- PASS: TestFreelistGenerationV1_ReopenAcceptsSharedAncestorPages/current-generation-outside-target (0.00s)\n"}
{"Time":"2026-10-07T23:21:16.881119-10:00","Action":"pass","Package":"github.com/snissn/gomap/TreeDB/freelist","Test":"TestFreelistGenerationV1_ReopenAcceptsSharedAncestorPages/current-generation-outside-target","Elapsed":0}
{"Time":"2026-10-07T23:21:16.881149-10:00","Action":"run","Package":"github.com/snissn/gomap/TreeDB/freelist","Test":"TestFreelistGenerationV1_ReopenAcceptsSharedAncestorPages/recomputed-child-crc"}
{"Time":"2026-10-07T23:21:16.881282-10:00","Action":"output","Package":"github.com/snissn/gomap/TreeDB/freelist","Test":"TestFreelistGenerationV1_ReopenAcceptsSharedAncestorPages/recomputed-child-crc","Output":"=== RUN   TestFreelistGenerationV1_ReopenAcceptsSharedAncestorPages/recomputed-child-crc\n"}
{"Time":"2026-10-07T23:21:16.88136-10:00","Action":"output","Package":"github.com/snissn/gomap/TreeDB/freelist","Test":"TestFreelistGenerationV1_ReopenAcceptsSharedAncestorPages/recomputed-child-crc","Output":"--- PASS: TestFreelistGenerationV1_ReopenAcceptsSharedAncestorPages/recomputed-child-crc (0.00s)\n"}
{"Time":"2026-10-07T23:21:16.881368-10:00","Action":"pass","Package":"github.com/snissn/gomap/TreeDB/freelist","Test":"TestFreelistGenerationV1_ReopenAcceptsSharedAncestorPages/recomputed-child-crc","Elapsed":0}
{"Time":"2026-10-07T23:21:16.881373-10:00","Action":"output","Package":"github.com/snissn/gomap/TreeDB/freelist","Test":"TestFreelistGenerationV1_ReopenAcceptsSharedAncestorPages","Output":"--- PASS: TestFreelistGenerationV1_ReopenAcceptsSharedAncestorPages (0.00s)\n"}
{"Time":"2026-10-07T23:21:16.881379-10:00","Action":"pass","Package":"github.com/snissn/gomap/TreeDB/freelist","Test":"TestFreelistGenerationV1_ReopenAcceptsSharedAncestorPages","Elapsed":0}
{"Time":"2026-10-07T23:21:16.881404-10:00","Action":"run","Package":"github.com/snissn/gomap/TreeDB/freelist","Test":"TestFreelistGenerationV1_AppendOnlySuccessorRewritesRoot"}
{"Time":"2026-10-07T23:21:16.881409-10:00","Action":"output","Package":"github.com/snissn/gomap/TreeDB/freelist","Test":"TestFreelistGenerationV1_AppendOnlySuccessorRewritesRoot","Output":"=== RUN   TestFreelistGenerationV1_AppendOnlySuccessorRewritesRoot\n"}
{"Time":"2026-10-07T23:21:16.881434-10:00","Action":"run","Package":"github.com/snissn/gomap/TreeDB/freelist","Test":"TestFreelistGenerationV1_AppendOnlySuccessorRewritesRoot/empty"}
{"Time":"2026-10-07T23:21:16.881438-10:00","Action":"output","Package":"github.com/snissn/gomap/TreeDB/freelist","Test":"TestFreelistGenerationV1_AppendOnlySuccessorRewritesRoot/empty","Output":"=== RUN   TestFreelistGenerationV1_AppendOnlySuccessorRewritesRoot/empty\n"}
{"Time":"2026-10-07T23:21:16.881703-10:00","Action":"output","Package":"github.com/snissn/gomap/TreeDB/freelist","Test":"TestFreelistGenerationV1_AppendOnlySuccessorRewritesRoot/empty","Output":"--- PASS: TestFreelistGenerationV1_AppendOnlySuccessorRewritesRoot/empty (0.00s)\n"}
{"Time":"2026-10-07T23:21:16.881708-10:00","Action":"pass","Package":"github.com/snissn/gomap/TreeDB/freelist","Test":"TestFreelistGenerationV1_AppendOnlySuccessorRewritesRoot/empty","Elapsed":0}
{"Time":"2026-10-07T23:21:16.881729-10:00","Action":"run","Package":"github.com/snissn/gomap/TreeDB/freelist","Test":"TestFreelistGenerationV1_AppendOnlySuccessorRewritesRoot/retired-only"}
{"Time":"2026-10-07T23:21:16.881732-10:00","Action":"output","Package":"github.com/snissn/gomap/TreeDB/freelist","Test":"TestFreelistGenerationV1_AppendOnlySuccessorRewritesRoot/retired-only","Output":"=== RUN   TestFreelistGenerationV1_AppendOnlySuccessorRewritesRoot/retired-only\n"}
{"Time":"2026-10-07T23:21:16.882026-10:00","Action":"output","Package":"github.com/snissn/gomap/TreeDB/freelist","Test":"TestFreelistGenerationV1_AppendOnlySuccessorRewritesRoot/retired-only","Output":"--- PASS: TestFreelistGenerationV1_AppendOnlySuccessorRewritesRoot/retired-only (0.00s)\n"}
{"Time":"2026-10-07T23:21:16.882031-10:00","Action":"pass","Package":"github.com/snissn/gomap/TreeDB/freelist","Test":"TestFreelistGenerationV1_AppendOnlySuccessorRewritesRoot/retired-only","Elapsed":0}
{"Time":"2026-10-07T23:21:16.882043-10:00","Action":"output","Package":"github.com/snissn/gomap/TreeDB/freelist","Test":"TestFreelistGenerationV1_AppendOnlySuccessorRewritesRoot","Output":"--- PASS: TestFreelistGenerationV1_AppendOnlySuccessorRewritesRoot (0.00s)\n"}
{"Time":"2026-10-07T23:21:16.882047-10:00","Action":"pass","Package":"github.com/snissn/gomap/TreeDB/freelist","Test":"TestFreelistGenerationV1_AppendOnlySuccessorRewritesRoot","Elapsed":0}
{"Time":"2026-10-07T23:21:16.88208-10:00","Action":"run","Package":"github.com/snissn/gomap/TreeDB/freelist","Test":"TestFreelistGenerationV1_ParentChecksumRejectsRecomputedChildCRC"}
{"Time":"2026-10-07T23:21:16.882084-10:00","Action":"output","Package":"github.com/snissn/gomap/TreeDB/freelist","Test":"TestFreelistGenerationV1_ParentChecksumRejectsRecomputedChildCRC","Output":"=== RUN   TestFreelistGenerationV1_ParentChecksumRejectsRecomputedChildCRC\n"}
{"Time":"2026-10-07T23:21:16.882445-10:00","Action":"output","Package":"github.com/snissn/gomap/TreeDB/freelist","Test":"TestFreelistGenerationV1_ParentChecksumRejectsRecomputedChildCRC","Output":"--- PASS: TestFreelistGenerationV1_ParentChecksumRejectsRecomputedChildCRC (0.00s)\n"}
{"Time":"2026-10-07T23:21:16.88245-10:00","Action":"pass","Package":"github.com/snissn/gomap/TreeDB/freelist","Test":"TestFreelistGenerationV1_ParentChecksumRejectsRecomputedChildCRC","Elapsed":0}
{"Time":"2026-10-07T23:21:16.882464-10:00","Action":"run","Package":"github.com/snissn/gomap/TreeDB/freelist","Test":"TestFreelistGenerationV1_EncodeIndexRejectsChildSummaryOverflow"}
{"Time":"2026-10-07T23:21:16.882468-10:00","Action":"output","Package":"github.com/snissn/gomap/TreeDB/freelist","Test":"TestFreelistGenerationV1_EncodeIndexRejectsChildSummaryOverflow","Output":"=== RUN   TestFreelistGenerationV1_EncodeIndexRejectsChildSummaryOverflow\n"}
{"Time":"2026-10-07T23:21:16.882499-10:00","Action":"run","Package":"github.com/snissn/gomap/TreeDB/freelist","Test":"TestFreelistGenerationV1_EncodeIndexRejectsChildSummaryOverflow/free"}
{"Time":"2026-10-07T23:21:16.882502-10:00","Action":"output","Package":"github.com/snissn/gomap/TreeDB/freelist","Test":"TestFreelistGenerationV1_EncodeIndexRejectsChildSummaryOverflow/free","Output":"=== RUN   TestFreelistGenerationV1_EncodeIndexRejectsChildSummaryOverflow/free\n"}
{"Time":"2026-10-07T23:21:16.882522-10:00","Action":"output","Package":"github.com/snissn/gomap/TreeDB/freelist","Test":"TestFreelistGenerationV1_EncodeIndexRejectsChildSummaryOverflow/free","Output":"--- PASS: TestFreelistGenerationV1_EncodeIndexRejectsChildSummaryOverflow/free (0.00s)\n"}
{"Time":"2026-10-07T23:21:16.882527-10:00","Action":"pass","Package":"github.com/snissn/gomap/TreeDB/freelist","Test":"TestFreelistGenerationV1_EncodeIndexRejectsChildSummaryOverflow/free","Elapsed":0}
{"Time":"2026-10-07T23:21:16.882548-10:00","Action":"run","Package":"github.com/snissn/gomap/TreeDB/freelist","Test":"TestFreelistGenerationV1_EncodeIndexRejectsChildSummaryOverflow/retired"}
{"Time":"2026-10-07T23:21:16.882552-10:00","Action":"output","Package":"github.com/snissn/gomap/TreeDB/freelist","Test":"TestFreelistGenerationV1_EncodeIndexRejectsChildSummaryOverflow/retired","Output":"=== RUN   TestFreelistGenerationV1_EncodeIndexRejectsChildSummaryOverflow/retired\n"}
{"Time":"2026-10-07T23:21:16.882574-10:00","Action":"output","Package":"github.com/snissn/gomap/TreeDB/freelist","Test":"TestFreelistGenerationV1_EncodeIndexRejectsChildSummaryOverflow/retired","Output":"--- PASS: TestFreelistGenerationV1_EncodeIndexRejectsChildSummaryOverflow/retired (0.00s)\n"}
{"Time":"2026-10-07T23:21:16.882579-10:00","Action":"pass","Package":"github.com/snissn/gomap/TreeDB/freelist","Test":"TestFreelistGenerationV1_EncodeIndexRejectsChildSummaryOverflow/retired","Elapsed":0}
{"Time":"2026-10-07T23:21:16.882591-10:00","Action":"output","Package":"github.com/snissn/gomap/TreeDB/freelist","Test":"TestFreelistGenerationV1_EncodeIndexRejectsChildSummaryOverflow","Output":"--- PASS: TestFreelistGenerationV1_EncodeIndexRejectsChildSummaryOverflow (0.00s)\n"}
{"Time":"2026-10-07T23:21:16.882596-10:00","Action":"pass","Package":"github.com/snissn/gomap/TreeDB/freelist","Test":"TestFreelistGenerationV1_EncodeIndexRejectsChildSummaryOverflow","Elapsed":0}
{"Time":"2026-10-07T23:21:16.882616-10:00","Action":"run","Package":"github.com/snissn/gomap/TreeDB/freelist","Test":"TestFreelistGenerationV1_LoadStateNodeAcceptsZeroChildChecksum"}
{"Time":"2026-10-07T23:21:16.882633-10:00","Action":"output","Package":"github.com/snissn/gomap/TreeDB/freelist","Test":"TestFreelistGenerationV1_LoadStateNodeAcceptsZeroChildChecksum","Output":"=== RUN   TestFreelistGenerationV1_LoadStateNodeAcceptsZeroChildChecksum\n"}
{"Time":"2026-10-07T23:21:16.883205-10:00","Action":"output","Package":"github.com/snissn/gomap/TreeDB/freelist","Test":"TestFreelistGenerationV1_LoadStateNodeAcceptsZeroChildChecksum","Output":"--- PASS: TestFreelistGenerationV1_LoadStateNodeAcceptsZeroChildChecksum (0.00s)\n"}
{"Time":"2026-10-07T23:21:16.88321-10:00","Action":"pass","Package":"github.com/snissn/gomap/TreeDB/freelist","Test":"TestFreelistGenerationV1_LoadStateNodeAcceptsZeroChildChecksum","Elapsed":0}
{"Time":"2026-10-07T23:21:16.883229-10:00","Action":"run","Package":"github.com/snissn/gomap/TreeDB/freelist","Test":"TestFreelistGenerationV1_MaterializeAcceptsZeroRootChecksum"}
{"Time":"2026-10-07T23:21:16.883232-10:00","Action":"output","Package":"github.com/snissn/gomap/TreeDB/freelist","Test":"TestFreelistGenerationV1_MaterializeAcceptsZeroRootChecksum","Output":"=== RUN   TestFreelistGenerationV1_MaterializeAcceptsZeroRootChecksum\n"}
{"Time":"2026-10-07T23:21:16.883548-10:00","Action":"output","Package":"github.com/snissn/gomap/TreeDB/freelist","Test":"TestFreelistGenerationV1_MaterializeAcceptsZeroRootChecksum","Output":"--- PASS: TestFreelistGenerationV1_MaterializeAcceptsZeroRootChecksum (0.00s)\n"}
{"Time":"2026-10-07T23:21:16.883554-10:00","Action":"pass","Package":"github.com/snissn/gomap/TreeDB/freelist","Test":"TestFreelistGenerationV1_MaterializeAcceptsZeroRootChecksum","Elapsed":0}
{"Time":"2026-10-07T23:21:16.883579-10:00","Action":"run","Package":"github.com/snissn/gomap/TreeDB/freelist","Test":"TestFreelistGenerationV1_ReplacedMetadataWaitsForExplicitHorizon"}
{"Time":"2026-10-07T23:21:16.883583-10:00","Action":"output","Package":"github.com/snissn/gomap/TreeDB/freelist","Test":"TestFreelistGenerationV1_ReplacedMetadataWaitsForExplicitHorizon","Output":"=== RUN   TestFreelistGenerationV1_ReplacedMetadataWaitsForExplicitHorizon\n"}
{"Time":"2026-10-07T23:21:16.883818-10:00","Action":"output","Package":"github.com/snissn/gomap/TreeDB/freelist","Test":"TestFreelistGenerationV1_ReplacedMetadataWaitsForExplicitHorizon","Output":"--- PASS: TestFreelistGenerationV1_ReplacedMetadataWaitsForExplicitHorizon (0.00s)\n"}
{"Time":"2026-10-07T23:21:16.883829-10:00","Action":"pass","Package":"github.com/snissn/gomap/TreeDB/freelist","Test":"TestFreelistGenerationV1_ReplacedMetadataWaitsForExplicitHorizon","Elapsed":0}
{"Time":"2026-10-07T23:21:16.883846-10:00","Action":"run","Package":"github.com/snissn/gomap/TreeDB/freelist","Test":"TestBeginCandidateV1RejectsStaleParent"}
{"Time":"2026-10-07T23:21:16.88385-10:00","Action":"output","Package":"github.com/snissn/gomap/TreeDB/freelist","Test":"TestBeginCandidateV1RejectsStaleParent","Output":"=== RUN   TestBeginCandidateV1RejectsStaleParent\n"}
{"Time":"2026-10-07T23:21:16.883957-10:00","Action":"output","Package":"github.com/snissn/gomap/TreeDB/freelist","Test":"TestBeginCandidateV1RejectsStaleParent","Output":"--- PASS: TestBeginCandidateV1RejectsStaleParent (0.00s)\n"}
{"Time":"2026-10-07T23:21:16.883967-10:00","Action":"pass","Package":"github.com/snissn/gomap/TreeDB/freelist","Test":"TestBeginCandidateV1RejectsStaleParent","Elapsed":0}
{"Time":"2026-10-07T23:21:16.883983-10:00","Action":"run","Package":"github.com/snissn/gomap/TreeDB/freelist","Test":"TestIntrinsicTreeCreatingCreditOutlivesTransferredParent5105"}
{"Time":"2026-10-07T23:21:16.883987-10:00","Action":"output","Package":"github.com/snissn/gomap/TreeDB/freelist","Test":"TestIntrinsicTreeCreatingCreditOutlivesTransferredParent5105","Output":"=== RUN   TestIntrinsicTreeCreatingCreditOutlivesTransferredParent5105\n"}
{"Time":"2026-10-07T23:21:16.884026-10:00","Action":"output","Package":"github.com/snissn/gomap/TreeDB/freelist","Test":"TestIntrinsicTreeCreatingCreditOutlivesTransferredParent5105","Output":"--- PASS: TestIntrinsicTreeCreatingCreditOutlivesTransferredParent5105 (0.00s)\n"}
{"Time":"2026-10-07T23:21:16.884041-10:00","Action":"pass","Package":"github.com/snissn/gomap/TreeDB/freelist","Test":"TestIntrinsicTreeCreatingCreditOutlivesTransferredParent5105","Elapsed":0}
{"Time":"2026-10-07T23:21:16.884048-10:00","Action":"run","Package":"github.com/snissn/gomap/TreeDB/freelist","Test":"TestIntrinsicTreeBirthDeniedBeforeAliasOrMutation5105"}
{"Time":"2026-10-07T23:21:16.884051-10:00","Action":"output","Package":"github.com/snissn/gomap/TreeDB/freelist","Test":"TestIntrinsicTreeBirthDeniedBeforeAliasOrMutation5105","Output":"=== RUN   TestIntrinsicTreeBirthDeniedBeforeAliasOrMutation5105\n"}
{"Time":"2026-10-07T23:21:16.884087-10:00","Action":"output","Package":"github.com/snissn/gomap/TreeDB/freelist","Test":"TestIntrinsicTreeBirthDeniedBeforeAliasOrMutation5105","Output":"--- PASS: TestIntrinsicTreeBirthDeniedBeforeAliasOrMutation5105 (0.00s)\n"}
{"Time":"2026-10-07T23:21:16.884091-10:00","Action":"pass","Package":"github.com/snissn/gomap/TreeDB/freelist","Test":"TestIntrinsicTreeBirthDeniedBeforeAliasOrMutation5105","Elapsed":0}
{"Time":"2026-10-07T23:21:16.884095-10:00","Action":"run","Package":"github.com/snissn/gomap/TreeDB/freelist","Test":"TestMetadataFixedOverlayMatchesNormalizedReference5105"}
{"Time":"2026-10-07T23:21:16.884099-10:00","Action":"output","Package":"github.com/snissn/gomap/TreeDB/freelist","Test":"TestMetadataFixedOverlayMatchesNormalizedReference5105","Output":"=== RUN   TestMetadataFixedOverlayMatchesNormalizedReference5105\n"}
{"Time":"2026-10-07T23:21:16.884114-10:00","Action":"output","Package":"github.com/snissn/gomap/TreeDB/freelist","Test":"TestMetadataFixedOverlayMatchesNormalizedReference5105","Output":"--- PASS: TestMetadataFixedOverlayMatchesNormalizedReference5105 (0.00s)\n"}
{"Time":"2026-10-07T23:21:16.884119-10:00","Action":"pass","Package":"github.com/snissn/gomap/TreeDB/freelist","Test":"TestMetadataFixedOverlayMatchesNormalizedReference5105","Elapsed":0}
{"Time":"2026-10-07T23:21:16.884137-10:00","Action":"run","Package":"github.com/snissn/gomap/TreeDB/freelist","Test":"TestReusedMetadataJointAdmissionBeforeClaim5105"}
{"Time":"2026-10-07T23:21:16.88414-10:00","Action":"output","Package":"github.com/snissn/gomap/TreeDB/freelist","Test":"TestReusedMetadataJointAdmissionBeforeClaim5105","Output":"=== RUN   TestReusedMetadataJointAdmissionBeforeClaim5105\n"}
{"Time":"2026-10-07T23:21:16.884162-10:00","Action":"run","Package":"github.com/snissn/gomap/TreeDB/freelist","Test":"TestReusedMetadataJointAdmissionBeforeClaim5105/deny"}
{"Time":"2026-10-07T23:21:16.884165-10:00","Action":"output","Package":"github.com/snissn/gomap/TreeDB/freelist","Test":"TestReusedMetadataJointAdmissionBeforeClaim5105/deny","Output":"=== RUN   TestReusedMetadataJointAdmissionBeforeClaim5105/deny\n"}
{"Time":"2026-10-07T23:21:16.884498-10:00","Action":"output","Package":"github.com/snissn/gomap/TreeDB/freelist","Test":"TestReusedMetadataJointAdmissionBeforeClaim5105/deny","Output":"--- PASS: TestReusedMetadataJointAdmissionBeforeClaim5105/deny (0.00s)\n"}
{"Time":"2026-10-07T23:21:16.884511-10:00","Action":"pass","Package":"github.com/snissn/gomap/TreeDB/freelist","Test":"TestReusedMetadataJointAdmissionBeforeClaim5105/deny","Elapsed":0}
{"Time":"2026-10-07T23:21:16.884524-10:00","Action":"run","Package":"github.com/snissn/gomap/TreeDB/freelist","Test":"TestReusedMetadataJointAdmissionBeforeClaim5105/admit"}
{"Time":"2026-10-07T23:21:16.884529-10:00","Action":"output","Package":"github.com/snissn/gomap/TreeDB/freelist","Test":"TestReusedMetadataJointAdmissionBeforeClaim5105/admit","Output":"=== RUN   TestReusedMetadataJointAdmissionBeforeClaim5105/admit\n"}
{"Time":"2026-10-07T23:21:16.884832-10:00","Action":"output","Package":"github.com/snissn/gomap/TreeDB/freelist","Test":"TestReusedMetadataJointAdmissionBeforeClaim5105/admit","Output":"--- PASS: TestReusedMetadataJointAdmissionBeforeClaim5105/admit (0.00s)\n"}
{"Time":"2026-10-07T23:21:16.884838-10:00","Action":"pass","Package":"github.com/snissn/gomap/TreeDB/freelist","Test":"TestReusedMetadataJointAdmissionBeforeClaim5105/admit","Elapsed":0}
{"Time":"2026-10-07T23:21:16.884854-10:00","Action":"output","Package":"github.com/snissn/gomap/TreeDB/freelist","Test":"TestReusedMetadataJointAdmissionBeforeClaim5105","Output":"--- PASS: TestReusedMetadataJointAdmissionBeforeClaim5105 (0.00s)\n"}
{"Time":"2026-10-07T23:21:16.884859-10:00","Action":"pass","Package":"github.com/snissn/gomap/TreeDB/freelist","Test":"TestReusedMetadataJointAdmissionBeforeClaim5105","Elapsed":0}
{"Time":"2026-10-07T23:21:16.884876-10:00","Action":"run","Package":"github.com/snissn/gomap/TreeDB/freelist","Test":"TestManagedWriterCapabilitySingleClaim5105"}
{"Time":"2026-10-07T23:21:16.884882-10:00","Action":"output","Package":"github.com/snissn/gomap/TreeDB/freelist","Test":"TestManagedWriterCapabilitySingleClaim5105","Output":"=== RUN   TestManagedWriterCapabilitySingleClaim5105\n"}
{"Time":"2026-10-07T23:21:16.885731-10:00","Action":"output","Package":"github.com/snissn/gomap/TreeDB/freelist","Test":"TestManagedWriterCapabilitySingleClaim5105","Output":"--- PASS: TestManagedWriterCapabilitySingleClaim5105 (0.00s)\n"}
{"Time":"2026-10-07T23:21:16.885737-10:00","Action":"pass","Package":"github.com/snissn/gomap/TreeDB/freelist","Test":"TestManagedWriterCapabilitySingleClaim5105","Elapsed":0}
{"Time":"2026-10-07T23:21:16.885776-10:00","Action":"run","Package":"github.com/snissn/gomap/TreeDB/freelist","Test":"TestManagedWriterEscapeRefusesResidentAdoptionAndFiniteExport5105"}
{"Time":"2026-10-07T23:21:16.885779-10:00","Action":"output","Package":"github.com/snissn/gomap/TreeDB/freelist","Test":"TestManagedWriterEscapeRefusesResidentAdoptionAndFiniteExport5105","Output":"=== RUN   TestManagedWriterEscapeRefusesResidentAdoptionAndFiniteExport5105\n"}
{"Time":"2026-10-07T23:21:16.886522-10:00","Action":"output","Package":"github.com/snissn/gomap/TreeDB/freelist","Test":"TestManagedWriterEscapeRefusesResidentAdoptionAndFiniteExport5105","Output":"--- PASS: TestManagedWriterEscapeRefusesResidentAdoptionAndFiniteExport5105 (0.00s)\n"}
{"Time":"2026-10-07T23:21:16.886531-10:00","Action":"pass","Package":"github.com/snissn/gomap/TreeDB/freelist","Test":"TestManagedWriterEscapeRefusesResidentAdoptionAndFiniteExport5105","Elapsed":0}
{"Time":"2026-10-07T23:21:16.886559-10:00","Action":"run","Package":"github.com/snissn/gomap/TreeDB/freelist","Test":"TestManagedWriterCondBorrowOwnsHeadersThroughShutdown5105"}
{"Time":"2026-10-07T23:21:16.886564-10:00","Action":"output","Package":"github.com/snissn/gomap/TreeDB/freelist","Test":"TestManagedWriterCondBorrowOwnsHeadersThroughShutdown5105","Output":"=== RUN   TestManagedWriterCondBorrowOwnsHeadersThroughShutdown5105\n"}
{"Time":"2026-10-07T23:21:16.887097-10:00","Action":"output","Package":"github.com/snissn/gomap/TreeDB/freelist","Test":"TestManagedWriterCondBorrowOwnsHeadersThroughShutdown5105","Output":"--- PASS: TestManagedWriterCondBorrowOwnsHeadersThroughShutdown5105 (0.00s)\n"}
{"Time":"2026-10-07T23:21:16.887105-10:00","Action":"pass","Package":"github.com/snissn/gomap/TreeDB/freelist","Test":"TestManagedWriterCondBorrowOwnsHeadersThroughShutdown5105","Elapsed":0}
{"Time":"2026-10-07T23:21:16.887129-10:00","Action":"run","Package":"github.com/snissn/gomap/TreeDB/freelist","Test":"TestMaterializationBackingPredebitsAndKeepsCreator5108"}
{"Time":"2026-10-07T23:21:16.887137-10:00","Action":"output","Package":"github.com/snissn/gomap/TreeDB/freelist","Test":"TestMaterializationBackingPredebitsAndKeepsCreator5108","Output":"=== RUN   TestMaterializationBackingPredebitsAndKeepsCreator5108\n"}
{"Time":"2026-10-07T23:21:16.887156-10:00","Action":"run","Package":"github.com/snissn/gomap/TreeDB/freelist","Test":"TestMaterializationBackingPredebitsAndKeepsCreator5108/output-refusal-before-first-write"}
{"Time":"2026-10-07T23:21:16.887161-10:00","Action":"output","Package":"github.com/snissn/gomap/TreeDB/freelist","Test":"TestMaterializationBackingPredebitsAndKeepsCreator5108/output-refusal-before-first-write","Output":"=== RUN   TestMaterializationBackingPredebitsAndKeepsCreator5108/output-refusal-before-first-write\n"}
{"Time":"2026-10-07T23:21:16.887266-10:00","Action":"output","Package":"github.com/snissn/gomap/TreeDB/freelist","Test":"TestMaterializationBackingPredebitsAndKeepsCreator5108/output-refusal-before-first-write","Output":"--- PASS: TestMaterializationBackingPredebitsAndKeepsCreator5108/output-refusal-before-first-write (0.00s)\n"}
{"Time":"2026-10-07T23:21:16.887273-10:00","Action":"pass","Package":"github.com/snissn/gomap/TreeDB/freelist","Test":"TestMaterializationBackingPredebitsAndKeepsCreator5108/output-refusal-before-first-write","Elapsed":0}
{"Time":"2026-10-07T23:21:16.887301-10:00","Action":"run","Package":"github.com/snissn/gomap/TreeDB/freelist","Test":"TestMaterializationBackingPredebitsAndKeepsCreator5108/candidate-control-refuses-before-reservation-output"}
{"Time":"2026-10-07T23:21:16.887311-10:00","Action":"output","Package":"github.com/snissn/gomap/TreeDB/freelist","Test":"TestMaterializationBackingPredebitsAndKeepsCreator5108/candidate-control-refuses-before-reservation-output","Output":"=== RUN   TestMaterializationBackingPredebitsAndKeepsCreator5108/candidate-control-refuses-before-reservation-output\n"}
{"Time":"2026-10-07T23:21:16.887384-10:00","Action":"output","Package":"github.com/snissn/gomap/TreeDB/freelist","Test":"TestMaterializationBackingPredebitsAndKeepsCreator5108/candidate-control-refuses-before-reservation-output","Output":"--- PASS: TestMaterializationBackingPredebitsAndKeepsCreator5108/candidate-control-refuses-before-reservation-output (0.00s)\n"}
{"Time":"2026-10-07T23:21:16.88739-10:00","Action":"pass","Package":"github.com/snissn/gomap/TreeDB/freelist","Test":"TestMaterializationBackingPredebitsAndKeepsCreator5108/candidate-control-refuses-before-reservation-output","Elapsed":0}
{"Time":"2026-10-07T23:21:16.887414-10:00","Action":"run","Package":"github.com/snissn/gomap/TreeDB/freelist","Test":"TestMaterializationBackingPredebitsAndKeepsCreator5108/each-plan-whole-class"}
{"Time":"2026-10-07T23:21:16.887417-10:00","Action":"output","Package":"github.com/snissn/gomap/TreeDB/freelist","Test":"TestMaterializationBackingPredebitsAndKeepsCreator5108/each-plan-whole-class","Output":"=== RUN   TestMaterializationBackingPredebitsAndKeepsCreator5108/each-plan-whole-class\n"}
{"Time":"2026-10-07T23:21:16.887444-10:00","Action":"output","Package":"github.com/snissn/gomap/TreeDB/freelist","Test":"TestMaterializationBackingPredebitsAndKeepsCreator5108/each-plan-whole-class","Output":"--- PASS: TestMaterializationBackingPredebitsAndKeepsCreator5108/each-plan-whole-class (0.00s)\n"}
{"Time":"2026-10-07T23:21:16.887449-10:00","Action":"pass","Package":"github.com/snissn/gomap/TreeDB/freelist","Test":"TestMaterializationBackingPredebitsAndKeepsCreator5108/each-plan-whole-class","Elapsed":0}
{"Time":"2026-10-07T23:21:16.88747-10:00","Action":"run","Package":"github.com/snissn/gomap/TreeDB/freelist","Test":"TestMaterializationBackingPredebitsAndKeepsCreator5108/successor-current-creator-and-header-refusal"}
{"Time":"2026-10-07T23:21:16.887473-10:00","Action":"output","Package":"github.com/snissn/gomap/TreeDB/freelist","Test":"TestMaterializationBackingPredebitsAndKeepsCreator5108/successor-current-creator-and-header-refusal","Output":"=== RUN   TestMaterializationBackingPredebitsAndKeepsCreator5108/successor-current-creator-and-header-refusal\n"}
{"Time":"2026-10-07T23:21:16.887551-10:00","Action":"output","Package":"github.com/snissn/gomap/TreeDB/freelist","Test":"TestMaterializationBackingPredebitsAndKeepsCreator5108/successor-current-creator-and-header-refusal","Output":"--- PASS: TestMaterializationBackingPredebitsAndKeepsCreator5108/successor-current-creator-and-header-refusal (0.00s)\n"}
{"Time":"2026-10-07T23:21:16.887556-10:00","Action":"pass","Package":"github.com/snissn/gomap/TreeDB/freelist","Test":"TestMaterializationBackingPredebitsAndKeepsCreator5108/successor-current-creator-and-header-refusal","Elapsed":0}
{"Time":"2026-10-07T23:21:16.887574-10:00","Action":"run","Package":"github.com/snissn/gomap/TreeDB/freelist","Test":"TestMaterializationBackingPredebitsAndKeepsCreator5108/escaped-base-and-ledger-refuse-before-birth"}
{"Time":"2026-10-07T23:21:16.887586-10:00","Action":"output","Package":"github.com/snissn/gomap/TreeDB/freelist","Test":"TestMaterializationBackingPredebitsAndKeepsCreator5108/escaped-base-and-ledger-refuse-before-birth","Output":"=== RUN   TestMaterializationBackingPredebitsAndKeepsCreator5108/escaped-base-and-ledger-refuse-before-birth\n"}
{"Time":"2026-10-07T23:21:16.887696-10:00","Action":"output","Package":"github.com/snissn/gomap/TreeDB/freelist","Test":"TestMaterializationBackingPredebitsAndKeepsCreator5108/escaped-base-and-ledger-refuse-before-birth","Output":"--- PASS: TestMaterializationBackingPredebitsAndKeepsCreator5108/escaped-base-and-ledger-refuse-before-birth (0.00s)\n"}
{"Time":"2026-10-07T23:21:16.887701-10:00","Action":"pass","Package":"github.com/snissn/gomap/TreeDB/freelist","Test":"TestMaterializationBackingPredebitsAndKeepsCreator5108/escaped-base-and-ledger-refuse-before-birth","Elapsed":0}
{"Time":"2026-10-07T23:21:16.88772-10:00","Action":"run","Package":"github.com/snissn/gomap/TreeDB/freelist","Test":"TestMaterializationBackingPredebitsAndKeepsCreator5108/bounded-prune-planning-refusal-is-read-only"}
{"Time":"2026-10-07T23:21:16.887723-10:00","Action":"output","Package":"github.com/snissn/gomap/TreeDB/freelist","Test":"TestMaterializationBackingPredebitsAndKeepsCreator5108/bounded-prune-planning-refusal-is-read-only","Output":"=== RUN   TestMaterializationBackingPredebitsAndKeepsCreator5108/bounded-prune-planning-refusal-is-read-only\n"}
{"Time":"2026-10-07T23:21:16.887799-10:00","Action":"output","Package":"github.com/snissn/gomap/TreeDB/freelist","Test":"TestMaterializationBackingPredebitsAndKeepsCreator5108/bounded-prune-planning-refusal-is-read-only","Output":"--- PASS: TestMaterializationBackingPredebitsAndKeepsCreator5108/bounded-prune-planning-refusal-is-read-only (0.00s)\n"}
{"Time":"2026-10-07T23:21:16.887804-10:00","Action":"pass","Package":"github.com/snissn/gomap/TreeDB/freelist","Test":"TestMaterializationBackingPredebitsAndKeepsCreator5108/bounded-prune-planning-refusal-is-read-only","Elapsed":0}
{"Time":"2026-10-07T23:21:16.887822-10:00","Action":"run","Package":"github.com/snissn/gomap/TreeDB/freelist","Test":"TestMaterializationBackingPredebitsAndKeepsCreator5108/unbounded-prune-and-reserve-scratch-refusals"}
{"Time":"2026-10-07T23:21:16.887826-10:00","Action":"output","Package":"github.com/snissn/gomap/TreeDB/freelist","Test":"TestMaterializationBackingPredebitsAndKeepsCreator5108/unbounded-prune-and-reserve-scratch-refusals","Output":"=== RUN   TestMaterializationBackingPredebitsAndKeepsCreator5108/unbounded-prune-and-reserve-scratch-refusals\n"}
{"Time":"2026-10-07T23:21:16.887886-10:00","Action":"output","Package":"github.com/snissn/gomap/TreeDB/freelist","Test":"TestMaterializationBackingPredebitsAndKeepsCreator5108/unbounded-prune-and-reserve-scratch-refusals","Output":"--- PASS: TestMaterializationBackingPredebitsAndKeepsCreator5108/unbounded-prune-and-reserve-scratch-refusals (0.00s)\n"}
{"Time":"2026-10-07T23:21:16.887891-10:00","Action":"pass","Package":"github.com/snissn/gomap/TreeDB/freelist","Test":"TestMaterializationBackingPredebitsAndKeepsCreator5108/unbounded-prune-and-reserve-scratch-refusals","Elapsed":0}
{"Time":"2026-10-07T23:21:16.887908-10:00","Action":"run","Package":"github.com/snissn/gomap/TreeDB/freelist","Test":"TestMaterializationBackingPredebitsAndKeepsCreator5108/capacity-overflow-before-facet"}
{"Time":"2026-10-07T23:21:16.887911-10:00","Action":"output","Package":"github.com/snissn/gomap/TreeDB/freelist","Test":"TestMaterializationBackingPredebitsAndKeepsCreator5108/capacity-overflow-before-facet","Output":"=== RUN   TestMaterializationBackingPredebitsAndKeepsCreator5108/capacity-overflow-before-facet\n"}
{"Time":"2026-10-07T23:21:16.887929-10:00","Action":"output","Package":"github.com/snissn/gomap/TreeDB/freelist","Test":"TestMaterializationBackingPredebitsAndKeepsCreator5108/capacity-overflow-before-facet","Output":"--- PASS: TestMaterializationBackingPredebitsAndKeepsCreator5108/capacity-overflow-before-facet (0.00s)\n"}
{"Time":"2026-10-07T23:21:16.887943-10:00","Action":"pass","Package":"github.com/snissn/gomap/TreeDB/freelist","Test":"TestMaterializationBackingPredebitsAndKeepsCreator5108/capacity-overflow-before-facet","Elapsed":0}
{"Time":"2026-10-07T23:21:16.887956-10:00","Action":"run","Package":"github.com/snissn/gomap/TreeDB/freelist","Test":"TestMaterializationBackingPredebitsAndKeepsCreator5108/credited-activation-consumes-preborn-successor"}
{"Time":"2026-10-07T23:21:16.887959-10:00","Action":"output","Package":"github.com/snissn/gomap/TreeDB/freelist","Test":"TestMaterializationBackingPredebitsAndKeepsCreator5108/credited-activation-consumes-preborn-successor","Output":"=== RUN   TestMaterializationBackingPredebitsAndKeepsCreator5108/credited-activation-consumes-preborn-successor\n"}
{"Time":"2026-10-07T23:21:16.888515-10:00","Action":"output","Package":"github.com/snissn/gomap/TreeDB/freelist","Test":"TestMaterializationBackingPredebitsAndKeepsCreator5108/credited-activation-consumes-preborn-successor","Output":"--- PASS: TestMaterializationBackingPredebitsAndKeepsCreator5108/credited-activation-consumes-preborn-successor (0.00s)\n"}
{"Time":"2026-10-07T23:21:16.888521-10:00","Action":"pass","Package":"github.com/snissn/gomap/TreeDB/freelist","Test":"TestMaterializationBackingPredebitsAndKeepsCreator5108/credited-activation-consumes-preborn-successor","Elapsed":0}
{"Time":"2026-10-07T23:21:16.888555-10:00","Action":"run","Package":"github.com/snissn/gomap/TreeDB/freelist","Test":"TestMaterializationBackingPredebitsAndKeepsCreator5108/credited-direct-publication-refuses-unprepared-role"}
{"Time":"2026-10-07T23:21:16.888709-10:00","Action":"output","Package":"github.com/snissn/gomap/TreeDB/freelist","Test":"TestMaterializationBackingPredebitsAndKeepsCreator5108/credited-direct-publication-refuses-unprepared-role","Output":"=== RUN   TestMaterializationBackingPredebitsAndKeepsCreator5108/credited-direct-publication-refuses-unprepared-role\n"}
{"Time":"2026-10-07T23:21:16.889077-10:00","Action":"output","Package":"github.com/snissn/gomap/TreeDB/freelist","Test":"TestMaterializationBackingPredebitsAndKeepsCreator5108/credited-direct-publication-refuses-unprepared-role","Output":"--- PASS: TestMaterializationBackingPredebitsAndKeepsCreator5108/credited-direct-publication-refuses-unprepared-role (0.00s)\n"}
{"Time":"2026-10-07T23:21:16.889085-10:00","Action":"pass","Package":"github.com/snissn/gomap/TreeDB/freelist","Test":"TestMaterializationBackingPredebitsAndKeepsCreator5108/credited-direct-publication-refuses-unprepared-role","Elapsed":0}
{"Time":"2026-10-07T23:21:16.889113-10:00","Action":"run","Package":"github.com/snissn/gomap/TreeDB/freelist","Test":"TestMaterializationBackingPredebitsAndKeepsCreator5108/activated-prefix-scratch-before-publish"}
{"Time":"2026-10-07T23:21:16.889118-10:00","Action":"output","Package":"github.com/snissn/gomap/TreeDB/freelist","Test":"TestMaterializationBackingPredebitsAndKeepsCreator5108/activated-prefix-scratch-before-publish","Output":"=== RUN   TestMaterializationBackingPredebitsAndKeepsCreator5108/activated-prefix-scratch-before-publish\n"}
{"Time":"2026-10-07T23:21:16.89006-10:00","Action":"output","Package":"github.com/snissn/gomap/TreeDB/freelist","Test":"TestMaterializationBackingPredebitsAndKeepsCreator5108/activated-prefix-scratch-before-publish","Output":"--- PASS: TestMaterializationBackingPredebitsAndKeepsCreator5108/activated-prefix-scratch-before-publish (0.00s)\n"}
{"Time":"2026-10-07T23:21:16.890069-10:00","Action":"pass","Package":"github.com/snissn/gomap/TreeDB/freelist","Test":"TestMaterializationBackingPredebitsAndKeepsCreator5108/activated-prefix-scratch-before-publish","Elapsed":0}
{"Time":"2026-10-07T23:21:16.890074-10:00","Action":"run","Package":"github.com/snissn/gomap/TreeDB/freelist","Test":"TestMaterializationBackingPredebitsAndKeepsCreator5108/abort-isolation-refusal-preserves-exact-retry"}
{"Time":"2026-10-07T23:21:16.890078-10:00","Action":"output","Package":"github.com/snissn/gomap/TreeDB/freelist","Test":"TestMaterializationBackingPredebitsAndKeepsCreator5108/abort-isolation-refusal-preserves-exact-retry","Output":"=== RUN   TestMaterializationBackingPredebitsAndKeepsCreator5108/abort-isolation-refusal-preserves-exact-retry\n"}
{"Time":"2026-10-07T23:21:16.890716-10:00","Action":"output","Package":"github.com/snissn/gomap/TreeDB/freelist","Test":"TestMaterializationBackingPredebitsAndKeepsCreator5108/abort-isolation-refusal-preserves-exact-retry","Output":"--- PASS: TestMaterializationBackingPredebitsAndKeepsCreator5108/abort-isolation-refusal-preserves-exact-retry (0.00s)\n"}
{"Time":"2026-10-07T23:21:16.890727-10:00","Action":"pass","Package":"github.com/snissn/gomap/TreeDB/freelist","Test":"TestMaterializationBackingPredebitsAndKeepsCreator5108/abort-isolation-refusal-preserves-exact-retry","Elapsed":0}
{"Time":"2026-10-07T23:21:16.890798-10:00","Action":"run","Package":"github.com/snissn/gomap/TreeDB/freelist","Test":"TestMaterializationBackingPredebitsAndKeepsCreator5108/exact-owned-sink-refuses-ordinary-and-custom"}
{"Time":"2026-10-07T23:21:16.890805-10:00","Action":"output","Package":"github.com/snissn/gomap/TreeDB/freelist","Test":"TestMaterializationBackingPredebitsAndKeepsCreator5108/exact-owned-sink-refuses-ordinary-and-custom","Output":"=== RUN   TestMaterializationBackingPredebitsAndKeepsCreator5108/exact-owned-sink-refuses-ordinary-and-custom\n"}
{"Time":"2026-10-07T23:21:16.890935-10:00","Action":"output","Package":"github.com/snissn/gomap/TreeDB/freelist","Test":"TestMaterializationBackingPredebitsAndKeepsCreator5108/exact-owned-sink-refuses-ordinary-and-custom","Output":"--- PASS: TestMaterializationBackingPredebitsAndKeepsCreator5108/exact-owned-sink-refuses-ordinary-and-custom (0.00s)\n"}
{"Time":"2026-10-07T23:21:16.890941-10:00","Action":"pass","Package":"github.com/snissn/gomap/TreeDB/freelist","Test":"TestMaterializationBackingPredebitsAndKeepsCreator5108/exact-owned-sink-refuses-ordinary-and-custom","Elapsed":0}
{"Time":"2026-10-07T23:21:16.890964-10:00","Action":"run","Package":"github.com/snissn/gomap/TreeDB/freelist","Test":"TestMaterializationBackingPredebitsAndKeepsCreator5108/scalar-ids-refused-before-callback-or-tail-mark"}
{"Time":"2026-10-07T23:21:16.890967-10:00","Action":"output","Package":"github.com/snissn/gomap/TreeDB/freelist","Test":"TestMaterializationBackingPredebitsAndKeepsCreator5108/scalar-ids-refused-before-callback-or-tail-mark","Output":"=== RUN   TestMaterializationBackingPredebitsAndKeepsCreator5108/scalar-ids-refused-before-callback-or-tail-mark\n"}
{"Time":"2026-10-07T23:21:16.891041-10:00","Action":"output","Package":"github.com/snissn/gomap/TreeDB/freelist","Test":"TestMaterializationBackingPredebitsAndKeepsCreator5108/scalar-ids-refused-before-callback-or-tail-mark","Output":"--- PASS: TestMaterializationBackingPredebitsAndKeepsCreator5108/scalar-ids-refused-before-callback-or-tail-mark (0.00s)\n"}
{"Time":"2026-10-07T23:21:16.891046-10:00","Action":"pass","Package":"github.com/snissn/gomap/TreeDB/freelist","Test":"TestMaterializationBackingPredebitsAndKeepsCreator5108/scalar-ids-refused-before-callback-or-tail-mark","Elapsed":0}
{"Time":"2026-10-07T23:21:16.891069-10:00","Action":"run","Package":"github.com/snissn/gomap/TreeDB/freelist","Test":"TestMaterializationBackingPredebitsAndKeepsCreator5108/append-and-reuse-match-exact-reserved-interval"}
{"Time":"2026-10-07T23:21:16.891072-10:00","Action":"output","Package":"github.com/snissn/gomap/TreeDB/freelist","Test":"TestMaterializationBackingPredebitsAndKeepsCreator5108/append-and-reuse-match-exact-reserved-interval","Output":"=== RUN   TestMaterializationBackingPredebitsAndKeepsCreator5108/append-and-reuse-match-exact-reserved-interval\n"}
{"Time":"2026-10-07T23:21:16.891794-10:00","Action":"output","Package":"github.com/snissn/gomap/TreeDB/freelist","Test":"TestMaterializationBackingPredebitsAndKeepsCreator5108/append-and-reuse-match-exact-reserved-interval","Output":"--- PASS: TestMaterializationBackingPredebitsAndKeepsCreator5108/append-and-reuse-match-exact-reserved-interval (0.00s)\n"}
{"Time":"2026-10-07T23:21:16.891811-10:00","Action":"pass","Package":"github.com/snissn/gomap/TreeDB/freelist","Test":"TestMaterializationBackingPredebitsAndKeepsCreator5108/append-and-reuse-match-exact-reserved-interval","Elapsed":0}
{"Time":"2026-10-07T23:21:16.891835-10:00","Action":"run","Package":"github.com/snissn/gomap/TreeDB/freelist","Test":"TestMaterializationBackingPredebitsAndKeepsCreator5108/skipped-tail-coverage-paid-before-ledger"}
{"Time":"2026-10-07T23:21:16.891841-10:00","Action":"output","Package":"github.com/snissn/gomap/TreeDB/freelist","Test":"TestMaterializationBackingPredebitsAndKeepsCreator5108/skipped-tail-coverage-paid-before-ledger","Output":"=== RUN   TestMaterializationBackingPredebitsAndKeepsCreator5108/skipped-tail-coverage-paid-before-ledger\n"}
{"Time":"2026-10-07T23:21:16.891889-10:00","Action":"output","Package":"github.com/snissn/gomap/TreeDB/freelist","Test":"TestMaterializationBackingPredebitsAndKeepsCreator5108/skipped-tail-coverage-paid-before-ledger","Output":"--- PASS: TestMaterializationBackingPredebitsAndKeepsCreator5108/skipped-tail-coverage-paid-before-ledger (0.00s)\n"}
{"Time":"2026-10-07T23:21:16.891893-10:00","Action":"pass","Package":"github.com/snissn/gomap/TreeDB/freelist","Test":"TestMaterializationBackingPredebitsAndKeepsCreator5108/skipped-tail-coverage-paid-before-ledger","Elapsed":0}
{"Time":"2026-10-07T23:21:16.89191-10:00","Action":"run","Package":"github.com/snissn/gomap/TreeDB/freelist","Test":"TestMaterializationBackingPredebitsAndKeepsCreator5108/owned-partial-output-refusal-restores-backup-and-retries"}
{"Time":"2026-10-07T23:21:16.891915-10:00","Action":"output","Package":"github.com/snissn/gomap/TreeDB/freelist","Test":"TestMaterializationBackingPredebitsAndKeepsCreator5108/owned-partial-output-refusal-restores-backup-and-retries","Output":"=== RUN   TestMaterializationBackingPredebitsAndKeepsCreator5108/owned-partial-output-refusal-restores-backup-and-retries\n"}
{"Time":"2026-10-07T23:21:16.892469-10:00","Action":"output","Package":"github.com/snissn/gomap/TreeDB/freelist","Test":"TestMaterializationBackingPredebitsAndKeepsCreator5108/owned-partial-output-refusal-restores-backup-and-retries","Output":"--- PASS: TestMaterializationBackingPredebitsAndKeepsCreator5108/owned-partial-output-refusal-restores-backup-and-retries (0.00s)\n"}
{"Time":"2026-10-07T23:21:16.892474-10:00","Action":"pass","Package":"github.com/snissn/gomap/TreeDB/freelist","Test":"TestMaterializationBackingPredebitsAndKeepsCreator5108/owned-partial-output-refusal-restores-backup-and-retries","Elapsed":0}
{"Time":"2026-10-07T23:21:16.892488-10:00","Action":"output","Package":"github.com/snissn/gomap/TreeDB/freelist","Test":"TestMaterializationBackingPredebitsAndKeepsCreator5108","Output":"--- PASS: TestMaterializationBackingPredebitsAndKeepsCreator5108 (0.01s)\n"}
{"Time":"2026-10-07T23:21:16.892493-10:00","Action":"pass","Package":"github.com/snissn/gomap/TreeDB/freelist","Test":"TestMaterializationBackingPredebitsAndKeepsCreator5108","Elapsed":0.01}
{"Time":"2026-10-07T23:21:16.892512-10:00","Action":"run","Package":"github.com/snissn/gomap/TreeDB/freelist","Test":"TestNumericRadixGlobalMapOracle5105"}
{"Time":"2026-10-07T23:21:16.892515-10:00","Action":"output","Package":"github.com/snissn/gomap/TreeDB/freelist","Test":"TestNumericRadixGlobalMapOracle5105","Output":"=== RUN   TestNumericRadixGlobalMapOracle5105\n"}
{"Time":"2026-10-07T23:21:16.902627-10:00","Action":"output","Package":"github.com/snissn/gomap/TreeDB/freelist","Test":"TestNumericRadixGlobalMapOracle5105","Output":"--- PASS: TestNumericRadixGlobalMapOracle5105 (0.01s)\n"}
{"Time":"2026-10-07T23:21:16.902647-10:00","Action":"pass","Package":"github.com/snissn/gomap/TreeDB/freelist","Test":"TestNumericRadixGlobalMapOracle5105","Elapsed":0.01}
{"Time":"2026-10-07T23:21:16.902653-10:00","Action":"run","Package":"github.com/snissn/gomap/TreeDB/freelist","Test":"TestNumericRadixPredebitAndIntrinsicLifetime5105"}
{"Time":"2026-10-07T23:21:16.902656-10:00","Action":"output","Package":"github.com/snissn/gomap/TreeDB/freelist","Test":"TestNumericRadixPredebitAndIntrinsicLifetime5105","Output":"=== RUN   TestNumericRadixPredebitAndIntrinsicLifetime5105\n"}
{"Time":"2026-10-07T23:21:16.902721-10:00","Action":"output","Package":"github.com/snissn/gomap/TreeDB/freelist","Test":"TestNumericRadixPredebitAndIntrinsicLifetime5105","Output":"--- PASS: TestNumericRadixPredebitAndIntrinsicLifetime5105 (0.00s)\n"}
{"Time":"2026-10-07T23:21:16.902726-10:00","Action":"pass","Package":"github.com/snissn/gomap/TreeDB/freelist","Test":"TestNumericRadixPredebitAndIntrinsicLifetime5105","Elapsed":0}
{"Time":"2026-10-07T23:21:16.902741-10:00","Action":"run","Package":"github.com/snissn/gomap/TreeDB/freelist","Test":"TestNumericRadixActualAllocationClasses5105"}
{"Time":"2026-10-07T23:21:16.902745-10:00","Action":"output","Package":"github.com/snissn/gomap/TreeDB/freelist","Test":"TestNumericRadixActualAllocationClasses5105","Output":"=== RUN   TestNumericRadixActualAllocationClasses5105\n"}
{"Time":"2026-10-07T23:21:16.902774-10:00","Action":"output","Package":"github.com/snissn/gomap/TreeDB/freelist","Test":"TestNumericRadixActualAllocationClasses5105","Output":"    numeric_radix_v1_test.go:143: setchunk raw=1584 class=1792\n"}
{"Time":"2026-10-07T23:21:16.902779-10:00","Action":"output","Package":"github.com/snissn/gomap/TreeDB/freelist","Test":"TestNumericRadixActualAllocationClasses5105","Output":"    numeric_radix_v1_test.go:143: ownerchunk raw=2096 class=2304\n"}
{"Time":"2026-10-07T23:21:16.902788-10:00","Action":"output","Package":"github.com/snissn/gomap/TreeDB/freelist","Test":"TestNumericRadixActualAllocationClasses5105","Output":"    numeric_radix_v1_test.go:143: candidatechunk raw=2096 class=2304\n"}
{"Time":"2026-10-07T23:21:16.902799-10:00","Action":"output","Package":"github.com/snissn/gomap/TreeDB/freelist","Test":"TestNumericRadixActualAllocationClasses5105","Output":"    numeric_radix_v1_test.go:143: candidate-set-chunk raw=1840 class=2048\n"}
{"Time":"2026-10-07T23:21:16.902808-10:00","Action":"output","Package":"github.com/snissn/gomap/TreeDB/freelist","Test":"TestNumericRadixActualAllocationClasses5105","Output":"    numeric_radix_v1_test.go:143: numeric-value-chunk raw=1840 class=2048\n"}
{"Time":"2026-10-07T23:21:16.90282-10:00","Action":"output","Package":"github.com/snissn/gomap/TreeDB/freelist","Test":"TestNumericRadixActualAllocationClasses5105","Output":"    numeric_radix_v1_test.go:143: wrapper raw=72 class=80\n"}
{"Time":"2026-10-07T23:21:16.902858-10:00","Action":"output","Package":"github.com/snissn/gomap/TreeDB/freelist","Test":"TestNumericRadixActualAllocationClasses5105","Output":"    numeric_radix_v1_test.go:143: creditlease raw=32 class=32\n"}
{"Time":"2026-10-07T23:21:16.902865-10:00","Action":"output","Package":"github.com/snissn/gomap/TreeDB/freelist","Test":"TestNumericRadixActualAllocationClasses5105","Output":"--- PASS: TestNumericRadixActualAllocationClasses5105 (0.00s)\n"}
{"Time":"2026-10-07T23:21:16.902872-10:00","Action":"pass","Package":"github.com/snissn/gomap/TreeDB/freelist","Test":"TestNumericRadixActualAllocationClasses5105","Elapsed":0}
{"Time":"2026-10-07T23:21:16.902879-10:00","Action":"run","Package":"github.com/snissn/gomap/TreeDB/freelist","Test":"TestNumericRadixWholeChunkPlanAndBulkClone5105"}
{"Time":"2026-10-07T23:21:16.902884-10:00","Action":"output","Package":"github.com/snissn/gomap/TreeDB/freelist","Test":"TestNumericRadixWholeChunkPlanAndBulkClone5105","Output":"=== RUN   TestNumericRadixWholeChunkPlanAndBulkClone5105\n"}
{"Time":"2026-10-07T23:21:16.909352-10:00","Action":"output","Package":"github.com/snissn/gomap/TreeDB/freelist","Test":"TestNumericRadixWholeChunkPlanAndBulkClone5105","Output":"--- PASS: TestNumericRadixWholeChunkPlanAndBulkClone5105 (0.01s)\n"}
{"Time":"2026-10-07T23:21:16.909364-10:00","Action":"pass","Package":"github.com/snissn/gomap/TreeDB/freelist","Test":"TestNumericRadixWholeChunkPlanAndBulkClone5105","Elapsed":0.01}
{"Time":"2026-10-07T23:21:16.909373-10:00","Action":"run","Package":"github.com/snissn/gomap/TreeDB/freelist","Test":"TestNumericRadixChunkGrowthDeniedBeforeBirth5105"}
{"Time":"2026-10-07T23:21:16.909394-10:00","Action":"output","Package":"github.com/snissn/gomap/TreeDB/freelist","Test":"TestNumericRadixChunkGrowthDeniedBeforeBirth5105","Output":"=== RUN   TestNumericRadixChunkGrowthDeniedBeforeBirth5105\n"}
{"Time":"2026-10-07T23:21:16.909434-10:00","Action":"output","Package":"github.com/snissn/gomap/TreeDB/freelist","Test":"TestNumericRadixChunkGrowthDeniedBeforeBirth5105","Output":"--- PASS: TestNumericRadixChunkGrowthDeniedBeforeBirth5105 (0.00s)\n"}
{"Time":"2026-10-07T23:21:16.909447-10:00","Action":"pass","Package":"github.com/snissn/gomap/TreeDB/freelist","Test":"TestNumericRadixChunkGrowthDeniedBeforeBirth5105","Elapsed":0}
{"Time":"2026-10-07T23:21:16.90945-10:00","Action":"run","Package":"github.com/snissn/gomap/TreeDB/freelist","Test":"TestNumericRadixCandidateOrderAndDeleteChurn5105"}
{"Time":"2026-10-07T23:21:16.909453-10:00","Action":"output","Package":"github.com/snissn/gomap/TreeDB/freelist","Test":"TestNumericRadixCandidateOrderAndDeleteChurn5105","Output":"=== RUN   TestNumericRadixCandidateOrderAndDeleteChurn5105\n"}
{"Time":"2026-10-07T23:21:20.49534-10:00","Action":"output","Package":"github.com/snissn/gomap/TreeDB/freelist","Test":"TestNumericRadixCandidateOrderAndDeleteChurn5105","Output":"--- PASS: TestNumericRadixCandidateOrderAndDeleteChurn5105 (3.59s)\n"}
{"Time":"2026-10-07T23:21:20.495382-10:00","Action":"pass","Package":"github.com/snissn/gomap/TreeDB/freelist","Test":"TestNumericRadixCandidateOrderAndDeleteChurn5105","Elapsed":3.59}
{"Time":"2026-10-07T23:21:20.495391-10:00","Action":"run","Package":"github.com/snissn/gomap/TreeDB/freelist","Test":"TestResidentAttachmentDeniedBeforeAnyCreator5105"}
{"Time":"2026-10-07T23:21:20.495395-10:00","Action":"output","Package":"github.com/snissn/gomap/TreeDB/freelist","Test":"TestResidentAttachmentDeniedBeforeAnyCreator5105","Output":"=== RUN   TestResidentAttachmentDeniedBeforeAnyCreator5105\n"}
{"Time":"2026-10-07T23:21:20.496105-10:00","Action":"output","Package":"github.com/snissn/gomap/TreeDB/freelist","Test":"TestResidentAttachmentDeniedBeforeAnyCreator5105","Output":"--- PASS: TestResidentAttachmentDeniedBeforeAnyCreator5105 (0.00s)\n"}
{"Time":"2026-10-07T23:21:20.496117-10:00","Action":"pass","Package":"github.com/snissn/gomap/TreeDB/freelist","Test":"TestResidentAttachmentDeniedBeforeAnyCreator5105","Elapsed":0}
{"Time":"2026-10-07T23:21:20.49613-10:00","Action":"run","Package":"github.com/snissn/gomap/TreeDB/freelist","Test":"TestResidentAttachmentManagedCandidatesCutsAndExactRetry5105"}
{"Time":"2026-10-07T23:21:20.496134-10:00","Action":"output","Package":"github.com/snissn/gomap/TreeDB/freelist","Test":"TestResidentAttachmentManagedCandidatesCutsAndExactRetry5105","Output":"=== RUN   TestResidentAttachmentManagedCandidatesCutsAndExactRetry5105\n"}
{"Time":"2026-10-07T23:21:20.49677-10:00","Action":"output","Package":"github.com/snissn/gomap/TreeDB/freelist","Test":"TestResidentAttachmentManagedCandidatesCutsAndExactRetry5105","Output":"--- PASS: TestResidentAttachmentManagedCandidatesCutsAndExactRetry5105 (0.00s)\n"}
{"Time":"2026-10-07T23:21:20.496785-10:00","Action":"pass","Package":"github.com/snissn/gomap/TreeDB/freelist","Test":"TestResidentAttachmentManagedCandidatesCutsAndExactRetry5105","Elapsed":0}
{"Time":"2026-10-07T23:21:20.496794-10:00","Action":"run","Package":"github.com/snissn/gomap/TreeDB/freelist","Test":"TestResidentAttachmentUnknownOwnersRefusedBeforeDebit5105"}
{"Time":"2026-10-07T23:21:20.496799-10:00","Action":"output","Package":"github.com/snissn/gomap/TreeDB/freelist","Test":"TestResidentAttachmentUnknownOwnersRefusedBeforeDebit5105","Output":"=== RUN   TestResidentAttachmentUnknownOwnersRefusedBeforeDebit5105\n"}
{"Time":"2026-10-07T23:21:20.496818-10:00","Action":"run","Package":"github.com/snissn/gomap/TreeDB/freelist","Test":"TestResidentAttachmentUnknownOwnersRefusedBeforeDebit5105/standalone"}
{"Time":"2026-10-07T23:21:20.496824-10:00","Action":"output","Package":"github.com/snissn/gomap/TreeDB/freelist","Test":"TestResidentAttachmentUnknownOwnersRefusedBeforeDebit5105/standalone","Output":"=== RUN   TestResidentAttachmentUnknownOwnersRefusedBeforeDebit5105/standalone\n"}
{"Time":"2026-10-07T23:21:20.49726-10:00","Action":"output","Package":"github.com/snissn/gomap/TreeDB/freelist","Test":"TestResidentAttachmentUnknownOwnersRefusedBeforeDebit5105/standalone","Output":"--- PASS: TestResidentAttachmentUnknownOwnersRefusedBeforeDebit5105/standalone (0.00s)\n"}
{"Time":"2026-10-07T23:21:20.497269-10:00","Action":"pass","Package":"github.com/snissn/gomap/TreeDB/freelist","Test":"TestResidentAttachmentUnknownOwnersRefusedBeforeDebit5105/standalone","Elapsed":0}
{"Time":"2026-10-07T23:21:20.497298-10:00","Action":"run","Package":"github.com/snissn/gomap/TreeDB/freelist","Test":"TestResidentAttachmentUnknownOwnersRefusedBeforeDebit5105/writer-export"}
{"Time":"2026-10-07T23:21:20.497303-10:00","Action":"output","Package":"github.com/snissn/gomap/TreeDB/freelist","Test":"TestResidentAttachmentUnknownOwnersRefusedBeforeDebit5105/writer-export","Output":"=== RUN   TestResidentAttachmentUnknownOwnersRefusedBeforeDebit5105/writer-export\n"}
{"Time":"2026-10-07T23:21:20.497696-10:00","Action":"output","Package":"github.com/snissn/gomap/TreeDB/freelist","Test":"TestResidentAttachmentUnknownOwnersRefusedBeforeDebit5105/writer-export","Output":"--- PASS: TestResidentAttachmentUnknownOwnersRefusedBeforeDebit5105/writer-export (0.00s)\n"}
{"Time":"2026-10-07T23:21:20.497704-10:00","Action":"pass","Package":"github.com/snissn/gomap/TreeDB/freelist","Test":"TestResidentAttachmentUnknownOwnersRefusedBeforeDebit5105/writer-export","Elapsed":0}
{"Time":"2026-10-07T23:21:20.497717-10:00","Action":"run","Package":"github.com/snissn/gomap/TreeDB/freelist","Test":"TestResidentAttachmentUnknownOwnersRefusedBeforeDebit5105/generation"}
{"Time":"2026-10-07T23:21:20.497724-10:00","Action":"output","Package":"github.com/snissn/gomap/TreeDB/freelist","Test":"TestResidentAttachmentUnknownOwnersRefusedBeforeDebit5105/generation","Output":"=== RUN   TestResidentAttachmentUnknownOwnersRefusedBeforeDebit5105/generation\n"}
{"Time":"2026-10-07T23:21:20.4981-10:00","Action":"output","Package":"github.com/snissn/gomap/TreeDB/freelist","Test":"TestResidentAttachmentUnknownOwnersRefusedBeforeDebit5105/generation","Output":"--- PASS: TestResidentAttachmentUnknownOwnersRefusedBeforeDebit5105/generation (0.00s)\n"}
{"Time":"2026-10-07T23:21:20.498108-10:00","Action":"pass","Package":"github.com/snissn/gomap/TreeDB/freelist","Test":"TestResidentAttachmentUnknownOwnersRefusedBeforeDebit5105/generation","Elapsed":0}
{"Time":"2026-10-07T23:21:20.498123-10:00","Action":"run","Package":"github.com/snissn/gomap/TreeDB/freelist","Test":"TestResidentAttachmentUnknownOwnersRefusedBeforeDebit5105/ledger"}
{"Time":"2026-10-07T23:21:20.498126-10:00","Action":"output","Package":"github.com/snissn/gomap/TreeDB/freelist","Test":"TestResidentAttachmentUnknownOwnersRefusedBeforeDebit5105/ledger","Output":"=== RUN   TestResidentAttachmentUnknownOwnersRefusedBeforeDebit5105/ledger\n"}
{"Time":"2026-10-07T23:21:20.498525-10:00","Action":"output","Package":"github.com/snissn/gomap/TreeDB/freelist","Test":"TestResidentAttachmentUnknownOwnersRefusedBeforeDebit5105/ledger","Output":"--- PASS: TestResidentAttachmentUnknownOwnersRefusedBeforeDebit5105/ledger (0.00s)\n"}
{"Time":"2026-10-07T23:21:20.49853-10:00","Action":"pass","Package":"github.com/snissn/gomap/TreeDB/freelist","Test":"TestResidentAttachmentUnknownOwnersRefusedBeforeDebit5105/ledger","Elapsed":0}
{"Time":"2026-10-07T23:21:20.49854-10:00","Action":"run","Package":"github.com/snissn/gomap/TreeDB/freelist","Test":"TestResidentAttachmentUnknownOwnersRefusedBeforeDebit5105/candidate"}
{"Time":"2026-10-07T23:21:20.498546-10:00","Action":"output","Package":"github.com/snissn/gomap/TreeDB/freelist","Test":"TestResidentAttachmentUnknownOwnersRefusedBeforeDebit5105/candidate","Output":"=== RUN   TestResidentAttachmentUnknownOwnersRefusedBeforeDebit5105/candidate\n"}
{"Time":"2026-10-07T23:21:20.498961-10:00","Action":"output","Package":"github.com/snissn/gomap/TreeDB/freelist","Test":"TestResidentAttachmentUnknownOwnersRefusedBeforeDebit5105/candidate","Output":"--- PASS: TestResidentAttachmentUnknownOwnersRefusedBeforeDebit5105/candidate (0.00s)\n"}
{"Time":"2026-10-07T23:21:20.498983-10:00","Action":"pass","Package":"github.com/snissn/gomap/TreeDB/freelist","Test":"TestResidentAttachmentUnknownOwnersRefusedBeforeDebit5105/candidate","Elapsed":0}
{"Time":"2026-10-07T23:21:20.498986-10:00","Action":"run","Package":"github.com/snissn/gomap/TreeDB/freelist","Test":"TestResidentAttachmentUnknownOwnersRefusedBeforeDebit5105/direct-builder"}
{"Time":"2026-10-07T23:21:20.498989-10:00","Action":"output","Package":"github.com/snissn/gomap/TreeDB/freelist","Test":"TestResidentAttachmentUnknownOwnersRefusedBeforeDebit5105/direct-builder","Output":"=== RUN   TestResidentAttachmentUnknownOwnersRefusedBeforeDebit5105/direct-builder\n"}
{"Time":"2026-10-07T23:21:20.499387-10:00","Action":"output","Package":"github.com/snissn/gomap/TreeDB/freelist","Test":"TestResidentAttachmentUnknownOwnersRefusedBeforeDebit5105/direct-builder","Output":"--- PASS: TestResidentAttachmentUnknownOwnersRefusedBeforeDebit5105/direct-builder (0.00s)\n"}
{"Time":"2026-10-07T23:21:20.499401-10:00","Action":"pass","Package":"github.com/snissn/gomap/TreeDB/freelist","Test":"TestResidentAttachmentUnknownOwnersRefusedBeforeDebit5105/direct-builder","Elapsed":0}
{"Time":"2026-10-07T23:21:20.499407-10:00","Action":"run","Package":"github.com/snissn/gomap/TreeDB/freelist","Test":"TestResidentAttachmentUnknownOwnersRefusedBeforeDebit5105/extra-generation"}
{"Time":"2026-10-07T23:21:20.499411-10:00","Action":"output","Package":"github.com/snissn/gomap/TreeDB/freelist","Test":"TestResidentAttachmentUnknownOwnersRefusedBeforeDebit5105/extra-generation","Output":"=== RUN   TestResidentAttachmentUnknownOwnersRefusedBeforeDebit5105/extra-generation\n"}
{"Time":"2026-10-07T23:21:20.499788-10:00","Action":"output","Package":"github.com/snissn/gomap/TreeDB/freelist","Test":"TestResidentAttachmentUnknownOwnersRefusedBeforeDebit5105/extra-generation","Output":"--- PASS: TestResidentAttachmentUnknownOwnersRefusedBeforeDebit5105/extra-generation (0.00s)\n"}
{"Time":"2026-10-07T23:21:20.499801-10:00","Action":"pass","Package":"github.com/snissn/gomap/TreeDB/freelist","Test":"TestResidentAttachmentUnknownOwnersRefusedBeforeDebit5105/extra-generation","Elapsed":0}
{"Time":"2026-10-07T23:21:20.499807-10:00","Action":"run","Package":"github.com/snissn/gomap/TreeDB/freelist","Test":"TestResidentAttachmentUnknownOwnersRefusedBeforeDebit5105/extra-ledger"}
{"Time":"2026-10-07T23:21:20.49981-10:00","Action":"output","Package":"github.com/snissn/gomap/TreeDB/freelist","Test":"TestResidentAttachmentUnknownOwnersRefusedBeforeDebit5105/extra-ledger","Output":"=== RUN   TestResidentAttachmentUnknownOwnersRefusedBeforeDebit5105/extra-ledger\n"}
{"Time":"2026-10-07T23:21:20.500214-10:00","Action":"output","Package":"github.com/snissn/gomap/TreeDB/freelist","Test":"TestResidentAttachmentUnknownOwnersRefusedBeforeDebit5105/extra-ledger","Output":"--- PASS: TestResidentAttachmentUnknownOwnersRefusedBeforeDebit5105/extra-ledger (0.00s)\n"}
{"Time":"2026-10-07T23:21:20.500221-10:00","Action":"pass","Package":"github.com/snissn/gomap/TreeDB/freelist","Test":"TestResidentAttachmentUnknownOwnersRefusedBeforeDebit5105/extra-ledger","Elapsed":0}
{"Time":"2026-10-07T23:21:20.500226-10:00","Action":"output","Package":"github.com/snissn/gomap/TreeDB/freelist","Test":"TestResidentAttachmentUnknownOwnersRefusedBeforeDebit5105","Output":"--- PASS: TestResidentAttachmentUnknownOwnersRefusedBeforeDebit5105 (0.00s)\n"}
{"Time":"2026-10-07T23:21:20.500236-10:00","Action":"pass","Package":"github.com/snissn/gomap/TreeDB/freelist","Test":"TestResidentAttachmentUnknownOwnersRefusedBeforeDebit5105","Elapsed":0}
{"Time":"2026-10-07T23:21:20.500258-10:00","Action":"run","Package":"github.com/snissn/gomap/TreeDB/freelist","Test":"TestOwnedCandidatePublishedBackingLivesUntilTerminal5105"}
{"Time":"2026-10-07T23:21:20.500262-10:00","Action":"output","Package":"github.com/snissn/gomap/TreeDB/freelist","Test":"TestOwnedCandidatePublishedBackingLivesUntilTerminal5105","Output":"=== RUN   TestOwnedCandidatePublishedBackingLivesUntilTerminal5105\n"}
{"Time":"2026-10-07T23:21:20.500894-10:00","Action":"output","Package":"github.com/snissn/gomap/TreeDB/freelist","Test":"TestOwnedCandidatePublishedBackingLivesUntilTerminal5105","Output":"--- PASS: TestOwnedCandidatePublishedBackingLivesUntilTerminal5105 (0.00s)\n"}
{"Time":"2026-10-07T23:21:20.500901-10:00","Action":"pass","Package":"github.com/snissn/gomap/TreeDB/freelist","Test":"TestOwnedCandidatePublishedBackingLivesUntilTerminal5105","Elapsed":0}
{"Time":"2026-10-07T23:21:20.500916-10:00","Action":"run","Package":"github.com/snissn/gomap/TreeDB/freelist","Test":"TestResidentAttachmentCutReaderAndCloseSynchronization5105"}
{"Time":"2026-10-07T23:21:20.50092-10:00","Action":"output","Package":"github.com/snissn/gomap/TreeDB/freelist","Test":"TestResidentAttachmentCutReaderAndCloseSynchronization5105","Output":"=== RUN   TestResidentAttachmentCutReaderAndCloseSynchronization5105\n"}
{"Time":"2026-10-07T23:21:20.501603-10:00","Action":"output","Package":"github.com/snissn/gomap/TreeDB/freelist","Test":"TestResidentAttachmentCutReaderAndCloseSynchronization5105","Output":"--- PASS: TestResidentAttachmentCutReaderAndCloseSynchronization5105 (0.00s)\n"}
{"Time":"2026-10-07T23:21:20.501609-10:00","Action":"pass","Package":"github.com/snissn/gomap/TreeDB/freelist","Test":"TestResidentAttachmentCutReaderAndCloseSynchronization5105","Elapsed":0}
{"Time":"2026-10-07T23:21:20.501622-10:00","Action":"run","Package":"github.com/snissn/gomap/TreeDB/freelist","Test":"TestResidentAllocationClassWitness5105"}
{"Time":"2026-10-07T23:21:20.501627-10:00","Action":"output","Package":"github.com/snissn/gomap/TreeDB/freelist","Test":"TestResidentAllocationClassWitness5105","Output":"=== RUN   TestResidentAllocationClassWitness5105\n"}
{"Time":"2026-10-07T23:21:20.501658-10:00","Action":"output","Package":"github.com/snissn/gomap/TreeDB/freelist","Test":"TestResidentAllocationClassWitness5105","Output":"    resident_attachment_v1_test.go:268: authority=4/16 allocator=144/144 state=264/288 prepared=192/192 ledger=88/96 cut=112/112 cond=56/64\n"}
{"Time":"2026-10-07T23:21:20.501681-10:00","Action":"output","Package":"github.com/snissn/gomap/TreeDB/freelist","Test":"TestResidentAllocationClassWitness5105","Output":"--- PASS: TestResidentAllocationClassWitness5105 (0.00s)\n"}
{"Time":"2026-10-07T23:21:20.501686-10:00","Action":"pass","Package":"github.com/snissn/gomap/TreeDB/freelist","Test":"TestResidentAllocationClassWitness5105","Elapsed":0}
{"Time":"2026-10-07T23:21:20.501691-10:00","Action":"run","Package":"github.com/snissn/gomap/TreeDB/freelist","Test":"TestBurnedTailGrowthAdmissionBeforeReservationDeletion5105"}
{"Time":"2026-10-07T23:21:20.501696-10:00","Action":"output","Package":"github.com/snissn/gomap/TreeDB/freelist","Test":"TestBurnedTailGrowthAdmissionBeforeReservationDeletion5105","Output":"=== RUN   TestBurnedTailGrowthAdmissionBeforeReservationDeletion5105\n"}
{"Time":"2026-10-07T23:21:20.501755-10:00","Action":"output","Package":"github.com/snissn/gomap/TreeDB/freelist","Test":"TestBurnedTailGrowthAdmissionBeforeReservationDeletion5105","Output":"--- PASS: TestBurnedTailGrowthAdmissionBeforeReservationDeletion5105 (0.00s)\n"}
{"Time":"2026-10-07T23:21:20.50176-10:00","Action":"pass","Package":"github.com/snissn/gomap/TreeDB/freelist","Test":"TestBurnedTailGrowthAdmissionBeforeReservationDeletion5105","Elapsed":0}
{"Time":"2026-10-07T23:21:20.501764-10:00","Action":"run","Package":"github.com/snissn/gomap/TreeDB/freelist","Test":"TestNumericRadixResidentPartialRetiredChunk5105"}
{"Time":"2026-10-07T23:21:20.501766-10:00","Action":"output","Package":"github.com/snissn/gomap/TreeDB/freelist","Test":"TestNumericRadixResidentPartialRetiredChunk5105","Output":"=== RUN   TestNumericRadixResidentPartialRetiredChunk5105\n"}
{"Time":"2026-10-07T23:21:20.501833-10:00","Action":"output","Package":"github.com/snissn/gomap/TreeDB/freelist","Test":"TestNumericRadixResidentPartialRetiredChunk5105","Output":"--- PASS: TestNumericRadixResidentPartialRetiredChunk5105 (0.00s)\n"}
{"Time":"2026-10-07T23:21:20.50185-10:00","Action":"pass","Package":"github.com/snissn/gomap/TreeDB/freelist","Test":"TestNumericRadixResidentPartialRetiredChunk5105","Elapsed":0}
{"Time":"2026-10-07T23:21:20.501853-10:00","Action":"run","Package":"github.com/snissn/gomap/TreeDB/freelist","Test":"TestResidentChunkCloseDetachHeldOldReader5105"}
{"Time":"2026-10-07T23:21:20.501856-10:00","Action":"output","Package":"github.com/snissn/gomap/TreeDB/freelist","Test":"TestResidentChunkCloseDetachHeldOldReader5105","Output":"=== RUN   TestResidentChunkCloseDetachHeldOldReader5105\n"}
{"Time":"2026-10-07T23:21:20.502367-10:00","Action":"output","Package":"github.com/snissn/gomap/TreeDB/freelist","Test":"TestResidentChunkCloseDetachHeldOldReader5105","Output":"--- PASS: TestResidentChunkCloseDetachHeldOldReader5105 (0.00s)\n"}
{"Time":"2026-10-07T23:21:20.502373-10:00","Action":"pass","Package":"github.com/snissn/gomap/TreeDB/freelist","Test":"TestResidentChunkCloseDetachHeldOldReader5105","Elapsed":0}
{"Time":"2026-10-07T23:21:20.502388-10:00","Action":"run","Package":"github.com/snissn/gomap/TreeDB/freelist","Test":"TestTransactionHeaderAndCrossRequestBufferCreators5105"}
{"Time":"2026-10-07T23:21:20.502391-10:00","Action":"output","Package":"github.com/snissn/gomap/TreeDB/freelist","Test":"TestTransactionHeaderAndCrossRequestBufferCreators5105","Output":"=== RUN   TestTransactionHeaderAndCrossRequestBufferCreators5105\n"}
{"Time":"2026-10-07T23:21:20.502462-10:00","Action":"output","Package":"github.com/snissn/gomap/TreeDB/freelist","Test":"TestTransactionHeaderAndCrossRequestBufferCreators5105","Output":"--- PASS: TestTransactionHeaderAndCrossRequestBufferCreators5105 (0.00s)\n"}
{"Time":"2026-10-07T23:21:20.502468-10:00","Action":"pass","Package":"github.com/snissn/gomap/TreeDB/freelist","Test":"TestTransactionHeaderAndCrossRequestBufferCreators5105","Elapsed":0}
{"Time":"2026-10-07T23:21:20.502484-10:00","Action":"run","Package":"github.com/snissn/gomap/TreeDB/freelist","Test":"TestTransactionBirthCloneAndRetainedNodeCredit5105"}
{"Time":"2026-10-07T23:21:20.502488-10:00","Action":"output","Package":"github.com/snissn/gomap/TreeDB/freelist","Test":"TestTransactionBirthCloneAndRetainedNodeCredit5105","Output":"=== RUN   TestTransactionBirthCloneAndRetainedNodeCredit5105\n"}
{"Time":"2026-10-07T23:21:20.502552-10:00","Action":"output","Package":"github.com/snissn/gomap/TreeDB/freelist","Test":"TestTransactionBirthCloneAndRetainedNodeCredit5105","Output":"--- PASS: TestTransactionBirthCloneAndRetainedNodeCredit5105 (0.00s)\n"}
{"Time":"2026-10-07T23:21:20.502556-10:00","Action":"pass","Package":"github.com/snissn/gomap/TreeDB/freelist","Test":"TestTransactionBirthCloneAndRetainedNodeCredit5105","Elapsed":0}
{"Time":"2026-10-07T23:21:20.502574-10:00","Action":"run","Package":"github.com/snissn/gomap/TreeDB/freelist","Test":"TestTransactionBuildExactRetryAndRawLedgerRefusal5105"}
{"Time":"2026-10-07T23:21:20.502577-10:00","Action":"output","Package":"github.com/snissn/gomap/TreeDB/freelist","Test":"TestTransactionBuildExactRetryAndRawLedgerRefusal5105","Output":"=== RUN   TestTransactionBuildExactRetryAndRawLedgerRefusal5105\n"}
{"Time":"2026-10-07T23:21:20.502645-10:00","Action":"output","Package":"github.com/snissn/gomap/TreeDB/freelist","Test":"TestTransactionBuildExactRetryAndRawLedgerRefusal5105","Output":"--- PASS: TestTransactionBuildExactRetryAndRawLedgerRefusal5105 (0.00s)\n"}
{"Time":"2026-10-07T23:21:20.502649-10:00","Action":"pass","Package":"github.com/snissn/gomap/TreeDB/freelist","Test":"TestTransactionBuildExactRetryAndRawLedgerRefusal5105","Elapsed":0}
{"Time":"2026-10-07T23:21:20.50267-10:00","Action":"run","Package":"github.com/snissn/gomap/TreeDB/freelist","Test":"TestTransactionAppendGrowthDeniedBeforeMutation5105"}
{"Time":"2026-10-07T23:21:20.502673-10:00","Action":"output","Package":"github.com/snissn/gomap/TreeDB/freelist","Test":"TestTransactionAppendGrowthDeniedBeforeMutation5105","Output":"=== RUN   TestTransactionAppendGrowthDeniedBeforeMutation5105\n"}
{"Time":"2026-10-07T23:21:20.502725-10:00","Action":"output","Package":"github.com/snissn/gomap/TreeDB/freelist","Test":"TestTransactionAppendGrowthDeniedBeforeMutation5105","Output":"--- PASS: TestTransactionAppendGrowthDeniedBeforeMutation5105 (0.00s)\n"}
{"Time":"2026-10-07T23:21:20.502729-10:00","Action":"pass","Package":"github.com/snissn/gomap/TreeDB/freelist","Test":"TestTransactionAppendGrowthDeniedBeforeMutation5105","Elapsed":0}
{"Time":"2026-10-07T23:21:20.502745-10:00","Action":"run","Package":"github.com/snissn/gomap/TreeDB/freelist","Test":"TestManagedRawCandidateEscapeRemainsPermanent5105"}
{"Time":"2026-10-07T23:21:20.502751-10:00","Action":"output","Package":"github.com/snissn/gomap/TreeDB/freelist","Test":"TestManagedRawCandidateEscapeRemainsPermanent5105","Output":"=== RUN   TestManagedRawCandidateEscapeRemainsPermanent5105\n"}
{"Time":"2026-10-07T23:21:20.502768-10:00","Action":"output","Package":"github.com/snissn/gomap/TreeDB/freelist","Test":"TestManagedRawCandidateEscapeRemainsPermanent5105","Output":"--- PASS: TestManagedRawCandidateEscapeRemainsPermanent5105 (0.00s)\n"}
{"Time":"2026-10-07T23:21:20.502772-10:00","Action":"pass","Package":"github.com/snissn/gomap/TreeDB/freelist","Test":"TestManagedRawCandidateEscapeRemainsPermanent5105","Elapsed":0}
{"Time":"2026-10-07T23:21:20.502787-10:00","Action":"run","Package":"github.com/snissn/gomap/TreeDB/freelist","Test":"TestBuildOwnerPinnedClassWitness5105"}
{"Time":"2026-10-07T23:21:20.502791-10:00","Action":"output","Package":"github.com/snissn/gomap/TreeDB/freelist","Test":"TestBuildOwnerPinnedClassWitness5105","Output":"=== RUN   TestBuildOwnerPinnedClassWitness5105\n"}
{"Time":"2026-10-07T23:21:20.502809-10:00","Action":"output","Package":"github.com/snissn/gomap/TreeDB/freelist","Test":"TestBuildOwnerPinnedClassWitness5105","Output":"    transaction_build_credit_v1_test.go:219: pinned layouts txn=368/class384 ledger=88/class96 creator=32/class32\n"}
{"Time":"2026-10-07T23:21:20.50282-10:00","Action":"output","Package":"github.com/snissn/gomap/TreeDB/freelist","Test":"TestBuildOwnerPinnedClassWitness5105","Output":"--- PASS: TestBuildOwnerPinnedClassWitness5105 (0.00s)\n"}
{"Time":"2026-10-07T23:21:20.502827-10:00","Action":"pass","Package":"github.com/snissn/gomap/TreeDB/freelist","Test":"TestBuildOwnerPinnedClassWitness5105","Elapsed":0}
{"Time":"2026-10-07T23:21:20.502843-10:00","Action":"run","Package":"github.com/snissn/gomap/TreeDB/freelist","Test":"TestOrdinaryPreparedWriterReentryAcrossTerminalClose5105"}
{"Time":"2026-10-07T23:21:20.502846-10:00","Action":"output","Package":"github.com/snissn/gomap/TreeDB/freelist","Test":"TestOrdinaryPreparedWriterReentryAcrossTerminalClose5105","Output":"=== RUN   TestOrdinaryPreparedWriterReentryAcrossTerminalClose5105\n"}
{"Time":"2026-10-07T23:21:20.502883-10:00","Action":"output","Package":"github.com/snissn/gomap/TreeDB/freelist","Test":"TestOrdinaryPreparedWriterReentryAcrossTerminalClose5105","Output":"--- PASS: TestOrdinaryPreparedWriterReentryAcrossTerminalClose5105 (0.00s)\n"}
{"Time":"2026-10-07T23:21:20.502887-10:00","Action":"pass","Package":"github.com/snissn/gomap/TreeDB/freelist","Test":"TestOrdinaryPreparedWriterReentryAcrossTerminalClose5105","Elapsed":0}
{"Time":"2026-10-07T23:21:20.502914-10:00","Action":"run","Package":"github.com/snissn/gomap/TreeDB/freelist","Test":"FuzzFreelistGenerationV1_Model"}
{"Time":"2026-10-07T23:21:20.502921-10:00","Action":"output","Package":"github.com/snissn/gomap/TreeDB/freelist","Test":"FuzzFreelistGenerationV1_Model","Output":"=== RUN   FuzzFreelistGenerationV1_Model\n"}
{"Time":"2026-10-07T23:21:20.502998-10:00","Action":"run","Package":"github.com/snissn/gomap/TreeDB/freelist","Test":"FuzzFreelistGenerationV1_Model/seed#0"}
{"Time":"2026-10-07T23:21:20.503002-10:00","Action":"output","Package":"github.com/snissn/gomap/TreeDB/freelist","Test":"FuzzFreelistGenerationV1_Model/seed#0","Output":"=== RUN   FuzzFreelistGenerationV1_Model/seed#0\n"}
{"Time":"2026-10-07T23:21:20.503155-10:00","Action":"output","Package":"github.com/snissn/gomap/TreeDB/freelist","Test":"FuzzFreelistGenerationV1_Model/seed#0","Output":"--- PASS: FuzzFreelistGenerationV1_Model/seed#0 (0.00s)\n"}
{"Time":"2026-10-07T23:21:20.503169-10:00","Action":"pass","Package":"github.com/snissn/gomap/TreeDB/freelist","Test":"FuzzFreelistGenerationV1_Model/seed#0","Elapsed":0}
{"Time":"2026-10-07T23:21:20.503183-10:00","Action":"run","Package":"github.com/snissn/gomap/TreeDB/freelist","Test":"FuzzFreelistGenerationV1_Model/seed#1"}
{"Time":"2026-10-07T23:21:20.503186-10:00","Action":"output","Package":"github.com/snissn/gomap/TreeDB/freelist","Test":"FuzzFreelistGenerationV1_Model/seed#1","Output":"=== RUN   FuzzFreelistGenerationV1_Model/seed#1\n"}
{"Time":"2026-10-07T23:21:20.503314-10:00","Action":"output","Package":"github.com/snissn/gomap/TreeDB/freelist","Test":"FuzzFreelistGenerationV1_Model/seed#1","Output":"--- PASS: FuzzFreelistGenerationV1_Model/seed#1 (0.00s)\n"}
{"Time":"2026-10-07T23:21:20.503319-10:00","Action":"pass","Package":"github.com/snissn/gomap/TreeDB/freelist","Test":"FuzzFreelistGenerationV1_Model/seed#1","Elapsed":0}
{"Time":"2026-10-07T23:21:20.503333-10:00","Action":"output","Package":"github.com/snissn/gomap/TreeDB/freelist","Test":"FuzzFreelistGenerationV1_Model","Output":"--- PASS: FuzzFreelistGenerationV1_Model (0.00s)\n"}
{"Time":"2026-10-07T23:21:20.503337-10:00","Action":"pass","Package":"github.com/snissn/gomap/TreeDB/freelist","Test":"FuzzFreelistGenerationV1_Model","Elapsed":0}
{"Time":"2026-10-07T23:21:20.503359-10:00","Action":"output","Package":"github.com/snissn/gomap/TreeDB/freelist","Output":"PASS\n"}
{"Time":"2026-10-07T23:21:21.519908-10:00","Action":"output","Package":"github.com/snissn/gomap/TreeDB/freelist","Output":"ok  \tgithub.com/snissn/gomap/TreeDB/freelist\t7.571s\n"}
{"Time":"2026-10-07T23:21:21.519949-10:00","Action":"pass","Package":"github.com/snissn/gomap/TreeDB/freelist","Elapsed":7.572}
