2026-10-06T20:01:42.1228900Z Current runner version: '2.337.0'
2026-10-06T20:01:42.1258574Z ##[group]Runner Image Provisioner
2026-10-06T20:01:42.1260000Z Hosted Compute Agent
2026-10-06T20:01:42.1260885Z Version: 20260901.588
2026-10-06T20:01:42.1261866Z Commit: f88ec8081b781fac6c440065ac7ff9e710ce3d0b
2026-10-06T20:01:42.1263063Z Build Date: 2026-09-01T19:56:44Z
2026-10-06T20:01:42.1264179Z Worker ID: {dbe6af1a-0de8-4c8d-8f68-dbae6510e5b9}
2026-10-06T20:01:42.1265491Z Azure Region: eastus
2026-10-06T20:01:42.1266447Z ##[endgroup]
2026-10-06T20:01:42.1268580Z ##[group]Operating System
2026-10-06T20:01:42.1269747Z Microsoft Windows Server 2025
2026-10-06T20:01:42.1270826Z 10.0.26100
2026-10-06T20:01:42.1271748Z Datacenter
2026-10-06T20:01:42.1272532Z ##[endgroup]
2026-10-06T20:01:42.1273412Z ##[group]Runner Image
2026-10-06T20:01:42.1274418Z Image: windows-2025-vs2026
2026-10-06T20:01:42.1275384Z Version: 20260925.250.1
2026-10-06T20:01:42.1278385Z Included Software: https://github.com/actions/runner-images/blob/win25-vs2026/20260925.250/images/windows/Windows2025-VS2026-Readme.md
2026-10-06T20:01:42.1281486Z Image Release: https://github.com/actions/runner-images/releases/tag/win25-vs2026%2F20260925.250
2026-10-06T20:01:42.1283217Z ##[endgroup]
2026-10-06T20:01:42.1285192Z ##[group]GITHUB_TOKEN Permissions
2026-10-06T20:01:42.1287997Z Contents: read
2026-10-06T20:01:42.1288975Z Metadata: read
2026-10-06T20:01:42.1289932Z PullRequests: read
2026-10-06T20:01:42.1290868Z ##[endgroup]
2026-10-06T20:01:42.1293953Z Secret source: Actions
2026-10-06T20:01:42.1295354Z Cache mode: write
2026-10-06T20:01:42.1296460Z Prepare workflow directory
2026-10-06T20:01:42.1683370Z Prepare all required actions
2026-10-06T20:01:42.1730460Z Getting action download info
2026-10-06T20:01:42.3393211Z Download action repository 'actions/checkout@v4' (SHA:11d5960a326750d5838078e36cf38b85af677262)
2026-10-06T20:01:42.4630207Z Download action repository 'actions/setup-go@v5' (SHA:40f1582b2485089dde7abd97c1529aa768e1baff)
2026-10-06T20:01:42.7118211Z Download action repository 'actions/upload-artifact@v4' (SHA:ea165f8d65b6e75b540449e92b4886f43607fa02)
2026-10-06T20:01:43.0465899Z Complete job name: windows-caching-rest-1
2026-10-06T20:01:43.1915945Z ##[group]Run actions/checkout@v4
2026-10-06T20:01:43.1917244Z with:
2026-10-06T20:01:43.1917884Z   repository: snissn/gomap
2026-10-06T20:01:43.1923583Z   token: ***
2026-10-06T20:01:43.1924189Z   ssh-strict: true
2026-10-06T20:01:43.1924933Z   ssh-user: git
2026-10-06T20:01:43.1925554Z   persist-credentials: true
2026-10-06T20:01:43.1926218Z   clean: true
2026-10-06T20:01:43.1926705Z   sparse-checkout-cone-mode: true
2026-10-06T20:01:43.1927248Z   fetch-depth: 1
2026-10-06T20:01:43.1927736Z   fetch-tags: false
2026-10-06T20:01:43.1928219Z   show-progress: true
2026-10-06T20:01:43.1928715Z   lfs: false
2026-10-06T20:01:43.1929208Z   submodules: false
2026-10-06T20:01:43.1929697Z   set-safe-directory: true
2026-10-06T20:01:43.1930271Z   allow-unsafe-pr-checkout: false
2026-10-06T20:01:43.1931150Z ##[endgroup]
2026-10-06T20:01:43.3334194Z Syncing repository: snissn/gomap
2026-10-06T20:01:43.3336017Z ##[group]Getting Git version info
2026-10-06T20:01:43.3336839Z Working directory is 'D:\a\gomap\gomap'
2026-10-06T20:01:43.4113660Z [command]"C:\Program Files\Git\bin\git.exe" version
2026-10-06T20:01:43.5978094Z git version 2.55.0.windows.5
2026-10-06T20:01:43.6026918Z ##[endgroup]
2026-10-06T20:01:43.6046459Z Temporarily overriding HOME='D:\a\_temp\41b2dab5-07a4-43d4-87f2-2d6af90e48ce' before making global git config changes
2026-10-06T20:01:43.6048341Z Adding repository directory to the temporary git global config as a safe directory
2026-10-06T20:01:43.6056886Z [command]"C:\Program Files\Git\bin\git.exe" config --global --add safe.directory D:\a\gomap\gomap
2026-10-06T20:01:43.6381352Z Deleting the contents of 'D:\a\gomap\gomap'
2026-10-06T20:01:43.6387544Z ##[group]Initializing the repository
2026-10-06T20:01:43.6395589Z [command]"C:\Program Files\Git\bin\git.exe" init D:\a\gomap\gomap
2026-10-06T20:01:43.6895505Z Initialized empty Git repository in D:/a/gomap/gomap/.git/
2026-10-06T20:01:43.6937075Z [command]"C:\Program Files\Git\bin\git.exe" remote add origin https://github.com/snissn/gomap
2026-10-06T20:01:43.7267621Z ##[endgroup]
2026-10-06T20:01:43.7268651Z ##[group]Disabling automatic garbage collection
2026-10-06T20:01:43.7276891Z [command]"C:\Program Files\Git\bin\git.exe" config --local gc.auto 0
2026-10-06T20:01:43.7563141Z ##[endgroup]
2026-10-06T20:01:43.7564055Z ##[group]Setting up auth
2026-10-06T20:01:43.7576103Z [command]"C:\Program Files\Git\bin\git.exe" config --local --name-only --get-regexp core\.sshCommand
2026-10-06T20:01:43.7866270Z [command]"C:\Program Files\Git\bin\git.exe" submodule foreach --recursive "sh -c \"git config --local --name-only --get-regexp 'core\.sshCommand' && git config --local --unset-all 'core.sshCommand' || :\""
2026-10-06T20:01:44.8891790Z [command]"C:\Program Files\Git\bin\git.exe" config --local --name-only --get-regexp http\.https\:\/\/github\.com\/\.extraheader
2026-10-06T20:01:44.9181912Z [command]"C:\Program Files\Git\bin\git.exe" submodule foreach --recursive "sh -c \"git config --local --name-only --get-regexp 'http\.https\:\/\/github\.com\/\.extraheader' && git config --local --unset-all 'http.https://github.com/.extraheader' || :\""
2026-10-06T20:01:45.4671177Z [command]"C:\Program Files\Git\bin\git.exe" config --local --name-only --get-regexp ^includeIf\.gitdir:
2026-10-06T20:01:45.4957971Z [command]"C:\Program Files\Git\bin\git.exe" submodule foreach --recursive "git config --local --show-origin --name-only --get-regexp remote.origin.url"
2026-10-06T20:01:46.0083114Z [command]"C:\Program Files\Git\bin\git.exe" config --local http.https://github.com/.extraheader "AUTHORIZATION: basic ***"
2026-10-06T20:01:46.0400796Z ##[endgroup]
2026-10-06T20:01:46.0401275Z ##[group]Fetching the repository
2026-10-06T20:01:46.0412984Z [command]"C:\Program Files\Git\bin\git.exe" -c protocol.version=2 fetch --no-tags --prune --no-recurse-submodules --depth=1 origin +3d94185e6de823204ffe4da92381de3617f3325f:refs/remotes/pull/5071/merge
2026-10-06T20:01:49.2271229Z From https://github.com/snissn/gomap
2026-10-06T20:01:49.2276005Z  * [new ref]         3d94185e6de823204ffe4da92381de3617f3325f -> pull/5071/merge
2026-10-06T20:01:49.2309903Z ##[endgroup]
2026-10-06T20:01:49.2310489Z ##[group]Determining the checkout info
2026-10-06T20:01:49.2312508Z ##[endgroup]
2026-10-06T20:01:49.2326514Z [command]"C:\Program Files\Git\bin\git.exe" sparse-checkout disable
2026-10-06T20:01:49.2663332Z [command]"C:\Program Files\Git\bin\git.exe" config --local --unset-all extensions.worktreeConfig
2026-10-06T20:01:49.2957367Z ##[group]Checking out the ref
2026-10-06T20:01:49.2967395Z [command]"C:\Program Files\Git\bin\git.exe" checkout --progress --force refs/remotes/pull/5071/merge
2026-10-06T20:01:50.3765999Z Updating files:  33% (2743/8227)
2026-10-06T20:01:50.4160184Z Updating files:  34% (2798/8227)
2026-10-06T20:01:50.4448570Z Updating files:  35% (2880/8227)
2026-10-06T20:01:50.4682582Z Updating files:  36% (2962/8227)
2026-10-06T20:01:50.4956023Z Updating files:  37% (3044/8227)
2026-10-06T20:01:50.5221022Z Updating files:  38% (3127/8227)
2026-10-06T20:01:50.5579069Z Updating files:  39% (3209/8227)
2026-10-06T20:01:51.3498640Z Updating files:  40% (3291/8227)
2026-10-06T20:01:51.5542008Z Updating files:  40% (3371/8227)
2026-10-06T20:01:51.9668890Z Updating files:  41% (3374/8227)
2026-10-06T20:01:52.0481950Z Updating files:  42% (3456/8227)
2026-10-06T20:01:52.1123306Z Updating files:  43% (3538/8227)
2026-10-06T20:01:52.1328590Z Updating files:  44% (3620/8227)
2026-10-06T20:01:52.1569894Z Updating files:  45% (3703/8227)
2026-10-06T20:01:52.1844619Z Updating files:  46% (3785/8227)
2026-10-06T20:01:52.2209960Z Updating files:  47% (3867/8227)
2026-10-06T20:01:52.2804799Z Updating files:  48% (3949/8227)
2026-10-06T20:01:52.3510515Z Updating files:  49% (4032/8227)
2026-10-06T20:01:52.3829774Z Updating files:  49% (4074/8227)
2026-10-06T20:01:52.4137992Z Updating files:  50% (4114/8227)
2026-10-06T20:01:52.4400695Z Updating files:  51% (4196/8227)
2026-10-06T20:01:52.4632791Z Updating files:  52% (4279/8227)
2026-10-06T20:01:52.4832667Z Updating files:  53% (4361/8227)
2026-10-06T20:01:52.5043982Z Updating files:  54% (4443/8227)
2026-10-06T20:01:52.5284461Z Updating files:  55% (4525/8227)
2026-10-06T20:01:52.5498627Z Updating files:  56% (4608/8227)
2026-10-06T20:01:52.5734074Z Updating files:  57% (4690/8227)
2026-10-06T20:01:52.5969218Z Updating files:  58% (4772/8227)
2026-10-06T20:01:52.6219264Z Updating files:  59% (4854/8227)
2026-10-06T20:01:52.6451647Z Updating files:  60% (4937/8227)
2026-10-06T20:01:52.6654731Z Updating files:  61% (5019/8227)
2026-10-06T20:01:52.6937846Z Updating files:  62% (5101/8227)
2026-10-06T20:01:52.7170179Z Updating files:  63% (5184/8227)
2026-10-06T20:01:52.7445614Z Updating files:  64% (5266/8227)
2026-10-06T20:01:52.7694541Z Updating files:  65% (5348/8227)
2026-10-06T20:01:52.7930682Z Updating files:  66% (5430/8227)
2026-10-06T20:01:52.8151906Z Updating files:  67% (5513/8227)
2026-10-06T20:01:52.8377943Z Updating files:  68% (5595/8227)
2026-10-06T20:01:52.8653213Z Updating files:  69% (5677/8227)
2026-10-06T20:01:52.8940101Z Updating files:  70% (5759/8227)
2026-10-06T20:01:52.9746060Z Updating files:  71% (5842/8227)
2026-10-06T20:01:53.0061755Z Updating files:  72% (5924/8227)
2026-10-06T20:01:53.0345287Z Updating files:  73% (6006/8227)
2026-10-06T20:01:53.0608560Z Updating files:  74% (6088/8227)
2026-10-06T20:01:53.0909687Z Updating files:  75% (6171/8227)
2026-10-06T20:01:53.1175909Z Updating files:  76% (6253/8227)
2026-10-06T20:01:53.1397107Z Updating files:  77% (6335/8227)
2026-10-06T20:01:53.1649903Z Updating files:  78% (6418/8227)
2026-10-06T20:01:53.1922058Z Updating files:  79% (6500/8227)
2026-10-06T20:01:53.2135449Z Updating files:  80% (6582/8227)
2026-10-06T20:01:53.2364967Z Updating files:  81% (6664/8227)
2026-10-06T20:01:53.2535904Z Updating files:  82% (6747/8227)
2026-10-06T20:01:53.2696066Z Updating files:  83% (6829/8227)
2026-10-06T20:01:53.2920738Z Updating files:  84% (6911/8227)
2026-10-06T20:01:53.3082797Z Updating files:  85% (6993/8227)
2026-10-06T20:01:53.3288902Z Updating files:  86% (7076/8227)
2026-10-06T20:01:53.3503884Z Updating files:  87% (7158/8227)
2026-10-06T20:01:53.3762735Z Updating files:  87% (7198/8227)
2026-10-06T20:01:53.4158811Z Updating files:  88% (7240/8227)
2026-10-06T20:01:53.4489251Z Updating files:  89% (7323/8227)
2026-10-06T20:01:53.4841786Z Updating files:  90% (7405/8227)
2026-10-06T20:01:53.5484836Z Updating files:  91% (7487/8227)
2026-10-06T20:01:53.5887654Z Updating files:  92% (7569/8227)
2026-10-06T20:01:53.6197154Z Updating files:  93% (7652/8227)
2026-10-06T20:01:53.6501154Z Updating files:  94% (7734/8227)
2026-10-06T20:01:53.6964852Z Updating files:  95% (7816/8227)
2026-10-06T20:01:53.7241213Z Updating files:  96% (7898/8227)
2026-10-06T20:01:53.7455213Z Updating files:  97% (7981/8227)
2026-10-06T20:01:53.7713011Z Updating files:  98% (8063/8227)
2026-10-06T20:01:53.7961039Z Updating files:  99% (8145/8227)
2026-10-06T20:01:53.7961904Z Updating files: 100% (8227/8227)
2026-10-06T20:01:53.7962357Z Updating files: 100% (8227/8227), done.
2026-10-06T20:01:53.8163102Z Note: switching to 'refs/remotes/pull/5071/merge'.
2026-10-06T20:01:53.8163566Z 
2026-10-06T20:01:53.8163908Z You are in 'detached HEAD' state. You can look around, make experimental
2026-10-06T20:01:53.8164725Z changes and commit them, and you can discard any commits you make in this
2026-10-06T20:01:53.8165599Z state without impacting any branches by switching back to a branch.
2026-10-06T20:01:53.8166067Z 
2026-10-06T20:01:53.8166347Z If you want to create a new branch to retain commits you create, you may
2026-10-06T20:01:53.8167088Z do so (now or later) by using -c with the switch command. Example:
2026-10-06T20:01:53.8167539Z 
2026-10-06T20:01:53.8167718Z   git switch -c <new-branch-name>
2026-10-06T20:01:53.8168392Z 
2026-10-06T20:01:53.8168550Z Or undo this operation with:
2026-10-06T20:01:53.8168814Z 
2026-10-06T20:01:53.8168942Z   git switch -
2026-10-06T20:01:53.8169137Z 
2026-10-06T20:01:53.8169503Z Turn off this advice by setting config variable advice.detachedHead to false
2026-10-06T20:01:53.8170058Z 
2026-10-06T20:01:53.8170683Z HEAD is now at 3d94185 Merge 0245d8e0f5835dcba2929e4f1ba8b5d7ea909133 into 7649857532521db69ff4cdcf236a11377c85ab3d
2026-10-06T20:01:53.8383270Z ##[endgroup]
2026-10-06T20:01:53.8737809Z [command]"C:\Program Files\Git\bin\git.exe" log -1 --format=%H
2026-10-06T20:01:53.9011596Z 3d94185e6de823204ffe4da92381de3617f3325f
2026-10-06T20:01:53.9492069Z ##[group]Run actions/setup-go@v5
2026-10-06T20:01:53.9492379Z with:
2026-10-06T20:01:53.9492573Z   go-version-file: go.mod
2026-10-06T20:01:53.9492788Z   cache: false
2026-10-06T20:01:53.9493013Z   cache-dependency-path: go.sum

2026-10-06T20:01:53.9493263Z   check-latest: false
2026-10-06T20:01:53.9495916Z   token: ***
2026-10-06T20:01:53.9496101Z ##[endgroup]
2026-10-06T20:01:54.1147347Z Setup go version spec 1.26
2026-10-06T20:01:54.1208492Z Found in cache @ C:\hostedtoolcache\windows\go\1.26.8\x64
2026-10-06T20:01:54.1211549Z (node:5680) [DEP0040] DeprecationWarning: The `punycode` module is deprecated. Please use a userland alternative instead.
2026-10-06T20:01:54.1212575Z (Use `node --trace-deprecation ...` to show where the warning was created)
2026-10-06T20:01:54.1220688Z Added go to the path
2026-10-06T20:01:54.1226533Z Successfully set up Go version 1.26
2026-10-06T20:01:55.5191585Z go version go1.26.8 windows/amd64
2026-10-06T20:01:55.5191928Z 
2026-10-06T20:01:55.5192377Z ##[group]go env
2026-10-06T20:01:58.6901438Z set AR=ar
2026-10-06T20:01:58.6901773Z set CC=gcc
2026-10-06T20:01:58.6902270Z set CGO_CFLAGS=-O2 -g
2026-10-06T20:01:58.6902585Z set CGO_CPPFLAGS=
2026-10-06T20:01:58.6902880Z set CGO_CXXFLAGS=-O2 -g
2026-10-06T20:01:58.6903194Z set CGO_ENABLED=1
2026-10-06T20:01:58.6903529Z set CGO_FFLAGS=-O2 -g
2026-10-06T20:01:58.6903853Z set CGO_LDFLAGS=-O2 -g
2026-10-06T20:01:58.6904469Z set CXX=g++
2026-10-06T20:01:58.6904746Z set GCCGO=gccgo
2026-10-06T20:01:58.6905031Z set GO111MODULE=
2026-10-06T20:01:58.6905316Z set GOAMD64=v1
2026-10-06T20:01:58.6905597Z set GOARCH=amd64
2026-10-06T20:01:58.6905878Z set GOAUTH=netrc
2026-10-06T20:01:58.6906148Z set GOBIN=
2026-10-06T20:01:58.6906535Z set GOCACHE=C:\Users\runneradmin\AppData\Local\go-build
2026-10-06T20:01:58.6906959Z set GOCACHEPROG=
2026-10-06T20:01:58.6907143Z set GODEBUG=
2026-10-06T20:01:58.6907375Z set GOENV=C:\Users\runneradmin\AppData\Roaming\go\env
2026-10-06T20:01:58.6907683Z set GOEXE=.exe
2026-10-06T20:01:58.6907858Z set GOEXPERIMENT=
2026-10-06T20:01:58.6908038Z set GOFIPS140=off
2026-10-06T20:01:58.6908207Z set GOFLAGS=
2026-10-06T20:01:58.6908978Z set GOGCCFLAGS=-m64 -mthreads -Wl,--no-gc-sections -fmessage-length=0 -ffile-prefix-map=C:\Users\RUNNER~1\AppData\Local\Temp\go-build3028741176=/tmp/go-build -gno-record-gcc-switches
2026-10-06T20:01:58.6909761Z set GOHOSTARCH=amd64
2026-10-06T20:01:58.6909960Z set GOHOSTOS=windows
2026-10-06T20:01:58.6910156Z set GOINSECURE=
2026-10-06T20:01:58.6910361Z set GOMOD=D:\a\gomap\gomap\go.mod
2026-10-06T20:01:58.6910636Z set GOMODCACHE=C:\Users\runneradmin\go\pkg\mod
2026-10-06T20:01:58.6910906Z set GONOPROXY=
2026-10-06T20:01:58.6911073Z set GONOSUMDB=
2026-10-06T20:01:58.6911243Z set GOOS=windows
2026-10-06T20:01:58.6911446Z set GOPATH=C:\Users\runneradmin\go
2026-10-06T20:01:58.6912035Z set GOPRIVATE=
2026-10-06T20:01:58.6912358Z set GOPROXY=https://proxy.golang.org,direct
2026-10-06T20:01:58.6912714Z set GOROOT=C:\hostedtoolcache\windows\go\1.26.8\x64
2026-10-06T20:01:58.6913020Z set GOSUMDB=sum.golang.org
2026-10-06T20:01:58.6913233Z set GOTELEMETRY=local
2026-10-06T20:01:58.6913547Z set GOTELEMETRYDIR=C:\Users\runneradmin\AppData\Roaming\go\telemetry
2026-10-06T20:01:58.6913897Z set GOTMPDIR=
2026-10-06T20:01:58.6914073Z set GOTOOLCHAIN=auto
2026-10-06T20:01:58.6914677Z set GOTOOLDIR=C:\hostedtoolcache\windows\go\1.26.8\x64\pkg\tool\windows_amd64
2026-10-06T20:01:58.6915049Z set GOVCS=
2026-10-06T20:01:58.6915217Z set GOVERSION=go1.26.8
2026-10-06T20:01:58.6915401Z set GOWORK=
2026-10-06T20:01:58.6915582Z set PKG_CONFIG=pkg-config
2026-10-06T20:01:58.6915718Z 
2026-10-06T20:01:58.6916034Z ##[endgroup]
2026-10-06T20:01:58.7222110Z ##[group]Run set -euo pipefail
2026-10-06T20:01:58.7222822Z [36;1mset -euo pipefail[0m
2026-10-06T20:01:58.7223079Z [36;1mtmp_dir="$(mktemp -d)"[0m
2026-10-06T20:01:58.7223307Z [36;1mcleanup() {[0m
2026-10-06T20:01:58.7223510Z [36;1m  rm -rf "$tmp_dir"[0m
2026-10-06T20:01:58.7223718Z [36;1m}[0m
2026-10-06T20:01:58.7223883Z [36;1mmake_tmp() {[0m
2026-10-06T20:01:58.7224107Z [36;1m  mktemp "$tmp_dir/tmp.XXXXXX"[0m
2026-10-06T20:01:58.7224350Z [36;1m}[0m
2026-10-06T20:01:58.7224526Z [36;1mci_list() {[0m
2026-10-06T20:01:58.7224774Z [36;1m  sed -e 's/\r$//' -e '/^#/d' -e '/^$/d' "$1"[0m
2026-10-06T20:01:58.7225069Z [36;1m}[0m
2026-10-06T20:01:58.7225241Z [36;1mweighted_shard_file() {[0m
2026-10-06T20:01:58.7225464Z [36;1m  kind="$1"[0m
2026-10-06T20:01:58.7225652Z [36;1m  shard_index="$2"[0m
2026-10-06T20:01:58.7225859Z [36;1m  shard_count="$3"[0m
2026-10-06T20:01:58.7226062Z [36;1m  weights_file="$4"[0m
2026-10-06T20:01:58.7226304Z [36;1m  all_file="$5"[0m
2026-10-06T20:01:58.7226505Z [36;1m  shard_file="$6"[0m
2026-10-06T20:01:58.7226824Z [36;1m  awk -F '\t' -v kind="$kind" -v idx="$shard_index" -v n="$shard_count" '[0m
2026-10-06T20:01:58.7227179Z [36;1m    NR == FNR {[0m
2026-10-06T20:01:58.7227407Z [36;1m      if ($0 !~ /^#/ && NF >= 3 && $1 == kind) {[0m
2026-10-06T20:01:58.7227683Z [36;1m        pinned[$3] = $2[0m
2026-10-06T20:01:58.7227981Z [36;1m        preserve_fallback[$3] = ($5 == "preserve-fallback")[0m
2026-10-06T20:01:58.7228299Z [36;1m      }[0m
2026-10-06T20:01:58.7228467Z [36;1m      next[0m
2026-10-06T20:01:58.7228644Z [36;1m    }[0m
2026-10-06T20:01:58.7228824Z [36;1m    $0 in pinned {[0m
2026-10-06T20:01:58.7229056Z [36;1m      if ((pinned[$0] + 0) == idx) print[0m
2026-10-06T20:01:58.7229353Z [36;1m      if (preserve_fallback[$0]) fallback++[0m
2026-10-06T20:01:58.7229612Z [36;1m      next[0m
2026-10-06T20:01:58.7229781Z [36;1m    }[0m
2026-10-06T20:01:58.7229974Z [36;1m    (fallback % n) == idx { print }[0m
2026-10-06T20:01:58.7230232Z [36;1m    { fallback++ }[0m
2026-10-06T20:01:58.7230493Z [36;1m  ' "$weights_file" "$all_file" > "$shard_file"[0m
2026-10-06T20:01:58.7230767Z [36;1m}[0m
2026-10-06T20:01:58.7230944Z [36;1mrun_named_test_file() {[0m
2026-10-06T20:01:58.7231167Z [36;1m  pkg="$1"[0m
2026-10-06T20:01:58.7231348Z [36;1m  label="$2"[0m
2026-10-06T20:01:58.7231550Z [36;1m  tests_file="$3"[0m
2026-10-06T20:01:58.7231763Z [36;1m  output_file="$4"[0m
2026-10-06T20:01:58.7231975Z [36;1m  max_regex_chars=6000[0m
2026-10-06T20:01:58.7232190Z [36;1m  chunk=""[0m
2026-10-06T20:01:58.7232379Z [36;1m  chunk_count=0[0m
2026-10-06T20:01:58.7232596Z [36;1m  chunk_index=0[0m
2026-10-06T20:01:58.7232886Z [36;1m  while IFS= read -r test_name || [ -n "$test_name" ]; do[0m
2026-10-06T20:01:58.7233222Z [36;1m    if [ -z "$test_name" ]; then[0m
2026-10-06T20:01:58.7233467Z [36;1m      continue[0m
2026-10-06T20:01:58.7233659Z [36;1m    fi[0m
2026-10-06T20:01:58.7233843Z [36;1m    if [ -n "$chunk" ]; then[0m
2026-10-06T20:01:58.7234123Z [36;1m      candidate="${chunk}|${test_name}"[0m
2026-10-06T20:01:58.7234383Z [36;1m    else[0m
2026-10-06T20:01:58.7234567Z [36;1m      candidate="$test_name"[0m
2026-10-06T20:01:58.7234791Z [36;1m    fi[0m
2026-10-06T20:01:58.7235058Z [36;1m    if [ -n "$chunk" ] && [ "${#candidate}" -gt "$max_regex_chars" ]; then[0m
2026-10-06T20:01:58.7235419Z [36;1m      chunk_index=$((chunk_index + 1))[0m
2026-10-06T20:01:58.7235683Z [36;1m      regex="^(${chunk})$"[0m
2026-10-06T20:01:58.7236045Z [36;1m      echo "${label} chunk=${chunk_index} tests=${chunk_count} regex_len=${#regex}"[0m
2026-10-06T20:01:58.7237341Z [36;1m      go test -json -timeout 30m -p 1 "$pkg" -run "$regex" | tee -a "$output_file"[0m
2026-10-06T20:01:58.7237746Z [36;1m      chunk="$test_name"[0m
2026-10-06T20:01:58.7237973Z [36;1m      chunk_count=1[0m
2026-10-06T20:01:58.7238175Z [36;1m    else[0m
2026-10-06T20:01:58.7240474Z [36;1m      chunk="$candidate"[0m
2026-10-06T20:01:58.7240821Z [36;1m      chunk_count=$((chunk_count + 1))[0m
2026-10-06T20:01:58.7241092Z [36;1m    fi[0m
2026-10-06T20:01:58.7241286Z [36;1m  done < "$tests_file"[0m
2026-10-06T20:01:58.7241521Z [36;1m  if [ -n "$chunk" ]; then[0m
2026-10-06T20:01:58.7241779Z [36;1m    chunk_index=$((chunk_index + 1))[0m
2026-10-06T20:01:58.7242045Z [36;1m    regex="^(${chunk})$"[0m
2026-10-06T20:01:58.7242407Z [36;1m    echo "${label} chunk=${chunk_index} tests=${chunk_count} regex_len=${#regex}"[0m
2026-10-06T20:01:58.7242952Z [36;1m    go test -json -timeout 30m -p 1 "$pkg" -run "$regex" | tee -a "$output_file"[0m
2026-10-06T20:01:58.7243340Z [36;1m  fi[0m
2026-10-06T20:01:58.7243503Z [36;1m}[0m
2026-10-06T20:01:58.7243677Z [36;1mtrap cleanup EXIT[0m
2026-10-06T20:01:58.7243919Z [36;1mcase "windows-caching-rest" in[0m
2026-10-06T20:01:58.7244164Z [36;1m  all)[0m
2026-10-06T20:01:58.7244354Z [36;1m    package_shard_index=""[0m
2026-10-06T20:01:58.7244595Z [36;1m    package_shard_count=""[0m
2026-10-06T20:01:58.7244844Z [36;1m    package_all_file="$(make_tmp)"[0m
2026-10-06T20:01:58.7245109Z [36;1m    package_file="$(make_tmp)"[0m
2026-10-06T20:01:58.7245388Z [36;1m    go list ./... > "$package_all_file"[0m
2026-10-06T20:01:58.7246087Z [36;1m    weighted_shard_file package "$package_shard_index" "$package_shard_count" ../.github/ci/treedb_unix_weighted_shards.tsv "$package_all_file" "$package_file"[0m
2026-10-06T20:01:58.7246900Z [36;1m    echo "TreeDB package shard=${package_shard_index}/${package_shard_count}"[0m
2026-10-06T20:01:58.7247309Z [36;1m    cat "$package_file"[0m
2026-10-06T20:01:58.7247575Z [36;1m    if [ -s "$package_file" ]; then[0m
2026-10-06T20:01:58.7248019Z [36;1m      xargs go test -json -timeout 30m -p 1 < "$package_file" | tee treedb-test.jsonl[0m
2026-10-06T20:01:58.7248417Z [36;1m    else[0m
2026-10-06T20:01:58.7248936Z [36;1m      printf '{"Time":"%s","Action":"skip","Package":"github.com/snissn/gomap/TreeDB"}\n' "$(date -u +%Y-%m-%dT%H:%M:%SZ)" > treedb-test.jsonl[0m
2026-10-06T20:01:58.7249511Z [36;1m    fi[0m
2026-10-06T20:01:58.7249679Z [36;1m    ;;[0m
2026-10-06T20:01:58.7249865Z [36;1m  windows-core)[0m
2026-10-06T20:01:58.7250085Z [36;1m    package_shard_index=""[0m
2026-10-06T20:01:58.7250334Z [36;1m    package_shard_count=""[0m
2026-10-06T20:01:58.7250605Z [36;1m    if [ -z "$package_shard_index" ]; then[0m
2026-10-06T20:01:58.7250887Z [36;1m      package_shard_index=0[0m
2026-10-06T20:01:58.7251114Z [36;1m    fi[0m
2026-10-06T20:01:58.7251403Z [36;1m    if [ -z "$package_shard_count" ] || [ "$package_shard_count" -lt 1 ]; then[0m
2026-10-06T20:01:58.7251784Z [36;1m      package_shard_count=1[0m
2026-10-06T20:01:58.7252004Z [36;1m    fi[0m
2026-10-06T20:01:58.7252201Z [36;1m    package_all_file="$(make_tmp)"[0m
2026-10-06T20:01:58.7252466Z [36;1m    package_file="$(make_tmp)"[0m
2026-10-06T20:01:58.7252716Z [36;1m    root_all_file="$(make_tmp)"[0m
2026-10-06T20:01:58.7252969Z [36;1m    root_test_file="$(make_tmp)"[0m
2026-10-06T20:01:58.7253220Z [36;1m    db_all_file="$(make_tmp)"[0m
2026-10-06T20:01:58.7253460Z [36;1m    db_test_file="$(make_tmp)"[0m
2026-10-06T20:01:58.7253719Z [36;1m    collections_all_file="$(make_tmp)"[0m
2026-10-06T20:01:58.7254010Z [36;1m    collections_test_file="$(make_tmp)"[0m
2026-10-06T20:01:58.7255335Z [36;1m    go list ./... | grep -v '^github.com/snissn/gomap/TreeDB$' | grep -v '^github.com/snissn/gomap/TreeDB/caching$' | grep -v '^github.com/snissn/gomap/TreeDB/collections$' | grep -v '^github.com/snissn/gomap/TreeDB/db$' | grep -v '^github.com/snissn/gomap/TreeDB/mongo_gateway$' | grep -v '^github.com/snissn/gomap/TreeDB/nativewire$' > "$package_all_file"[0m
2026-10-06T20:01:58.7257152Z [36;1m    go test . -list '^(Test|Example).*' | tr -d '\r' | grep -E '^(Test|Example)' | grep -v '^TestPowerLossOracleEnumerateCutPoints$' > "$root_all_file"[0m
2026-10-06T20:01:58.7258313Z [36;1m    go test ./db -list 'Test.*' | tr -d '\r' | grep '^Test' > "$db_all_file"[0m
2026-10-06T20:01:58.7259002Z [36;1m    go test ./collections -list '^(Test|Example|Fuzz).*' | tr -d '\r' | grep -E '^(Test|Example|Fuzz)' > "$collections_all_file"[0m
2026-10-06T20:01:58.7260042Z [36;1m    weights_file=../.github/ci/treedb_windows_core_weighted_shards.tsv[0m
2026-10-06T20:01:58.7260730Z [36;1m    weighted_shard_file package "$package_shard_index" "$package_shard_count" "$weights_file" "$package_all_file" "$package_file"[0m
2026-10-06T20:01:58.7261579Z [36;1m    weighted_shard_file root "$package_shard_index" "$package_shard_count" "$weights_file" "$root_all_file" "$root_test_file"[0m
2026-10-06T20:01:58.7262400Z [36;1m    weighted_shard_file db "$package_shard_index" "$package_shard_count" "$weights_file" "$db_all_file" "$db_test_file"[0m
2026-10-06T20:01:58.7263292Z [36;1m    weighted_shard_file collections "$package_shard_index" "$package_shard_count" "$weights_file" "$collections_all_file" "$collections_test_file"[0m
2026-10-06T20:01:58.7264100Z [36;1m    echo "TreeDB windows-core package shard=${package_shard_index}/${package_shard_count}"[0m
2026-10-06T20:01:58.7264557Z [36;1m    ran_tests=false[0m
2026-10-06T20:01:58.7264797Z [36;1m    if [ -s "$package_file" ]; then[0m
2026-10-06T20:01:58.7265217Z [36;1m      xargs go test -json -timeout 30m -p 1 < "$package_file" | tee treedb-test.jsonl[0m
2026-10-06T20:01:58.7265633Z [36;1m      ran_tests=true[0m
2026-10-06T20:01:58.7265842Z [36;1m    fi[0m
2026-10-06T20:01:58.7266038Z [36;1m    if [ -s "$root_test_file" ]; then[0m
2026-10-06T20:01:58.7266622Z [36;1m      run_named_test_file . "TreeDB root test shard=${package_shard_index}/${package_shard_count}" "$root_test_file" treedb-test.jsonl[0m
2026-10-06T20:01:58.7267193Z [36;1m      ran_tests=true[0m
2026-10-06T20:01:58.7267400Z [36;1m    fi[0m
2026-10-06T20:01:58.7267597Z [36;1m    if [ -s "$db_test_file" ]; then[0m
2026-10-06T20:01:58.7268172Z [36;1m      run_named_test_file ./db "TreeDB/db test shard=${package_shard_index}/${package_shard_count}" "$db_test_file" treedb-test.jsonl[0m
2026-10-06T20:01:58.7268733Z [36;1m      ran_tests=true[0m
2026-10-06T20:01:58.7268932Z [36;1m    fi[0m
2026-10-06T20:01:58.7269144Z [36;1m    if [ -s "$collections_test_file" ]; then[0m
2026-10-06T20:01:58.7269842Z [36;1m      run_named_test_file ./collections "TreeDB/collections test shard=${package_shard_index}/${package_shard_count}" "$collections_test_file" treedb-test.jsonl[0m
2026-10-06T20:01:58.7270515Z [36;1m      ran_tests=true[0m
2026-10-06T20:01:58.7270713Z [36;1m    fi[0m
2026-10-06T20:01:58.7270900Z [36;1m    if [ "$ran_tests" = false ]; then[0m
2026-10-06T20:01:58.7271416Z [36;1m      echo "no TreeDB windows-core tests found for shard ${package_shard_index}/${package_shard_count}; skipping"[0m
2026-10-06T20:01:58.7272254Z [36;1m      printf '{"Time":"%s","Action":"skip","Package":"github.com/snissn/gomap/TreeDB"}\n' "$(date -u +%Y-%m-%dT%H:%M:%SZ)" > treedb-test.jsonl[0m
2026-10-06T20:01:58.7272814Z [36;1m    fi[0m
2026-10-06T20:01:58.7272982Z [36;1m    ;;[0m
2026-10-06T20:01:58.7273155Z [36;1m  windows-mongo)[0m
2026-10-06T20:01:58.7273442Z [36;1m    echo "TreeDB/mongo_gateway dedicated Windows shard"[0m
2026-10-06T20:01:58.7273889Z [36;1m    go test -json -timeout 30m -p 1 ./mongo_gateway | tee treedb-test.jsonl[0m
2026-10-06T20:01:58.7274258Z [36;1m    ;;[0m
2026-10-06T20:01:58.7274436Z [36;1m  windows-nativewire)[0m
2026-10-06T20:01:58.7274716Z [36;1m    echo "TreeDB/nativewire dedicated Windows shard"[0m
2026-10-06T20:01:58.7275265Z [36;1m    go test -json -timeout 30m -p 1 ./nativewire | tee treedb-test.jsonl[0m
2026-10-06T20:01:58.7275625Z [36;1m    ;;[0m
2026-10-06T20:01:58.7275818Z [36;1m  windows-powerloss-oracle)[0m
2026-10-06T20:01:58.7276144Z [36;1m    echo "TreeDB power-loss oracle dedicated Windows shard"[0m
2026-10-06T20:01:58.7276827Z [36;1m    go test -json -timeout 30m -p 1 . -run '^TestPowerLossOracleEnumerateCutPoints$' | tee treedb-test.jsonl[0m
2026-10-06T20:01:58.7277328Z [36;1m    ;;[0m
2026-10-06T20:01:58.7277513Z [36;1m  windows-caching-heavy)[0m
2026-10-06T20:01:58.7277756Z [36;1m    heavy_file="$(make_tmp)"[0m
2026-10-06T20:01:58.7278007Z [36;1m    heavy_pin_file="$(make_tmp)"[0m
2026-10-06T20:01:58.7278274Z [36;1m    heavy_shard_file="$(make_tmp)"[0m
2026-10-06T20:01:58.7278669Z [36;1m    ci_list ../.github/ci/treedb_windows_caching_heavy_tests.txt > "$heavy_file"[0m
2026-10-06T20:01:58.7279239Z [36;1m    ci_list ../.github/ci/treedb_windows_caching_heavy_shard0_tests.txt > "$heavy_pin_file"[0m
2026-10-06T20:01:58.7279993Z [36;1m    heavy_shard_index=""[0m
2026-10-06T20:01:58.7280248Z [36;1m    heavy_shard_count=""[0m
2026-10-06T20:01:58.7280498Z [36;1m    if [ -z "$heavy_shard_index" ]; then[0m
2026-10-06T20:01:58.7280770Z [36;1m      heavy_shard_index=0[0m
2026-10-06T20:01:58.7280986Z [36;1m    fi[0m
2026-10-06T20:01:58.7281261Z [36;1m    if [ -z "$heavy_shard_count" ] || [ "$heavy_shard_count" -lt 1 ]; then[0m
2026-10-06T20:01:58.7281650Z [36;1m      heavy_shard_count=1[0m
2026-10-06T20:01:58.7281865Z [36;1m    fi[0m
2026-10-06T20:01:58.7282077Z [36;1m    if [ "$heavy_shard_count" -eq 2 ]; then[0m
2026-10-06T20:01:58.7282362Z [36;1m      case "$heavy_shard_index" in[0m
2026-10-06T20:01:58.7282605Z [36;1m        0)[0m
2026-10-06T20:01:58.7282901Z [36;1m          grep -F -x -f "$heavy_pin_file" "$heavy_file" > "$heavy_shard_file"[0m
2026-10-06T20:01:58.7283262Z [36;1m          ;;[0m
2026-10-06T20:01:58.7283448Z [36;1m        1)[0m
2026-10-06T20:01:58.7283771Z [36;1m          grep -F -x -v -f "$heavy_pin_file" "$heavy_file" > "$heavy_shard_file" || true[0m
2026-10-06T20:01:58.7284155Z [36;1m          ;;[0m
2026-10-06T20:01:58.7284333Z [36;1m        *)[0m
2026-10-06T20:01:58.7284537Z [36;1m          : > "$heavy_shard_file"[0m
2026-10-06T20:01:58.7284775Z [36;1m          ;;[0m
2026-10-06T20:01:58.7284956Z [36;1m      esac[0m
2026-10-06T20:01:58.7285126Z [36;1m    else[0m
2026-10-06T20:01:58.7285626Z [36;1m      awk -v idx="$heavy_shard_index" -v n="$heavy_shard_count" 'BEGIN { c = 0 } { if ((c % n) == idx) print; c++ }' "$heavy_file" > "$heavy_shard_file"[0m
2026-10-06T20:01:58.7286179Z [36;1m    fi[0m
2026-10-06T20:01:58.7286379Z [36;1m    if ! [ -s "$heavy_shard_file" ]; then[0m
2026-10-06T20:01:58.7286863Z [36;1m      echo "no heavy caching tests found for shard ${heavy_shard_index}/${heavy_shard_count}; skipping"[0m
2026-10-06T20:01:58.7287687Z [36;1m      printf '{"Time":"%s","Action":"skip","Package":"github.com/snissn/gomap/TreeDB/caching"}\n' "$(date -u +%Y-%m-%dT%H:%M:%SZ)" > treedb-test.jsonl[0m
2026-10-06T20:01:58.7288290Z [36;1m      exit 0[0m
2026-10-06T20:01:58.7288464Z [36;1m    fi[0m
2026-10-06T20:01:58.7288686Z [36;1m    regex="^($(paste -sd'|' "$heavy_shard_file"))$"[0m
2026-10-06T20:01:58.7289186Z [36;1m    echo "TreeDB/caching heavy shard=${heavy_shard_index}/${heavy_shard_count} regex=${regex}"[0m
2026-10-06T20:01:58.7289775Z [36;1m    go test -json -timeout 30m -p 1 ./caching -run "$regex" | tee treedb-test.jsonl[0m
2026-10-06T20:01:58.7290169Z [36;1m    ;;[0m
2026-10-06T20:01:58.7290354Z [36;1m  windows-caching-rest)[0m
2026-10-06T20:01:58.7290595Z [36;1m    heavy_file="$(make_tmp)"[0m
2026-10-06T20:01:58.7290839Z [36;1m    rest_file="$(make_tmp)"[0m
2026-10-06T20:01:58.7291088Z [36;1m    rest_shard_file="$(make_tmp)"[0m
2026-10-06T20:01:58.7291476Z [36;1m    ci_list ../.github/ci/treedb_windows_caching_heavy_tests.txt > "$heavy_file"[0m
2026-10-06T20:01:58.7292193Z [36;1m    go test ./caching -list 'Test.*' | tr -d '\r' | grep '^Test' | grep -F -x -v -f "$heavy_file" > "$rest_file"[0m
2026-10-06T20:01:58.7292665Z [36;1m    rest_shard_index="0"[0m
2026-10-06T20:01:58.7292891Z [36;1m    rest_shard_count="3"[0m
2026-10-06T20:01:58.7293137Z [36;1m    if [ -z "$rest_shard_index" ]; then[0m
2026-10-06T20:01:58.7293477Z [36;1m      rest_shard_index=0[0m
2026-10-06T20:01:58.7293689Z [36;1m    fi[0m
2026-10-06T20:01:58.7293958Z [36;1m    if [ -z "$rest_shard_count" ] || [ "$rest_shard_count" -lt 1 ]; then[0m
2026-10-06T20:01:58.7294301Z [36;1m      rest_shard_count=1[0m
2026-10-06T20:01:58.7294516Z [36;1m    fi[0m
2026-10-06T20:01:58.7294981Z [36;1m    awk -v idx="$rest_shard_index" -v n="$rest_shard_count" 'BEGIN { c = 0 } { if ((c % n) == idx) print; c++ }' "$rest_file" > "$rest_shard_file"[0m
2026-10-06T20:01:58.7295576Z [36;1m    rest_regex="^($(paste -sd'|' "$rest_shard_file"))$"[0m
2026-10-06T20:01:58.7295901Z [36;1m    if [ "$rest_regex" = '^()$' ]; then[0m
2026-10-06T20:01:58.7296387Z [36;1m      echo "no non-heavy caching tests found for shard ${rest_shard_index}/${rest_shard_count}; skipping"[0m
2026-10-06T20:01:58.7297265Z [36;1m      printf '{"Time":"%s","Action":"skip","Package":"github.com/snissn/gomap/TreeDB/caching"}\n' "$(date -u +%Y-%m-%dT%H:%M:%SZ)" > treedb-test.jsonl[0m
2026-10-06T20:01:58.7315719Z [36;1m      exit 0[0m
2026-10-06T20:01:58.7315949Z [36;1m    fi[0m
2026-10-06T20:01:58.7316356Z [36;1m    echo "TreeDB/caching rest shard=${rest_shard_index}/${rest_shard_count} regex=${rest_regex}"[0m
2026-10-06T20:01:58.7317012Z [36;1m    go test -json -timeout 30m -p 1 ./caching -run "$rest_regex" | tee treedb-test.jsonl[0m
2026-10-06T20:01:58.7317449Z [36;1m    ;;[0m
2026-10-06T20:01:58.7318095Z [36;1m  *)[0m
2026-10-06T20:01:58.7318443Z [36;1m    echo "unknown shard kind: windows-caching-rest" >&2[0m
2026-10-06T20:01:58.7318767Z [36;1m    exit 1[0m
2026-10-06T20:01:58.7318948Z [36;1m    ;;[0m
2026-10-06T20:01:58.7319123Z [36;1mesac[0m
2026-10-06T20:01:58.7340584Z shell: C:\Program Files\Git\bin\bash.EXE --noprofile --norc -e -o pipefail {0}
2026-10-06T20:01:58.7340994Z env:
2026-10-06T20:01:58.7341174Z   GOMEMLIMIT: 4GiB
2026-10-06T20:01:58.7341364Z   GOMAXPROCS: 2
2026-10-06T20:01:58.7341549Z ##[endgroup]
2026-10-06T20:01:59.1793058Z go: downloading github.com/cespare/xxhash/v2 v2.3.0
2026-10-06T20:01:59.1905971Z go: downloading github.com/snissn/compress v1.18.2-snissn.0.0.20260506201017-87fb149e4721
2026-10-06T20:02:00.9140123Z go: downloading go.uber.org/goleak v1.3.0
2026-10-06T20:02:01.8249695Z go: downloading github.com/tidwall/btree v1.8.1
2026-10-06T20:02:01.8596694Z go: downloading github.com/golang/snappy v0.0.4
2026-10-06T20:02:01.9044770Z go: downloading github.com/pierrec/lz4/v4 v4.1.22
2026-10-06T20:02:02.5123010Z go: downloading golang.org/x/sys v0.41.0
2026-10-06T20:02:03.0562458Z go: downloading github.com/zeebo/xxh3 v1.1.0
2026-10-06T20:02:04.2355379Z go: downloading github.com/snissn/go-crc32-asm v0.0.0-20260522204125-08945951423a
2026-10-06T20:02:04.5991927Z go: downloading github.com/klauspost/cpuid/v2 v2.2.10
2026-10-06T20:03:03.4402329Z TreeDB/caching rest shard=0/3 regex=^(TestAppendOnlyBatchSetViewCopiesValuesToDirectArenaAcrossMutationAndCheckpoint|TestAppendOnlyDirectWriterArenaStatsExcludeAbandonedTail|TestAppendOnlyDirectWriterArena_RetainChunks_LargeChunkByteBudget|TestAppendOnlyDirectWriterArena_RetainChunks_PressureAwareLimits|TestAppendOnlyEntriesToCapacity_OverflowSafe|TestAppendOnlyReserveDemandHintClampsToPressureCapacity|TestAppendOnlyIteratorSnapshot_PinsOldViewAcrossFlush_CurrentBehavior|TestStopBackpressureFlushesAndReturns|TestCheckpointFlushStats|TestComputeBackpressureThresholds_Seconds|TestWaitForStopSchedulesFlush|TestBatchArenaFreeLeaseDropsAfterBucketCap|TestBatchArenaPoolAccountingMissResetsAfterGC|TestDrainBatchArenaPoolToTargetBytes|TestCurrentBatchArenaRetainedHardCap_UsesOverride|TestBatchArenaRetainedHardCapEffectiveBytes_ReducesUnderDeferredPressure|TestBatchArenaSingleMemtableRetainCoalescesLeaseHeaders|TestBatchArenaTailCompaction_PacksManyAliasesIntoOneBacking|TestBatchArenaCopy_ChunkCapClamped|TestBatchArenaLeases_ReleasedAfterCheckpoint|TestBatchArenaRetainedHardCap_PreflightBlocksLargeFirstBatchLease|TestBatchWrite_BTreeStealSuppressedUnderDeferredPressure|TestBatchStableViewValueLease_AppendOnlyBorrowsWithoutDirectArena|TestNoteBatchArenaRetainedBytesMax|TestBatchCopyArenaInitCapForEntries|TestBatchCopyArenaHint_UsesTotalCopiedBytes|TestBatchCopyArenaInitCap_ClampsUnderCriticalPressure|TestBatchCloseReleasesAuxiliaryIndexSlices|TestBatchShardEntryGroupLeaseReuseAndClear|TestBatchArenaChunkListLeaseReturnedAfterMemtableRelease|TestBatchWrite_DeleteOnlyFastPath_SortedAndUnsorted|TestBatchPtrValueArena_RecycledWhenPointersAssigned|TestBatchSetOps_StreamEligible_DisablesOnNonMonotonic|TestProfileFast_BatchWriteFlushesPointerValueLogBeforeMetadataSync|TestCheckpointWaitProductivityStatsNoopCheckpoint|TestCheckpointWaitProductivityStatsActiveBackgroundDrainsFrontier|TestCachingDB_CheckpointContextCancelsBeforeFrontierDrain|TestCachingDB_Checkpoint_TrimsWAL|TestCachingDB_DirectWriteGateRechecksCheckpointAfterPublicWait|TestCachingDB_ExclusiveWriteWithFlushMuHeldReleasesFlushMuWhileWaiting|TestCachingDB_AutoCheckpoint_IdleTrigger_TrimsWAL|TestCachingDB_AutoCheckpoint_SizeTrigger_RearmsAfterSuccessfulNoRelief|TestCachingDB_AutoCheckpoint_SizeTrigger_DoesNotThrashWithRetainedValueLog|TestCachingDB_CloseFlushesDeletesAndOverwrites|TestBackendSyncBoundaryTreatsStaleCleanupProofAsRetryable|TestCachingDBBackendCheckpointBoundaryUsesCoveredPrefixOnlyForExternalCommandWAL|TestAutoCheckpointCoveredPrefixCleanupFailureRetainsDebtAndReports|TestCachingDBCheckpointCleanupPropagatesUnexpectedError|TestCompactStorageAudit_RealCachedProviderRepeatedDriftReturnsStale|TestConditionalTxnStagedReadDoesNotExtendReadSet|TestCOWBatchStorageAdmissionAndReset|TestCOWBatchCanonicalPreparationPublishesFinalRevisions|TestCOWUnsupportedSurfacesRefuseBeforeEffects|TestCOWEmptyBasisIteratorNeedsNoReadWorkspace|TestCOWChangedSizeSingleAndDuplicateFinalRecord|TestCOWCutPrivatePrepareDoesNotBlockOrMixReaders|TestCOWCutDBCloseExcludesAdmittedReadAndAllowsDelayedRelease|TestCOWCursorDeniedWrapperDoesNotAllocate|TestCOWDrainPublishesActivePointersAndTombstones|TestCOWOrdinaryOverwriteAutomaticallyRollsBoundedGenerations|TestCOWMaintenanceAcceptedRefreshPressureLifetime|TestCOWPointerCheckpointCapturedBasisAndTombstones|TestCOWMaintenanceOwnsFlushFenceAndWaitingWriterProgress|TestCOWReadWorkspaceMetadataAdmissionRefusalAndDrain|TestCOWReadAdapterCursorOwnsOldRoot|TestValuePtrHasNoPointerFieldsForNoClearPool|TestOpenSeedsRIDFromTailValueLogSegments|TestWrapForegroundIterator_AvoidsDoubleWrapAndCloseIsIdempotent|TestForegroundVlogMaintenanceQuietFor_IgnoresReadTraffic|TestForegroundVlogMaintenanceResumedSince_FirstWriteAfterZeroBaseline|TestCachingDB_FlushSyncsWhenWALDisabled|TestCachingDB_FlushAllCombinesMemtables|TestPrepareBypassValueLogOps_RewritesLargeValuesToPointers|TestRotateValueLogMuHeld_RestoresUsableWriterAfterRegisterFailure|TestCheckpoint_AutomaticSkipsSparseVacuum|TestCachingDB_DeleteRange_DisableWAL_CoversInMemoryDeletesBackend|TestCachingDB_IteratorIncludesBackendAfterStreamingBatch|TestCachingDB_SetDoesNotBlockOnWriteMuRLock|TestCachingDB_CloseDeferredValueLogDoesNotFail|TestCachingDB_PrunesRetainedValueLog|TestRetainedValueLogPruneDiagnostics_NoCandidates|TestRetainedValueLogPruneDiagnostics_ForegroundAbort|TestRetainedValueLogPruneCloseCancelsNestedLiveIDScan|TestCheckpoint_DefersRetainedValueLogPruneUntilForegroundQuiet|TestRetainedValueLogPrune_AbortsWhenForegroundWritesResume|TestCheckpoint_RateLimitsRetainedValueLogPrune|TestRetainedValueLogPruneForce_PreemptsQuietWait|TestAdvanceValueLogWriterPastObservedSeq_RollsBackToOriginalSeqOnRegisterFailure|TestCachingDBDeleteRangeStatsCountsVisitedTombstones|TestCachingDB_CommandWALRangeSpanFiltersPublishedRoot|TestCachingDB_CommandWALRangeSpanSurvivesDisjointOrdinaryDeleteRange|TestCachingDB_CommandWALRangeSpanFlushCollectionRespectsLaneBarriers|TestCachingDB_DeleteRange_WALApplyFailurePoisonsWrites|TestCachingDB_DeleteRange_WALFlushesAfterDeletes|TestCachingBatchDeleteRangeSerializesScanAndPublish|TestCachingBatchDeleteRangeMixedOrder|TestDomainIngressDisabledByDefault|TestCurrentTreeDBExpvarStatsIncludesInstances|TestUnregisterTreeDBExpvarStatsDBKeepsCurrentWhenOthersRemain|TestWriteWaitForCheckpointStatsIncrement|TestObserveWriteWaitForCheckpointPreservesZeroDurationSample|TestBeginExclusiveWriteRecordsCheckpointWait|TestLeafLogLaneStatsExposeConfiguredActiveAndPerLaneCounters|TestFlushSpanRunStatsCombinedFlushCountsPostShadowPlannedOps|TestFlushSpanRunLeafAwareChunksDoNotSplitTargetLeaves|TestFlushSpanRunPlannedBackendChunksFallbackOnInvalidCoverage|TestFlushSpanRunBackendChunksExcludeEmptySyncBoundary|TestFlushBacklogCoalescingDefaultPressureGatesAdmitObservedRandomShape|TestFlushBacklogCoalescingOpsBudgetAllowsOneWholeMemtableOvershoot|TestFlushBacklogCoalescingCheckpointAdmissionAccountsForBaseByteBudget|TestFlushCollectionModeSpanNativeFallbackOnlyForClose|TestFlushCollectionModeRangeOnlyCheckpointFallbackReason|TestCheckpointActiveFrontierFiltersBackgroundFlush|TestCheckpointSharedFrontierRecordsBackgroundAndCheckpointWork|TestFlushBacklogCoalescingAgeGate|TestMemtableBatchApplyPreservesEntryRevision|TestBuildOpRunsAppendOnlyRandomDeleteHeavyLatestWins|TestCanStreamCanonicalPointUnitsFromStableIteratorsRejectsFallbackCases|TestOpMergeHeapEightByteDuplicatePriorityAndTombstone|TestCachingDB_MultiLaneFlushDrainsQueue|TestFlushAllBlocksWhileFlushMuHeld|TestCachingDB_FlushSomeAndFlushAllStress|TestFlushCoordinatorHardOverloadFallsBackToForegroundAssist|TestFlushCoordinatorFlushErrorRemovesActiveCredit|TestFlushCoordinatorCloseDrainsQueuedWork|TestCachingDB_FlushAllParallelBuildCombinesMemtables|TestPutEntryRunsClearsReferences|TestBuildOpRunsChunking|TestFlushDeferredValueLogMemtableReservesBackendBatch|TestOuterLeafArenaLeaseRoundTripWithOversizeReuse|TestEntrySliceLeaseRoundTripWithOversizeReuse|TestEntrySliceLeaseRejectsRoundedBucketAbovePressureCap|TestPutEntrySliceBudgetCapsRetention|TestMaybeResetEntrySlicePoolBytesAfterGC_FirstEpochKeepsAccountedBytes|TestOuterLeafArenaMaxReuseCapClampOverflow|TestAppendOnlyMemtableLeaseReuse|TestFlushLaneOnce_UsesPointerViewForCanonicalizedUnstableIterators|TestGetMany_MemtablePointerValues_DefensiveCopyAndCapacityCapped|TestIterator_BackendOnlyFastPathUsesBackendIterator|TestIterator_IncludesCachedWrites_ValuePointers|TestRetiredMemtableHoldWaitsForUntrackedRetainAfterTrackedRelease|TestIterator_BackendErrorClosesQueuedIterators|TestRotateWithCapacity_EnqueuesOnlyNonEmptyShards|TestOpenStatsExposeExplicitJournalLaneOverride|TestLeafGenerationPackReclaimPerByteCopiedPPM_OverflowSafe|TestCachingLeafPageLogConcurrentSequenceReservations|TestValueLogLaneForFileID_LeafAppendLookupDoesNotAllocate|TestCachingLeafPageLog_SyncRespectsRelaxedSync|TestCachingLeafPageLog_AppendLeafPagesGroupsPointersAndPayloads|TestCachingSpanNativeLeafLogOutputUsesSelectedLanes|TestCachingLeafPageLogLaneMaintenanceAdvanceUsesUniqueSequences|TestCollectLeafRefValueLogLiveIDs_RespectsCanceledContext|TestBatchSetCallerStatsSampled|TestAdaptiveMemtableMode_EarlyRotationKeepsSampling|TestAdaptiveMemtableMode_SwitchesAfterWarmupRotation|TestAdaptiveMemtableMode_BTreeMinIteratorSamplesEnvExplicitZero|TestRetainMemtableViewSelfHealsZeroRefPublishedView|TestRetiredMemtableRecycleDoesNotWaitForUnrelatedNewerView|TestPutAppendOnlyMemLease_RespectsCap|TestBatch_WALOffStreamBypass_DisabledWithValueLog|TestMVCCPhysicalVersionsShareMutableShard|TestSeekGEExactMVCCRangeDoesNotHideOversizedMalformedSuffix|TestSeekGEExactMVCCRangeUsesShardLocalInMemorySources|TestRemoveFileRetryClassifiesLeafValueLogUnlink|TestNextNativeRootValueLogAppendSeqRejectsExhaustion|TestDBGet_PointerValueRemainsCallerOwned|TestSnapshotPointReads_ConsultOnlyShardImmutableQueue|TestGetMany_ConsultsOnlyTouchedPublishedRootPointShards|TestGetMany_DuplicateHitsReuseSingleProbeWithoutResultAliasing|TestSeekGE_RawPhysicalDeleteCounterexample|TestSeekGEVersionRange_PhysicalDeleteRetriesFreshView|TestSeekGEVersionRange_FallbackExclusive|TestSeekGEVersionRange_PruneRequiresStoreFence|TestSeekGE_SourceCountersSpanTombstoneRounds|TestSeekGE_DoesNotRotateOrCreateGeneralIterator|TestSeekGE_AttributionPartitionsWinningSource|TestSeekGE_ConcurrentCommitSnapshotIsCoherent|TestPoolPressureIncludesUnreleasedIdleHeap|TestPoolPressureTrimPreservesNonLeasePoolAccounting|TestBatchAuxPoolsSkipRetentionUnderCriticalPressure|TestMutableFlushThresholdTracksPressureTransitions|TestPoolPressureSamplerPublishesInitialPressureSnapshot|TestRawKVParitySnapshotGetEntryPreservesEmptyKeyAndValue|TestCachingRawSpanNativeCheckpointAndCloseDrainRoutes|TestSnapshot_HasAllocsIndependentOfQueuedMemtables|TestDB_MemtableSnapshotImmutableAcrossInPlaceQueueCompaction|TestPointReads_RawFallbackHasAllocsIndependentOfQueuedShards|TestDB_GetRecordsForegroundGraceCrossing|TestTrimAppendOnlyMemLeases_DropsColdWhenModeNotAppendOnly|TestStoreMemtableMode_DropsAppendOnlyPoolsOnColdTransition|TestTrimRetainedArenasAfterFlush_TrimsSparseAppendOnlyMutableBacking|TestReverseIterator_IncludesCachedWrites_SnapshotIsolated|TestIterator_UsesPublishedRootDomainIteratorAsAuthority|TestPointReads_IgnoreSyntheticViewStateWithoutPublishedRootDomains|TestReverseIterator_UsesPublishedRootDomainIteratorRangesAsAuthority|TestRootDomainProbeStats_SnapshotHasManyAndHasPrefixes|TestRootDomainSnapshot_TombstoneHidesOlderRuns|TestRootDomainState_SnapshotDoesNotAliasLaterImmutableReuse|TestRootDomainSnapshotFromMemtableView_ForSnapshotReadsExcludesMutableRun|TestRootDomainSnapshotFromCachedSnapshot_UsesBackendFallbackLookup|TestRawPointRootDomainEntry_NewestWinsAcrossMutableAndQueue|TestPublishMemtablesLocked_UsesRootDomainStateAuthority|TestPromoteRootDomainMutableLocked_SkipsEmptySealedMemtable|TestRootDomainSnapshot_HasPrefixesSortedUsesOneIteratorPerSource|TestInstallPublishedRootSetLocked_NilClearsPublishedViews|TestPublishInstalledRootSetLocked_HookFailureKeepsPreviousGeneration|TestPublishInstalledRootSetLocked_SuccessClearsDirtyPublishGroup|TestFlushCheckpointEmptyFrontierPublishesDirtyRoots|TestPublishInstalledRootSetLocked_HookSeesOrderedRunsAsOneGroup|TestPublishInstalledRootSet_NewerGenerationInstalledDuringHookWins|TestPublishInstalledRootSet_PublishesSystemDescriptorRunWithoutBackendBatch|TestPublishInstalledRootSet_WarmGroupedNonSystemRoots_PublishesDirtyRoots|TestPublishInstalledRootSet_WarmMixedSystemAndNonSystemRoots_PublishesAtomically|TestRootDomainSnapshotFromCachedSnapshot_UsesPerRootPublishedView|TestAcquireSnapshot_PinsInstalledPublishedRootSet|TestAcquireSnapshot_PinsGroupedWarmPublishAcrossMixedSystemAndNonSystemRoots|TestLeafGenerationGCOptionsIncludePublishedRoots|TestCollectValueLogLiveIDsUntil_IncludesSystemDescriptorCollectionRootLeafRefs|TestPruneRetainedValueLogs_PublishedNonSystemRootsKeepClosedSegment|TestCachedSnapshotReadCallbackCanCloseOwner|TestCachedSnapshotIteratorCreationSerializesCloseAndRelease|TestCachedSnapshotIteratorDoubleCloseCannotMutateDetachedOwner|TestSnapshotReverseIterator_QueueValueOverridesPublishedAndTombstoneHidesPublished|TestSnapshot_IteratorUsesCapturedRootDomainStateAsAuthority|TestAcquireSnapshotDebugAccounting|TestAcquireSnapshot_CachedPathConcurrentAcquireCloseWithWrites|TestAcquireSnapshot_CapturesPublishedRootDomainVersion|TestAcquireBackendSnapshotFastPath_RejectsMutableCachedWrites|TestAcquireBackendSnapshotFastPath_RejectsPublishedRootState|TestSnapshotGetAppend_PublishedAppendHitReturnsWithoutFallback|TestSnapshotGetAppend_PublishedMissFallbackHandlesShortErrorOutput|TestSnapshotGetAppend_BackendPublishedMissSkipsEntryProbe|TestSnapshotGet_NilReceiverReturnsClosed|TestSnapshotGetAppend_RootBoundPublishedMissDoesNotFallbackToDefaultRoot|TestBatchWriteAppendOnlyReservesShardEntriesBeforeApply|TestBatchWriteSortedOverlappingExistingKeyFallsBackToGeneric|TestValueLogDirForLane_UsesLeafDirOnlyForReservedLeafLog|TestOpenSharesBackendValueLogIdentityPinRegistry|TestAtomicStats|TestChooseAdaptiveMode_BTreeMinIteratorSamplesExplicitZero|TestNoteWriteSortedRunMatchesPerKey_NoPrior|TestUnifiedWAL_ValueLogFlow|TestUnifiedWAL_CrashRecoveryCompactZeroInlineBatch|TestUnifiedWAL_LargeBatch|TestRelaxedSync_Performance|TestLockUpdateKeyWithDeferNoAlloc|TestCachingValueLogExternalRefFlusherDefersRotatedCommandFrameSyncToPinnedDebt|TestCachingValueLogAppenderStripesOnlyAcrossHotGenerationLanes|TestCachingValueLogAppenderLaneFailureReturnsNoPointers|TestCachingValueLogExternalRefFlusherEmptyIDsSyncsAllPendingLanes|TestPutValueLogRecordsNoClear_Smoke|TestReserveValueLogRIDs_InvalidCount|TestOpenRejectsInvalidValueLogDomainInlineThresholds|TestCommandWALPointCallbacksReceiveVisibleRevision|TestAllowAutoDictSampling_BootstrapIgnoresMissingSelector|TestVlogAutotuneMetricsVirtualTime|TestChooseValueLogBlockWriteK_LargePayloadUsesExpandedTarget|TestValueLogBlockFrames_BoundedOrdinaryPayload|TestAppendValueLog_RestoresWriterPolicyAfterBoundedHandoff|TestResolveVlogWriteMode_DictAggressiveLargeOuterLeafPayloadPrefersBlock|TestAppendValueLog_AutoBalancedCompactRetainedTemplateBatchUsesBlockFrames|TestAppendValueLogOne_DictAggressiveWithoutDictRecordsBlockStats|TestAppendValueLogOne_LeafLaneAutoBalancedPrefersLZ4|TestAppendValueLogOne_AutoForcePointerRetainedPayloadResetsBlockBackoff|TestAppendValueLog_AutoBalancedForcePointerHighEntropyPayloadUsesGroupedRawFrame|TestAppendValueLog_DictModeOuterLeafBypassFallsBackToBlock|TestAppendValueLogOne_BlockModeSingleWriteTracksCompressedRatio|TestVlogCompressionSelector_EntersHoldAndProbes|TestVlogCompressionSelector_DictSelectionByPolicy|TestVlogCompressionSelector_SeededDictGetsRealExplorationBeforeUnsampledBlockCodecs|TestVlogCompressionSelector_SnapshotCounters|TestChooseValueLogBlockWriteK_RecordsBlockKStats|TestChooseValueLogBlockWriteK_DictAggressiveUsesLaneRatio|TestChooseValueLogBlockWriteK_ForcePointerLargePayloadRespectsConfiguredLargeTarget|TestPreferLeafPageBlockCodec_CompactedLeafPayloadsPreferLZ4|TestChooseValueLogBlockWriteK_ThroughputFastPathUsesAveragePayload|TestVlogCompressionSelector_AllowDictSampling|TestVlogCompressionSelector_ExplorationStopsAfterStrongBlockSignal|TestVlogCompressionSelector_ShouldContinueExploration_WhenAlternativeNotDominated|TestVlogCompressionSelector_LargePayloadDoesNotForceLZ4WithoutVeryStrongRatio|TestResolveVlogWriteMode_LargePayloadBalancedBypassesSelectorToConfiguredBlock|TestValueLogPayloadLooksRetainedLikeSemanticStreamBlock|TestChooseRetainedStorageFirstBlockCodec_ExplicitBlockKeepsConfiguredCodec|TestResolveVlogWriteMode_ThroughputPolicyBypassesSelectorForMediumPayload|TestObserveVlogWriteMode_ThroughputSmallStillObserves|TestResolveVlogWriteMode_StorageFirstValueLogUsesDomainThreshold|TestShouldBypassAutoRawValueCompression_CompressibleStorageOwnedStaysEligible|TestObserveVlogWriteMode_UsesUnitPayloadForSkipDecision|TestRecordLaneVlogPayloadSplitObservation|TestStats_ExposeVlogWriteModeBreakdown|TestOpen_DoesNotInstallBackendReadBarrierWhenOpenFails|TestReadValueLogAppend_FlushesCurrentSegmentBufferedTailEvenWhenDirtyBitCleared|TestValueLogDictCandidateK_DefaultForcePointers|TestValueLogDictCandidateK_ForcePointersKeepsExplicitDefaultCandidateSet|TestClampValueLogDictK_RespectsConfiguredMax|TestValueLogDictCollectBudget_ScalesForLargeBatchSmallValues|TestValueLogDictClassifierBypass_AllowsOuterLeafPagesForDictSizeAggressive|TestValueLogDictClassifierBypass_AllowsOuterLeafHighEntropyForAutoSize|TestClassifyVlogPayloadKindForRecords|TestValueLogDictClassRangesForRecords_SingleMode|TestValueLogDictCollectSamples_IgnoresOuterLeafPages|TestValueLogDictClassifierBypass_AllowsLargeValuesAfterDictPublish|TestShouldBypassValueLogDictForRecords_MixedBatchWithIgnoredSamplesDoesNotBypass|TestShouldBypassValueLogDictForRecords_OuterLeafMagicPayloadsBypassDict|TestValueLogDictShouldAttemptCompression_LargePayloadPauseProbeDoesNotFireBackToBack|TestValueLogDictCollectSamples_SkipsDuringIncompressibleHold|TestApplyValueLogDictProfileForClass_SerializesConcurrentPublishers|TestApplyValueLogDictProfileForClass_ClosingSkipsPublish|TestApplyValueLogDictProfileForClass_SingleClassUpdatesGlobalAndClassCurrent|TestValueLogDictPauseAndProbeResume|TestChooseValueLogDictWriteK_RespectsConfiguredMax|TestChooseValueLogDictWriteK_DefaultOpenForcePointersWalOffUsesForcePointerMaxK|TestFlushValueLogLane_WaitsForBarrierBeforeDirtyCheck|TestAppendValueLogOne_DirectSetsDirtyBeforeUnlock|TestVlogGenerationCheckpointKick_SkipsWhenWALOn|TestVlogGenerationGC_ProtectedPathsSnapshotDoesNotDeleteNewerSegments|TestCachedGenerationalMaintenance_LeafRefsBackgroundReopenable_WALOn|TestCachedRepeatedRewriteVacuumLeafRefsRemainReopenable_WALOn|TestVlogGenerationRewrite_UsesSharedRIDAllocator|TestPruneRetainedValueLogs_IgnoresLeafPathsInSplitMode|TestShouldRunVlogGenerationRewrite_TotalBytes|TestShouldRunVlogGenerationRewrite_NoTrigger|TestVlogGenerationRewriteQueueLiveBytesSnapshot_UsesLoadedLedger|TestConsumeVlogGenerationRewriteQueueChunk_RebuildsLedgerByFileID|TestObserveVlogGenerationRewritePlanOutcome_EmptyReasonBuckets|TestObserveVlogGenerationRewriteDeadlineCountersByQueueState|TestSetMaintenancePhase_WALOnSteadyDoesNotArmSchedulerWhileClosing|TestDeferredVectorBuildVlogMaintenanceBeginWaitsForAdmittedPass|TestDeferredVectorBuildVlogMaintenanceFinalizeRetainsAdministrativeDebt|TestShouldRunVlogGenerationIndexVacuum_TracksSkipReasons|TestRunVlogGenerationMaintenanceRetries_CoalescesPendingCollisionRetries|TestVlogGenerationRewriteMinStaleRatioForGenericPass_PreservesHigherConfiguredRatio|TestVlogGenerationRewriteMinStaleRatioForQueuedDebt_UsesGenericFloorForTotalBytes|TestVlogGenerationRewriteMinStaleRatioForStaleRatioTrigger_UsesHigherConfiguredRatio|TestShouldRunVlogGenerationGC_ReclaimableBytes|TestShouldRunVlogGenerationIndexVacuum_Threshold|TestVlogGenerationRewriteBudgetCapEnforcedOnLargeElapsed|TestAddClampInt64_SaturatesAndClamps|TestVlogGenerationRewriteSegmentCapForRun_Limiter|TestVlogGenerationObserveRewriteSegmentCapDecision|TestVlogGenerationRewriteMaxSegmentsForFreshPlan_ClampsToFreshCap|TestLeafGenerationPackMaintenance_RequiresExplicitEnv|TestLeafGenerationPackMaintenance_PassesReserveRIDs|TestLeafGenerationPackMaintenance_StopsAfterLowYieldWindow|TestVlogGenerationRewritePlanContext_BudgetsPeriodicFreshPlans|TestVlogGenerationMaintenance_PeriodicPassRunsLeafPackUnderSteadyForegroundActivity|TestVlogGenerationMaintenance_PeriodicLeafPackDoesNotBlockOnScheduledRetainedPruneQuietWait|TestVlogGenerationMaintenance_LeafPackDeadlineIsNotAnError|TestVlogGenerationMaintenance_LeafPackCloseCanceledIsNotAnError|TestVlogGenerationMaintenance_BypassQuietSkipsLeafPack|TestVlogGenerationRewrite_ObservedSourceRetainedBlock_RunsSecondGC|TestVlogGenerationMaintenance_ObservedSourceGCCompletionClearsRetryState|TestVlogGenerationRewrite_FreshPlanExecIgnoresForegroundCancelUntilBoundedComplete|TestVlogGenerationMaintenance_DrainsPendingCheckpointKickAfterPass|TestVlogGenerationMaintenance_ArmsDedicatedRewriteQueueSourceForExecutableDebt|TestSchedulePendingVlogGenerationCheckpointKick_PrioritizesDueDeferredWake|TestVlogGenerationMaintenance_PeriodicPassReturnsDuringCheckpointing|TestVlogGenerationRewrite_SkipsZeroLivePlannedLedger|TestVlogGenerationRewriteQueue_LedgerOrdersByStaleRatio|TestVlogGenerationRewriteQueue_PrefersHistoricallyUsefulExpiredRetry|TestVlogGenerationRewriteQueue_AdmitsSingleExpiredPenaltyWhenAllDebtRetried|TestVlogGenerationRewriteQueue_AggressiveFlowBypassesCooledDebtAndReadmitsImprovedSegment|TestVlogGenerationRewriteQueue_PrunesZeroLiveLedgerBeforeResume|TestVlogGenerationRewriteQueue_KeepsStillReferencedSegmentQueuedWhenBounded|TestVlogGenerationRewriteQueue_ConsumesMissingBoundedSourceIDs|TestVlogGenerationRewriteQueue_CheckpointKickDebtDrainCapsSingleSegment|TestVlogGenerationRewriteResume_CancelBackoffSkipsImmediateRetry|TestVlogGenerationRewrite_CoolsProcessedDebtAfterMaterialIneffectiveGrowth|TestVlogGenerationRewrite_KeepsRemainingDebtForSmallIneffectiveGrowth|TestVlogGenerationRewritePlan_ReadmitsPenalizedSegmentWhenStaleBytesImprove|TestVlogGenerationRewritePlan_StageConfirmationReplansEvenWhenOtherTriggersFire|TestShouldDeferVlogGenerationRewritePlanForAge|TestVlogGenerationMaintenance_CheckpointPendingYieldsToDueAgeBlockedRetry|TestVlogGenerationRewriteAgeBlocked_ParksDuringAutomaticCheckpoint|TestVlogGenerationRewritePlan_AgeBlockedRetryReschedulesEarlierDeadlineAndPreservesAutomaticBoundary|TestTakeVlogGenerationDeferredMaintenanceClearsOrphanedAutomaticMode|TestVlogGenerationRewrite_IneffectiveBackoffSkipsImmediateGenericRetry|TestCheckpoint_KickHotDebtOnlyGuardCanBeDisabled|TestVlogGenerationAutomaticDelayedWakesPreserveMaintenanceBoundary|TestVlogGenerationAutomaticRetainedPruneFollowupPreservesMaintenanceBoundary|TestCheckpoint_KickHotDebtOnlyWakeRunsAfterForegroundQuiets|TestCheckpoint_KickHotDebtOnlyStillRunsQueuedRewriteDebtDuringRecentForegroundActivity|TestVlogGenerationMaintenance_PeriodicGCSkipsWhileRewriteAgeBlocked|TestVlogGenerationMaintenance_WALOffPreCheckpointSkipsRewriteByDefault|TestVlogGenerationMaintenance_PeriodicPreflightSkipsHotNoPending|TestVlogGenerationRewrite_ConsumesBudgetToZeroWhenRewriteExceedsBudgetCap|TestVlogGenerationRewritePlan_TracksEmptyPlanOutcome|TestVlogGenerationMaintenance_SkipsBeforeFirstCheckpointInWALOffMode|TestVlogGenerationMaintenance_SkipsDuringRecentForegroundReads|TestVlogGenerationRewritePlan_GraceAllowsShortPlanDuringForegroundResume|TestForegroundMaintenanceContextResumeGrace_WriteBoundaryOrdering|TestVlogGenerationRewritePlan_CancelBackoffCheckpointKickBypasses|TestVlogGenerationRewritePlan_ForegroundReadsStillRunForcedGC|TestVlogGenerationStats_ReportRewriteBacklogAndDurations|TestVlogGenerationSegmentTargetEnvOverrides|TestLoadValueLogGenerationRewriteState_PreservesPenaltiesWithoutQueue|TestPrioritizeVlogGenerationRewriteIDs_PrefersUsefulThenUnknownThenZeroYield|TestAppendPreparedLeafPageAllocsBudget|TestAppendValueLogOne_QueuedDictProbeClearsPause|TestCheckpoint_RetainsValueLogWhenBackendDefersZombieMark|TestAppendValueLog_RelaxedSyncRotatesWithoutFsync|TestRotateWALLockedWithOptions_DoesNotAdvanceSeqOnFailure|TestMaxValueLogRIDFromSegmentsScansAllSegments|TestStats_ExportsVlogShapeKeys|TestOpen_DisableWALWiresZipperParallelMergePressure)$
2026-10-06T20:03:05.8509171Z {"Time":"2026-10-06T20:03:05.8358352Z","Action":"start","Package":"github.com/snissn/gomap/TreeDB/caching"}
2026-10-06T20:03:05.8714518Z {"Time":"2026-10-06T20:03:05.8682863Z","Action":"run","Package":"github.com/snissn/gomap/TreeDB/caching","Test":"TestAppendOnlyBatchSetViewCopiesValuesToDirectArenaAcrossMutationAndCheckpoint"}
2026-10-06T20:03:05.8718154Z {"Time":"2026-10-06T20:03:05.8682863Z","Action":"output","Package":"github.com/snissn/gomap/TreeDB/caching","Test":"TestAppendOnlyBatchSetViewCopiesValuesToDirectArenaAcrossMutationAndCheckpoint","Output":"=== RUN   TestAppendOnlyBatchSetViewCopiesValuesToDirectArenaAcrossMutationAndCheckpoint\n"}
2026-10-06T20:03:05.8826700Z {"Time":"2026-10-06T20:03:05.878483Z","Action":"output","Package":"github.com/snissn/gomap/TreeDB/caching","Test":"TestAppendOnlyBatchSetViewCopiesValuesToDirectArenaAcrossMutationAndCheckpoint","Output":"--- PASS: TestAppendOnlyBatchSetViewCopiesValuesToDirectArenaAcrossMutationAndCheckpoint (0.01s)\n"}
2026-10-06T20:03:05.8830525Z {"Time":"2026-10-06T20:03:05.878483Z","Action":"pass","Package":"github.com/snissn/gomap/TreeDB/caching","Test":"TestAppendOnlyBatchSetViewCopiesValuesToDirectArenaAcrossMutationAndCheckpoint","Elapsed":0.01}
2026-10-06T20:03:05.8833318Z {"Time":"2026-10-06T20:03:05.878483Z","Action":"run","Package":"github.com/snissn/gomap/TreeDB/caching","Test":"TestAppendOnlyDirectWriterArenaStatsExcludeAbandonedTail"}
2026-10-06T20:03:05.8836472Z {"Time":"2026-10-06T20:03:05.878483Z","Action":"output","Package":"github.com/snissn/gomap/TreeDB/caching","Test":"TestAppendOnlyDirectWriterArenaStatsExcludeAbandonedTail","Output":"=== RUN   TestAppendOnlyDirectWriterArenaStatsExcludeAbandonedTail\n"}
2026-10-06T20:03:05.8839731Z {"Time":"2026-10-06T20:03:05.878483Z","Action":"output","Package":"github.com/snissn/gomap/TreeDB/caching","Test":"TestAppendOnlyDirectWriterArenaStatsExcludeAbandonedTail","Output":"--- PASS: TestAppendOnlyDirectWriterArenaStatsExcludeAbandonedTail (0.00s)\n"}
2026-10-06T20:03:05.8841789Z {"Time":"2026-10-06T20:03:05.878483Z","Action":"pass","Package":"github.com/snissn/gomap/TreeDB/caching","Test":"TestAppendOnlyDirectWriterArenaStatsExcludeAbandonedTail","Elapsed":0}
2026-10-06T20:03:05.8843680Z {"Time":"2026-10-06T20:03:05.878483Z","Action":"run","Package":"github.com/snissn/gomap/TreeDB/caching","Test":"TestAppendOnlyDirectWriterArena_RetainChunks_LargeChunkByteBudget"}
2026-10-06T20:03:05.8845462Z {"Time":"2026-10-06T20:03:05.878483Z","Action":"output","Package":"github.com/snissn/gomap/TreeDB/caching","Test":"TestAppendOnlyDirectWriterArena_RetainChunks_LargeChunkByteBudget","Output":"=== RUN   TestAppendOnlyDirectWriterArena_RetainChunks_LargeChunkByteBudget\n"}
2026-10-06T20:03:05.8847684Z {"Time":"2026-10-06T20:03:05.8790233Z","Action":"output","Package":"github.com/snissn/gomap/TreeDB/caching","Test":"TestAppendOnlyDirectWriterArena_RetainChunks_LargeChunkByteBudget","Output":"--- PASS: TestAppendOnlyDirectWriterArena_RetainChunks_LargeChunkByteBudget (0.00s)\n"}
2026-10-06T20:03:05.8849474Z {"Time":"2026-10-06T20:03:05.8801154Z","Action":"pass","Package":"github.com/snissn/gomap/TreeDB/caching","Test":"TestAppendOnlyDirectWriterArena_RetainChunks_LargeChunkByteBudget","Elapsed":0}
2026-10-06T20:03:05.8850762Z {"Time":"2026-10-06T20:03:05.8801154Z","Action":"run","Package":"github.com/snissn/gomap/TreeDB/caching","Test":"TestAppendOnlyDirectWriterArena_RetainChunks_PressureAwareLimits"}
2026-10-06T20:03:05.8852332Z {"Time":"2026-10-06T20:03:05.8801154Z","Action":"output","Package":"github.com/snissn/gomap/TreeDB/caching","Test":"TestAppendOnlyDirectWriterArena_RetainChunks_PressureAwareLimits","Output":"=== RUN   TestAppendOnlyDirectWriterArena_RetainChunks_PressureAwareLimits\n"}
2026-10-06T20:03:05.8854852Z {"Time":"2026-10-06T20:03:05.8811241Z","Action":"output","Package":"github.com/snissn/gomap/TreeDB/caching","Test":"TestAppendOnlyDirectWriterArena_RetainChunks_PressureAwareLimits","Output":"--- PASS: TestAppendOnlyDirectWriterArena_RetainChunks_PressureAwareLimits (0.00s)\n"}
2026-10-06T20:03:05.8856517Z {"Time":"2026-10-06T20:03:05.8811241Z","Action":"pass","Package":"github.com/snissn/gomap/TreeDB/caching","Test":"TestAppendOnlyDirectWriterArena_RetainChunks_PressureAwareLimits","Elapsed":0}
2026-10-06T20:03:05.8857748Z {"Time":"2026-10-06T20:03:05.8811241Z","Action":"run","Package":"github.com/snissn/gomap/TreeDB/caching","Test":"TestAppendOnlyEntriesToCapacity_OverflowSafe"}
2026-10-06T20:03:05.8859404Z {"Time":"2026-10-06T20:03:05.8811241Z","Action":"output","Package":"github.com/snissn/gomap/TreeDB/caching","Test":"TestAppendOnlyEntriesToCapacity_OverflowSafe","Output":"=== RUN   TestAppendOnlyEntriesToCapacity_OverflowSafe\n"}
2026-10-06T20:03:05.8861038Z {"Time":"2026-10-06T20:03:05.8811241Z","Action":"output","Package":"github.com/snissn/gomap/TreeDB/caching","Test":"TestAppendOnlyEntriesToCapacity_OverflowSafe","Output":"--- PASS: TestAppendOnlyEntriesToCapacity_OverflowSafe (0.00s)\n"}
2026-10-06T20:03:05.8862663Z {"Time":"2026-10-06T20:03:05.8811241Z","Action":"pass","Package":"github.com/snissn/gomap/TreeDB/caching","Test":"TestAppendOnlyEntriesToCapacity_OverflowSafe","Elapsed":0}
2026-10-06T20:03:05.8864167Z {"Time":"2026-10-06T20:03:05.8816595Z","Action":"run","Package":"github.com/snissn/gomap/TreeDB/caching","Test":"TestAppendOnlyReserveDemandHintClampsToPressureCapacity"}
2026-10-06T20:03:05.8865723Z {"Time":"2026-10-06T20:03:05.8816595Z","Action":"output","Package":"github.com/snissn/gomap/TreeDB/caching","Test":"TestAppendOnlyReserveDemandHintClampsToPressureCapacity","Output":"=== RUN   TestAppendOnlyReserveDemandHintClampsToPressureCapacity\n"}
2026-10-06T20:03:05.8867647Z {"Time":"2026-10-06T20:03:05.8816595Z","Action":"output","Package":"github.com/snissn/gomap/TreeDB/caching","Test":"TestAppendOnlyReserveDemandHintClampsToPressureCapacity","Output":"--- PASS: TestAppendOnlyReserveDemandHintClampsToPressureCapacity (0.00s)\n"}
2026-10-06T20:03:05.8869594Z {"Time":"2026-10-06T20:03:05.8816595Z","Action":"pass","Package":"github.com/snissn/gomap/TreeDB/caching","Test":"TestAppendOnlyReserveDemandHintClampsToPressureCapacity","Elapsed":0}
2026-10-06T20:03:05.8871076Z {"Time":"2026-10-06T20:03:05.8816595Z","Action":"run","Package":"github.com/snissn/gomap/TreeDB/caching","Test":"TestAppendOnlyIteratorSnapshot_PinsOldViewAcrossFlush_CurrentBehavior"}
2026-10-06T20:03:05.8872856Z {"Time":"2026-10-06T20:03:05.8816595Z","Action":"output","Package":"github.com/snissn/gomap/TreeDB/caching","Test":"TestAppendOnlyIteratorSnapshot_PinsOldViewAcrossFlush_CurrentBehavior","Output":"=== RUN   TestAppendOnlyIteratorSnapshot_PinsOldViewAcrossFlush_CurrentBehavior\n"}
2026-10-06T20:03:05.8975379Z {"Time":"2026-10-06T20:03:05.8891243Z","Action":"output","Package":"github.com/snissn/gomap/TreeDB/caching","Test":"TestAppendOnlyIteratorSnapshot_PinsOldViewAcrossFlush_CurrentBehavior","Output":"--- PASS: TestAppendOnlyIteratorSnapshot_PinsOldViewAcrossFlush_CurrentBehavior (0.01s)\n"}
2026-10-06T20:03:05.8978704Z {"Time":"2026-10-06T20:03:05.8891243Z","Action":"pass","Package":"github.com/snissn/gomap/TreeDB/caching","Test":"TestAppendOnlyIteratorSnapshot_PinsOldViewAcrossFlush_CurrentBehavior","Elapsed":0.01}
2026-10-06T20:03:05.8980966Z {"Time":"2026-10-06T20:03:05.8896866Z","Action":"run","Package":"github.com/snissn/gomap/TreeDB/caching","Test":"TestStopBackpressureFlushesAndReturns"}
2026-10-06T20:03:05.8983460Z {"Time":"2026-10-06T20:03:05.8896866Z","Action":"output","Package":"github.com/snissn/gomap/TreeDB/caching","Test":"TestStopBackpressureFlushesAndReturns","Output":"=== RUN   TestStopBackpressureFlushesAndReturns\n"}
2026-10-06T20:03:05.9127815Z {"Time":"2026-10-06T20:03:05.8976988Z","Action":"output","Package":"github.com/snissn/gomap/TreeDB/caching","Test":"TestStopBackpressureFlushesAndReturns","Output":"--- PASS: TestStopBackpressureFlushesAndReturns (0.01s)\n"}
2026-10-06T20:03:05.9130141Z {"Time":"2026-10-06T20:03:05.8976988Z","Action":"pass","Package":"github.com/snissn/gomap/TreeDB/caching","Test":"TestStopBackpressureFlushesAndReturns","Elapsed":0.01}
2026-10-06T20:03:05.9131661Z {"Time":"2026-10-06T20:03:05.8976988Z","Action":"run","Package":"github.com/snissn/gomap/TreeDB/caching","Test":"TestCheckpointFlushStats"}
2026-10-06T20:03:05.9132780Z {"Time":"2026-10-06T20:03:05.8976988Z","Action":"output","Package":"github.com/snissn/gomap/TreeDB/caching","Test":"TestCheckpointFlushStats","Output":"=== RUN   TestCheckpointFlushStats\n"}
2026-10-06T20:03:05.9134109Z {"Time":"2026-10-06T20:03:05.9078024Z","Action":"output","Package":"github.com/snissn/gomap/TreeDB/caching","Test":"TestCheckpointFlushStats","Output":"--- PASS: TestCheckpointFlushStats (0.01s)\n"}
2026-10-06T20:03:05.9135319Z {"Time":"2026-10-06T20:03:05.9078024Z","Action":"pass","Package":"github.com/snissn/gomap/TreeDB/caching","Test":"TestCheckpointFlushStats","Elapsed":0.01}
2026-10-06T20:03:05.9136921Z {"Time":"2026-10-06T20:03:05.9084185Z","Action":"run","Package":"github.com/snissn/gomap/TreeDB/caching","Test":"TestComputeBackpressureThresholds_Seconds"}
2026-10-06T20:03:05.9138247Z {"Time":"2026-10-06T20:03:05.9084185Z","Action":"output","Package":"github.com/snissn/gomap/TreeDB/caching","Test":"TestComputeBackpressureThresholds_Seconds","Output":"=== RUN   TestComputeBackpressureThresholds_Seconds\n"}
2026-10-06T20:03:05.9139851Z {"Time":"2026-10-06T20:03:05.9084185Z","Action":"output","Package":"github.com/snissn/gomap/TreeDB/caching","Test":"TestComputeBackpressureThresholds_Seconds","Output":"--- PASS: TestComputeBackpressureThresholds_Seconds (0.00s)\n"}
2026-10-06T20:03:05.9142111Z {"Time":"2026-10-06T20:03:05.9084185Z","Action":"pass","Package":"github.com/snissn/gomap/TreeDB/caching","Test":"TestComputeBackpressureThresholds_Seconds","Elapsed":0}
2026-10-06T20:03:05.9143183Z {"Time":"2026-10-06T20:03:05.9084185Z","Action":"run","Package":"github.com/snissn/gomap/TreeDB/caching","Test":"TestWaitForStopSchedulesFlush"}
2026-10-06T20:03:05.9144361Z {"Time":"2026-10-06T20:03:05.9084185Z","Action":"output","Package":"github.com/snissn/gomap/TreeDB/caching","Test":"TestWaitForStopSchedulesFlush","Output":"=== RUN   TestWaitForStopSchedulesFlush\n"}
2026-10-06T20:03:05.9439356Z {"Time":"2026-10-06T20:03:05.9329867Z","Action":"output","Package":"github.com/snissn/gomap/TreeDB/caching","Test":"TestWaitForStopSchedulesFlush","Output":"--- PASS: TestWaitForStopSchedulesFlush (0.02s)\n"}
2026-10-06T20:03:05.9442013Z {"Time":"2026-10-06T20:03:05.9329867Z","Action":"pass","Package":"github.com/snissn/gomap/TreeDB/caching","Test":"TestWaitForStopSchedulesFlush","Elapsed":0.02}
2026-10-06T20:03:05.9444391Z {"Time":"2026-10-06T20:03:05.9329867Z","Action":"run","Package":"github.com/snissn/gomap/TreeDB/caching","Test":"TestBatchArenaFreeLeaseDropsAfterBucketCap"}
2026-10-06T20:03:05.9447053Z {"Time":"2026-10-06T20:03:05.9329867Z","Action":"output","Package":"github.com/snissn/gomap/TreeDB/caching","Test":"TestBatchArenaFreeLeaseDropsAfterBucketCap","Output":"=== RUN   TestBatchArenaFreeLeaseDropsAfterBucketCap\n"}
2026-10-06T20:03:05.9450212Z {"Time":"2026-10-06T20:03:05.9329867Z","Action":"output","Package":"github.com/snissn/gomap/TreeDB/caching","Test":"TestBatchArenaFreeLeaseDropsAfterBucketCap","Output":"--- PASS: TestBatchArenaFreeLeaseDropsAfterBucketCap (0.00s)\n"}
2026-10-06T20:03:05.9452929Z {"Time":"2026-10-06T20:03:05.9329867Z","Action":"pass","Package":"github.com/snissn/gomap/TreeDB/caching","Test":"TestBatchArenaFreeLeaseDropsAfterBucketCap","Elapsed":0}
2026-10-06T20:03:05.9455076Z {"Time":"2026-10-06T20:03:05.9337195Z","Action":"run","Package":"github.com/snissn/gomap/TreeDB/caching","Test":"TestBatchArenaPoolAccountingMissResetsAfterGC"}
2026-10-06T20:03:05.9457692Z {"Time":"2026-10-06T20:03:05.9337195Z","Action":"output","Package":"github.com/snissn/gomap/TreeDB/caching","Test":"TestBatchArenaPoolAccountingMissResetsAfterGC","Output":"=== RUN   TestBatchArenaPoolAccountingMissResetsAfterGC\n"}
2026-10-06T20:03:05.9460918Z {"Time":"2026-10-06T20:03:05.9337195Z","Action":"output","Package":"github.com/snissn/gomap/TreeDB/caching","Test":"TestBatchArenaPoolAccountingMissResetsAfterGC","Output":"--- PASS: TestBatchArenaPoolAccountingMissResetsAfterGC (0.00s)\n"}
2026-10-06T20:03:05.9463997Z {"Time":"2026-10-06T20:03:05.9337195Z","Action":"pass","Package":"github.com/snissn/gomap/TreeDB/caching","Test":"TestBatchArenaPoolAccountingMissResetsAfterGC","Elapsed":0}
2026-10-06T20:03:05.9466090Z {"Time":"2026-10-06T20:03:05.9337195Z","Action":"run","Package":"github.com/snissn/gomap/TreeDB/caching","Test":"TestDrainBatchArenaPoolToTargetBytes"}
2026-10-06T20:03:05.9468481Z {"Time":"2026-10-06T20:03:05.9337195Z","Action":"output","Package":"github.com/snissn/gomap/TreeDB/caching","Test":"TestDrainBatchArenaPoolToTargetBytes","Output":"=== RUN   TestDrainBatchArenaPoolToTargetBytes\n"}
2026-10-06T20:03:05.9471403Z {"Time":"2026-10-06T20:03:05.9337195Z","Action":"output","Package":"github.com/snissn/gomap/TreeDB/caching","Test":"TestDrainBatchArenaPoolToTargetBytes","Output":"--- PASS: TestDrainBatchArenaPoolToTargetBytes (0.00s)\n"}
2026-10-06T20:03:05.9473888Z {"Time":"2026-10-06T20:03:05.9337195Z","Action":"pass","Package":"github.com/snissn/gomap/TreeDB/caching","Test":"TestDrainBatchArenaPoolToTargetBytes","Elapsed":0}
2026-10-06T20:03:05.9475811Z {"Time":"2026-10-06T20:03:05.9337195Z","Action":"run","Package":"github.com/snissn/gomap/TreeDB/caching","Test":"TestCurrentBatchArenaRetainedHardCap_UsesOverride"}
2026-10-06T20:03:05.9478361Z {"Time":"2026-10-06T20:03:05.9337195Z","Action":"output","Package":"github.com/snissn/gomap/TreeDB/caching","Test":"TestCurrentBatchArenaRetainedHardCap_UsesOverride","Output":"=== RUN   TestCurrentBatchArenaRetainedHardCap_UsesOverride\n"}
2026-10-06T20:03:05.9480514Z {"Time":"2026-10-06T20:03:05.9337195Z","Action":"output","Package":"github.com/snissn/gomap/TreeDB/caching","Test":"TestCurrentBatchArenaRetainedHardCap_UsesOverride","Output":"--- PASS: TestCurrentBatchArenaRetainedHardCap_UsesOverride (0.00s)\n"}
2026-10-06T20:03:05.9482730Z {"Time":"2026-10-06T20:03:05.9337195Z","Action":"pass","Package":"github.com/snissn/gomap/TreeDB/caching","Test":"TestCurrentBatchArenaRetainedHardCap_UsesOverride","Elapsed":0}
2026-10-06T20:03:05.9485766Z {"Time":"2026-10-06T20:03:05.9337195Z","Action":"run","Package":"github.com/snissn/gomap/TreeDB/caching","Test":"TestBatchArenaRetainedHardCapEffectiveBytes_ReducesUnderDeferredPressure"}
2026-10-06T20:03:05.9489107Z {"Time":"2026-10-06T20:03:05.9337195Z","Action":"output","Package":"github.com/snissn/gomap/TreeDB/caching","Test":"TestBatchArenaRetainedHardCapEffectiveBytes_ReducesUnderDeferredPressure","Output":"=== RUN   TestBatchArenaRetainedHardCapEffectiveBytes_ReducesUnderDeferredPressure\n"}
2026-10-06T20:03:05.9492847Z {"Time":"2026-10-06T20:03:05.9337195Z","Action":"output","Package":"github.com/snissn/gomap/TreeDB/caching","Test":"TestBatchArenaRetainedHardCapEffectiveBytes_ReducesUnderDeferredPressure","Output":"--- PASS: TestBatchArenaRetainedHardCapEffectiveBytes_ReducesUnderDeferredPressure (0.00s)\n"}
2026-10-06T20:03:05.9496279Z {"Time":"2026-10-06T20:03:05.9337195Z","Action":"pass","Package":"github.com/snissn/gomap/TreeDB/caching","Test":"TestBatchArenaRetainedHardCapEffectiveBytes_ReducesUnderDeferredPressure","Elapsed":0}
2026-10-06T20:03:05.9498517Z {"Time":"2026-10-06T20:03:05.9342885Z","Action":"run","Package":"github.com/snissn/gomap/TreeDB/caching","Test":"TestBatchArenaSingleMemtableRetainCoalescesLeaseHeaders"}
2026-10-06T20:03:05.9501125Z {"Time":"2026-10-06T20:03:05.9342885Z","Action":"output","Package":"github.com/snissn/gomap/TreeDB/caching","Test":"TestBatchArenaSingleMemtableRetainCoalescesLeaseHeaders","Output":"=== RUN   TestBatchArenaSingleMemtableRetainCoalescesLeaseHeaders\n"}
2026-10-06T20:03:05.9504727Z {"Time":"2026-10-06T20:03:05.9342885Z","Action":"output","Package":"github.com/snissn/gomap/TreeDB/caching","Test":"TestBatchArenaSingleMemtableRetainCoalescesLeaseHeaders","Output":"--- PASS: TestBatchArenaSingleMemtableRetainCoalescesLeaseHeaders (0.00s)\n"}
2026-10-06T20:03:05.9507508Z {"Time":"2026-10-06T20:03:05.9342885Z","Action":"pass","Package":"github.com/snissn/gomap/TreeDB/caching","Test":"TestBatchArenaSingleMemtableRetainCoalescesLeaseHeaders","Elapsed":0}
2026-10-06T20:03:05.9509627Z {"Time":"2026-10-06T20:03:05.9342885Z","Action":"run","Package":"github.com/snissn/gomap/TreeDB/caching","Test":"TestBatchArenaTailCompaction_PacksManyAliasesIntoOneBacking"}
2026-10-06T20:03:05.9512231Z {"Time":"2026-10-06T20:03:05.9342885Z","Action":"output","Package":"github.com/snissn/gomap/TreeDB/caching","Test":"TestBatchArenaTailCompaction_PacksManyAliasesIntoOneBacking","Output":"=== RUN   TestBatchArenaTailCompaction_PacksManyAliasesIntoOneBacking\n"}
2026-10-06T20:03:05.9515551Z {"Time":"2026-10-06T20:03:05.9342885Z","Action":"output","Package":"github.com/snissn/gomap/TreeDB/caching","Test":"TestBatchArenaTailCompaction_PacksManyAliasesIntoOneBacking","Output":"--- PASS: TestBatchArenaTailCompaction_PacksManyAliasesIntoOneBacking (0.00s)\n"}
2026-10-06T20:03:05.9518312Z {"Time":"2026-10-06T20:03:05.9342885Z","Action":"pass","Package":"github.com/snissn/gomap/TreeDB/caching","Test":"TestBatchArenaTailCompaction_PacksManyAliasesIntoOneBacking","Elapsed":0}
2026-10-06T20:03:05.9520247Z {"Time":"2026-10-06T20:03:05.9342885Z","Action":"run","Package":"github.com/snissn/gomap/TreeDB/caching","Test":"TestBatchArenaCopy_ChunkCapClamped"}
2026-10-06T20:03:05.9522301Z {"Time":"2026-10-06T20:03:05.9342885Z","Action":"output","Package":"github.com/snissn/gomap/TreeDB/caching","Test":"TestBatchArenaCopy_ChunkCapClamped","Output":"=== RUN   TestBatchArenaCopy_ChunkCapClamped\n"}
2026-10-06T20:03:05.9525054Z {"Time":"2026-10-06T20:03:05.9402744Z","Action":"output","Package":"github.com/snissn/gomap/TreeDB/caching","Test":"TestBatchArenaCopy_ChunkCapClamped","Output":"--- PASS: TestBatchArenaCopy_ChunkCapClamped (0.01s)\n"}
2026-10-06T20:03:05.9527230Z {"Time":"2026-10-06T20:03:05.9402744Z","Action":"pass","Package":"github.com/snissn/gomap/TreeDB/caching","Test":"TestBatchArenaCopy_ChunkCapClamped","Elapsed":0.01}
2026-10-06T20:03:05.9529039Z {"Time":"2026-10-06T20:03:05.9402744Z","Action":"run","Package":"github.com/snissn/gomap/TreeDB/caching","Test":"TestBatchArenaLeases_ReleasedAfterCheckpoint"}
2026-10-06T20:03:05.9531534Z {"Time":"2026-10-06T20:03:05.9402744Z","Action":"output","Package":"github.com/snissn/gomap/TreeDB/caching","Test":"TestBatchArenaLeases_ReleasedAfterCheckpoint","Output":"=== RUN   TestBatchArenaLeases_ReleasedAfterCheckpoint\n"}
2026-10-06T20:03:05.9533911Z {"Time":"2026-10-06T20:03:05.9402744Z","Action":"run","Package":"github.com/snissn/gomap/TreeDB/caching","Test":"TestBatchArenaLeases_ReleasedAfterCheckpoint/btree"}
2026-10-06T20:03:05.9536266Z {"Time":"2026-10-06T20:03:05.9402744Z","Action":"output","Package":"github.com/snissn/gomap/TreeDB/caching","Test":"TestBatchArenaLeases_ReleasedAfterCheckpoint/btree","Output":"=== RUN   TestBatchArenaLeases_ReleasedAfterCheckpoint/btree\n"}
2026-10-06T20:03:05.9593118Z {"Time":"2026-10-06T20:03:05.9447129Z","Action":"output","Package":"github.com/snissn/gomap/TreeDB/caching","Test":"TestBatchArenaLeases_ReleasedAfterCheckpoint/btree","Output":"--- PASS: TestBatchArenaLeases_ReleasedAfterCheckpoint/btree (0.00s)\n"}
2026-10-06T20:03:05.9594995Z {"Time":"2026-10-06T20:03:05.9452859Z","Action":"pass","Package":"github.com/snissn/gomap/TreeDB/caching","Test":"TestBatchArenaLeases_ReleasedAfterCheckpoint/btree","Elapsed":0}
2026-10-06T20:03:05.9596839Z {"Time":"2026-10-06T20:03:05.9452859Z","Action":"run","Package":"github.com/snissn/gomap/TreeDB/caching","Test":"TestBatchArenaLeases_ReleasedAfterCheckpoint/append_only"}
2026-10-06T20:03:05.9598516Z {"Time":"2026-10-06T20:03:05.9452859Z","Action":"output","Package":"github.com/snissn/gomap/TreeDB/caching","Test":"TestBatchArenaLeases_ReleasedAfterCheckpoint/append_only","Output":"=== RUN   TestBatchArenaLeases_ReleasedAfterCheckpoint/append_only\n"}
2026-10-06T20:03:05.9600686Z {"Time":"2026-10-06T20:03:05.9581852Z","Action":"output","Package":"github.com/snissn/gomap/TreeDB/caching","Test":"TestBatchArenaLeases_ReleasedAfterCheckpoint/append_only","Output":"--- PASS: TestBatchArenaLeases_ReleasedAfterCheckpoint/append_only (0.01s)\n"}
2026-10-06T20:03:05.9602609Z {"Time":"2026-10-06T20:03:05.9581852Z","Action":"pass","Package":"github.com/snissn/gomap/TreeDB/caching","Test":"TestBatchArenaLeases_ReleasedAfterCheckpoint/append_only","Elapsed":0.01}
2026-10-06T20:03:05.9604176Z {"Time":"2026-10-06T20:03:05.9581852Z","Action":"run","Package":"github.com/snissn/gomap/TreeDB/caching","Test":"TestBatchArenaLeases_ReleasedAfterCheckpoint/hash_sorted"}
2026-10-06T20:03:05.9605654Z {"Time":"2026-10-06T20:03:05.9581852Z","Action":"output","Package":"github.com/snissn/gomap/TreeDB/caching","Test":"TestBatchArenaLeases_ReleasedAfterCheckpoint/hash_sorted","Output":"=== RUN   TestBatchArenaLeases_ReleasedAfterCheckpoint/hash_sorted\n"}
2026-10-06T20:03:05.9748842Z {"Time":"2026-10-06T20:03:05.9717481Z","Action":"output","Package":"github.com/snissn/gomap/TreeDB/caching","Test":"TestBatchArenaLeases_ReleasedAfterCheckpoint/hash_sorted","Output":"--- PASS: TestBatchArenaLeases_ReleasedAfterCheckpoint/hash_sorted (0.01s)\n"}
2026-10-06T20:03:05.9750523Z {"Time":"2026-10-06T20:03:05.9717481Z","Action":"pass","Package":"github.com/snissn/gomap/TreeDB/caching","Test":"TestBatchArenaLeases_ReleasedAfterCheckpoint/hash_sorted","Elapsed":0.01}
2026-10-06T20:03:05.9752760Z {"Time":"2026-10-06T20:03:05.9717481Z","Action":"output","Package":"github.com/snissn/gomap/TreeDB/caching","Test":"TestBatchArenaLeases_ReleasedAfterCheckpoint","Output":"--- PASS: TestBatchArenaLeases_ReleasedAfterCheckpoint (0.03s)\n"}
2026-10-06T20:03:05.9754886Z {"Time":"2026-10-06T20:03:05.9717481Z","Action":"pass","Package":"github.com/snissn/gomap/TreeDB/caching","Test":"TestBatchArenaLeases_ReleasedAfterCheckpoint","Elapsed":0.03}
2026-10-06T20:03:05.9757674Z {"Time":"2026-10-06T20:03:05.9717481Z","Action":"run","Package":"github.com/snissn/gomap/TreeDB/caching","Test":"TestBatchArenaRetainedHardCap_PreflightBlocksLargeFirstBatchLease"}
2026-10-06T20:03:05.9760750Z {"Time":"2026-10-06T20:03:05.9722605Z","Action":"output","Package":"github.com/snissn/gomap/TreeDB/caching","Test":"TestBatchArenaRetainedHardCap_PreflightBlocksLargeFirstBatchLease","Output":"=== RUN   TestBatchArenaRetainedHardCap_PreflightBlocksLargeFirstBatchLease\n"}
2026-10-06T20:03:05.9924901Z {"Time":"2026-10-06T20:03:05.9905887Z","Action":"output","Package":"github.com/snissn/gomap/TreeDB/caching","Test":"TestBatchArenaRetainedHardCap_PreflightBlocksLargeFirstBatchLease","Output":"--- PASS: TestBatchArenaRetainedHardCap_PreflightBlocksLargeFirstBatchLease (0.02s)\n"}
2026-10-06T20:03:05.9927143Z {"Time":"2026-10-06T20:03:05.9911358Z","Action":"pass","Package":"github.com/snissn/gomap/TreeDB/caching","Test":"TestBatchArenaRetainedHardCap_PreflightBlocksLargeFirstBatchLease","Elapsed":0.02}
2026-10-06T20:03:05.9928934Z {"Time":"2026-10-06T20:03:05.9911358Z","Action":"run","Package":"github.com/snissn/gomap/TreeDB/caching","Test":"TestBatchWrite_BTreeStealSuppressedUnderDeferredPressure"}
2026-10-06T20:03:05.9930839Z {"Time":"2026-10-06T20:03:05.9911358Z","Action":"output","Package":"github.com/snissn/gomap/TreeDB/caching","Test":"TestBatchWrite_BTreeStealSuppressedUnderDeferredPressure","Output":"=== RUN   TestBatchWrite_BTreeStealSuppressedUnderDeferredPressure\n"}
2026-10-06T20:03:06.0063764Z {"Time":"2026-10-06T20:03:05.9951241Z","Action":"output","Package":"github.com/snissn/gomap/TreeDB/caching","Test":"TestBatchWrite_BTreeStealSuppressedUnderDeferredPressure","Output":"--- PASS: TestBatchWrite_BTreeStealSuppressedUnderDeferredPressure (0.00s)\n"}
2026-10-06T20:03:06.0066689Z {"Time":"2026-10-06T20:03:05.9951241Z","Action":"pass","Package":"github.com/snissn/gomap/TreeDB/caching","Test":"TestBatchWrite_BTreeStealSuppressedUnderDeferredPressure","Elapsed":0}
2026-10-06T20:03:06.0068938Z {"Time":"2026-10-06T20:03:05.9951241Z","Action":"run","Package":"github.com/snissn/gomap/TreeDB/caching","Test":"TestBatchStableViewValueLease_AppendOnlyBorrowsWithoutDirectArena"}
2026-10-06T20:03:06.0071810Z {"Time":"2026-10-06T20:03:05.9951241Z","Action":"output","Package":"github.com/snissn/gomap/TreeDB/caching","Test":"TestBatchStableViewValueLease_AppendOnlyBorrowsWithoutDirectArena","Output":"=== RUN   TestBatchStableViewValueLease_AppendOnlyBorrowsWithoutDirectArena\n"}
2026-10-06T20:03:06.0215776Z {"Time":"2026-10-06T20:03:06.0134636Z","Action":"output","Package":"github.com/snissn/gomap/TreeDB/caching","Test":"TestBatchStableViewValueLease_AppendOnlyBorrowsWithoutDirectArena","Output":"--- PASS: TestBatchStableViewValueLease_AppendOnlyBorrowsWithoutDirectArena (0.02s)\n"}
2026-10-06T20:03:06.0219182Z {"Time":"2026-10-06T20:03:06.0134636Z","Action":"pass","Package":"github.com/snissn/gomap/TreeDB/caching","Test":"TestBatchStableViewValueLease_AppendOnlyBorrowsWithoutDirectArena","Elapsed":0.02}
2026-10-06T20:03:06.0221507Z {"Time":"2026-10-06T20:03:06.0134636Z","Action":"run","Package":"github.com/snissn/gomap/TreeDB/caching","Test":"TestNoteBatchArenaRetainedBytesMax"}
2026-10-06T20:03:06.0223267Z {"Time":"2026-10-06T20:03:06.0134636Z","Action":"output","Package":"github.com/snissn/gomap/TreeDB/caching","Test":"TestNoteBatchArenaRetainedBytesMax","Output":"=== RUN   TestNoteBatchArenaRetainedBytesMax\n"}
2026-10-06T20:03:06.0224933Z {"Time":"2026-10-06T20:03:06.0134636Z","Action":"output","Package":"github.com/snissn/gomap/TreeDB/caching","Test":"TestNoteBatchArenaRetainedBytesMax","Output":"--- PASS: TestNoteBatchArenaRetainedBytesMax (0.00s)\n"}
2026-10-06T20:03:06.0226716Z {"Time":"2026-10-06T20:03:06.0134636Z","Action":"pass","Package":"github.com/snissn/gomap/TreeDB/caching","Test":"TestNoteBatchArenaRetainedBytesMax","Elapsed":0}
2026-10-06T20:03:06.0227769Z {"Time":"2026-10-06T20:03:06.014029Z","Action":"run","Package":"github.com/snissn/gomap/TreeDB/caching","Test":"TestBatchCopyArenaInitCapForEntries"}
2026-10-06T20:03:06.0229017Z {"Time":"2026-10-06T20:03:06.014029Z","Action":"output","Package":"github.com/snissn/gomap/TreeDB/caching","Test":"TestBatchCopyArenaInitCapForEntries","Output":"=== RUN   TestBatchCopyArenaInitCapForEntries\n"}
2026-10-06T20:03:06.0230539Z {"Time":"2026-10-06T20:03:06.014029Z","Action":"run","Package":"github.com/snissn/gomap/TreeDB/caching","Test":"TestBatchCopyArenaInitCapForEntries/unsized"}
2026-10-06T20:03:06.0233112Z {"Time":"2026-10-06T20:03:06.014029Z","Action":"output","Package":"github.com/snissn/gomap/TreeDB/caching","Test":"TestBatchCopyArenaInitCapForEntries/unsized","Output":"=== RUN   TestBatchCopyArenaInitCapForEntries/unsized\n"}
2026-10-06T20:03:06.0234836Z {"Time":"2026-10-06T20:03:06.014029Z","Action":"output","Package":"github.com/snissn/gomap/TreeDB/caching","Test":"TestBatchCopyArenaInitCapForEntries/unsized","Output":"--- PASS: TestBatchCopyArenaInitCapForEntries/unsized (0.00s)\n"}
2026-10-06T20:03:06.0236246Z {"Time":"2026-10-06T20:03:06.014029Z","Action":"pass","Package":"github.com/snissn/gomap/TreeDB/caching","Test":"TestBatchCopyArenaInitCapForEntries/unsized","Elapsed":0}
2026-10-06T20:03:06.0237707Z {"Time":"2026-10-06T20:03:06.014029Z","Action":"run","Package":"github.com/snissn/gomap/TreeDB/caching","Test":"TestBatchCopyArenaInitCapForEntries/sized"}
2026-10-06T20:03:06.0239027Z {"Time":"2026-10-06T20:03:06.014029Z","Action":"output","Package":"github.com/snissn/gomap/TreeDB/caching","Test":"TestBatchCopyArenaInitCapForEntries/sized","Output":"=== RUN   TestBatchCopyArenaInitCapForEntries/sized\n"}
2026-10-06T20:03:06.0240656Z {"Time":"2026-10-06T20:03:06.014029Z","Action":"output","Package":"github.com/snissn/gomap/TreeDB/caching","Test":"TestBatchCopyArenaInitCapForEntries/sized","Output":"--- PASS: TestBatchCopyArenaInitCapForEntries/sized (0.00s)\n"}
2026-10-06T20:03:06.0242420Z {"Time":"2026-10-06T20:03:06.014029Z","Action":"pass","Package":"github.com/snissn/gomap/TreeDB/caching","Test":"TestBatchCopyArenaInitCapForEntries/sized","Elapsed":0}
2026-10-06T20:03:06.0243674Z {"Time":"2026-10-06T20:03:06.014029Z","Action":"run","Package":"github.com/snissn/gomap/TreeDB/caching","Test":"TestBatchCopyArenaInitCapForEntries/clamped"}
2026-10-06T20:03:06.0245005Z {"Time":"2026-10-06T20:03:06.014029Z","Action":"output","Package":"github.com/snissn/gomap/TreeDB/caching","Test":"TestBatchCopyArenaInitCapForEntries/clamped","Output":"=== RUN   TestBatchCopyArenaInitCapForEntries/clamped\n"}
2026-10-06T20:03:06.0246627Z {"Time":"2026-10-06T20:03:06.014029Z","Action":"output","Package":"github.com/snissn/gomap/TreeDB/caching","Test":"TestBatchCopyArenaInitCapForEntries/clamped","Output":"--- PASS: TestBatchCopyArenaInitCapForEntries/clamped (0.00s)\n"}
2026-10-06T20:03:06.0248095Z {"Time":"2026-10-06T20:03:06.014029Z","Action":"pass","Package":"github.com/snissn/gomap/TreeDB/caching","Test":"TestBatchCopyArenaInitCapForEntries/clamped","Elapsed":0}
2026-10-06T20:03:06.0249563Z {"Time":"2026-10-06T20:03:06.014029Z","Action":"output","Package":"github.com/snissn/gomap/TreeDB/caching","Test":"TestBatchCopyArenaInitCapForEntries","Output":"--- PASS: TestBatchCopyArenaInitCapForEntries (0.00s)\n"}
2026-10-06T20:03:06.0250858Z {"Time":"2026-10-06T20:03:06.014029Z","Action":"pass","Package":"github.com/snissn/gomap/TreeDB/caching","Test":"TestBatchCopyArenaInitCapForEntries","Elapsed":0}
2026-10-06T20:03:06.0251947Z {"Time":"2026-10-06T20:03:06.014029Z","Action":"run","Package":"github.com/snissn/gomap/TreeDB/caching","Test":"TestBatchCopyArenaHint_UsesTotalCopiedBytes"}
2026-10-06T20:03:06.0253660Z {"Time":"2026-10-06T20:03:06.014029Z","Action":"output","Package":"github.com/snissn/gomap/TreeDB/caching","Test":"TestBatchCopyArenaHint_UsesTotalCopiedBytes","Output":"=== RUN   TestBatchCopyArenaHint_UsesTotalCopiedBytes\n"}
2026-10-06T20:03:06.0255416Z {"Time":"2026-10-06T20:03:06.0145993Z","Action":"output","Package":"github.com/snissn/gomap/TreeDB/caching","Test":"TestBatchCopyArenaHint_UsesTotalCopiedBytes","Output":"--- PASS: TestBatchCopyArenaHint_UsesTotalCopiedBytes (0.00s)\n"}
2026-10-06T20:03:06.0256796Z {"Time":"2026-10-06T20:03:06.0145993Z","Action":"pass","Package":"github.com/snissn/gomap/TreeDB/caching","Test":"TestBatchCopyArenaHint_UsesTotalCopiedBytes","Elapsed":0}
2026-10-06T20:03:06.0258116Z {"Time":"2026-10-06T20:03:06.0145993Z","Action":"run","Package":"github.com/snissn/gomap/TreeDB/caching","Test":"TestBatchCopyArenaInitCap_ClampsUnderCriticalPressure"}
2026-10-06T20:03:06.0259896Z {"Time":"2026-10-06T20:03:06.0145993Z","Action":"output","Package":"github.com/snissn/gomap/TreeDB/caching","Test":"TestBatchCopyArenaInitCap_ClampsUnderCriticalPressure","Output":"=== RUN   TestBatchCopyArenaInitCap_ClampsUnderCriticalPressure\n"}
2026-10-06T20:03:06.0261698Z {"Time":"2026-10-06T20:03:06.0145993Z","Action":"output","Package":"github.com/snissn/gomap/TreeDB/caching","Test":"TestBatchCopyArenaInitCap_ClampsUnderCriticalPressure","Output":"--- PASS: TestBatchCopyArenaInitCap_ClampsUnderCriticalPressure (0.00s)\n"}
2026-10-06T20:03:06.0263210Z {"Time":"2026-10-06T20:03:06.0145993Z","Action":"pass","Package":"github.com/snissn/gomap/TreeDB/caching","Test":"TestBatchCopyArenaInitCap_ClampsUnderCriticalPressure","Elapsed":0}
2026-10-06T20:03:06.0264360Z {"Time":"2026-10-06T20:03:06.0145993Z","Action":"run","Package":"github.com/snissn/gomap/TreeDB/caching","Test":"TestBatchCloseReleasesAuxiliaryIndexSlices"}
2026-10-06T20:03:06.0265918Z {"Time":"2026-10-06T20:03:06.0145993Z","Action":"output","Package":"github.com/snissn/gomap/TreeDB/caching","Test":"TestBatchCloseReleasesAuxiliaryIndexSlices","Output":"=== RUN   TestBatchCloseReleasesAuxiliaryIndexSlices\n"}
2026-10-06T20:03:06.0267545Z {"Time":"2026-10-06T20:03:06.0145993Z","Action":"output","Package":"github.com/snissn/gomap/TreeDB/caching","Test":"TestBatchCloseReleasesAuxiliaryIndexSlices","Output":"--- PASS: TestBatchCloseReleasesAuxiliaryIndexSlices (0.00s)\n"}
2026-10-06T20:03:06.0269387Z {"Time":"2026-10-06T20:03:06.0145993Z","Action":"pass","Package":"github.com/snissn/gomap/TreeDB/caching","Test":"TestBatchCloseReleasesAuxiliaryIndexSlices","Elapsed":0}
2026-10-06T20:03:06.0270710Z {"Time":"2026-10-06T20:03:06.0145993Z","Action":"run","Package":"github.com/snissn/gomap/TreeDB/caching","Test":"TestBatchShardEntryGroupLeaseReuseAndClear"}
2026-10-06T20:03:06.0272068Z {"Time":"2026-10-06T20:03:06.0145993Z","Action":"output","Package":"github.com/snissn/gomap/TreeDB/caching","Test":"TestBatchShardEntryGroupLeaseReuseAndClear","Output":"=== RUN   TestBatchShardEntryGroupLeaseReuseAndClear\n"}
2026-10-06T20:03:06.0274023Z {"Time":"2026-10-06T20:03:06.0145993Z","Action":"output","Package":"github.com/snissn/gomap/TreeDB/caching","Test":"TestBatchShardEntryGroupLeaseReuseAndClear","Output":"--- PASS: TestBatchShardEntryGroupLeaseReuseAndClear (0.00s)\n"}
2026-10-06T20:03:06.0275431Z {"Time":"2026-10-06T20:03:06.0145993Z","Action":"pass","Package":"github.com/snissn/gomap/TreeDB/caching","Test":"TestBatchShardEntryGroupLeaseReuseAndClear","Elapsed":0}
2026-10-06T20:03:06.0276870Z {"Time":"2026-10-06T20:03:06.0151792Z","Action":"run","Package":"github.com/snissn/gomap/TreeDB/caching","Test":"TestBatchArenaChunkListLeaseReturnedAfterMemtableRelease"}
2026-10-06T20:03:06.0279708Z {"Time":"2026-10-06T20:03:06.0151792Z","Action":"output","Package":"github.com/snissn/gomap/TreeDB/caching","Test":"TestBatchArenaChunkListLeaseReturnedAfterMemtableRelease","Output":"=== RUN   TestBatchArenaChunkListLeaseReturnedAfterMemtableRelease\n"}
2026-10-06T20:03:06.0283119Z {"Time":"2026-10-06T20:03:06.0151792Z","Action":"output","Package":"github.com/snissn/gomap/TreeDB/caching","Test":"TestBatchArenaChunkListLeaseReturnedAfterMemtableRelease","Output":"--- PASS: TestBatchArenaChunkListLeaseReturnedAfterMemtableRelease (0.00s)\n"}
2026-10-06T20:03:06.0286040Z {"Time":"2026-10-06T20:03:06.0151792Z","Action":"pass","Package":"github.com/snissn/gomap/TreeDB/caching","Test":"TestBatchArenaChunkListLeaseReturnedAfterMemtableRelease","Elapsed":0}
2026-10-06T20:03:06.0288317Z {"Time":"2026-10-06T20:03:06.0151792Z","Action":"run","Package":"github.com/snissn/gomap/TreeDB/caching","Test":"TestBatchWrite_DeleteOnlyFastPath_SortedAndUnsorted"}
2026-10-06T20:03:06.0290740Z {"Time":"2026-10-06T20:03:06.0151792Z","Action":"output","Package":"github.com/snissn/gomap/TreeDB/caching","Test":"TestBatchWrite_DeleteOnlyFastPath_SortedAndUnsorted","Output":"=== RUN   TestBatchWrite_DeleteOnlyFastPath_SortedAndUnsorted\n"}
2026-10-06T20:03:06.0293733Z {"Time":"2026-10-06T20:03:06.0151792Z","Action":"run","Package":"github.com/snissn/gomap/TreeDB/caching","Test":"TestBatchWrite_DeleteOnlyFastPath_SortedAndUnsorted/sorted"}
2026-10-06T20:03:06.0296455Z {"Time":"2026-10-06T20:03:06.0151792Z","Action":"output","Package":"github.com/snissn/gomap/TreeDB/caching","Test":"TestBatchWrite_DeleteOnlyFastPath_SortedAndUnsorted/sorted","Output":"=== RUN   TestBatchWrite_DeleteOnlyFastPath_SortedAndUnsorted/sorted\n"}
2026-10-06T20:03:06.0299695Z {"Time":"2026-10-06T20:03:06.0191762Z","Action":"output","Package":"github.com/snissn/gomap/TreeDB/caching","Test":"TestBatchWrite_DeleteOnlyFastPath_SortedAndUnsorted/sorted","Output":"--- PASS: TestBatchWrite_DeleteOnlyFastPath_SortedAndUnsorted/sorted (0.00s)\n"}
2026-10-06T20:03:06.0302493Z {"Time":"2026-10-06T20:03:06.0191762Z","Action":"pass","Package":"github.com/snissn/gomap/TreeDB/caching","Test":"TestBatchWrite_DeleteOnlyFastPath_SortedAndUnsorted/sorted","Elapsed":0}
2026-10-06T20:03:06.0304713Z {"Time":"2026-10-06T20:03:06.0191762Z","Action":"run","Package":"github.com/snissn/gomap/TreeDB/caching","Test":"TestBatchWrite_DeleteOnlyFastPath_SortedAndUnsorted/unsorted"}
2026-10-06T20:03:06.0307351Z {"Time":"2026-10-06T20:03:06.0191762Z","Action":"output","Package":"github.com/snissn/gomap/TreeDB/caching","Test":"TestBatchWrite_DeleteOnlyFastPath_SortedAndUnsorted/unsorted","Output":"=== RUN   TestBatchWrite_DeleteOnlyFastPath_SortedAndUnsorted/unsorted\n"}
2026-10-06T20:03:06.0366242Z {"Time":"2026-10-06T20:03:06.0236701Z","Action":"output","Package":"github.com/snissn/gomap/TreeDB/caching","Test":"TestBatchWrite_DeleteOnlyFastPath_SortedAndUnsorted/unsorted","Output":"--- PASS: TestBatchWrite_DeleteOnlyFastPath_SortedAndUnsorted/unsorted (0.00s)\n"}
2026-10-06T20:03:06.0368404Z {"Time":"2026-10-06T20:03:06.0236701Z","Action":"pass","Package":"github.com/snissn/gomap/TreeDB/caching","Test":"TestBatchWrite_DeleteOnlyFastPath_SortedAndUnsorted/unsorted","Elapsed":0}
2026-10-06T20:03:06.0371740Z {"Time":"2026-10-06T20:03:06.0236701Z","Action":"output","Package":"github.com/snissn/gomap/TreeDB/caching","Test":"TestBatchWrite_DeleteOnlyFastPath_SortedAndUnsorted","Output":"--- PASS: TestBatchWrite_DeleteOnlyFastPath_SortedAndUnsorted (0.01s)\n"}
2026-10-06T20:03:06.0374637Z {"Time":"2026-10-06T20:03:06.0236701Z","Action":"pass","Package":"github.com/snissn/gomap/TreeDB/caching","Test":"TestBatchWrite_DeleteOnlyFastPath_SortedAndUnsorted","Elapsed":0.01}
2026-10-06T20:03:06.0376642Z {"Time":"2026-10-06T20:03:06.0236701Z","Action":"run","Package":"github.com/snissn/gomap/TreeDB/caching","Test":"TestBatchPtrValueArena_RecycledWhenPointersAssigned"}
2026-10-06T20:03:06.0379339Z {"Time":"2026-10-06T20:03:06.0236701Z","Action":"output","Package":"github.com/snissn/gomap/TreeDB/caching","Test":"TestBatchPtrValueArena_RecycledWhenPointersAssigned","Output":"=== RUN   TestBatchPtrValueArena_RecycledWhenPointersAssigned\n"}
2026-10-06T20:03:06.0522828Z {"Time":"2026-10-06T20:03:06.0383823Z","Action":"output","Package":"github.com/snissn/gomap/TreeDB/caching","Test":"TestBatchPtrValueArena_RecycledWhenPointersAssigned","Output":"--- PASS: TestBatchPtrValueArena_RecycledWhenPointersAssigned (0.01s)\n"}
2026-10-06T20:03:06.0524949Z {"Time":"2026-10-06T20:03:06.0383823Z","Action":"pass","Package":"github.com/snissn/gomap/TreeDB/caching","Test":"TestBatchPtrValueArena_RecycledWhenPointersAssigned","Elapsed":0.01}
2026-10-06T20:03:06.0526451Z {"Time":"2026-10-06T20:03:06.0383823Z","Action":"run","Package":"github.com/snissn/gomap/TreeDB/caching","Test":"TestBatchSetOps_StreamEligible_DisablesOnNonMonotonic"}
2026-10-06T20:03:06.0528256Z {"Time":"2026-10-06T20:03:06.0383823Z","Action":"output","Package":"github.com/snissn/gomap/TreeDB/caching","Test":"TestBatchSetOps_StreamEligible_DisablesOnNonMonotonic","Output":"=== RUN   TestBatchSetOps_StreamEligible_DisablesOnNonMonotonic\n"}
2026-10-06T20:03:06.0530661Z {"Time":"2026-10-06T20:03:06.0387326Z","Action":"output","Package":"github.com/snissn/gomap/TreeDB/caching","Test":"TestBatchSetOps_StreamEligible_DisablesOnNonMonotonic","Output":"--- PASS: TestBatchSetOps_StreamEligible_DisablesOnNonMonotonic (0.00s)\n"}
2026-10-06T20:03:06.0532625Z {"Time":"2026-10-06T20:03:06.0387326Z","Action":"pass","Package":"github.com/snissn/gomap/TreeDB/caching","Test":"TestBatchSetOps_StreamEligible_DisablesOnNonMonotonic","Elapsed":0}
2026-10-06T20:03:06.0534342Z {"Time":"2026-10-06T20:03:06.0387326Z","Action":"run","Package":"github.com/snissn/gomap/TreeDB/caching","Test":"TestProfileFast_BatchWriteFlushesPointerValueLogBeforeMetadataSync"}
2026-10-06T20:03:06.0536573Z {"Time":"2026-10-06T20:03:06.0387326Z","Action":"output","Package":"github.com/snissn/gomap/TreeDB/caching","Test":"TestProfileFast_BatchWriteFlushesPointerValueLogBeforeMetadataSync","Output":"=== RUN   TestProfileFast_BatchWriteFlushesPointerValueLogBeforeMetadataSync\n"}
2026-10-06T20:03:06.1297997Z {"Time":"2026-10-06T20:03:06.1272527Z","Action":"output","Package":"github.com/snissn/gomap/TreeDB/caching","Test":"TestProfileFast_BatchWriteFlushesPointerValueLogBeforeMetadataSync","Output":"--- PASS: TestProfileFast_BatchWriteFlushesPointerValueLogBeforeMetadataSync (0.09s)\n"}
2026-10-06T20:03:06.1301970Z {"Time":"2026-10-06T20:03:06.1283374Z","Action":"pass","Package":"github.com/snissn/gomap/TreeDB/caching","Test":"TestProfileFast_BatchWriteFlushesPointerValueLogBeforeMetadataSync","Elapsed":0.09}
2026-10-06T20:03:06.1304447Z {"Time":"2026-10-06T20:03:06.1283374Z","Action":"run","Package":"github.com/snissn/gomap/TreeDB/caching","Test":"TestCheckpointWaitProductivityStatsNoopCheckpoint"}
2026-10-06T20:03:06.1307223Z {"Time":"2026-10-06T20:03:06.1283374Z","Action":"output","Package":"github.com/snissn/gomap/TreeDB/caching","Test":"TestCheckpointWaitProductivityStatsNoopCheckpoint","Output":"=== RUN   TestCheckpointWaitProductivityStatsNoopCheckpoint\n"}
2026-10-06T20:03:06.1453191Z {"Time":"2026-10-06T20:03:06.1341794Z","Action":"output","Package":"github.com/snissn/gomap/TreeDB/caching","Test":"TestCheckpointWaitProductivityStatsNoopCheckpoint","Output":"--- PASS: TestCheckpointWaitProductivityStatsNoopCheckpoint (0.01s)\n"}
2026-10-06T20:03:06.1454835Z {"Time":"2026-10-06T20:03:06.1341794Z","Action":"pass","Package":"github.com/snissn/gomap/TreeDB/caching","Test":"TestCheckpointWaitProductivityStatsNoopCheckpoint","Elapsed":0.01}
2026-10-06T20:03:06.1456153Z {"Time":"2026-10-06T20:03:06.1341794Z","Action":"run","Package":"github.com/snissn/gomap/TreeDB/caching","Test":"TestCheckpointWaitProductivityStatsActiveBackgroundDrainsFrontier"}
2026-10-06T20:03:06.1457900Z {"Time":"2026-10-06T20:03:06.1341794Z","Action":"output","Package":"github.com/snissn/gomap/TreeDB/caching","Test":"TestCheckpointWaitProductivityStatsActiveBackgroundDrainsFrontier","Output":"=== RUN   TestCheckpointWaitProductivityStatsActiveBackgroundDrainsFrontier\n"}
2026-10-06T20:03:06.1766192Z {"Time":"2026-10-06T20:03:06.1689251Z","Action":"output","Package":"github.com/snissn/gomap/TreeDB/caching","Test":"TestCheckpointWaitProductivityStatsActiveBackgroundDrainsFrontier","Output":"--- PASS: TestCheckpointWaitProductivityStatsActiveBackgroundDrainsFrontier (0.03s)\n"}
2026-10-06T20:03:06.1768753Z {"Time":"2026-10-06T20:03:06.1689251Z","Action":"pass","Package":"github.com/snissn/gomap/TreeDB/caching","Test":"TestCheckpointWaitProductivityStatsActiveBackgroundDrainsFrontier","Elapsed":0.03}
2026-10-06T20:03:06.1770290Z {"Time":"2026-10-06T20:03:06.1689251Z","Action":"run","Package":"github.com/snissn/gomap/TreeDB/caching","Test":"TestCachingDB_CheckpointContextCancelsBeforeFrontierDrain"}
2026-10-06T20:03:06.1772043Z {"Time":"2026-10-06T20:03:06.1689251Z","Action":"output","Package":"github.com/snissn/gomap/TreeDB/caching","Test":"TestCachingDB_CheckpointContextCancelsBeforeFrontierDrain","Output":"=== RUN   TestCachingDB_CheckpointContextCancelsBeforeFrontierDrain\n"}
2026-10-06T20:03:06.2078806Z {"Time":"2026-10-06T20:03:06.203667Z","Action":"output","Package":"github.com/snissn/gomap/TreeDB/caching","Test":"TestCachingDB_CheckpointContextCancelsBeforeFrontierDrain","Output":"--- PASS: TestCachingDB_CheckpointContextCancelsBeforeFrontierDrain (0.03s)\n"}
2026-10-06T20:03:06.2080918Z {"Time":"2026-10-06T20:03:06.2042845Z","Action":"pass","Package":"github.com/snissn/gomap/TreeDB/caching","Test":"TestCachingDB_CheckpointContextCancelsBeforeFrontierDrain","Elapsed":0.03}
2026-10-06T20:03:06.2082335Z {"Time":"2026-10-06T20:03:06.2042845Z","Action":"run","Package":"github.com/snissn/gomap/TreeDB/caching","Test":"TestCachingDB_Checkpoint_TrimsWAL"}
2026-10-06T20:03:06.2083528Z {"Time":"2026-10-06T20:03:06.2042845Z","Action":"output","Package":"github.com/snissn/gomap/TreeDB/caching","Test":"TestCachingDB_Checkpoint_TrimsWAL","Output":"=== RUN   TestCachingDB_Checkpoint_TrimsWAL\n"}
2026-10-06T20:03:06.2853033Z {"Time":"2026-10-06T20:03:06.2773724Z","Action":"output","Package":"github.com/snissn/gomap/TreeDB/caching","Test":"TestCachingDB_Checkpoint_TrimsWAL","Output":"--- PASS: TestCachingDB_Checkpoint_TrimsWAL (0.07s)\n"}
2026-10-06T20:03:06.2854509Z {"Time":"2026-10-06T20:03:06.2773724Z","Action":"pass","Package":"github.com/snissn/gomap/TreeDB/caching","Test":"TestCachingDB_Checkpoint_TrimsWAL","Elapsed":0.07}
2026-10-06T20:03:06.2856149Z {"Time":"2026-10-06T20:03:06.2773724Z","Action":"run","Package":"github.com/snissn/gomap/TreeDB/caching","Test":"TestCachingDB_DirectWriteGateRechecksCheckpointAfterPublicWait"}
2026-10-06T20:03:06.2857927Z {"Time":"2026-10-06T20:03:06.2773724Z","Action":"output","Package":"github.com/snissn/gomap/TreeDB/caching","Test":"TestCachingDB_DirectWriteGateRechecksCheckpointAfterPublicWait","Output":"=== RUN   TestCachingDB_DirectWriteGateRechecksCheckpointAfterPublicWait\n"}
2026-10-06T20:03:06.3330456Z {"Time":"2026-10-06T20:03:06.3238805Z","Action":"output","Package":"github.com/snissn/gomap/TreeDB/caching","Test":"TestCachingDB_DirectWriteGateRechecksCheckpointAfterPublicWait","Output":"--- PASS: TestCachingDB_DirectWriteGateRechecksCheckpointAfterPublicWait (0.05s)\n"}
2026-10-06T20:03:06.3333711Z {"Time":"2026-10-06T20:03:06.3238805Z","Action":"pass","Package":"github.com/snissn/gomap/TreeDB/caching","Test":"TestCachingDB_DirectWriteGateRechecksCheckpointAfterPublicWait","Elapsed":0.05}
2026-10-06T20:03:06.3336233Z {"Time":"2026-10-06T20:03:06.3238805Z","Action":"run","Package":"github.com/snissn/gomap/TreeDB/caching","Test":"TestCachingDB_ExclusiveWriteWithFlushMuHeldReleasesFlushMuWhileWaiting"}
2026-10-06T20:03:06.3339501Z {"Time":"2026-10-06T20:03:06.3238805Z","Action":"output","Package":"github.com/snissn/gomap/TreeDB/caching","Test":"TestCachingDB_ExclusiveWriteWithFlushMuHeldReleasesFlushMuWhileWaiting","Output":"=== RUN   TestCachingDB_ExclusiveWriteWithFlushMuHeldReleasesFlushMuWhileWaiting\n"}
2026-10-06T20:03:06.3488489Z {"Time":"2026-10-06T20:03:06.3475317Z","Action":"output","Package":"github.com/snissn/gomap/TreeDB/caching","Test":"TestCachingDB_ExclusiveWriteWithFlushMuHeldReleasesFlushMuWhileWaiting","Output":"--- PASS: TestCachingDB_ExclusiveWriteWithFlushMuHeldReleasesFlushMuWhileWaiting (0.02s)\n"}
2026-10-06T20:03:06.3492228Z {"Time":"2026-10-06T20:03:06.3479884Z","Action":"pass","Package":"github.com/snissn/gomap/TreeDB/caching","Test":"TestCachingDB_ExclusiveWriteWithFlushMuHeldReleasesFlushMuWhileWaiting","Elapsed":0.02}
2026-10-06T20:03:06.3494652Z {"Time":"2026-10-06T20:03:06.3479884Z","Action":"run","Package":"github.com/snissn/gomap/TreeDB/caching","Test":"TestCachingDB_AutoCheckpoint_IdleTrigger_TrimsWAL"}
2026-10-06T20:03:06.3497249Z {"Time":"2026-10-06T20:03:06.3479884Z","Action":"output","Package":"github.com/snissn/gomap/TreeDB/caching","Test":"TestCachingDB_AutoCheckpoint_IdleTrigger_TrimsWAL","Output":"=== RUN   TestCachingDB_AutoCheckpoint_IdleTrigger_TrimsWAL\n"}
2026-10-06T20:03:06.5355390Z {"Time":"2026-10-06T20:03:06.5218025Z","Action":"output","Package":"github.com/snissn/gomap/TreeDB/caching","Test":"TestCachingDB_AutoCheckpoint_IdleTrigger_TrimsWAL","Output":"--- PASS: TestCachingDB_AutoCheckpoint_IdleTrigger_TrimsWAL (0.17s)\n"}
2026-10-06T20:03:06.5357920Z {"Time":"2026-10-06T20:03:06.5218025Z","Action":"pass","Package":"github.com/snissn/gomap/TreeDB/caching","Test":"TestCachingDB_AutoCheckpoint_IdleTrigger_TrimsWAL","Elapsed":0.17}
2026-10-06T20:03:06.5359653Z {"Time":"2026-10-06T20:03:06.5218025Z","Action":"run","Package":"github.com/snissn/gomap/TreeDB/caching","Test":"TestCachingDB_AutoCheckpoint_SizeTrigger_RearmsAfterSuccessfulNoRelief"}
2026-10-06T20:03:06.5361740Z {"Time":"2026-10-06T20:03:06.5218025Z","Action":"output","Package":"github.com/snissn/gomap/TreeDB/caching","Test":"TestCachingDB_AutoCheckpoint_SizeTrigger_RearmsAfterSuccessfulNoRelief","Output":"=== RUN   TestCachingDB_AutoCheckpoint_SizeTrigger_RearmsAfterSuccessfulNoRelief\n"}
2026-10-06T20:03:06.5505165Z {"Time":"2026-10-06T20:03:06.5439857Z","Action":"output","Package":"github.com/snissn/gomap/TreeDB/caching","Test":"TestCachingDB_AutoCheckpoint_SizeTrigger_RearmsAfterSuccessfulNoRelief","Output":"--- PASS: TestCachingDB_AutoCheckpoint_SizeTrigger_RearmsAfterSuccessfulNoRelief (0.02s)\n"}
2026-10-06T20:03:06.5507225Z {"Time":"2026-10-06T20:03:06.5439857Z","Action":"pass","Package":"github.com/snissn/gomap/TreeDB/caching","Test":"TestCachingDB_AutoCheckpoint_SizeTrigger_RearmsAfterSuccessfulNoRelief","Elapsed":0.02}
2026-10-06T20:03:06.5509193Z {"Time":"2026-10-06T20:03:06.5439857Z","Action":"run","Package":"github.com/snissn/gomap/TreeDB/caching","Test":"TestCachingDB_AutoCheckpoint_SizeTrigger_DoesNotThrashWithRetainedValueLog"}
2026-10-06T20:03:06.5510918Z {"Time":"2026-10-06T20:03:06.5439857Z","Action":"output","Package":"github.com/snissn/gomap/TreeDB/caching","Test":"TestCachingDB_AutoCheckpoint_SizeTrigger_DoesNotThrashWithRetainedValueLog","Output":"=== RUN   TestCachingDB_AutoCheckpoint_SizeTrigger_DoesNotThrashWithRetainedValueLog\n"}
2026-10-06T20:03:06.9780913Z {"Time":"2026-10-06T20:03:06.9688362Z","Action":"output","Package":"github.com/snissn/gomap/TreeDB/caching","Test":"TestCachingDB_AutoCheckpoint_SizeTrigger_DoesNotThrashWithRetainedValueLog","Output":"--- PASS: TestCachingDB_AutoCheckpoint_SizeTrigger_DoesNotThrashWithRetainedValueLog (0.42s)\n"}
2026-10-06T20:03:06.9783406Z {"Time":"2026-10-06T20:03:06.9694219Z","Action":"pass","Package":"github.com/snissn/gomap/TreeDB/caching","Test":"TestCachingDB_AutoCheckpoint_SizeTrigger_DoesNotThrashWithRetainedValueLog","Elapsed":0.42}
2026-10-06T20:03:06.9784939Z {"Time":"2026-10-06T20:03:06.9694219Z","Action":"run","Package":"github.com/snissn/gomap/TreeDB/caching","Test":"TestCachingDB_CloseFlushesDeletesAndOverwrites"}
2026-10-06T20:03:06.9786315Z {"Time":"2026-10-06T20:03:06.9694219Z","Action":"output","Package":"github.com/snissn/gomap/TreeDB/caching","Test":"TestCachingDB_CloseFlushesDeletesAndOverwrites","Output":"=== RUN   TestCachingDB_CloseFlushesDeletesAndOverwrites\n"}
2026-10-06T20:03:06.9787691Z {"Time":"2026-10-06T20:03:06.9694219Z","Action":"run","Package":"github.com/snissn/gomap/TreeDB/caching","Test":"TestCachingDB_CloseFlushesDeletesAndOverwrites/wal_on"}
2026-10-06T20:03:06.9789126Z {"Time":"2026-10-06T20:03:06.9694219Z","Action":"output","Package":"github.com/snissn/gomap/TreeDB/caching","Test":"TestCachingDB_CloseFlushesDeletesAndOverwrites/wal_on","Output":"=== RUN   TestCachingDB_CloseFlushesDeletesAndOverwrites/wal_on\n"}
2026-10-06T20:03:07.0081888Z {"Time":"2026-10-06T20:03:07.0014631Z","Action":"output","Package":"github.com/snissn/gomap/TreeDB/caching","Test":"TestCachingDB_CloseFlushesDeletesAndOverwrites/wal_on","Output":"--- PASS: TestCachingDB_CloseFlushesDeletesAndOverwrites/wal_on (0.03s)\n"}
2026-10-06T20:03:07.0084516Z {"Time":"2026-10-06T20:03:07.0014631Z","Action":"pass","Package":"github.com/snissn/gomap/TreeDB/caching","Test":"TestCachingDB_CloseFlushesDeletesAndOverwrites/wal_on","Elapsed":0.03}
2026-10-06T20:03:07.0086086Z {"Time":"2026-10-06T20:03:07.0020099Z","Action":"run","Package":"github.com/snissn/gomap/TreeDB/caching","Test":"TestCachingDB_CloseFlushesDeletesAndOverwrites/wal_off"}
2026-10-06T20:03:07.0087801Z {"Time":"2026-10-06T20:03:07.0020099Z","Action":"output","Package":"github.com/snissn/gomap/TreeDB/caching","Test":"TestCachingDB_CloseFlushesDeletesAndOverwrites/wal_off","Output":"=== RUN   TestCachingDB_CloseFlushesDeletesAndOverwrites/wal_off\n"}
2026-10-06T20:03:07.0110561Z {"Time":"2026-10-06T20:03:07.0100606Z","Action":"output","Package":"github.com/snissn/gomap/TreeDB/caching","Test":"TestCachingDB_CloseFlushesDeletesAndOverwrites/wal_off","Output":"--- PASS: TestCachingDB_CloseFlushesDeletesAndOverwrites/wal_off (0.01s)\n"}
2026-10-06T20:03:07.0113739Z {"Time":"2026-10-06T20:03:07.0100606Z","Action":"pass","Package":"github.com/snissn/gomap/TreeDB/caching","Test":"TestCachingDB_CloseFlushesDeletesAndOverwrites/wal_off","Elapsed":0.01}
2026-10-06T20:03:07.0116209Z {"Time":"2026-10-06T20:03:07.0100606Z","Action":"output","Package":"github.com/snissn/gomap/TreeDB/caching","Test":"TestCachingDB_CloseFlushesDeletesAndOverwrites","Output":"--- PASS: TestCachingDB_CloseFlushesDeletesAndOverwrites (0.04s)\n"}
2026-10-06T20:03:07.0117784Z {"Time":"2026-10-06T20:03:07.0100606Z","Action":"pass","Package":"github.com/snissn/gomap/TreeDB/caching","Test":"TestCachingDB_CloseFlushesDeletesAndOverwrites","Elapsed":0.04}
2026-10-06T20:03:07.0119653Z {"Time":"2026-10-06T20:03:07.0105543Z","Action":"run","Package":"github.com/snissn/gomap/TreeDB/caching","Test":"TestBackendSyncBoundaryTreatsStaleCleanupProofAsRetryable"}
2026-10-06T20:03:07.0121417Z {"Time":"2026-10-06T20:03:07.0105543Z","Action":"output","Package":"github.com/snissn/gomap/TreeDB/caching","Test":"TestBackendSyncBoundaryTreatsStaleCleanupProofAsRetryable","Output":"=== RUN   TestBackendSyncBoundaryTreatsStaleCleanupProofAsRetryable\n"}
2026-10-06T20:03:07.0123523Z {"Time":"2026-10-06T20:03:07.0105543Z","Action":"output","Package":"github.com/snissn/gomap/TreeDB/caching","Test":"TestBackendSyncBoundaryTreatsStaleCleanupProofAsRetryable","Output":"--- PASS: TestBackendSyncBoundaryTreatsStaleCleanupProofAsRetryable (0.00s)\n"}
2026-10-06T20:03:07.0127894Z {"Time":"2026-10-06T20:03:07.0105543Z","Action":"pass","Package":"github.com/snissn/gomap/TreeDB/caching","Test":"TestBackendSyncBoundaryTreatsStaleCleanupProofAsRetryable","Elapsed":0}
2026-10-06T20:03:07.0130544Z {"Time":"2026-10-06T20:03:07.0105543Z","Action":"run","Package":"github.com/snissn/gomap/TreeDB/caching","Test":"TestCachingDBBackendCheckpointBoundaryUsesCoveredPrefixOnlyForExternalCommandWAL"}
2026-10-06T20:03:07.0134020Z {"Time":"2026-10-06T20:03:07.0105543Z","Action":"output","Package":"github.com/snissn/gomap/TreeDB/caching","Test":"TestCachingDBBackendCheckpointBoundaryUsesCoveredPrefixOnlyForExternalCommandWAL","Output":"=== RUN   TestCachingDBBackendCheckpointBoundaryUsesCoveredPrefixOnlyForExternalCommandWAL\n"}
2026-10-06T20:03:07.0234281Z {"Time":"2026-10-06T20:03:07.0105543Z","Action":"run","Package":"github.com/snissn/gomap/TreeDB/caching","Test":"TestCachingDBBackendCheckpointBoundaryUsesCoveredPrefixOnlyForExternalCommandWAL/automatic_legacy"}
2026-10-06T20:03:07.0236632Z {"Time":"2026-10-06T20:03:07.0105543Z","Action":"output","Package":"github.com/snissn/gomap/TreeDB/caching","Test":"TestCachingDBBackendCheckpointBoundaryUsesCoveredPrefixOnlyForExternalCommandWAL/automatic_legacy","Output":"=== RUN   TestCachingDBBackendCheckpointBoundaryUsesCoveredPrefixOnlyForExternalCommandWAL/automatic_legacy\n"}
2026-10-06T20:03:07.0239687Z {"Time":"2026-10-06T20:03:07.0105543Z","Action":"output","Package":"github.com/snissn/gomap/TreeDB/caching","Test":"TestCachingDBBackendCheckpointBoundaryUsesCoveredPrefixOnlyForExternalCommandWAL/automatic_legacy","Output":"--- PASS: TestCachingDBBackendCheckpointBoundaryUsesCoveredPrefixOnlyForExternalCommandWAL/automatic_legacy (0.00s)\n"}
2026-10-06T20:03:07.0241898Z {"Time":"2026-10-06T20:03:07.0105543Z","Action":"pass","Package":"github.com/snissn/gomap/TreeDB/caching","Test":"TestCachingDBBackendCheckpointBoundaryUsesCoveredPrefixOnlyForExternalCommandWAL/automatic_legacy","Elapsed":0}
2026-10-06T20:03:07.0243857Z {"Time":"2026-10-06T20:03:07.0105543Z","Action":"run","Package":"github.com/snissn/gomap/TreeDB/caching","Test":"TestCachingDBBackendCheckpointBoundaryUsesCoveredPrefixOnlyForExternalCommandWAL/automatic_external_command_WAL"}
2026-10-06T20:03:07.0246293Z {"Time":"2026-10-06T20:03:07.0105543Z","Action":"output","Package":"github.com/snissn/gomap/TreeDB/caching","Test":"TestCachingDBBackendCheckpointBoundaryUsesCoveredPrefixOnlyForExternalCommandWAL/automatic_external_command_WAL","Output":"=== RUN   TestCachingDBBackendCheckpointBoundaryUsesCoveredPrefixOnlyForExternalCommandWAL/automatic_external_command_WAL\n"}
2026-10-06T20:03:07.0249202Z {"Time":"2026-10-06T20:03:07.0105543Z","Action":"output","Package":"github.com/snissn/gomap/TreeDB/caching","Test":"TestCachingDBBackendCheckpointBoundaryUsesCoveredPrefixOnlyForExternalCommandWAL/automatic_external_command_WAL","Output":"--- PASS: TestCachingDBBackendCheckpointBoundaryUsesCoveredPrefixOnlyForExternalCommandWAL/automatic_external_command_WAL (0.00s)\n"}
2026-10-06T20:03:07.0251923Z {"Time":"2026-10-06T20:03:07.0105543Z","Action":"pass","Package":"github.com/snissn/gomap/TreeDB/caching","Test":"TestCachingDBBackendCheckpointBoundaryUsesCoveredPrefixOnlyForExternalCommandWAL/automatic_external_command_WAL","Elapsed":0}
2026-10-06T20:03:07.0253722Z {"Time":"2026-10-06T20:03:07.0105543Z","Action":"run","Package":"github.com/snissn/gomap/TreeDB/caching","Test":"TestCachingDBBackendCheckpointBoundaryUsesCoveredPrefixOnlyForExternalCommandWAL/explicit_external_command_WAL"}
2026-10-06T20:03:07.0256004Z {"Time":"2026-10-06T20:03:07.0105543Z","Action":"output","Package":"github.com/snissn/gomap/TreeDB/caching","Test":"TestCachingDBBackendCheckpointBoundaryUsesCoveredPrefixOnlyForExternalCommandWAL/explicit_external_command_WAL","Output":"=== RUN   TestCachingDBBackendCheckpointBoundaryUsesCoveredPrefixOnlyForExternalCommandWAL/explicit_external_command_WAL\n"}
2026-10-06T20:03:07.0259215Z {"Time":"2026-10-06T20:03:07.0105543Z","Action":"output","Package":"github.com/snissn/gomap/TreeDB/caching","Test":"TestCachingDBBackendCheckpointBoundaryUsesCoveredPrefixOnlyForExternalCommandWAL/explicit_external_command_WAL","Output":"--- PASS: TestCachingDBBackendCheckpointBoundaryUsesCoveredPrefixOnlyForExternalCommandWAL/explicit_external_command_WAL (0.00s)\n"}
2026-10-06T20:03:07.0261567Z {"Time":"2026-10-06T20:03:07.0105543Z","Action":"pass","Package":"github.com/snissn/gomap/TreeDB/caching","Test":"TestCachingDBBackendCheckpointBoundaryUsesCoveredPrefixOnlyForExternalCommandWAL/explicit_external_command_WAL","Elapsed":0}
2026-10-06T20:03:07.0263693Z {"Time":"2026-10-06T20:03:07.0105543Z","Action":"output","Package":"github.com/snissn/gomap/TreeDB/caching","Test":"TestCachingDBBackendCheckpointBoundaryUsesCoveredPrefixOnlyForExternalCommandWAL","Output":"--- PASS: TestCachingDBBackendCheckpointBoundaryUsesCoveredPrefixOnlyForExternalCommandWAL (0.00s)\n"}
2026-10-06T20:03:07.0265687Z {"Time":"2026-10-06T20:03:07.0105543Z","Action":"pass","Package":"github.com/snissn/gomap/TreeDB/caching","Test":"TestCachingDBBackendCheckpointBoundaryUsesCoveredPrefixOnlyForExternalCommandWAL","Elapsed":0}
2026-10-06T20:03:07.0267126Z {"Time":"2026-10-06T20:03:07.0105543Z","Action":"run","Package":"github.com/snissn/gomap/TreeDB/caching","Test":"TestAutoCheckpointCoveredPrefixCleanupFailureRetainsDebtAndReports"}
2026-10-06T20:03:07.0268834Z {"Time":"2026-10-06T20:03:07.0105543Z","Action":"output","Package":"github.com/snissn/gomap/TreeDB/caching","Test":"TestAutoCheckpointCoveredPrefixCleanupFailureRetainsDebtAndReports","Output":"=== RUN   TestAutoCheckpointCoveredPrefixCleanupFailureRetainsDebtAndReports\n"}
2026-10-06T20:03:07.0271132Z {"Time":"2026-10-06T20:03:07.0105543Z","Action":"output","Package":"github.com/snissn/gomap/TreeDB/caching","Test":"TestAutoCheckpointCoveredPrefixCleanupFailureRetainsDebtAndReports","Output":"--- PASS: TestAutoCheckpointCoveredPrefixCleanupFailureRetainsDebtAndReports (0.00s)\n"}
2026-10-06T20:03:07.0273067Z {"Time":"2026-10-06T20:03:07.0105543Z","Action":"pass","Package":"github.com/snissn/gomap/TreeDB/caching","Test":"TestAutoCheckpointCoveredPrefixCleanupFailureRetainsDebtAndReports","Elapsed":0}
2026-10-06T20:03:07.0274468Z {"Time":"2026-10-06T20:03:07.0105543Z","Action":"run","Package":"github.com/snissn/gomap/TreeDB/caching","Test":"TestCachingDBCheckpointCleanupPropagatesUnexpectedError"}
2026-10-06T20:03:07.0276005Z {"Time":"2026-10-06T20:03:07.0105543Z","Action":"output","Package":"github.com/snissn/gomap/TreeDB/caching","Test":"TestCachingDBCheckpointCleanupPropagatesUnexpectedError","Output":"=== RUN   TestCachingDBCheckpointCleanupPropagatesUnexpectedError\n"}
2026-10-06T20:03:07.0278491Z {"Time":"2026-10-06T20:03:07.0105543Z","Action":"output","Package":"github.com/snissn/gomap/TreeDB/caching","Test":"TestCachingDBCheckpointCleanupPropagatesUnexpectedError","Output":"--- PASS: TestCachingDBCheckpointCleanupPropagatesUnexpectedError (0.00s)\n"}
2026-10-06T20:03:07.0280285Z {"Time":"2026-10-06T20:03:07.0105543Z","Action":"pass","Package":"github.com/snissn/gomap/TreeDB/caching","Test":"TestCachingDBCheckpointCleanupPropagatesUnexpectedError","Elapsed":0}
2026-10-06T20:03:07.0281613Z {"Time":"2026-10-06T20:03:07.0105543Z","Action":"run","Package":"github.com/snissn/gomap/TreeDB/caching","Test":"TestCompactStorageAudit_RealCachedProviderRepeatedDriftReturnsStale"}
2026-10-06T20:03:07.0283392Z {"Time":"2026-10-06T20:03:07.0112973Z","Action":"output","Package":"github.com/snissn/gomap/TreeDB/caching","Test":"TestCompactStorageAudit_RealCachedProviderRepeatedDriftReturnsStale","Output":"=== RUN   TestCompactStorageAudit_RealCachedProviderRepeatedDriftReturnsStale\n"}
2026-10-06T20:03:07.1630318Z {"Time":"2026-10-06T20:03:07.1614979Z","Action":"output","Package":"github.com/snissn/gomap/TreeDB/caching","Test":"TestCompactStorageAudit_RealCachedProviderRepeatedDriftReturnsStale","Output":"--- PASS: TestCompactStorageAudit_RealCachedProviderRepeatedDriftReturnsStale (0.15s)\n"}
2026-10-06T20:03:07.1632472Z {"Time":"2026-10-06T20:03:07.1614979Z","Action":"pass","Package":"github.com/snissn/gomap/TreeDB/caching","Test":"TestCompactStorageAudit_RealCachedProviderRepeatedDriftReturnsStale","Elapsed":0.15}
2026-10-06T20:03:07.1634226Z {"Time":"2026-10-06T20:03:07.1614979Z","Action":"run","Package":"github.com/snissn/gomap/TreeDB/caching","Test":"TestConditionalTxnStagedReadDoesNotExtendReadSet"}
2026-10-06T20:03:07.1635907Z {"Time":"2026-10-06T20:03:07.1614979Z","Action":"output","Package":"github.com/snissn/gomap/TreeDB/caching","Test":"TestConditionalTxnStagedReadDoesNotExtendReadSet","Output":"=== RUN   TestConditionalTxnStagedReadDoesNotExtendReadSet\n"}
2026-10-06T20:03:07.1790305Z {"Time":"2026-10-06T20:03:07.1702494Z","Action":"output","Package":"github.com/snissn/gomap/TreeDB/caching","Test":"TestConditionalTxnStagedReadDoesNotExtendReadSet","Output":"--- PASS: TestConditionalTxnStagedReadDoesNotExtendReadSet (0.01s)\n"}
2026-10-06T20:03:07.1794019Z {"Time":"2026-10-06T20:03:07.1702494Z","Action":"pass","Package":"github.com/snissn/gomap/TreeDB/caching","Test":"TestConditionalTxnStagedReadDoesNotExtendReadSet","Elapsed":0.01}
2026-10-06T20:03:07.1796728Z {"Time":"2026-10-06T20:03:07.1702494Z","Action":"run","Package":"github.com/snissn/gomap/TreeDB/caching","Test":"TestCOWBatchStorageAdmissionAndReset"}
2026-10-06T20:03:07.1799213Z {"Time":"2026-10-06T20:03:07.1702494Z","Action":"output","Package":"github.com/snissn/gomap/TreeDB/caching","Test":"TestCOWBatchStorageAdmissionAndReset","Output":"=== RUN   TestCOWBatchStorageAdmissionAndReset\n"}
2026-10-06T20:03:07.2557809Z {"Time":"2026-10-06T20:03:07.2402467Z","Action":"output","Package":"github.com/snissn/gomap/TreeDB/caching","Test":"TestCOWBatchStorageAdmissionAndReset","Output":"--- PASS: TestCOWBatchStorageAdmissionAndReset (0.07s)\n"}
2026-10-06T20:03:07.2559457Z {"Time":"2026-10-06T20:03:07.2402467Z","Action":"pass","Package":"github.com/snissn/gomap/TreeDB/caching","Test":"TestCOWBatchStorageAdmissionAndReset","Elapsed":0.07}
2026-10-06T20:03:07.2561113Z {"Time":"2026-10-06T20:03:07.2407813Z","Action":"run","Package":"github.com/snissn/gomap/TreeDB/caching","Test":"TestCOWBatchCanonicalPreparationPublishesFinalRevisions"}
2026-10-06T20:03:07.2563057Z {"Time":"2026-10-06T20:03:07.2407813Z","Action":"output","Package":"github.com/snissn/gomap/TreeDB/caching","Test":"TestCOWBatchCanonicalPreparationPublishesFinalRevisions","Output":"=== RUN   TestCOWBatchCanonicalPreparationPublishesFinalRevisions\n"}
2026-10-06T20:03:07.3204313Z {"Time":"2026-10-06T20:03:07.317996Z","Action":"output","Package":"github.com/snissn/gomap/TreeDB/caching","Test":"TestCOWBatchCanonicalPreparationPublishesFinalRevisions","Output":"--- PASS: TestCOWBatchCanonicalPreparationPublishesFinalRevisions (0.08s)\n"}
2026-10-06T20:03:07.3206296Z {"Time":"2026-10-06T20:03:07.3185325Z","Action":"pass","Package":"github.com/snissn/gomap/TreeDB/caching","Test":"TestCOWBatchCanonicalPreparationPublishesFinalRevisions","Elapsed":0.08}
2026-10-06T20:03:07.3207777Z {"Time":"2026-10-06T20:03:07.3185325Z","Action":"run","Package":"github.com/snissn/gomap/TreeDB/caching","Test":"TestCOWUnsupportedSurfacesRefuseBeforeEffects"}
2026-10-06T20:03:07.3209791Z {"Time":"2026-10-06T20:03:07.3185325Z","Action":"output","Package":"github.com/snissn/gomap/TreeDB/caching","Test":"TestCOWUnsupportedSurfacesRefuseBeforeEffects","Output":"=== RUN   TestCOWUnsupportedSurfacesRefuseBeforeEffects\n"}
2026-10-06T20:03:07.4108238Z {"Time":"2026-10-06T20:03:07.4001334Z","Action":"output","Package":"github.com/snissn/gomap/TreeDB/caching","Test":"TestCOWUnsupportedSurfacesRefuseBeforeEffects","Output":"--- PASS: TestCOWUnsupportedSurfacesRefuseBeforeEffects (0.08s)\n"}
2026-10-06T20:03:07.4110159Z {"Time":"2026-10-06T20:03:07.4001334Z","Action":"pass","Package":"github.com/snissn/gomap/TreeDB/caching","Test":"TestCOWUnsupportedSurfacesRefuseBeforeEffects","Elapsed":0.08}
2026-10-06T20:03:07.4112062Z {"Time":"2026-10-06T20:03:07.4001334Z","Action":"run","Package":"github.com/snissn/gomap/TreeDB/caching","Test":"TestCOWEmptyBasisIteratorNeedsNoReadWorkspace"}
2026-10-06T20:03:07.4113889Z {"Time":"2026-10-06T20:03:07.4001334Z","Action":"output","Package":"github.com/snissn/gomap/TreeDB/caching","Test":"TestCOWEmptyBasisIteratorNeedsNoReadWorkspace","Output":"=== RUN   TestCOWEmptyBasisIteratorNeedsNoReadWorkspace\n"}
2026-10-06T20:03:07.5041405Z {"Time":"2026-10-06T20:03:07.4996628Z","Action":"output","Package":"github.com/snissn/gomap/TreeDB/caching","Test":"TestCOWEmptyBasisIteratorNeedsNoReadWorkspace","Output":"--- PASS: TestCOWEmptyBasisIteratorNeedsNoReadWorkspace (0.10s)\n"}
2026-10-06T20:03:07.5043008Z {"Time":"2026-10-06T20:03:07.4996628Z","Action":"pass","Package":"github.com/snissn/gomap/TreeDB/caching","Test":"TestCOWEmptyBasisIteratorNeedsNoReadWorkspace","Elapsed":0.1}
2026-10-06T20:03:07.5044203Z {"Time":"2026-10-06T20:03:07.5001123Z","Action":"run","Package":"github.com/snissn/gomap/TreeDB/caching","Test":"TestCOWChangedSizeSingleAndDuplicateFinalRecord"}
2026-10-06T20:03:07.5045648Z {"Time":"2026-10-06T20:03:07.5001123Z","Action":"output","Package":"github.com/snissn/gomap/TreeDB/caching","Test":"TestCOWChangedSizeSingleAndDuplicateFinalRecord","Output":"=== RUN   TestCOWChangedSizeSingleAndDuplicateFinalRecord\n"}
2026-10-06T20:03:07.5975987Z {"Time":"2026-10-06T20:03:07.5907939Z","Action":"output","Package":"github.com/snissn/gomap/TreeDB/caching","Test":"TestCOWChangedSizeSingleAndDuplicateFinalRecord","Output":"--- PASS: TestCOWChangedSizeSingleAndDuplicateFinalRecord (0.09s)\n"}
2026-10-06T20:03:07.5977645Z {"Time":"2026-10-06T20:03:07.5907939Z","Action":"pass","Package":"github.com/snissn/gomap/TreeDB/caching","Test":"TestCOWChangedSizeSingleAndDuplicateFinalRecord","Elapsed":0.09}
2026-10-06T20:03:07.5979538Z {"Time":"2026-10-06T20:03:07.5907939Z","Action":"run","Package":"github.com/snissn/gomap/TreeDB/caching","Test":"TestCOWCutPrivatePrepareDoesNotBlockOrMixReaders"}
2026-10-06T20:03:07.5981982Z {"Time":"2026-10-06T20:03:07.5907939Z","Action":"output","Package":"github.com/snissn/gomap/TreeDB/caching","Test":"TestCOWCutPrivatePrepareDoesNotBlockOrMixReaders","Output":"=== RUN   TestCOWCutPrivatePrepareDoesNotBlockOrMixReaders\n"}
2026-10-06T20:03:07.6897411Z {"Time":"2026-10-06T20:03:07.6785781Z","Action":"output","Package":"github.com/snissn/gomap/TreeDB/caching","Test":"TestCOWCutPrivatePrepareDoesNotBlockOrMixReaders","Output":"--- PASS: TestCOWCutPrivatePrepareDoesNotBlockOrMixReaders (0.09s)\n"}
2026-10-06T20:03:07.6899635Z {"Time":"2026-10-06T20:03:07.6785781Z","Action":"pass","Package":"github.com/snissn/gomap/TreeDB/caching","Test":"TestCOWCutPrivatePrepareDoesNotBlockOrMixReaders","Elapsed":0.09}
2026-10-06T20:03:07.6901554Z {"Time":"2026-10-06T20:03:07.6785781Z","Action":"run","Package":"github.com/snissn/gomap/TreeDB/caching","Test":"TestCOWCutDBCloseExcludesAdmittedReadAndAllowsDelayedRelease"}
2026-10-06T20:03:07.6903587Z {"Time":"2026-10-06T20:03:07.6785781Z","Action":"output","Package":"github.com/snissn/gomap/TreeDB/caching","Test":"TestCOWCutDBCloseExcludesAdmittedReadAndAllowsDelayedRelease","Output":"=== RUN   TestCOWCutDBCloseExcludesAdmittedReadAndAllowsDelayedRelease\n"}
2026-10-06T20:03:07.7551807Z {"Time":"2026-10-06T20:03:07.7540428Z","Action":"output","Package":"github.com/snissn/gomap/TreeDB/caching","Test":"TestCOWCutDBCloseExcludesAdmittedReadAndAllowsDelayedRelease","Output":"--- PASS: TestCOWCutDBCloseExcludesAdmittedReadAndAllowsDelayedRelease (0.08s)\n"}
2026-10-06T20:03:07.7555217Z {"Time":"2026-10-06T20:03:07.7545841Z","Action":"pass","Package":"github.com/snissn/gomap/TreeDB/caching","Test":"TestCOWCutDBCloseExcludesAdmittedReadAndAllowsDelayedRelease","Elapsed":0.08}
2026-10-06T20:03:07.7557550Z {"Time":"2026-10-06T20:03:07.7545841Z","Action":"run","Package":"github.com/snissn/gomap/TreeDB/caching","Test":"TestCOWCursorDeniedWrapperDoesNotAllocate"}
2026-10-06T20:03:07.7560196Z {"Time":"2026-10-06T20:03:07.7545841Z","Action":"output","Package":"github.com/snissn/gomap/TreeDB/caching","Test":"TestCOWCursorDeniedWrapperDoesNotAllocate","Output":"=== RUN   TestCOWCursorDeniedWrapperDoesNotAllocate\n"}
2026-10-06T20:03:07.8447170Z {"Time":"2026-10-06T20:03:07.8359537Z","Action":"output","Package":"github.com/snissn/gomap/TreeDB/caching","Test":"TestCOWCursorDeniedWrapperDoesNotAllocate","Output":"--- PASS: TestCOWCursorDeniedWrapperDoesNotAllocate (0.08s)\n"}
2026-10-06T20:03:07.8448746Z {"Time":"2026-10-06T20:03:07.8359537Z","Action":"pass","Package":"github.com/snissn/gomap/TreeDB/caching","Test":"TestCOWCursorDeniedWrapperDoesNotAllocate","Elapsed":0.08}
2026-10-06T20:03:07.8449932Z {"Time":"2026-10-06T20:03:07.8363161Z","Action":"run","Package":"github.com/snissn/gomap/TreeDB/caching","Test":"TestCOWDrainPublishesActivePointersAndTombstones"}
2026-10-06T20:03:07.8451947Z {"Time":"2026-10-06T20:03:07.8363161Z","Action":"output","Package":"github.com/snissn/gomap/TreeDB/caching","Test":"TestCOWDrainPublishesActivePointersAndTombstones","Output":"=== RUN   TestCOWDrainPublishesActivePointersAndTombstones\n"}
2026-10-06T20:03:07.9534427Z {"Time":"2026-10-06T20:03:07.9423938Z","Action":"output","Package":"github.com/snissn/gomap/TreeDB/caching","Test":"TestCOWDrainPublishesActivePointersAndTombstones","Output":"--- PASS: TestCOWDrainPublishesActivePointersAndTombstones (0.11s)\n"}
2026-10-06T20:03:07.9536533Z {"Time":"2026-10-06T20:03:07.9423938Z","Action":"pass","Package":"github.com/snissn/gomap/TreeDB/caching","Test":"TestCOWDrainPublishesActivePointersAndTombstones","Elapsed":0.11}
2026-10-06T20:03:07.9537903Z {"Time":"2026-10-06T20:03:07.9423938Z","Action":"run","Package":"github.com/snissn/gomap/TreeDB/caching","Test":"TestCOWOrdinaryOverwriteAutomaticallyRollsBoundedGenerations"}
2026-10-06T20:03:07.9539650Z {"Time":"2026-10-06T20:03:07.9423938Z","Action":"output","Package":"github.com/snissn/gomap/TreeDB/caching","Test":"TestCOWOrdinaryOverwriteAutomaticallyRollsBoundedGenerations","Output":"=== RUN   TestCOWOrdinaryOverwriteAutomaticallyRollsBoundedGenerations\n"}
2026-10-06T20:03:08.2521212Z {"Time":"2026-10-06T20:03:08.2488131Z","Action":"output","Package":"github.com/snissn/gomap/TreeDB/caching","Test":"TestCOWOrdinaryOverwriteAutomaticallyRollsBoundedGenerations","Output":"--- PASS: TestCOWOrdinaryOverwriteAutomaticallyRollsBoundedGenerations (0.31s)\n"}
2026-10-06T20:03:08.2523716Z {"Time":"2026-10-06T20:03:08.2488131Z","Action":"pass","Package":"github.com/snissn/gomap/TreeDB/caching","Test":"TestCOWOrdinaryOverwriteAutomaticallyRollsBoundedGenerations","Elapsed":0.31}
2026-10-06T20:03:08.2525012Z {"Time":"2026-10-06T20:03:08.2488131Z","Action":"run","Package":"github.com/snissn/gomap/TreeDB/caching","Test":"TestCOWMaintenanceAcceptedRefreshPressureLifetime"}
2026-10-06T20:03:08.2526464Z {"Time":"2026-10-06T20:03:08.2488131Z","Action":"output","Package":"github.com/snissn/gomap/TreeDB/caching","Test":"TestCOWMaintenanceAcceptedRefreshPressureLifetime","Output":"=== RUN   TestCOWMaintenanceAcceptedRefreshPressureLifetime\n"}
2026-10-06T20:03:08.2528339Z {"Time":"2026-10-06T20:03:08.2488131Z","Action":"run","Package":"github.com/snissn/gomap/TreeDB/caching","Test":"TestCOWMaintenanceAcceptedRefreshPressureLifetime/central-maintenance/unsupported-native-vacuum"}
2026-10-06T20:03:08.2530412Z {"Time":"2026-10-06T20:03:08.2488131Z","Action":"output","Package":"github.com/snissn/gomap/TreeDB/caching","Test":"TestCOWMaintenanceAcceptedRefreshPressureLifetime/central-maintenance/unsupported-native-vacuum","Output":"=== RUN   TestCOWMaintenanceAcceptedRefreshPressureLifetime/central-maintenance/unsupported-native-vacuum\n"}
2026-10-06T20:03:08.3751653Z {"Time":"2026-10-06T20:03:08.3699889Z","Action":"output","Package":"github.com/snissn/gomap/TreeDB/caching","Test":"TestCOWMaintenanceAcceptedRefreshPressureLifetime/central-maintenance/unsupported-native-vacuum","Output":"--- PASS: TestCOWMaintenanceAcceptedRefreshPressureLifetime/central-maintenance/unsupported-native-vacuum (0.12s)\n"}
2026-10-06T20:03:08.3754647Z {"Time":"2026-10-06T20:03:08.3699889Z","Action":"pass","Package":"github.com/snissn/gomap/TreeDB/caching","Test":"TestCOWMaintenanceAcceptedRefreshPressureLifetime/central-maintenance/unsupported-native-vacuum","Elapsed":0.12}
2026-10-06T20:03:08.3756293Z {"Time":"2026-10-06T20:03:08.3699889Z","Action":"run","Package":"github.com/snissn/gomap/TreeDB/caching","Test":"TestCOWMaintenanceAcceptedRefreshPressureLifetime/checkpoint-vacuum/unsupported-native-vacuum"}
2026-10-06T20:03:08.3758575Z {"Time":"2026-10-06T20:03:08.3704657Z","Action":"output","Package":"github.com/snissn/gomap/TreeDB/caching","Test":"TestCOWMaintenanceAcceptedRefreshPressureLifetime/checkpoint-vacuum/unsupported-native-vacuum","Output":"=== RUN   TestCOWMaintenanceAcceptedRefreshPressureLifetime/checkpoint-vacuum/unsupported-native-vacuum\n"}
2026-10-06T20:03:08.5150055Z {"Time":"2026-10-06T20:03:08.5031905Z","Action":"output","Package":"github.com/snissn/gomap/TreeDB/caching","Test":"TestCOWMaintenanceAcceptedRefreshPressureLifetime/checkpoint-vacuum/unsupported-native-vacuum","Output":"--- PASS: TestCOWMaintenanceAcceptedRefreshPressureLifetime/checkpoint-vacuum/unsupported-native-vacuum (0.13s)\n"}
2026-10-06T20:03:08.5152650Z {"Time":"2026-10-06T20:03:08.5041377Z","Action":"pass","Package":"github.com/snissn/gomap/TreeDB/caching","Test":"TestCOWMaintenanceAcceptedRefreshPressureLifetime/checkpoint-vacuum/unsupported-native-vacuum","Elapsed":0.13}
2026-10-06T20:03:08.5154338Z {"Time":"2026-10-06T20:03:08.5041377Z","Action":"run","Package":"github.com/snissn/gomap/TreeDB/caching","Test":"TestCOWMaintenanceAcceptedRefreshPressureLifetime/central-index-compaction/capture"}
2026-10-06T20:03:08.5156862Z {"Time":"2026-10-06T20:03:08.5041377Z","Action":"output","Package":"github.com/snissn/gomap/TreeDB/caching","Test":"TestCOWMaintenanceAcceptedRefreshPressureLifetime/central-index-compaction/capture","Output":"=== RUN   TestCOWMaintenanceAcceptedRefreshPressureLifetime/central-index-compaction/capture\n"}
2026-10-06T20:03:08.6413745Z {"Time":"2026-10-06T20:03:08.6398588Z","Action":"output","Package":"github.com/snissn/gomap/TreeDB/caching","Test":"TestCOWMaintenanceAcceptedRefreshPressureLifetime/central-index-compaction/capture","Output":"    cow_maintenance_lifetime_test.go:312: real accepted maintenance1; capture refusal then retry; captures3 oldRevision1\n"}
2026-10-06T20:03:08.6691257Z {"Time":"2026-10-06T20:03:08.6626441Z","Action":"output","Package":"github.com/snissn/gomap/TreeDB/caching","Test":"TestCOWMaintenanceAcceptedRefreshPressureLifetime/central-index-compaction/capture","Output":"--- PASS: TestCOWMaintenanceAcceptedRefreshPressureLifetime/central-index-compaction/capture (0.16s)\n"}
2026-10-06T20:03:08.6694259Z {"Time":"2026-10-06T20:03:08.6626441Z","Action":"pass","Package":"github.com/snissn/gomap/TreeDB/caching","Test":"TestCOWMaintenanceAcceptedRefreshPressureLifetime/central-index-compaction/capture","Elapsed":0.16}
2026-10-06T20:03:08.6695790Z {"Time":"2026-10-06T20:03:08.6626441Z","Action":"run","Package":"github.com/snissn/gomap/TreeDB/caching","Test":"TestCOWMaintenanceAcceptedRefreshPressureLifetime/central-index-compaction/install"}
2026-10-06T20:03:08.6697666Z {"Time":"2026-10-06T20:03:08.6626441Z","Action":"output","Package":"github.com/snissn/gomap/TreeDB/caching","Test":"TestCOWMaintenanceAcceptedRefreshPressureLifetime/central-index-compaction/install","Output":"=== RUN   TestCOWMaintenanceAcceptedRefreshPressureLifetime/central-index-compaction/install\n"}
2026-10-06T20:03:08.7921669Z {"Time":"2026-10-06T20:03:08.7912101Z","Action":"output","Package":"github.com/snissn/gomap/TreeDB/caching","Test":"TestCOWMaintenanceAcceptedRefreshPressureLifetime/central-index-compaction/install","Output":"    cow_maintenance_lifetime_test.go:312: real accepted maintenance1; install refusal then retry; captures4 oldRevision1\n"}
2026-10-06T20:03:08.8231139Z {"Time":"2026-10-06T20:03:08.8137219Z","Action":"output","Package":"github.com/snissn/gomap/TreeDB/caching","Test":"TestCOWMaintenanceAcceptedRefreshPressureLifetime/central-index-compaction/install","Output":"--- PASS: TestCOWMaintenanceAcceptedRefreshPressureLifetime/central-index-compaction/install (0.15s)\n"}
2026-10-06T20:03:08.8233884Z {"Time":"2026-10-06T20:03:08.8137219Z","Action":"pass","Package":"github.com/snissn/gomap/TreeDB/caching","Test":"TestCOWMaintenanceAcceptedRefreshPressureLifetime/central-index-compaction/install","Elapsed":0.15}
2026-10-06T20:03:08.8236169Z {"Time":"2026-10-06T20:03:08.8137219Z","Action":"output","Package":"github.com/snissn/gomap/TreeDB/caching","Test":"TestCOWMaintenanceAcceptedRefreshPressureLifetime","Output":"--- PASS: TestCOWMaintenanceAcceptedRefreshPressureLifetime (0.56s)\n"}
2026-10-06T20:03:08.8238116Z {"Time":"2026-10-06T20:03:08.8137219Z","Action":"pass","Package":"github.com/snissn/gomap/TreeDB/caching","Test":"TestCOWMaintenanceAcceptedRefreshPressureLifetime","Elapsed":0.56}
2026-10-06T20:03:08.8239422Z {"Time":"2026-10-06T20:03:08.8137219Z","Action":"run","Package":"github.com/snissn/gomap/TreeDB/caching","Test":"TestCOWPointerCheckpointCapturedBasisAndTombstones"}
2026-10-06T20:03:08.8240992Z {"Time":"2026-10-06T20:03:08.8137219Z","Action":"output","Package":"github.com/snissn/gomap/TreeDB/caching","Test":"TestCOWPointerCheckpointCapturedBasisAndTombstones","Output":"=== RUN   TestCOWPointerCheckpointCapturedBasisAndTombstones\n"}
2026-10-06T20:03:08.9312709Z {"Time":"2026-10-06T20:03:08.9153022Z","Action":"output","Package":"github.com/snissn/gomap/TreeDB/caching","Test":"TestCOWPointerCheckpointCapturedBasisAndTombstones","Output":"--- PASS: TestCOWPointerCheckpointCapturedBasisAndTombstones (0.10s)\n"}
2026-10-06T20:03:08.9314742Z {"Time":"2026-10-06T20:03:08.9153022Z","Action":"pass","Package":"github.com/snissn/gomap/TreeDB/caching","Test":"TestCOWPointerCheckpointCapturedBasisAndTombstones","Elapsed":0.1}
2026-10-06T20:03:08.9317548Z {"Time":"2026-10-06T20:03:08.9153022Z","Action":"run","Package":"github.com/snissn/gomap/TreeDB/caching","Test":"TestCOWMaintenanceOwnsFlushFenceAndWaitingWriterProgress"}
2026-10-06T20:03:08.9319488Z {"Time":"2026-10-06T20:03:08.9153022Z","Action":"output","Package":"github.com/snissn/gomap/TreeDB/caching","Test":"TestCOWMaintenanceOwnsFlushFenceAndWaitingWriterProgress","Output":"=== RUN   TestCOWMaintenanceOwnsFlushFenceAndWaitingWriterProgress\n"}
2026-10-06T20:03:09.0540588Z {"Time":"2026-10-06T20:03:09.0510091Z","Action":"output","Package":"github.com/snissn/gomap/TreeDB/caching","Test":"TestCOWMaintenanceOwnsFlushFenceAndWaitingWriterProgress","Output":"--- PASS: TestCOWMaintenanceOwnsFlushFenceAndWaitingWriterProgress (0.14s)\n"}
2026-10-06T20:03:09.0542627Z {"Time":"2026-10-06T20:03:09.0510091Z","Action":"pass","Package":"github.com/snissn/gomap/TreeDB/caching","Test":"TestCOWMaintenanceOwnsFlushFenceAndWaitingWriterProgress","Elapsed":0.14}
2026-10-06T20:03:09.0544411Z {"Time":"2026-10-06T20:03:09.0510091Z","Action":"run","Package":"github.com/snissn/gomap/TreeDB/caching","Test":"TestCOWReadWorkspaceMetadataAdmissionRefusalAndDrain"}
2026-10-06T20:03:09.0546135Z {"Time":"2026-10-06T20:03:09.0510091Z","Action":"output","Package":"github.com/snissn/gomap/TreeDB/caching","Test":"TestCOWReadWorkspaceMetadataAdmissionRefusalAndDrain","Output":"=== RUN   TestCOWReadWorkspaceMetadataAdmissionRefusalAndDrain\n"}
2026-10-06T20:03:09.1624832Z {"Time":"2026-10-06T20:03:09.1556216Z","Action":"output","Package":"github.com/snissn/gomap/TreeDB/caching","Test":"TestCOWReadWorkspaceMetadataAdmissionRefusalAndDrain","Output":"--- PASS: TestCOWReadWorkspaceMetadataAdmissionRefusalAndDrain (0.10s)\n"}
2026-10-06T20:03:09.1628269Z {"Time":"2026-10-06T20:03:09.1556216Z","Action":"pass","Package":"github.com/snissn/gomap/TreeDB/caching","Test":"TestCOWReadWorkspaceMetadataAdmissionRefusalAndDrain","Elapsed":0.1}
2026-10-06T20:03:09.1630461Z {"Time":"2026-10-06T20:03:09.1559944Z","Action":"run","Package":"github.com/snissn/gomap/TreeDB/caching","Test":"TestCOWReadAdapterCursorOwnsOldRoot"}
2026-10-06T20:03:09.1632864Z {"Time":"2026-10-06T20:03:09.1559944Z","Action":"output","Package":"github.com/snissn/gomap/TreeDB/caching","Test":"TestCOWReadAdapterCursorOwnsOldRoot","Output":"=== RUN   TestCOWReadAdapterCursorOwnsOldRoot\n"}
2026-10-06T20:03:09.1635876Z {"Time":"2026-10-06T20:03:09.1559944Z","Action":"output","Package":"github.com/snissn/gomap/TreeDB/caching","Test":"TestCOWReadAdapterCursorOwnsOldRoot","Output":"--- PASS: TestCOWReadAdapterCursorOwnsOldRoot (0.00s)\n"}
2026-10-06T20:03:09.1638425Z {"Time":"2026-10-06T20:03:09.1559944Z","Action":"pass","Package":"github.com/snissn/gomap/TreeDB/caching","Test":"TestCOWReadAdapterCursorOwnsOldRoot","Elapsed":0}
2026-10-06T20:03:09.1640536Z {"Time":"2026-10-06T20:03:09.1559944Z","Action":"run","Package":"github.com/snissn/gomap/TreeDB/caching","Test":"TestValuePtrHasNoPointerFieldsForNoClearPool"}
2026-10-06T20:03:09.1643115Z {"Time":"2026-10-06T20:03:09.1559944Z","Action":"output","Package":"github.com/snissn/gomap/TreeDB/caching","Test":"TestValuePtrHasNoPointerFieldsForNoClearPool","Output":"=== RUN   TestValuePtrHasNoPointerFieldsForNoClearPool\n"}
2026-10-06T20:03:09.1646307Z {"Time":"2026-10-06T20:03:09.1559944Z","Action":"output","Package":"github.com/snissn/gomap/TreeDB/caching","Test":"TestValuePtrHasNoPointerFieldsForNoClearPool","Output":"--- PASS: TestValuePtrHasNoPointerFieldsForNoClearPool (0.00s)\n"}
2026-10-06T20:03:09.1649381Z {"Time":"2026-10-06T20:03:09.1559944Z","Action":"pass","Package":"github.com/snissn/gomap/TreeDB/caching","Test":"TestValuePtrHasNoPointerFieldsForNoClearPool","Elapsed":0}
2026-10-06T20:03:09.1651307Z {"Time":"2026-10-06T20:03:09.1559944Z","Action":"run","Package":"github.com/snissn/gomap/TreeDB/caching","Test":"TestOpenSeedsRIDFromTailValueLogSegments"}
2026-10-06T20:03:09.1652673Z {"Time":"2026-10-06T20:03:09.1559944Z","Action":"output","Package":"github.com/snissn/gomap/TreeDB/caching","Test":"TestOpenSeedsRIDFromTailValueLogSegments","Output":"=== RUN   TestOpenSeedsRIDFromTailValueLogSegments\n"}
2026-10-06T20:03:09.1654300Z {"Time":"2026-10-06T20:03:09.1637625Z","Action":"output","Package":"github.com/snissn/gomap/TreeDB/caching","Test":"TestOpenSeedsRIDFromTailValueLogSegments","Output":"--- PASS: TestOpenSeedsRIDFromTailValueLogSegments (0.01s)\n"}
2026-10-06T20:03:09.1656588Z {"Time":"2026-10-06T20:03:09.1637625Z","Action":"pass","Package":"github.com/snissn/gomap/TreeDB/caching","Test":"TestOpenSeedsRIDFromTailValueLogSegments","Elapsed":0.01}
2026-10-06T20:03:09.1657983Z {"Time":"2026-10-06T20:03:09.1643285Z","Action":"run","Package":"github.com/snissn/gomap/TreeDB/caching","Test":"TestWrapForegroundIterator_AvoidsDoubleWrapAndCloseIsIdempotent"}
2026-10-06T20:03:09.1659620Z {"Time":"2026-10-06T20:03:09.1643285Z","Action":"output","Package":"github.com/snissn/gomap/TreeDB/caching","Test":"TestWrapForegroundIterator_AvoidsDoubleWrapAndCloseIsIdempotent","Output":"=== RUN   TestWrapForegroundIterator_AvoidsDoubleWrapAndCloseIsIdempotent\n"}
2026-10-06T20:03:09.1662349Z {"Time":"2026-10-06T20:03:09.1643285Z","Action":"output","Package":"github.com/snissn/gomap/TreeDB/caching","Test":"TestWrapForegroundIterator_AvoidsDoubleWrapAndCloseIsIdempotent","Output":"--- PASS: TestWrapForegroundIterator_AvoidsDoubleWrapAndCloseIsIdempotent (0.00s)\n"}
2026-10-06T20:03:09.1664060Z {"Time":"2026-10-06T20:03:09.1643285Z","Action":"pass","Package":"github.com/snissn/gomap/TreeDB/caching","Test":"TestWrapForegroundIterator_AvoidsDoubleWrapAndCloseIsIdempotent","Elapsed":0}
2026-10-06T20:03:09.1665349Z {"Time":"2026-10-06T20:03:09.1643285Z","Action":"run","Package":"github.com/snissn/gomap/TreeDB/caching","Test":"TestForegroundVlogMaintenanceQuietFor_IgnoresReadTraffic"}
2026-10-06T20:03:09.1667542Z {"Time":"2026-10-06T20:03:09.1643285Z","Action":"output","Package":"github.com/snissn/gomap/TreeDB/caching","Test":"TestForegroundVlogMaintenanceQuietFor_IgnoresReadTraffic","Output":"=== RUN   TestForegroundVlogMaintenanceQuietFor_IgnoresReadTraffic\n"}
2026-10-06T20:03:09.1669583Z {"Time":"2026-10-06T20:03:09.1643285Z","Action":"output","Package":"github.com/snissn/gomap/TreeDB/caching","Test":"TestForegroundVlogMaintenanceQuietFor_IgnoresReadTraffic","Output":"--- PASS: TestForegroundVlogMaintenanceQuietFor_IgnoresReadTraffic (0.00s)\n"}
2026-10-06T20:03:09.1671192Z {"Time":"2026-10-06T20:03:09.1643285Z","Action":"pass","Package":"github.com/snissn/gomap/TreeDB/caching","Test":"TestForegroundVlogMaintenanceQuietFor_IgnoresReadTraffic","Elapsed":0}
2026-10-06T20:03:09.1673309Z {"Time":"2026-10-06T20:03:09.1643285Z","Action":"run","Package":"github.com/snissn/gomap/TreeDB/caching","Test":"TestForegroundVlogMaintenanceResumedSince_FirstWriteAfterZeroBaseline"}
2026-10-06T20:03:09.1675019Z {"Time":"2026-10-06T20:03:09.1643285Z","Action":"output","Package":"github.com/snissn/gomap/TreeDB/caching","Test":"TestForegroundVlogMaintenanceResumedSince_FirstWriteAfterZeroBaseline","Output":"=== RUN   TestForegroundVlogMaintenanceResumedSince_FirstWriteAfterZeroBaseline\n"}
2026-10-06T20:03:09.1677504Z {"Time":"2026-10-06T20:03:09.1646857Z","Action":"output","Package":"github.com/snissn/gomap/TreeDB/caching","Test":"TestForegroundVlogMaintenanceResumedSince_FirstWriteAfterZeroBaseline","Output":"--- PASS: TestForegroundVlogMaintenanceResumedSince_FirstWriteAfterZeroBaseline (0.00s)\n"}
2026-10-06T20:03:09.1679446Z {"Time":"2026-10-06T20:03:09.1646857Z","Action":"pass","Package":"github.com/snissn/gomap/TreeDB/caching","Test":"TestForegroundVlogMaintenanceResumedSince_FirstWriteAfterZeroBaseline","Elapsed":0}
2026-10-06T20:03:09.1680678Z {"Time":"2026-10-06T20:03:09.1646857Z","Action":"run","Package":"github.com/snissn/gomap/TreeDB/caching","Test":"TestCachingDB_FlushSyncsWhenWALDisabled"}
2026-10-06T20:03:09.1681995Z {"Time":"2026-10-06T20:03:09.1646857Z","Action":"output","Package":"github.com/snissn/gomap/TreeDB/caching","Test":"TestCachingDB_FlushSyncsWhenWALDisabled","Output":"=== RUN   TestCachingDB_FlushSyncsWhenWALDisabled\n"}
2026-10-06T20:03:09.1780834Z {"Time":"2026-10-06T20:03:09.1721126Z","Action":"output","Package":"github.com/snissn/gomap/TreeDB/caching","Test":"TestCachingDB_FlushSyncsWhenWALDisabled","Output":"--- PASS: TestCachingDB_FlushSyncsWhenWALDisabled (0.01s)\n"}
2026-10-06T20:03:09.1782590Z {"Time":"2026-10-06T20:03:09.1721126Z","Action":"pass","Package":"github.com/snissn/gomap/TreeDB/caching","Test":"TestCachingDB_FlushSyncsWhenWALDisabled","Elapsed":0.01}
2026-10-06T20:03:09.1784195Z {"Time":"2026-10-06T20:03:09.1721126Z","Action":"run","Package":"github.com/snissn/gomap/TreeDB/caching","Test":"TestCachingDB_FlushAllCombinesMemtables"}
2026-10-06T20:03:09.1785630Z {"Time":"2026-10-06T20:03:09.1721126Z","Action":"output","Package":"github.com/snissn/gomap/TreeDB/caching","Test":"TestCachingDB_FlushAllCombinesMemtables","Output":"=== RUN   TestCachingDB_FlushAllCombinesMemtables\n"}
2026-10-06T20:03:09.2572221Z {"Time":"2026-10-06T20:03:09.2550411Z","Action":"output","Package":"github.com/snissn/gomap/TreeDB/caching","Test":"TestCachingDB_FlushAllCombinesMemtables","Output":"--- PASS: TestCachingDB_FlushAllCombinesMemtables (0.08s)\n"}
2026-10-06T20:03:09.2574950Z {"Time":"2026-10-06T20:03:09.2550411Z","Action":"pass","Package":"github.com/snissn/gomap/TreeDB/caching","Test":"TestCachingDB_FlushAllCombinesMemtables","Elapsed":0.08}
2026-10-06T20:03:09.2577284Z {"Time":"2026-10-06T20:03:09.2557237Z","Action":"run","Package":"github.com/snissn/gomap/TreeDB/caching","Test":"TestPrepareBypassValueLogOps_RewritesLargeValuesToPointers"}
2026-10-06T20:03:09.2580243Z {"Time":"2026-10-06T20:03:09.2557237Z","Action":"output","Package":"github.com/snissn/gomap/TreeDB/caching","Test":"TestPrepareBypassValueLogOps_RewritesLargeValuesToPointers","Output":"=== RUN   TestPrepareBypassValueLogOps_RewritesLargeValuesToPointers\n"}
2026-10-06T20:03:09.2722965Z {"Time":"2026-10-06T20:03:09.2601146Z","Action":"output","Package":"github.com/snissn/gomap/TreeDB/caching","Test":"TestPrepareBypassValueLogOps_RewritesLargeValuesToPointers","Output":"--- PASS: TestPrepareBypassValueLogOps_RewritesLargeValuesToPointers (0.00s)\n"}
2026-10-06T20:03:09.2725971Z {"Time":"2026-10-06T20:03:09.2601146Z","Action":"pass","Package":"github.com/snissn/gomap/TreeDB/caching","Test":"TestPrepareBypassValueLogOps_RewritesLargeValuesToPointers","Elapsed":0}
2026-10-06T20:03:09.2727486Z {"Time":"2026-10-06T20:03:09.2606573Z","Action":"run","Package":"github.com/snissn/gomap/TreeDB/caching","Test":"TestRotateValueLogMuHeld_RestoresUsableWriterAfterRegisterFailure"}
2026-10-06T20:03:09.2729375Z {"Time":"2026-10-06T20:03:09.2606573Z","Action":"output","Package":"github.com/snissn/gomap/TreeDB/caching","Test":"TestRotateValueLogMuHeld_RestoresUsableWriterAfterRegisterFailure","Output":"=== RUN   TestRotateValueLogMuHeld_RestoresUsableWriterAfterRegisterFailure\n"}
2026-10-06T20:03:09.2731712Z {"Time":"2026-10-06T20:03:09.2669352Z","Action":"output","Package":"github.com/snissn/gomap/TreeDB/caching","Test":"TestRotateValueLogMuHeld_RestoresUsableWriterAfterRegisterFailure","Output":"--- PASS: TestRotateValueLogMuHeld_RestoresUsableWriterAfterRegisterFailure (0.01s)\n"}
2026-10-06T20:03:09.2733678Z {"Time":"2026-10-06T20:03:09.2669352Z","Action":"pass","Package":"github.com/snissn/gomap/TreeDB/caching","Test":"TestRotateValueLogMuHeld_RestoresUsableWriterAfterRegisterFailure","Elapsed":0.01}
2026-10-06T20:03:09.2735071Z {"Time":"2026-10-06T20:03:09.2669352Z","Action":"run","Package":"github.com/snissn/gomap/TreeDB/caching","Test":"TestCheckpoint_AutomaticSkipsSparseVacuum"}
2026-10-06T20:03:09.2736561Z {"Time":"2026-10-06T20:03:09.2669352Z","Action":"output","Package":"github.com/snissn/gomap/TreeDB/caching","Test":"TestCheckpoint_AutomaticSkipsSparseVacuum","Output":"=== RUN   TestCheckpoint_AutomaticSkipsSparseVacuum\n"}
2026-10-06T20:03:09.2738169Z {"Time":"2026-10-06T20:03:09.2669352Z","Action":"output","Package":"github.com/snissn/gomap/TreeDB/caching","Test":"TestCheckpoint_AutomaticSkipsSparseVacuum","Output":"--- PASS: TestCheckpoint_AutomaticSkipsSparseVacuum (0.00s)\n"}
2026-10-06T20:03:09.2739541Z {"Time":"2026-10-06T20:03:09.2669352Z","Action":"pass","Package":"github.com/snissn/gomap/TreeDB/caching","Test":"TestCheckpoint_AutomaticSkipsSparseVacuum","Elapsed":0}
2026-10-06T20:03:09.2740952Z {"Time":"2026-10-06T20:03:09.2676916Z","Action":"run","Package":"github.com/snissn/gomap/TreeDB/caching","Test":"TestCachingDB_DeleteRange_DisableWAL_CoversInMemoryDeletesBackend"}
2026-10-06T20:03:09.2743895Z {"Time":"2026-10-06T20:03:09.2676916Z","Action":"output","Package":"github.com/snissn/gomap/TreeDB/caching","Test":"TestCachingDB_DeleteRange_DisableWAL_CoversInMemoryDeletesBackend","Output":"=== RUN   TestCachingDB_DeleteRange_DisableWAL_CoversInMemoryDeletesBackend\n"}
2026-10-06T20:03:09.2745886Z {"Time":"2026-10-06T20:03:09.2709566Z","Action":"output","Package":"github.com/snissn/gomap/TreeDB/caching","Test":"TestCachingDB_DeleteRange_DisableWAL_CoversInMemoryDeletesBackend","Output":"--- PASS: TestCachingDB_DeleteRange_DisableWAL_CoversInMemoryDeletesBackend (0.00s)\n"}
2026-10-06T20:03:09.2747517Z {"Time":"2026-10-06T20:03:09.2709566Z","Action":"pass","Package":"github.com/snissn/gomap/TreeDB/caching","Test":"TestCachingDB_DeleteRange_DisableWAL_CoversInMemoryDeletesBackend","Elapsed":0}
2026-10-06T20:03:09.2748761Z {"Time":"2026-10-06T20:03:09.2714485Z","Action":"run","Package":"github.com/snissn/gomap/TreeDB/caching","Test":"TestCachingDB_IteratorIncludesBackendAfterStreamingBatch"}
2026-10-06T20:03:09.2750269Z {"Time":"2026-10-06T20:03:09.2714485Z","Action":"output","Package":"github.com/snissn/gomap/TreeDB/caching","Test":"TestCachingDB_IteratorIncludesBackendAfterStreamingBatch","Output":"=== RUN   TestCachingDB_IteratorIncludesBackendAfterStreamingBatch\n"}
2026-10-06T20:03:09.3024493Z {"Time":"2026-10-06T20:03:09.2964904Z","Action":"output","Package":"github.com/snissn/gomap/TreeDB/caching","Test":"TestCachingDB_IteratorIncludesBackendAfterStreamingBatch","Output":"--- PASS: TestCachingDB_IteratorIncludesBackendAfterStreamingBatch (0.03s)\n"}
2026-10-06T20:03:09.3026200Z {"Time":"2026-10-06T20:03:09.2964904Z","Action":"pass","Package":"github.com/snissn/gomap/TreeDB/caching","Test":"TestCachingDB_IteratorIncludesBackendAfterStreamingBatch","Elapsed":0.03}
2026-10-06T20:03:09.3027876Z {"Time":"2026-10-06T20:03:09.2964904Z","Action":"run","Package":"github.com/snissn/gomap/TreeDB/caching","Test":"TestCachingDB_SetDoesNotBlockOnWriteMuRLock"}
2026-10-06T20:03:09.3029239Z {"Time":"2026-10-06T20:03:09.2964904Z","Action":"output","Package":"github.com/snissn/gomap/TreeDB/caching","Test":"TestCachingDB_SetDoesNotBlockOnWriteMuRLock","Output":"=== RUN   TestCachingDB_SetDoesNotBlockOnWriteMuRLock\n"}
2026-10-06T20:03:09.3330444Z {"Time":"2026-10-06T20:03:09.3181124Z","Action":"output","Package":"github.com/snissn/gomap/TreeDB/caching","Test":"TestCachingDB_SetDoesNotBlockOnWriteMuRLock","Output":"--- PASS: TestCachingDB_SetDoesNotBlockOnWriteMuRLock (0.02s)\n"}
2026-10-06T20:03:09.3332287Z {"Time":"2026-10-06T20:03:09.3181124Z","Action":"pass","Package":"github.com/snissn/gomap/TreeDB/caching","Test":"TestCachingDB_SetDoesNotBlockOnWriteMuRLock","Elapsed":0.02}
2026-10-06T20:03:09.3333696Z {"Time":"2026-10-06T20:03:09.3181124Z","Action":"run","Package":"github.com/snissn/gomap/TreeDB/caching","Test":"TestCachingDB_CloseDeferredValueLogDoesNotFail"}
2026-10-06T20:03:09.3335762Z {"Time":"2026-10-06T20:03:09.3181124Z","Action":"output","Package":"github.com/snissn/gomap/TreeDB/caching","Test":"TestCachingDB_CloseDeferredValueLogDoesNotFail","Output":"=== RUN   TestCachingDB_CloseDeferredValueLogDoesNotFail\n"}
2026-10-06T20:03:09.4267679Z {"Time":"2026-10-06T20:03:09.4129601Z","Action":"output","Package":"github.com/snissn/gomap/TreeDB/caching","Test":"TestCachingDB_CloseDeferredValueLogDoesNotFail","Output":"--- PASS: TestCachingDB_CloseDeferredValueLogDoesNotFail (0.09s)\n"}
2026-10-06T20:03:09.4270753Z {"Time":"2026-10-06T20:03:09.4129601Z","Action":"pass","Package":"github.com/snissn/gomap/TreeDB/caching","Test":"TestCachingDB_CloseDeferredValueLogDoesNotFail","Elapsed":0.09}
2026-10-06T20:03:09.4272364Z {"Time":"2026-10-06T20:03:09.4129601Z","Action":"run","Package":"github.com/snissn/gomap/TreeDB/caching","Test":"TestCachingDB_PrunesRetainedValueLog"}
2026-10-06T20:03:09.4273953Z {"Time":"2026-10-06T20:03:09.4129601Z","Action":"output","Package":"github.com/snissn/gomap/TreeDB/caching","Test":"TestCachingDB_PrunesRetainedValueLog","Output":"=== RUN   TestCachingDB_PrunesRetainedValueLog\n"}
2026-10-06T20:03:09.5983208Z {"Time":"2026-10-06T20:03:09.5899687Z","Action":"output","Package":"github.com/snissn/gomap/TreeDB/caching","Test":"TestCachingDB_PrunesRetainedValueLog","Output":"--- PASS: TestCachingDB_PrunesRetainedValueLog (0.18s)\n"}
2026-10-06T20:03:09.5984719Z {"Time":"2026-10-06T20:03:09.5899687Z","Action":"pass","Package":"github.com/snissn/gomap/TreeDB/caching","Test":"TestCachingDB_PrunesRetainedValueLog","Elapsed":0.18}
2026-10-06T20:03:09.5985856Z {"Time":"2026-10-06T20:03:09.5899687Z","Action":"run","Package":"github.com/snissn/gomap/TreeDB/caching","Test":"TestRetainedValueLogPruneDiagnostics_NoCandidates"}
2026-10-06T20:03:09.5987286Z {"Time":"2026-10-06T20:03:09.5899687Z","Action":"output","Package":"github.com/snissn/gomap/TreeDB/caching","Test":"TestRetainedValueLogPruneDiagnostics_NoCandidates","Output":"=== RUN   TestRetainedValueLogPruneDiagnostics_NoCandidates\n"}
2026-10-06T20:03:09.5989723Z {"Time":"2026-10-06T20:03:09.5943582Z","Action":"output","Package":"github.com/snissn/gomap/TreeDB/caching","Test":"TestRetainedValueLogPruneDiagnostics_NoCandidates","Output":"--- PASS: TestRetainedValueLogPruneDiagnostics_NoCandidates (0.00s)\n"}
2026-10-06T20:03:09.5992811Z {"Time":"2026-10-06T20:03:09.5943582Z","Action":"pass","Package":"github.com/snissn/gomap/TreeDB/caching","Test":"TestRetainedValueLogPruneDiagnostics_NoCandidates","Elapsed":0}
2026-10-06T20:03:09.5995123Z {"Time":"2026-10-06T20:03:09.5943582Z","Action":"run","Package":"github.com/snissn/gomap/TreeDB/caching","Test":"TestRetainedValueLogPruneDiagnostics_ForegroundAbort"}
2026-10-06T20:03:09.5997937Z {"Time":"2026-10-06T20:03:09.5943582Z","Action":"output","Package":"github.com/snissn/gomap/TreeDB/caching","Test":"TestRetainedValueLogPruneDiagnostics_ForegroundAbort","Output":"=== RUN   TestRetainedValueLogPruneDiagnostics_ForegroundAbort\n"}
2026-10-06T20:03:09.6005407Z {"Time":"2026-10-06T20:03:09.5993974Z","Action":"output","Package":"github.com/snissn/gomap/TreeDB/caching","Test":"TestRetainedValueLogPruneDiagnostics_ForegroundAbort","Output":"--- PASS: TestRetainedValueLogPruneDiagnostics_ForegroundAbort (0.01s)\n"}
2026-10-06T20:03:09.6008419Z {"Time":"2026-10-06T20:03:09.5993974Z","Action":"pass","Package":"github.com/snissn/gomap/TreeDB/caching","Test":"TestRetainedValueLogPruneDiagnostics_ForegroundAbort","Elapsed":0.01}
2026-10-06T20:03:09.6010769Z {"Time":"2026-10-06T20:03:09.5993974Z","Action":"run","Package":"github.com/snissn/gomap/TreeDB/caching","Test":"TestRetainedValueLogPruneCloseCancelsNestedLiveIDScan"}
2026-10-06T20:03:09.6013661Z {"Time":"2026-10-06T20:03:09.5993974Z","Action":"output","Package":"github.com/snissn/gomap/TreeDB/caching","Test":"TestRetainedValueLogPruneCloseCancelsNestedLiveIDScan","Output":"=== RUN   TestRetainedValueLogPruneCloseCancelsNestedLiveIDScan\n"}
2026-10-06T20:03:09.6147945Z {"Time":"2026-10-06T20:03:09.6047658Z","Action":"output","Package":"github.com/snissn/gomap/TreeDB/caching","Test":"TestRetainedValueLogPruneCloseCancelsNestedLiveIDScan","Output":"--- PASS: TestRetainedValueLogPruneCloseCancelsNestedLiveIDScan (0.01s)\n"}
2026-10-06T20:03:09.6149830Z {"Time":"2026-10-06T20:03:09.6047658Z","Action":"pass","Package":"github.com/snissn/gomap/TreeDB/caching","Test":"TestRetainedValueLogPruneCloseCancelsNestedLiveIDScan","Elapsed":0.01}
2026-10-06T20:03:09.6151144Z {"Time":"2026-10-06T20:03:09.6047658Z","Action":"run","Package":"github.com/snissn/gomap/TreeDB/caching","Test":"TestCheckpoint_DefersRetainedValueLogPruneUntilForegroundQuiet"}
2026-10-06T20:03:09.6152764Z {"Time":"2026-10-06T20:03:09.6047658Z","Action":"output","Package":"github.com/snissn/gomap/TreeDB/caching","Test":"TestCheckpoint_DefersRetainedValueLogPruneUntilForegroundQuiet","Output":"=== RUN   TestCheckpoint_DefersRetainedValueLogPruneUntilForegroundQuiet\n"}
2026-10-06T20:03:09.8345522Z {"Time":"2026-10-06T20:03:09.8206022Z","Action":"output","Package":"github.com/snissn/gomap/TreeDB/caching","Test":"TestCheckpoint_DefersRetainedValueLogPruneUntilForegroundQuiet","Output":"--- PASS: TestCheckpoint_DefersRetainedValueLogPruneUntilForegroundQuiet (0.22s)\n"}
2026-10-06T20:03:09.8348051Z {"Time":"2026-10-06T20:03:09.8206022Z","Action":"pass","Package":"github.com/snissn/gomap/TreeDB/caching","Test":"TestCheckpoint_DefersRetainedValueLogPruneUntilForegroundQuiet","Elapsed":0.22}
2026-10-06T20:03:09.8349761Z {"Time":"2026-10-06T20:03:09.8206022Z","Action":"run","Package":"github.com/snissn/gomap/TreeDB/caching","Test":"TestRetainedValueLogPrune_AbortsWhenForegroundWritesResume"}
2026-10-06T20:03:09.8351448Z {"Time":"2026-10-06T20:03:09.8206022Z","Action":"output","Package":"github.com/snissn/gomap/TreeDB/caching","Test":"TestRetainedValueLogPrune_AbortsWhenForegroundWritesResume","Output":"=== RUN   TestRetainedValueLogPrune_AbortsWhenForegroundWritesResume\n"}
2026-10-06T20:03:09.8505160Z {"Time":"2026-10-06T20:03:09.8371873Z","Action":"output","Package":"github.com/snissn/gomap/TreeDB/caching","Test":"TestRetainedValueLogPrune_AbortsWhenForegroundWritesResume","Output":"--- PASS: TestRetainedValueLogPrune_AbortsWhenForegroundWritesResume (0.02s)\n"}
2026-10-06T20:03:09.8507120Z {"Time":"2026-10-06T20:03:09.8371873Z","Action":"pass","Package":"github.com/snissn/gomap/TreeDB/caching","Test":"TestRetainedValueLogPrune_AbortsWhenForegroundWritesResume","Elapsed":0.02}
2026-10-06T20:03:09.8508551Z {"Time":"2026-10-06T20:03:09.8371873Z","Action":"run","Package":"github.com/snissn/gomap/TreeDB/caching","Test":"TestCheckpoint_RateLimitsRetainedValueLogPrune"}
2026-10-06T20:03:09.8510158Z {"Time":"2026-10-06T20:03:09.8371873Z","Action":"output","Package":"github.com/snissn/gomap/TreeDB/caching","Test":"TestCheckpoint_RateLimitsRetainedValueLogPrune","Output":"=== RUN   TestCheckpoint_RateLimitsRetainedValueLogPrune\n"}
2026-10-06T20:03:10.0090517Z {"Time":"2026-10-06T20:03:10.0042153Z","Action":"output","Package":"github.com/snissn/gomap/TreeDB/caching","Test":"TestCheckpoint_RateLimitsRetainedValueLogPrune","Output":"--- PASS: TestCheckpoint_RateLimitsRetainedValueLogPrune (0.17s)\n"}
2026-10-06T20:03:10.0093799Z {"Time":"2026-10-06T20:03:10.0042153Z","Action":"pass","Package":"github.com/snissn/gomap/TreeDB/caching","Test":"TestCheckpoint_RateLimitsRetainedValueLogPrune","Elapsed":0.17}
2026-10-06T20:03:10.0095956Z {"Time":"2026-10-06T20:03:10.0042153Z","Action":"run","Package":"github.com/snissn/gomap/TreeDB/caching","Test":"TestRetainedValueLogPruneForce_PreemptsQuietWait"}
2026-10-06T20:03:10.0098987Z {"Time":"2026-10-06T20:03:10.0047692Z","Action":"output","Package":"github.com/snissn/gomap/TreeDB/caching","Test":"TestRetainedValueLogPruneForce_PreemptsQuietWait","Output":"=== RUN   TestRetainedValueLogPruneForce_PreemptsQuietWait\n"}
2026-10-06T20:03:10.2130689Z {"Time":"2026-10-06T20:03:10.2105115Z","Action":"output","Package":"github.com/snissn/gomap/TreeDB/caching","Test":"TestRetainedValueLogPruneForce_PreemptsQuietWait","Output":"--- PASS: TestRetainedValueLogPruneForce_PreemptsQuietWait (0.21s)\n"}
2026-10-06T20:03:10.2132304Z {"Time":"2026-10-06T20:03:10.2105115Z","Action":"pass","Package":"github.com/snissn/gomap/TreeDB/caching","Test":"TestRetainedValueLogPruneForce_PreemptsQuietWait","Elapsed":0.21}
2026-10-06T20:03:10.2134088Z {"Time":"2026-10-06T20:03:10.2110281Z","Action":"run","Package":"github.com/snissn/gomap/TreeDB/caching","Test":"TestAdvanceValueLogWriterPastObservedSeq_RollsBackToOriginalSeqOnRegisterFailure"}
2026-10-06T20:03:10.2135957Z {"Time":"2026-10-06T20:03:10.2110281Z","Action":"output","Package":"github.com/snissn/gomap/TreeDB/caching","Test":"TestAdvanceValueLogWriterPastObservedSeq_RollsBackToOriginalSeqOnRegisterFailure","Output":"=== RUN   TestAdvanceValueLogWriterPastObservedSeq_RollsBackToOriginalSeqOnRegisterFailure\n"}
2026-10-06T20:03:10.2291558Z {"Time":"2026-10-06T20:03:10.2182137Z","Action":"output","Package":"github.com/snissn/gomap/TreeDB/caching","Test":"TestAdvanceValueLogWriterPastObservedSeq_RollsBackToOriginalSeqOnRegisterFailure","Output":"--- PASS: TestAdvanceValueLogWriterPastObservedSeq_RollsBackToOriginalSeqOnRegisterFailure (0.01s)\n"}
2026-10-06T20:03:10.2294067Z {"Time":"2026-10-06T20:03:10.2182137Z","Action":"pass","Package":"github.com/snissn/gomap/TreeDB/caching","Test":"TestAdvanceValueLogWriterPastObservedSeq_RollsBackToOriginalSeqOnRegisterFailure","Elapsed":0.01}
2026-10-06T20:03:10.2295455Z {"Time":"2026-10-06T20:03:10.2182137Z","Action":"run","Package":"github.com/snissn/gomap/TreeDB/caching","Test":"TestCachingDBDeleteRangeStatsCountsVisitedTombstones"}
2026-10-06T20:03:10.2297132Z {"Time":"2026-10-06T20:03:10.2182137Z","Action":"output","Package":"github.com/snissn/gomap/TreeDB/caching","Test":"TestCachingDBDeleteRangeStatsCountsVisitedTombstones","Output":"=== RUN   TestCachingDBDeleteRangeStatsCountsVisitedTombstones\n"}
2026-10-06T20:03:10.2446508Z {"Time":"2026-10-06T20:03:10.2317784Z","Action":"output","Package":"github.com/snissn/gomap/TreeDB/caching","Test":"TestCachingDBDeleteRangeStatsCountsVisitedTombstones","Output":"--- PASS: TestCachingDBDeleteRangeStatsCountsVisitedTombstones (0.01s)\n"}
2026-10-06T20:03:10.2448444Z {"Time":"2026-10-06T20:03:10.2317784Z","Action":"pass","Package":"github.com/snissn/gomap/TreeDB/caching","Test":"TestCachingDBDeleteRangeStatsCountsVisitedTombstones","Elapsed":0.01}
2026-10-06T20:03:10.2449875Z {"Time":"2026-10-06T20:03:10.2317784Z","Action":"run","Package":"github.com/snissn/gomap/TreeDB/caching","Test":"TestCachingDB_CommandWALRangeSpanFiltersPublishedRoot"}
2026-10-06T20:03:10.2451782Z {"Time":"2026-10-06T20:03:10.2317784Z","Action":"output","Package":"github.com/snissn/gomap/TreeDB/caching","Test":"TestCachingDB_CommandWALRangeSpanFiltersPublishedRoot","Output":"=== RUN   TestCachingDB_CommandWALRangeSpanFiltersPublishedRoot\n"}
2026-10-06T20:03:10.2929569Z {"Time":"2026-10-06T20:03:10.2920254Z","Action":"output","Package":"github.com/snissn/gomap/TreeDB/caching","Test":"TestCachingDB_CommandWALRangeSpanFiltersPublishedRoot","Output":"--- PASS: TestCachingDB_CommandWALRangeSpanFiltersPublishedRoot (0.06s)\n"}
2026-10-06T20:03:10.2931258Z {"Time":"2026-10-06T20:03:10.2920254Z","Action":"pass","Package":"github.com/snissn/gomap/TreeDB/caching","Test":"TestCachingDB_CommandWALRangeSpanFiltersPublishedRoot","Elapsed":0.06}
2026-10-06T20:03:10.2932807Z {"Time":"2026-10-06T20:03:10.2920254Z","Action":"run","Package":"github.com/snissn/gomap/TreeDB/caching","Test":"TestCachingDB_CommandWALRangeSpanSurvivesDisjointOrdinaryDeleteRange"}
2026-10-06T20:03:10.2934500Z {"Time":"2026-10-06T20:03:10.2920254Z","Action":"output","Package":"github.com/snissn/gomap/TreeDB/caching","Test":"TestCachingDB_CommandWALRangeSpanSurvivesDisjointOrdinaryDeleteRange","Output":"=== RUN   TestCachingDB_CommandWALRangeSpanSurvivesDisjointOrdinaryDeleteRange\n"}
2026-10-06T20:03:10.3057462Z {"Time":"2026-10-06T20:03:10.2970404Z","Action":"output","Package":"github.com/snissn/gomap/TreeDB/caching","Test":"TestCachingDB_CommandWALRangeSpanSurvivesDisjointOrdinaryDeleteRange","Output":"--- PASS: TestCachingDB_CommandWALRangeSpanSurvivesDisjointOrdinaryDeleteRange (0.00s)\n"}
2026-10-06T20:03:10.3061023Z {"Time":"2026-10-06T20:03:10.2970404Z","Action":"pass","Package":"github.com/snissn/gomap/TreeDB/caching","Test":"TestCachingDB_CommandWALRangeSpanSurvivesDisjointOrdinaryDeleteRange","Elapsed":0}
2026-10-06T20:03:10.3063667Z {"Time":"2026-10-06T20:03:10.2970404Z","Action":"run","Package":"github.com/snissn/gomap/TreeDB/caching","Test":"TestCachingDB_CommandWALRangeSpanFlushCollectionRespectsLaneBarriers"}
2026-10-06T20:03:10.3066940Z {"Time":"2026-10-06T20:03:10.2970404Z","Action":"output","Package":"github.com/snissn/gomap/TreeDB/caching","Test":"TestCachingDB_CommandWALRangeSpanFlushCollectionRespectsLaneBarriers","Output":"=== RUN   TestCachingDB_CommandWALRangeSpanFlushCollectionRespectsLaneBarriers\n"}
2026-10-06T20:03:10.3070562Z {"Time":"2026-10-06T20:03:10.2970404Z","Action":"run","Package":"github.com/snissn/gomap/TreeDB/caching","Test":"TestCachingDB_CommandWALRangeSpanFlushCollectionRespectsLaneBarriers/span_waits_for_older_point_from_another_lane"}
2026-10-06T20:03:10.3075480Z {"Time":"2026-10-06T20:03:10.2970404Z","Action":"output","Package":"github.com/snissn/gomap/TreeDB/caching","Test":"TestCachingDB_CommandWALRangeSpanFlushCollectionRespectsLaneBarriers/span_waits_for_older_point_from_another_lane","Output":"=== RUN   TestCachingDB_CommandWALRangeSpanFlushCollectionRespectsLaneBarriers/span_waits_for_older_point_from_another_lane\n"}
2026-10-06T20:03:10.3081219Z {"Time":"2026-10-06T20:03:10.3020124Z","Action":"output","Package":"github.com/snissn/gomap/TreeDB/caching","Test":"TestCachingDB_CommandWALRangeSpanFlushCollectionRespectsLaneBarriers/span_waits_for_older_point_from_another_lane","Output":"--- PASS: TestCachingDB_CommandWALRangeSpanFlushCollectionRespectsLaneBarriers/span_waits_for_older_point_from_another_lane (0.00s)\n"}
2026-10-06T20:03:10.3085563Z {"Time":"2026-10-06T20:03:10.3020124Z","Action":"pass","Package":"github.com/snissn/gomap/TreeDB/caching","Test":"TestCachingDB_CommandWALRangeSpanFlushCollectionRespectsLaneBarriers/span_waits_for_older_point_from_another_lane","Elapsed":0}
2026-10-06T20:03:10.3088967Z {"Time":"2026-10-06T20:03:10.3020124Z","Action":"run","Package":"github.com/snissn/gomap/TreeDB/caching","Test":"TestCachingDB_CommandWALRangeSpanFlushCollectionRespectsLaneBarriers/newer_point_waits_behind_older_span_from_another_lane"}
2026-10-06T20:03:10.3093433Z {"Time":"2026-10-06T20:03:10.3020124Z","Action":"output","Package":"github.com/snissn/gomap/TreeDB/caching","Test":"TestCachingDB_CommandWALRangeSpanFlushCollectionRespectsLaneBarriers/newer_point_waits_behind_older_span_from_another_lane","Output":"=== RUN   TestCachingDB_CommandWALRangeSpanFlushCollectionRespectsLaneBarriers/newer_point_waits_behind_older_span_from_another_lane\n"}
2026-10-06T20:03:10.3217112Z {"Time":"2026-10-06T20:03:10.3057273Z","Action":"output","Package":"github.com/snissn/gomap/TreeDB/caching","Test":"TestCachingDB_CommandWALRangeSpanFlushCollectionRespectsLaneBarriers/newer_point_waits_behind_older_span_from_another_lane","Output":"--- PASS: TestCachingDB_CommandWALRangeSpanFlushCollectionRespectsLaneBarriers/newer_point_waits_behind_older_span_from_another_lane (0.00s)\n"}
2026-10-06T20:03:10.3221942Z {"Time":"2026-10-06T20:03:10.3057273Z","Action":"pass","Package":"github.com/snissn/gomap/TreeDB/caching","Test":"TestCachingDB_CommandWALRangeSpanFlushCollectionRespectsLaneBarriers/newer_point_waits_behind_older_span_from_another_lane","Elapsed":0}
2026-10-06T20:03:10.3225841Z {"Time":"2026-10-06T20:03:10.3057273Z","Action":"output","Package":"github.com/snissn/gomap/TreeDB/caching","Test":"TestCachingDB_CommandWALRangeSpanFlushCollectionRespectsLaneBarriers","Output":"--- PASS: TestCachingDB_CommandWALRangeSpanFlushCollectionRespectsLaneBarriers (0.01s)\n"}
2026-10-06T20:03:10.3229258Z {"Time":"2026-10-06T20:03:10.3057273Z","Action":"pass","Package":"github.com/snissn/gomap/TreeDB/caching","Test":"TestCachingDB_CommandWALRangeSpanFlushCollectionRespectsLaneBarriers","Elapsed":0.01}
2026-10-06T20:03:10.3231763Z {"Time":"2026-10-06T20:03:10.3057273Z","Action":"run","Package":"github.com/snissn/gomap/TreeDB/caching","Test":"TestCachingDB_DeleteRange_WALApplyFailurePoisonsWrites"}
2026-10-06T20:03:10.3234964Z {"Time":"2026-10-06T20:03:10.3057273Z","Action":"output","Package":"github.com/snissn/gomap/TreeDB/caching","Test":"TestCachingDB_DeleteRange_WALApplyFailurePoisonsWrites","Output":"=== RUN   TestCachingDB_DeleteRange_WALApplyFailurePoisonsWrites\n"}
2026-10-06T20:03:10.3237277Z {"Time":"2026-10-06T20:03:10.3202103Z","Action":"output","Package":"github.com/snissn/gomap/TreeDB/caching","Test":"TestCachingDB_DeleteRange_WALApplyFailurePoisonsWrites","Output":"--- PASS: TestCachingDB_DeleteRange_WALApplyFailurePoisonsWrites (0.01s)\n"}
2026-10-06T20:03:10.3238841Z {"Time":"2026-10-06T20:03:10.3202103Z","Action":"pass","Package":"github.com/snissn/gomap/TreeDB/caching","Test":"TestCachingDB_DeleteRange_WALApplyFailurePoisonsWrites","Elapsed":0.01}
2026-10-06T20:03:10.3240310Z {"Time":"2026-10-06T20:03:10.3202103Z","Action":"run","Package":"github.com/snissn/gomap/TreeDB/caching","Test":"TestCachingDB_DeleteRange_WALFlushesAfterDeletes"}
2026-10-06T20:03:10.3241843Z {"Time":"2026-10-06T20:03:10.3202103Z","Action":"output","Package":"github.com/snissn/gomap/TreeDB/caching","Test":"TestCachingDB_DeleteRange_WALFlushesAfterDeletes","Output":"=== RUN   TestCachingDB_DeleteRange_WALFlushesAfterDeletes\n"}
2026-10-06T20:03:10.3374020Z {"Time":"2026-10-06T20:03:10.3317704Z","Action":"output","Package":"github.com/snissn/gomap/TreeDB/caching","Test":"TestCachingDB_DeleteRange_WALFlushesAfterDeletes","Output":"--- PASS: TestCachingDB_DeleteRange_WALFlushesAfterDeletes (0.01s)\n"}
2026-10-06T20:03:10.3375803Z {"Time":"2026-10-06T20:03:10.3317704Z","Action":"pass","Package":"github.com/snissn/gomap/TreeDB/caching","Test":"TestCachingDB_DeleteRange_WALFlushesAfterDeletes","Elapsed":0.01}
2026-10-06T20:03:10.3377186Z {"Time":"2026-10-06T20:03:10.3330419Z","Action":"run","Package":"github.com/snissn/gomap/TreeDB/caching","Test":"TestCachingBatchDeleteRangeSerializesScanAndPublish"}
2026-10-06T20:03:10.3379373Z {"Time":"2026-10-06T20:03:10.3330419Z","Action":"output","Package":"github.com/snissn/gomap/TreeDB/caching","Test":"TestCachingBatchDeleteRangeSerializesScanAndPublish","Output":"=== RUN   TestCachingBatchDeleteRangeSerializesScanAndPublish\n"}
2026-10-06T20:03:10.5092394Z {"Time":"2026-10-06T20:03:10.4955865Z","Action":"output","Package":"github.com/snissn/gomap/TreeDB/caching","Test":"TestCachingBatchDeleteRangeSerializesScanAndPublish","Output":"--- PASS: TestCachingBatchDeleteRangeSerializesScanAndPublish (0.16s)\n"}
2026-10-06T20:03:10.5094969Z {"Time":"2026-10-06T20:03:10.4955865Z","Action":"pass","Package":"github.com/snissn/gomap/TreeDB/caching","Test":"TestCachingBatchDeleteRangeSerializesScanAndPublish","Elapsed":0.16}
2026-10-06T20:03:10.5096337Z {"Time":"2026-10-06T20:03:10.4955865Z","Action":"run","Package":"github.com/snissn/gomap/TreeDB/caching","Test":"TestCachingBatchDeleteRangeMixedOrder"}
2026-10-06T20:03:10.5097838Z {"Time":"2026-10-06T20:03:10.4955865Z","Action":"output","Package":"github.com/snissn/gomap/TreeDB/caching","Test":"TestCachingBatchDeleteRangeMixedOrder","Output":"=== RUN   TestCachingBatchDeleteRangeMixedOrder\n"}
2026-10-06T20:03:10.5099973Z {"Time":"2026-10-06T20:03:10.5076479Z","Action":"output","Package":"github.com/snissn/gomap/TreeDB/caching","Test":"TestCachingBatchDeleteRangeMixedOrder","Output":"--- PASS: TestCachingBatchDeleteRangeMixedOrder (0.01s)\n"}
2026-10-06T20:03:10.5101380Z {"Time":"2026-10-06T20:03:10.5076479Z","Action":"pass","Package":"github.com/snissn/gomap/TreeDB/caching","Test":"TestCachingBatchDeleteRangeMixedOrder","Elapsed":0.01}
2026-10-06T20:03:10.5102537Z {"Time":"2026-10-06T20:03:10.5076479Z","Action":"run","Package":"github.com/snissn/gomap/TreeDB/caching","Test":"TestDomainIngressDisabledByDefault"}
2026-10-06T20:03:10.5103852Z {"Time":"2026-10-06T20:03:10.5076479Z","Action":"output","Package":"github.com/snissn/gomap/TreeDB/caching","Test":"TestDomainIngressDisabledByDefault","Output":"=== RUN   TestDomainIngressDisabledByDefault\n"}
2026-10-06T20:03:10.5403513Z {"Time":"2026-10-06T20:03:10.5309705Z","Action":"output","Package":"github.com/snissn/gomap/TreeDB/caching","Test":"TestDomainIngressDisabledByDefault","Output":"--- PASS: TestDomainIngressDisabledByDefault (0.02s)\n"}
2026-10-06T20:03:10.5404997Z {"Time":"2026-10-06T20:03:10.5309705Z","Action":"pass","Package":"github.com/snissn/gomap/TreeDB/caching","Test":"TestDomainIngressDisabledByDefault","Elapsed":0.02}
2026-10-06T20:03:10.5406620Z {"Time":"2026-10-06T20:03:10.5309705Z","Action":"run","Package":"github.com/snissn/gomap/TreeDB/caching","Test":"TestCurrentTreeDBExpvarStatsIncludesInstances"}
2026-10-06T20:03:10.5408171Z {"Time":"2026-10-06T20:03:10.5309705Z","Action":"output","Package":"github.com/snissn/gomap/TreeDB/caching","Test":"TestCurrentTreeDBExpvarStatsIncludesInstances","Output":"=== RUN   TestCurrentTreeDBExpvarStatsIncludesInstances\n"}
2026-10-06T20:03:10.5412586Z {"Time":"2026-10-06T20:03:10.5355069Z","Action":"output","Package":"github.com/snissn/gomap/TreeDB/caching","Test":"TestCurrentTreeDBExpvarStatsIncludesInstances","Output":"--- PASS: TestCurrentTreeDBExpvarStatsIncludesInstances (0.00s)\n"}
2026-10-06T20:03:10.5415820Z {"Time":"2026-10-06T20:03:10.5355069Z","Action":"pass","Package":"github.com/snissn/gomap/TreeDB/caching","Test":"TestCurrentTreeDBExpvarStatsIncludesInstances","Elapsed":0}
2026-10-06T20:03:10.5418253Z {"Time":"2026-10-06T20:03:10.5355069Z","Action":"run","Package":"github.com/snissn/gomap/TreeDB/caching","Test":"TestUnregisterTreeDBExpvarStatsDBKeepsCurrentWhenOthersRemain"}
2026-10-06T20:03:10.5420033Z {"Time":"2026-10-06T20:03:10.5355069Z","Action":"output","Package":"github.com/snissn/gomap/TreeDB/caching","Test":"TestUnregisterTreeDBExpvarStatsDBKeepsCurrentWhenOthersRemain","Output":"=== RUN   TestUnregisterTreeDBExpvarStatsDBKeepsCurrentWhenOthersRemain\n"}
2026-10-06T20:03:10.5422210Z {"Time":"2026-10-06T20:03:10.5383338Z","Action":"output","Package":"github.com/snissn/gomap/TreeDB/caching","Test":"TestUnregisterTreeDBExpvarStatsDBKeepsCurrentWhenOthersRemain","Output":"--- PASS: TestUnregisterTreeDBExpvarStatsDBKeepsCurrentWhenOthersRemain (0.00s)\n"}
2026-10-06T20:03:10.5424400Z {"Time":"2026-10-06T20:03:10.5383338Z","Action":"pass","Package":"github.com/snissn/gomap/TreeDB/caching","Test":"TestUnregisterTreeDBExpvarStatsDBKeepsCurrentWhenOthersRemain","Elapsed":0}
2026-10-06T20:03:10.5484455Z {"Time":"2026-10-06T20:03:10.5383338Z","Action":"run","Package":"github.com/snissn/gomap/TreeDB/caching","Test":"TestWriteWaitForCheckpointStatsIncrement"}
2026-10-06T20:03:10.5486781Z {"Time":"2026-10-06T20:03:10.5383338Z","Action":"output","Package":"github.com/snissn/gomap/TreeDB/caching","Test":"TestWriteWaitForCheckpointStatsIncrement","Output":"=== RUN   TestWriteWaitForCheckpointStatsIncrement\n"}
2026-10-06T20:03:10.5489260Z {"Time":"2026-10-06T20:03:10.5383338Z","Action":"output","Package":"github.com/snissn/gomap/TreeDB/caching","Test":"TestWriteWaitForCheckpointStatsIncrement","Output":"--- PASS: TestWriteWaitForCheckpointStatsIncrement (0.00s)\n"}
2026-10-06T20:03:10.5491106Z {"Time":"2026-10-06T20:03:10.5389046Z","Action":"pass","Package":"github.com/snissn/gomap/TreeDB/caching","Test":"TestWriteWaitForCheckpointStatsIncrement","Elapsed":0}
2026-10-06T20:03:10.5492318Z {"Time":"2026-10-06T20:03:10.5389046Z","Action":"run","Package":"github.com/snissn/gomap/TreeDB/caching","Test":"TestObserveWriteWaitForCheckpointPreservesZeroDurationSample"}
2026-10-06T20:03:10.5494122Z {"Time":"2026-10-06T20:03:10.5389046Z","Action":"output","Package":"github.com/snissn/gomap/TreeDB/caching","Test":"TestObserveWriteWaitForCheckpointPreservesZeroDurationSample","Output":"=== RUN   TestObserveWriteWaitForCheckpointPreservesZeroDurationSample\n"}
2026-10-06T20:03:10.5496972Z {"Time":"2026-10-06T20:03:10.5389046Z","Action":"output","Package":"github.com/snissn/gomap/TreeDB/caching","Test":"TestObserveWriteWaitForCheckpointPreservesZeroDurationSample","Output":"--- PASS: TestObserveWriteWaitForCheckpointPreservesZeroDurationSample (0.00s)\n"}
2026-10-06T20:03:10.5499962Z {"Time":"2026-10-06T20:03:10.5389046Z","Action":"pass","Package":"github.com/snissn/gomap/TreeDB/caching","Test":"TestObserveWriteWaitForCheckpointPreservesZeroDurationSample","Elapsed":0}
2026-10-06T20:03:10.5502187Z {"Time":"2026-10-06T20:03:10.5389046Z","Action":"run","Package":"github.com/snissn/gomap/TreeDB/caching","Test":"TestBeginExclusiveWriteRecordsCheckpointWait"}
2026-10-06T20:03:10.5504574Z {"Time":"2026-10-06T20:03:10.5389046Z","Action":"output","Package":"github.com/snissn/gomap/TreeDB/caching","Test":"TestBeginExclusiveWriteRecordsCheckpointWait","Output":"=== RUN   TestBeginExclusiveWriteRecordsCheckpointWait\n"}
2026-10-06T20:03:10.5563409Z {"Time":"2026-10-06T20:03:10.549399Z","Action":"output","Package":"github.com/snissn/gomap/TreeDB/caching","Test":"TestBeginExclusiveWriteRecordsCheckpointWait","Output":"--- PASS: TestBeginExclusiveWriteRecordsCheckpointWait (0.01s)\n"}
2026-10-06T20:03:10.5566861Z {"Time":"2026-10-06T20:03:10.549399Z","Action":"pass","Package":"github.com/snissn/gomap/TreeDB/caching","Test":"TestBeginExclusiveWriteRecordsCheckpointWait","Elapsed":0.01}
2026-10-06T20:03:10.5569061Z {"Time":"2026-10-06T20:03:10.549399Z","Action":"run","Package":"github.com/snissn/gomap/TreeDB/caching","Test":"TestLeafLogLaneStatsExposeConfiguredActiveAndPerLaneCounters"}
2026-10-06T20:03:10.5570716Z {"Time":"2026-10-06T20:03:10.549399Z","Action":"output","Package":"github.com/snissn/gomap/TreeDB/caching","Test":"TestLeafLogLaneStatsExposeConfiguredActiveAndPerLaneCounters","Output":"=== RUN   TestLeafLogLaneStatsExposeConfiguredActiveAndPerLaneCounters\n"}
2026-10-06T20:03:10.5573362Z {"Time":"2026-10-06T20:03:10.549399Z","Action":"output","Package":"github.com/snissn/gomap/TreeDB/caching","Test":"TestLeafLogLaneStatsExposeConfiguredActiveAndPerLaneCounters","Output":"--- PASS: TestLeafLogLaneStatsExposeConfiguredActiveAndPerLaneCounters (0.00s)\n"}
2026-10-06T20:03:10.5575154Z {"Time":"2026-10-06T20:03:10.549399Z","Action":"pass","Package":"github.com/snissn/gomap/TreeDB/caching","Test":"TestLeafLogLaneStatsExposeConfiguredActiveAndPerLaneCounters","Elapsed":0}
2026-10-06T20:03:10.5576792Z {"Time":"2026-10-06T20:03:10.549399Z","Action":"run","Package":"github.com/snissn/gomap/TreeDB/caching","Test":"TestFlushSpanRunStatsCombinedFlushCountsPostShadowPlannedOps"}
2026-10-06T20:03:10.5578970Z {"Time":"2026-10-06T20:03:10.549399Z","Action":"output","Package":"github.com/snissn/gomap/TreeDB/caching","Test":"TestFlushSpanRunStatsCombinedFlushCountsPostShadowPlannedOps","Output":"=== RUN   TestFlushSpanRunStatsCombinedFlushCountsPostShadowPlannedOps\n"}
2026-10-06T20:03:10.5717190Z {"Time":"2026-10-06T20:03:10.5606082Z","Action":"output","Package":"github.com/snissn/gomap/TreeDB/caching","Test":"TestFlushSpanRunStatsCombinedFlushCountsPostShadowPlannedOps","Output":"--- PASS: TestFlushSpanRunStatsCombinedFlushCountsPostShadowPlannedOps (0.01s)\n"}
2026-10-06T20:03:10.5721047Z {"Time":"2026-10-06T20:03:10.5606082Z","Action":"pass","Package":"github.com/snissn/gomap/TreeDB/caching","Test":"TestFlushSpanRunStatsCombinedFlushCountsPostShadowPlannedOps","Elapsed":0.01}
2026-10-06T20:03:10.5724561Z {"Time":"2026-10-06T20:03:10.5606082Z","Action":"run","Package":"github.com/snissn/gomap/TreeDB/caching","Test":"TestFlushSpanRunLeafAwareChunksDoNotSplitTargetLeaves"}
2026-10-06T20:03:10.5727610Z {"Time":"2026-10-06T20:03:10.5606082Z","Action":"output","Package":"github.com/snissn/gomap/TreeDB/caching","Test":"TestFlushSpanRunLeafAwareChunksDoNotSplitTargetLeaves","Output":"=== RUN   TestFlushSpanRunLeafAwareChunksDoNotSplitTargetLeaves\n"}
2026-10-06T20:03:10.5731704Z {"Time":"2026-10-06T20:03:10.5606082Z","Action":"output","Package":"github.com/snissn/gomap/TreeDB/caching","Test":"TestFlushSpanRunLeafAwareChunksDoNotSplitTargetLeaves","Output":"--- PASS: TestFlushSpanRunLeafAwareChunksDoNotSplitTargetLeaves (0.00s)\n"}
2026-10-06T20:03:10.5734882Z {"Time":"2026-10-06T20:03:10.5606082Z","Action":"pass","Package":"github.com/snissn/gomap/TreeDB/caching","Test":"TestFlushSpanRunLeafAwareChunksDoNotSplitTargetLeaves","Elapsed":0}
2026-10-06T20:03:10.5737248Z {"Time":"2026-10-06T20:03:10.5606082Z","Action":"run","Package":"github.com/snissn/gomap/TreeDB/caching","Test":"TestFlushSpanRunPlannedBackendChunksFallbackOnInvalidCoverage"}
2026-10-06T20:03:10.5740323Z {"Time":"2026-10-06T20:03:10.5606082Z","Action":"output","Package":"github.com/snissn/gomap/TreeDB/caching","Test":"TestFlushSpanRunPlannedBackendChunksFallbackOnInvalidCoverage","Output":"=== RUN   TestFlushSpanRunPlannedBackendChunksFallbackOnInvalidCoverage\n"}
2026-10-06T20:03:10.5743395Z {"Time":"2026-10-06T20:03:10.5611899Z","Action":"run","Package":"github.com/snissn/gomap/TreeDB/caching","Test":"TestFlushSpanRunPlannedBackendChunksFallbackOnInvalidCoverage/gapped"}
2026-10-06T20:03:10.5746619Z {"Time":"2026-10-06T20:03:10.5611899Z","Action":"output","Package":"github.com/snissn/gomap/TreeDB/caching","Test":"TestFlushSpanRunPlannedBackendChunksFallbackOnInvalidCoverage/gapped","Output":"=== RUN   TestFlushSpanRunPlannedBackendChunksFallbackOnInvalidCoverage/gapped\n"}
2026-10-06T20:03:10.5751196Z {"Time":"2026-10-06T20:03:10.5611899Z","Action":"output","Package":"github.com/snissn/gomap/TreeDB/caching","Test":"TestFlushSpanRunPlannedBackendChunksFallbackOnInvalidCoverage/gapped","Output":"--- PASS: TestFlushSpanRunPlannedBackendChunksFallbackOnInvalidCoverage/gapped (0.00s)\n"}
2026-10-06T20:03:10.5754805Z {"Time":"2026-10-06T20:03:10.5611899Z","Action":"pass","Package":"github.com/snissn/gomap/TreeDB/caching","Test":"TestFlushSpanRunPlannedBackendChunksFallbackOnInvalidCoverage/gapped","Elapsed":0}
2026-10-06T20:03:10.5757426Z {"Time":"2026-10-06T20:03:10.5611899Z","Action":"run","Package":"github.com/snissn/gomap/TreeDB/caching","Test":"TestFlushSpanRunPlannedBackendChunksFallbackOnInvalidCoverage/tail-truncated"}
2026-10-06T20:03:10.5760854Z {"Time":"2026-10-06T20:03:10.5611899Z","Action":"output","Package":"github.com/snissn/gomap/TreeDB/caching","Test":"TestFlushSpanRunPlannedBackendChunksFallbackOnInvalidCoverage/tail-truncated","Output":"=== RUN   TestFlushSpanRunPlannedBackendChunksFallbackOnInvalidCoverage/tail-truncated\n"}
2026-10-06T20:03:10.5765189Z {"Time":"2026-10-06T20:03:10.5611899Z","Action":"output","Package":"github.com/snissn/gomap/TreeDB/caching","Test":"TestFlushSpanRunPlannedBackendChunksFallbackOnInvalidCoverage/tail-truncated","Output":"--- PASS: TestFlushSpanRunPlannedBackendChunksFallbackOnInvalidCoverage/tail-truncated (0.00s)\n"}
2026-10-06T20:03:10.5769316Z {"Time":"2026-10-06T20:03:10.5611899Z","Action":"pass","Package":"github.com/snissn/gomap/TreeDB/caching","Test":"TestFlushSpanRunPlannedBackendChunksFallbackOnInvalidCoverage/tail-truncated","Elapsed":0}
2026-10-06T20:03:10.5773079Z {"Time":"2026-10-06T20:03:10.5611899Z","Action":"output","Package":"github.com/snissn/gomap/TreeDB/caching","Test":"TestFlushSpanRunPlannedBackendChunksFallbackOnInvalidCoverage","Output":"--- PASS: TestFlushSpanRunPlannedBackendChunksFallbackOnInvalidCoverage (0.00s)\n"}
2026-10-06T20:03:10.5776083Z {"Time":"2026-10-06T20:03:10.5611899Z","Action":"pass","Package":"github.com/snissn/gomap/TreeDB/caching","Test":"TestFlushSpanRunPlannedBackendChunksFallbackOnInvalidCoverage","Elapsed":0}
2026-10-06T20:03:10.5778821Z {"Time":"2026-10-06T20:03:10.5611899Z","Action":"run","Package":"github.com/snissn/gomap/TreeDB/caching","Test":"TestFlushSpanRunBackendChunksExcludeEmptySyncBoundary"}
2026-10-06T20:03:10.5781490Z {"Time":"2026-10-06T20:03:10.5611899Z","Action":"output","Package":"github.com/snissn/gomap/TreeDB/caching","Test":"TestFlushSpanRunBackendChunksExcludeEmptySyncBoundary","Output":"=== RUN   TestFlushSpanRunBackendChunksExcludeEmptySyncBoundary\n"}
2026-10-06T20:03:10.5784520Z {"Time":"2026-10-06T20:03:10.5611899Z","Action":"run","Package":"github.com/snissn/gomap/TreeDB/caching","Test":"TestFlushSpanRunBackendChunksExcludeEmptySyncBoundary/parallel"}
2026-10-06T20:03:10.5787924Z {"Time":"2026-10-06T20:03:10.5611899Z","Action":"output","Package":"github.com/snissn/gomap/TreeDB/caching","Test":"TestFlushSpanRunBackendChunksExcludeEmptySyncBoundary/parallel","Output":"=== RUN   TestFlushSpanRunBackendChunksExcludeEmptySyncBoundary/parallel\n"}
2026-10-06T20:03:10.6022625Z {"Time":"2026-10-06T20:03:10.5895374Z","Action":"output","Package":"github.com/snissn/gomap/TreeDB/caching","Test":"TestFlushSpanRunBackendChunksExcludeEmptySyncBoundary/parallel","Output":"--- PASS: TestFlushSpanRunBackendChunksExcludeEmptySyncBoundary/parallel (0.03s)\n"}
2026-10-06T20:03:10.6025849Z {"Time":"2026-10-06T20:03:10.5911954Z","Action":"pass","Package":"github.com/snissn/gomap/TreeDB/caching","Test":"TestFlushSpanRunBackendChunksExcludeEmptySyncBoundary/parallel","Elapsed":0.03}
2026-10-06T20:03:10.6027289Z {"Time":"2026-10-06T20:03:10.5911954Z","Action":"run","Package":"github.com/snissn/gomap/TreeDB/caching","Test":"TestFlushSpanRunBackendChunksExcludeEmptySyncBoundary/sequential"}
2026-10-06T20:03:10.6029435Z {"Time":"2026-10-06T20:03:10.5911954Z","Action":"output","Package":"github.com/snissn/gomap/TreeDB/caching","Test":"TestFlushSpanRunBackendChunksExcludeEmptySyncBoundary/sequential","Output":"=== RUN   TestFlushSpanRunBackendChunksExcludeEmptySyncBoundary/sequential\n"}
2026-10-06T20:03:10.6179808Z {"Time":"2026-10-06T20:03:10.6060037Z","Action":"output","Package":"github.com/snissn/gomap/TreeDB/caching","Test":"TestFlushSpanRunBackendChunksExcludeEmptySyncBoundary/sequential","Output":"--- PASS: TestFlushSpanRunBackendChunksExcludeEmptySyncBoundary/sequential (0.01s)\n"}
2026-10-06T20:03:10.6182024Z {"Time":"2026-10-06T20:03:10.6060037Z","Action":"pass","Package":"github.com/snissn/gomap/TreeDB/caching","Test":"TestFlushSpanRunBackendChunksExcludeEmptySyncBoundary/sequential","Elapsed":0.01}
2026-10-06T20:03:10.6183724Z {"Time":"2026-10-06T20:03:10.6060037Z","Action":"output","Package":"github.com/snissn/gomap/TreeDB/caching","Test":"TestFlushSpanRunBackendChunksExcludeEmptySyncBoundary","Output":"--- PASS: TestFlushSpanRunBackendChunksExcludeEmptySyncBoundary (0.04s)\n"}
2026-10-06T20:03:10.6185954Z {"Time":"2026-10-06T20:03:10.6060037Z","Action":"pass","Package":"github.com/snissn/gomap/TreeDB/caching","Test":"TestFlushSpanRunBackendChunksExcludeEmptySyncBoundary","Elapsed":0.04}
2026-10-06T20:03:10.6187350Z {"Time":"2026-10-06T20:03:10.6060037Z","Action":"run","Package":"github.com/snissn/gomap/TreeDB/caching","Test":"TestFlushBacklogCoalescingDefaultPressureGatesAdmitObservedRandomShape"}
2026-10-06T20:03:10.6189150Z {"Time":"2026-10-06T20:03:10.6060037Z","Action":"output","Package":"github.com/snissn/gomap/TreeDB/caching","Test":"TestFlushBacklogCoalescingDefaultPressureGatesAdmitObservedRandomShape","Output":"=== RUN   TestFlushBacklogCoalescingDefaultPressureGatesAdmitObservedRandomShape\n"}
2026-10-06T20:03:10.6513357Z {"Time":"2026-10-06T20:03:10.6474054Z","Action":"output","Package":"github.com/snissn/gomap/TreeDB/caching","Test":"TestFlushBacklogCoalescingDefaultPressureGatesAdmitObservedRandomShape","Output":"--- PASS: TestFlushBacklogCoalescingDefaultPressureGatesAdmitObservedRandomShape (0.04s)\n"}
2026-10-06T20:03:10.6517186Z {"Time":"2026-10-06T20:03:10.6474054Z","Action":"pass","Package":"github.com/snissn/gomap/TreeDB/caching","Test":"TestFlushBacklogCoalescingDefaultPressureGatesAdmitObservedRandomShape","Elapsed":0.04}
2026-10-06T20:03:10.6519912Z {"Time":"2026-10-06T20:03:10.6481011Z","Action":"run","Package":"github.com/snissn/gomap/TreeDB/caching","Test":"TestFlushBacklogCoalescingOpsBudgetAllowsOneWholeMemtableOvershoot"}
2026-10-06T20:03:10.6523271Z {"Time":"2026-10-06T20:03:10.6481011Z","Action":"output","Package":"github.com/snissn/gomap/TreeDB/caching","Test":"TestFlushBacklogCoalescingOpsBudgetAllowsOneWholeMemtableOvershoot","Output":"=== RUN   TestFlushBacklogCoalescingOpsBudgetAllowsOneWholeMemtableOvershoot\n"}
2026-10-06T20:03:10.6951643Z {"Time":"2026-10-06T20:03:10.688538Z","Action":"output","Package":"github.com/snissn/gomap/TreeDB/caching","Test":"TestFlushBacklogCoalescingOpsBudgetAllowsOneWholeMemtableOvershoot","Output":"--- PASS: TestFlushBacklogCoalescingOpsBudgetAllowsOneWholeMemtableOvershoot (0.04s)\n"}
2026-10-06T20:03:10.6954048Z {"Time":"2026-10-06T20:03:10.688538Z","Action":"pass","Package":"github.com/snissn/gomap/TreeDB/caching","Test":"TestFlushBacklogCoalescingOpsBudgetAllowsOneWholeMemtableOvershoot","Elapsed":0.04}
2026-10-06T20:03:10.6956507Z {"Time":"2026-10-06T20:03:10.688538Z","Action":"run","Package":"github.com/snissn/gomap/TreeDB/caching","Test":"TestFlushBacklogCoalescingCheckpointAdmissionAccountsForBaseByteBudget"}
2026-10-06T20:03:10.6959823Z {"Time":"2026-10-06T20:03:10.688538Z","Action":"output","Package":"github.com/snissn/gomap/TreeDB/caching","Test":"TestFlushBacklogCoalescingCheckpointAdmissionAccountsForBaseByteBudget","Output":"=== RUN   TestFlushBacklogCoalescingCheckpointAdmissionAccountsForBaseByteBudget\n"}
2026-10-06T20:03:10.7114102Z {"Time":"2026-10-06T20:03:10.6999003Z","Action":"output","Package":"github.com/snissn/gomap/TreeDB/caching","Test":"TestFlushBacklogCoalescingCheckpointAdmissionAccountsForBaseByteBudget","Output":"--- PASS: TestFlushBacklogCoalescingCheckpointAdmissionAccountsForBaseByteBudget (0.01s)\n"}
2026-10-06T20:03:10.7118195Z {"Time":"2026-10-06T20:03:10.6999003Z","Action":"pass","Package":"github.com/snissn/gomap/TreeDB/caching","Test":"TestFlushBacklogCoalescingCheckpointAdmissionAccountsForBaseByteBudget","Elapsed":0.01}
2026-10-06T20:03:10.7120637Z {"Time":"2026-10-06T20:03:10.6999003Z","Action":"run","Package":"github.com/snissn/gomap/TreeDB/caching","Test":"TestFlushCollectionModeSpanNativeFallbackOnlyForClose"}
2026-10-06T20:03:10.7122480Z {"Time":"2026-10-06T20:03:10.6999003Z","Action":"output","Package":"github.com/snissn/gomap/TreeDB/caching","Test":"TestFlushCollectionModeSpanNativeFallbackOnlyForClose","Output":"=== RUN   TestFlushCollectionModeSpanNativeFallbackOnlyForClose\n"}
2026-10-06T20:03:10.7124050Z {"Time":"2026-10-06T20:03:10.6999003Z","Action":"run","Package":"github.com/snissn/gomap/TreeDB/caching","Test":"TestFlushCollectionModeSpanNativeFallbackOnlyForClose/checkpoint"}
2026-10-06T20:03:10.7125740Z {"Time":"2026-10-06T20:03:10.6999003Z","Action":"output","Package":"github.com/snissn/gomap/TreeDB/caching","Test":"TestFlushCollectionModeSpanNativeFallbackOnlyForClose/checkpoint","Output":"=== RUN   TestFlushCollectionModeSpanNativeFallbackOnlyForClose/checkpoint\n"}
2026-10-06T20:03:10.7269430Z {"Time":"2026-10-06T20:03:10.715063Z","Action":"output","Package":"github.com/snissn/gomap/TreeDB/caching","Test":"TestFlushCollectionModeSpanNativeFallbackOnlyForClose/checkpoint","Output":"--- PASS: TestFlushCollectionModeSpanNativeFallbackOnlyForClose/checkpoint (0.01s)\n"}
2026-10-06T20:03:10.7272809Z {"Time":"2026-10-06T20:03:10.7162287Z","Action":"pass","Package":"github.com/snissn/gomap/TreeDB/caching","Test":"TestFlushCollectionModeSpanNativeFallbackOnlyForClose/checkpoint","Elapsed":0.01}
2026-10-06T20:03:10.7275295Z {"Time":"2026-10-06T20:03:10.7162287Z","Action":"run","Package":"github.com/snissn/gomap/TreeDB/caching","Test":"TestFlushCollectionModeSpanNativeFallbackOnlyForClose/close"}
2026-10-06T20:03:10.7278358Z {"Time":"2026-10-06T20:03:10.7162287Z","Action":"output","Package":"github.com/snissn/gomap/TreeDB/caching","Test":"TestFlushCollectionModeSpanNativeFallbackOnlyForClose/close","Output":"=== RUN   TestFlushCollectionModeSpanNativeFallbackOnlyForClose/close\n"}
2026-10-06T20:03:10.7417089Z {"Time":"2026-10-06T20:03:10.7274284Z","Action":"output","Package":"github.com/snissn/gomap/TreeDB/caching","Test":"TestFlushCollectionModeSpanNativeFallbackOnlyForClose/close","Output":"--- PASS: TestFlushCollectionModeSpanNativeFallbackOnlyForClose/close (0.01s)\n"}
2026-10-06T20:03:10.7419016Z {"Time":"2026-10-06T20:03:10.7281698Z","Action":"pass","Package":"github.com/snissn/gomap/TreeDB/caching","Test":"TestFlushCollectionModeSpanNativeFallbackOnlyForClose/close","Elapsed":0.01}
2026-10-06T20:03:10.7421099Z {"Time":"2026-10-06T20:03:10.7281698Z","Action":"output","Package":"github.com/snissn/gomap/TreeDB/caching","Test":"TestFlushCollectionModeSpanNativeFallbackOnlyForClose","Output":"--- PASS: TestFlushCollectionModeSpanNativeFallbackOnlyForClose (0.03s)\n"}
2026-10-06T20:03:10.7422722Z {"Time":"2026-10-06T20:03:10.7281698Z","Action":"pass","Package":"github.com/snissn/gomap/TreeDB/caching","Test":"TestFlushCollectionModeSpanNativeFallbackOnlyForClose","Elapsed":0.03}
2026-10-06T20:03:10.7424956Z {"Time":"2026-10-06T20:03:10.7281698Z","Action":"run","Package":"github.com/snissn/gomap/TreeDB/caching","Test":"TestFlushCollectionModeRangeOnlyCheckpointFallbackReason"}
2026-10-06T20:03:10.7427851Z {"Time":"2026-10-06T20:03:10.7281698Z","Action":"output","Package":"github.com/snissn/gomap/TreeDB/caching","Test":"TestFlushCollectionModeRangeOnlyCheckpointFallbackReason","Output":"=== RUN   TestFlushCollectionModeRangeOnlyCheckpointFallbackReason\n"}
2026-10-06T20:03:10.7431576Z {"Time":"2026-10-06T20:03:10.7332231Z","Action":"output","Package":"github.com/snissn/gomap/TreeDB/caching","Test":"TestFlushCollectionModeRangeOnlyCheckpointFallbackReason","Output":"--- PASS: TestFlushCollectionModeRangeOnlyCheckpointFallbackReason (0.01s)\n"}
2026-10-06T20:03:10.7435214Z {"Time":"2026-10-06T20:03:10.7332231Z","Action":"pass","Package":"github.com/snissn/gomap/TreeDB/caching","Test":"TestFlushCollectionModeRangeOnlyCheckpointFallbackReason","Elapsed":0.01}
2026-10-06T20:03:10.7437599Z {"Time":"2026-10-06T20:03:10.7332231Z","Action":"run","Package":"github.com/snissn/gomap/TreeDB/caching","Test":"TestCheckpointActiveFrontierFiltersBackgroundFlush"}
2026-10-06T20:03:10.7440593Z {"Time":"2026-10-06T20:03:10.7332231Z","Action":"output","Package":"github.com/snissn/gomap/TreeDB/caching","Test":"TestCheckpointActiveFrontierFiltersBackgroundFlush","Output":"=== RUN   TestCheckpointActiveFrontierFiltersBackgroundFlush\n"}
2026-10-06T20:03:10.7736604Z {"Time":"2026-10-06T20:03:10.7571664Z","Action":"output","Package":"github.com/snissn/gomap/TreeDB/caching","Test":"TestCheckpointActiveFrontierFiltersBackgroundFlush","Output":"--- PASS: TestCheckpointActiveFrontierFiltersBackgroundFlush (0.02s)\n"}
2026-10-06T20:03:10.7739874Z {"Time":"2026-10-06T20:03:10.758425Z","Action":"pass","Package":"github.com/snissn/gomap/TreeDB/caching","Test":"TestCheckpointActiveFrontierFiltersBackgroundFlush","Elapsed":0.02}
2026-10-06T20:03:10.7742387Z {"Time":"2026-10-06T20:03:10.758425Z","Action":"run","Package":"github.com/snissn/gomap/TreeDB/caching","Test":"TestCheckpointSharedFrontierRecordsBackgroundAndCheckpointWork"}
2026-10-06T20:03:10.7745505Z {"Time":"2026-10-06T20:03:10.758425Z","Action":"output","Package":"github.com/snissn/gomap/TreeDB/caching","Test":"TestCheckpointSharedFrontierRecordsBackgroundAndCheckpointWork","Output":"=== RUN   TestCheckpointSharedFrontierRecordsBackgroundAndCheckpointWork\n"}
2026-10-06T20:03:10.7885775Z {"Time":"2026-10-06T20:03:10.7853205Z","Action":"output","Package":"github.com/snissn/gomap/TreeDB/caching","Test":"TestCheckpointSharedFrontierRecordsBackgroundAndCheckpointWork","Output":"--- PASS: TestCheckpointSharedFrontierRecordsBackgroundAndCheckpointWork (0.03s)\n"}
2026-10-06T20:03:10.7887623Z {"Time":"2026-10-06T20:03:10.7853205Z","Action":"pass","Package":"github.com/snissn/gomap/TreeDB/caching","Test":"TestCheckpointSharedFrontierRecordsBackgroundAndCheckpointWork","Elapsed":0.03}
2026-10-06T20:03:10.7889091Z {"Time":"2026-10-06T20:03:10.7859656Z","Action":"run","Package":"github.com/snissn/gomap/TreeDB/caching","Test":"TestFlushBacklogCoalescingAgeGate"}
2026-10-06T20:03:10.7890541Z {"Time":"2026-10-06T20:03:10.7859656Z","Action":"output","Package":"github.com/snissn/gomap/TreeDB/caching","Test":"TestFlushBacklogCoalescingAgeGate","Output":"=== RUN   TestFlushBacklogCoalescingAgeGate\n"}
2026-10-06T20:03:10.8350453Z {"Time":"2026-10-06T20:03:10.826719Z","Action":"output","Package":"github.com/snissn/gomap/TreeDB/caching","Test":"TestFlushBacklogCoalescingAgeGate","Output":"--- PASS: TestFlushBacklogCoalescingAgeGate (0.04s)\n"}
2026-10-06T20:03:10.8352961Z {"Time":"2026-10-06T20:03:10.8272991Z","Action":"pass","Package":"github.com/snissn/gomap/TreeDB/caching","Test":"TestFlushBacklogCoalescingAgeGate","Elapsed":0.04}
2026-10-06T20:03:10.8354737Z {"Time":"2026-10-06T20:03:10.8272991Z","Action":"run","Package":"github.com/snissn/gomap/TreeDB/caching","Test":"TestMemtableBatchApplyPreservesEntryRevision"}
2026-10-06T20:03:10.8356547Z {"Time":"2026-10-06T20:03:10.8272991Z","Action":"output","Package":"github.com/snissn/gomap/TreeDB/caching","Test":"TestMemtableBatchApplyPreservesEntryRevision","Output":"=== RUN   TestMemtableBatchApplyPreservesEntryRevision\n"}
2026-10-06T20:03:10.8358268Z {"Time":"2026-10-06T20:03:10.8272991Z","Action":"output","Package":"github.com/snissn/gomap/TreeDB/caching","Test":"TestMemtableBatchApplyPreservesEntryRevision","Output":"--- PASS: TestMemtableBatchApplyPreservesEntryRevision (0.00s)\n"}
2026-10-06T20:03:10.8359721Z {"Time":"2026-10-06T20:03:10.8272991Z","Action":"pass","Package":"github.com/snissn/gomap/TreeDB/caching","Test":"TestMemtableBatchApplyPreservesEntryRevision","Elapsed":0}
2026-10-06T20:03:10.8362066Z {"Time":"2026-10-06T20:03:10.8272991Z","Action":"run","Package":"github.com/snissn/gomap/TreeDB/caching","Test":"TestBuildOpRunsAppendOnlyRandomDeleteHeavyLatestWins"}
2026-10-06T20:03:10.8363691Z {"Time":"2026-10-06T20:03:10.8272991Z","Action":"output","Package":"github.com/snissn/gomap/TreeDB/caching","Test":"TestBuildOpRunsAppendOnlyRandomDeleteHeavyLatestWins","Output":"=== RUN   TestBuildOpRunsAppendOnlyRandomDeleteHeavyLatestWins\n"}
2026-10-06T20:03:10.8365554Z {"Time":"2026-10-06T20:03:10.8276569Z","Action":"output","Package":"github.com/snissn/gomap/TreeDB/caching","Test":"TestBuildOpRunsAppendOnlyRandomDeleteHeavyLatestWins","Output":"--- PASS: TestBuildOpRunsAppendOnlyRandomDeleteHeavyLatestWins (0.00s)\n"}
2026-10-06T20:03:10.8367669Z {"Time":"2026-10-06T20:03:10.8276569Z","Action":"pass","Package":"github.com/snissn/gomap/TreeDB/caching","Test":"TestBuildOpRunsAppendOnlyRandomDeleteHeavyLatestWins","Elapsed":0}
2026-10-06T20:03:10.8369023Z {"Time":"2026-10-06T20:03:10.8276569Z","Action":"run","Package":"github.com/snissn/gomap/TreeDB/caching","Test":"TestCanStreamCanonicalPointUnitsFromStableIteratorsRejectsFallbackCases"}
2026-10-06T20:03:10.8370785Z {"Time":"2026-10-06T20:03:10.8276569Z","Action":"output","Package":"github.com/snissn/gomap/TreeDB/caching","Test":"TestCanStreamCanonicalPointUnitsFromStableIteratorsRejectsFallbackCases","Output":"=== RUN   TestCanStreamCanonicalPointUnitsFromStableIteratorsRejectsFallbackCases\n"}
2026-10-06T20:03:10.8373002Z {"Time":"2026-10-06T20:03:10.8276569Z","Action":"output","Package":"github.com/snissn/gomap/TreeDB/caching","Test":"TestCanStreamCanonicalPointUnitsFromStableIteratorsRejectsFallbackCases","Output":"--- PASS: TestCanStreamCanonicalPointUnitsFromStableIteratorsRejectsFallbackCases (0.00s)\n"}
2026-10-06T20:03:10.8375009Z {"Time":"2026-10-06T20:03:10.8276569Z","Action":"pass","Package":"github.com/snissn/gomap/TreeDB/caching","Test":"TestCanStreamCanonicalPointUnitsFromStableIteratorsRejectsFallbackCases","Elapsed":0}
2026-10-06T20:03:10.8376338Z {"Time":"2026-10-06T20:03:10.8276569Z","Action":"run","Package":"github.com/snissn/gomap/TreeDB/caching","Test":"TestOpMergeHeapEightByteDuplicatePriorityAndTombstone"}
2026-10-06T20:03:10.8378029Z {"Time":"2026-10-06T20:03:10.8276569Z","Action":"output","Package":"github.com/snissn/gomap/TreeDB/caching","Test":"TestOpMergeHeapEightByteDuplicatePriorityAndTombstone","Output":"=== RUN   TestOpMergeHeapEightByteDuplicatePriorityAndTombstone\n"}
2026-10-06T20:03:10.8380123Z {"Time":"2026-10-06T20:03:10.8276569Z","Action":"output","Package":"github.com/snissn/gomap/TreeDB/caching","Test":"TestOpMergeHeapEightByteDuplicatePriorityAndTombstone","Output":"--- PASS: TestOpMergeHeapEightByteDuplicatePriorityAndTombstone (0.00s)\n"}
2026-10-06T20:03:10.8381709Z {"Time":"2026-10-06T20:03:10.8276569Z","Action":"pass","Package":"github.com/snissn/gomap/TreeDB/caching","Test":"TestOpMergeHeapEightByteDuplicatePriorityAndTombstone","Elapsed":0}
2026-10-06T20:03:10.8383455Z {"Time":"2026-10-06T20:03:10.8276569Z","Action":"run","Package":"github.com/snissn/gomap/TreeDB/caching","Test":"TestCachingDB_MultiLaneFlushDrainsQueue"}
2026-10-06T20:03:10.8385371Z {"Time":"2026-10-06T20:03:10.8276569Z","Action":"output","Package":"github.com/snissn/gomap/TreeDB/caching","Test":"TestCachingDB_MultiLaneFlushDrainsQueue","Output":"=== RUN   TestCachingDB_MultiLaneFlushDrainsQueue\n"}
2026-10-06T20:03:10.8498992Z {"Time":"2026-10-06T20:03:10.8454017Z","Action":"output","Package":"github.com/snissn/gomap/TreeDB/caching","Test":"TestCachingDB_MultiLaneFlushDrainsQueue","Output":"--- PASS: TestCachingDB_MultiLaneFlushDrainsQueue (0.02s)\n"}
2026-10-06T20:03:10.8500633Z {"Time":"2026-10-06T20:03:10.8454017Z","Action":"pass","Package":"github.com/snissn/gomap/TreeDB/caching","Test":"TestCachingDB_MultiLaneFlushDrainsQueue","Elapsed":0.02}
2026-10-06T20:03:10.8501728Z {"Time":"2026-10-06T20:03:10.8454017Z","Action":"run","Package":"github.com/snissn/gomap/TreeDB/caching","Test":"TestFlushAllBlocksWhileFlushMuHeld"}
2026-10-06T20:03:10.8517090Z {"Time":"2026-10-06T20:03:10.8454017Z","Action":"output","Package":"github.com/snissn/gomap/TreeDB/caching","Test":"TestFlushAllBlocksWhileFlushMuHeld","Output":"=== RUN   TestFlushAllBlocksWhileFlushMuHeld\n"}
2026-10-06T20:03:10.8973197Z {"Time":"2026-10-06T20:03:10.8865599Z","Action":"output","Package":"github.com/snissn/gomap/TreeDB/caching","Test":"TestFlushAllBlocksWhileFlushMuHeld","Output":"--- PASS: TestFlushAllBlocksWhileFlushMuHeld (0.04s)\n"}
2026-10-06T20:03:10.8974616Z {"Time":"2026-10-06T20:03:10.8865599Z","Action":"pass","Package":"github.com/snissn/gomap/TreeDB/caching","Test":"TestFlushAllBlocksWhileFlushMuHeld","Elapsed":0.04}
2026-10-06T20:03:10.8975719Z {"Time":"2026-10-06T20:03:10.8871222Z","Action":"run","Package":"github.com/snissn/gomap/TreeDB/caching","Test":"TestCachingDB_FlushSomeAndFlushAllStress"}
2026-10-06T20:03:10.8977014Z {"Time":"2026-10-06T20:03:10.8871222Z","Action":"output","Package":"github.com/snissn/gomap/TreeDB/caching","Test":"TestCachingDB_FlushSomeAndFlushAllStress","Output":"=== RUN   TestCachingDB_FlushSomeAndFlushAllStress\n"}
2026-10-06T20:03:12.2473555Z {"Time":"2026-10-06T20:03:12.2373862Z","Action":"output","Package":"github.com/snissn/gomap/TreeDB/caching","Test":"TestCachingDB_FlushSomeAndFlushAllStress","Output":"--- PASS: TestCachingDB_FlushSomeAndFlushAllStress (1.35s)\n"}
2026-10-06T20:03:12.2475001Z {"Time":"2026-10-06T20:03:12.2377523Z","Action":"pass","Package":"github.com/snissn/gomap/TreeDB/caching","Test":"TestCachingDB_FlushSomeAndFlushAllStress","Elapsed":1.35}
2026-10-06T20:03:12.2476197Z {"Time":"2026-10-06T20:03:12.2377523Z","Action":"run","Package":"github.com/snissn/gomap/TreeDB/caching","Test":"TestFlushCoordinatorHardOverloadFallsBackToForegroundAssist"}
2026-10-06T20:03:12.2477773Z {"Time":"2026-10-06T20:03:12.2377523Z","Action":"output","Package":"github.com/snissn/gomap/TreeDB/caching","Test":"TestFlushCoordinatorHardOverloadFallsBackToForegroundAssist","Output":"=== RUN   TestFlushCoordinatorHardOverloadFallsBackToForegroundAssist\n"}
2026-10-06T20:03:12.2480166Z {"Time":"2026-10-06T20:03:12.2377523Z","Action":"output","Package":"github.com/snissn/gomap/TreeDB/caching","Test":"TestFlushCoordinatorHardOverloadFallsBackToForegroundAssist","Output":"--- PASS: TestFlushCoordinatorHardOverloadFallsBackToForegroundAssist (0.00s)\n"}
2026-10-06T20:03:12.2481824Z {"Time":"2026-10-06T20:03:12.2377523Z","Action":"pass","Package":"github.com/snissn/gomap/TreeDB/caching","Test":"TestFlushCoordinatorHardOverloadFallsBackToForegroundAssist","Elapsed":0}
2026-10-06T20:03:12.2483356Z {"Time":"2026-10-06T20:03:12.2377523Z","Action":"run","Package":"github.com/snissn/gomap/TreeDB/caching","Test":"TestFlushCoordinatorFlushErrorRemovesActiveCredit"}
2026-10-06T20:03:12.2485209Z {"Time":"2026-10-06T20:03:12.2377523Z","Action":"output","Package":"github.com/snissn/gomap/TreeDB/caching","Test":"TestFlushCoordinatorFlushErrorRemovesActiveCredit","Output":"=== RUN   TestFlushCoordinatorFlushErrorRemovesActiveCredit\n"}
2026-10-06T20:03:12.2486964Z {"Time":"2026-10-06T20:03:12.2377523Z","Action":"output","Package":"github.com/snissn/gomap/TreeDB/caching","Test":"TestFlushCoordinatorFlushErrorRemovesActiveCredit","Output":"--- PASS: TestFlushCoordinatorFlushErrorRemovesActiveCredit (0.00s)\n"}
2026-10-06T20:03:12.2488461Z {"Time":"2026-10-06T20:03:12.2377523Z","Action":"pass","Package":"github.com/snissn/gomap/TreeDB/caching","Test":"TestFlushCoordinatorFlushErrorRemovesActiveCredit","Elapsed":0}
2026-10-06T20:03:12.2490005Z {"Time":"2026-10-06T20:03:12.2377523Z","Action":"run","Package":"github.com/snissn/gomap/TreeDB/caching","Test":"TestFlushCoordinatorCloseDrainsQueuedWork"}
2026-10-06T20:03:12.2491333Z {"Time":"2026-10-06T20:03:12.2377523Z","Action":"output","Package":"github.com/snissn/gomap/TreeDB/caching","Test":"TestFlushCoordinatorCloseDrainsQueuedWork","Output":"=== RUN   TestFlushCoordinatorCloseDrainsQueuedWork\n"}
2026-10-06T20:03:12.2494258Z {"Time":"2026-10-06T20:03:12.2414546Z","Action":"output","Package":"github.com/snissn/gomap/TreeDB/caching","Test":"TestFlushCoordinatorCloseDrainsQueuedWork","Output":"--- PASS: TestFlushCoordinatorCloseDrainsQueuedWork (0.00s)\n"}
2026-10-06T20:03:12.2496316Z {"Time":"2026-10-06T20:03:12.2414546Z","Action":"pass","Package":"github.com/snissn/gomap/TreeDB/caching","Test":"TestFlushCoordinatorCloseDrainsQueuedWork","Elapsed":0}
2026-10-06T20:03:12.2497469Z {"Time":"2026-10-06T20:03:12.2422554Z","Action":"run","Package":"github.com/snissn/gomap/TreeDB/caching","Test":"TestCachingDB_FlushAllParallelBuildCombinesMemtables"}
2026-10-06T20:03:12.2498914Z {"Time":"2026-10-06T20:03:12.2422554Z","Action":"output","Package":"github.com/snissn/gomap/TreeDB/caching","Test":"TestCachingDB_FlushAllParallelBuildCombinesMemtables","Output":"=== RUN   TestCachingDB_FlushAllParallelBuildCombinesMemtables\n"}
2026-10-06T20:03:12.2790913Z {"Time":"2026-10-06T20:03:12.2738311Z","Action":"output","Package":"github.com/snissn/gomap/TreeDB/caching","Test":"TestCachingDB_FlushAllParallelBuildCombinesMemtables","Output":"--- PASS: TestCachingDB_FlushAllParallelBuildCombinesMemtables (0.03s)\n"}
2026-10-06T20:03:12.2794012Z {"Time":"2026-10-06T20:03:12.2738311Z","Action":"pass","Package":"github.com/snissn/gomap/TreeDB/caching","Test":"TestCachingDB_FlushAllParallelBuildCombinesMemtables","Elapsed":0.03}
2026-10-06T20:03:12.2795191Z {"Time":"2026-10-06T20:03:12.2743851Z","Action":"run","Package":"github.com/snissn/gomap/TreeDB/caching","Test":"TestPutEntryRunsClearsReferences"}
2026-10-06T20:03:12.2796430Z {"Time":"2026-10-06T20:03:12.2743851Z","Action":"output","Package":"github.com/snissn/gomap/TreeDB/caching","Test":"TestPutEntryRunsClearsReferences","Output":"=== RUN   TestPutEntryRunsClearsReferences\n"}
2026-10-06T20:03:12.2797876Z {"Time":"2026-10-06T20:03:12.2743851Z","Action":"output","Package":"github.com/snissn/gomap/TreeDB/caching","Test":"TestPutEntryRunsClearsReferences","Output":"--- PASS: TestPutEntryRunsClearsReferences (0.00s)\n"}
2026-10-06T20:03:12.2799479Z {"Time":"2026-10-06T20:03:12.2743851Z","Action":"pass","Package":"github.com/snissn/gomap/TreeDB/caching","Test":"TestPutEntryRunsClearsReferences","Elapsed":0}
2026-10-06T20:03:12.2800475Z {"Time":"2026-10-06T20:03:12.2743851Z","Action":"run","Package":"github.com/snissn/gomap/TreeDB/caching","Test":"TestBuildOpRunsChunking"}
2026-10-06T20:03:12.2801627Z {"Time":"2026-10-06T20:03:12.2743851Z","Action":"output","Package":"github.com/snissn/gomap/TreeDB/caching","Test":"TestBuildOpRunsChunking","Output":"=== RUN   TestBuildOpRunsChunking\n"}
2026-10-06T20:03:12.2802936Z {"Time":"2026-10-06T20:03:12.2743851Z","Action":"output","Package":"github.com/snissn/gomap/TreeDB/caching","Test":"TestBuildOpRunsChunking","Output":"--- PASS: TestBuildOpRunsChunking (0.00s)\n"}
2026-10-06T20:03:12.2804440Z {"Time":"2026-10-06T20:03:12.2743851Z","Action":"pass","Package":"github.com/snissn/gomap/TreeDB/caching","Test":"TestBuildOpRunsChunking","Elapsed":0}
2026-10-06T20:03:12.2805551Z {"Time":"2026-10-06T20:03:12.2743851Z","Action":"run","Package":"github.com/snissn/gomap/TreeDB/caching","Test":"TestFlushDeferredValueLogMemtableReservesBackendBatch"}
2026-10-06T20:03:12.2807221Z {"Time":"2026-10-06T20:03:12.2743851Z","Action":"output","Package":"github.com/snissn/gomap/TreeDB/caching","Test":"TestFlushDeferredValueLogMemtableReservesBackendBatch","Output":"=== RUN   TestFlushDeferredValueLogMemtableReservesBackendBatch\n"}
2026-10-06T20:03:12.2809447Z {"Time":"2026-10-06T20:03:12.2743851Z","Action":"output","Package":"github.com/snissn/gomap/TreeDB/caching","Test":"TestFlushDeferredValueLogMemtableReservesBackendBatch","Output":"--- PASS: TestFlushDeferredValueLogMemtableReservesBackendBatch (0.00s)\n"}
2026-10-06T20:03:12.2811040Z {"Time":"2026-10-06T20:03:12.2743851Z","Action":"pass","Package":"github.com/snissn/gomap/TreeDB/caching","Test":"TestFlushDeferredValueLogMemtableReservesBackendBatch","Elapsed":0}
2026-10-06T20:03:12.2813047Z {"Time":"2026-10-06T20:03:12.2749038Z","Action":"run","Package":"github.com/snissn/gomap/TreeDB/caching","Test":"TestOuterLeafArenaLeaseRoundTripWithOversizeReuse"}
2026-10-06T20:03:12.2815010Z {"Time":"2026-10-06T20:03:12.2749038Z","Action":"output","Package":"github.com/snissn/gomap/TreeDB/caching","Test":"TestOuterLeafArenaLeaseRoundTripWithOversizeReuse","Output":"=== RUN   TestOuterLeafArenaLeaseRoundTripWithOversizeReuse\n"}
2026-10-06T20:03:12.2817024Z {"Time":"2026-10-06T20:03:12.2749038Z","Action":"output","Package":"github.com/snissn/gomap/TreeDB/caching","Test":"TestOuterLeafArenaLeaseRoundTripWithOversizeReuse","Output":"--- PASS: TestOuterLeafArenaLeaseRoundTripWithOversizeReuse (0.00s)\n"}
2026-10-06T20:03:12.2818554Z {"Time":"2026-10-06T20:03:12.2749038Z","Action":"pass","Package":"github.com/snissn/gomap/TreeDB/caching","Test":"TestOuterLeafArenaLeaseRoundTripWithOversizeReuse","Elapsed":0}
2026-10-06T20:03:12.2819722Z {"Time":"2026-10-06T20:03:12.2749038Z","Action":"run","Package":"github.com/snissn/gomap/TreeDB/caching","Test":"TestEntrySliceLeaseRoundTripWithOversizeReuse"}
2026-10-06T20:03:12.2821523Z {"Time":"2026-10-06T20:03:12.2749038Z","Action":"output","Package":"github.com/snissn/gomap/TreeDB/caching","Test":"TestEntrySliceLeaseRoundTripWithOversizeReuse","Output":"=== RUN   TestEntrySliceLeaseRoundTripWithOversizeReuse\n"}
2026-10-06T20:03:12.2823231Z {"Time":"2026-10-06T20:03:12.2749038Z","Action":"output","Package":"github.com/snissn/gomap/TreeDB/caching","Test":"TestEntrySliceLeaseRoundTripWithOversizeReuse","Output":"--- PASS: TestEntrySliceLeaseRoundTripWithOversizeReuse (0.00s)\n"}
2026-10-06T20:03:12.2824674Z {"Time":"2026-10-06T20:03:12.2749038Z","Action":"pass","Package":"github.com/snissn/gomap/TreeDB/caching","Test":"TestEntrySliceLeaseRoundTripWithOversizeReuse","Elapsed":0}
2026-10-06T20:03:12.2826162Z {"Time":"2026-10-06T20:03:12.2749038Z","Action":"run","Package":"github.com/snissn/gomap/TreeDB/caching","Test":"TestEntrySliceLeaseRejectsRoundedBucketAbovePressureCap"}
2026-10-06T20:03:12.2827915Z {"Time":"2026-10-06T20:03:12.2749038Z","Action":"output","Package":"github.com/snissn/gomap/TreeDB/caching","Test":"TestEntrySliceLeaseRejectsRoundedBucketAbovePressureCap","Output":"=== RUN   TestEntrySliceLeaseRejectsRoundedBucketAbovePressureCap\n"}
2026-10-06T20:03:12.2830327Z {"Time":"2026-10-06T20:03:12.2781528Z","Action":"output","Package":"github.com/snissn/gomap/TreeDB/caching","Test":"TestEntrySliceLeaseRejectsRoundedBucketAbovePressureCap","Output":"--- PASS: TestEntrySliceLeaseRejectsRoundedBucketAbovePressureCap (0.00s)\n"}
2026-10-06T20:03:12.2833443Z {"Time":"2026-10-06T20:03:12.2781528Z","Action":"pass","Package":"github.com/snissn/gomap/TreeDB/caching","Test":"TestEntrySliceLeaseRejectsRoundedBucketAbovePressureCap","Elapsed":0}
2026-10-06T20:03:12.2835634Z {"Time":"2026-10-06T20:03:12.2781528Z","Action":"run","Package":"github.com/snissn/gomap/TreeDB/caching","Test":"TestPutEntrySliceBudgetCapsRetention"}
2026-10-06T20:03:12.2837552Z {"Time":"2026-10-06T20:03:12.2781528Z","Action":"output","Package":"github.com/snissn/gomap/TreeDB/caching","Test":"TestPutEntrySliceBudgetCapsRetention","Output":"=== RUN   TestPutEntrySliceBudgetCapsRetention\n"}
2026-10-06T20:03:12.2839115Z {"Time":"2026-10-06T20:03:12.2781528Z","Action":"output","Package":"github.com/snissn/gomap/TreeDB/caching","Test":"TestPutEntrySliceBudgetCapsRetention","Output":"--- PASS: TestPutEntrySliceBudgetCapsRetention (0.00s)\n"}
2026-10-06T20:03:12.2840429Z {"Time":"2026-10-06T20:03:12.2781528Z","Action":"pass","Package":"github.com/snissn/gomap/TreeDB/caching","Test":"TestPutEntrySliceBudgetCapsRetention","Elapsed":0}
2026-10-06T20:03:12.2841630Z {"Time":"2026-10-06T20:03:12.2781528Z","Action":"run","Package":"github.com/snissn/gomap/TreeDB/caching","Test":"TestMaybeResetEntrySlicePoolBytesAfterGC_FirstEpochKeepsAccountedBytes"}
2026-10-06T20:03:12.2843813Z {"Time":"2026-10-06T20:03:12.2781528Z","Action":"output","Package":"github.com/snissn/gomap/TreeDB/caching","Test":"TestMaybeResetEntrySlicePoolBytesAfterGC_FirstEpochKeepsAccountedBytes","Output":"=== RUN   TestMaybeResetEntrySlicePoolBytesAfterGC_FirstEpochKeepsAccountedBytes\n"}
2026-10-06T20:03:12.2878638Z {"Time":"2026-10-06T20:03:12.2781528Z","Action":"output","Package":"github.com/snissn/gomap/TreeDB/caching","Test":"TestMaybeResetEntrySlicePoolBytesAfterGC_FirstEpochKeepsAccountedBytes","Output":"--- PASS: TestMaybeResetEntrySlicePoolBytesAfterGC_FirstEpochKeepsAccountedBytes (0.00s)\n"}
2026-10-06T20:03:12.2880462Z {"Time":"2026-10-06T20:03:12.2781528Z","Action":"pass","Package":"github.com/snissn/gomap/TreeDB/caching","Test":"TestMaybeResetEntrySlicePoolBytesAfterGC_FirstEpochKeepsAccountedBytes","Elapsed":0}
2026-10-06T20:03:12.2882137Z {"Time":"2026-10-06T20:03:12.2781528Z","Action":"run","Package":"github.com/snissn/gomap/TreeDB/caching","Test":"TestOuterLeafArenaMaxReuseCapClampOverflow"}
2026-10-06T20:03:12.2883503Z {"Time":"2026-10-06T20:03:12.2781528Z","Action":"output","Package":"github.com/snissn/gomap/TreeDB/caching","Test":"TestOuterLeafArenaMaxReuseCapClampOverflow","Output":"=== RUN   TestOuterLeafArenaMaxReuseCapClampOverflow\n"}
2026-10-06T20:03:12.2885138Z {"Time":"2026-10-06T20:03:12.2786798Z","Action":"output","Package":"github.com/snissn/gomap/TreeDB/caching","Test":"TestOuterLeafArenaMaxReuseCapClampOverflow","Output":"--- PASS: TestOuterLeafArenaMaxReuseCapClampOverflow (0.00s)\n"}
2026-10-06T20:03:12.2886883Z {"Time":"2026-10-06T20:03:12.2786798Z","Action":"pass","Package":"github.com/snissn/gomap/TreeDB/caching","Test":"TestOuterLeafArenaMaxReuseCapClampOverflow","Elapsed":0}
2026-10-06T20:03:12.2888175Z {"Time":"2026-10-06T20:03:12.2786798Z","Action":"run","Package":"github.com/snissn/gomap/TreeDB/caching","Test":"TestAppendOnlyMemtableLeaseReuse"}
2026-10-06T20:03:12.2889409Z {"Time":"2026-10-06T20:03:12.2786798Z","Action":"output","Package":"github.com/snissn/gomap/TreeDB/caching","Test":"TestAppendOnlyMemtableLeaseReuse","Output":"=== RUN   TestAppendOnlyMemtableLeaseReuse\n"}
2026-10-06T20:03:12.2890873Z {"Time":"2026-10-06T20:03:12.2786798Z","Action":"output","Package":"github.com/snissn/gomap/TreeDB/caching","Test":"TestAppendOnlyMemtableLeaseReuse","Output":"--- PASS: TestAppendOnlyMemtableLeaseReuse (0.00s)\n"}
2026-10-06T20:03:12.2892527Z {"Time":"2026-10-06T20:03:12.2786798Z","Action":"pass","Package":"github.com/snissn/gomap/TreeDB/caching","Test":"TestAppendOnlyMemtableLeaseReuse","Elapsed":0}
2026-10-06T20:03:12.2893706Z {"Time":"2026-10-06T20:03:12.2786798Z","Action":"run","Package":"github.com/snissn/gomap/TreeDB/caching","Test":"TestFlushLaneOnce_UsesPointerViewForCanonicalizedUnstableIterators"}
2026-10-06T20:03:12.2895781Z {"Time":"2026-10-06T20:03:12.2786798Z","Action":"output","Package":"github.com/snissn/gomap/TreeDB/caching","Test":"TestFlushLaneOnce_UsesPointerViewForCanonicalizedUnstableIterators","Output":"=== RUN   TestFlushLaneOnce_UsesPointerViewForCanonicalizedUnstableIterators\n"}
2026-10-06T20:03:12.3093445Z {"Time":"2026-10-06T20:03:12.303942Z","Action":"output","Package":"github.com/snissn/gomap/TreeDB/caching","Test":"TestFlushLaneOnce_UsesPointerViewForCanonicalizedUnstableIterators","Output":"--- PASS: TestFlushLaneOnce_UsesPointerViewForCanonicalizedUnstableIterators (0.03s)\n"}
2026-10-06T20:03:12.3095859Z {"Time":"2026-10-06T20:03:12.303942Z","Action":"pass","Package":"github.com/snissn/gomap/TreeDB/caching","Test":"TestFlushLaneOnce_UsesPointerViewForCanonicalizedUnstableIterators","Elapsed":0.03}
2026-10-06T20:03:12.3097202Z {"Time":"2026-10-06T20:03:12.303942Z","Action":"run","Package":"github.com/snissn/gomap/TreeDB/caching","Test":"TestGetMany_MemtablePointerValues_DefensiveCopyAndCapacityCapped"}
2026-10-06T20:03:12.3098795Z {"Time":"2026-10-06T20:03:12.303942Z","Action":"output","Package":"github.com/snissn/gomap/TreeDB/caching","Test":"TestGetMany_MemtablePointerValues_DefensiveCopyAndCapacityCapped","Output":"=== RUN   TestGetMany_MemtablePointerValues_DefensiveCopyAndCapacityCapped\n"}
2026-10-06T20:03:12.4356393Z {"Time":"2026-10-06T20:03:12.421887Z","Action":"output","Package":"github.com/snissn/gomap/TreeDB/caching","Test":"TestGetMany_MemtablePointerValues_DefensiveCopyAndCapacityCapped","Output":"--- PASS: TestGetMany_MemtablePointerValues_DefensiveCopyAndCapacityCapped (0.12s)\n"}
2026-10-06T20:03:12.4359614Z {"Time":"2026-10-06T20:03:12.421887Z","Action":"pass","Package":"github.com/snissn/gomap/TreeDB/caching","Test":"TestGetMany_MemtablePointerValues_DefensiveCopyAndCapacityCapped","Elapsed":0.12}
2026-10-06T20:03:12.4360900Z {"Time":"2026-10-06T20:03:12.421887Z","Action":"run","Package":"github.com/snissn/gomap/TreeDB/caching","Test":"TestIterator_BackendOnlyFastPathUsesBackendIterator"}
2026-10-06T20:03:12.4362812Z {"Time":"2026-10-06T20:03:12.421887Z","Action":"output","Package":"github.com/snissn/gomap/TreeDB/caching","Test":"TestIterator_BackendOnlyFastPathUsesBackendIterator","Output":"=== RUN   TestIterator_BackendOnlyFastPathUsesBackendIterator\n"}
2026-10-06T20:03:12.4364569Z {"Time":"2026-10-06T20:03:12.4262503Z","Action":"output","Package":"github.com/snissn/gomap/TreeDB/caching","Test":"TestIterator_BackendOnlyFastPathUsesBackendIterator","Output":"--- PASS: TestIterator_BackendOnlyFastPathUsesBackendIterator (0.00s)\n"}
2026-10-06T20:03:12.4366082Z {"Time":"2026-10-06T20:03:12.4262503Z","Action":"pass","Package":"github.com/snissn/gomap/TreeDB/caching","Test":"TestIterator_BackendOnlyFastPathUsesBackendIterator","Elapsed":0}
2026-10-06T20:03:12.4367250Z {"Time":"2026-10-06T20:03:12.426834Z","Action":"run","Package":"github.com/snissn/gomap/TreeDB/caching","Test":"TestIterator_IncludesCachedWrites_ValuePointers"}
2026-10-06T20:03:12.4368985Z {"Time":"2026-10-06T20:03:12.426834Z","Action":"output","Package":"github.com/snissn/gomap/TreeDB/caching","Test":"TestIterator_IncludesCachedWrites_ValuePointers","Output":"=== RUN   TestIterator_IncludesCachedWrites_ValuePointers\n"}
2026-10-06T20:03:12.4510430Z {"Time":"2026-10-06T20:03:12.4407525Z","Action":"output","Package":"github.com/snissn/gomap/TreeDB/caching","Test":"TestIterator_IncludesCachedWrites_ValuePointers","Output":"--- PASS: TestIterator_IncludesCachedWrites_ValuePointers (0.01s)\n"}
2026-10-06T20:03:12.4513482Z {"Time":"2026-10-06T20:03:12.4407525Z","Action":"pass","Package":"github.com/snissn/gomap/TreeDB/caching","Test":"TestIterator_IncludesCachedWrites_ValuePointers","Elapsed":0.01}
2026-10-06T20:03:12.4515959Z {"Time":"2026-10-06T20:03:12.4407525Z","Action":"run","Package":"github.com/snissn/gomap/TreeDB/caching","Test":"TestRetiredMemtableHoldWaitsForUntrackedRetainAfterTrackedRelease"}
2026-10-06T20:03:12.4519211Z {"Time":"2026-10-06T20:03:12.4407525Z","Action":"output","Package":"github.com/snissn/gomap/TreeDB/caching","Test":"TestRetiredMemtableHoldWaitsForUntrackedRetainAfterTrackedRelease","Output":"=== RUN   TestRetiredMemtableHoldWaitsForUntrackedRetainAfterTrackedRelease\n"}
2026-10-06T20:03:12.4664996Z {"Time":"2026-10-06T20:03:12.457736Z","Action":"output","Package":"github.com/snissn/gomap/TreeDB/caching","Test":"TestRetiredMemtableHoldWaitsForUntrackedRetainAfterTrackedRelease","Output":"--- PASS: TestRetiredMemtableHoldWaitsForUntrackedRetainAfterTrackedRelease (0.02s)\n"}
2026-10-06T20:03:12.4667615Z {"Time":"2026-10-06T20:03:12.457736Z","Action":"pass","Package":"github.com/snissn/gomap/TreeDB/caching","Test":"TestRetiredMemtableHoldWaitsForUntrackedRetainAfterTrackedRelease","Elapsed":0.02}
2026-10-06T20:03:12.4669656Z {"Time":"2026-10-06T20:03:12.457736Z","Action":"run","Package":"github.com/snissn/gomap/TreeDB/caching","Test":"TestIterator_BackendErrorClosesQueuedIterators"}
2026-10-06T20:03:12.4671035Z {"Time":"2026-10-06T20:03:12.457736Z","Action":"output","Package":"github.com/snissn/gomap/TreeDB/caching","Test":"TestIterator_BackendErrorClosesQueuedIterators","Output":"=== RUN   TestIterator_BackendErrorClosesQueuedIterators\n"}
2026-10-06T20:03:12.4826291Z {"Time":"2026-10-06T20:03:12.4734781Z","Action":"output","Package":"github.com/snissn/gomap/TreeDB/caching","Test":"TestIterator_BackendErrorClosesQueuedIterators","Output":"--- PASS: TestIterator_BackendErrorClosesQueuedIterators (0.02s)\n"}
2026-10-06T20:03:12.4831196Z {"Time":"2026-10-06T20:03:12.4734781Z","Action":"pass","Package":"github.com/snissn/gomap/TreeDB/caching","Test":"TestIterator_BackendErrorClosesQueuedIterators","Elapsed":0.02}
2026-10-06T20:03:12.4834866Z {"Time":"2026-10-06T20:03:12.4734781Z","Action":"run","Package":"github.com/snissn/gomap/TreeDB/caching","Test":"TestRotateWithCapacity_EnqueuesOnlyNonEmptyShards"}
2026-10-06T20:03:12.4838480Z {"Time":"2026-10-06T20:03:12.4734781Z","Action":"output","Package":"github.com/snissn/gomap/TreeDB/caching","Test":"TestRotateWithCapacity_EnqueuesOnlyNonEmptyShards","Output":"=== RUN   TestRotateWithCapacity_EnqueuesOnlyNonEmptyShards\n"}
2026-10-06T20:03:12.4970059Z {"Time":"2026-10-06T20:03:12.4901955Z","Action":"output","Package":"github.com/snissn/gomap/TreeDB/caching","Test":"TestRotateWithCapacity_EnqueuesOnlyNonEmptyShards","Output":"--- PASS: TestRotateWithCapacity_EnqueuesOnlyNonEmptyShards (0.02s)\n"}
2026-10-06T20:03:12.4971674Z {"Time":"2026-10-06T20:03:12.4907128Z","Action":"pass","Package":"github.com/snissn/gomap/TreeDB/caching","Test":"TestRotateWithCapacity_EnqueuesOnlyNonEmptyShards","Elapsed":0.02}
2026-10-06T20:03:12.4972903Z {"Time":"2026-10-06T20:03:12.4907128Z","Action":"run","Package":"github.com/snissn/gomap/TreeDB/caching","Test":"TestOpenStatsExposeExplicitJournalLaneOverride"}
2026-10-06T20:03:12.4974955Z {"Time":"2026-10-06T20:03:12.4907128Z","Action":"output","Package":"github.com/snissn/gomap/TreeDB/caching","Test":"TestOpenStatsExposeExplicitJournalLaneOverride","Output":"=== RUN   TestOpenStatsExposeExplicitJournalLaneOverride\n"}
2026-10-06T20:03:12.5279291Z {"Time":"2026-10-06T20:03:12.5231285Z","Action":"output","Package":"github.com/snissn/gomap/TreeDB/caching","Test":"TestOpenStatsExposeExplicitJournalLaneOverride","Output":"--- PASS: TestOpenStatsExposeExplicitJournalLaneOverride (0.03s)\n"}
2026-10-06T20:03:12.5280872Z {"Time":"2026-10-06T20:03:12.5231285Z","Action":"pass","Package":"github.com/snissn/gomap/TreeDB/caching","Test":"TestOpenStatsExposeExplicitJournalLaneOverride","Elapsed":0.03}
2026-10-06T20:03:12.5282706Z {"Time":"2026-10-06T20:03:12.5231285Z","Action":"run","Package":"github.com/snissn/gomap/TreeDB/caching","Test":"TestLeafGenerationPackReclaimPerByteCopiedPPM_OverflowSafe"}
2026-10-06T20:03:12.5284297Z {"Time":"2026-10-06T20:03:12.5231285Z","Action":"output","Package":"github.com/snissn/gomap/TreeDB/caching","Test":"TestLeafGenerationPackReclaimPerByteCopiedPPM_OverflowSafe","Output":"=== RUN   TestLeafGenerationPackReclaimPerByteCopiedPPM_OverflowSafe\n"}
2026-10-06T20:03:12.5286204Z {"Time":"2026-10-06T20:03:12.5231285Z","Action":"output","Package":"github.com/snissn/gomap/TreeDB/caching","Test":"TestLeafGenerationPackReclaimPerByteCopiedPPM_OverflowSafe","Output":"--- PASS: TestLeafGenerationPackReclaimPerByteCopiedPPM_OverflowSafe (0.00s)\n"}
2026-10-06T20:03:12.5288204Z {"Time":"2026-10-06T20:03:12.5231285Z","Action":"pass","Package":"github.com/snissn/gomap/TreeDB/caching","Test":"TestLeafGenerationPackReclaimPerByteCopiedPPM_OverflowSafe","Elapsed":0}
2026-10-06T20:03:12.5289459Z {"Time":"2026-10-06T20:03:12.5231285Z","Action":"run","Package":"github.com/snissn/gomap/TreeDB/caching","Test":"TestCachingLeafPageLogConcurrentSequenceReservations"}
2026-10-06T20:03:12.5290936Z {"Time":"2026-10-06T20:03:12.5231285Z","Action":"output","Package":"github.com/snissn/gomap/TreeDB/caching","Test":"TestCachingLeafPageLogConcurrentSequenceReservations","Output":"=== RUN   TestCachingLeafPageLogConcurrentSequenceReservations\n"}
2026-10-06T20:03:12.5292936Z {"Time":"2026-10-06T20:03:12.5248035Z","Action":"output","Package":"github.com/snissn/gomap/TreeDB/caching","Test":"TestCachingLeafPageLogConcurrentSequenceReservations","Output":"--- PASS: TestCachingLeafPageLogConcurrentSequenceReservations (0.00s)\n"}
2026-10-06T20:03:12.5294709Z {"Time":"2026-10-06T20:03:12.5253735Z","Action":"pass","Package":"github.com/snissn/gomap/TreeDB/caching","Test":"TestCachingLeafPageLogConcurrentSequenceReservations","Elapsed":0}
2026-10-06T20:03:12.5296815Z {"Time":"2026-10-06T20:03:12.5253735Z","Action":"run","Package":"github.com/snissn/gomap/TreeDB/caching","Test":"TestValueLogLaneForFileID_LeafAppendLookupDoesNotAllocate"}
2026-10-06T20:03:12.5299523Z {"Time":"2026-10-06T20:03:12.5253735Z","Action":"output","Package":"github.com/snissn/gomap/TreeDB/caching","Test":"TestValueLogLaneForFileID_LeafAppendLookupDoesNotAllocate","Output":"=== RUN   TestValueLogLaneForFileID_LeafAppendLookupDoesNotAllocate\n"}
2026-10-06T20:03:12.5301420Z {"Time":"2026-10-06T20:03:12.5253735Z","Action":"output","Package":"github.com/snissn/gomap/TreeDB/caching","Test":"TestValueLogLaneForFileID_LeafAppendLookupDoesNotAllocate","Output":"--- PASS: TestValueLogLaneForFileID_LeafAppendLookupDoesNotAllocate (0.00s)\n"}
2026-10-06T20:03:12.5302976Z {"Time":"2026-10-06T20:03:12.5253735Z","Action":"pass","Package":"github.com/snissn/gomap/TreeDB/caching","Test":"TestValueLogLaneForFileID_LeafAppendLookupDoesNotAllocate","Elapsed":0}
2026-10-06T20:03:12.5305287Z {"Time":"2026-10-06T20:03:12.5253735Z","Action":"run","Package":"github.com/snissn/gomap/TreeDB/caching","Test":"TestCachingLeafPageLog_SyncRespectsRelaxedSync"}
2026-10-06T20:03:12.5306996Z {"Time":"2026-10-06T20:03:12.5253735Z","Action":"output","Package":"github.com/snissn/gomap/TreeDB/caching","Test":"TestCachingLeafPageLog_SyncRespectsRelaxedSync","Output":"=== RUN   TestCachingLeafPageLog_SyncRespectsRelaxedSync\n"}
2026-10-06T20:03:12.5308654Z {"Time":"2026-10-06T20:03:12.5270503Z","Action":"output","Package":"github.com/snissn/gomap/TreeDB/caching","Test":"TestCachingLeafPageLog_SyncRespectsRelaxedSync","Output":"--- PASS: TestCachingLeafPageLog_SyncRespectsRelaxedSync (0.00s)\n"}
2026-10-06T20:03:12.5310443Z {"Time":"2026-10-06T20:03:12.5270503Z","Action":"pass","Package":"github.com/snissn/gomap/TreeDB/caching","Test":"TestCachingLeafPageLog_SyncRespectsRelaxedSync","Elapsed":0}
2026-10-06T20:03:12.5311650Z {"Time":"2026-10-06T20:03:12.5270503Z","Action":"run","Package":"github.com/snissn/gomap/TreeDB/caching","Test":"TestCachingLeafPageLog_AppendLeafPagesGroupsPointersAndPayloads"}
2026-10-06T20:03:12.5313261Z {"Time":"2026-10-06T20:03:12.5270503Z","Action":"output","Package":"github.com/snissn/gomap/TreeDB/caching","Test":"TestCachingLeafPageLog_AppendLeafPagesGroupsPointersAndPayloads","Output":"=== RUN   TestCachingLeafPageLog_AppendLeafPagesGroupsPointersAndPayloads\n"}
2026-10-06T20:03:12.5315582Z {"Time":"2026-10-06T20:03:12.5297002Z","Action":"output","Package":"github.com/snissn/gomap/TreeDB/caching","Test":"TestCachingLeafPageLog_AppendLeafPagesGroupsPointersAndPayloads","Output":"--- PASS: TestCachingLeafPageLog_AppendLeafPagesGroupsPointersAndPayloads (0.00s)\n"}
2026-10-06T20:03:12.5317499Z {"Time":"2026-10-06T20:03:12.5303723Z","Action":"pass","Package":"github.com/snissn/gomap/TreeDB/caching","Test":"TestCachingLeafPageLog_AppendLeafPagesGroupsPointersAndPayloads","Elapsed":0}
2026-10-06T20:03:12.5318737Z {"Time":"2026-10-06T20:03:12.5303723Z","Action":"run","Package":"github.com/snissn/gomap/TreeDB/caching","Test":"TestCachingSpanNativeLeafLogOutputUsesSelectedLanes"}
2026-10-06T20:03:12.5320215Z {"Time":"2026-10-06T20:03:12.5303723Z","Action":"output","Package":"github.com/snissn/gomap/TreeDB/caching","Test":"TestCachingSpanNativeLeafLogOutputUsesSelectedLanes","Output":"=== RUN   TestCachingSpanNativeLeafLogOutputUsesSelectedLanes\n"}
2026-10-06T20:03:12.7640780Z {"Time":"2026-10-06T20:03:12.7609435Z","Action":"output","Package":"github.com/snissn/gomap/TreeDB/caching","Test":"TestCachingSpanNativeLeafLogOutputUsesSelectedLanes","Output":"--- PASS: TestCachingSpanNativeLeafLogOutputUsesSelectedLanes (0.23s)\n"}
2026-10-06T20:03:12.7642448Z {"Time":"2026-10-06T20:03:12.7609435Z","Action":"pass","Package":"github.com/snissn/gomap/TreeDB/caching","Test":"TestCachingSpanNativeLeafLogOutputUsesSelectedLanes","Elapsed":0.23}
2026-10-06T20:03:12.7644037Z {"Time":"2026-10-06T20:03:12.7609435Z","Action":"run","Package":"github.com/snissn/gomap/TreeDB/caching","Test":"TestCachingLeafPageLogLaneMaintenanceAdvanceUsesUniqueSequences"}
2026-10-06T20:03:12.7653657Z {"Time":"2026-10-06T20:03:12.7609435Z","Action":"output","Package":"github.com/snissn/gomap/TreeDB/caching","Test":"TestCachingLeafPageLogLaneMaintenanceAdvanceUsesUniqueSequences","Output":"=== RUN   TestCachingLeafPageLogLaneMaintenanceAdvanceUsesUniqueSequences\n"}
2026-10-06T20:03:12.8688918Z {"Time":"2026-10-06T20:03:12.8557729Z","Action":"output","Package":"github.com/snissn/gomap/TreeDB/caching","Test":"TestCachingLeafPageLogLaneMaintenanceAdvanceUsesUniqueSequences","Output":"--- PASS: TestCachingLeafPageLogLaneMaintenanceAdvanceUsesUniqueSequences (0.10s)\n"}
2026-10-06T20:03:12.8690763Z {"Time":"2026-10-06T20:03:12.8557729Z","Action":"pass","Package":"github.com/snissn/gomap/TreeDB/caching","Test":"TestCachingLeafPageLogLaneMaintenanceAdvanceUsesUniqueSequences","Elapsed":0.1}
2026-10-06T20:03:12.8692488Z {"Time":"2026-10-06T20:03:12.8557729Z","Action":"run","Package":"github.com/snissn/gomap/TreeDB/caching","Test":"TestCollectLeafRefValueLogLiveIDs_RespectsCanceledContext"}
2026-10-06T20:03:12.8694220Z {"Time":"2026-10-06T20:03:12.856513Z","Action":"output","Package":"github.com/snissn/gomap/TreeDB/caching","Test":"TestCollectLeafRefValueLogLiveIDs_RespectsCanceledContext","Output":"=== RUN   TestCollectLeafRefValueLogLiveIDs_RespectsCanceledContext\n"}
2026-10-06T20:03:12.8696068Z {"Time":"2026-10-06T20:03:12.856513Z","Action":"output","Package":"github.com/snissn/gomap/TreeDB/caching","Test":"TestCollectLeafRefValueLogLiveIDs_RespectsCanceledContext","Output":"--- PASS: TestCollectLeafRefValueLogLiveIDs_RespectsCanceledContext (0.00s)\n"}
2026-10-06T20:03:12.8698286Z {"Time":"2026-10-06T20:03:12.856513Z","Action":"pass","Package":"github.com/snissn/gomap/TreeDB/caching","Test":"TestCollectLeafRefValueLogLiveIDs_RespectsCanceledContext","Elapsed":0}
2026-10-06T20:03:12.8699426Z {"Time":"2026-10-06T20:03:12.856513Z","Action":"run","Package":"github.com/snissn/gomap/TreeDB/caching","Test":"TestBatchSetCallerStatsSampled"}
2026-10-06T20:03:12.8700631Z {"Time":"2026-10-06T20:03:12.856513Z","Action":"output","Package":"github.com/snissn/gomap/TreeDB/caching","Test":"TestBatchSetCallerStatsSampled","Output":"=== RUN   TestBatchSetCallerStatsSampled\n"}
2026-10-06T20:03:12.8702145Z {"Time":"2026-10-06T20:03:12.8618239Z","Action":"output","Package":"github.com/snissn/gomap/TreeDB/caching","Test":"TestBatchSetCallerStatsSampled","Output":"--- PASS: TestBatchSetCallerStatsSampled (0.01s)\n"}
2026-10-06T20:03:12.8703624Z {"Time":"2026-10-06T20:03:12.8618239Z","Action":"pass","Package":"github.com/snissn/gomap/TreeDB/caching","Test":"TestBatchSetCallerStatsSampled","Elapsed":0.01}
2026-10-06T20:03:12.8704744Z {"Time":"2026-10-06T20:03:12.8618239Z","Action":"run","Package":"github.com/snissn/gomap/TreeDB/caching","Test":"TestAdaptiveMemtableMode_EarlyRotationKeepsSampling"}
2026-10-06T20:03:12.8706167Z {"Time":"2026-10-06T20:03:12.8618239Z","Action":"output","Package":"github.com/snissn/gomap/TreeDB/caching","Test":"TestAdaptiveMemtableMode_EarlyRotationKeepsSampling","Output":"=== RUN   TestAdaptiveMemtableMode_EarlyRotationKeepsSampling\n"}
2026-10-06T20:03:12.8707887Z {"Time":"2026-10-06T20:03:12.8618239Z","Action":"run","Package":"github.com/snissn/gomap/TreeDB/caching","Test":"TestAdaptiveMemtableMode_EarlyRotationKeepsSampling/snapshot/mixed"}
2026-10-06T20:03:12.8709676Z {"Time":"2026-10-06T20:03:12.8618239Z","Action":"output","Package":"github.com/snissn/gomap/TreeDB/caching","Test":"TestAdaptiveMemtableMode_EarlyRotationKeepsSampling/snapshot/mixed","Output":"=== RUN   TestAdaptiveMemtableMode_EarlyRotationKeepsSampling/snapshot/mixed\n"}
2026-10-06T20:03:12.9469630Z {"Time":"2026-10-06T20:03:12.9420525Z","Action":"output","Package":"github.com/snissn/gomap/TreeDB/caching","Test":"TestAdaptiveMemtableMode_EarlyRotationKeepsSampling/snapshot/mixed","Output":"--- PASS: TestAdaptiveMemtableMode_EarlyRotationKeepsSampling/snapshot/mixed (0.08s)\n"}
2026-10-06T20:03:12.9472421Z {"Time":"2026-10-06T20:03:12.9420525Z","Action":"pass","Package":"github.com/snissn/gomap/TreeDB/caching","Test":"TestAdaptiveMemtableMode_EarlyRotationKeepsSampling/snapshot/mixed","Elapsed":0.08}
2026-10-06T20:03:12.9474447Z {"Time":"2026-10-06T20:03:12.9420525Z","Action":"run","Package":"github.com/snissn/gomap/TreeDB/caching","Test":"TestAdaptiveMemtableMode_EarlyRotationKeepsSampling/snapshot/sequential"}
2026-10-06T20:03:12.9476647Z {"Time":"2026-10-06T20:03:12.9420525Z","Action":"output","Package":"github.com/snissn/gomap/TreeDB/caching","Test":"TestAdaptiveMemtableMode_EarlyRotationKeepsSampling/snapshot/sequential","Output":"=== RUN   TestAdaptiveMemtableMode_EarlyRotationKeepsSampling/snapshot/sequential\n"}
2026-10-06T20:03:13.0558712Z {"Time":"2026-10-06T20:03:13.0415526Z","Action":"output","Package":"github.com/snissn/gomap/TreeDB/caching","Test":"TestAdaptiveMemtableMode_EarlyRotationKeepsSampling/snapshot/sequential","Output":"--- PASS: TestAdaptiveMemtableMode_EarlyRotationKeepsSampling/snapshot/sequential (0.10s)\n"}
2026-10-06T20:03:13.0561163Z {"Time":"2026-10-06T20:03:13.0415526Z","Action":"pass","Package":"github.com/snissn/gomap/TreeDB/caching","Test":"TestAdaptiveMemtableMode_EarlyRotationKeepsSampling/snapshot/sequential","Elapsed":0.1}
2026-10-06T20:03:13.0562701Z {"Time":"2026-10-06T20:03:13.0415526Z","Action":"run","Package":"github.com/snissn/gomap/TreeDB/caching","Test":"TestAdaptiveMemtableMode_EarlyRotationKeepsSampling/iterator/mixed"}
2026-10-06T20:03:13.0564572Z {"Time":"2026-10-06T20:03:13.0415526Z","Action":"output","Package":"github.com/snissn/gomap/TreeDB/caching","Test":"TestAdaptiveMemtableMode_EarlyRotationKeepsSampling/iterator/mixed","Output":"=== RUN   TestAdaptiveMemtableMode_EarlyRotationKeepsSampling/iterator/mixed\n"}
2026-10-06T20:03:13.1206950Z {"Time":"2026-10-06T20:03:13.1183103Z","Action":"output","Package":"github.com/snissn/gomap/TreeDB/caching","Test":"TestAdaptiveMemtableMode_EarlyRotationKeepsSampling/iterator/mixed","Output":"--- PASS: TestAdaptiveMemtableMode_EarlyRotationKeepsSampling/iterator/mixed (0.08s)\n"}
2026-10-06T20:03:13.1210701Z {"Time":"2026-10-06T20:03:13.1183103Z","Action":"pass","Package":"github.com/snissn/gomap/TreeDB/caching","Test":"TestAdaptiveMemtableMode_EarlyRotationKeepsSampling/iterator/mixed","Elapsed":0.08}
2026-10-06T20:03:13.1212096Z {"Time":"2026-10-06T20:03:13.1196954Z","Action":"run","Package":"github.com/snissn/gomap/TreeDB/caching","Test":"TestAdaptiveMemtableMode_EarlyRotationKeepsSampling/iterator/sequential"}
2026-10-06T20:03:13.1214403Z {"Time":"2026-10-06T20:03:13.1196954Z","Action":"output","Package":"github.com/snissn/gomap/TreeDB/caching","Test":"TestAdaptiveMemtableMode_EarlyRotationKeepsSampling/iterator/sequential","Output":"=== RUN   TestAdaptiveMemtableMode_EarlyRotationKeepsSampling/iterator/sequential\n"}
2026-10-06T20:03:13.2263653Z {"Time":"2026-10-06T20:03:13.2236246Z","Action":"output","Package":"github.com/snissn/gomap/TreeDB/caching","Test":"TestAdaptiveMemtableMode_EarlyRotationKeepsSampling/iterator/sequential","Output":"--- PASS: TestAdaptiveMemtableMode_EarlyRotationKeepsSampling/iterator/sequential (0.10s)\n"}
2026-10-06T20:03:13.2266393Z {"Time":"2026-10-06T20:03:13.2236246Z","Action":"pass","Package":"github.com/snissn/gomap/TreeDB/caching","Test":"TestAdaptiveMemtableMode_EarlyRotationKeepsSampling/iterator/sequential","Elapsed":0.1}
2026-10-06T20:03:13.2268605Z {"Time":"2026-10-06T20:03:13.2236246Z","Action":"run","Package":"github.com/snissn/gomap/TreeDB/caching","Test":"TestAdaptiveMemtableMode_EarlyRotationKeepsSampling/ordinary/mixed"}
2026-10-06T20:03:13.2270247Z {"Time":"2026-10-06T20:03:13.2236246Z","Action":"output","Package":"github.com/snissn/gomap/TreeDB/caching","Test":"TestAdaptiveMemtableMode_EarlyRotationKeepsSampling/ordinary/mixed","Output":"=== RUN   TestAdaptiveMemtableMode_EarlyRotationKeepsSampling/ordinary/mixed\n"}
2026-10-06T20:03:13.3221425Z {"Time":"2026-10-06T20:03:13.3215309Z","Action":"output","Package":"github.com/snissn/gomap/TreeDB/caching","Test":"TestAdaptiveMemtableMode_EarlyRotationKeepsSampling/ordinary/mixed","Output":"--- PASS: TestAdaptiveMemtableMode_EarlyRotationKeepsSampling/ordinary/mixed (0.10s)\n"}
2026-10-06T20:03:13.3226498Z {"Time":"2026-10-06T20:03:13.3215309Z","Action":"pass","Package":"github.com/snissn/gomap/TreeDB/caching","Test":"TestAdaptiveMemtableMode_EarlyRotationKeepsSampling/ordinary/mixed","Elapsed":0.1}
2026-10-06T20:03:13.3229031Z {"Time":"2026-10-06T20:03:13.3215309Z","Action":"run","Package":"github.com/snissn/gomap/TreeDB/caching","Test":"TestAdaptiveMemtableMode_EarlyRotationKeepsSampling/ordinary/sequential"}
2026-10-06T20:03:13.3231958Z {"Time":"2026-10-06T20:03:13.3215309Z","Action":"output","Package":"github.com/snissn/gomap/TreeDB/caching","Test":"TestAdaptiveMemtableMode_EarlyRotationKeepsSampling/ordinary/sequential","Output":"=== RUN   TestAdaptiveMemtableMode_EarlyRotationKeepsSampling/ordinary/sequential\n"}
2026-10-06T20:03:13.4618793Z {"Time":"2026-10-06T20:03:13.4593822Z","Action":"output","Package":"github.com/snissn/gomap/TreeDB/caching","Test":"TestAdaptiveMemtableMode_EarlyRotationKeepsSampling/ordinary/sequential","Output":"--- PASS: TestAdaptiveMemtableMode_EarlyRotationKeepsSampling/ordinary/sequential (0.14s)\n"}
2026-10-06T20:03:13.4622592Z {"Time":"2026-10-06T20:03:13.4593822Z","Action":"pass","Package":"github.com/snissn/gomap/TreeDB/caching","Test":"TestAdaptiveMemtableMode_EarlyRotationKeepsSampling/ordinary/sequential","Elapsed":0.14}
2026-10-06T20:03:13.4625670Z {"Time":"2026-10-06T20:03:13.4593822Z","Action":"output","Package":"github.com/snissn/gomap/TreeDB/caching","Test":"TestAdaptiveMemtableMode_EarlyRotationKeepsSampling","Output":"--- PASS: TestAdaptiveMemtableMode_EarlyRotationKeepsSampling (0.60s)\n"}
2026-10-06T20:03:13.4627713Z {"Time":"2026-10-06T20:03:13.4593822Z","Action":"pass","Package":"github.com/snissn/gomap/TreeDB/caching","Test":"TestAdaptiveMemtableMode_EarlyRotationKeepsSampling","Elapsed":0.6}
2026-10-06T20:03:13.4629174Z {"Time":"2026-10-06T20:03:13.4593822Z","Action":"run","Package":"github.com/snissn/gomap/TreeDB/caching","Test":"TestAdaptiveMemtableMode_SwitchesAfterWarmupRotation"}
2026-10-06T20:03:13.4630671Z {"Time":"2026-10-06T20:03:13.4593822Z","Action":"output","Package":"github.com/snissn/gomap/TreeDB/caching","Test":"TestAdaptiveMemtableMode_SwitchesAfterWarmupRotation","Output":"=== RUN   TestAdaptiveMemtableMode_SwitchesAfterWarmupRotation\n"}
2026-10-06T20:03:13.4903471Z {"Time":"2026-10-06T20:03:13.4789338Z","Action":"output","Package":"github.com/snissn/gomap/TreeDB/caching","Test":"TestAdaptiveMemtableMode_SwitchesAfterWarmupRotation","Output":"--- PASS: TestAdaptiveMemtableMode_SwitchesAfterWarmupRotation (0.02s)\n"}
2026-10-06T20:03:13.4905096Z {"Time":"2026-10-06T20:03:13.4789338Z","Action":"pass","Package":"github.com/snissn/gomap/TreeDB/caching","Test":"TestAdaptiveMemtableMode_SwitchesAfterWarmupRotation","Elapsed":0.02}
2026-10-06T20:03:13.4907072Z {"Time":"2026-10-06T20:03:13.4789338Z","Action":"run","Package":"github.com/snissn/gomap/TreeDB/caching","Test":"TestAdaptiveMemtableMode_BTreeMinIteratorSamplesEnvExplicitZero"}
2026-10-06T20:03:13.4908777Z {"Time":"2026-10-06T20:03:13.4789338Z","Action":"output","Package":"github.com/snissn/gomap/TreeDB/caching","Test":"TestAdaptiveMemtableMode_BTreeMinIteratorSamplesEnvExplicitZero","Output":"=== RUN   TestAdaptiveMemtableMode_BTreeMinIteratorSamplesEnvExplicitZero\n"}
2026-10-06T20:03:13.4910764Z {"Time":"2026-10-06T20:03:13.4844909Z","Action":"output","Package":"github.com/snissn/gomap/TreeDB/caching","Test":"TestAdaptiveMemtableMode_BTreeMinIteratorSamplesEnvExplicitZero","Output":"--- PASS: TestAdaptiveMemtableMode_BTreeMinIteratorSamplesEnvExplicitZero (0.01s)\n"}
2026-10-06T20:03:13.4912904Z {"Time":"2026-10-06T20:03:13.4844909Z","Action":"pass","Package":"github.com/snissn/gomap/TreeDB/caching","Test":"TestAdaptiveMemtableMode_BTreeMinIteratorSamplesEnvExplicitZero","Elapsed":0.01}
2026-10-06T20:03:13.4914167Z {"Time":"2026-10-06T20:03:13.4844909Z","Action":"run","Package":"github.com/snissn/gomap/TreeDB/caching","Test":"TestRetainMemtableViewSelfHealsZeroRefPublishedView"}
2026-10-06T20:03:13.4916338Z {"Time":"2026-10-06T20:03:13.4844909Z","Action":"output","Package":"github.com/snissn/gomap/TreeDB/caching","Test":"TestRetainMemtableViewSelfHealsZeroRefPublishedView","Output":"=== RUN   TestRetainMemtableViewSelfHealsZeroRefPublishedView\n"}
2026-10-06T20:03:13.4919464Z {"Time":"2026-10-06T20:03:13.4844909Z","Action":"output","Package":"github.com/snissn/gomap/TreeDB/caching","Test":"TestRetainMemtableViewSelfHealsZeroRefPublishedView","Output":"--- PASS: TestRetainMemtableViewSelfHealsZeroRefPublishedView (0.00s)\n"}
2026-10-06T20:03:13.4921081Z {"Time":"2026-10-06T20:03:13.4844909Z","Action":"pass","Package":"github.com/snissn/gomap/TreeDB/caching","Test":"TestRetainMemtableViewSelfHealsZeroRefPublishedView","Elapsed":0}
2026-10-06T20:03:13.4922339Z {"Time":"2026-10-06T20:03:13.4844909Z","Action":"run","Package":"github.com/snissn/gomap/TreeDB/caching","Test":"TestRetiredMemtableRecycleDoesNotWaitForUnrelatedNewerView"}
2026-10-06T20:03:13.4924502Z {"Time":"2026-10-06T20:03:13.4844909Z","Action":"output","Package":"github.com/snissn/gomap/TreeDB/caching","Test":"TestRetiredMemtableRecycleDoesNotWaitForUnrelatedNewerView","Output":"=== RUN   TestRetiredMemtableRecycleDoesNotWaitForUnrelatedNewerView\n"}
2026-10-06T20:03:13.4926728Z {"Time":"2026-10-06T20:03:13.4844909Z","Action":"output","Package":"github.com/snissn/gomap/TreeDB/caching","Test":"TestRetiredMemtableRecycleDoesNotWaitForUnrelatedNewerView","Output":"--- PASS: TestRetiredMemtableRecycleDoesNotWaitForUnrelatedNewerView (0.00s)\n"}
2026-10-06T20:03:13.4928848Z {"Time":"2026-10-06T20:03:13.4844909Z","Action":"pass","Package":"github.com/snissn/gomap/TreeDB/caching","Test":"TestRetiredMemtableRecycleDoesNotWaitForUnrelatedNewerView","Elapsed":0}
2026-10-06T20:03:13.4930025Z {"Time":"2026-10-06T20:03:13.4850769Z","Action":"run","Package":"github.com/snissn/gomap/TreeDB/caching","Test":"TestPutAppendOnlyMemLease_RespectsCap"}
2026-10-06T20:03:13.4931275Z {"Time":"2026-10-06T20:03:13.4850769Z","Action":"output","Package":"github.com/snissn/gomap/TreeDB/caching","Test":"TestPutAppendOnlyMemLease_RespectsCap","Output":"=== RUN   TestPutAppendOnlyMemLease_RespectsCap\n"}
2026-10-06T20:03:13.4932804Z {"Time":"2026-10-06T20:03:13.4856526Z","Action":"output","Package":"github.com/snissn/gomap/TreeDB/caching","Test":"TestPutAppendOnlyMemLease_RespectsCap","Output":"--- PASS: TestPutAppendOnlyMemLease_RespectsCap (0.00s)\n"}
2026-10-06T20:03:13.4935094Z {"Time":"2026-10-06T20:03:13.4856526Z","Action":"pass","Package":"github.com/snissn/gomap/TreeDB/caching","Test":"TestPutAppendOnlyMemLease_RespectsCap","Elapsed":0}
2026-10-06T20:03:13.4936200Z {"Time":"2026-10-06T20:03:13.4856526Z","Action":"run","Package":"github.com/snissn/gomap/TreeDB/caching","Test":"TestBatch_WALOffStreamBypass_DisabledWithValueLog"}
2026-10-06T20:03:13.4937575Z {"Time":"2026-10-06T20:03:13.4856526Z","Action":"output","Package":"github.com/snissn/gomap/TreeDB/caching","Test":"TestBatch_WALOffStreamBypass_DisabledWithValueLog","Output":"=== RUN   TestBatch_WALOffStreamBypass_DisabledWithValueLog\n"}
2026-10-06T20:03:13.5846945Z {"Time":"2026-10-06T20:03:13.5813225Z","Action":"output","Package":"github.com/snissn/gomap/TreeDB/caching","Test":"TestBatch_WALOffStreamBypass_DisabledWithValueLog","Output":"--- PASS: TestBatch_WALOffStreamBypass_DisabledWithValueLog (0.10s)\n"}
2026-10-06T20:03:13.5848863Z {"Time":"2026-10-06T20:03:13.5820812Z","Action":"pass","Package":"github.com/snissn/gomap/TreeDB/caching","Test":"TestBatch_WALOffStreamBypass_DisabledWithValueLog","Elapsed":0.1}
2026-10-06T20:03:13.5850720Z {"Time":"2026-10-06T20:03:13.5820812Z","Action":"run","Package":"github.com/snissn/gomap/TreeDB/caching","Test":"TestMVCCPhysicalVersionsShareMutableShard"}
2026-10-06T20:03:13.5852276Z {"Time":"2026-10-06T20:03:13.5820812Z","Action":"output","Package":"github.com/snissn/gomap/TreeDB/caching","Test":"TestMVCCPhysicalVersionsShareMutableShard","Output":"=== RUN   TestMVCCPhysicalVersionsShareMutableShard\n"}
2026-10-06T20:03:13.6153666Z {"Time":"2026-10-06T20:03:13.6061421Z","Action":"output","Package":"github.com/snissn/gomap/TreeDB/caching","Test":"TestMVCCPhysicalVersionsShareMutableShard","Output":"--- PASS: TestMVCCPhysicalVersionsShareMutableShard (0.02s)\n"}
2026-10-06T20:03:13.6157466Z {"Time":"2026-10-06T20:03:13.6061421Z","Action":"pass","Package":"github.com/snissn/gomap/TreeDB/caching","Test":"TestMVCCPhysicalVersionsShareMutableShard","Elapsed":0.02}
2026-10-06T20:03:13.6159034Z {"Time":"2026-10-06T20:03:13.6061421Z","Action":"run","Package":"github.com/snissn/gomap/TreeDB/caching","Test":"TestSeekGEExactMVCCRangeDoesNotHideOversizedMalformedSuffix"}
2026-10-06T20:03:13.6161891Z {"Time":"2026-10-06T20:03:13.6061421Z","Action":"output","Package":"github.com/snissn/gomap/TreeDB/caching","Test":"TestSeekGEExactMVCCRangeDoesNotHideOversizedMalformedSuffix","Output":"=== RUN   TestSeekGEExactMVCCRangeDoesNotHideOversizedMalformedSuffix\n"}
2026-10-06T20:03:13.6311533Z {"Time":"2026-10-06T20:03:13.6176702Z","Action":"output","Package":"github.com/snissn/gomap/TreeDB/caching","Test":"TestSeekGEExactMVCCRangeDoesNotHideOversizedMalformedSuffix","Output":"--- PASS: TestSeekGEExactMVCCRangeDoesNotHideOversizedMalformedSuffix (0.01s)\n"}
2026-10-06T20:03:13.6314812Z {"Time":"2026-10-06T20:03:13.618323Z","Action":"pass","Package":"github.com/snissn/gomap/TreeDB/caching","Test":"TestSeekGEExactMVCCRangeDoesNotHideOversizedMalformedSuffix","Elapsed":0.01}
2026-10-06T20:03:13.6316305Z {"Time":"2026-10-06T20:03:13.618323Z","Action":"run","Package":"github.com/snissn/gomap/TreeDB/caching","Test":"TestSeekGEExactMVCCRangeUsesShardLocalInMemorySources"}
2026-10-06T20:03:13.6318025Z {"Time":"2026-10-06T20:03:13.618323Z","Action":"output","Package":"github.com/snissn/gomap/TreeDB/caching","Test":"TestSeekGEExactMVCCRangeUsesShardLocalInMemorySources","Output":"=== RUN   TestSeekGEExactMVCCRangeUsesShardLocalInMemorySources\n"}
2026-10-06T20:03:14.4945157Z {"Time":"2026-10-06T20:03:14.4934535Z","Action":"output","Package":"github.com/snissn/gomap/TreeDB/caching","Test":"TestSeekGEExactMVCCRangeUsesShardLocalInMemorySources","Output":"--- PASS: TestSeekGEExactMVCCRangeUsesShardLocalInMemorySources (0.88s)\n"}
2026-10-06T20:03:14.4947269Z {"Time":"2026-10-06T20:03:14.4934535Z","Action":"pass","Package":"github.com/snissn/gomap/TreeDB/caching","Test":"TestSeekGEExactMVCCRangeUsesShardLocalInMemorySources","Elapsed":0.88}
2026-10-06T20:03:14.4948719Z {"Time":"2026-10-06T20:03:14.4934535Z","Action":"run","Package":"github.com/snissn/gomap/TreeDB/caching","Test":"TestRemoveFileRetryClassifiesLeafValueLogUnlink"}
2026-10-06T20:03:14.4950195Z {"Time":"2026-10-06T20:03:14.4934535Z","Action":"output","Package":"github.com/snissn/gomap/TreeDB/caching","Test":"TestRemoveFileRetryClassifiesLeafValueLogUnlink","Output":"=== RUN   TestRemoveFileRetryClassifiesLeafValueLogUnlink\n"}
2026-10-06T20:03:14.5102531Z {"Time":"2026-10-06T20:03:14.495907Z","Action":"output","Package":"github.com/snissn/gomap/TreeDB/caching","Test":"TestRemoveFileRetryClassifiesLeafValueLogUnlink","Output":"--- PASS: TestRemoveFileRetryClassifiesLeafValueLogUnlink (0.00s)\n"}
2026-10-06T20:03:14.5104615Z {"Time":"2026-10-06T20:03:14.495907Z","Action":"pass","Package":"github.com/snissn/gomap/TreeDB/caching","Test":"TestRemoveFileRetryClassifiesLeafValueLogUnlink","Elapsed":0}
2026-10-06T20:03:14.5106087Z {"Time":"2026-10-06T20:03:14.495907Z","Action":"run","Package":"github.com/snissn/gomap/TreeDB/caching","Test":"TestNextNativeRootValueLogAppendSeqRejectsExhaustion"}
2026-10-06T20:03:14.5107910Z {"Time":"2026-10-06T20:03:14.495907Z","Action":"output","Package":"github.com/snissn/gomap/TreeDB/caching","Test":"TestNextNativeRootValueLogAppendSeqRejectsExhaustion","Output":"=== RUN   TestNextNativeRootValueLogAppendSeqRejectsExhaustion\n"}
2026-10-06T20:03:14.5110487Z {"Time":"2026-10-06T20:03:14.495907Z","Action":"output","Package":"github.com/snissn/gomap/TreeDB/caching","Test":"TestNextNativeRootValueLogAppendSeqRejectsExhaustion","Output":"--- PASS: TestNextNativeRootValueLogAppendSeqRejectsExhaustion (0.00s)\n"}
2026-10-06T20:03:14.5112663Z {"Time":"2026-10-06T20:03:14.495907Z","Action":"pass","Package":"github.com/snissn/gomap/TreeDB/caching","Test":"TestNextNativeRootValueLogAppendSeqRejectsExhaustion","Elapsed":0}
2026-10-06T20:03:14.5114925Z {"Time":"2026-10-06T20:03:14.495907Z","Action":"run","Package":"github.com/snissn/gomap/TreeDB/caching","Test":"TestDBGet_PointerValueRemainsCallerOwned"}
2026-10-06T20:03:14.5116349Z {"Time":"2026-10-06T20:03:14.495907Z","Action":"output","Package":"github.com/snissn/gomap/TreeDB/caching","Test":"TestDBGet_PointerValueRemainsCallerOwned","Output":"=== RUN   TestDBGet_PointerValueRemainsCallerOwned\n"}
2026-10-06T20:03:14.6039045Z {"Time":"2026-10-06T20:03:14.5962816Z","Action":"output","Package":"github.com/snissn/gomap/TreeDB/caching","Test":"TestDBGet_PointerValueRemainsCallerOwned","Output":"--- PASS: TestDBGet_PointerValueRemainsCallerOwned (0.10s)\n"}
2026-10-06T20:03:14.6040628Z {"Time":"2026-10-06T20:03:14.5962816Z","Action":"pass","Package":"github.com/snissn/gomap/TreeDB/caching","Test":"TestDBGet_PointerValueRemainsCallerOwned","Elapsed":0.1}
2026-10-06T20:03:14.6042256Z {"Time":"2026-10-06T20:03:14.5962816Z","Action":"run","Package":"github.com/snissn/gomap/TreeDB/caching","Test":"TestSnapshotPointReads_ConsultOnlyShardImmutableQueue"}
2026-10-06T20:03:14.6043708Z {"Time":"2026-10-06T20:03:14.5962816Z","Action":"output","Package":"github.com/snissn/gomap/TreeDB/caching","Test":"TestSnapshotPointReads_ConsultOnlyShardImmutableQueue","Output":"=== RUN   TestSnapshotPointReads_ConsultOnlyShardImmutableQueue\n"}
2026-10-06T20:03:14.6045491Z {"Time":"2026-10-06T20:03:14.5967477Z","Action":"output","Package":"github.com/snissn/gomap/TreeDB/caching","Test":"TestSnapshotPointReads_ConsultOnlyShardImmutableQueue","Output":"--- PASS: TestSnapshotPointReads_ConsultOnlyShardImmutableQueue (0.00s)\n"}
2026-10-06T20:03:14.6047033Z {"Time":"2026-10-06T20:03:14.5967477Z","Action":"pass","Package":"github.com/snissn/gomap/TreeDB/caching","Test":"TestSnapshotPointReads_ConsultOnlyShardImmutableQueue","Elapsed":0}
2026-10-06T20:03:14.6048423Z {"Time":"2026-10-06T20:03:14.5967477Z","Action":"run","Package":"github.com/snissn/gomap/TreeDB/caching","Test":"TestGetMany_ConsultsOnlyTouchedPublishedRootPointShards"}
2026-10-06T20:03:14.6049925Z {"Time":"2026-10-06T20:03:14.5967477Z","Action":"output","Package":"github.com/snissn/gomap/TreeDB/caching","Test":"TestGetMany_ConsultsOnlyTouchedPublishedRootPointShards","Output":"=== RUN   TestGetMany_ConsultsOnlyTouchedPublishedRootPointShards\n"}
2026-10-06T20:03:14.6051779Z {"Time":"2026-10-06T20:03:14.5967477Z","Action":"output","Package":"github.com/snissn/gomap/TreeDB/caching","Test":"TestGetMany_ConsultsOnlyTouchedPublishedRootPointShards","Output":"--- PASS: TestGetMany_ConsultsOnlyTouchedPublishedRootPointShards (0.00s)\n"}
2026-10-06T20:03:14.6053490Z {"Time":"2026-10-06T20:03:14.5967477Z","Action":"pass","Package":"github.com/snissn/gomap/TreeDB/caching","Test":"TestGetMany_ConsultsOnlyTouchedPublishedRootPointShards","Elapsed":0}
2026-10-06T20:03:14.6054740Z {"Time":"2026-10-06T20:03:14.5967477Z","Action":"run","Package":"github.com/snissn/gomap/TreeDB/caching","Test":"TestGetMany_DuplicateHitsReuseSingleProbeWithoutResultAliasing"}
2026-10-06T20:03:14.6056391Z {"Time":"2026-10-06T20:03:14.5967477Z","Action":"output","Package":"github.com/snissn/gomap/TreeDB/caching","Test":"TestGetMany_DuplicateHitsReuseSingleProbeWithoutResultAliasing","Output":"=== RUN   TestGetMany_DuplicateHitsReuseSingleProbeWithoutResultAliasing\n"}
2026-10-06T20:03:14.6058507Z {"Time":"2026-10-06T20:03:14.5967477Z","Action":"output","Package":"github.com/snissn/gomap/TreeDB/caching","Test":"TestGetMany_DuplicateHitsReuseSingleProbeWithoutResultAliasing","Output":"--- PASS: TestGetMany_DuplicateHitsReuseSingleProbeWithoutResultAliasing (0.00s)\n"}
2026-10-06T20:03:14.6060169Z {"Time":"2026-10-06T20:03:14.5967477Z","Action":"pass","Package":"github.com/snissn/gomap/TreeDB/caching","Test":"TestGetMany_DuplicateHitsReuseSingleProbeWithoutResultAliasing","Elapsed":0}
2026-10-06T20:03:14.6061593Z {"Time":"2026-10-06T20:03:14.5967477Z","Action":"run","Package":"github.com/snissn/gomap/TreeDB/caching","Test":"TestSeekGE_RawPhysicalDeleteCounterexample"}
2026-10-06T20:03:14.6064000Z {"Time":"2026-10-06T20:03:14.5967477Z","Action":"output","Package":"github.com/snissn/gomap/TreeDB/caching","Test":"TestSeekGE_RawPhysicalDeleteCounterexample","Output":"=== RUN   TestSeekGE_RawPhysicalDeleteCounterexample\n"}
2026-10-06T20:03:14.6353308Z {"Time":"2026-10-06T20:03:14.6266189Z","Action":"output","Package":"github.com/snissn/gomap/TreeDB/caching","Test":"TestSeekGE_RawPhysicalDeleteCounterexample","Output":"--- PASS: TestSeekGE_RawPhysicalDeleteCounterexample (0.03s)\n"}
2026-10-06T20:03:14.6354914Z {"Time":"2026-10-06T20:03:14.6272Z","Action":"pass","Package":"github.com/snissn/gomap/TreeDB/caching","Test":"TestSeekGE_RawPhysicalDeleteCounterexample","Elapsed":0.03}
2026-10-06T20:03:14.6356660Z {"Time":"2026-10-06T20:03:14.6272Z","Action":"run","Package":"github.com/snissn/gomap/TreeDB/caching","Test":"TestSeekGEVersionRange_PhysicalDeleteRetriesFreshView"}
2026-10-06T20:03:14.6358112Z {"Time":"2026-10-06T20:03:14.6272Z","Action":"output","Package":"github.com/snissn/gomap/TreeDB/caching","Test":"TestSeekGEVersionRange_PhysicalDeleteRetriesFreshView","Output":"=== RUN   TestSeekGEVersionRange_PhysicalDeleteRetriesFreshView\n"}
2026-10-06T20:03:14.6985004Z {"Time":"2026-10-06T20:03:14.6865865Z","Action":"output","Package":"github.com/snissn/gomap/TreeDB/caching","Test":"TestSeekGEVersionRange_PhysicalDeleteRetriesFreshView","Output":"--- PASS: TestSeekGEVersionRange_PhysicalDeleteRetriesFreshView (0.06s)\n"}
2026-10-06T20:03:14.6986808Z {"Time":"2026-10-06T20:03:14.6880076Z","Action":"pass","Package":"github.com/snissn/gomap/TreeDB/caching","Test":"TestSeekGEVersionRange_PhysicalDeleteRetriesFreshView","Elapsed":0.06}
2026-10-06T20:03:14.6987963Z {"Time":"2026-10-06T20:03:14.6880076Z","Action":"run","Package":"github.com/snissn/gomap/TreeDB/caching","Test":"TestSeekGEVersionRange_FallbackExclusive"}
2026-10-06T20:03:14.6989399Z {"Time":"2026-10-06T20:03:14.6880076Z","Action":"output","Package":"github.com/snissn/gomap/TreeDB/caching","Test":"TestSeekGEVersionRange_FallbackExclusive","Output":"=== RUN   TestSeekGEVersionRange_FallbackExclusive\n"}
2026-10-06T20:03:14.6991073Z {"Time":"2026-10-06T20:03:14.689617Z","Action":"run","Package":"github.com/snissn/gomap/TreeDB/caching","Test":"TestSeekGEVersionRange_FallbackExclusive/noncanonical"}
2026-10-06T20:03:14.6993414Z {"Time":"2026-10-06T20:03:14.689617Z","Action":"output","Package":"github.com/snissn/gomap/TreeDB/caching","Test":"TestSeekGEVersionRange_FallbackExclusive/noncanonical","Output":"=== RUN   TestSeekGEVersionRange_FallbackExclusive/noncanonical\n"}
2026-10-06T20:03:14.7903101Z {"Time":"2026-10-06T20:03:14.7788823Z","Action":"output","Package":"github.com/snissn/gomap/TreeDB/caching","Test":"TestSeekGEVersionRange_FallbackExclusive/noncanonical","Output":"--- PASS: TestSeekGEVersionRange_FallbackExclusive/noncanonical (0.09s)\n"}
2026-10-06T20:03:14.7904865Z {"Time":"2026-10-06T20:03:14.7788823Z","Action":"pass","Package":"github.com/snissn/gomap/TreeDB/caching","Test":"TestSeekGEVersionRange_FallbackExclusive/noncanonical","Elapsed":0.09}
2026-10-06T20:03:14.7906150Z {"Time":"2026-10-06T20:03:14.7798518Z","Action":"run","Package":"github.com/snissn/gomap/TreeDB/caching","Test":"TestSeekGEVersionRange_FallbackExclusive/range-span"}
2026-10-06T20:03:14.7907678Z {"Time":"2026-10-06T20:03:14.7798518Z","Action":"output","Package":"github.com/snissn/gomap/TreeDB/caching","Test":"TestSeekGEVersionRange_FallbackExclusive/range-span","Output":"=== RUN   TestSeekGEVersionRange_FallbackExclusive/range-span\n"}
2026-10-06T20:03:14.8671511Z {"Time":"2026-10-06T20:03:14.8629153Z","Action":"output","Package":"github.com/snissn/gomap/TreeDB/caching","Test":"TestSeekGEVersionRange_FallbackExclusive/range-span","Output":"--- PASS: TestSeekGEVersionRange_FallbackExclusive/range-span (0.08s)\n"}
2026-10-06T20:03:14.8673383Z {"Time":"2026-10-06T20:03:14.8629153Z","Action":"pass","Package":"github.com/snissn/gomap/TreeDB/caching","Test":"TestSeekGEVersionRange_FallbackExclusive/range-span","Elapsed":0.08}
2026-10-06T20:03:14.8675933Z {"Time":"2026-10-06T20:03:14.8634789Z","Action":"output","Package":"github.com/snissn/gomap/TreeDB/caching","Test":"TestSeekGEVersionRange_FallbackExclusive","Output":"--- PASS: TestSeekGEVersionRange_FallbackExclusive (0.17s)\n"}
2026-10-06T20:03:14.8677362Z {"Time":"2026-10-06T20:03:14.8634789Z","Action":"pass","Package":"github.com/snissn/gomap/TreeDB/caching","Test":"TestSeekGEVersionRange_FallbackExclusive","Elapsed":0.17}
2026-10-06T20:03:14.8678735Z {"Time":"2026-10-06T20:03:14.8634789Z","Action":"run","Package":"github.com/snissn/gomap/TreeDB/caching","Test":"TestSeekGEVersionRange_PruneRequiresStoreFence"}
2026-10-06T20:03:14.8680644Z {"Time":"2026-10-06T20:03:14.8634789Z","Action":"output","Package":"github.com/snissn/gomap/TreeDB/caching","Test":"TestSeekGEVersionRange_PruneRequiresStoreFence","Output":"=== RUN   TestSeekGEVersionRange_PruneRequiresStoreFence\n"}
2026-10-06T20:03:14.9759550Z {"Time":"2026-10-06T20:03:14.9695265Z","Action":"output","Package":"github.com/snissn/gomap/TreeDB/caching","Test":"TestSeekGEVersionRange_PruneRequiresStoreFence","Output":"    point_successor_mvcc_test.go:509: unfenced prune returned retained live40 after backend tomb80 deletion: key=005444424d564343016f6e652d6b65790000ffffffffffffffd7 value=016f6c64\n"}
2026-10-06T20:03:14.9914514Z {"Time":"2026-10-06T20:03:14.9876451Z","Action":"output","Package":"github.com/snissn/gomap/TreeDB/caching","Test":"TestSeekGEVersionRange_PruneRequiresStoreFence","Output":"--- PASS: TestSeekGEVersionRange_PruneRequiresStoreFence (0.12s)\n"}
2026-10-06T20:03:14.9917451Z {"Time":"2026-10-06T20:03:14.9876451Z","Action":"pass","Package":"github.com/snissn/gomap/TreeDB/caching","Test":"TestSeekGEVersionRange_PruneRequiresStoreFence","Elapsed":0.12}
2026-10-06T20:03:14.9919788Z {"Time":"2026-10-06T20:03:14.9876451Z","Action":"run","Package":"github.com/snissn/gomap/TreeDB/caching","Test":"TestSeekGE_SourceCountersSpanTombstoneRounds"}
2026-10-06T20:03:14.9922365Z {"Time":"2026-10-06T20:03:14.9876451Z","Action":"output","Package":"github.com/snissn/gomap/TreeDB/caching","Test":"TestSeekGE_SourceCountersSpanTombstoneRounds","Output":"=== RUN   TestSeekGE_SourceCountersSpanTombstoneRounds\n"}
2026-10-06T20:03:15.0228839Z {"Time":"2026-10-06T20:03:15.0155772Z","Action":"output","Package":"github.com/snissn/gomap/TreeDB/caching","Test":"TestSeekGE_SourceCountersSpanTombstoneRounds","Output":"--- PASS: TestSeekGE_SourceCountersSpanTombstoneRounds (0.03s)\n"}
2026-10-06T20:03:15.0230330Z {"Time":"2026-10-06T20:03:15.0155772Z","Action":"pass","Package":"github.com/snissn/gomap/TreeDB/caching","Test":"TestSeekGE_SourceCountersSpanTombstoneRounds","Elapsed":0.03}
2026-10-06T20:03:15.0231513Z {"Time":"2026-10-06T20:03:15.0155772Z","Action":"run","Package":"github.com/snissn/gomap/TreeDB/caching","Test":"TestSeekGE_DoesNotRotateOrCreateGeneralIterator"}
2026-10-06T20:03:15.0232959Z {"Time":"2026-10-06T20:03:15.0155772Z","Action":"output","Package":"github.com/snissn/gomap/TreeDB/caching","Test":"TestSeekGE_DoesNotRotateOrCreateGeneralIterator","Output":"=== RUN   TestSeekGE_DoesNotRotateOrCreateGeneralIterator\n"}
2026-10-06T20:03:15.0535235Z {"Time":"2026-10-06T20:03:15.0423446Z","Action":"output","Package":"github.com/snissn/gomap/TreeDB/caching","Test":"TestSeekGE_DoesNotRotateOrCreateGeneralIterator","Output":"--- PASS: TestSeekGE_DoesNotRotateOrCreateGeneralIterator (0.03s)\n"}
2026-10-06T20:03:15.0536982Z {"Time":"2026-10-06T20:03:15.0430162Z","Action":"pass","Package":"github.com/snissn/gomap/TreeDB/caching","Test":"TestSeekGE_DoesNotRotateOrCreateGeneralIterator","Elapsed":0.03}
2026-10-06T20:03:15.0538562Z {"Time":"2026-10-06T20:03:15.0430162Z","Action":"run","Package":"github.com/snissn/gomap/TreeDB/caching","Test":"TestSeekGE_AttributionPartitionsWinningSource"}
2026-10-06T20:03:15.0541356Z {"Time":"2026-10-06T20:03:15.0430162Z","Action":"output","Package":"github.com/snissn/gomap/TreeDB/caching","Test":"TestSeekGE_AttributionPartitionsWinningSource","Output":"=== RUN   TestSeekGE_AttributionPartitionsWinningSource\n"}
2026-10-06T20:03:15.1330694Z {"Time":"2026-10-06T20:03:15.120109Z","Action":"output","Package":"github.com/snissn/gomap/TreeDB/caching","Test":"TestSeekGE_AttributionPartitionsWinningSource","Output":"--- PASS: TestSeekGE_AttributionPartitionsWinningSource (0.08s)\n"}
2026-10-06T20:03:15.1332478Z {"Time":"2026-10-06T20:03:15.1205939Z","Action":"pass","Package":"github.com/snissn/gomap/TreeDB/caching","Test":"TestSeekGE_AttributionPartitionsWinningSource","Elapsed":0.08}
2026-10-06T20:03:15.1333710Z {"Time":"2026-10-06T20:03:15.1205939Z","Action":"run","Package":"github.com/snissn/gomap/TreeDB/caching","Test":"TestSeekGE_ConcurrentCommitSnapshotIsCoherent"}
2026-10-06T20:03:15.1335550Z {"Time":"2026-10-06T20:03:15.1205939Z","Action":"output","Package":"github.com/snissn/gomap/TreeDB/caching","Test":"TestSeekGE_ConcurrentCommitSnapshotIsCoherent","Output":"=== RUN   TestSeekGE_ConcurrentCommitSnapshotIsCoherent\n"}
2026-10-06T20:03:15.1620815Z {"Time":"2026-10-06T20:03:15.148993Z","Action":"output","Package":"github.com/snissn/gomap/TreeDB/caching","Test":"TestSeekGE_ConcurrentCommitSnapshotIsCoherent","Output":"--- PASS: TestSeekGE_ConcurrentCommitSnapshotIsCoherent (0.03s)\n"}
2026-10-06T20:03:15.1623136Z {"Time":"2026-10-06T20:03:15.148993Z","Action":"pass","Package":"github.com/snissn/gomap/TreeDB/caching","Test":"TestSeekGE_ConcurrentCommitSnapshotIsCoherent","Elapsed":0.03}
2026-10-06T20:03:15.1624526Z {"Time":"2026-10-06T20:03:15.149572Z","Action":"run","Package":"github.com/snissn/gomap/TreeDB/caching","Test":"TestPoolPressureIncludesUnreleasedIdleHeap"}
2026-10-06T20:03:15.1626166Z {"Time":"2026-10-06T20:03:15.149572Z","Action":"output","Package":"github.com/snissn/gomap/TreeDB/caching","Test":"TestPoolPressureIncludesUnreleasedIdleHeap","Output":"=== RUN   TestPoolPressureIncludesUnreleasedIdleHeap\n"}
2026-10-06T20:03:15.1628187Z {"Time":"2026-10-06T20:03:15.149572Z","Action":"output","Package":"github.com/snissn/gomap/TreeDB/caching","Test":"TestPoolPressureIncludesUnreleasedIdleHeap","Output":"--- PASS: TestPoolPressureIncludesUnreleasedIdleHeap (0.00s)\n"}
2026-10-06T20:03:15.1629916Z {"Time":"2026-10-06T20:03:15.149572Z","Action":"pass","Package":"github.com/snissn/gomap/TreeDB/caching","Test":"TestPoolPressureIncludesUnreleasedIdleHeap","Elapsed":0}
2026-10-06T20:03:15.1631330Z {"Time":"2026-10-06T20:03:15.149572Z","Action":"run","Package":"github.com/snissn/gomap/TreeDB/caching","Test":"TestPoolPressureTrimPreservesNonLeasePoolAccounting"}
2026-10-06T20:03:15.1633141Z {"Time":"2026-10-06T20:03:15.149572Z","Action":"output","Package":"github.com/snissn/gomap/TreeDB/caching","Test":"TestPoolPressureTrimPreservesNonLeasePoolAccounting","Output":"=== RUN   TestPoolPressureTrimPreservesNonLeasePoolAccounting\n"}
2026-10-06T20:03:15.1635819Z {"Time":"2026-10-06T20:03:15.149572Z","Action":"output","Package":"github.com/snissn/gomap/TreeDB/caching","Test":"TestPoolPressureTrimPreservesNonLeasePoolAccounting","Output":"--- PASS: TestPoolPressureTrimPreservesNonLeasePoolAccounting (0.00s)\n"}
2026-10-06T20:03:15.1637641Z {"Time":"2026-10-06T20:03:15.149572Z","Action":"pass","Package":"github.com/snissn/gomap/TreeDB/caching","Test":"TestPoolPressureTrimPreservesNonLeasePoolAccounting","Elapsed":0}
2026-10-06T20:03:15.1638825Z {"Time":"2026-10-06T20:03:15.149572Z","Action":"run","Package":"github.com/snissn/gomap/TreeDB/caching","Test":"TestBatchAuxPoolsSkipRetentionUnderCriticalPressure"}
2026-10-06T20:03:15.1640537Z {"Time":"2026-10-06T20:03:15.149572Z","Action":"output","Package":"github.com/snissn/gomap/TreeDB/caching","Test":"TestBatchAuxPoolsSkipRetentionUnderCriticalPressure","Output":"=== RUN   TestBatchAuxPoolsSkipRetentionUnderCriticalPressure\n"}
2026-10-06T20:03:15.1642731Z {"Time":"2026-10-06T20:03:15.149572Z","Action":"output","Package":"github.com/snissn/gomap/TreeDB/caching","Test":"TestBatchAuxPoolsSkipRetentionUnderCriticalPressure","Output":"--- PASS: TestBatchAuxPoolsSkipRetentionUnderCriticalPressure (0.00s)\n"}
2026-10-06T20:03:15.1645088Z {"Time":"2026-10-06T20:03:15.149572Z","Action":"pass","Package":"github.com/snissn/gomap/TreeDB/caching","Test":"TestBatchAuxPoolsSkipRetentionUnderCriticalPressure","Elapsed":0}
2026-10-06T20:03:15.1646281Z {"Time":"2026-10-06T20:03:15.149572Z","Action":"run","Package":"github.com/snissn/gomap/TreeDB/caching","Test":"TestMutableFlushThresholdTracksPressureTransitions"}
2026-10-06T20:03:15.1647722Z {"Time":"2026-10-06T20:03:15.149572Z","Action":"output","Package":"github.com/snissn/gomap/TreeDB/caching","Test":"TestMutableFlushThresholdTracksPressureTransitions","Output":"=== RUN   TestMutableFlushThresholdTracksPressureTransitions\n"}
2026-10-06T20:03:15.1649185Z {"Time":"2026-10-06T20:03:15.1501379Z","Action":"run","Package":"github.com/snissn/gomap/TreeDB/caching","Test":"TestMutableFlushThresholdTracksPressureTransitions/normal"}
2026-10-06T20:03:15.1650711Z {"Time":"2026-10-06T20:03:15.1501379Z","Action":"output","Package":"github.com/snissn/gomap/TreeDB/caching","Test":"TestMutableFlushThresholdTracksPressureTransitions/normal","Output":"=== RUN   TestMutableFlushThresholdTracksPressureTransitions/normal\n"}
2026-10-06T20:03:15.1652592Z {"Time":"2026-10-06T20:03:15.1501379Z","Action":"output","Package":"github.com/snissn/gomap/TreeDB/caching","Test":"TestMutableFlushThresholdTracksPressureTransitions/normal","Output":"--- PASS: TestMutableFlushThresholdTracksPressureTransitions/normal (0.00s)\n"}
2026-10-06T20:03:15.1654181Z {"Time":"2026-10-06T20:03:15.1501379Z","Action":"pass","Package":"github.com/snissn/gomap/TreeDB/caching","Test":"TestMutableFlushThresholdTracksPressureTransitions/normal","Elapsed":0}
2026-10-06T20:03:15.1655683Z {"Time":"2026-10-06T20:03:15.1501379Z","Action":"run","Package":"github.com/snissn/gomap/TreeDB/caching","Test":"TestMutableFlushThresholdTracksPressureTransitions/high"}
2026-10-06T20:03:15.1657431Z {"Time":"2026-10-06T20:03:15.1501379Z","Action":"output","Package":"github.com/snissn/gomap/TreeDB/caching","Test":"TestMutableFlushThresholdTracksPressureTransitions/high","Output":"=== RUN   TestMutableFlushThresholdTracksPressureTransitions/high\n"}
2026-10-06T20:03:15.1659280Z {"Time":"2026-10-06T20:03:15.1501379Z","Action":"output","Package":"github.com/snissn/gomap/TreeDB/caching","Test":"TestMutableFlushThresholdTracksPressureTransitions/high","Output":"--- PASS: TestMutableFlushThresholdTracksPressureTransitions/high (0.00s)\n"}
2026-10-06T20:03:15.1660867Z {"Time":"2026-10-06T20:03:15.1501379Z","Action":"pass","Package":"github.com/snissn/gomap/TreeDB/caching","Test":"TestMutableFlushThresholdTracksPressureTransitions/high","Elapsed":0}
2026-10-06T20:03:15.1662131Z {"Time":"2026-10-06T20:03:15.1501379Z","Action":"run","Package":"github.com/snissn/gomap/TreeDB/caching","Test":"TestMutableFlushThresholdTracksPressureTransitions/critical"}
2026-10-06T20:03:15.1663673Z {"Time":"2026-10-06T20:03:15.1501379Z","Action":"output","Package":"github.com/snissn/gomap/TreeDB/caching","Test":"TestMutableFlushThresholdTracksPressureTransitions/critical","Output":"=== RUN   TestMutableFlushThresholdTracksPressureTransitions/critical\n"}
2026-10-06T20:03:15.1665617Z {"Time":"2026-10-06T20:03:15.1501379Z","Action":"output","Package":"github.com/snissn/gomap/TreeDB/caching","Test":"TestMutableFlushThresholdTracksPressureTransitions/critical","Output":"--- PASS: TestMutableFlushThresholdTracksPressureTransitions/critical (0.00s)\n"}
2026-10-06T20:03:15.1667595Z {"Time":"2026-10-06T20:03:15.1501379Z","Action":"pass","Package":"github.com/snissn/gomap/TreeDB/caching","Test":"TestMutableFlushThresholdTracksPressureTransitions/critical","Elapsed":0}
2026-10-06T20:03:15.1668917Z {"Time":"2026-10-06T20:03:15.1501379Z","Action":"run","Package":"github.com/snissn/gomap/TreeDB/caching","Test":"TestMutableFlushThresholdTracksPressureTransitions/recovered"}
2026-10-06T20:03:15.1670989Z {"Time":"2026-10-06T20:03:15.1501379Z","Action":"output","Package":"github.com/snissn/gomap/TreeDB/caching","Test":"TestMutableFlushThresholdTracksPressureTransitions/recovered","Output":"=== RUN   TestMutableFlushThresholdTracksPressureTransitions/recovered\n"}
2026-10-06T20:03:15.1673012Z {"Time":"2026-10-06T20:03:15.1501379Z","Action":"output","Package":"github.com/snissn/gomap/TreeDB/caching","Test":"TestMutableFlushThresholdTracksPressureTransitions/recovered","Output":"--- PASS: TestMutableFlushThresholdTracksPressureTransitions/recovered (0.00s)\n"}
2026-10-06T20:03:15.1674655Z {"Time":"2026-10-06T20:03:15.1501379Z","Action":"pass","Package":"github.com/snissn/gomap/TreeDB/caching","Test":"TestMutableFlushThresholdTracksPressureTransitions/recovered","Elapsed":0}
2026-10-06T20:03:15.1676216Z {"Time":"2026-10-06T20:03:15.1501379Z","Action":"output","Package":"github.com/snissn/gomap/TreeDB/caching","Test":"TestMutableFlushThresholdTracksPressureTransitions","Output":"--- PASS: TestMutableFlushThresholdTracksPressureTransitions (0.00s)\n"}
2026-10-06T20:03:15.1677733Z {"Time":"2026-10-06T20:03:15.1501379Z","Action":"pass","Package":"github.com/snissn/gomap/TreeDB/caching","Test":"TestMutableFlushThresholdTracksPressureTransitions","Elapsed":0}
2026-10-06T20:03:15.1678944Z {"Time":"2026-10-06T20:03:15.1501379Z","Action":"run","Package":"github.com/snissn/gomap/TreeDB/caching","Test":"TestPoolPressureSamplerPublishesInitialPressureSnapshot"}
2026-10-06T20:03:15.1680471Z {"Time":"2026-10-06T20:03:15.1501379Z","Action":"output","Package":"github.com/snissn/gomap/TreeDB/caching","Test":"TestPoolPressureSamplerPublishesInitialPressureSnapshot","Output":"=== RUN   TestPoolPressureSamplerPublishesInitialPressureSnapshot\n"}
2026-10-06T20:03:15.1682363Z {"Time":"2026-10-06T20:03:15.1501379Z","Action":"output","Package":"github.com/snissn/gomap/TreeDB/caching","Test":"TestPoolPressureSamplerPublishesInitialPressureSnapshot","Output":"--- PASS: TestPoolPressureSamplerPublishesInitialPressureSnapshot (0.00s)\n"}
2026-10-06T20:03:15.1683963Z {"Time":"2026-10-06T20:03:15.1501379Z","Action":"pass","Package":"github.com/snissn/gomap/TreeDB/caching","Test":"TestPoolPressureSamplerPublishesInitialPressureSnapshot","Elapsed":0}
2026-10-06T20:03:15.1685217Z {"Time":"2026-10-06T20:03:15.1506128Z","Action":"run","Package":"github.com/snissn/gomap/TreeDB/caching","Test":"TestRawKVParitySnapshotGetEntryPreservesEmptyKeyAndValue"}
2026-10-06T20:03:15.1686747Z {"Time":"2026-10-06T20:03:15.1506128Z","Action":"output","Package":"github.com/snissn/gomap/TreeDB/caching","Test":"TestRawKVParitySnapshotGetEntryPreservesEmptyKeyAndValue","Output":"=== RUN   TestRawKVParitySnapshotGetEntryPreservesEmptyKeyAndValue\n"}
2026-10-06T20:03:15.2397241Z {"Time":"2026-10-06T20:03:15.2305802Z","Action":"output","Package":"github.com/snissn/gomap/TreeDB/caching","Test":"TestRawKVParitySnapshotGetEntryPreservesEmptyKeyAndValue","Output":"--- PASS: TestRawKVParitySnapshotGetEntryPreservesEmptyKeyAndValue (0.08s)\n"}
2026-10-06T20:03:15.2399134Z {"Time":"2026-10-06T20:03:15.2305802Z","Action":"pass","Package":"github.com/snissn/gomap/TreeDB/caching","Test":"TestRawKVParitySnapshotGetEntryPreservesEmptyKeyAndValue","Elapsed":0.08}
2026-10-06T20:03:15.2401024Z {"Time":"2026-10-06T20:03:15.2305802Z","Action":"run","Package":"github.com/snissn/gomap/TreeDB/caching","Test":"TestCachingRawSpanNativeCheckpointAndCloseDrainRoutes"}
2026-10-06T20:03:15.2403125Z {"Time":"2026-10-06T20:03:15.2305802Z","Action":"output","Package":"github.com/snissn/gomap/TreeDB/caching","Test":"TestCachingRawSpanNativeCheckpointAndCloseDrainRoutes","Output":"=== RUN   TestCachingRawSpanNativeCheckpointAndCloseDrainRoutes\n"}
2026-10-06T20:03:15.2404818Z {"Time":"2026-10-06T20:03:15.2305802Z","Action":"run","Package":"github.com/snissn/gomap/TreeDB/caching","Test":"TestCachingRawSpanNativeCheckpointAndCloseDrainRoutes/checkpoint_point_flush"}
2026-10-06T20:03:15.2407245Z {"Time":"2026-10-06T20:03:15.2305802Z","Action":"output","Package":"github.com/snissn/gomap/TreeDB/caching","Test":"TestCachingRawSpanNativeCheckpointAndCloseDrainRoutes/checkpoint_point_flush","Output":"=== RUN   TestCachingRawSpanNativeCheckpointAndCloseDrainRoutes/checkpoint_point_flush\n"}
2026-10-06T20:03:15.3635078Z {"Time":"2026-10-06T20:03:15.3513287Z","Action":"output","Package":"github.com/snissn/gomap/TreeDB/caching","Test":"TestCachingRawSpanNativeCheckpointAndCloseDrainRoutes/checkpoint_point_flush","Output":"--- PASS: TestCachingRawSpanNativeCheckpointAndCloseDrainRoutes/checkpoint_point_flush (0.12s)\n"}
2026-10-06T20:03:15.3637518Z {"Time":"2026-10-06T20:03:15.3513287Z","Action":"pass","Package":"github.com/snissn/gomap/TreeDB/caching","Test":"TestCachingRawSpanNativeCheckpointAndCloseDrainRoutes/checkpoint_point_flush","Elapsed":0.12}
2026-10-06T20:03:15.3639305Z {"Time":"2026-10-06T20:03:15.3513287Z","Action":"run","Package":"github.com/snissn/gomap/TreeDB/caching","Test":"TestCachingRawSpanNativeCheckpointAndCloseDrainRoutes/close_drain_fallback"}
2026-10-06T20:03:15.3641722Z {"Time":"2026-10-06T20:03:15.3513287Z","Action":"output","Package":"github.com/snissn/gomap/TreeDB/caching","Test":"TestCachingRawSpanNativeCheckpointAndCloseDrainRoutes/close_drain_fallback","Output":"=== RUN   TestCachingRawSpanNativeCheckpointAndCloseDrainRoutes/close_drain_fallback\n"}
2026-10-06T20:03:15.4552809Z {"Time":"2026-10-06T20:03:15.4450186Z","Action":"output","Package":"github.com/snissn/gomap/TreeDB/caching","Test":"TestCachingRawSpanNativeCheckpointAndCloseDrainRoutes/close_drain_fallback","Output":"--- PASS: TestCachingRawSpanNativeCheckpointAndCloseDrainRoutes/close_drain_fallback (0.09s)\n"}
2026-10-06T20:03:15.4554862Z {"Time":"2026-10-06T20:03:15.4450186Z","Action":"pass","Package":"github.com/snissn/gomap/TreeDB/caching","Test":"TestCachingRawSpanNativeCheckpointAndCloseDrainRoutes/close_drain_fallback","Elapsed":0.09}
2026-10-06T20:03:15.4556840Z {"Time":"2026-10-06T20:03:15.4450186Z","Action":"output","Package":"github.com/snissn/gomap/TreeDB/caching","Test":"TestCachingRawSpanNativeCheckpointAndCloseDrainRoutes","Output":"--- PASS: TestCachingRawSpanNativeCheckpointAndCloseDrainRoutes (0.21s)\n"}
2026-10-06T20:03:15.4558878Z {"Time":"2026-10-06T20:03:15.4450186Z","Action":"pass","Package":"github.com/snissn/gomap/TreeDB/caching","Test":"TestCachingRawSpanNativeCheckpointAndCloseDrainRoutes","Elapsed":0.21}
2026-10-06T20:03:15.4560186Z {"Time":"2026-10-06T20:03:15.4450186Z","Action":"run","Package":"github.com/snissn/gomap/TreeDB/caching","Test":"TestSnapshot_HasAllocsIndependentOfQueuedMemtables"}
2026-10-06T20:03:15.4561898Z {"Time":"2026-10-06T20:03:15.4450186Z","Action":"output","Package":"github.com/snissn/gomap/TreeDB/caching","Test":"TestSnapshot_HasAllocsIndependentOfQueuedMemtables","Output":"=== RUN   TestSnapshot_HasAllocsIndependentOfQueuedMemtables\n"}
2026-10-06T20:03:15.5477886Z {"Time":"2026-10-06T20:03:15.5368682Z","Action":"output","Package":"github.com/snissn/gomap/TreeDB/caching","Test":"TestSnapshot_HasAllocsIndependentOfQueuedMemtables","Output":"--- PASS: TestSnapshot_HasAllocsIndependentOfQueuedMemtables (0.09s)\n"}
2026-10-06T20:03:15.5481207Z {"Time":"2026-10-06T20:03:15.5368682Z","Action":"pass","Package":"github.com/snissn/gomap/TreeDB/caching","Test":"TestSnapshot_HasAllocsIndependentOfQueuedMemtables","Elapsed":0.09}
2026-10-06T20:03:15.5483291Z {"Time":"2026-10-06T20:03:15.5368682Z","Action":"run","Package":"github.com/snissn/gomap/TreeDB/caching","Test":"TestDB_MemtableSnapshotImmutableAcrossInPlaceQueueCompaction"}
2026-10-06T20:03:15.5487135Z {"Time":"2026-10-06T20:03:15.5368682Z","Action":"output","Package":"github.com/snissn/gomap/TreeDB/caching","Test":"TestDB_MemtableSnapshotImmutableAcrossInPlaceQueueCompaction","Output":"=== RUN   TestDB_MemtableSnapshotImmutableAcrossInPlaceQueueCompaction\n"}
2026-10-06T20:03:15.5492630Z {"Time":"2026-10-06T20:03:15.5424904Z","Action":"output","Package":"github.com/snissn/gomap/TreeDB/caching","Test":"TestDB_MemtableSnapshotImmutableAcrossInPlaceQueueCompaction","Output":"--- PASS: TestDB_MemtableSnapshotImmutableAcrossInPlaceQueueCompaction (0.00s)\n"}
2026-10-06T20:03:15.5496679Z {"Time":"2026-10-06T20:03:15.5424904Z","Action":"pass","Package":"github.com/snissn/gomap/TreeDB/caching","Test":"TestDB_MemtableSnapshotImmutableAcrossInPlaceQueueCompaction","Elapsed":0}
2026-10-06T20:03:15.5500627Z {"Time":"2026-10-06T20:03:15.5424904Z","Action":"run","Package":"github.com/snissn/gomap/TreeDB/caching","Test":"TestPointReads_RawFallbackHasAllocsIndependentOfQueuedShards"}
2026-10-06T20:03:15.5503719Z {"Time":"2026-10-06T20:03:15.5424904Z","Action":"output","Package":"github.com/snissn/gomap/TreeDB/caching","Test":"TestPointReads_RawFallbackHasAllocsIndependentOfQueuedShards","Output":"=== RUN   TestPointReads_RawFallbackHasAllocsIndependentOfQueuedShards\n"}
2026-10-06T20:03:15.5507420Z {"Time":"2026-10-06T20:03:15.5468665Z","Action":"output","Package":"github.com/snissn/gomap/TreeDB/caching","Test":"TestPointReads_RawFallbackHasAllocsIndependentOfQueuedShards","Output":"--- PASS: TestPointReads_RawFallbackHasAllocsIndependentOfQueuedShards (0.00s)\n"}
2026-10-06T20:03:15.5510565Z {"Time":"2026-10-06T20:03:15.5468665Z","Action":"pass","Package":"github.com/snissn/gomap/TreeDB/caching","Test":"TestPointReads_RawFallbackHasAllocsIndependentOfQueuedShards","Elapsed":0}
2026-10-06T20:03:15.5512718Z {"Time":"2026-10-06T20:03:15.5474193Z","Action":"run","Package":"github.com/snissn/gomap/TreeDB/caching","Test":"TestDB_GetRecordsForegroundGraceCrossing"}
2026-10-06T20:03:15.5515079Z {"Time":"2026-10-06T20:03:15.5474193Z","Action":"output","Package":"github.com/snissn/gomap/TreeDB/caching","Test":"TestDB_GetRecordsForegroundGraceCrossing","Output":"=== RUN   TestDB_GetRecordsForegroundGraceCrossing\n"}
2026-10-06T20:03:15.5628825Z {"Time":"2026-10-06T20:03:15.5530413Z","Action":"output","Package":"github.com/snissn/gomap/TreeDB/caching","Test":"TestDB_GetRecordsForegroundGraceCrossing","Output":"--- PASS: TestDB_GetRecordsForegroundGraceCrossing (0.01s)\n"}
2026-10-06T20:03:15.5632076Z {"Time":"2026-10-06T20:03:15.5530413Z","Action":"pass","Package":"github.com/snissn/gomap/TreeDB/caching","Test":"TestDB_GetRecordsForegroundGraceCrossing","Elapsed":0.01}
2026-10-06T20:03:15.5634275Z {"Time":"2026-10-06T20:03:15.5530413Z","Action":"run","Package":"github.com/snissn/gomap/TreeDB/caching","Test":"TestTrimAppendOnlyMemLeases_DropsColdWhenModeNotAppendOnly"}
2026-10-06T20:03:15.5637725Z {"Time":"2026-10-06T20:03:15.5530413Z","Action":"output","Package":"github.com/snissn/gomap/TreeDB/caching","Test":"TestTrimAppendOnlyMemLeases_DropsColdWhenModeNotAppendOnly","Output":"=== RUN   TestTrimAppendOnlyMemLeases_DropsColdWhenModeNotAppendOnly\n"}
2026-10-06T20:03:15.5641309Z {"Time":"2026-10-06T20:03:15.5535846Z","Action":"output","Package":"github.com/snissn/gomap/TreeDB/caching","Test":"TestTrimAppendOnlyMemLeases_DropsColdWhenModeNotAppendOnly","Output":"--- PASS: TestTrimAppendOnlyMemLeases_DropsColdWhenModeNotAppendOnly (0.00s)\n"}
2026-10-06T20:03:15.5645290Z {"Time":"2026-10-06T20:03:15.5535846Z","Action":"pass","Package":"github.com/snissn/gomap/TreeDB/caching","Test":"TestTrimAppendOnlyMemLeases_DropsColdWhenModeNotAppendOnly","Elapsed":0}
2026-10-06T20:03:15.5647980Z {"Time":"2026-10-06T20:03:15.5535846Z","Action":"run","Package":"github.com/snissn/gomap/TreeDB/caching","Test":"TestStoreMemtableMode_DropsAppendOnlyPoolsOnColdTransition"}
2026-10-06T20:03:15.5650833Z {"Time":"2026-10-06T20:03:15.5535846Z","Action":"output","Package":"github.com/snissn/gomap/TreeDB/caching","Test":"TestStoreMemtableMode_DropsAppendOnlyPoolsOnColdTransition","Output":"=== RUN   TestStoreMemtableMode_DropsAppendOnlyPoolsOnColdTransition\n"}
2026-10-06T20:03:15.5654455Z {"Time":"2026-10-06T20:03:15.5535846Z","Action":"output","Package":"github.com/snissn/gomap/TreeDB/caching","Test":"TestStoreMemtableMode_DropsAppendOnlyPoolsOnColdTransition","Output":"--- PASS: TestStoreMemtableMode_DropsAppendOnlyPoolsOnColdTransition (0.00s)\n"}
2026-10-06T20:03:15.5657519Z {"Time":"2026-10-06T20:03:15.5535846Z","Action":"pass","Package":"github.com/snissn/gomap/TreeDB/caching","Test":"TestStoreMemtableMode_DropsAppendOnlyPoolsOnColdTransition","Elapsed":0}
2026-10-06T20:03:15.5660756Z {"Time":"2026-10-06T20:03:15.5535846Z","Action":"run","Package":"github.com/snissn/gomap/TreeDB/caching","Test":"TestTrimRetainedArenasAfterFlush_TrimsSparseAppendOnlyMutableBacking"}
2026-10-06T20:03:15.5664088Z {"Time":"2026-10-06T20:03:15.5535846Z","Action":"output","Package":"github.com/snissn/gomap/TreeDB/caching","Test":"TestTrimRetainedArenasAfterFlush_TrimsSparseAppendOnlyMutableBacking","Output":"=== RUN   TestTrimRetainedArenasAfterFlush_TrimsSparseAppendOnlyMutableBacking\n"}
2026-10-06T20:03:15.5668399Z {"Time":"2026-10-06T20:03:15.5540264Z","Action":"output","Package":"github.com/snissn/gomap/TreeDB/caching","Test":"TestTrimRetainedArenasAfterFlush_TrimsSparseAppendOnlyMutableBacking","Output":"--- PASS: TestTrimRetainedArenasAfterFlush_TrimsSparseAppendOnlyMutableBacking (0.00s)\n"}
2026-10-06T20:03:15.5671580Z {"Time":"2026-10-06T20:03:15.5540264Z","Action":"pass","Package":"github.com/snissn/gomap/TreeDB/caching","Test":"TestTrimRetainedArenasAfterFlush_TrimsSparseAppendOnlyMutableBacking","Elapsed":0}
2026-10-06T20:03:15.5673911Z {"Time":"2026-10-06T20:03:15.5540264Z","Action":"run","Package":"github.com/snissn/gomap/TreeDB/caching","Test":"TestReverseIterator_IncludesCachedWrites_SnapshotIsolated"}
2026-10-06T20:03:15.5676643Z {"Time":"2026-10-06T20:03:15.5540264Z","Action":"output","Package":"github.com/snissn/gomap/TreeDB/caching","Test":"TestReverseIterator_IncludesCachedWrites_SnapshotIsolated","Output":"=== RUN   TestReverseIterator_IncludesCachedWrites_SnapshotIsolated\n"}
2026-10-06T20:03:15.5679995Z {"Time":"2026-10-06T20:03:15.5588885Z","Action":"output","Package":"github.com/snissn/gomap/TreeDB/caching","Test":"TestReverseIterator_IncludesCachedWrites_SnapshotIsolated","Output":"--- PASS: TestReverseIterator_IncludesCachedWrites_SnapshotIsolated (0.01s)\n"}
2026-10-06T20:03:15.5683003Z {"Time":"2026-10-06T20:03:15.559798Z","Action":"pass","Package":"github.com/snissn/gomap/TreeDB/caching","Test":"TestReverseIterator_IncludesCachedWrites_SnapshotIsolated","Elapsed":0.01}
2026-10-06T20:03:15.5685313Z {"Time":"2026-10-06T20:03:15.559798Z","Action":"run","Package":"github.com/snissn/gomap/TreeDB/caching","Test":"TestIterator_UsesPublishedRootDomainIteratorAsAuthority"}
2026-10-06T20:03:15.5688421Z {"Time":"2026-10-06T20:03:15.559798Z","Action":"output","Package":"github.com/snissn/gomap/TreeDB/caching","Test":"TestIterator_UsesPublishedRootDomainIteratorAsAuthority","Output":"=== RUN   TestIterator_UsesPublishedRootDomainIteratorAsAuthority\n"}
2026-10-06T20:03:15.5784200Z {"Time":"2026-10-06T20:03:15.5646282Z","Action":"output","Package":"github.com/snissn/gomap/TreeDB/caching","Test":"TestIterator_UsesPublishedRootDomainIteratorAsAuthority","Output":"--- PASS: TestIterator_UsesPublishedRootDomainIteratorAsAuthority (0.00s)\n"}
2026-10-06T20:03:15.5788049Z {"Time":"2026-10-06T20:03:15.5646282Z","Action":"pass","Package":"github.com/snissn/gomap/TreeDB/caching","Test":"TestIterator_UsesPublishedRootDomainIteratorAsAuthority","Elapsed":0}
2026-10-06T20:03:15.5790686Z {"Time":"2026-10-06T20:03:15.5646282Z","Action":"run","Package":"github.com/snissn/gomap/TreeDB/caching","Test":"TestPointReads_IgnoreSyntheticViewStateWithoutPublishedRootDomains"}
2026-10-06T20:03:15.5793931Z {"Time":"2026-10-06T20:03:15.5646282Z","Action":"output","Package":"github.com/snissn/gomap/TreeDB/caching","Test":"TestPointReads_IgnoreSyntheticViewStateWithoutPublishedRootDomains","Output":"=== RUN   TestPointReads_IgnoreSyntheticViewStateWithoutPublishedRootDomains\n"}
2026-10-06T20:03:15.5797666Z {"Time":"2026-10-06T20:03:15.5706857Z","Action":"output","Package":"github.com/snissn/gomap/TreeDB/caching","Test":"TestPointReads_IgnoreSyntheticViewStateWithoutPublishedRootDomains","Output":"--- PASS: TestPointReads_IgnoreSyntheticViewStateWithoutPublishedRootDomains (0.01s)\n"}
2026-10-06T20:03:15.5799455Z {"Time":"2026-10-06T20:03:15.5706857Z","Action":"pass","Package":"github.com/snissn/gomap/TreeDB/caching","Test":"TestPointReads_IgnoreSyntheticViewStateWithoutPublishedRootDomains","Elapsed":0.01}
2026-10-06T20:03:15.5826099Z {"Time":"2026-10-06T20:03:15.5706857Z","Action":"run","Package":"github.com/snissn/gomap/TreeDB/caching","Test":"TestReverseIterator_UsesPublishedRootDomainIteratorRangesAsAuthority"}
2026-10-06T20:03:15.5827980Z {"Time":"2026-10-06T20:03:15.5706857Z","Action":"output","Package":"github.com/snissn/gomap/TreeDB/caching","Test":"TestReverseIterator_UsesPublishedRootDomainIteratorRangesAsAuthority","Output":"=== RUN   TestReverseIterator_UsesPublishedRootDomainIteratorRangesAsAuthority\n"}
2026-10-06T20:03:15.5936212Z {"Time":"2026-10-06T20:03:15.5782233Z","Action":"output","Package":"github.com/snissn/gomap/TreeDB/caching","Test":"TestReverseIterator_UsesPublishedRootDomainIteratorRangesAsAuthority","Output":"--- PASS: TestReverseIterator_UsesPublishedRootDomainIteratorRangesAsAuthority (0.01s)\n"}
2026-10-06T20:03:15.5938073Z {"Time":"2026-10-06T20:03:15.5782233Z","Action":"pass","Package":"github.com/snissn/gomap/TreeDB/caching","Test":"TestReverseIterator_UsesPublishedRootDomainIteratorRangesAsAuthority","Elapsed":0.01}
2026-10-06T20:03:15.5940099Z {"Time":"2026-10-06T20:03:15.5782233Z","Action":"run","Package":"github.com/snissn/gomap/TreeDB/caching","Test":"TestRootDomainProbeStats_SnapshotHasManyAndHasPrefixes"}
2026-10-06T20:03:15.5941667Z {"Time":"2026-10-06T20:03:15.5782233Z","Action":"output","Package":"github.com/snissn/gomap/TreeDB/caching","Test":"TestRootDomainProbeStats_SnapshotHasManyAndHasPrefixes","Output":"=== RUN   TestRootDomainProbeStats_SnapshotHasManyAndHasPrefixes\n"}
2026-10-06T20:03:15.5943258Z {"Time":"2026-10-06T20:03:15.5782233Z","Action":"run","Package":"github.com/snissn/gomap/TreeDB/caching","Test":"TestRootDomainProbeStats_SnapshotHasManyAndHasPrefixes/snapshot_hasmany_native"}
2026-10-06T20:03:15.5945410Z {"Time":"2026-10-06T20:03:15.5782233Z","Action":"output","Package":"github.com/snissn/gomap/TreeDB/caching","Test":"TestRootDomainProbeStats_SnapshotHasManyAndHasPrefixes/snapshot_hasmany_native","Output":"=== RUN   TestRootDomainProbeStats_SnapshotHasManyAndHasPrefixes/snapshot_hasmany_native\n"}
2026-10-06T20:03:15.6551607Z {"Time":"2026-10-06T20:03:15.6418908Z","Action":"output","Package":"github.com/snissn/gomap/TreeDB/caching","Test":"TestRootDomainProbeStats_SnapshotHasManyAndHasPrefixes/snapshot_hasmany_native","Output":"--- PASS: TestRootDomainProbeStats_SnapshotHasManyAndHasPrefixes/snapshot_hasmany_native (0.06s)\n"}
2026-10-06T20:03:15.6553673Z {"Time":"2026-10-06T20:03:15.6423449Z","Action":"pass","Package":"github.com/snissn/gomap/TreeDB/caching","Test":"TestRootDomainProbeStats_SnapshotHasManyAndHasPrefixes/snapshot_hasmany_native","Elapsed":0.06}
2026-10-06T20:03:15.6555241Z {"Time":"2026-10-06T20:03:15.6423449Z","Action":"run","Package":"github.com/snissn/gomap/TreeDB/caching","Test":"TestRootDomainProbeStats_SnapshotHasManyAndHasPrefixes/snapshot_hasmany_backend_fallback"}
2026-10-06T20:03:15.6557420Z {"Time":"2026-10-06T20:03:15.6423449Z","Action":"output","Package":"github.com/snissn/gomap/TreeDB/caching","Test":"TestRootDomainProbeStats_SnapshotHasManyAndHasPrefixes/snapshot_hasmany_backend_fallback","Output":"=== RUN   TestRootDomainProbeStats_SnapshotHasManyAndHasPrefixes/snapshot_hasmany_backend_fallback\n"}
2026-10-06T20:03:15.7325996Z {"Time":"2026-10-06T20:03:15.7254245Z","Action":"output","Package":"github.com/snissn/gomap/TreeDB/caching","Test":"TestRootDomainProbeStats_SnapshotHasManyAndHasPrefixes/snapshot_hasmany_backend_fallback","Output":"--- PASS: TestRootDomainProbeStats_SnapshotHasManyAndHasPrefixes/snapshot_hasmany_backend_fallback (0.08s)\n"}
2026-10-06T20:03:15.7328096Z {"Time":"2026-10-06T20:03:15.7254245Z","Action":"pass","Package":"github.com/snissn/gomap/TreeDB/caching","Test":"TestRootDomainProbeStats_SnapshotHasManyAndHasPrefixes/snapshot_hasmany_backend_fallback","Elapsed":0.08}
2026-10-06T20:03:15.7329575Z {"Time":"2026-10-06T20:03:15.7254245Z","Action":"run","Package":"github.com/snissn/gomap/TreeDB/caching","Test":"TestRootDomainProbeStats_SnapshotHasManyAndHasPrefixes/snapshot_hasprefixes_native"}
2026-10-06T20:03:15.7332177Z {"Time":"2026-10-06T20:03:15.7254245Z","Action":"output","Package":"github.com/snissn/gomap/TreeDB/caching","Test":"TestRootDomainProbeStats_SnapshotHasManyAndHasPrefixes/snapshot_hasprefixes_native","Output":"=== RUN   TestRootDomainProbeStats_SnapshotHasManyAndHasPrefixes/snapshot_hasprefixes_native\n"}
2026-10-06T20:03:15.7938353Z {"Time":"2026-10-06T20:03:15.78544Z","Action":"output","Package":"github.com/snissn/gomap/TreeDB/caching","Test":"TestRootDomainProbeStats_SnapshotHasManyAndHasPrefixes/snapshot_hasprefixes_native","Output":"--- PASS: TestRootDomainProbeStats_SnapshotHasManyAndHasPrefixes/snapshot_hasprefixes_native (0.06s)\n"}
2026-10-06T20:03:15.7940463Z {"Time":"2026-10-06T20:03:15.78544Z","Action":"pass","Package":"github.com/snissn/gomap/TreeDB/caching","Test":"TestRootDomainProbeStats_SnapshotHasManyAndHasPrefixes/snapshot_hasprefixes_native","Elapsed":0.06}
2026-10-06T20:03:15.7942160Z {"Time":"2026-10-06T20:03:15.78544Z","Action":"output","Package":"github.com/snissn/gomap/TreeDB/caching","Test":"TestRootDomainProbeStats_SnapshotHasManyAndHasPrefixes","Output":"--- PASS: TestRootDomainProbeStats_SnapshotHasManyAndHasPrefixes (0.21s)\n"}
2026-10-06T20:03:15.7944093Z {"Time":"2026-10-06T20:03:15.78544Z","Action":"pass","Package":"github.com/snissn/gomap/TreeDB/caching","Test":"TestRootDomainProbeStats_SnapshotHasManyAndHasPrefixes","Elapsed":0.21}
2026-10-06T20:03:15.7945268Z {"Time":"2026-10-06T20:03:15.78544Z","Action":"run","Package":"github.com/snissn/gomap/TreeDB/caching","Test":"TestRootDomainSnapshot_TombstoneHidesOlderRuns"}
2026-10-06T20:03:15.7946594Z {"Time":"2026-10-06T20:03:15.78544Z","Action":"output","Package":"github.com/snissn/gomap/TreeDB/caching","Test":"TestRootDomainSnapshot_TombstoneHidesOlderRuns","Output":"=== RUN   TestRootDomainSnapshot_TombstoneHidesOlderRuns\n"}
2026-10-06T20:03:15.7948244Z {"Time":"2026-10-06T20:03:15.78544Z","Action":"output","Package":"github.com/snissn/gomap/TreeDB/caching","Test":"TestRootDomainSnapshot_TombstoneHidesOlderRuns","Output":"=== PAUSE TestRootDomainSnapshot_TombstoneHidesOlderRuns\n"}
2026-10-06T20:03:15.7949593Z {"Time":"2026-10-06T20:03:15.78544Z","Action":"pause","Package":"github.com/snissn/gomap/TreeDB/caching","Test":"TestRootDomainSnapshot_TombstoneHidesOlderRuns"}
2026-10-06T20:03:15.7950730Z {"Time":"2026-10-06T20:03:15.78544Z","Action":"run","Package":"github.com/snissn/gomap/TreeDB/caching","Test":"TestRootDomainState_SnapshotDoesNotAliasLaterImmutableReuse"}
2026-10-06T20:03:15.7952246Z {"Time":"2026-10-06T20:03:15.78544Z","Action":"output","Package":"github.com/snissn/gomap/TreeDB/caching","Test":"TestRootDomainState_SnapshotDoesNotAliasLaterImmutableReuse","Output":"=== RUN   TestRootDomainState_SnapshotDoesNotAliasLaterImmutableReuse\n"}
2026-10-06T20:03:15.7954076Z {"Time":"2026-10-06T20:03:15.78544Z","Action":"output","Package":"github.com/snissn/gomap/TreeDB/caching","Test":"TestRootDomainState_SnapshotDoesNotAliasLaterImmutableReuse","Output":"=== PAUSE TestRootDomainState_SnapshotDoesNotAliasLaterImmutableReuse\n"}
2026-10-06T20:03:15.7955616Z {"Time":"2026-10-06T20:03:15.78544Z","Action":"pause","Package":"github.com/snissn/gomap/TreeDB/caching","Test":"TestRootDomainState_SnapshotDoesNotAliasLaterImmutableReuse"}
2026-10-06T20:03:15.7956909Z {"Time":"2026-10-06T20:03:15.78544Z","Action":"run","Package":"github.com/snissn/gomap/TreeDB/caching","Test":"TestRootDomainSnapshotFromMemtableView_ForSnapshotReadsExcludesMutableRun"}
2026-10-06T20:03:15.7958629Z {"Time":"2026-10-06T20:03:15.78544Z","Action":"output","Package":"github.com/snissn/gomap/TreeDB/caching","Test":"TestRootDomainSnapshotFromMemtableView_ForSnapshotReadsExcludesMutableRun","Output":"=== RUN   TestRootDomainSnapshotFromMemtableView_ForSnapshotReadsExcludesMutableRun\n"}
2026-10-06T20:03:15.7960736Z {"Time":"2026-10-06T20:03:15.78544Z","Action":"output","Package":"github.com/snissn/gomap/TreeDB/caching","Test":"TestRootDomainSnapshotFromMemtableView_ForSnapshotReadsExcludesMutableRun","Output":"=== PAUSE TestRootDomainSnapshotFromMemtableView_ForSnapshotReadsExcludesMutableRun\n"}
2026-10-06T20:03:15.7963944Z {"Time":"2026-10-06T20:03:15.78544Z","Action":"pause","Package":"github.com/snissn/gomap/TreeDB/caching","Test":"TestRootDomainSnapshotFromMemtableView_ForSnapshotReadsExcludesMutableRun"}
2026-10-06T20:03:15.7965305Z {"Time":"2026-10-06T20:03:15.78544Z","Action":"run","Package":"github.com/snissn/gomap/TreeDB/caching","Test":"TestRootDomainSnapshotFromCachedSnapshot_UsesBackendFallbackLookup"}
2026-10-06T20:03:15.7967146Z {"Time":"2026-10-06T20:03:15.78544Z","Action":"output","Package":"github.com/snissn/gomap/TreeDB/caching","Test":"TestRootDomainSnapshotFromCachedSnapshot_UsesBackendFallbackLookup","Output":"=== RUN   TestRootDomainSnapshotFromCachedSnapshot_UsesBackendFallbackLookup\n"}
2026-10-06T20:03:15.7969351Z {"Time":"2026-10-06T20:03:15.78544Z","Action":"output","Package":"github.com/snissn/gomap/TreeDB/caching","Test":"TestRootDomainSnapshotFromCachedSnapshot_UsesBackendFallbackLookup","Output":"=== PAUSE TestRootDomainSnapshotFromCachedSnapshot_UsesBackendFallbackLookup\n"}
2026-10-06T20:03:15.7970975Z {"Time":"2026-10-06T20:03:15.78544Z","Action":"pause","Package":"github.com/snissn/gomap/TreeDB/caching","Test":"TestRootDomainSnapshotFromCachedSnapshot_UsesBackendFallbackLookup"}
2026-10-06T20:03:15.7972184Z {"Time":"2026-10-06T20:03:15.78544Z","Action":"run","Package":"github.com/snissn/gomap/TreeDB/caching","Test":"TestRawPointRootDomainEntry_NewestWinsAcrossMutableAndQueue"}
2026-10-06T20:03:15.7974324Z {"Time":"2026-10-06T20:03:15.78544Z","Action":"output","Package":"github.com/snissn/gomap/TreeDB/caching","Test":"TestRawPointRootDomainEntry_NewestWinsAcrossMutableAndQueue","Output":"=== RUN   TestRawPointRootDomainEntry_NewestWinsAcrossMutableAndQueue\n"}
2026-10-06T20:03:15.7976742Z {"Time":"2026-10-06T20:03:15.78544Z","Action":"output","Package":"github.com/snissn/gomap/TreeDB/caching","Test":"TestRawPointRootDomainEntry_NewestWinsAcrossMutableAndQueue","Output":"=== PAUSE TestRawPointRootDomainEntry_NewestWinsAcrossMutableAndQueue\n"}
2026-10-06T20:03:15.7978653Z {"Time":"2026-10-06T20:03:15.78544Z","Action":"pause","Package":"github.com/snissn/gomap/TreeDB/caching","Test":"TestRawPointRootDomainEntry_NewestWinsAcrossMutableAndQueue"}
2026-10-06T20:03:15.7979851Z {"Time":"2026-10-06T20:03:15.78544Z","Action":"run","Package":"github.com/snissn/gomap/TreeDB/caching","Test":"TestPublishMemtablesLocked_UsesRootDomainStateAuthority"}
2026-10-06T20:03:15.7981321Z {"Time":"2026-10-06T20:03:15.78544Z","Action":"output","Package":"github.com/snissn/gomap/TreeDB/caching","Test":"TestPublishMemtablesLocked_UsesRootDomainStateAuthority","Output":"=== RUN   TestPublishMemtablesLocked_UsesRootDomainStateAuthority\n"}
2026-10-06T20:03:15.7983081Z {"Time":"2026-10-06T20:03:15.78544Z","Action":"output","Package":"github.com/snissn/gomap/TreeDB/caching","Test":"TestPublishMemtablesLocked_UsesRootDomainStateAuthority","Output":"=== PAUSE TestPublishMemtablesLocked_UsesRootDomainStateAuthority\n"}
2026-10-06T20:03:15.7985086Z {"Time":"2026-10-06T20:03:15.78544Z","Action":"pause","Package":"github.com/snissn/gomap/TreeDB/caching","Test":"TestPublishMemtablesLocked_UsesRootDomainStateAuthority"}
2026-10-06T20:03:15.7986291Z {"Time":"2026-10-06T20:03:15.78544Z","Action":"run","Package":"github.com/snissn/gomap/TreeDB/caching","Test":"TestPromoteRootDomainMutableLocked_SkipsEmptySealedMemtable"}
2026-10-06T20:03:15.7987820Z {"Time":"2026-10-06T20:03:15.78544Z","Action":"output","Package":"github.com/snissn/gomap/TreeDB/caching","Test":"TestPromoteRootDomainMutableLocked_SkipsEmptySealedMemtable","Output":"=== RUN   TestPromoteRootDomainMutableLocked_SkipsEmptySealedMemtable\n"}
2026-10-06T20:03:15.7989878Z {"Time":"2026-10-06T20:03:15.7867112Z","Action":"output","Package":"github.com/snissn/gomap/TreeDB/caching","Test":"TestPromoteRootDomainMutableLocked_SkipsEmptySealedMemtable","Output":"=== PAUSE TestPromoteRootDomainMutableLocked_SkipsEmptySealedMemtable\n"}
2026-10-06T20:03:15.7991620Z {"Time":"2026-10-06T20:03:15.7867112Z","Action":"pause","Package":"github.com/snissn/gomap/TreeDB/caching","Test":"TestPromoteRootDomainMutableLocked_SkipsEmptySealedMemtable"}
2026-10-06T20:03:15.7992963Z {"Time":"2026-10-06T20:03:15.7867112Z","Action":"run","Package":"github.com/snissn/gomap/TreeDB/caching","Test":"TestRootDomainSnapshot_HasPrefixesSortedUsesOneIteratorPerSource"}
2026-10-06T20:03:15.7994565Z {"Time":"2026-10-06T20:03:15.7867112Z","Action":"output","Package":"github.com/snissn/gomap/TreeDB/caching","Test":"TestRootDomainSnapshot_HasPrefixesSortedUsesOneIteratorPerSource","Output":"=== RUN   TestRootDomainSnapshot_HasPrefixesSortedUsesOneIteratorPerSource\n"}
2026-10-06T20:03:15.7996771Z {"Time":"2026-10-06T20:03:15.7867112Z","Action":"output","Package":"github.com/snissn/gomap/TreeDB/caching","Test":"TestRootDomainSnapshot_HasPrefixesSortedUsesOneIteratorPerSource","Output":"=== PAUSE TestRootDomainSnapshot_HasPrefixesSortedUsesOneIteratorPerSource\n"}
2026-10-06T20:03:15.7998993Z {"Time":"2026-10-06T20:03:15.7867112Z","Action":"pause","Package":"github.com/snissn/gomap/TreeDB/caching","Test":"TestRootDomainSnapshot_HasPrefixesSortedUsesOneIteratorPerSource"}
2026-10-06T20:03:15.8000242Z {"Time":"2026-10-06T20:03:15.7867112Z","Action":"run","Package":"github.com/snissn/gomap/TreeDB/caching","Test":"TestInstallPublishedRootSetLocked_NilClearsPublishedViews"}
2026-10-06T20:03:15.8002137Z {"Time":"2026-10-06T20:03:15.7867112Z","Action":"output","Package":"github.com/snissn/gomap/TreeDB/caching","Test":"TestInstallPublishedRootSetLocked_NilClearsPublishedViews","Output":"=== RUN   TestInstallPublishedRootSetLocked_NilClearsPublishedViews\n"}
2026-10-06T20:03:15.8004672Z {"Time":"2026-10-06T20:03:15.7867112Z","Action":"output","Package":"github.com/snissn/gomap/TreeDB/caching","Test":"TestInstallPublishedRootSetLocked_NilClearsPublishedViews","Output":"--- PASS: TestInstallPublishedRootSetLocked_NilClearsPublishedViews (0.00s)\n"}
2026-10-06T20:03:15.8006624Z {"Time":"2026-10-06T20:03:15.7867112Z","Action":"pass","Package":"github.com/snissn/gomap/TreeDB/caching","Test":"TestInstallPublishedRootSetLocked_NilClearsPublishedViews","Elapsed":0}
2026-10-06T20:03:15.8008052Z {"Time":"2026-10-06T20:03:15.7867112Z","Action":"run","Package":"github.com/snissn/gomap/TreeDB/caching","Test":"TestPublishInstalledRootSetLocked_HookFailureKeepsPreviousGeneration"}
2026-10-06T20:03:15.8009972Z {"Time":"2026-10-06T20:03:15.7867112Z","Action":"output","Package":"github.com/snissn/gomap/TreeDB/caching","Test":"TestPublishInstalledRootSetLocked_HookFailureKeepsPreviousGeneration","Output":"=== RUN   TestPublishInstalledRootSetLocked_HookFailureKeepsPreviousGeneration\n"}
2026-10-06T20:03:15.8012232Z {"Time":"2026-10-06T20:03:15.7867112Z","Action":"output","Package":"github.com/snissn/gomap/TreeDB/caching","Test":"TestPublishInstalledRootSetLocked_HookFailureKeepsPreviousGeneration","Output":"--- PASS: TestPublishInstalledRootSetLocked_HookFailureKeepsPreviousGeneration (0.00s)\n"}
2026-10-06T20:03:15.8014425Z {"Time":"2026-10-06T20:03:15.7867112Z","Action":"pass","Package":"github.com/snissn/gomap/TreeDB/caching","Test":"TestPublishInstalledRootSetLocked_HookFailureKeepsPreviousGeneration","Elapsed":0}
2026-10-06T20:03:15.8016016Z {"Time":"2026-10-06T20:03:15.7867112Z","Action":"run","Package":"github.com/snissn/gomap/TreeDB/caching","Test":"TestPublishInstalledRootSetLocked_SuccessClearsDirtyPublishGroup"}
2026-10-06T20:03:15.8017813Z {"Time":"2026-10-06T20:03:15.7867112Z","Action":"output","Package":"github.com/snissn/gomap/TreeDB/caching","Test":"TestPublishInstalledRootSetLocked_SuccessClearsDirtyPublishGroup","Output":"=== RUN   TestPublishInstalledRootSetLocked_SuccessClearsDirtyPublishGroup\n"}
2026-10-06T20:03:15.8019803Z {"Time":"2026-10-06T20:03:15.7867112Z","Action":"output","Package":"github.com/snissn/gomap/TreeDB/caching","Test":"TestPublishInstalledRootSetLocked_SuccessClearsDirtyPublishGroup","Output":"--- PASS: TestPublishInstalledRootSetLocked_SuccessClearsDirtyPublishGroup (0.00s)\n"}
2026-10-06T20:03:15.8021669Z {"Time":"2026-10-06T20:03:15.7867112Z","Action":"pass","Package":"github.com/snissn/gomap/TreeDB/caching","Test":"TestPublishInstalledRootSetLocked_SuccessClearsDirtyPublishGroup","Elapsed":0}
2026-10-06T20:03:15.8023015Z {"Time":"2026-10-06T20:03:15.78752Z","Action":"run","Package":"github.com/snissn/gomap/TreeDB/caching","Test":"TestFlushCheckpointEmptyFrontierPublishesDirtyRoots"}
2026-10-06T20:03:15.8025017Z {"Time":"2026-10-06T20:03:15.78752Z","Action":"output","Package":"github.com/snissn/gomap/TreeDB/caching","Test":"TestFlushCheckpointEmptyFrontierPublishesDirtyRoots","Output":"=== RUN   TestFlushCheckpointEmptyFrontierPublishesDirtyRoots\n"}
2026-10-06T20:03:15.8091677Z {"Time":"2026-10-06T20:03:15.7994731Z","Action":"output","Package":"github.com/snissn/gomap/TreeDB/caching","Test":"TestFlushCheckpointEmptyFrontierPublishesDirtyRoots","Output":"--- PASS: TestFlushCheckpointEmptyFrontierPublishesDirtyRoots (0.01s)\n"}
2026-10-06T20:03:15.8093339Z {"Time":"2026-10-06T20:03:15.7994731Z","Action":"pass","Package":"github.com/snissn/gomap/TreeDB/caching","Test":"TestFlushCheckpointEmptyFrontierPublishesDirtyRoots","Elapsed":0.01}
2026-10-06T20:03:15.8095016Z {"Time":"2026-10-06T20:03:15.7994731Z","Action":"run","Package":"github.com/snissn/gomap/TreeDB/caching","Test":"TestPublishInstalledRootSetLocked_HookSeesOrderedRunsAsOneGroup"}
2026-10-06T20:03:15.8096655Z {"Time":"2026-10-06T20:03:15.7994731Z","Action":"output","Package":"github.com/snissn/gomap/TreeDB/caching","Test":"TestPublishInstalledRootSetLocked_HookSeesOrderedRunsAsOneGroup","Output":"=== RUN   TestPublishInstalledRootSetLocked_HookSeesOrderedRunsAsOneGroup\n"}
2026-10-06T20:03:15.8098624Z {"Time":"2026-10-06T20:03:15.8000317Z","Action":"output","Package":"github.com/snissn/gomap/TreeDB/caching","Test":"TestPublishInstalledRootSetLocked_HookSeesOrderedRunsAsOneGroup","Output":"--- PASS: TestPublishInstalledRootSetLocked_HookSeesOrderedRunsAsOneGroup (0.00s)\n"}
2026-10-06T20:03:15.8100671Z {"Time":"2026-10-06T20:03:15.8000317Z","Action":"pass","Package":"github.com/snissn/gomap/TreeDB/caching","Test":"TestPublishInstalledRootSetLocked_HookSeesOrderedRunsAsOneGroup","Elapsed":0}
2026-10-06T20:03:15.8101977Z {"Time":"2026-10-06T20:03:15.8000317Z","Action":"run","Package":"github.com/snissn/gomap/TreeDB/caching","Test":"TestPublishInstalledRootSet_NewerGenerationInstalledDuringHookWins"}
2026-10-06T20:03:15.8103605Z {"Time":"2026-10-06T20:03:15.8000317Z","Action":"output","Package":"github.com/snissn/gomap/TreeDB/caching","Test":"TestPublishInstalledRootSet_NewerGenerationInstalledDuringHookWins","Output":"=== RUN   TestPublishInstalledRootSet_NewerGenerationInstalledDuringHookWins\n"}
2026-10-06T20:03:15.8105826Z {"Time":"2026-10-06T20:03:15.8000317Z","Action":"output","Package":"github.com/snissn/gomap/TreeDB/caching","Test":"TestPublishInstalledRootSet_NewerGenerationInstalledDuringHookWins","Output":"--- PASS: TestPublishInstalledRootSet_NewerGenerationInstalledDuringHookWins (0.00s)\n"}
2026-10-06T20:03:15.8107933Z {"Time":"2026-10-06T20:03:15.8003549Z","Action":"pass","Package":"github.com/snissn/gomap/TreeDB/caching","Test":"TestPublishInstalledRootSet_NewerGenerationInstalledDuringHookWins","Elapsed":0}
2026-10-06T20:03:15.8109636Z {"Time":"2026-10-06T20:03:15.8003549Z","Action":"run","Package":"github.com/snissn/gomap/TreeDB/caching","Test":"TestPublishInstalledRootSet_PublishesSystemDescriptorRunWithoutBackendBatch"}
2026-10-06T20:03:15.8111772Z {"Time":"2026-10-06T20:03:15.8003549Z","Action":"output","Package":"github.com/snissn/gomap/TreeDB/caching","Test":"TestPublishInstalledRootSet_PublishesSystemDescriptorRunWithoutBackendBatch","Output":"=== RUN   TestPublishInstalledRootSet_PublishesSystemDescriptorRunWithoutBackendBatch\n"}
2026-10-06T20:03:15.8113997Z {"Time":"2026-10-06T20:03:15.8003549Z","Action":"output","Package":"github.com/snissn/gomap/TreeDB/caching","Test":"TestPublishInstalledRootSet_PublishesSystemDescriptorRunWithoutBackendBatch","Output":"--- PASS: TestPublishInstalledRootSet_PublishesSystemDescriptorRunWithoutBackendBatch (0.00s)\n"}
2026-10-06T20:03:15.8116165Z {"Time":"2026-10-06T20:03:15.8003549Z","Action":"pass","Package":"github.com/snissn/gomap/TreeDB/caching","Test":"TestPublishInstalledRootSet_PublishesSystemDescriptorRunWithoutBackendBatch","Elapsed":0}
2026-10-06T20:03:15.8117971Z {"Time":"2026-10-06T20:03:15.8003549Z","Action":"run","Package":"github.com/snissn/gomap/TreeDB/caching","Test":"TestPublishInstalledRootSet_WarmGroupedNonSystemRoots_PublishesDirtyRoots"}
2026-10-06T20:03:15.8119650Z {"Time":"2026-10-06T20:03:15.8003549Z","Action":"output","Package":"github.com/snissn/gomap/TreeDB/caching","Test":"TestPublishInstalledRootSet_WarmGroupedNonSystemRoots_PublishesDirtyRoots","Output":"=== RUN   TestPublishInstalledRootSet_WarmGroupedNonSystemRoots_PublishesDirtyRoots\n"}
2026-10-06T20:03:15.8121727Z {"Time":"2026-10-06T20:03:15.8008283Z","Action":"output","Package":"github.com/snissn/gomap/TreeDB/caching","Test":"TestPublishInstalledRootSet_WarmGroupedNonSystemRoots_PublishesDirtyRoots","Output":"--- PASS: TestPublishInstalledRootSet_WarmGroupedNonSystemRoots_PublishesDirtyRoots (0.00s)\n"}
2026-10-06T20:03:15.8123879Z {"Time":"2026-10-06T20:03:15.8008283Z","Action":"pass","Package":"github.com/snissn/gomap/TreeDB/caching","Test":"TestPublishInstalledRootSet_WarmGroupedNonSystemRoots_PublishesDirtyRoots","Elapsed":0}
2026-10-06T20:03:15.8125250Z {"Time":"2026-10-06T20:03:15.8008283Z","Action":"run","Package":"github.com/snissn/gomap/TreeDB/caching","Test":"TestPublishInstalledRootSet_WarmMixedSystemAndNonSystemRoots_PublishesAtomically"}
2026-10-06T20:03:15.8127020Z {"Time":"2026-10-06T20:03:15.8008283Z","Action":"output","Package":"github.com/snissn/gomap/TreeDB/caching","Test":"TestPublishInstalledRootSet_WarmMixedSystemAndNonSystemRoots_PublishesAtomically","Output":"=== RUN   TestPublishInstalledRootSet_WarmMixedSystemAndNonSystemRoots_PublishesAtomically\n"}
2026-10-06T20:03:15.8130034Z {"Time":"2026-10-06T20:03:15.8011455Z","Action":"output","Package":"github.com/snissn/gomap/TreeDB/caching","Test":"TestPublishInstalledRootSet_WarmMixedSystemAndNonSystemRoots_PublishesAtomically","Output":"--- PASS: TestPublishInstalledRootSet_WarmMixedSystemAndNonSystemRoots_PublishesAtomically (0.00s)\n"}
2026-10-06T20:03:15.8131953Z {"Time":"2026-10-06T20:03:15.8011455Z","Action":"pass","Package":"github.com/snissn/gomap/TreeDB/caching","Test":"TestPublishInstalledRootSet_WarmMixedSystemAndNonSystemRoots_PublishesAtomically","Elapsed":0}
2026-10-06T20:03:15.8133551Z {"Time":"2026-10-06T20:03:15.8011455Z","Action":"run","Package":"github.com/snissn/gomap/TreeDB/caching","Test":"TestRootDomainSnapshotFromCachedSnapshot_UsesPerRootPublishedView"}
2026-10-06T20:03:15.8135406Z {"Time":"2026-10-06T20:03:15.8011455Z","Action":"output","Package":"github.com/snissn/gomap/TreeDB/caching","Test":"TestRootDomainSnapshotFromCachedSnapshot_UsesPerRootPublishedView","Output":"=== RUN   TestRootDomainSnapshotFromCachedSnapshot_UsesPerRootPublishedView\n"}
2026-10-06T20:03:15.8137428Z {"Time":"2026-10-06T20:03:15.8011455Z","Action":"output","Package":"github.com/snissn/gomap/TreeDB/caching","Test":"TestRootDomainSnapshotFromCachedSnapshot_UsesPerRootPublishedView","Output":"--- PASS: TestRootDomainSnapshotFromCachedSnapshot_UsesPerRootPublishedView (0.00s)\n"}
2026-10-06T20:03:15.8139386Z {"Time":"2026-10-06T20:03:15.8011455Z","Action":"pass","Package":"github.com/snissn/gomap/TreeDB/caching","Test":"TestRootDomainSnapshotFromCachedSnapshot_UsesPerRootPublishedView","Elapsed":0}
2026-10-06T20:03:15.8140696Z {"Time":"2026-10-06T20:03:15.8011455Z","Action":"run","Package":"github.com/snissn/gomap/TreeDB/caching","Test":"TestAcquireSnapshot_PinsInstalledPublishedRootSet"}
2026-10-06T20:03:15.8142088Z {"Time":"2026-10-06T20:03:15.8011455Z","Action":"output","Package":"github.com/snissn/gomap/TreeDB/caching","Test":"TestAcquireSnapshot_PinsInstalledPublishedRootSet","Output":"=== RUN   TestAcquireSnapshot_PinsInstalledPublishedRootSet\n"}
2026-10-06T20:03:15.8704795Z {"Time":"2026-10-06T20:03:15.8608542Z","Action":"output","Package":"github.com/snissn/gomap/TreeDB/caching","Test":"TestAcquireSnapshot_PinsInstalledPublishedRootSet","Output":"--- PASS: TestAcquireSnapshot_PinsInstalledPublishedRootSet (0.06s)\n"}
2026-10-06T20:03:15.8706822Z {"Time":"2026-10-06T20:03:15.8608542Z","Action":"pass","Package":"github.com/snissn/gomap/TreeDB/caching","Test":"TestAcquireSnapshot_PinsInstalledPublishedRootSet","Elapsed":0.06}
2026-10-06T20:03:15.8708587Z {"Time":"2026-10-06T20:03:15.8608542Z","Action":"run","Package":"github.com/snissn/gomap/TreeDB/caching","Test":"TestAcquireSnapshot_PinsGroupedWarmPublishAcrossMixedSystemAndNonSystemRoots"}
2026-10-06T20:03:15.8710423Z {"Time":"2026-10-06T20:03:15.8608542Z","Action":"output","Package":"github.com/snissn/gomap/TreeDB/caching","Test":"TestAcquireSnapshot_PinsGroupedWarmPublishAcrossMixedSystemAndNonSystemRoots","Output":"=== RUN   TestAcquireSnapshot_PinsGroupedWarmPublishAcrossMixedSystemAndNonSystemRoots\n"}
2026-10-06T20:03:15.9788564Z {"Time":"2026-10-06T20:03:15.9762905Z","Action":"output","Package":"github.com/snissn/gomap/TreeDB/caching","Test":"TestAcquireSnapshot_PinsGroupedWarmPublishAcrossMixedSystemAndNonSystemRoots","Output":"--- PASS: TestAcquireSnapshot_PinsGroupedWarmPublishAcrossMixedSystemAndNonSystemRoots (0.12s)\n"}
2026-10-06T20:03:15.9790575Z {"Time":"2026-10-06T20:03:15.9762905Z","Action":"pass","Package":"github.com/snissn/gomap/TreeDB/caching","Test":"TestAcquireSnapshot_PinsGroupedWarmPublishAcrossMixedSystemAndNonSystemRoots","Elapsed":0.12}
2026-10-06T20:03:15.9792088Z {"Time":"2026-10-06T20:03:15.9762905Z","Action":"run","Package":"github.com/snissn/gomap/TreeDB/caching","Test":"TestLeafGenerationGCOptionsIncludePublishedRoots"}
2026-10-06T20:03:15.9793550Z {"Time":"2026-10-06T20:03:15.9762905Z","Action":"output","Package":"github.com/snissn/gomap/TreeDB/caching","Test":"TestLeafGenerationGCOptionsIncludePublishedRoots","Output":"=== RUN   TestLeafGenerationGCOptionsIncludePublishedRoots\n"}
2026-10-06T20:03:15.9795324Z {"Time":"2026-10-06T20:03:15.9762905Z","Action":"output","Package":"github.com/snissn/gomap/TreeDB/caching","Test":"TestLeafGenerationGCOptionsIncludePublishedRoots","Output":"--- PASS: TestLeafGenerationGCOptionsIncludePublishedRoots (0.00s)\n"}
2026-10-06T20:03:15.9796940Z {"Time":"2026-10-06T20:03:15.9762905Z","Action":"pass","Package":"github.com/snissn/gomap/TreeDB/caching","Test":"TestLeafGenerationGCOptionsIncludePublishedRoots","Elapsed":0}
2026-10-06T20:03:15.9798277Z {"Time":"2026-10-06T20:03:15.9762905Z","Action":"run","Package":"github.com/snissn/gomap/TreeDB/caching","Test":"TestCollectValueLogLiveIDsUntil_IncludesSystemDescriptorCollectionRootLeafRefs"}
2026-10-06T20:03:15.9800092Z {"Time":"2026-10-06T20:03:15.9762905Z","Action":"output","Package":"github.com/snissn/gomap/TreeDB/caching","Test":"TestCollectValueLogLiveIDsUntil_IncludesSystemDescriptorCollectionRootLeafRefs","Output":"=== RUN   TestCollectValueLogLiveIDsUntil_IncludesSystemDescriptorCollectionRootLeafRefs\n"}
2026-10-06T20:03:16.0872258Z {"Time":"2026-10-06T20:03:16.0822736Z","Action":"output","Package":"github.com/snissn/gomap/TreeDB/caching","Test":"TestCollectValueLogLiveIDsUntil_IncludesSystemDescriptorCollectionRootLeafRefs","Output":"--- PASS: TestCollectValueLogLiveIDsUntil_IncludesSystemDescriptorCollectionRootLeafRefs (0.11s)\n"}
2026-10-06T20:03:16.0874266Z {"Time":"2026-10-06T20:03:16.0822736Z","Action":"pass","Package":"github.com/snissn/gomap/TreeDB/caching","Test":"TestCollectValueLogLiveIDsUntil_IncludesSystemDescriptorCollectionRootLeafRefs","Elapsed":0.11}
2026-10-06T20:03:16.0875902Z {"Time":"2026-10-06T20:03:16.0822736Z","Action":"run","Package":"github.com/snissn/gomap/TreeDB/caching","Test":"TestPruneRetainedValueLogs_PublishedNonSystemRootsKeepClosedSegment"}
2026-10-06T20:03:16.0877810Z {"Time":"2026-10-06T20:03:16.0822736Z","Action":"output","Package":"github.com/snissn/gomap/TreeDB/caching","Test":"TestPruneRetainedValueLogs_PublishedNonSystemRootsKeepClosedSegment","Output":"=== RUN   TestPruneRetainedValueLogs_PublishedNonSystemRootsKeepClosedSegment\n"}
2026-10-06T20:03:16.1963201Z {"Time":"2026-10-06T20:03:16.1919192Z","Action":"output","Package":"github.com/snissn/gomap/TreeDB/caching","Test":"TestPruneRetainedValueLogs_PublishedNonSystemRootsKeepClosedSegment","Output":"--- PASS: TestPruneRetainedValueLogs_PublishedNonSystemRootsKeepClosedSegment (0.11s)\n"}
2026-10-06T20:03:16.1965856Z {"Time":"2026-10-06T20:03:16.1919192Z","Action":"pass","Package":"github.com/snissn/gomap/TreeDB/caching","Test":"TestPruneRetainedValueLogs_PublishedNonSystemRootsKeepClosedSegment","Elapsed":0.11}
2026-10-06T20:03:16.1967298Z {"Time":"2026-10-06T20:03:16.1919192Z","Action":"run","Package":"github.com/snissn/gomap/TreeDB/caching","Test":"TestCachedSnapshotReadCallbackCanCloseOwner"}
2026-10-06T20:03:16.1968912Z {"Time":"2026-10-06T20:03:16.1919192Z","Action":"output","Package":"github.com/snissn/gomap/TreeDB/caching","Test":"TestCachedSnapshotReadCallbackCanCloseOwner","Output":"=== RUN   TestCachedSnapshotReadCallbackCanCloseOwner\n"}
2026-10-06T20:03:16.2767666Z {"Time":"2026-10-06T20:03:16.2744118Z","Action":"output","Package":"github.com/snissn/gomap/TreeDB/caching","Test":"TestCachedSnapshotReadCallbackCanCloseOwner","Output":"--- PASS: TestCachedSnapshotReadCallbackCanCloseOwner (0.08s)\n"}
2026-10-06T20:03:16.2769201Z {"Time":"2026-10-06T20:03:16.2744118Z","Action":"pass","Package":"github.com/snissn/gomap/TreeDB/caching","Test":"TestCachedSnapshotReadCallbackCanCloseOwner","Elapsed":0.08}
2026-10-06T20:03:16.2770952Z {"Time":"2026-10-06T20:03:16.2747658Z","Action":"run","Package":"github.com/snissn/gomap/TreeDB/caching","Test":"TestCachedSnapshotIteratorCreationSerializesCloseAndRelease"}
2026-10-06T20:03:16.2772580Z {"Time":"2026-10-06T20:03:16.2747658Z","Action":"output","Package":"github.com/snissn/gomap/TreeDB/caching","Test":"TestCachedSnapshotIteratorCreationSerializesCloseAndRelease","Output":"=== RUN   TestCachedSnapshotIteratorCreationSerializesCloseAndRelease\n"}
2026-10-06T20:03:16.3390636Z {"Time":"2026-10-06T20:03:16.33675Z","Action":"run","Package":"github.com/snissn/gomap/TreeDB/caching","Test":"TestCachedSnapshotIteratorCreationSerializesCloseAndRelease/forward"}
2026-10-06T20:03:16.3392427Z {"Time":"2026-10-06T20:03:16.33675Z","Action":"output","Package":"github.com/snissn/gomap/TreeDB/caching","Test":"TestCachedSnapshotIteratorCreationSerializesCloseAndRelease/forward","Output":"=== RUN   TestCachedSnapshotIteratorCreationSerializesCloseAndRelease/forward\n"}
2026-10-06T20:03:16.3394536Z {"Time":"2026-10-06T20:03:16.3378698Z","Action":"output","Package":"github.com/snissn/gomap/TreeDB/caching","Test":"TestCachedSnapshotIteratorCreationSerializesCloseAndRelease/forward","Output":"--- PASS: TestCachedSnapshotIteratorCreationSerializesCloseAndRelease/forward (0.00s)\n"}
2026-10-06T20:03:16.3396674Z {"Time":"2026-10-06T20:03:16.3378698Z","Action":"pass","Package":"github.com/snissn/gomap/TreeDB/caching","Test":"TestCachedSnapshotIteratorCreationSerializesCloseAndRelease/forward","Elapsed":0}
2026-10-06T20:03:16.3398042Z {"Time":"2026-10-06T20:03:16.3378698Z","Action":"run","Package":"github.com/snissn/gomap/TreeDB/caching","Test":"TestCachedSnapshotIteratorCreationSerializesCloseAndRelease/reverse"}
2026-10-06T20:03:16.3399714Z {"Time":"2026-10-06T20:03:16.3378698Z","Action":"output","Package":"github.com/snissn/gomap/TreeDB/caching","Test":"TestCachedSnapshotIteratorCreationSerializesCloseAndRelease/reverse","Output":"=== RUN   TestCachedSnapshotIteratorCreationSerializesCloseAndRelease/reverse\n"}
2026-10-06T20:03:16.3402292Z {"Time":"2026-10-06T20:03:16.3378698Z","Action":"output","Package":"github.com/snissn/gomap/TreeDB/caching","Test":"TestCachedSnapshotIteratorCreationSerializesCloseAndRelease/reverse","Output":"--- PASS: TestCachedSnapshotIteratorCreationSerializesCloseAndRelease/reverse (0.00s)\n"}
2026-10-06T20:03:16.3404074Z {"Time":"2026-10-06T20:03:16.3378698Z","Action":"pass","Package":"github.com/snissn/gomap/TreeDB/caching","Test":"TestCachedSnapshotIteratorCreationSerializesCloseAndRelease/reverse","Elapsed":0}
2026-10-06T20:03:16.3674545Z {"Time":"2026-10-06T20:03:16.3625751Z","Action":"output","Package":"github.com/snissn/gomap/TreeDB/caching","Test":"TestCachedSnapshotIteratorCreationSerializesCloseAndRelease","Output":"--- PASS: TestCachedSnapshotIteratorCreationSerializesCloseAndRelease (0.09s)\n"}
2026-10-06T20:03:16.3677392Z {"Time":"2026-10-06T20:03:16.3625751Z","Action":"pass","Package":"github.com/snissn/gomap/TreeDB/caching","Test":"TestCachedSnapshotIteratorCreationSerializesCloseAndRelease","Elapsed":0.09}
2026-10-06T20:03:16.3679054Z {"Time":"2026-10-06T20:03:16.3625751Z","Action":"run","Package":"github.com/snissn/gomap/TreeDB/caching","Test":"TestCachedSnapshotIteratorDoubleCloseCannotMutateDetachedOwner"}
2026-10-06T20:03:16.3681491Z {"Time":"2026-10-06T20:03:16.3625751Z","Action":"output","Package":"github.com/snissn/gomap/TreeDB/caching","Test":"TestCachedSnapshotIteratorDoubleCloseCannotMutateDetachedOwner","Output":"=== RUN   TestCachedSnapshotIteratorDoubleCloseCannotMutateDetachedOwner\n"}
2026-10-06T20:03:16.4293403Z {"Time":"2026-10-06T20:03:16.4207806Z","Action":"output","Package":"github.com/snissn/gomap/TreeDB/caching","Test":"TestCachedSnapshotIteratorDoubleCloseCannotMutateDetachedOwner","Output":"--- PASS: TestCachedSnapshotIteratorDoubleCloseCannotMutateDetachedOwner (0.06s)\n"}
2026-10-06T20:03:16.4295228Z {"Time":"2026-10-06T20:03:16.4207806Z","Action":"pass","Package":"github.com/snissn/gomap/TreeDB/caching","Test":"TestCachedSnapshotIteratorDoubleCloseCannotMutateDetachedOwner","Elapsed":0.06}
2026-10-06T20:03:16.4297067Z {"Time":"2026-10-06T20:03:16.4207806Z","Action":"run","Package":"github.com/snissn/gomap/TreeDB/caching","Test":"TestSnapshotReverseIterator_QueueValueOverridesPublishedAndTombstoneHidesPublished"}
2026-10-06T20:03:16.4298937Z {"Time":"2026-10-06T20:03:16.4207806Z","Action":"output","Package":"github.com/snissn/gomap/TreeDB/caching","Test":"TestSnapshotReverseIterator_QueueValueOverridesPublishedAndTombstoneHidesPublished","Output":"=== RUN   TestSnapshotReverseIterator_QueueValueOverridesPublishedAndTombstoneHidesPublished\n"}
2026-10-06T20:03:16.5694496Z {"Time":"2026-10-06T20:03:16.5632708Z","Action":"output","Package":"github.com/snissn/gomap/TreeDB/caching","Test":"TestSnapshotReverseIterator_QueueValueOverridesPublishedAndTombstoneHidesPublished","Output":"--- PASS: TestSnapshotReverseIterator_QueueValueOverridesPublishedAndTombstoneHidesPublished (0.14s)\n"}
2026-10-06T20:03:16.5697006Z {"Time":"2026-10-06T20:03:16.5632708Z","Action":"pass","Package":"github.com/snissn/gomap/TreeDB/caching","Test":"TestSnapshotReverseIterator_QueueValueOverridesPublishedAndTombstoneHidesPublished","Elapsed":0.14}
2026-10-06T20:03:16.5698597Z {"Time":"2026-10-06T20:03:16.5632708Z","Action":"run","Package":"github.com/snissn/gomap/TreeDB/caching","Test":"TestSnapshot_IteratorUsesCapturedRootDomainStateAsAuthority"}
2026-10-06T20:03:16.5700410Z {"Time":"2026-10-06T20:03:16.5632708Z","Action":"output","Package":"github.com/snissn/gomap/TreeDB/caching","Test":"TestSnapshot_IteratorUsesCapturedRootDomainStateAsAuthority","Output":"=== RUN   TestSnapshot_IteratorUsesCapturedRootDomainStateAsAuthority\n"}
2026-10-06T20:03:16.6314869Z {"Time":"2026-10-06T20:03:16.6180863Z","Action":"output","Package":"github.com/snissn/gomap/TreeDB/caching","Test":"TestSnapshot_IteratorUsesCapturedRootDomainStateAsAuthority","Output":"--- PASS: TestSnapshot_IteratorUsesCapturedRootDomainStateAsAuthority (0.05s)\n"}
2026-10-06T20:03:16.6318416Z {"Time":"2026-10-06T20:03:16.6180863Z","Action":"pass","Package":"github.com/snissn/gomap/TreeDB/caching","Test":"TestSnapshot_IteratorUsesCapturedRootDomainStateAsAuthority","Elapsed":0.05}
2026-10-06T20:03:16.6320162Z {"Time":"2026-10-06T20:03:16.6180863Z","Action":"run","Package":"github.com/snissn/gomap/TreeDB/caching","Test":"TestAcquireSnapshotDebugAccounting"}
2026-10-06T20:03:16.6322030Z {"Time":"2026-10-06T20:03:16.6180863Z","Action":"output","Package":"github.com/snissn/gomap/TreeDB/caching","Test":"TestAcquireSnapshotDebugAccounting","Output":"=== RUN   TestAcquireSnapshotDebugAccounting\n"}
2026-10-06T20:03:16.7390661Z {"Time":"2026-10-06T20:03:16.7331052Z","Action":"output","Package":"github.com/snissn/gomap/TreeDB/caching","Test":"TestAcquireSnapshotDebugAccounting","Output":"--- PASS: TestAcquireSnapshotDebugAccounting (0.11s)\n"}
2026-10-06T20:03:16.7392448Z {"Time":"2026-10-06T20:03:16.7331052Z","Action":"pass","Package":"github.com/snissn/gomap/TreeDB/caching","Test":"TestAcquireSnapshotDebugAccounting","Elapsed":0.11}
2026-10-06T20:03:16.7394019Z {"Time":"2026-10-06T20:03:16.7331052Z","Action":"run","Package":"github.com/snissn/gomap/TreeDB/caching","Test":"TestAcquireSnapshot_CachedPathConcurrentAcquireCloseWithWrites"}
2026-10-06T20:03:16.7396281Z {"Time":"2026-10-06T20:03:16.7331052Z","Action":"output","Package":"github.com/snissn/gomap/TreeDB/caching","Test":"TestAcquireSnapshot_CachedPathConcurrentAcquireCloseWithWrites","Output":"=== RUN   TestAcquireSnapshot_CachedPathConcurrentAcquireCloseWithWrites\n"}
2026-10-06T20:03:16.8314398Z {"Time":"2026-10-06T20:03:16.8261234Z","Action":"output","Package":"github.com/snissn/gomap/TreeDB/caching","Test":"TestAcquireSnapshot_CachedPathConcurrentAcquireCloseWithWrites","Output":"--- PASS: TestAcquireSnapshot_CachedPathConcurrentAcquireCloseWithWrites (0.09s)\n"}
2026-10-06T20:03:16.8316218Z {"Time":"2026-10-06T20:03:16.8261234Z","Action":"pass","Package":"github.com/snissn/gomap/TreeDB/caching","Test":"TestAcquireSnapshot_CachedPathConcurrentAcquireCloseWithWrites","Elapsed":0.09}
2026-10-06T20:03:16.8318248Z {"Time":"2026-10-06T20:03:16.8261234Z","Action":"run","Package":"github.com/snissn/gomap/TreeDB/caching","Test":"TestAcquireSnapshot_CapturesPublishedRootDomainVersion"}
2026-10-06T20:03:16.8319746Z {"Time":"2026-10-06T20:03:16.8261234Z","Action":"output","Package":"github.com/snissn/gomap/TreeDB/caching","Test":"TestAcquireSnapshot_CapturesPublishedRootDomainVersion","Output":"=== RUN   TestAcquireSnapshot_CapturesPublishedRootDomainVersion\n"}
2026-10-06T20:03:16.9087703Z {"Time":"2026-10-06T20:03:16.9034012Z","Action":"output","Package":"github.com/snissn/gomap/TreeDB/caching","Test":"TestAcquireSnapshot_CapturesPublishedRootDomainVersion","Output":"--- PASS: TestAcquireSnapshot_CapturesPublishedRootDomainVersion (0.08s)\n"}
2026-10-06T20:03:16.9089386Z {"Time":"2026-10-06T20:03:16.9034012Z","Action":"pass","Package":"github.com/snissn/gomap/TreeDB/caching","Test":"TestAcquireSnapshot_CapturesPublishedRootDomainVersion","Elapsed":0.08}
2026-10-06T20:03:16.9091274Z {"Time":"2026-10-06T20:03:16.9034012Z","Action":"run","Package":"github.com/snissn/gomap/TreeDB/caching","Test":"TestAcquireBackendSnapshotFastPath_RejectsMutableCachedWrites"}
2026-10-06T20:03:16.9092850Z {"Time":"2026-10-06T20:03:16.9034012Z","Action":"output","Package":"github.com/snissn/gomap/TreeDB/caching","Test":"TestAcquireBackendSnapshotFastPath_RejectsMutableCachedWrites","Output":"=== RUN   TestAcquireBackendSnapshotFastPath_RejectsMutableCachedWrites\n"}
2026-10-06T20:03:16.9865226Z {"Time":"2026-10-06T20:03:16.9779925Z","Action":"output","Package":"github.com/snissn/gomap/TreeDB/caching","Test":"TestAcquireBackendSnapshotFastPath_RejectsMutableCachedWrites","Output":"--- PASS: TestAcquireBackendSnapshotFastPath_RejectsMutableCachedWrites (0.07s)\n"}
2026-10-06T20:03:16.9867102Z {"Time":"2026-10-06T20:03:16.9779925Z","Action":"pass","Package":"github.com/snissn/gomap/TreeDB/caching","Test":"TestAcquireBackendSnapshotFastPath_RejectsMutableCachedWrites","Elapsed":0.07}
2026-10-06T20:03:16.9868711Z {"Time":"2026-10-06T20:03:16.9779925Z","Action":"run","Package":"github.com/snissn/gomap/TreeDB/caching","Test":"TestAcquireBackendSnapshotFastPath_RejectsPublishedRootState"}
2026-10-06T20:03:16.9870295Z {"Time":"2026-10-06T20:03:16.9779925Z","Action":"output","Package":"github.com/snissn/gomap/TreeDB/caching","Test":"TestAcquireBackendSnapshotFastPath_RejectsPublishedRootState","Output":"=== RUN   TestAcquireBackendSnapshotFastPath_RejectsPublishedRootState\n"}
2026-10-06T20:03:17.0482651Z {"Time":"2026-10-06T20:03:17.0424918Z","Action":"output","Package":"github.com/snissn/gomap/TreeDB/caching","Test":"TestAcquireBackendSnapshotFastPath_RejectsPublishedRootState","Output":"--- PASS: TestAcquireBackendSnapshotFastPath_RejectsPublishedRootState (0.06s)\n"}
2026-10-06T20:03:17.0485350Z {"Time":"2026-10-06T20:03:17.0430205Z","Action":"pass","Package":"github.com/snissn/gomap/TreeDB/caching","Test":"TestAcquireBackendSnapshotFastPath_RejectsPublishedRootState","Elapsed":0.06}
2026-10-06T20:03:17.0486946Z {"Time":"2026-10-06T20:03:17.0430205Z","Action":"run","Package":"github.com/snissn/gomap/TreeDB/caching","Test":"TestSnapshotGetAppend_PublishedAppendHitReturnsWithoutFallback"}
2026-10-06T20:03:17.0488903Z {"Time":"2026-10-06T20:03:17.0430205Z","Action":"output","Package":"github.com/snissn/gomap/TreeDB/caching","Test":"TestSnapshotGetAppend_PublishedAppendHitReturnsWithoutFallback","Output":"=== RUN   TestSnapshotGetAppend_PublishedAppendHitReturnsWithoutFallback\n"}
2026-10-06T20:03:17.0491899Z {"Time":"2026-10-06T20:03:17.0430205Z","Action":"output","Package":"github.com/snissn/gomap/TreeDB/caching","Test":"TestSnapshotGetAppend_PublishedAppendHitReturnsWithoutFallback","Output":"--- PASS: TestSnapshotGetAppend_PublishedAppendHitReturnsWithoutFallback (0.00s)\n"}
2026-10-06T20:03:17.0493864Z {"Time":"2026-10-06T20:03:17.0430205Z","Action":"pass","Package":"github.com/snissn/gomap/TreeDB/caching","Test":"TestSnapshotGetAppend_PublishedAppendHitReturnsWithoutFallback","Elapsed":0}
2026-10-06T20:03:17.0495177Z {"Time":"2026-10-06T20:03:17.0430205Z","Action":"run","Package":"github.com/snissn/gomap/TreeDB/caching","Test":"TestSnapshotGetAppend_PublishedMissFallbackHandlesShortErrorOutput"}
2026-10-06T20:03:17.0497215Z {"Time":"2026-10-06T20:03:17.0430205Z","Action":"output","Package":"github.com/snissn/gomap/TreeDB/caching","Test":"TestSnapshotGetAppend_PublishedMissFallbackHandlesShortErrorOutput","Output":"=== RUN   TestSnapshotGetAppend_PublishedMissFallbackHandlesShortErrorOutput\n"}
2026-10-06T20:03:17.1574102Z {"Time":"2026-10-06T20:03:17.15607Z","Action":"output","Package":"github.com/snissn/gomap/TreeDB/caching","Test":"TestSnapshotGetAppend_PublishedMissFallbackHandlesShortErrorOutput","Output":"--- PASS: TestSnapshotGetAppend_PublishedMissFallbackHandlesShortErrorOutput (0.11s)\n"}
2026-10-06T20:03:17.1575918Z {"Time":"2026-10-06T20:03:17.15607Z","Action":"pass","Package":"github.com/snissn/gomap/TreeDB/caching","Test":"TestSnapshotGetAppend_PublishedMissFallbackHandlesShortErrorOutput","Elapsed":0.11}
2026-10-06T20:03:17.1577612Z {"Time":"2026-10-06T20:03:17.1565513Z","Action":"run","Package":"github.com/snissn/gomap/TreeDB/caching","Test":"TestSnapshotGetAppend_BackendPublishedMissSkipsEntryProbe"}
2026-10-06T20:03:17.1579365Z {"Time":"2026-10-06T20:03:17.1565513Z","Action":"output","Package":"github.com/snissn/gomap/TreeDB/caching","Test":"TestSnapshotGetAppend_BackendPublishedMissSkipsEntryProbe","Output":"=== RUN   TestSnapshotGetAppend_BackendPublishedMissSkipsEntryProbe\n"}
2026-10-06T20:03:17.1581245Z {"Time":"2026-10-06T20:03:17.1565513Z","Action":"output","Package":"github.com/snissn/gomap/TreeDB/caching","Test":"TestSnapshotGetAppend_BackendPublishedMissSkipsEntryProbe","Output":"--- PASS: TestSnapshotGetAppend_BackendPublishedMissSkipsEntryProbe (0.00s)\n"}
2026-10-06T20:03:17.1582884Z {"Time":"2026-10-06T20:03:17.1565513Z","Action":"pass","Package":"github.com/snissn/gomap/TreeDB/caching","Test":"TestSnapshotGetAppend_BackendPublishedMissSkipsEntryProbe","Elapsed":0}
2026-10-06T20:03:17.1584052Z {"Time":"2026-10-06T20:03:17.1565513Z","Action":"run","Package":"github.com/snissn/gomap/TreeDB/caching","Test":"TestSnapshotGet_NilReceiverReturnsClosed"}
2026-10-06T20:03:17.1585347Z {"Time":"2026-10-06T20:03:17.1565513Z","Action":"output","Package":"github.com/snissn/gomap/TreeDB/caching","Test":"TestSnapshotGet_NilReceiverReturnsClosed","Output":"=== RUN   TestSnapshotGet_NilReceiverReturnsClosed\n"}
2026-10-06T20:03:17.1611034Z {"Time":"2026-10-06T20:03:17.1565513Z","Action":"output","Package":"github.com/snissn/gomap/TreeDB/caching","Test":"TestSnapshotGet_NilReceiverReturnsClosed","Output":"--- PASS: TestSnapshotGet_NilReceiverReturnsClosed (0.00s)\n"}
2026-10-06T20:03:17.1612566Z {"Time":"2026-10-06T20:03:17.1565513Z","Action":"pass","Package":"github.com/snissn/gomap/TreeDB/caching","Test":"TestSnapshotGet_NilReceiverReturnsClosed","Elapsed":0}
2026-10-06T20:03:17.1613818Z {"Time":"2026-10-06T20:03:17.1565513Z","Action":"run","Package":"github.com/snissn/gomap/TreeDB/caching","Test":"TestSnapshotGetAppend_RootBoundPublishedMissDoesNotFallbackToDefaultRoot"}
2026-10-06T20:03:17.1615546Z {"Time":"2026-10-06T20:03:17.1565513Z","Action":"output","Package":"github.com/snissn/gomap/TreeDB/caching","Test":"TestSnapshotGetAppend_RootBoundPublishedMissDoesNotFallbackToDefaultRoot","Output":"=== RUN   TestSnapshotGetAppend_RootBoundPublishedMissDoesNotFallbackToDefaultRoot\n"}
2026-10-06T20:03:17.3122568Z {"Time":"2026-10-06T20:03:17.298921Z","Action":"output","Package":"github.com/snissn/gomap/TreeDB/caching","Test":"TestSnapshotGetAppend_RootBoundPublishedMissDoesNotFallbackToDefaultRoot","Output":"--- PASS: TestSnapshotGetAppend_RootBoundPublishedMissDoesNotFallbackToDefaultRoot (0.14s)\n"}
2026-10-06T20:03:17.3124529Z {"Time":"2026-10-06T20:03:17.298921Z","Action":"pass","Package":"github.com/snissn/gomap/TreeDB/caching","Test":"TestSnapshotGetAppend_RootBoundPublishedMissDoesNotFallbackToDefaultRoot","Elapsed":0.14}
2026-10-06T20:03:17.3126224Z {"Time":"2026-10-06T20:03:17.3005599Z","Action":"run","Package":"github.com/snissn/gomap/TreeDB/caching","Test":"TestBatchWriteAppendOnlyReservesShardEntriesBeforeApply"}
2026-10-06T20:03:17.3127827Z {"Time":"2026-10-06T20:03:17.3005599Z","Action":"output","Package":"github.com/snissn/gomap/TreeDB/caching","Test":"TestBatchWriteAppendOnlyReservesShardEntriesBeforeApply","Output":"=== RUN   TestBatchWriteAppendOnlyReservesShardEntriesBeforeApply\n"}
2026-10-06T20:03:17.3277162Z {"Time":"2026-10-06T20:03:17.3250955Z","Action":"output","Package":"github.com/snissn/gomap/TreeDB/caching","Test":"TestBatchWriteAppendOnlyReservesShardEntriesBeforeApply","Output":"--- PASS: TestBatchWriteAppendOnlyReservesShardEntriesBeforeApply (0.02s)\n"}
2026-10-06T20:03:17.3279114Z {"Time":"2026-10-06T20:03:17.3250955Z","Action":"pass","Package":"github.com/snissn/gomap/TreeDB/caching","Test":"TestBatchWriteAppendOnlyReservesShardEntriesBeforeApply","Elapsed":0.02}
2026-10-06T20:03:17.3281354Z {"Time":"2026-10-06T20:03:17.3250955Z","Action":"run","Package":"github.com/snissn/gomap/TreeDB/caching","Test":"TestBatchWriteSortedOverlappingExistingKeyFallsBackToGeneric"}
2026-10-06T20:03:17.3283254Z {"Time":"2026-10-06T20:03:17.3250955Z","Action":"output","Package":"github.com/snissn/gomap/TreeDB/caching","Test":"TestBatchWriteSortedOverlappingExistingKeyFallsBackToGeneric","Output":"=== RUN   TestBatchWriteSortedOverlappingExistingKeyFallsBackToGeneric\n"}
2026-10-06T20:03:17.3583859Z {"Time":"2026-10-06T20:03:17.3512773Z","Action":"output","Package":"github.com/snissn/gomap/TreeDB/caching","Test":"TestBatchWriteSortedOverlappingExistingKeyFallsBackToGeneric","Output":"--- PASS: TestBatchWriteSortedOverlappingExistingKeyFallsBackToGeneric (0.03s)\n"}
2026-10-06T20:03:17.3585660Z {"Time":"2026-10-06T20:03:17.3512773Z","Action":"pass","Package":"github.com/snissn/gomap/TreeDB/caching","Test":"TestBatchWriteSortedOverlappingExistingKeyFallsBackToGeneric","Elapsed":0.03}
2026-10-06T20:03:17.3587374Z {"Time":"2026-10-06T20:03:17.3512773Z","Action":"run","Package":"github.com/snissn/gomap/TreeDB/caching","Test":"TestValueLogDirForLane_UsesLeafDirOnlyForReservedLeafLog"}
2026-10-06T20:03:17.3589078Z {"Time":"2026-10-06T20:03:17.3512773Z","Action":"output","Package":"github.com/snissn/gomap/TreeDB/caching","Test":"TestValueLogDirForLane_UsesLeafDirOnlyForReservedLeafLog","Output":"=== RUN   TestValueLogDirForLane_UsesLeafDirOnlyForReservedLeafLog\n"}
2026-10-06T20:03:17.3591617Z {"Time":"2026-10-06T20:03:17.3519932Z","Action":"output","Package":"github.com/snissn/gomap/TreeDB/caching","Test":"TestValueLogDirForLane_UsesLeafDirOnlyForReservedLeafLog","Output":"--- PASS: TestValueLogDirForLane_UsesLeafDirOnlyForReservedLeafLog (0.00s)\n"}
2026-10-06T20:03:17.3593810Z {"Time":"2026-10-06T20:03:17.3519932Z","Action":"pass","Package":"github.com/snissn/gomap/TreeDB/caching","Test":"TestValueLogDirForLane_UsesLeafDirOnlyForReservedLeafLog","Elapsed":0}
2026-10-06T20:03:17.3595032Z {"Time":"2026-10-06T20:03:17.3519932Z","Action":"run","Package":"github.com/snissn/gomap/TreeDB/caching","Test":"TestOpenSharesBackendValueLogIdentityPinRegistry"}
2026-10-06T20:03:17.3596444Z {"Time":"2026-10-06T20:03:17.3519932Z","Action":"output","Package":"github.com/snissn/gomap/TreeDB/caching","Test":"TestOpenSharesBackendValueLogIdentityPinRegistry","Output":"=== RUN   TestOpenSharesBackendValueLogIdentityPinRegistry\n"}
2026-10-06T20:03:17.4215257Z {"Time":"2026-10-06T20:03:17.4164179Z","Action":"output","Package":"github.com/snissn/gomap/TreeDB/caching","Test":"TestOpenSharesBackendValueLogIdentityPinRegistry","Output":"--- PASS: TestOpenSharesBackendValueLogIdentityPinRegistry (0.06s)\n"}
2026-10-06T20:03:17.4217028Z {"Time":"2026-10-06T20:03:17.4164179Z","Action":"pass","Package":"github.com/snissn/gomap/TreeDB/caching","Test":"TestOpenSharesBackendValueLogIdentityPinRegistry","Elapsed":0.06}
2026-10-06T20:03:17.4218096Z {"Time":"2026-10-06T20:03:17.4169359Z","Action":"run","Package":"github.com/snissn/gomap/TreeDB/caching","Test":"TestAtomicStats"}
2026-10-06T20:03:17.4219093Z {"Time":"2026-10-06T20:03:17.4169359Z","Action":"output","Package":"github.com/snissn/gomap/TreeDB/caching","Test":"TestAtomicStats","Output":"=== RUN   TestAtomicStats\n"}
2026-10-06T20:03:17.4220514Z {"Time":"2026-10-06T20:03:17.4175018Z","Action":"output","Package":"github.com/snissn/gomap/TreeDB/caching","Test":"TestAtomicStats","Output":"--- PASS: TestAtomicStats (0.00s)\n"}
2026-10-06T20:03:17.4221592Z {"Time":"2026-10-06T20:03:17.4175018Z","Action":"pass","Package":"github.com/snissn/gomap/TreeDB/caching","Test":"TestAtomicStats","Elapsed":0}
2026-10-06T20:03:17.4222652Z {"Time":"2026-10-06T20:03:17.4175018Z","Action":"run","Package":"github.com/snissn/gomap/TreeDB/caching","Test":"TestChooseAdaptiveMode_BTreeMinIteratorSamplesExplicitZero"}
2026-10-06T20:03:17.4224163Z {"Time":"2026-10-06T20:03:17.4175018Z","Action":"output","Package":"github.com/snissn/gomap/TreeDB/caching","Test":"TestChooseAdaptiveMode_BTreeMinIteratorSamplesExplicitZero","Output":"=== RUN   TestChooseAdaptiveMode_BTreeMinIteratorSamplesExplicitZero\n"}
2026-10-06T20:03:17.4226222Z {"Time":"2026-10-06T20:03:17.4175018Z","Action":"output","Package":"github.com/snissn/gomap/TreeDB/caching","Test":"TestChooseAdaptiveMode_BTreeMinIteratorSamplesExplicitZero","Output":"--- PASS: TestChooseAdaptiveMode_BTreeMinIteratorSamplesExplicitZero (0.00s)\n"}
2026-10-06T20:03:17.4227830Z {"Time":"2026-10-06T20:03:17.4175018Z","Action":"pass","Package":"github.com/snissn/gomap/TreeDB/caching","Test":"TestChooseAdaptiveMode_BTreeMinIteratorSamplesExplicitZero","Elapsed":0}
2026-10-06T20:03:17.4229019Z {"Time":"2026-10-06T20:03:17.4175018Z","Action":"run","Package":"github.com/snissn/gomap/TreeDB/caching","Test":"TestNoteWriteSortedRunMatchesPerKey_NoPrior"}
2026-10-06T20:03:17.4230529Z {"Time":"2026-10-06T20:03:17.4175018Z","Action":"output","Package":"github.com/snissn/gomap/TreeDB/caching","Test":"TestNoteWriteSortedRunMatchesPerKey_NoPrior","Output":"=== RUN   TestNoteWriteSortedRunMatchesPerKey_NoPrior\n"}
2026-10-06T20:03:17.4232342Z {"Time":"2026-10-06T20:03:17.4175018Z","Action":"output","Package":"github.com/snissn/gomap/TreeDB/caching","Test":"TestNoteWriteSortedRunMatchesPerKey_NoPrior","Output":"--- PASS: TestNoteWriteSortedRunMatchesPerKey_NoPrior (0.00s)\n"}
2026-10-06T20:03:17.4233761Z {"Time":"2026-10-06T20:03:17.4175018Z","Action":"pass","Package":"github.com/snissn/gomap/TreeDB/caching","Test":"TestNoteWriteSortedRunMatchesPerKey_NoPrior","Elapsed":0}
2026-10-06T20:03:17.4235727Z {"Time":"2026-10-06T20:03:17.4180583Z","Action":"run","Package":"github.com/snissn/gomap/TreeDB/caching","Test":"TestUnifiedWAL_ValueLogFlow"}
2026-10-06T20:03:17.4237040Z {"Time":"2026-10-06T20:03:17.4180583Z","Action":"output","Package":"github.com/snissn/gomap/TreeDB/caching","Test":"TestUnifiedWAL_ValueLogFlow","Output":"=== RUN   TestUnifiedWAL_ValueLogFlow\n"}
2026-10-06T20:03:17.5149081Z {"Time":"2026-10-06T20:03:17.5135743Z","Action":"output","Package":"github.com/snissn/gomap/TreeDB/caching","Test":"TestUnifiedWAL_ValueLogFlow","Output":"    unified_wal_comprehensive_test.go:51: CommitLog Size: 0, ValueLog Size: 0\n"}
2026-10-06T20:03:17.5304786Z {"Time":"2026-10-06T20:03:17.5256982Z","Action":"output","Package":"github.com/snissn/gomap/TreeDB/caching","Test":"TestUnifiedWAL_ValueLogFlow","Output":"--- PASS: TestUnifiedWAL_ValueLogFlow (0.11s)\n"}
2026-10-06T20:03:17.5306214Z {"Time":"2026-10-06T20:03:17.5256982Z","Action":"pass","Package":"github.com/snissn/gomap/TreeDB/caching","Test":"TestUnifiedWAL_ValueLogFlow","Elapsed":0.11}
2026-10-06T20:03:17.5307631Z {"Time":"2026-10-06T20:03:17.5256982Z","Action":"run","Package":"github.com/snissn/gomap/TreeDB/caching","Test":"TestUnifiedWAL_CrashRecoveryCompactZeroInlineBatch"}
2026-10-06T20:03:17.5309291Z {"Time":"2026-10-06T20:03:17.5256982Z","Action":"output","Package":"github.com/snissn/gomap/TreeDB/caching","Test":"TestUnifiedWAL_CrashRecoveryCompactZeroInlineBatch","Output":"=== RUN   TestUnifiedWAL_CrashRecoveryCompactZeroInlineBatch\n"}
2026-10-06T20:03:17.6074869Z {"Time":"2026-10-06T20:03:17.5972258Z","Action":"output","Package":"github.com/snissn/gomap/TreeDB/caching","Test":"TestUnifiedWAL_CrashRecoveryCompactZeroInlineBatch","Output":"--- PASS: TestUnifiedWAL_CrashRecoveryCompactZeroInlineBatch (0.07s)\n"}
2026-10-06T20:03:17.6076871Z {"Time":"2026-10-06T20:03:17.5972258Z","Action":"pass","Package":"github.com/snissn/gomap/TreeDB/caching","Test":"TestUnifiedWAL_CrashRecoveryCompactZeroInlineBatch","Elapsed":0.07}
2026-10-06T20:03:17.6078317Z {"Time":"2026-10-06T20:03:17.5972258Z","Action":"run","Package":"github.com/snissn/gomap/TreeDB/caching","Test":"TestUnifiedWAL_LargeBatch"}
2026-10-06T20:03:17.6079606Z {"Time":"2026-10-06T20:03:17.5972258Z","Action":"output","Package":"github.com/snissn/gomap/TreeDB/caching","Test":"TestUnifiedWAL_LargeBatch","Output":"=== RUN   TestUnifiedWAL_LargeBatch\n"}
2026-10-06T20:03:17.7313528Z {"Time":"2026-10-06T20:03:17.7230453Z","Action":"output","Package":"github.com/snissn/gomap/TreeDB/caching","Test":"TestUnifiedWAL_LargeBatch","Output":"--- PASS: TestUnifiedWAL_LargeBatch (0.13s)\n"}
2026-10-06T20:03:17.7314829Z {"Time":"2026-10-06T20:03:17.7230453Z","Action":"pass","Package":"github.com/snissn/gomap/TreeDB/caching","Test":"TestUnifiedWAL_LargeBatch","Elapsed":0.13}
2026-10-06T20:03:17.7316348Z {"Time":"2026-10-06T20:03:17.723466Z","Action":"run","Package":"github.com/snissn/gomap/TreeDB/caching","Test":"TestRelaxedSync_Performance"}
2026-10-06T20:03:17.7317729Z {"Time":"2026-10-06T20:03:17.723466Z","Action":"output","Package":"github.com/snissn/gomap/TreeDB/caching","Test":"TestRelaxedSync_Performance","Output":"=== RUN   TestRelaxedSync_Performance\n"}
2026-10-06T20:03:18.2124655Z {"Time":"2026-10-06T20:03:18.2010389Z","Action":"output","Package":"github.com/snissn/gomap/TreeDB/caching","Test":"TestRelaxedSync_Performance","Output":"    unsafe_options_test.go:116: Sync: 438.8145ms, Relaxed: 2.6834ms\n"}
2026-10-06T20:03:18.2126220Z {"Time":"2026-10-06T20:03:18.2010389Z","Action":"output","Package":"github.com/snissn/gomap/TreeDB/caching","Test":"TestRelaxedSync_Performance","Output":"    unsafe_options_test.go:123: Speedup: 163.53x\n"}
2026-10-06T20:03:18.2127794Z {"Time":"2026-10-06T20:03:18.2045213Z","Action":"output","Package":"github.com/snissn/gomap/TreeDB/caching","Test":"TestRelaxedSync_Performance","Output":"--- PASS: TestRelaxedSync_Performance (0.48s)\n"}
2026-10-06T20:03:18.2129673Z {"Time":"2026-10-06T20:03:18.2045213Z","Action":"pass","Package":"github.com/snissn/gomap/TreeDB/caching","Test":"TestRelaxedSync_Performance","Elapsed":0.48}
2026-10-06T20:03:18.2130713Z {"Time":"2026-10-06T20:03:18.2045213Z","Action":"run","Package":"github.com/snissn/gomap/TreeDB/caching","Test":"TestLockUpdateKeyWithDeferNoAlloc"}
2026-10-06T20:03:18.2132508Z {"Time":"2026-10-06T20:03:18.2045213Z","Action":"output","Package":"github.com/snissn/gomap/TreeDB/caching","Test":"TestLockUpdateKeyWithDeferNoAlloc","Output":"=== RUN   TestLockUpdateKeyWithDeferNoAlloc\n"}
2026-10-06T20:03:18.2134239Z {"Time":"2026-10-06T20:03:18.2045213Z","Action":"output","Package":"github.com/snissn/gomap/TreeDB/caching","Test":"TestLockUpdateKeyWithDeferNoAlloc","Output":"--- PASS: TestLockUpdateKeyWithDeferNoAlloc (0.00s)\n"}
2026-10-06T20:03:18.2135523Z {"Time":"2026-10-06T20:03:18.2050613Z","Action":"pass","Package":"github.com/snissn/gomap/TreeDB/caching","Test":"TestLockUpdateKeyWithDeferNoAlloc","Elapsed":0}
2026-10-06T20:03:18.2136783Z {"Time":"2026-10-06T20:03:18.2050613Z","Action":"run","Package":"github.com/snissn/gomap/TreeDB/caching","Test":"TestCachingValueLogExternalRefFlusherDefersRotatedCommandFrameSyncToPinnedDebt"}
2026-10-06T20:03:18.2138936Z {"Time":"2026-10-06T20:03:18.2050613Z","Action":"output","Package":"github.com/snissn/gomap/TreeDB/caching","Test":"TestCachingValueLogExternalRefFlusherDefersRotatedCommandFrameSyncToPinnedDebt","Output":"=== RUN   TestCachingValueLogExternalRefFlusherDefersRotatedCommandFrameSyncToPinnedDebt\n"}
2026-10-06T20:03:18.2141420Z {"Time":"2026-10-06T20:03:18.2050613Z","Action":"output","Package":"github.com/snissn/gomap/TreeDB/caching","Test":"TestCachingValueLogExternalRefFlusherDefersRotatedCommandFrameSyncToPinnedDebt","Output":"    value_log_appender_test.go:228: durable command-WAL activation fails closed without stable namespace persistence\n"}
2026-10-06T20:03:18.2144339Z {"Time":"2026-10-06T20:03:18.2050613Z","Action":"output","Package":"github.com/snissn/gomap/TreeDB/caching","Test":"TestCachingValueLogExternalRefFlusherDefersRotatedCommandFrameSyncToPinnedDebt","Output":"--- SKIP: TestCachingValueLogExternalRefFlusherDefersRotatedCommandFrameSyncToPinnedDebt (0.00s)\n"}
2026-10-06T20:03:18.2146329Z {"Time":"2026-10-06T20:03:18.2050613Z","Action":"skip","Package":"github.com/snissn/gomap/TreeDB/caching","Test":"TestCachingValueLogExternalRefFlusherDefersRotatedCommandFrameSyncToPinnedDebt","Elapsed":0}
2026-10-06T20:03:18.2147718Z {"Time":"2026-10-06T20:03:18.2050613Z","Action":"run","Package":"github.com/snissn/gomap/TreeDB/caching","Test":"TestCachingValueLogAppenderStripesOnlyAcrossHotGenerationLanes"}
2026-10-06T20:03:18.2149442Z {"Time":"2026-10-06T20:03:18.2050613Z","Action":"output","Package":"github.com/snissn/gomap/TreeDB/caching","Test":"TestCachingValueLogAppenderStripesOnlyAcrossHotGenerationLanes","Output":"=== RUN   TestCachingValueLogAppenderStripesOnlyAcrossHotGenerationLanes\n"}
2026-10-06T20:03:18.2151564Z {"Time":"2026-10-06T20:03:18.2050613Z","Action":"output","Package":"github.com/snissn/gomap/TreeDB/caching","Test":"TestCachingValueLogAppenderStripesOnlyAcrossHotGenerationLanes","Output":"--- PASS: TestCachingValueLogAppenderStripesOnlyAcrossHotGenerationLanes (0.00s)\n"}
2026-10-06T20:03:18.2153273Z {"Time":"2026-10-06T20:03:18.2050613Z","Action":"pass","Package":"github.com/snissn/gomap/TreeDB/caching","Test":"TestCachingValueLogAppenderStripesOnlyAcrossHotGenerationLanes","Elapsed":0}
2026-10-06T20:03:18.2154537Z {"Time":"2026-10-06T20:03:18.2050613Z","Action":"run","Package":"github.com/snissn/gomap/TreeDB/caching","Test":"TestCachingValueLogAppenderLaneFailureReturnsNoPointers"}
2026-10-06T20:03:18.2156224Z {"Time":"2026-10-06T20:03:18.2050613Z","Action":"output","Package":"github.com/snissn/gomap/TreeDB/caching","Test":"TestCachingValueLogAppenderLaneFailureReturnsNoPointers","Output":"=== RUN   TestCachingValueLogAppenderLaneFailureReturnsNoPointers\n"}
2026-10-06T20:03:18.2158233Z {"Time":"2026-10-06T20:03:18.2070906Z","Action":"output","Package":"github.com/snissn/gomap/TreeDB/caching","Test":"TestCachingValueLogAppenderLaneFailureReturnsNoPointers","Output":"--- PASS: TestCachingValueLogAppenderLaneFailureReturnsNoPointers (0.00s)\n"}
2026-10-06T20:03:18.2160888Z {"Time":"2026-10-06T20:03:18.2070906Z","Action":"pass","Package":"github.com/snissn/gomap/TreeDB/caching","Test":"TestCachingValueLogAppenderLaneFailureReturnsNoPointers","Elapsed":0}
2026-10-06T20:03:18.2162437Z {"Time":"2026-10-06T20:03:18.2070906Z","Action":"run","Package":"github.com/snissn/gomap/TreeDB/caching","Test":"TestCachingValueLogExternalRefFlusherEmptyIDsSyncsAllPendingLanes"}
2026-10-06T20:03:18.2164304Z {"Time":"2026-10-06T20:03:18.2070906Z","Action":"output","Package":"github.com/snissn/gomap/TreeDB/caching","Test":"TestCachingValueLogExternalRefFlusherEmptyIDsSyncsAllPendingLanes","Output":"=== RUN   TestCachingValueLogExternalRefFlusherEmptyIDsSyncsAllPendingLanes\n"}
2026-10-06T20:03:18.2166553Z {"Time":"2026-10-06T20:03:18.2070906Z","Action":"output","Package":"github.com/snissn/gomap/TreeDB/caching","Test":"TestCachingValueLogExternalRefFlusherEmptyIDsSyncsAllPendingLanes","Output":"--- PASS: TestCachingValueLogExternalRefFlusherEmptyIDsSyncsAllPendingLanes (0.00s)\n"}
2026-10-06T20:03:18.2168354Z {"Time":"2026-10-06T20:03:18.2070906Z","Action":"pass","Package":"github.com/snissn/gomap/TreeDB/caching","Test":"TestCachingValueLogExternalRefFlusherEmptyIDsSyncsAllPendingLanes","Elapsed":0}
2026-10-06T20:03:18.2169548Z {"Time":"2026-10-06T20:03:18.2070906Z","Action":"run","Package":"github.com/snissn/gomap/TreeDB/caching","Test":"TestPutValueLogRecordsNoClear_Smoke"}
2026-10-06T20:03:18.2170840Z {"Time":"2026-10-06T20:03:18.2070906Z","Action":"output","Package":"github.com/snissn/gomap/TreeDB/caching","Test":"TestPutValueLogRecordsNoClear_Smoke","Output":"=== RUN   TestPutValueLogRecordsNoClear_Smoke\n"}
2026-10-06T20:03:18.2172376Z {"Time":"2026-10-06T20:03:18.2070906Z","Action":"output","Package":"github.com/snissn/gomap/TreeDB/caching","Test":"TestPutValueLogRecordsNoClear_Smoke","Output":"--- PASS: TestPutValueLogRecordsNoClear_Smoke (0.00s)\n"}
2026-10-06T20:03:18.2173679Z {"Time":"2026-10-06T20:03:18.2070906Z","Action":"pass","Package":"github.com/snissn/gomap/TreeDB/caching","Test":"TestPutValueLogRecordsNoClear_Smoke","Elapsed":0}
2026-10-06T20:03:18.2174725Z {"Time":"2026-10-06T20:03:18.2070906Z","Action":"run","Package":"github.com/snissn/gomap/TreeDB/caching","Test":"TestReserveValueLogRIDs_InvalidCount"}
2026-10-06T20:03:18.2175941Z {"Time":"2026-10-06T20:03:18.2070906Z","Action":"output","Package":"github.com/snissn/gomap/TreeDB/caching","Test":"TestReserveValueLogRIDs_InvalidCount","Output":"=== RUN   TestReserveValueLogRIDs_InvalidCount\n"}
2026-10-06T20:03:18.2177568Z {"Time":"2026-10-06T20:03:18.2070906Z","Action":"output","Package":"github.com/snissn/gomap/TreeDB/caching","Test":"TestReserveValueLogRIDs_InvalidCount","Output":"--- PASS: TestReserveValueLogRIDs_InvalidCount (0.00s)\n"}
2026-10-06T20:03:18.2178850Z {"Time":"2026-10-06T20:03:18.2070906Z","Action":"pass","Package":"github.com/snissn/gomap/TreeDB/caching","Test":"TestReserveValueLogRIDs_InvalidCount","Elapsed":0}
2026-10-06T20:03:18.2180080Z {"Time":"2026-10-06T20:03:18.2070906Z","Action":"run","Package":"github.com/snissn/gomap/TreeDB/caching","Test":"TestOpenRejectsInvalidValueLogDomainInlineThresholds"}
2026-10-06T20:03:18.2181734Z {"Time":"2026-10-06T20:03:18.2070906Z","Action":"output","Package":"github.com/snissn/gomap/TreeDB/caching","Test":"TestOpenRejectsInvalidValueLogDomainInlineThresholds","Output":"=== RUN   TestOpenRejectsInvalidValueLogDomainInlineThresholds\n"}
2026-10-06T20:03:18.2183399Z {"Time":"2026-10-06T20:03:18.2070906Z","Action":"run","Package":"github.com/snissn/gomap/TreeDB/caching","Test":"TestOpenRejectsInvalidValueLogDomainInlineThresholds/empty_prefix"}
2026-10-06T20:03:18.2185188Z {"Time":"2026-10-06T20:03:18.2070906Z","Action":"output","Package":"github.com/snissn/gomap/TreeDB/caching","Test":"TestOpenRejectsInvalidValueLogDomainInlineThresholds/empty_prefix","Output":"=== RUN   TestOpenRejectsInvalidValueLogDomainInlineThresholds/empty_prefix\n"}
2026-10-06T20:03:18.2736979Z {"Time":"2026-10-06T20:03:18.2705709Z","Action":"output","Package":"github.com/snissn/gomap/TreeDB/caching","Test":"TestOpenRejectsInvalidValueLogDomainInlineThresholds/empty_prefix","Output":"--- PASS: TestOpenRejectsInvalidValueLogDomainInlineThresholds/empty_prefix (0.06s)\n"}
2026-10-06T20:03:18.2739145Z {"Time":"2026-10-06T20:03:18.2705709Z","Action":"pass","Package":"github.com/snissn/gomap/TreeDB/caching","Test":"TestOpenRejectsInvalidValueLogDomainInlineThresholds/empty_prefix","Elapsed":0.06}
2026-10-06T20:03:18.2740902Z {"Time":"2026-10-06T20:03:18.2705709Z","Action":"run","Package":"github.com/snissn/gomap/TreeDB/caching","Test":"TestOpenRejectsInvalidValueLogDomainInlineThresholds/negative_threshold"}
2026-10-06T20:03:18.2742619Z {"Time":"2026-10-06T20:03:18.2705709Z","Action":"output","Package":"github.com/snissn/gomap/TreeDB/caching","Test":"TestOpenRejectsInvalidValueLogDomainInlineThresholds/negative_threshold","Output":"=== RUN   TestOpenRejectsInvalidValueLogDomainInlineThresholds/negative_threshold\n"}
2026-10-06T20:03:18.3354915Z {"Time":"2026-10-06T20:03:18.3283681Z","Action":"output","Package":"github.com/snissn/gomap/TreeDB/caching","Test":"TestOpenRejectsInvalidValueLogDomainInlineThresholds/negative_threshold","Output":"--- PASS: TestOpenRejectsInvalidValueLogDomainInlineThresholds/negative_threshold (0.06s)\n"}
2026-10-06T20:03:18.3357264Z {"Time":"2026-10-06T20:03:18.3291267Z","Action":"pass","Package":"github.com/snissn/gomap/TreeDB/caching","Test":"TestOpenRejectsInvalidValueLogDomainInlineThresholds/negative_threshold","Elapsed":0.06}
2026-10-06T20:03:18.3358866Z {"Time":"2026-10-06T20:03:18.3291267Z","Action":"run","Package":"github.com/snissn/gomap/TreeDB/caching","Test":"TestOpenRejectsInvalidValueLogDomainInlineThresholds/duplicate_prefix"}
2026-10-06T20:03:18.3360836Z {"Time":"2026-10-06T20:03:18.3291267Z","Action":"output","Package":"github.com/snissn/gomap/TreeDB/caching","Test":"TestOpenRejectsInvalidValueLogDomainInlineThresholds/duplicate_prefix","Output":"=== RUN   TestOpenRejectsInvalidValueLogDomainInlineThresholds/duplicate_prefix\n"}
2026-10-06T20:03:18.3970376Z {"Time":"2026-10-06T20:03:18.3850946Z","Action":"output","Package":"github.com/snissn/gomap/TreeDB/caching","Test":"TestOpenRejectsInvalidValueLogDomainInlineThresholds/duplicate_prefix","Output":"--- PASS: TestOpenRejectsInvalidValueLogDomainInlineThresholds/duplicate_prefix (0.06s)\n"}
2026-10-06T20:03:18.3972616Z {"Time":"2026-10-06T20:03:18.3850946Z","Action":"pass","Package":"github.com/snissn/gomap/TreeDB/caching","Test":"TestOpenRejectsInvalidValueLogDomainInlineThresholds/duplicate_prefix","Elapsed":0.06}
2026-10-06T20:03:18.3974287Z {"Time":"2026-10-06T20:03:18.3850946Z","Action":"output","Package":"github.com/snissn/gomap/TreeDB/caching","Test":"TestOpenRejectsInvalidValueLogDomainInlineThresholds","Output":"--- PASS: TestOpenRejectsInvalidValueLogDomainInlineThresholds (0.18s)\n"}
2026-10-06T20:03:18.3975898Z {"Time":"2026-10-06T20:03:18.3850946Z","Action":"pass","Package":"github.com/snissn/gomap/TreeDB/caching","Test":"TestOpenRejectsInvalidValueLogDomainInlineThresholds","Elapsed":0.18}
2026-10-06T20:03:18.3977116Z {"Time":"2026-10-06T20:03:18.3850946Z","Action":"run","Package":"github.com/snissn/gomap/TreeDB/caching","Test":"TestCommandWALPointCallbacksReceiveVisibleRevision"}
2026-10-06T20:03:18.3978749Z {"Time":"2026-10-06T20:03:18.3850946Z","Action":"output","Package":"github.com/snissn/gomap/TreeDB/caching","Test":"TestCommandWALPointCallbacksReceiveVisibleRevision","Output":"=== RUN   TestCommandWALPointCallbacksReceiveVisibleRevision\n"}
2026-10-06T20:03:18.3980553Z {"Time":"2026-10-06T20:03:18.3894917Z","Action":"output","Package":"github.com/snissn/gomap/TreeDB/caching","Test":"TestCommandWALPointCallbacksReceiveVisibleRevision","Output":"--- PASS: TestCommandWALPointCallbacksReceiveVisibleRevision (0.00s)\n"}
2026-10-06T20:03:18.3982103Z {"Time":"2026-10-06T20:03:18.3900246Z","Action":"pass","Package":"github.com/snissn/gomap/TreeDB/caching","Test":"TestCommandWALPointCallbacksReceiveVisibleRevision","Elapsed":0}
2026-10-06T20:03:18.3984211Z {"Time":"2026-10-06T20:03:18.3900246Z","Action":"run","Package":"github.com/snissn/gomap/TreeDB/caching","Test":"TestAllowAutoDictSampling_BootstrapIgnoresMissingSelector"}
2026-10-06T20:03:18.3986214Z {"Time":"2026-10-06T20:03:18.3900246Z","Action":"output","Package":"github.com/snissn/gomap/TreeDB/caching","Test":"TestAllowAutoDictSampling_BootstrapIgnoresMissingSelector","Output":"=== RUN   TestAllowAutoDictSampling_BootstrapIgnoresMissingSelector\n"}
2026-10-06T20:03:18.3988513Z {"Time":"2026-10-06T20:03:18.3900246Z","Action":"output","Package":"github.com/snissn/gomap/TreeDB/caching","Test":"TestAllowAutoDictSampling_BootstrapIgnoresMissingSelector","Output":"--- PASS: TestAllowAutoDictSampling_BootstrapIgnoresMissingSelector (0.00s)\n"}
2026-10-06T20:03:18.3990119Z {"Time":"2026-10-06T20:03:18.3900246Z","Action":"pass","Package":"github.com/snissn/gomap/TreeDB/caching","Test":"TestAllowAutoDictSampling_BootstrapIgnoresMissingSelector","Elapsed":0}
2026-10-06T20:03:18.3991433Z {"Time":"2026-10-06T20:03:18.3900246Z","Action":"run","Package":"github.com/snissn/gomap/TreeDB/caching","Test":"TestVlogAutotuneMetricsVirtualTime"}
2026-10-06T20:03:18.3992680Z {"Time":"2026-10-06T20:03:18.3900246Z","Action":"output","Package":"github.com/snissn/gomap/TreeDB/caching","Test":"TestVlogAutotuneMetricsVirtualTime","Output":"=== RUN   TestVlogAutotuneMetricsVirtualTime\n"}
2026-10-06T20:03:18.3994310Z {"Time":"2026-10-06T20:03:18.3900246Z","Action":"output","Package":"github.com/snissn/gomap/TreeDB/caching","Test":"TestVlogAutotuneMetricsVirtualTime","Output":"--- PASS: TestVlogAutotuneMetricsVirtualTime (0.00s)\n"}
2026-10-06T20:03:18.3995592Z {"Time":"2026-10-06T20:03:18.3900246Z","Action":"pass","Package":"github.com/snissn/gomap/TreeDB/caching","Test":"TestVlogAutotuneMetricsVirtualTime","Elapsed":0}
2026-10-06T20:03:18.3996750Z {"Time":"2026-10-06T20:03:18.3900246Z","Action":"run","Package":"github.com/snissn/gomap/TreeDB/caching","Test":"TestChooseValueLogBlockWriteK_LargePayloadUsesExpandedTarget"}
2026-10-06T20:03:18.3998294Z {"Time":"2026-10-06T20:03:18.3900246Z","Action":"output","Package":"github.com/snissn/gomap/TreeDB/caching","Test":"TestChooseValueLogBlockWriteK_LargePayloadUsesExpandedTarget","Output":"=== RUN   TestChooseValueLogBlockWriteK_LargePayloadUsesExpandedTarget\n"}
2026-10-06T20:03:18.4000351Z {"Time":"2026-10-06T20:03:18.3900246Z","Action":"output","Package":"github.com/snissn/gomap/TreeDB/caching","Test":"TestChooseValueLogBlockWriteK_LargePayloadUsesExpandedTarget","Output":"--- PASS: TestChooseValueLogBlockWriteK_LargePayloadUsesExpandedTarget (0.00s)\n"}
2026-10-06T20:03:18.4001957Z {"Time":"2026-10-06T20:03:18.3900246Z","Action":"pass","Package":"github.com/snissn/gomap/TreeDB/caching","Test":"TestChooseValueLogBlockWriteK_LargePayloadUsesExpandedTarget","Elapsed":0}
2026-10-06T20:03:18.4003136Z {"Time":"2026-10-06T20:03:18.3900246Z","Action":"run","Package":"github.com/snissn/gomap/TreeDB/caching","Test":"TestValueLogBlockFrames_BoundedOrdinaryPayload"}
2026-10-06T20:03:18.4004684Z {"Time":"2026-10-06T20:03:18.3900246Z","Action":"output","Package":"github.com/snissn/gomap/TreeDB/caching","Test":"TestValueLogBlockFrames_BoundedOrdinaryPayload","Output":"=== RUN   TestValueLogBlockFrames_BoundedOrdinaryPayload\n"}
2026-10-06T20:03:18.4006200Z {"Time":"2026-10-06T20:03:18.3906096Z","Action":"run","Package":"github.com/snissn/gomap/TreeDB/caching","Test":"TestValueLogBlockFrames_BoundedOrdinaryPayload/queued_false/workers_false/opaque_false"}
2026-10-06T20:03:18.4008177Z {"Time":"2026-10-06T20:03:18.3906096Z","Action":"output","Package":"github.com/snissn/gomap/TreeDB/caching","Test":"TestValueLogBlockFrames_BoundedOrdinaryPayload/queued_false/workers_false/opaque_false","Output":"=== RUN   TestValueLogBlockFrames_BoundedOrdinaryPayload/queued_false/workers_false/opaque_false\n"}
2026-10-06T20:03:18.4123051Z {"Time":"2026-10-06T20:03:18.4054086Z","Action":"output","Package":"github.com/snissn/gomap/TreeDB/caching","Test":"TestValueLogBlockFrames_BoundedOrdinaryPayload/queued_false/workers_false/opaque_false","Output":"--- PASS: TestValueLogBlockFrames_BoundedOrdinaryPayload/queued_false/workers_false/opaque_false (0.01s)\n"}
2026-10-06T20:03:18.4125601Z {"Time":"2026-10-06T20:03:18.4054086Z","Action":"pass","Package":"github.com/snissn/gomap/TreeDB/caching","Test":"TestValueLogBlockFrames_BoundedOrdinaryPayload/queued_false/workers_false/opaque_false","Elapsed":0.01}
2026-10-06T20:03:18.4128975Z {"Time":"2026-10-06T20:03:18.4054086Z","Action":"run","Package":"github.com/snissn/gomap/TreeDB/caching","Test":"TestValueLogBlockFrames_BoundedOrdinaryPayload/queued_false/workers_false/opaque_true"}
2026-10-06T20:03:18.4130839Z {"Time":"2026-10-06T20:03:18.4054086Z","Action":"output","Package":"github.com/snissn/gomap/TreeDB/caching","Test":"TestValueLogBlockFrames_BoundedOrdinaryPayload/queued_false/workers_false/opaque_true","Output":"=== RUN   TestValueLogBlockFrames_BoundedOrdinaryPayload/queued_false/workers_false/opaque_true\n"}
2026-10-06T20:03:18.4287619Z {"Time":"2026-10-06T20:03:18.4252093Z","Action":"output","Package":"github.com/snissn/gomap/TreeDB/caching","Test":"TestValueLogBlockFrames_BoundedOrdinaryPayload/queued_false/workers_false/opaque_true","Output":"--- PASS: TestValueLogBlockFrames_BoundedOrdinaryPayload/queued_false/workers_false/opaque_true (0.02s)\n"}
2026-10-06T20:03:18.4290176Z {"Time":"2026-10-06T20:03:18.4252093Z","Action":"pass","Package":"github.com/snissn/gomap/TreeDB/caching","Test":"TestValueLogBlockFrames_BoundedOrdinaryPayload/queued_false/workers_false/opaque_true","Elapsed":0.02}
2026-10-06T20:03:18.4291855Z {"Time":"2026-10-06T20:03:18.4252093Z","Action":"run","Package":"github.com/snissn/gomap/TreeDB/caching","Test":"TestValueLogBlockFrames_BoundedOrdinaryPayload/queued_false/workers_true/opaque_false"}
2026-10-06T20:03:18.4294165Z {"Time":"2026-10-06T20:03:18.4252093Z","Action":"output","Package":"github.com/snissn/gomap/TreeDB/caching","Test":"TestValueLogBlockFrames_BoundedOrdinaryPayload/queued_false/workers_true/opaque_false","Output":"=== RUN   TestValueLogBlockFrames_BoundedOrdinaryPayload/queued_false/workers_true/opaque_false\n"}
2026-10-06T20:03:18.4430552Z {"Time":"2026-10-06T20:03:18.4376678Z","Action":"output","Package":"github.com/snissn/gomap/TreeDB/caching","Test":"TestValueLogBlockFrames_BoundedOrdinaryPayload/queued_false/workers_true/opaque_false","Output":"--- PASS: TestValueLogBlockFrames_BoundedOrdinaryPayload/queued_false/workers_true/opaque_false (0.01s)\n"}
2026-10-06T20:03:18.4432500Z {"Time":"2026-10-06T20:03:18.4376678Z","Action":"pass","Package":"github.com/snissn/gomap/TreeDB/caching","Test":"TestValueLogBlockFrames_BoundedOrdinaryPayload/queued_false/workers_true/opaque_false","Elapsed":0.01}
2026-10-06T20:03:18.4434207Z {"Time":"2026-10-06T20:03:18.4376678Z","Action":"run","Package":"github.com/snissn/gomap/TreeDB/caching","Test":"TestValueLogBlockFrames_BoundedOrdinaryPayload/queued_false/workers_true/opaque_true"}
2026-10-06T20:03:18.4436224Z {"Time":"2026-10-06T20:03:18.4376678Z","Action":"output","Package":"github.com/snissn/gomap/TreeDB/caching","Test":"TestValueLogBlockFrames_BoundedOrdinaryPayload/queued_false/workers_true/opaque_true","Output":"=== RUN   TestValueLogBlockFrames_BoundedOrdinaryPayload/queued_false/workers_true/opaque_true\n"}
2026-10-06T20:03:18.4908711Z {"Time":"2026-10-06T20:03:18.4767564Z","Action":"output","Package":"github.com/snissn/gomap/TreeDB/caching","Test":"TestValueLogBlockFrames_BoundedOrdinaryPayload/queued_false/workers_true/opaque_true","Output":"--- PASS: TestValueLogBlockFrames_BoundedOrdinaryPayload/queued_false/workers_true/opaque_true (0.04s)\n"}
2026-10-06T20:03:18.4912490Z {"Time":"2026-10-06T20:03:18.4767564Z","Action":"pass","Package":"github.com/snissn/gomap/TreeDB/caching","Test":"TestValueLogBlockFrames_BoundedOrdinaryPayload/queued_false/workers_true/opaque_true","Elapsed":0.04}
2026-10-06T20:03:18.4916058Z {"Time":"2026-10-06T20:03:18.4767564Z","Action":"run","Package":"github.com/snissn/gomap/TreeDB/caching","Test":"TestValueLogBlockFrames_BoundedOrdinaryPayload/queued_true/workers_false/opaque_false"}
2026-10-06T20:03:18.4920231Z {"Time":"2026-10-06T20:03:18.4767564Z","Action":"output","Package":"github.com/snissn/gomap/TreeDB/caching","Test":"TestValueLogBlockFrames_BoundedOrdinaryPayload/queued_true/workers_false/opaque_false","Output":"=== RUN   TestValueLogBlockFrames_BoundedOrdinaryPayload/queued_true/workers_false/opaque_false\n"}
2026-10-06T20:03:18.5062784Z {"Time":"2026-10-06T20:03:18.4934242Z","Action":"output","Package":"github.com/snissn/gomap/TreeDB/caching","Test":"TestValueLogBlockFrames_BoundedOrdinaryPayload/queued_true/workers_false/opaque_false","Output":"--- PASS: TestValueLogBlockFrames_BoundedOrdinaryPayload/queued_true/workers_false/opaque_false (0.02s)\n"}
2026-10-06T20:03:18.5065505Z {"Time":"2026-10-06T20:03:18.4939746Z","Action":"pass","Package":"github.com/snissn/gomap/TreeDB/caching","Test":"TestValueLogBlockFrames_BoundedOrdinaryPayload/queued_true/workers_false/opaque_false","Elapsed":0.02}
2026-10-06T20:03:18.5067039Z {"Time":"2026-10-06T20:03:18.4939746Z","Action":"run","Package":"github.com/snissn/gomap/TreeDB/caching","Test":"TestValueLogBlockFrames_BoundedOrdinaryPayload/queued_true/workers_false/opaque_true"}
2026-10-06T20:03:18.5068854Z {"Time":"2026-10-06T20:03:18.4939746Z","Action":"output","Package":"github.com/snissn/gomap/TreeDB/caching","Test":"TestValueLogBlockFrames_BoundedOrdinaryPayload/queued_true/workers_false/opaque_true","Output":"=== RUN   TestValueLogBlockFrames_BoundedOrdinaryPayload/queued_true/workers_false/opaque_true\n"}
2026-10-06T20:03:18.5220324Z {"Time":"2026-10-06T20:03:18.5109469Z","Action":"output","Package":"github.com/snissn/gomap/TreeDB/caching","Test":"TestValueLogBlockFrames_BoundedOrdinaryPayload/queued_true/workers_false/opaque_true","Output":"--- PASS: TestValueLogBlockFrames_BoundedOrdinaryPayload/queued_true/workers_false/opaque_true (0.02s)\n"}
2026-10-06T20:03:18.5222639Z {"Time":"2026-10-06T20:03:18.5109469Z","Action":"pass","Package":"github.com/snissn/gomap/TreeDB/caching","Test":"TestValueLogBlockFrames_BoundedOrdinaryPayload/queued_true/workers_false/opaque_true","Elapsed":0.02}
2026-10-06T20:03:18.5224456Z {"Time":"2026-10-06T20:03:18.5109469Z","Action":"output","Package":"github.com/snissn/gomap/TreeDB/caching","Test":"TestValueLogBlockFrames_BoundedOrdinaryPayload","Output":"--- PASS: TestValueLogBlockFrames_BoundedOrdinaryPayload (0.12s)\n"}
2026-10-06T20:03:18.5225988Z {"Time":"2026-10-06T20:03:18.5109469Z","Action":"pass","Package":"github.com/snissn/gomap/TreeDB/caching","Test":"TestValueLogBlockFrames_BoundedOrdinaryPayload","Elapsed":0.12}
2026-10-06T20:03:18.5227289Z {"Time":"2026-10-06T20:03:18.5109469Z","Action":"run","Package":"github.com/snissn/gomap/TreeDB/caching","Test":"TestAppendValueLog_RestoresWriterPolicyAfterBoundedHandoff"}
2026-10-06T20:03:18.5229137Z {"Time":"2026-10-06T20:03:18.5109469Z","Action":"output","Package":"github.com/snissn/gomap/TreeDB/caching","Test":"TestAppendValueLog_RestoresWriterPolicyAfterBoundedHandoff","Output":"=== RUN   TestAppendValueLog_RestoresWriterPolicyAfterBoundedHandoff\n"}
2026-10-06T20:03:18.5231423Z {"Time":"2026-10-06T20:03:18.5119345Z","Action":"output","Package":"github.com/snissn/gomap/TreeDB/caching","Test":"TestAppendValueLog_RestoresWriterPolicyAfterBoundedHandoff","Output":"--- PASS: TestAppendValueLog_RestoresWriterPolicyAfterBoundedHandoff (0.00s)\n"}
2026-10-06T20:03:18.5233063Z {"Time":"2026-10-06T20:03:18.5119345Z","Action":"pass","Package":"github.com/snissn/gomap/TreeDB/caching","Test":"TestAppendValueLog_RestoresWriterPolicyAfterBoundedHandoff","Elapsed":0}
2026-10-06T20:03:18.5234575Z {"Time":"2026-10-06T20:03:18.5119345Z","Action":"run","Package":"github.com/snissn/gomap/TreeDB/caching","Test":"TestResolveVlogWriteMode_DictAggressiveLargeOuterLeafPayloadPrefersBlock"}
2026-10-06T20:03:18.5236676Z {"Time":"2026-10-06T20:03:18.5119345Z","Action":"output","Package":"github.com/snissn/gomap/TreeDB/caching","Test":"TestResolveVlogWriteMode_DictAggressiveLargeOuterLeafPayloadPrefersBlock","Output":"=== RUN   TestResolveVlogWriteMode_DictAggressiveLargeOuterLeafPayloadPrefersBlock\n"}
2026-10-06T20:03:18.5239676Z {"Time":"2026-10-06T20:03:18.5119345Z","Action":"output","Package":"github.com/snissn/gomap/TreeDB/caching","Test":"TestResolveVlogWriteMode_DictAggressiveLargeOuterLeafPayloadPrefersBlock","Output":"--- PASS: TestResolveVlogWriteMode_DictAggressiveLargeOuterLeafPayloadPrefersBlock (0.00s)\n"}
2026-10-06T20:03:18.5241678Z {"Time":"2026-10-06T20:03:18.5119345Z","Action":"pass","Package":"github.com/snissn/gomap/TreeDB/caching","Test":"TestResolveVlogWriteMode_DictAggressiveLargeOuterLeafPayloadPrefersBlock","Elapsed":0}
2026-10-06T20:03:18.5243063Z {"Time":"2026-10-06T20:03:18.5119345Z","Action":"run","Package":"github.com/snissn/gomap/TreeDB/caching","Test":"TestAppendValueLog_AutoBalancedCompactRetainedTemplateBatchUsesBlockFrames"}
2026-10-06T20:03:18.5244859Z {"Time":"2026-10-06T20:03:18.5119345Z","Action":"output","Package":"github.com/snissn/gomap/TreeDB/caching","Test":"TestAppendValueLog_AutoBalancedCompactRetainedTemplateBatchUsesBlockFrames","Output":"=== RUN   TestAppendValueLog_AutoBalancedCompactRetainedTemplateBatchUsesBlockFrames\n"}
2026-10-06T20:03:18.5247489Z {"Time":"2026-10-06T20:03:18.5143329Z","Action":"output","Package":"github.com/snissn/gomap/TreeDB/caching","Test":"TestAppendValueLog_AutoBalancedCompactRetainedTemplateBatchUsesBlockFrames","Output":"--- PASS: TestAppendValueLog_AutoBalancedCompactRetainedTemplateBatchUsesBlockFrames (0.00s)\n"}
2026-10-06T20:03:18.5249345Z {"Time":"2026-10-06T20:03:18.5146551Z","Action":"pass","Package":"github.com/snissn/gomap/TreeDB/caching","Test":"TestAppendValueLog_AutoBalancedCompactRetainedTemplateBatchUsesBlockFrames","Elapsed":0}
2026-10-06T20:03:18.5250978Z {"Time":"2026-10-06T20:03:18.5146551Z","Action":"run","Package":"github.com/snissn/gomap/TreeDB/caching","Test":"TestAppendValueLogOne_DictAggressiveWithoutDictRecordsBlockStats"}
2026-10-06T20:03:18.5252812Z {"Time":"2026-10-06T20:03:18.5146551Z","Action":"output","Package":"github.com/snissn/gomap/TreeDB/caching","Test":"TestAppendValueLogOne_DictAggressiveWithoutDictRecordsBlockStats","Output":"=== RUN   TestAppendValueLogOne_DictAggressiveWithoutDictRecordsBlockStats\n"}
2026-10-06T20:03:18.5254798Z {"Time":"2026-10-06T20:03:18.5165682Z","Action":"output","Package":"github.com/snissn/gomap/TreeDB/caching","Test":"TestAppendValueLogOne_DictAggressiveWithoutDictRecordsBlockStats","Output":"--- PASS: TestAppendValueLogOne_DictAggressiveWithoutDictRecordsBlockStats (0.00s)\n"}
2026-10-06T20:03:18.5256662Z {"Time":"2026-10-06T20:03:18.5165682Z","Action":"pass","Package":"github.com/snissn/gomap/TreeDB/caching","Test":"TestAppendValueLogOne_DictAggressiveWithoutDictRecordsBlockStats","Elapsed":0}
2026-10-06T20:03:18.5258129Z {"Time":"2026-10-06T20:03:18.5165682Z","Action":"run","Package":"github.com/snissn/gomap/TreeDB/caching","Test":"TestAppendValueLogOne_LeafLaneAutoBalancedPrefersLZ4"}
2026-10-06T20:03:18.5259584Z {"Time":"2026-10-06T20:03:18.5165682Z","Action":"output","Package":"github.com/snissn/gomap/TreeDB/caching","Test":"TestAppendValueLogOne_LeafLaneAutoBalancedPrefersLZ4","Output":"=== RUN   TestAppendValueLogOne_LeafLaneAutoBalancedPrefersLZ4\n"}
2026-10-06T20:03:18.5261466Z {"Time":"2026-10-06T20:03:18.518251Z","Action":"output","Package":"github.com/snissn/gomap/TreeDB/caching","Test":"TestAppendValueLogOne_LeafLaneAutoBalancedPrefersLZ4","Output":"--- PASS: TestAppendValueLogOne_LeafLaneAutoBalancedPrefersLZ4 (0.00s)\n"}
2026-10-06T20:03:18.5263063Z {"Time":"2026-10-06T20:03:18.518251Z","Action":"pass","Package":"github.com/snissn/gomap/TreeDB/caching","Test":"TestAppendValueLogOne_LeafLaneAutoBalancedPrefersLZ4","Elapsed":0}
2026-10-06T20:03:18.5264452Z {"Time":"2026-10-06T20:03:18.518251Z","Action":"run","Package":"github.com/snissn/gomap/TreeDB/caching","Test":"TestAppendValueLogOne_AutoForcePointerRetainedPayloadResetsBlockBackoff"}
2026-10-06T20:03:18.5266395Z {"Time":"2026-10-06T20:03:18.518251Z","Action":"output","Package":"github.com/snissn/gomap/TreeDB/caching","Test":"TestAppendValueLogOne_AutoForcePointerRetainedPayloadResetsBlockBackoff","Output":"=== RUN   TestAppendValueLogOne_AutoForcePointerRetainedPayloadResetsBlockBackoff\n"}
2026-10-06T20:03:18.5269147Z {"Time":"2026-10-06T20:03:18.5204767Z","Action":"output","Package":"github.com/snissn/gomap/TreeDB/caching","Test":"TestAppendValueLogOne_AutoForcePointerRetainedPayloadResetsBlockBackoff","Output":"--- PASS: TestAppendValueLogOne_AutoForcePointerRetainedPayloadResetsBlockBackoff (0.00s)\n"}
2026-10-06T20:03:18.5271047Z {"Time":"2026-10-06T20:03:18.5204767Z","Action":"pass","Package":"github.com/snissn/gomap/TreeDB/caching","Test":"TestAppendValueLogOne_AutoForcePointerRetainedPayloadResetsBlockBackoff","Elapsed":0}
2026-10-06T20:03:18.5272800Z {"Time":"2026-10-06T20:03:18.5204767Z","Action":"run","Package":"github.com/snissn/gomap/TreeDB/caching","Test":"TestAppendValueLog_AutoBalancedForcePointerHighEntropyPayloadUsesGroupedRawFrame"}
2026-10-06T20:03:18.5275868Z {"Time":"2026-10-06T20:03:18.5204767Z","Action":"output","Package":"github.com/snissn/gomap/TreeDB/caching","Test":"TestAppendValueLog_AutoBalancedForcePointerHighEntropyPayloadUsesGroupedRawFrame","Output":"=== RUN   TestAppendValueLog_AutoBalancedForcePointerHighEntropyPayloadUsesGroupedRawFrame\n"}
2026-10-06T20:03:18.5371957Z {"Time":"2026-10-06T20:03:18.5227617Z","Action":"output","Package":"github.com/snissn/gomap/TreeDB/caching","Test":"TestAppendValueLog_AutoBalancedForcePointerHighEntropyPayloadUsesGroupedRawFrame","Output":"--- PASS: TestAppendValueLog_AutoBalancedForcePointerHighEntropyPayloadUsesGroupedRawFrame (0.00s)\n"}
2026-10-06T20:03:18.5376652Z {"Time":"2026-10-06T20:03:18.5227617Z","Action":"pass","Package":"github.com/snissn/gomap/TreeDB/caching","Test":"TestAppendValueLog_AutoBalancedForcePointerHighEntropyPayloadUsesGroupedRawFrame","Elapsed":0}
2026-10-06T20:03:18.5379266Z {"Time":"2026-10-06T20:03:18.5227617Z","Action":"run","Package":"github.com/snissn/gomap/TreeDB/caching","Test":"TestAppendValueLog_DictModeOuterLeafBypassFallsBackToBlock"}
2026-10-06T20:03:18.5382286Z {"Time":"2026-10-06T20:03:18.5227617Z","Action":"output","Package":"github.com/snissn/gomap/TreeDB/caching","Test":"TestAppendValueLog_DictModeOuterLeafBypassFallsBackToBlock","Output":"=== RUN   TestAppendValueLog_DictModeOuterLeafBypassFallsBackToBlock\n"}
2026-10-06T20:03:18.5385920Z {"Time":"2026-10-06T20:03:18.5245201Z","Action":"output","Package":"github.com/snissn/gomap/TreeDB/caching","Test":"TestAppendValueLog_DictModeOuterLeafBypassFallsBackToBlock","Output":"--- PASS: TestAppendValueLog_DictModeOuterLeafBypassFallsBackToBlock (0.00s)\n"}
2026-10-06T20:03:18.5389008Z {"Time":"2026-10-06T20:03:18.5245201Z","Action":"pass","Package":"github.com/snissn/gomap/TreeDB/caching","Test":"TestAppendValueLog_DictModeOuterLeafBypassFallsBackToBlock","Elapsed":0}
2026-10-06T20:03:18.5391472Z {"Time":"2026-10-06T20:03:18.5245201Z","Action":"run","Package":"github.com/snissn/gomap/TreeDB/caching","Test":"TestAppendValueLogOne_BlockModeSingleWriteTracksCompressedRatio"}
2026-10-06T20:03:18.5394842Z {"Time":"2026-10-06T20:03:18.5245201Z","Action":"output","Package":"github.com/snissn/gomap/TreeDB/caching","Test":"TestAppendValueLogOne_BlockModeSingleWriteTracksCompressedRatio","Output":"=== RUN   TestAppendValueLogOne_BlockModeSingleWriteTracksCompressedRatio\n"}
2026-10-06T20:03:18.5398636Z {"Time":"2026-10-06T20:03:18.526847Z","Action":"output","Package":"github.com/snissn/gomap/TreeDB/caching","Test":"TestAppendValueLogOne_BlockModeSingleWriteTracksCompressedRatio","Output":"--- PASS: TestAppendValueLogOne_BlockModeSingleWriteTracksCompressedRatio (0.00s)\n"}
2026-10-06T20:03:18.5401830Z {"Time":"2026-10-06T20:03:18.526847Z","Action":"pass","Package":"github.com/snissn/gomap/TreeDB/caching","Test":"TestAppendValueLogOne_BlockModeSingleWriteTracksCompressedRatio","Elapsed":0}
2026-10-06T20:03:18.5404437Z {"Time":"2026-10-06T20:03:18.526847Z","Action":"run","Package":"github.com/snissn/gomap/TreeDB/caching","Test":"TestVlogCompressionSelector_EntersHoldAndProbes"}
2026-10-06T20:03:18.5407760Z {"Time":"2026-10-06T20:03:18.526847Z","Action":"output","Package":"github.com/snissn/gomap/TreeDB/caching","Test":"TestVlogCompressionSelector_EntersHoldAndProbes","Output":"=== RUN   TestVlogCompressionSelector_EntersHoldAndProbes\n"}
2026-10-06T20:03:18.5411066Z {"Time":"2026-10-06T20:03:18.526847Z","Action":"output","Package":"github.com/snissn/gomap/TreeDB/caching","Test":"TestVlogCompressionSelector_EntersHoldAndProbes","Output":"--- PASS: TestVlogCompressionSelector_EntersHoldAndProbes (0.00s)\n"}
2026-10-06T20:03:18.5414131Z {"Time":"2026-10-06T20:03:18.526847Z","Action":"pass","Package":"github.com/snissn/gomap/TreeDB/caching","Test":"TestVlogCompressionSelector_EntersHoldAndProbes","Elapsed":0}
2026-10-06T20:03:18.5416261Z {"Time":"2026-10-06T20:03:18.526847Z","Action":"run","Package":"github.com/snissn/gomap/TreeDB/caching","Test":"TestVlogCompressionSelector_DictSelectionByPolicy"}
2026-10-06T20:03:18.5418818Z {"Time":"2026-10-06T20:03:18.526847Z","Action":"output","Package":"github.com/snissn/gomap/TreeDB/caching","Test":"TestVlogCompressionSelector_DictSelectionByPolicy","Output":"=== RUN   TestVlogCompressionSelector_DictSelectionByPolicy\n"}
2026-10-06T20:03:18.5421868Z {"Time":"2026-10-06T20:03:18.5274341Z","Action":"output","Package":"github.com/snissn/gomap/TreeDB/caching","Test":"TestVlogCompressionSelector_DictSelectionByPolicy","Output":"--- PASS: TestVlogCompressionSelector_DictSelectionByPolicy (0.00s)\n"}
2026-10-06T20:03:18.5424496Z {"Time":"2026-10-06T20:03:18.5274341Z","Action":"pass","Package":"github.com/snissn/gomap/TreeDB/caching","Test":"TestVlogCompressionSelector_DictSelectionByPolicy","Elapsed":0}
2026-10-06T20:03:18.5426804Z {"Time":"2026-10-06T20:03:18.5274341Z","Action":"run","Package":"github.com/snissn/gomap/TreeDB/caching","Test":"TestVlogCompressionSelector_SeededDictGetsRealExplorationBeforeUnsampledBlockCodecs"}
2026-10-06T20:03:18.5430465Z {"Time":"2026-10-06T20:03:18.5274341Z","Action":"output","Package":"github.com/snissn/gomap/TreeDB/caching","Test":"TestVlogCompressionSelector_SeededDictGetsRealExplorationBeforeUnsampledBlockCodecs","Output":"=== RUN   TestVlogCompressionSelector_SeededDictGetsRealExplorationBeforeUnsampledBlockCodecs\n"}
2026-10-06T20:03:18.5434905Z {"Time":"2026-10-06T20:03:18.5274341Z","Action":"output","Package":"github.com/snissn/gomap/TreeDB/caching","Test":"TestVlogCompressionSelector_SeededDictGetsRealExplorationBeforeUnsampledBlockCodecs","Output":"--- PASS: TestVlogCompressionSelector_SeededDictGetsRealExplorationBeforeUnsampledBlockCodecs (0.00s)\n"}
2026-10-06T20:03:18.5437205Z {"Time":"2026-10-06T20:03:18.5274341Z","Action":"pass","Package":"github.com/snissn/gomap/TreeDB/caching","Test":"TestVlogCompressionSelector_SeededDictGetsRealExplorationBeforeUnsampledBlockCodecs","Elapsed":0}
2026-10-06T20:03:18.5438776Z {"Time":"2026-10-06T20:03:18.5274341Z","Action":"run","Package":"github.com/snissn/gomap/TreeDB/caching","Test":"TestVlogCompressionSelector_SnapshotCounters"}
2026-10-06T20:03:18.5440150Z {"Time":"2026-10-06T20:03:18.5274341Z","Action":"output","Package":"github.com/snissn/gomap/TreeDB/caching","Test":"TestVlogCompressionSelector_SnapshotCounters","Output":"=== RUN   TestVlogCompressionSelector_SnapshotCounters\n"}
2026-10-06T20:03:18.5442172Z {"Time":"2026-10-06T20:03:18.5274341Z","Action":"output","Package":"github.com/snissn/gomap/TreeDB/caching","Test":"TestVlogCompressionSelector_SnapshotCounters","Output":"--- PASS: TestVlogCompressionSelector_SnapshotCounters (0.00s)\n"}
2026-10-06T20:03:18.5443774Z {"Time":"2026-10-06T20:03:18.5274341Z","Action":"pass","Package":"github.com/snissn/gomap/TreeDB/caching","Test":"TestVlogCompressionSelector_SnapshotCounters","Elapsed":0}
2026-10-06T20:03:18.5444923Z {"Time":"2026-10-06T20:03:18.5274341Z","Action":"run","Package":"github.com/snissn/gomap/TreeDB/caching","Test":"TestChooseValueLogBlockWriteK_RecordsBlockKStats"}
2026-10-06T20:03:18.5446743Z {"Time":"2026-10-06T20:03:18.5274341Z","Action":"output","Package":"github.com/snissn/gomap/TreeDB/caching","Test":"TestChooseValueLogBlockWriteK_RecordsBlockKStats","Output":"=== RUN   TestChooseValueLogBlockWriteK_RecordsBlockKStats\n"}
2026-10-06T20:03:18.5449087Z {"Time":"2026-10-06T20:03:18.5277881Z","Action":"output","Package":"github.com/snissn/gomap/TreeDB/caching","Test":"TestChooseValueLogBlockWriteK_RecordsBlockKStats","Output":"--- PASS: TestChooseValueLogBlockWriteK_RecordsBlockKStats (0.00s)\n"}
2026-10-06T20:03:18.5450835Z {"Time":"2026-10-06T20:03:18.5277881Z","Action":"pass","Package":"github.com/snissn/gomap/TreeDB/caching","Test":"TestChooseValueLogBlockWriteK_RecordsBlockKStats","Elapsed":0}
2026-10-06T20:03:18.5452221Z {"Time":"2026-10-06T20:03:18.5277881Z","Action":"run","Package":"github.com/snissn/gomap/TreeDB/caching","Test":"TestChooseValueLogBlockWriteK_DictAggressiveUsesLaneRatio"}
2026-10-06T20:03:18.5454114Z {"Time":"2026-10-06T20:03:18.5277881Z","Action":"output","Package":"github.com/snissn/gomap/TreeDB/caching","Test":"TestChooseValueLogBlockWriteK_DictAggressiveUsesLaneRatio","Output":"=== RUN   TestChooseValueLogBlockWriteK_DictAggressiveUsesLaneRatio\n"}
2026-10-06T20:03:18.5456141Z {"Time":"2026-10-06T20:03:18.5277881Z","Action":"output","Package":"github.com/snissn/gomap/TreeDB/caching","Test":"TestChooseValueLogBlockWriteK_DictAggressiveUsesLaneRatio","Output":"--- PASS: TestChooseValueLogBlockWriteK_DictAggressiveUsesLaneRatio (0.00s)\n"}
2026-10-06T20:03:18.5458052Z {"Time":"2026-10-06T20:03:18.5277881Z","Action":"pass","Package":"github.com/snissn/gomap/TreeDB/caching","Test":"TestChooseValueLogBlockWriteK_DictAggressiveUsesLaneRatio","Elapsed":0}
2026-10-06T20:03:18.5459563Z {"Time":"2026-10-06T20:03:18.5277881Z","Action":"run","Package":"github.com/snissn/gomap/TreeDB/caching","Test":"TestChooseValueLogBlockWriteK_ForcePointerLargePayloadRespectsConfiguredLargeTarget"}
2026-10-06T20:03:18.5461869Z {"Time":"2026-10-06T20:03:18.5277881Z","Action":"output","Package":"github.com/snissn/gomap/TreeDB/caching","Test":"TestChooseValueLogBlockWriteK_ForcePointerLargePayloadRespectsConfiguredLargeTarget","Output":"=== RUN   TestChooseValueLogBlockWriteK_ForcePointerLargePayloadRespectsConfiguredLargeTarget\n"}
2026-10-06T20:03:18.5465857Z {"Time":"2026-10-06T20:03:18.5277881Z","Action":"output","Package":"github.com/snissn/gomap/TreeDB/caching","Test":"TestChooseValueLogBlockWriteK_ForcePointerLargePayloadRespectsConfiguredLargeTarget","Output":"--- PASS: TestChooseValueLogBlockWriteK_ForcePointerLargePayloadRespectsConfiguredLargeTarget (0.00s)\n"}
2026-10-06T20:03:18.5469482Z {"Time":"2026-10-06T20:03:18.5277881Z","Action":"pass","Package":"github.com/snissn/gomap/TreeDB/caching","Test":"TestChooseValueLogBlockWriteK_ForcePointerLargePayloadRespectsConfiguredLargeTarget","Elapsed":0}
2026-10-06T20:03:18.5472007Z {"Time":"2026-10-06T20:03:18.5281239Z","Action":"run","Package":"github.com/snissn/gomap/TreeDB/caching","Test":"TestPreferLeafPageBlockCodec_CompactedLeafPayloadsPreferLZ4"}
2026-10-06T20:03:18.5475216Z {"Time":"2026-10-06T20:03:18.5281239Z","Action":"output","Package":"github.com/snissn/gomap/TreeDB/caching","Test":"TestPreferLeafPageBlockCodec_CompactedLeafPayloadsPreferLZ4","Output":"=== RUN   TestPreferLeafPageBlockCodec_CompactedLeafPayloadsPreferLZ4\n"}
2026-10-06T20:03:18.5478688Z {"Time":"2026-10-06T20:03:18.5281239Z","Action":"output","Package":"github.com/snissn/gomap/TreeDB/caching","Test":"TestPreferLeafPageBlockCodec_CompactedLeafPayloadsPreferLZ4","Output":"--- PASS: TestPreferLeafPageBlockCodec_CompactedLeafPayloadsPreferLZ4 (0.00s)\n"}
2026-10-06T20:03:18.5481611Z {"Time":"2026-10-06T20:03:18.5281239Z","Action":"pass","Package":"github.com/snissn/gomap/TreeDB/caching","Test":"TestPreferLeafPageBlockCodec_CompactedLeafPayloadsPreferLZ4","Elapsed":0}
2026-10-06T20:03:18.5483918Z {"Time":"2026-10-06T20:03:18.5281239Z","Action":"run","Package":"github.com/snissn/gomap/TreeDB/caching","Test":"TestChooseValueLogBlockWriteK_ThroughputFastPathUsesAveragePayload"}
2026-10-06T20:03:18.5487936Z {"Time":"2026-10-06T20:03:18.5281239Z","Action":"output","Package":"github.com/snissn/gomap/TreeDB/caching","Test":"TestChooseValueLogBlockWriteK_ThroughputFastPathUsesAveragePayload","Output":"=== RUN   TestChooseValueLogBlockWriteK_ThroughputFastPathUsesAveragePayload\n"}
2026-10-06T20:03:18.5491729Z {"Time":"2026-10-06T20:03:18.5281239Z","Action":"output","Package":"github.com/snissn/gomap/TreeDB/caching","Test":"TestChooseValueLogBlockWriteK_ThroughputFastPathUsesAveragePayload","Output":"--- PASS: TestChooseValueLogBlockWriteK_ThroughputFastPathUsesAveragePayload (0.00s)\n"}
2026-10-06T20:03:18.5495140Z {"Time":"2026-10-06T20:03:18.5281239Z","Action":"pass","Package":"github.com/snissn/gomap/TreeDB/caching","Test":"TestChooseValueLogBlockWriteK_ThroughputFastPathUsesAveragePayload","Elapsed":0}
2026-10-06T20:03:18.5496408Z {"Time":"2026-10-06T20:03:18.5281239Z","Action":"run","Package":"github.com/snissn/gomap/TreeDB/caching","Test":"TestVlogCompressionSelector_AllowDictSampling"}
2026-10-06T20:03:18.5498156Z {"Time":"2026-10-06T20:03:18.5281239Z","Action":"output","Package":"github.com/snissn/gomap/TreeDB/caching","Test":"TestVlogCompressionSelector_AllowDictSampling","Output":"=== RUN   TestVlogCompressionSelector_AllowDictSampling\n"}
2026-10-06T20:03:18.5499845Z {"Time":"2026-10-06T20:03:18.5281239Z","Action":"output","Package":"github.com/snissn/gomap/TreeDB/caching","Test":"TestVlogCompressionSelector_AllowDictSampling","Output":"--- PASS: TestVlogCompressionSelector_AllowDictSampling (0.00s)\n"}
2026-10-06T20:03:18.5501261Z {"Time":"2026-10-06T20:03:18.5281239Z","Action":"pass","Package":"github.com/snissn/gomap/TreeDB/caching","Test":"TestVlogCompressionSelector_AllowDictSampling","Elapsed":0}
2026-10-06T20:03:18.5502470Z {"Time":"2026-10-06T20:03:18.5281239Z","Action":"run","Package":"github.com/snissn/gomap/TreeDB/caching","Test":"TestVlogCompressionSelector_ExplorationStopsAfterStrongBlockSignal"}
2026-10-06T20:03:18.5504100Z {"Time":"2026-10-06T20:03:18.5281239Z","Action":"output","Package":"github.com/snissn/gomap/TreeDB/caching","Test":"TestVlogCompressionSelector_ExplorationStopsAfterStrongBlockSignal","Output":"=== RUN   TestVlogCompressionSelector_ExplorationStopsAfterStrongBlockSignal\n"}
2026-10-06T20:03:18.5506107Z {"Time":"2026-10-06T20:03:18.5281239Z","Action":"output","Package":"github.com/snissn/gomap/TreeDB/caching","Test":"TestVlogCompressionSelector_ExplorationStopsAfterStrongBlockSignal","Output":"--- PASS: TestVlogCompressionSelector_ExplorationStopsAfterStrongBlockSignal (0.00s)\n"}
2026-10-06T20:03:18.5507796Z {"Time":"2026-10-06T20:03:18.5281239Z","Action":"pass","Package":"github.com/snissn/gomap/TreeDB/caching","Test":"TestVlogCompressionSelector_ExplorationStopsAfterStrongBlockSignal","Elapsed":0}
2026-10-06T20:03:18.5509153Z {"Time":"2026-10-06T20:03:18.5281239Z","Action":"run","Package":"github.com/snissn/gomap/TreeDB/caching","Test":"TestVlogCompressionSelector_ShouldContinueExploration_WhenAlternativeNotDominated"}
2026-10-06T20:03:18.5510962Z {"Time":"2026-10-06T20:03:18.5281239Z","Action":"output","Package":"github.com/snissn/gomap/TreeDB/caching","Test":"TestVlogCompressionSelector_ShouldContinueExploration_WhenAlternativeNotDominated","Output":"=== RUN   TestVlogCompressionSelector_ShouldContinueExploration_WhenAlternativeNotDominated\n"}
2026-10-06T20:03:18.5513384Z {"Time":"2026-10-06T20:03:18.5281239Z","Action":"output","Package":"github.com/snissn/gomap/TreeDB/caching","Test":"TestVlogCompressionSelector_ShouldContinueExploration_WhenAlternativeNotDominated","Output":"--- PASS: TestVlogCompressionSelector_ShouldContinueExploration_WhenAlternativeNotDominated (0.00s)\n"}
2026-10-06T20:03:18.5515270Z {"Time":"2026-10-06T20:03:18.5286924Z","Action":"pass","Package":"github.com/snissn/gomap/TreeDB/caching","Test":"TestVlogCompressionSelector_ShouldContinueExploration_WhenAlternativeNotDominated","Elapsed":0}
2026-10-06T20:03:18.5516885Z {"Time":"2026-10-06T20:03:18.5286924Z","Action":"run","Package":"github.com/snissn/gomap/TreeDB/caching","Test":"TestVlogCompressionSelector_LargePayloadDoesNotForceLZ4WithoutVeryStrongRatio"}
2026-10-06T20:03:18.5519363Z {"Time":"2026-10-06T20:03:18.5286924Z","Action":"output","Package":"github.com/snissn/gomap/TreeDB/caching","Test":"TestVlogCompressionSelector_LargePayloadDoesNotForceLZ4WithoutVeryStrongRatio","Output":"=== RUN   TestVlogCompressionSelector_LargePayloadDoesNotForceLZ4WithoutVeryStrongRatio\n"}
2026-10-06T20:03:18.5521613Z {"Time":"2026-10-06T20:03:18.5286924Z","Action":"output","Package":"github.com/snissn/gomap/TreeDB/caching","Test":"TestVlogCompressionSelector_LargePayloadDoesNotForceLZ4WithoutVeryStrongRatio","Output":"--- PASS: TestVlogCompressionSelector_LargePayloadDoesNotForceLZ4WithoutVeryStrongRatio (0.00s)\n"}
2026-10-06T20:03:18.5523455Z {"Time":"2026-10-06T20:03:18.5286924Z","Action":"pass","Package":"github.com/snissn/gomap/TreeDB/caching","Test":"TestVlogCompressionSelector_LargePayloadDoesNotForceLZ4WithoutVeryStrongRatio","Elapsed":0}
2026-10-06T20:03:18.5525172Z {"Time":"2026-10-06T20:03:18.5286924Z","Action":"run","Package":"github.com/snissn/gomap/TreeDB/caching","Test":"TestResolveVlogWriteMode_LargePayloadBalancedBypassesSelectorToConfiguredBlock"}
2026-10-06T20:03:18.5527013Z {"Time":"2026-10-06T20:03:18.5286924Z","Action":"output","Package":"github.com/snissn/gomap/TreeDB/caching","Test":"TestResolveVlogWriteMode_LargePayloadBalancedBypassesSelectorToConfiguredBlock","Output":"=== RUN   TestResolveVlogWriteMode_LargePayloadBalancedBypassesSelectorToConfiguredBlock\n"}
2026-10-06T20:03:18.5529623Z {"Time":"2026-10-06T20:03:18.5286924Z","Action":"output","Package":"github.com/snissn/gomap/TreeDB/caching","Test":"TestResolveVlogWriteMode_LargePayloadBalancedBypassesSelectorToConfiguredBlock","Output":"--- PASS: TestResolveVlogWriteMode_LargePayloadBalancedBypassesSelectorToConfiguredBlock (0.00s)\n"}
2026-10-06T20:03:18.5532400Z {"Time":"2026-10-06T20:03:18.5286924Z","Action":"pass","Package":"github.com/snissn/gomap/TreeDB/caching","Test":"TestResolveVlogWriteMode_LargePayloadBalancedBypassesSelectorToConfiguredBlock","Elapsed":0}
2026-10-06T20:03:18.5534619Z {"Time":"2026-10-06T20:03:18.5286924Z","Action":"run","Package":"github.com/snissn/gomap/TreeDB/caching","Test":"TestValueLogPayloadLooksRetainedLikeSemanticStreamBlock"}
2026-10-06T20:03:18.5536418Z {"Time":"2026-10-06T20:03:18.5286924Z","Action":"output","Package":"github.com/snissn/gomap/TreeDB/caching","Test":"TestValueLogPayloadLooksRetainedLikeSemanticStreamBlock","Output":"=== RUN   TestValueLogPayloadLooksRetainedLikeSemanticStreamBlock\n"}
2026-10-06T20:03:18.5538284Z {"Time":"2026-10-06T20:03:18.5286924Z","Action":"output","Package":"github.com/snissn/gomap/TreeDB/caching","Test":"TestValueLogPayloadLooksRetainedLikeSemanticStreamBlock","Output":"--- PASS: TestValueLogPayloadLooksRetainedLikeSemanticStreamBlock (0.00s)\n"}
2026-10-06T20:03:18.5539870Z {"Time":"2026-10-06T20:03:18.5286924Z","Action":"pass","Package":"github.com/snissn/gomap/TreeDB/caching","Test":"TestValueLogPayloadLooksRetainedLikeSemanticStreamBlock","Elapsed":0}
2026-10-06T20:03:18.5541189Z {"Time":"2026-10-06T20:03:18.5286924Z","Action":"run","Package":"github.com/snissn/gomap/TreeDB/caching","Test":"TestChooseRetainedStorageFirstBlockCodec_ExplicitBlockKeepsConfiguredCodec"}
2026-10-06T20:03:18.5542935Z {"Time":"2026-10-06T20:03:18.5286924Z","Action":"output","Package":"github.com/snissn/gomap/TreeDB/caching","Test":"TestChooseRetainedStorageFirstBlockCodec_ExplicitBlockKeepsConfiguredCodec","Output":"=== RUN   TestChooseRetainedStorageFirstBlockCodec_ExplicitBlockKeepsConfiguredCodec\n"}
2026-10-06T20:03:18.5545084Z {"Time":"2026-10-06T20:03:18.5286924Z","Action":"output","Package":"github.com/snissn/gomap/TreeDB/caching","Test":"TestChooseRetainedStorageFirstBlockCodec_ExplicitBlockKeepsConfiguredCodec","Output":"--- PASS: TestChooseRetainedStorageFirstBlockCodec_ExplicitBlockKeepsConfiguredCodec (0.00s)\n"}
2026-10-06T20:03:18.5547383Z {"Time":"2026-10-06T20:03:18.5286924Z","Action":"pass","Package":"github.com/snissn/gomap/TreeDB/caching","Test":"TestChooseRetainedStorageFirstBlockCodec_ExplicitBlockKeepsConfiguredCodec","Elapsed":0}
2026-10-06T20:03:18.5549297Z {"Time":"2026-10-06T20:03:18.5286924Z","Action":"run","Package":"github.com/snissn/gomap/TreeDB/caching","Test":"TestResolveVlogWriteMode_ThroughputPolicyBypassesSelectorForMediumPayload"}
2026-10-06T20:03:18.5551041Z {"Time":"2026-10-06T20:03:18.5286924Z","Action":"output","Package":"github.com/snissn/gomap/TreeDB/caching","Test":"TestResolveVlogWriteMode_ThroughputPolicyBypassesSelectorForMediumPayload","Output":"=== RUN   TestResolveVlogWriteMode_ThroughputPolicyBypassesSelectorForMediumPayload\n"}
2026-10-06T20:03:18.5553175Z {"Time":"2026-10-06T20:03:18.5292763Z","Action":"output","Package":"github.com/snissn/gomap/TreeDB/caching","Test":"TestResolveVlogWriteMode_ThroughputPolicyBypassesSelectorForMediumPayload","Output":"--- PASS: TestResolveVlogWriteMode_ThroughputPolicyBypassesSelectorForMediumPayload (0.00s)\n"}
2026-10-06T20:03:18.5554974Z {"Time":"2026-10-06T20:03:18.5292763Z","Action":"pass","Package":"github.com/snissn/gomap/TreeDB/caching","Test":"TestResolveVlogWriteMode_ThroughputPolicyBypassesSelectorForMediumPayload","Elapsed":0}
2026-10-06T20:03:18.5556251Z {"Time":"2026-10-06T20:03:18.5292763Z","Action":"run","Package":"github.com/snissn/gomap/TreeDB/caching","Test":"TestObserveVlogWriteMode_ThroughputSmallStillObserves"}
2026-10-06T20:03:18.5557694Z {"Time":"2026-10-06T20:03:18.5292763Z","Action":"output","Package":"github.com/snissn/gomap/TreeDB/caching","Test":"TestObserveVlogWriteMode_ThroughputSmallStillObserves","Output":"=== RUN   TestObserveVlogWriteMode_ThroughputSmallStillObserves\n"}
2026-10-06T20:03:18.5559456Z {"Time":"2026-10-06T20:03:18.5292763Z","Action":"output","Package":"github.com/snissn/gomap/TreeDB/caching","Test":"TestObserveVlogWriteMode_ThroughputSmallStillObserves","Output":"--- PASS: TestObserveVlogWriteMode_ThroughputSmallStillObserves (0.00s)\n"}
2026-10-06T20:03:18.5560973Z {"Time":"2026-10-06T20:03:18.5292763Z","Action":"pass","Package":"github.com/snissn/gomap/TreeDB/caching","Test":"TestObserveVlogWriteMode_ThroughputSmallStillObserves","Elapsed":0}
2026-10-06T20:03:18.5562214Z {"Time":"2026-10-06T20:03:18.5292763Z","Action":"run","Package":"github.com/snissn/gomap/TreeDB/caching","Test":"TestResolveVlogWriteMode_StorageFirstValueLogUsesDomainThreshold"}
2026-10-06T20:03:18.5563822Z {"Time":"2026-10-06T20:03:18.5292763Z","Action":"output","Package":"github.com/snissn/gomap/TreeDB/caching","Test":"TestResolveVlogWriteMode_StorageFirstValueLogUsesDomainThreshold","Output":"=== RUN   TestResolveVlogWriteMode_StorageFirstValueLogUsesDomainThreshold\n"}
2026-10-06T20:03:18.5565777Z {"Time":"2026-10-06T20:03:18.5292763Z","Action":"output","Package":"github.com/snissn/gomap/TreeDB/caching","Test":"TestResolveVlogWriteMode_StorageFirstValueLogUsesDomainThreshold","Output":"--- PASS: TestResolveVlogWriteMode_StorageFirstValueLogUsesDomainThreshold (0.00s)\n"}
2026-10-06T20:03:18.5567426Z {"Time":"2026-10-06T20:03:18.5292763Z","Action":"pass","Package":"github.com/snissn/gomap/TreeDB/caching","Test":"TestResolveVlogWriteMode_StorageFirstValueLogUsesDomainThreshold","Elapsed":0}
2026-10-06T20:03:18.5569122Z {"Time":"2026-10-06T20:03:18.5292763Z","Action":"run","Package":"github.com/snissn/gomap/TreeDB/caching","Test":"TestShouldBypassAutoRawValueCompression_CompressibleStorageOwnedStaysEligible"}
2026-10-06T20:03:18.5570915Z {"Time":"2026-10-06T20:03:18.5292763Z","Action":"output","Package":"github.com/snissn/gomap/TreeDB/caching","Test":"TestShouldBypassAutoRawValueCompression_CompressibleStorageOwnedStaysEligible","Output":"=== RUN   TestShouldBypassAutoRawValueCompression_CompressibleStorageOwnedStaysEligible\n"}
2026-10-06T20:03:18.5573125Z {"Time":"2026-10-06T20:03:18.5292763Z","Action":"output","Package":"github.com/snissn/gomap/TreeDB/caching","Test":"TestShouldBypassAutoRawValueCompression_CompressibleStorageOwnedStaysEligible","Output":"--- PASS: TestShouldBypassAutoRawValueCompression_CompressibleStorageOwnedStaysEligible (0.00s)\n"}
2026-10-06T20:03:18.5575164Z {"Time":"2026-10-06T20:03:18.5292763Z","Action":"pass","Package":"github.com/snissn/gomap/TreeDB/caching","Test":"TestShouldBypassAutoRawValueCompression_CompressibleStorageOwnedStaysEligible","Elapsed":0}
2026-10-06T20:03:18.5576472Z {"Time":"2026-10-06T20:03:18.5292763Z","Action":"run","Package":"github.com/snissn/gomap/TreeDB/caching","Test":"TestObserveVlogWriteMode_UsesUnitPayloadForSkipDecision"}
2026-10-06T20:03:18.5577951Z {"Time":"2026-10-06T20:03:18.5292763Z","Action":"output","Package":"github.com/snissn/gomap/TreeDB/caching","Test":"TestObserveVlogWriteMode_UsesUnitPayloadForSkipDecision","Output":"=== RUN   TestObserveVlogWriteMode_UsesUnitPayloadForSkipDecision\n"}
2026-10-06T20:03:18.5579740Z {"Time":"2026-10-06T20:03:18.5292763Z","Action":"output","Package":"github.com/snissn/gomap/TreeDB/caching","Test":"TestObserveVlogWriteMode_UsesUnitPayloadForSkipDecision","Output":"--- PASS: TestObserveVlogWriteMode_UsesUnitPayloadForSkipDecision (0.00s)\n"}
2026-10-06T20:03:18.5581332Z {"Time":"2026-10-06T20:03:18.5292763Z","Action":"pass","Package":"github.com/snissn/gomap/TreeDB/caching","Test":"TestObserveVlogWriteMode_UsesUnitPayloadForSkipDecision","Elapsed":0}
2026-10-06T20:03:18.5582482Z {"Time":"2026-10-06T20:03:18.5297997Z","Action":"run","Package":"github.com/snissn/gomap/TreeDB/caching","Test":"TestRecordLaneVlogPayloadSplitObservation"}
2026-10-06T20:03:18.5583807Z {"Time":"2026-10-06T20:03:18.5297997Z","Action":"output","Package":"github.com/snissn/gomap/TreeDB/caching","Test":"TestRecordLaneVlogPayloadSplitObservation","Output":"=== RUN   TestRecordLaneVlogPayloadSplitObservation\n"}
2026-10-06T20:03:18.5585412Z {"Time":"2026-10-06T20:03:18.5297997Z","Action":"output","Package":"github.com/snissn/gomap/TreeDB/caching","Test":"TestRecordLaneVlogPayloadSplitObservation","Output":"--- PASS: TestRecordLaneVlogPayloadSplitObservation (0.00s)\n"}
2026-10-06T20:03:18.5586825Z {"Time":"2026-10-06T20:03:18.5297997Z","Action":"pass","Package":"github.com/snissn/gomap/TreeDB/caching","Test":"TestRecordLaneVlogPayloadSplitObservation","Elapsed":0}
2026-10-06T20:03:18.5587898Z {"Time":"2026-10-06T20:03:18.5297997Z","Action":"run","Package":"github.com/snissn/gomap/TreeDB/caching","Test":"TestStats_ExposeVlogWriteModeBreakdown"}
2026-10-06T20:03:18.5589489Z {"Time":"2026-10-06T20:03:18.5297997Z","Action":"output","Package":"github.com/snissn/gomap/TreeDB/caching","Test":"TestStats_ExposeVlogWriteModeBreakdown","Output":"=== RUN   TestStats_ExposeVlogWriteModeBreakdown\n"}
2026-10-06T20:03:18.5591004Z {"Time":"2026-10-06T20:03:18.5350165Z","Action":"output","Package":"github.com/snissn/gomap/TreeDB/caching","Test":"TestStats_ExposeVlogWriteModeBreakdown","Output":"--- PASS: TestStats_ExposeVlogWriteModeBreakdown (0.01s)\n"}
2026-10-06T20:03:18.5592343Z {"Time":"2026-10-06T20:03:18.5350165Z","Action":"pass","Package":"github.com/snissn/gomap/TreeDB/caching","Test":"TestStats_ExposeVlogWriteModeBreakdown","Elapsed":0.01}
2026-10-06T20:03:18.5593478Z {"Time":"2026-10-06T20:03:18.5355824Z","Action":"run","Package":"github.com/snissn/gomap/TreeDB/caching","Test":"TestOpen_DoesNotInstallBackendReadBarrierWhenOpenFails"}
2026-10-06T20:03:18.5594951Z {"Time":"2026-10-06T20:03:18.5355824Z","Action":"output","Package":"github.com/snissn/gomap/TreeDB/caching","Test":"TestOpen_DoesNotInstallBackendReadBarrierWhenOpenFails","Output":"=== RUN   TestOpen_DoesNotInstallBackendReadBarrierWhenOpenFails\n"}
2026-10-06T20:03:18.5596785Z {"Time":"2026-10-06T20:03:18.5393739Z","Action":"output","Package":"github.com/snissn/gomap/TreeDB/caching","Test":"TestOpen_DoesNotInstallBackendReadBarrierWhenOpenFails","Output":"--- PASS: TestOpen_DoesNotInstallBackendReadBarrierWhenOpenFails (0.00s)\n"}
2026-10-06T20:03:18.5598321Z {"Time":"2026-10-06T20:03:18.5393739Z","Action":"pass","Package":"github.com/snissn/gomap/TreeDB/caching","Test":"TestOpen_DoesNotInstallBackendReadBarrierWhenOpenFails","Elapsed":0}
2026-10-06T20:03:18.5599754Z {"Time":"2026-10-06T20:03:18.5393739Z","Action":"run","Package":"github.com/snissn/gomap/TreeDB/caching","Test":"TestReadValueLogAppend_FlushesCurrentSegmentBufferedTailEvenWhenDirtyBitCleared"}
2026-10-06T20:03:18.5601652Z {"Time":"2026-10-06T20:03:18.5393739Z","Action":"output","Package":"github.com/snissn/gomap/TreeDB/caching","Test":"TestReadValueLogAppend_FlushesCurrentSegmentBufferedTailEvenWhenDirtyBitCleared","Output":"=== RUN   TestReadValueLogAppend_FlushesCurrentSegmentBufferedTailEvenWhenDirtyBitCleared\n"}
2026-10-06T20:03:18.5603922Z {"Time":"2026-10-06T20:03:18.5456975Z","Action":"output","Package":"github.com/snissn/gomap/TreeDB/caching","Test":"TestReadValueLogAppend_FlushesCurrentSegmentBufferedTailEvenWhenDirtyBitCleared","Output":"--- PASS: TestReadValueLogAppend_FlushesCurrentSegmentBufferedTailEvenWhenDirtyBitCleared (0.01s)\n"}
2026-10-06T20:03:18.5605808Z {"Time":"2026-10-06T20:03:18.5456975Z","Action":"pass","Package":"github.com/snissn/gomap/TreeDB/caching","Test":"TestReadValueLogAppend_FlushesCurrentSegmentBufferedTailEvenWhenDirtyBitCleared","Elapsed":0.01}
2026-10-06T20:03:18.5607094Z {"Time":"2026-10-06T20:03:18.5456975Z","Action":"run","Package":"github.com/snissn/gomap/TreeDB/caching","Test":"TestValueLogDictCandidateK_DefaultForcePointers"}
2026-10-06T20:03:18.5608640Z {"Time":"2026-10-06T20:03:18.5456975Z","Action":"output","Package":"github.com/snissn/gomap/TreeDB/caching","Test":"TestValueLogDictCandidateK_DefaultForcePointers","Output":"=== RUN   TestValueLogDictCandidateK_DefaultForcePointers\n"}
2026-10-06T20:03:18.5610476Z {"Time":"2026-10-06T20:03:18.5456975Z","Action":"output","Package":"github.com/snissn/gomap/TreeDB/caching","Test":"TestValueLogDictCandidateK_DefaultForcePointers","Output":"--- PASS: TestValueLogDictCandidateK_DefaultForcePointers (0.00s)\n"}
2026-10-06T20:03:18.5611902Z {"Time":"2026-10-06T20:03:18.5456975Z","Action":"pass","Package":"github.com/snissn/gomap/TreeDB/caching","Test":"TestValueLogDictCandidateK_DefaultForcePointers","Elapsed":0}
2026-10-06T20:03:18.5613156Z {"Time":"2026-10-06T20:03:18.5456975Z","Action":"run","Package":"github.com/snissn/gomap/TreeDB/caching","Test":"TestValueLogDictCandidateK_ForcePointersKeepsExplicitDefaultCandidateSet"}
2026-10-06T20:03:18.5614873Z {"Time":"2026-10-06T20:03:18.5456975Z","Action":"output","Package":"github.com/snissn/gomap/TreeDB/caching","Test":"TestValueLogDictCandidateK_ForcePointersKeepsExplicitDefaultCandidateSet","Output":"=== RUN   TestValueLogDictCandidateK_ForcePointersKeepsExplicitDefaultCandidateSet\n"}
2026-10-06T20:03:18.5616993Z {"Time":"2026-10-06T20:03:18.5456975Z","Action":"output","Package":"github.com/snissn/gomap/TreeDB/caching","Test":"TestValueLogDictCandidateK_ForcePointersKeepsExplicitDefaultCandidateSet","Output":"--- PASS: TestValueLogDictCandidateK_ForcePointersKeepsExplicitDefaultCandidateSet (0.00s)\n"}
2026-10-06T20:03:18.5618749Z {"Time":"2026-10-06T20:03:18.5456975Z","Action":"pass","Package":"github.com/snissn/gomap/TreeDB/caching","Test":"TestValueLogDictCandidateK_ForcePointersKeepsExplicitDefaultCandidateSet","Elapsed":0}
2026-10-06T20:03:18.5619979Z {"Time":"2026-10-06T20:03:18.5456975Z","Action":"run","Package":"github.com/snissn/gomap/TreeDB/caching","Test":"TestClampValueLogDictK_RespectsConfiguredMax"}
2026-10-06T20:03:18.5621289Z {"Time":"2026-10-06T20:03:18.5456975Z","Action":"output","Package":"github.com/snissn/gomap/TreeDB/caching","Test":"TestClampValueLogDictK_RespectsConfiguredMax","Output":"=== RUN   TestClampValueLogDictK_RespectsConfiguredMax\n"}
2026-10-06T20:03:18.5622885Z {"Time":"2026-10-06T20:03:18.5462898Z","Action":"output","Package":"github.com/snissn/gomap/TreeDB/caching","Test":"TestClampValueLogDictK_RespectsConfiguredMax","Output":"--- PASS: TestClampValueLogDictK_RespectsConfiguredMax (0.00s)\n"}
2026-10-06T20:03:18.5624260Z {"Time":"2026-10-06T20:03:18.5462898Z","Action":"pass","Package":"github.com/snissn/gomap/TreeDB/caching","Test":"TestClampValueLogDictK_RespectsConfiguredMax","Elapsed":0}
2026-10-06T20:03:18.5625528Z {"Time":"2026-10-06T20:03:18.5462898Z","Action":"run","Package":"github.com/snissn/gomap/TreeDB/caching","Test":"TestValueLogDictCollectBudget_ScalesForLargeBatchSmallValues"}
2026-10-06T20:03:18.5627130Z {"Time":"2026-10-06T20:03:18.5462898Z","Action":"output","Package":"github.com/snissn/gomap/TreeDB/caching","Test":"TestValueLogDictCollectBudget_ScalesForLargeBatchSmallValues","Output":"=== RUN   TestValueLogDictCollectBudget_ScalesForLargeBatchSmallValues\n"}
2026-10-06T20:03:18.5629356Z {"Time":"2026-10-06T20:03:18.546865Z","Action":"output","Package":"github.com/snissn/gomap/TreeDB/caching","Test":"TestValueLogDictCollectBudget_ScalesForLargeBatchSmallValues","Output":"--- PASS: TestValueLogDictCollectBudget_ScalesForLargeBatchSmallValues (0.00s)\n"}
2026-10-06T20:03:18.5630974Z {"Time":"2026-10-06T20:03:18.546865Z","Action":"pass","Package":"github.com/snissn/gomap/TreeDB/caching","Test":"TestValueLogDictCollectBudget_ScalesForLargeBatchSmallValues","Elapsed":0}
2026-10-06T20:03:18.5632276Z {"Time":"2026-10-06T20:03:18.546865Z","Action":"run","Package":"github.com/snissn/gomap/TreeDB/caching","Test":"TestValueLogDictClassifierBypass_AllowsOuterLeafPagesForDictSizeAggressive"}
2026-10-06T20:03:18.5633999Z {"Time":"2026-10-06T20:03:18.546865Z","Action":"output","Package":"github.com/snissn/gomap/TreeDB/caching","Test":"TestValueLogDictClassifierBypass_AllowsOuterLeafPagesForDictSizeAggressive","Output":"=== RUN   TestValueLogDictClassifierBypass_AllowsOuterLeafPagesForDictSizeAggressive\n"}
2026-10-06T20:03:18.5636140Z {"Time":"2026-10-06T20:03:18.546865Z","Action":"output","Package":"github.com/snissn/gomap/TreeDB/caching","Test":"TestValueLogDictClassifierBypass_AllowsOuterLeafPagesForDictSizeAggressive","Output":"--- PASS: TestValueLogDictClassifierBypass_AllowsOuterLeafPagesForDictSizeAggressive (0.00s)\n"}
2026-10-06T20:03:18.5637936Z {"Time":"2026-10-06T20:03:18.546865Z","Action":"pass","Package":"github.com/snissn/gomap/TreeDB/caching","Test":"TestValueLogDictClassifierBypass_AllowsOuterLeafPagesForDictSizeAggressive","Elapsed":0}
2026-10-06T20:03:18.5639281Z {"Time":"2026-10-06T20:03:18.546865Z","Action":"run","Package":"github.com/snissn/gomap/TreeDB/caching","Test":"TestValueLogDictClassifierBypass_AllowsOuterLeafHighEntropyForAutoSize"}
2026-10-06T20:03:18.5640952Z {"Time":"2026-10-06T20:03:18.546865Z","Action":"output","Package":"github.com/snissn/gomap/TreeDB/caching","Test":"TestValueLogDictClassifierBypass_AllowsOuterLeafHighEntropyForAutoSize","Output":"=== RUN   TestValueLogDictClassifierBypass_AllowsOuterLeafHighEntropyForAutoSize\n"}
2026-10-06T20:03:18.5643028Z {"Time":"2026-10-06T20:03:18.546865Z","Action":"output","Package":"github.com/snissn/gomap/TreeDB/caching","Test":"TestValueLogDictClassifierBypass_AllowsOuterLeafHighEntropyForAutoSize","Output":"--- PASS: TestValueLogDictClassifierBypass_AllowsOuterLeafHighEntropyForAutoSize (0.00s)\n"}
2026-10-06T20:03:18.5644765Z {"Time":"2026-10-06T20:03:18.546865Z","Action":"pass","Package":"github.com/snissn/gomap/TreeDB/caching","Test":"TestValueLogDictClassifierBypass_AllowsOuterLeafHighEntropyForAutoSize","Elapsed":0}
2026-10-06T20:03:18.5645959Z {"Time":"2026-10-06T20:03:18.5473012Z","Action":"run","Package":"github.com/snissn/gomap/TreeDB/caching","Test":"TestClassifyVlogPayloadKindForRecords"}
2026-10-06T20:03:18.5647227Z {"Time":"2026-10-06T20:03:18.5473012Z","Action":"output","Package":"github.com/snissn/gomap/TreeDB/caching","Test":"TestClassifyVlogPayloadKindForRecords","Output":"=== RUN   TestClassifyVlogPayloadKindForRecords\n"}
2026-10-06T20:03:18.5649054Z {"Time":"2026-10-06T20:03:18.5473012Z","Action":"output","Package":"github.com/snissn/gomap/TreeDB/caching","Test":"TestClassifyVlogPayloadKindForRecords","Output":"--- PASS: TestClassifyVlogPayloadKindForRecords (0.00s)\n"}
2026-10-06T20:03:18.5650401Z {"Time":"2026-10-06T20:03:18.5473012Z","Action":"pass","Package":"github.com/snissn/gomap/TreeDB/caching","Test":"TestClassifyVlogPayloadKindForRecords","Elapsed":0}
2026-10-06T20:03:18.5651610Z {"Time":"2026-10-06T20:03:18.5473012Z","Action":"run","Package":"github.com/snissn/gomap/TreeDB/caching","Test":"TestValueLogDictClassRangesForRecords_SingleMode"}
2026-10-06T20:03:18.5653388Z {"Time":"2026-10-06T20:03:18.5473012Z","Action":"output","Package":"github.com/snissn/gomap/TreeDB/caching","Test":"TestValueLogDictClassRangesForRecords_SingleMode","Output":"=== RUN   TestValueLogDictClassRangesForRecords_SingleMode\n"}
2026-10-06T20:03:18.5655101Z {"Time":"2026-10-06T20:03:18.5473012Z","Action":"output","Package":"github.com/snissn/gomap/TreeDB/caching","Test":"TestValueLogDictClassRangesForRecords_SingleMode","Output":"--- PASS: TestValueLogDictClassRangesForRecords_SingleMode (0.00s)\n"}
2026-10-06T20:03:18.5656564Z {"Time":"2026-10-06T20:03:18.5473012Z","Action":"pass","Package":"github.com/snissn/gomap/TreeDB/caching","Test":"TestValueLogDictClassRangesForRecords_SingleMode","Elapsed":0}
2026-10-06T20:03:18.5657715Z {"Time":"2026-10-06T20:03:18.5473012Z","Action":"run","Package":"github.com/snissn/gomap/TreeDB/caching","Test":"TestValueLogDictCollectSamples_IgnoresOuterLeafPages"}
2026-10-06T20:03:18.5659153Z {"Time":"2026-10-06T20:03:18.5473012Z","Action":"output","Package":"github.com/snissn/gomap/TreeDB/caching","Test":"TestValueLogDictCollectSamples_IgnoresOuterLeafPages","Output":"=== RUN   TestValueLogDictCollectSamples_IgnoresOuterLeafPages\n"}
2026-10-06T20:03:18.5660892Z {"Time":"2026-10-06T20:03:18.5480251Z","Action":"output","Package":"github.com/snissn/gomap/TreeDB/caching","Test":"TestValueLogDictCollectSamples_IgnoresOuterLeafPages","Output":"--- PASS: TestValueLogDictCollectSamples_IgnoresOuterLeafPages (0.00s)\n"}
2026-10-06T20:03:18.5662397Z {"Time":"2026-10-06T20:03:18.5480251Z","Action":"pass","Package":"github.com/snissn/gomap/TreeDB/caching","Test":"TestValueLogDictCollectSamples_IgnoresOuterLeafPages","Elapsed":0}
2026-10-06T20:03:18.5663637Z {"Time":"2026-10-06T20:03:18.5480251Z","Action":"run","Package":"github.com/snissn/gomap/TreeDB/caching","Test":"TestValueLogDictClassifierBypass_AllowsLargeValuesAfterDictPublish"}
2026-10-06T20:03:18.5665264Z {"Time":"2026-10-06T20:03:18.5480251Z","Action":"output","Package":"github.com/snissn/gomap/TreeDB/caching","Test":"TestValueLogDictClassifierBypass_AllowsLargeValuesAfterDictPublish","Output":"=== RUN   TestValueLogDictClassifierBypass_AllowsLargeValuesAfterDictPublish\n"}
2026-10-06T20:03:18.5667269Z {"Time":"2026-10-06T20:03:18.5480251Z","Action":"output","Package":"github.com/snissn/gomap/TreeDB/caching","Test":"TestValueLogDictClassifierBypass_AllowsLargeValuesAfterDictPublish","Output":"--- PASS: TestValueLogDictClassifierBypass_AllowsLargeValuesAfterDictPublish (0.00s)\n"}
2026-10-06T20:03:18.5669472Z {"Time":"2026-10-06T20:03:18.5480251Z","Action":"pass","Package":"github.com/snissn/gomap/TreeDB/caching","Test":"TestValueLogDictClassifierBypass_AllowsLargeValuesAfterDictPublish","Elapsed":0}
2026-10-06T20:03:18.5670901Z {"Time":"2026-10-06T20:03:18.5485902Z","Action":"run","Package":"github.com/snissn/gomap/TreeDB/caching","Test":"TestShouldBypassValueLogDictForRecords_MixedBatchWithIgnoredSamplesDoesNotBypass"}
2026-10-06T20:03:18.5672762Z {"Time":"2026-10-06T20:03:18.5485902Z","Action":"output","Package":"github.com/snissn/gomap/TreeDB/caching","Test":"TestShouldBypassValueLogDictForRecords_MixedBatchWithIgnoredSamplesDoesNotBypass","Output":"=== RUN   TestShouldBypassValueLogDictForRecords_MixedBatchWithIgnoredSamplesDoesNotBypass\n"}
2026-10-06T20:03:18.5675056Z {"Time":"2026-10-06T20:03:18.5485902Z","Action":"output","Package":"github.com/snissn/gomap/TreeDB/caching","Test":"TestShouldBypassValueLogDictForRecords_MixedBatchWithIgnoredSamplesDoesNotBypass","Output":"--- PASS: TestShouldBypassValueLogDictForRecords_MixedBatchWithIgnoredSamplesDoesNotBypass (0.00s)\n"}
2026-10-06T20:03:18.5676950Z {"Time":"2026-10-06T20:03:18.5485902Z","Action":"pass","Package":"github.com/snissn/gomap/TreeDB/caching","Test":"TestShouldBypassValueLogDictForRecords_MixedBatchWithIgnoredSamplesDoesNotBypass","Elapsed":0}
2026-10-06T20:03:18.5678474Z {"Time":"2026-10-06T20:03:18.5485902Z","Action":"run","Package":"github.com/snissn/gomap/TreeDB/caching","Test":"TestShouldBypassValueLogDictForRecords_OuterLeafMagicPayloadsBypassDict"}
2026-10-06T20:03:18.5680304Z {"Time":"2026-10-06T20:03:18.5485902Z","Action":"output","Package":"github.com/snissn/gomap/TreeDB/caching","Test":"TestShouldBypassValueLogDictForRecords_OuterLeafMagicPayloadsBypassDict","Output":"=== RUN   TestShouldBypassValueLogDictForRecords_OuterLeafMagicPayloadsBypassDict\n"}
2026-10-06T20:03:18.5682415Z {"Time":"2026-10-06T20:03:18.5485902Z","Action":"output","Package":"github.com/snissn/gomap/TreeDB/caching","Test":"TestShouldBypassValueLogDictForRecords_OuterLeafMagicPayloadsBypassDict","Output":"--- PASS: TestShouldBypassValueLogDictForRecords_OuterLeafMagicPayloadsBypassDict (0.00s)\n"}
2026-10-06T20:03:18.5684508Z {"Time":"2026-10-06T20:03:18.5485902Z","Action":"pass","Package":"github.com/snissn/gomap/TreeDB/caching","Test":"TestShouldBypassValueLogDictForRecords_OuterLeafMagicPayloadsBypassDict","Elapsed":0}
2026-10-06T20:03:18.5685933Z {"Time":"2026-10-06T20:03:18.5485902Z","Action":"run","Package":"github.com/snissn/gomap/TreeDB/caching","Test":"TestValueLogDictShouldAttemptCompression_LargePayloadPauseProbeDoesNotFireBackToBack"}
2026-10-06T20:03:18.5687808Z {"Time":"2026-10-06T20:03:18.5485902Z","Action":"output","Package":"github.com/snissn/gomap/TreeDB/caching","Test":"TestValueLogDictShouldAttemptCompression_LargePayloadPauseProbeDoesNotFireBackToBack","Output":"=== RUN   TestValueLogDictShouldAttemptCompression_LargePayloadPauseProbeDoesNotFireBackToBack\n"}
2026-10-06T20:03:18.5690185Z {"Time":"2026-10-06T20:03:18.5485902Z","Action":"output","Package":"github.com/snissn/gomap/TreeDB/caching","Test":"TestValueLogDictShouldAttemptCompression_LargePayloadPauseProbeDoesNotFireBackToBack","Output":"--- PASS: TestValueLogDictShouldAttemptCompression_LargePayloadPauseProbeDoesNotFireBackToBack (0.00s)\n"}
2026-10-06T20:03:18.5692134Z {"Time":"2026-10-06T20:03:18.5485902Z","Action":"pass","Package":"github.com/snissn/gomap/TreeDB/caching","Test":"TestValueLogDictShouldAttemptCompression_LargePayloadPauseProbeDoesNotFireBackToBack","Elapsed":0}
2026-10-06T20:03:18.5693508Z {"Time":"2026-10-06T20:03:18.5485902Z","Action":"run","Package":"github.com/snissn/gomap/TreeDB/caching","Test":"TestValueLogDictCollectSamples_SkipsDuringIncompressibleHold"}
2026-10-06T20:03:18.5695054Z {"Time":"2026-10-06T20:03:18.5485902Z","Action":"output","Package":"github.com/snissn/gomap/TreeDB/caching","Test":"TestValueLogDictCollectSamples_SkipsDuringIncompressibleHold","Output":"=== RUN   TestValueLogDictCollectSamples_SkipsDuringIncompressibleHold\n"}
2026-10-06T20:03:18.5696971Z {"Time":"2026-10-06T20:03:18.5491526Z","Action":"output","Package":"github.com/snissn/gomap/TreeDB/caching","Test":"TestValueLogDictCollectSamples_SkipsDuringIncompressibleHold","Output":"--- PASS: TestValueLogDictCollectSamples_SkipsDuringIncompressibleHold (0.00s)\n"}
2026-10-06T20:03:18.5698595Z {"Time":"2026-10-06T20:03:18.5491526Z","Action":"pass","Package":"github.com/snissn/gomap/TreeDB/caching","Test":"TestValueLogDictCollectSamples_SkipsDuringIncompressibleHold","Elapsed":0}
2026-10-06T20:03:18.5699892Z {"Time":"2026-10-06T20:03:18.5491526Z","Action":"run","Package":"github.com/snissn/gomap/TreeDB/caching","Test":"TestApplyValueLogDictProfileForClass_SerializesConcurrentPublishers"}
2026-10-06T20:03:18.5701530Z {"Time":"2026-10-06T20:03:18.5491526Z","Action":"output","Package":"github.com/snissn/gomap/TreeDB/caching","Test":"TestApplyValueLogDictProfileForClass_SerializesConcurrentPublishers","Output":"=== RUN   TestApplyValueLogDictProfileForClass_SerializesConcurrentPublishers\n"}
2026-10-06T20:03:18.6937322Z {"Time":"2026-10-06T20:03:18.6780997Z","Action":"output","Package":"github.com/snissn/gomap/TreeDB/caching","Test":"TestApplyValueLogDictProfileForClass_SerializesConcurrentPublishers","Output":"2026/10/06 20:03:18 treedb: value-log dict published class=single_value dict_id=1 k=8 payload_ratio=0.600 total_ratio=0.600\n"}
2026-10-06T20:03:18.6940963Z {"Time":"2026-10-06T20:03:18.6780997Z","Action":"output","Package":"github.com/snissn/gomap/TreeDB/caching","Test":"TestApplyValueLogDictProfileForClass_SerializesConcurrentPublishers","Output":"--- PASS: TestApplyValueLogDictProfileForClass_SerializesConcurrentPublishers (0.13s)\n"}
2026-10-06T20:03:18.6943186Z {"Time":"2026-10-06T20:03:18.6780997Z","Action":"pass","Package":"github.com/snissn/gomap/TreeDB/caching","Test":"TestApplyValueLogDictProfileForClass_SerializesConcurrentPublishers","Elapsed":0.13}
2026-10-06T20:03:18.6944560Z {"Time":"2026-10-06T20:03:18.6780997Z","Action":"run","Package":"github.com/snissn/gomap/TreeDB/caching","Test":"TestApplyValueLogDictProfileForClass_ClosingSkipsPublish"}
2026-10-06T20:03:18.6946448Z {"Time":"2026-10-06T20:03:18.6780997Z","Action":"output","Package":"github.com/snissn/gomap/TreeDB/caching","Test":"TestApplyValueLogDictProfileForClass_ClosingSkipsPublish","Output":"=== RUN   TestApplyValueLogDictProfileForClass_ClosingSkipsPublish\n"}
2026-10-06T20:03:18.6948287Z {"Time":"2026-10-06T20:03:18.6780997Z","Action":"output","Package":"github.com/snissn/gomap/TreeDB/caching","Test":"TestApplyValueLogDictProfileForClass_ClosingSkipsPublish","Output":"--- PASS: TestApplyValueLogDictProfileForClass_ClosingSkipsPublish (0.00s)\n"}
2026-10-06T20:03:18.6949872Z {"Time":"2026-10-06T20:03:18.6780997Z","Action":"pass","Package":"github.com/snissn/gomap/TreeDB/caching","Test":"TestApplyValueLogDictProfileForClass_ClosingSkipsPublish","Elapsed":0}
2026-10-06T20:03:18.6951572Z {"Time":"2026-10-06T20:03:18.6780997Z","Action":"run","Package":"github.com/snissn/gomap/TreeDB/caching","Test":"TestApplyValueLogDictProfileForClass_SingleClassUpdatesGlobalAndClassCurrent"}
2026-10-06T20:03:18.6953623Z {"Time":"2026-10-06T20:03:18.6780997Z","Action":"output","Package":"github.com/snissn/gomap/TreeDB/caching","Test":"TestApplyValueLogDictProfileForClass_SingleClassUpdatesGlobalAndClassCurrent","Output":"=== RUN   TestApplyValueLogDictProfileForClass_SingleClassUpdatesGlobalAndClassCurrent\n"}
2026-10-06T20:03:18.6956432Z {"Time":"2026-10-06T20:03:18.6780997Z","Action":"output","Package":"github.com/snissn/gomap/TreeDB/caching","Test":"TestApplyValueLogDictProfileForClass_SingleClassUpdatesGlobalAndClassCurrent","Output":"2026/10/06 20:03:18 treedb: value-log dict published class=single_value dict_id=56 k=8 payload_ratio=0.600 total_ratio=0.600\n"}
2026-10-06T20:03:18.6958909Z {"Time":"2026-10-06T20:03:18.6780997Z","Action":"output","Package":"github.com/snissn/gomap/TreeDB/caching","Test":"TestApplyValueLogDictProfileForClass_SingleClassUpdatesGlobalAndClassCurrent","Output":"--- PASS: TestApplyValueLogDictProfileForClass_SingleClassUpdatesGlobalAndClassCurrent (0.00s)\n"}
2026-10-06T20:03:18.6960757Z {"Time":"2026-10-06T20:03:18.6780997Z","Action":"pass","Package":"github.com/snissn/gomap/TreeDB/caching","Test":"TestApplyValueLogDictProfileForClass_SingleClassUpdatesGlobalAndClassCurrent","Elapsed":0}
2026-10-06T20:03:18.6962356Z {"Time":"2026-10-06T20:03:18.6787157Z","Action":"run","Package":"github.com/snissn/gomap/TreeDB/caching","Test":"TestValueLogDictPauseAndProbeResume"}
2026-10-06T20:03:18.6963609Z {"Time":"2026-10-06T20:03:18.6787157Z","Action":"output","Package":"github.com/snissn/gomap/TreeDB/caching","Test":"TestValueLogDictPauseAndProbeResume","Output":"=== RUN   TestValueLogDictPauseAndProbeResume\n"}
2026-10-06T20:03:18.9106393Z {"Time":"2026-10-06T20:03:18.8971579Z","Action":"output","Package":"github.com/snissn/gomap/TreeDB/caching","Test":"TestValueLogDictPauseAndProbeResume","Output":"--- PASS: TestValueLogDictPauseAndProbeResume (0.22s)\n"}
2026-10-06T20:03:18.9109320Z {"Time":"2026-10-06T20:03:18.8971579Z","Action":"pass","Package":"github.com/snissn/gomap/TreeDB/caching","Test":"TestValueLogDictPauseAndProbeResume","Elapsed":0.22}
2026-10-06T20:03:18.9111393Z {"Time":"2026-10-06T20:03:18.8978593Z","Action":"run","Package":"github.com/snissn/gomap/TreeDB/caching","Test":"TestChooseValueLogDictWriteK_RespectsConfiguredMax"}
2026-10-06T20:03:18.9114326Z {"Time":"2026-10-06T20:03:18.8978593Z","Action":"output","Package":"github.com/snissn/gomap/TreeDB/caching","Test":"TestChooseValueLogDictWriteK_RespectsConfiguredMax","Output":"=== RUN   TestChooseValueLogDictWriteK_RespectsConfiguredMax\n"}
2026-10-06T20:03:18.9117820Z {"Time":"2026-10-06T20:03:18.8978593Z","Action":"output","Package":"github.com/snissn/gomap/TreeDB/caching","Test":"TestChooseValueLogDictWriteK_RespectsConfiguredMax","Output":"--- PASS: TestChooseValueLogDictWriteK_RespectsConfiguredMax (0.00s)\n"}
2026-10-06T20:03:18.9120596Z {"Time":"2026-10-06T20:03:18.8978593Z","Action":"pass","Package":"github.com/snissn/gomap/TreeDB/caching","Test":"TestChooseValueLogDictWriteK_RespectsConfiguredMax","Elapsed":0}
2026-10-06T20:03:18.9123005Z {"Time":"2026-10-06T20:03:18.8978593Z","Action":"run","Package":"github.com/snissn/gomap/TreeDB/caching","Test":"TestChooseValueLogDictWriteK_DefaultOpenForcePointersWalOffUsesForcePointerMaxK"}
2026-10-06T20:03:18.9126461Z {"Time":"2026-10-06T20:03:18.8978593Z","Action":"output","Package":"github.com/snissn/gomap/TreeDB/caching","Test":"TestChooseValueLogDictWriteK_DefaultOpenForcePointersWalOffUsesForcePointerMaxK","Output":"=== RUN   TestChooseValueLogDictWriteK_DefaultOpenForcePointersWalOffUsesForcePointerMaxK\n"}
2026-10-06T20:03:18.9728283Z {"Time":"2026-10-06T20:03:18.9636147Z","Action":"output","Package":"github.com/snissn/gomap/TreeDB/caching","Test":"TestChooseValueLogDictWriteK_DefaultOpenForcePointersWalOffUsesForcePointerMaxK","Output":"--- PASS: TestChooseValueLogDictWriteK_DefaultOpenForcePointersWalOffUsesForcePointerMaxK (0.07s)\n"}
2026-10-06T20:03:18.9730497Z {"Time":"2026-10-06T20:03:18.9644142Z","Action":"pass","Package":"github.com/snissn/gomap/TreeDB/caching","Test":"TestChooseValueLogDictWriteK_DefaultOpenForcePointersWalOffUsesForcePointerMaxK","Elapsed":0.07}
2026-10-06T20:03:18.9732088Z {"Time":"2026-10-06T20:03:18.9644142Z","Action":"run","Package":"github.com/snissn/gomap/TreeDB/caching","Test":"TestFlushValueLogLane_WaitsForBarrierBeforeDirtyCheck"}
2026-10-06T20:03:18.9733559Z {"Time":"2026-10-06T20:03:18.9644142Z","Action":"output","Package":"github.com/snissn/gomap/TreeDB/caching","Test":"TestFlushValueLogLane_WaitsForBarrierBeforeDirtyCheck","Output":"=== RUN   TestFlushValueLogLane_WaitsForBarrierBeforeDirtyCheck\n"}
2026-10-06T20:03:18.9735351Z {"Time":"2026-10-06T20:03:18.9644142Z","Action":"output","Package":"github.com/snissn/gomap/TreeDB/caching","Test":"TestFlushValueLogLane_WaitsForBarrierBeforeDirtyCheck","Output":"--- PASS: TestFlushValueLogLane_WaitsForBarrierBeforeDirtyCheck (0.00s)\n"}
2026-10-06T20:03:18.9736875Z {"Time":"2026-10-06T20:03:18.9644142Z","Action":"pass","Package":"github.com/snissn/gomap/TreeDB/caching","Test":"TestFlushValueLogLane_WaitsForBarrierBeforeDirtyCheck","Elapsed":0}
2026-10-06T20:03:18.9738037Z {"Time":"2026-10-06T20:03:18.9644142Z","Action":"run","Package":"github.com/snissn/gomap/TreeDB/caching","Test":"TestAppendValueLogOne_DirectSetsDirtyBeforeUnlock"}
2026-10-06T20:03:18.9739443Z {"Time":"2026-10-06T20:03:18.9644142Z","Action":"output","Package":"github.com/snissn/gomap/TreeDB/caching","Test":"TestAppendValueLogOne_DirectSetsDirtyBeforeUnlock","Output":"=== RUN   TestAppendValueLogOne_DirectSetsDirtyBeforeUnlock\n"}
2026-10-06T20:03:18.9741149Z {"Time":"2026-10-06T20:03:18.9644142Z","Action":"output","Package":"github.com/snissn/gomap/TreeDB/caching","Test":"TestAppendValueLogOne_DirectSetsDirtyBeforeUnlock","Output":"--- PASS: TestAppendValueLogOne_DirectSetsDirtyBeforeUnlock (0.00s)\n"}
2026-10-06T20:03:18.9742801Z {"Time":"2026-10-06T20:03:18.9644142Z","Action":"pass","Package":"github.com/snissn/gomap/TreeDB/caching","Test":"TestAppendValueLogOne_DirectSetsDirtyBeforeUnlock","Elapsed":0}
2026-10-06T20:03:18.9743942Z {"Time":"2026-10-06T20:03:18.9644142Z","Action":"run","Package":"github.com/snissn/gomap/TreeDB/caching","Test":"TestVlogGenerationCheckpointKick_SkipsWhenWALOn"}
2026-10-06T20:03:18.9745556Z {"Time":"2026-10-06T20:03:18.9644142Z","Action":"output","Package":"github.com/snissn/gomap/TreeDB/caching","Test":"TestVlogGenerationCheckpointKick_SkipsWhenWALOn","Output":"=== RUN   TestVlogGenerationCheckpointKick_SkipsWhenWALOn\n"}
2026-10-06T20:03:19.0503667Z {"Time":"2026-10-06T20:03:19.0455165Z","Action":"output","Package":"github.com/snissn/gomap/TreeDB/caching","Test":"TestVlogGenerationCheckpointKick_SkipsWhenWALOn","Output":"--- PASS: TestVlogGenerationCheckpointKick_SkipsWhenWALOn (0.08s)\n"}
2026-10-06T20:03:19.0505582Z {"Time":"2026-10-06T20:03:19.0455165Z","Action":"pass","Package":"github.com/snissn/gomap/TreeDB/caching","Test":"TestVlogGenerationCheckpointKick_SkipsWhenWALOn","Elapsed":0.08}
2026-10-06T20:03:19.0507586Z {"Time":"2026-10-06T20:03:19.0455165Z","Action":"run","Package":"github.com/snissn/gomap/TreeDB/caching","Test":"TestVlogGenerationGC_ProtectedPathsSnapshotDoesNotDeleteNewerSegments"}
2026-10-06T20:03:19.0509731Z {"Time":"2026-10-06T20:03:19.0455165Z","Action":"output","Package":"github.com/snissn/gomap/TreeDB/caching","Test":"TestVlogGenerationGC_ProtectedPathsSnapshotDoesNotDeleteNewerSegments","Output":"=== RUN   TestVlogGenerationGC_ProtectedPathsSnapshotDoesNotDeleteNewerSegments\n"}
2026-10-06T20:03:19.1737809Z {"Time":"2026-10-06T20:03:19.1704407Z","Action":"output","Package":"github.com/snissn/gomap/TreeDB/caching","Test":"TestVlogGenerationGC_ProtectedPathsSnapshotDoesNotDeleteNewerSegments","Output":"--- PASS: TestVlogGenerationGC_ProtectedPathsSnapshotDoesNotDeleteNewerSegments (0.13s)\n"}
2026-10-06T20:03:19.1739851Z {"Time":"2026-10-06T20:03:19.1711661Z","Action":"pass","Package":"github.com/snissn/gomap/TreeDB/caching","Test":"TestVlogGenerationGC_ProtectedPathsSnapshotDoesNotDeleteNewerSegments","Elapsed":0.13}
2026-10-06T20:03:19.1741669Z {"Time":"2026-10-06T20:03:19.1711661Z","Action":"run","Package":"github.com/snissn/gomap/TreeDB/caching","Test":"TestCachedGenerationalMaintenance_LeafRefsBackgroundReopenable_WALOn"}
2026-10-06T20:03:19.1743326Z {"Time":"2026-10-06T20:03:19.1711661Z","Action":"output","Package":"github.com/snissn/gomap/TreeDB/caching","Test":"TestCachedGenerationalMaintenance_LeafRefsBackgroundReopenable_WALOn","Output":"=== RUN   TestCachedGenerationalMaintenance_LeafRefsBackgroundReopenable_WALOn\n"}
2026-10-06T20:03:19.6723690Z {"Time":"2026-10-06T20:03:19.6671289Z","Action":"output","Package":"github.com/snissn/gomap/TreeDB/caching","Test":"TestCachedGenerationalMaintenance_LeafRefsBackgroundReopenable_WALOn","Output":"--- PASS: TestCachedGenerationalMaintenance_LeafRefsBackgroundReopenable_WALOn (0.50s)\n"}
2026-10-06T20:03:19.6725983Z {"Time":"2026-10-06T20:03:19.6671289Z","Action":"pass","Package":"github.com/snissn/gomap/TreeDB/caching","Test":"TestCachedGenerationalMaintenance_LeafRefsBackgroundReopenable_WALOn","Elapsed":0.5}
2026-10-06T20:03:19.6727618Z {"Time":"2026-10-06T20:03:19.6671289Z","Action":"run","Package":"github.com/snissn/gomap/TreeDB/caching","Test":"TestCachedRepeatedRewriteVacuumLeafRefsRemainReopenable_WALOn"}
2026-10-06T20:03:19.6729409Z {"Time":"2026-10-06T20:03:19.6671289Z","Action":"output","Package":"github.com/snissn/gomap/TreeDB/caching","Test":"TestCachedRepeatedRewriteVacuumLeafRefsRemainReopenable_WALOn","Output":"=== RUN   TestCachedRepeatedRewriteVacuumLeafRefsRemainReopenable_WALOn\n"}
2026-10-06T20:03:20.1456535Z {"Time":"2026-10-06T20:03:20.1429914Z","Action":"output","Package":"github.com/snissn/gomap/TreeDB/caching","Test":"TestCachedRepeatedRewriteVacuumLeafRefsRemainReopenable_WALOn","Output":"--- PASS: TestCachedRepeatedRewriteVacuumLeafRefsRemainReopenable_WALOn (0.48s)\n"}
2026-10-06T20:03:20.1458329Z {"Time":"2026-10-06T20:03:20.1429914Z","Action":"pass","Package":"github.com/snissn/gomap/TreeDB/caching","Test":"TestCachedRepeatedRewriteVacuumLeafRefsRemainReopenable_WALOn","Elapsed":0.48}
2026-10-06T20:03:20.1459588Z {"Time":"2026-10-06T20:03:20.1433234Z","Action":"run","Package":"github.com/snissn/gomap/TreeDB/caching","Test":"TestVlogGenerationRewrite_UsesSharedRIDAllocator"}
2026-10-06T20:03:20.1461904Z {"Time":"2026-10-06T20:03:20.1433234Z","Action":"output","Package":"github.com/snissn/gomap/TreeDB/caching","Test":"TestVlogGenerationRewrite_UsesSharedRIDAllocator","Output":"=== RUN   TestVlogGenerationRewrite_UsesSharedRIDAllocator\n"}
2026-10-06T20:03:20.2793134Z {"Time":"2026-10-06T20:03:20.271074Z","Action":"output","Package":"github.com/snissn/gomap/TreeDB/caching","Test":"TestVlogGenerationRewrite_UsesSharedRIDAllocator","Output":"--- PASS: TestVlogGenerationRewrite_UsesSharedRIDAllocator (0.13s)\n"}
2026-10-06T20:03:20.2795390Z {"Time":"2026-10-06T20:03:20.271074Z","Action":"pass","Package":"github.com/snissn/gomap/TreeDB/caching","Test":"TestVlogGenerationRewrite_UsesSharedRIDAllocator","Elapsed":0.13}
2026-10-06T20:03:20.2796654Z {"Time":"2026-10-06T20:03:20.271074Z","Action":"run","Package":"github.com/snissn/gomap/TreeDB/caching","Test":"TestPruneRetainedValueLogs_IgnoresLeafPathsInSplitMode"}
2026-10-06T20:03:20.2798153Z {"Time":"2026-10-06T20:03:20.271074Z","Action":"output","Package":"github.com/snissn/gomap/TreeDB/caching","Test":"TestPruneRetainedValueLogs_IgnoresLeafPathsInSplitMode","Output":"=== RUN   TestPruneRetainedValueLogs_IgnoresLeafPathsInSplitMode\n"}
2026-10-06T20:03:20.4039645Z {"Time":"2026-10-06T20:03:20.3896305Z","Action":"output","Package":"github.com/snissn/gomap/TreeDB/caching","Test":"TestPruneRetainedValueLogs_IgnoresLeafPathsInSplitMode","Output":"--- PASS: TestPruneRetainedValueLogs_IgnoresLeafPathsInSplitMode (0.12s)\n"}
2026-10-06T20:03:20.4041723Z {"Time":"2026-10-06T20:03:20.3896305Z","Action":"pass","Package":"github.com/snissn/gomap/TreeDB/caching","Test":"TestPruneRetainedValueLogs_IgnoresLeafPathsInSplitMode","Elapsed":0.12}
2026-10-06T20:03:20.4043225Z {"Time":"2026-10-06T20:03:20.3896305Z","Action":"run","Package":"github.com/snissn/gomap/TreeDB/caching","Test":"TestShouldRunVlogGenerationRewrite_TotalBytes"}
2026-10-06T20:03:20.4044950Z {"Time":"2026-10-06T20:03:20.3896305Z","Action":"output","Package":"github.com/snissn/gomap/TreeDB/caching","Test":"TestShouldRunVlogGenerationRewrite_TotalBytes","Output":"=== RUN   TestShouldRunVlogGenerationRewrite_TotalBytes\n"}
2026-10-06T20:03:20.4046954Z {"Time":"2026-10-06T20:03:20.3896305Z","Action":"output","Package":"github.com/snissn/gomap/TreeDB/caching","Test":"TestShouldRunVlogGenerationRewrite_TotalBytes","Output":"--- PASS: TestShouldRunVlogGenerationRewrite_TotalBytes (0.00s)\n"}
2026-10-06T20:03:20.4048614Z {"Time":"2026-10-06T20:03:20.3896305Z","Action":"pass","Package":"github.com/snissn/gomap/TreeDB/caching","Test":"TestShouldRunVlogGenerationRewrite_TotalBytes","Elapsed":0}
2026-10-06T20:03:20.4049905Z {"Time":"2026-10-06T20:03:20.3896305Z","Action":"run","Package":"github.com/snissn/gomap/TreeDB/caching","Test":"TestShouldRunVlogGenerationRewrite_NoTrigger"}
2026-10-06T20:03:20.4051443Z {"Time":"2026-10-06T20:03:20.3896305Z","Action":"output","Package":"github.com/snissn/gomap/TreeDB/caching","Test":"TestShouldRunVlogGenerationRewrite_NoTrigger","Output":"=== RUN   TestShouldRunVlogGenerationRewrite_NoTrigger\n"}
2026-10-06T20:03:20.4053330Z {"Time":"2026-10-06T20:03:20.3896305Z","Action":"output","Package":"github.com/snissn/gomap/TreeDB/caching","Test":"TestShouldRunVlogGenerationRewrite_NoTrigger","Output":"--- PASS: TestShouldRunVlogGenerationRewrite_NoTrigger (0.00s)\n"}
2026-10-06T20:03:20.4055132Z {"Time":"2026-10-06T20:03:20.3896305Z","Action":"pass","Package":"github.com/snissn/gomap/TreeDB/caching","Test":"TestShouldRunVlogGenerationRewrite_NoTrigger","Elapsed":0}
2026-10-06T20:03:20.4056779Z {"Time":"2026-10-06T20:03:20.3896305Z","Action":"run","Package":"github.com/snissn/gomap/TreeDB/caching","Test":"TestVlogGenerationRewriteQueueLiveBytesSnapshot_UsesLoadedLedger"}
2026-10-06T20:03:20.4058412Z {"Time":"2026-10-06T20:03:20.3896305Z","Action":"output","Package":"github.com/snissn/gomap/TreeDB/caching","Test":"TestVlogGenerationRewriteQueueLiveBytesSnapshot_UsesLoadedLedger","Output":"=== RUN   TestVlogGenerationRewriteQueueLiveBytesSnapshot_UsesLoadedLedger\n"}
2026-10-06T20:03:20.4060684Z {"Time":"2026-10-06T20:03:20.3896305Z","Action":"output","Package":"github.com/snissn/gomap/TreeDB/caching","Test":"TestVlogGenerationRewriteQueueLiveBytesSnapshot_UsesLoadedLedger","Output":"--- PASS: TestVlogGenerationRewriteQueueLiveBytesSnapshot_UsesLoadedLedger (0.00s)\n"}
2026-10-06T20:03:20.4062495Z {"Time":"2026-10-06T20:03:20.3896305Z","Action":"pass","Package":"github.com/snissn/gomap/TreeDB/caching","Test":"TestVlogGenerationRewriteQueueLiveBytesSnapshot_UsesLoadedLedger","Elapsed":0}
2026-10-06T20:03:20.4063787Z {"Time":"2026-10-06T20:03:20.3896305Z","Action":"run","Package":"github.com/snissn/gomap/TreeDB/caching","Test":"TestConsumeVlogGenerationRewriteQueueChunk_RebuildsLedgerByFileID"}
2026-10-06T20:03:20.4065387Z {"Time":"2026-10-06T20:03:20.3896305Z","Action":"output","Package":"github.com/snissn/gomap/TreeDB/caching","Test":"TestConsumeVlogGenerationRewriteQueueChunk_RebuildsLedgerByFileID","Output":"=== RUN   TestConsumeVlogGenerationRewriteQueueChunk_RebuildsLedgerByFileID\n"}
2026-10-06T20:03:20.4067369Z {"Time":"2026-10-06T20:03:20.3896305Z","Action":"output","Package":"github.com/snissn/gomap/TreeDB/caching","Test":"TestConsumeVlogGenerationRewriteQueueChunk_RebuildsLedgerByFileID","Output":"--- PASS: TestConsumeVlogGenerationRewriteQueueChunk_RebuildsLedgerByFileID (0.00s)\n"}
2026-10-06T20:03:20.4069093Z {"Time":"2026-10-06T20:03:20.3896305Z","Action":"pass","Package":"github.com/snissn/gomap/TreeDB/caching","Test":"TestConsumeVlogGenerationRewriteQueueChunk_RebuildsLedgerByFileID","Elapsed":0}
2026-10-06T20:03:20.4070395Z {"Time":"2026-10-06T20:03:20.3901884Z","Action":"run","Package":"github.com/snissn/gomap/TreeDB/caching","Test":"TestObserveVlogGenerationRewritePlanOutcome_EmptyReasonBuckets"}
2026-10-06T20:03:20.4071984Z {"Time":"2026-10-06T20:03:20.3901884Z","Action":"output","Package":"github.com/snissn/gomap/TreeDB/caching","Test":"TestObserveVlogGenerationRewritePlanOutcome_EmptyReasonBuckets","Output":"=== RUN   TestObserveVlogGenerationRewritePlanOutcome_EmptyReasonBuckets\n"}
2026-10-06T20:03:20.4073933Z {"Time":"2026-10-06T20:03:20.3901884Z","Action":"output","Package":"github.com/snissn/gomap/TreeDB/caching","Test":"TestObserveVlogGenerationRewritePlanOutcome_EmptyReasonBuckets","Output":"--- PASS: TestObserveVlogGenerationRewritePlanOutcome_EmptyReasonBuckets (0.00s)\n"}
2026-10-06T20:03:20.4075920Z {"Time":"2026-10-06T20:03:20.3901884Z","Action":"pass","Package":"github.com/snissn/gomap/TreeDB/caching","Test":"TestObserveVlogGenerationRewritePlanOutcome_EmptyReasonBuckets","Elapsed":0}
2026-10-06T20:03:20.4077640Z {"Time":"2026-10-06T20:03:20.3901884Z","Action":"run","Package":"github.com/snissn/gomap/TreeDB/caching","Test":"TestObserveVlogGenerationRewriteDeadlineCountersByQueueState"}
2026-10-06T20:03:20.4079277Z {"Time":"2026-10-06T20:03:20.3901884Z","Action":"output","Package":"github.com/snissn/gomap/TreeDB/caching","Test":"TestObserveVlogGenerationRewriteDeadlineCountersByQueueState","Output":"=== RUN   TestObserveVlogGenerationRewriteDeadlineCountersByQueueState\n"}
2026-10-06T20:03:20.4081247Z {"Time":"2026-10-06T20:03:20.3901884Z","Action":"output","Package":"github.com/snissn/gomap/TreeDB/caching","Test":"TestObserveVlogGenerationRewriteDeadlineCountersByQueueState","Output":"--- PASS: TestObserveVlogGenerationRewriteDeadlineCountersByQueueState (0.00s)\n"}
2026-10-06T20:03:20.4082908Z {"Time":"2026-10-06T20:03:20.3901884Z","Action":"pass","Package":"github.com/snissn/gomap/TreeDB/caching","Test":"TestObserveVlogGenerationRewriteDeadlineCountersByQueueState","Elapsed":0}
2026-10-06T20:03:20.4084204Z {"Time":"2026-10-06T20:03:20.3901884Z","Action":"run","Package":"github.com/snissn/gomap/TreeDB/caching","Test":"TestSetMaintenancePhase_WALOnSteadyDoesNotArmSchedulerWhileClosing"}
2026-10-06T20:03:20.4085848Z {"Time":"2026-10-06T20:03:20.3901884Z","Action":"output","Package":"github.com/snissn/gomap/TreeDB/caching","Test":"TestSetMaintenancePhase_WALOnSteadyDoesNotArmSchedulerWhileClosing","Output":"=== RUN   TestSetMaintenancePhase_WALOnSteadyDoesNotArmSchedulerWhileClosing\n"}
2026-10-06T20:03:20.4662757Z {"Time":"2026-10-06T20:03:20.4581126Z","Action":"output","Package":"github.com/snissn/gomap/TreeDB/caching","Test":"TestSetMaintenancePhase_WALOnSteadyDoesNotArmSchedulerWhileClosing","Output":"--- PASS: TestSetMaintenancePhase_WALOnSteadyDoesNotArmSchedulerWhileClosing (0.07s)\n"}
2026-10-06T20:03:20.4664616Z {"Time":"2026-10-06T20:03:20.4581126Z","Action":"pass","Package":"github.com/snissn/gomap/TreeDB/caching","Test":"TestSetMaintenancePhase_WALOnSteadyDoesNotArmSchedulerWhileClosing","Elapsed":0.07}
2026-10-06T20:03:20.4665965Z {"Time":"2026-10-06T20:03:20.4581126Z","Action":"run","Package":"github.com/snissn/gomap/TreeDB/caching","Test":"TestDeferredVectorBuildVlogMaintenanceBeginWaitsForAdmittedPass"}
2026-10-06T20:03:20.4668122Z {"Time":"2026-10-06T20:03:20.4581126Z","Action":"output","Package":"github.com/snissn/gomap/TreeDB/caching","Test":"TestDeferredVectorBuildVlogMaintenanceBeginWaitsForAdmittedPass","Output":"=== RUN   TestDeferredVectorBuildVlogMaintenanceBeginWaitsForAdmittedPass\n"}
2026-10-06T20:03:20.4817694Z {"Time":"2026-10-06T20:03:20.478367Z","Action":"output","Package":"github.com/snissn/gomap/TreeDB/caching","Test":"TestDeferredVectorBuildVlogMaintenanceBeginWaitsForAdmittedPass","Output":"--- PASS: TestDeferredVectorBuildVlogMaintenanceBeginWaitsForAdmittedPass (0.02s)\n"}
2026-10-06T20:03:20.4819505Z {"Time":"2026-10-06T20:03:20.478367Z","Action":"pass","Package":"github.com/snissn/gomap/TreeDB/caching","Test":"TestDeferredVectorBuildVlogMaintenanceBeginWaitsForAdmittedPass","Elapsed":0.02}
2026-10-06T20:03:20.4820898Z {"Time":"2026-10-06T20:03:20.478367Z","Action":"run","Package":"github.com/snissn/gomap/TreeDB/caching","Test":"TestDeferredVectorBuildVlogMaintenanceFinalizeRetainsAdministrativeDebt"}
2026-10-06T20:03:20.4822670Z {"Time":"2026-10-06T20:03:20.478367Z","Action":"output","Package":"github.com/snissn/gomap/TreeDB/caching","Test":"TestDeferredVectorBuildVlogMaintenanceFinalizeRetainsAdministrativeDebt","Output":"=== RUN   TestDeferredVectorBuildVlogMaintenanceFinalizeRetainsAdministrativeDebt\n"}
2026-10-06T20:03:20.4824473Z {"Time":"2026-10-06T20:03:20.478367Z","Action":"run","Package":"github.com/snissn/gomap/TreeDB/caching","Test":"TestDeferredVectorBuildVlogMaintenanceFinalizeRetainsAdministrativeDebt/pause_file"}
2026-10-06T20:03:20.4826360Z {"Time":"2026-10-06T20:03:20.478367Z","Action":"output","Package":"github.com/snissn/gomap/TreeDB/caching","Test":"TestDeferredVectorBuildVlogMaintenanceFinalizeRetainsAdministrativeDebt/pause_file","Output":"=== RUN   TestDeferredVectorBuildVlogMaintenanceFinalizeRetainsAdministrativeDebt/pause_file\n"}
2026-10-06T20:03:20.4828733Z {"Time":"2026-10-06T20:03:20.4801229Z","Action":"output","Package":"github.com/snissn/gomap/TreeDB/caching","Test":"TestDeferredVectorBuildVlogMaintenanceFinalizeRetainsAdministrativeDebt/pause_file","Output":"--- PASS: TestDeferredVectorBuildVlogMaintenanceFinalizeRetainsAdministrativeDebt/pause_file (0.00s)\n"}
2026-10-06T20:03:20.4830702Z {"Time":"2026-10-06T20:03:20.4801229Z","Action":"pass","Package":"github.com/snissn/gomap/TreeDB/caching","Test":"TestDeferredVectorBuildVlogMaintenanceFinalizeRetainsAdministrativeDebt/pause_file","Elapsed":0}
2026-10-06T20:03:20.4832199Z {"Time":"2026-10-06T20:03:20.4801229Z","Action":"run","Package":"github.com/snissn/gomap/TreeDB/caching","Test":"TestDeferredVectorBuildVlogMaintenanceFinalizeRetainsAdministrativeDebt/restore_phase"}
2026-10-06T20:03:20.4834125Z {"Time":"2026-10-06T20:03:20.4801229Z","Action":"output","Package":"github.com/snissn/gomap/TreeDB/caching","Test":"TestDeferredVectorBuildVlogMaintenanceFinalizeRetainsAdministrativeDebt/restore_phase","Output":"=== RUN   TestDeferredVectorBuildVlogMaintenanceFinalizeRetainsAdministrativeDebt/restore_phase\n"}
2026-10-06T20:03:20.4837363Z {"Time":"2026-10-06T20:03:20.4801229Z","Action":"output","Package":"github.com/snissn/gomap/TreeDB/caching","Test":"TestDeferredVectorBuildVlogMaintenanceFinalizeRetainsAdministrativeDebt/restore_phase","Output":"--- PASS: TestDeferredVectorBuildVlogMaintenanceFinalizeRetainsAdministrativeDebt/restore_phase (0.00s)\n"}
2026-10-06T20:03:20.4839922Z {"Time":"2026-10-06T20:03:20.4801229Z","Action":"pass","Package":"github.com/snissn/gomap/TreeDB/caching","Test":"TestDeferredVectorBuildVlogMaintenanceFinalizeRetainsAdministrativeDebt/restore_phase","Elapsed":0}
2026-10-06T20:03:20.4842070Z {"Time":"2026-10-06T20:03:20.4801229Z","Action":"output","Package":"github.com/snissn/gomap/TreeDB/caching","Test":"TestDeferredVectorBuildVlogMaintenanceFinalizeRetainsAdministrativeDebt","Output":"--- PASS: TestDeferredVectorBuildVlogMaintenanceFinalizeRetainsAdministrativeDebt (0.00s)\n"}
2026-10-06T20:03:20.4843907Z {"Time":"2026-10-06T20:03:20.4801229Z","Action":"pass","Package":"github.com/snissn/gomap/TreeDB/caching","Test":"TestDeferredVectorBuildVlogMaintenanceFinalizeRetainsAdministrativeDebt","Elapsed":0}
2026-10-06T20:03:20.4845206Z {"Time":"2026-10-06T20:03:20.480855Z","Action":"run","Package":"github.com/snissn/gomap/TreeDB/caching","Test":"TestShouldRunVlogGenerationIndexVacuum_TracksSkipReasons"}
2026-10-06T20:03:20.4846697Z {"Time":"2026-10-06T20:03:20.480855Z","Action":"output","Package":"github.com/snissn/gomap/TreeDB/caching","Test":"TestShouldRunVlogGenerationIndexVacuum_TracksSkipReasons","Output":"=== RUN   TestShouldRunVlogGenerationIndexVacuum_TracksSkipReasons\n"}
2026-10-06T20:03:20.4848510Z {"Time":"2026-10-06T20:03:20.480855Z","Action":"output","Package":"github.com/snissn/gomap/TreeDB/caching","Test":"TestShouldRunVlogGenerationIndexVacuum_TracksSkipReasons","Output":"--- PASS: TestShouldRunVlogGenerationIndexVacuum_TracksSkipReasons (0.00s)\n"}
2026-10-06T20:03:20.4850042Z {"Time":"2026-10-06T20:03:20.480855Z","Action":"pass","Package":"github.com/snissn/gomap/TreeDB/caching","Test":"TestShouldRunVlogGenerationIndexVacuum_TracksSkipReasons","Elapsed":0}
2026-10-06T20:03:20.4851310Z {"Time":"2026-10-06T20:03:20.480855Z","Action":"run","Package":"github.com/snissn/gomap/TreeDB/caching","Test":"TestRunVlogGenerationMaintenanceRetries_CoalescesPendingCollisionRetries"}
2026-10-06T20:03:20.4853008Z {"Time":"2026-10-06T20:03:20.480855Z","Action":"output","Package":"github.com/snissn/gomap/TreeDB/caching","Test":"TestRunVlogGenerationMaintenanceRetries_CoalescesPendingCollisionRetries","Output":"=== RUN   TestRunVlogGenerationMaintenanceRetries_CoalescesPendingCollisionRetries\n"}
2026-10-06T20:03:20.5750385Z {"Time":"2026-10-06T20:03:20.5717429Z","Action":"output","Package":"github.com/snissn/gomap/TreeDB/caching","Test":"TestRunVlogGenerationMaintenanceRetries_CoalescesPendingCollisionRetries","Output":"--- PASS: TestRunVlogGenerationMaintenanceRetries_CoalescesPendingCollisionRetries (0.09s)\n"}
2026-10-06T20:03:20.5753076Z {"Time":"2026-10-06T20:03:20.5717429Z","Action":"pass","Package":"github.com/snissn/gomap/TreeDB/caching","Test":"TestRunVlogGenerationMaintenanceRetries_CoalescesPendingCollisionRetries","Elapsed":0.09}
2026-10-06T20:03:20.5754791Z {"Time":"2026-10-06T20:03:20.5717429Z","Action":"run","Package":"github.com/snissn/gomap/TreeDB/caching","Test":"TestVlogGenerationRewriteMinStaleRatioForGenericPass_PreservesHigherConfiguredRatio"}
2026-10-06T20:03:20.5757050Z {"Time":"2026-10-06T20:03:20.5717429Z","Action":"output","Package":"github.com/snissn/gomap/TreeDB/caching","Test":"TestVlogGenerationRewriteMinStaleRatioForGenericPass_PreservesHigherConfiguredRatio","Output":"=== RUN   TestVlogGenerationRewriteMinStaleRatioForGenericPass_PreservesHigherConfiguredRatio\n"}
2026-10-06T20:03:20.5761056Z {"Time":"2026-10-06T20:03:20.5717429Z","Action":"output","Package":"github.com/snissn/gomap/TreeDB/caching","Test":"TestVlogGenerationRewriteMinStaleRatioForGenericPass_PreservesHigherConfiguredRatio","Output":"--- PASS: TestVlogGenerationRewriteMinStaleRatioForGenericPass_PreservesHigherConfiguredRatio (0.00s)\n"}
2026-10-06T20:03:20.5763346Z {"Time":"2026-10-06T20:03:20.5717429Z","Action":"pass","Package":"github.com/snissn/gomap/TreeDB/caching","Test":"TestVlogGenerationRewriteMinStaleRatioForGenericPass_PreservesHigherConfiguredRatio","Elapsed":0}
2026-10-06T20:03:20.5765374Z {"Time":"2026-10-06T20:03:20.5717429Z","Action":"run","Package":"github.com/snissn/gomap/TreeDB/caching","Test":"TestVlogGenerationRewriteMinStaleRatioForQueuedDebt_UsesGenericFloorForTotalBytes"}
2026-10-06T20:03:20.5767460Z {"Time":"2026-10-06T20:03:20.5717429Z","Action":"output","Package":"github.com/snissn/gomap/TreeDB/caching","Test":"TestVlogGenerationRewriteMinStaleRatioForQueuedDebt_UsesGenericFloorForTotalBytes","Output":"=== RUN   TestVlogGenerationRewriteMinStaleRatioForQueuedDebt_UsesGenericFloorForTotalBytes\n"}
2026-10-06T20:03:20.5770256Z {"Time":"2026-10-06T20:03:20.5723854Z","Action":"output","Package":"github.com/snissn/gomap/TreeDB/caching","Test":"TestVlogGenerationRewriteMinStaleRatioForQueuedDebt_UsesGenericFloorForTotalBytes","Output":"--- PASS: TestVlogGenerationRewriteMinStaleRatioForQueuedDebt_UsesGenericFloorForTotalBytes (0.00s)\n"}
2026-10-06T20:03:20.5772382Z {"Time":"2026-10-06T20:03:20.5723854Z","Action":"pass","Package":"github.com/snissn/gomap/TreeDB/caching","Test":"TestVlogGenerationRewriteMinStaleRatioForQueuedDebt_UsesGenericFloorForTotalBytes","Elapsed":0}
2026-10-06T20:03:20.5773882Z {"Time":"2026-10-06T20:03:20.5723854Z","Action":"run","Package":"github.com/snissn/gomap/TreeDB/caching","Test":"TestVlogGenerationRewriteMinStaleRatioForStaleRatioTrigger_UsesHigherConfiguredRatio"}
2026-10-06T20:03:20.5776226Z {"Time":"2026-10-06T20:03:20.5723854Z","Action":"output","Package":"github.com/snissn/gomap/TreeDB/caching","Test":"TestVlogGenerationRewriteMinStaleRatioForStaleRatioTrigger_UsesHigherConfiguredRatio","Output":"=== RUN   TestVlogGenerationRewriteMinStaleRatioForStaleRatioTrigger_UsesHigherConfiguredRatio\n"}
2026-10-06T20:03:20.5778661Z {"Time":"2026-10-06T20:03:20.5723854Z","Action":"output","Package":"github.com/snissn/gomap/TreeDB/caching","Test":"TestVlogGenerationRewriteMinStaleRatioForStaleRatioTrigger_UsesHigherConfiguredRatio","Output":"--- PASS: TestVlogGenerationRewriteMinStaleRatioForStaleRatioTrigger_UsesHigherConfiguredRatio (0.00s)\n"}
2026-10-06T20:03:20.5781110Z {"Time":"2026-10-06T20:03:20.5723854Z","Action":"pass","Package":"github.com/snissn/gomap/TreeDB/caching","Test":"TestVlogGenerationRewriteMinStaleRatioForStaleRatioTrigger_UsesHigherConfiguredRatio","Elapsed":0}
2026-10-06T20:03:20.5782455Z {"Time":"2026-10-06T20:03:20.5723854Z","Action":"run","Package":"github.com/snissn/gomap/TreeDB/caching","Test":"TestShouldRunVlogGenerationGC_ReclaimableBytes"}
2026-10-06T20:03:20.5783821Z {"Time":"2026-10-06T20:03:20.5723854Z","Action":"output","Package":"github.com/snissn/gomap/TreeDB/caching","Test":"TestShouldRunVlogGenerationGC_ReclaimableBytes","Output":"=== RUN   TestShouldRunVlogGenerationGC_ReclaimableBytes\n"}
2026-10-06T20:03:20.5785559Z {"Time":"2026-10-06T20:03:20.5723854Z","Action":"output","Package":"github.com/snissn/gomap/TreeDB/caching","Test":"TestShouldRunVlogGenerationGC_ReclaimableBytes","Output":"--- PASS: TestShouldRunVlogGenerationGC_ReclaimableBytes (0.00s)\n"}
2026-10-06T20:03:20.5787319Z {"Time":"2026-10-06T20:03:20.5723854Z","Action":"pass","Package":"github.com/snissn/gomap/TreeDB/caching","Test":"TestShouldRunVlogGenerationGC_ReclaimableBytes","Elapsed":0}
2026-10-06T20:03:20.5788486Z {"Time":"2026-10-06T20:03:20.5723854Z","Action":"run","Package":"github.com/snissn/gomap/TreeDB/caching","Test":"TestShouldRunVlogGenerationIndexVacuum_Threshold"}
2026-10-06T20:03:20.5789906Z {"Time":"2026-10-06T20:03:20.5723854Z","Action":"output","Package":"github.com/snissn/gomap/TreeDB/caching","Test":"TestShouldRunVlogGenerationIndexVacuum_Threshold","Output":"=== RUN   TestShouldRunVlogGenerationIndexVacuum_Threshold\n"}
2026-10-06T20:03:20.5792139Z {"Time":"2026-10-06T20:03:20.5723854Z","Action":"output","Package":"github.com/snissn/gomap/TreeDB/caching","Test":"TestShouldRunVlogGenerationIndexVacuum_Threshold","Output":"--- PASS: TestShouldRunVlogGenerationIndexVacuum_Threshold (0.00s)\n"}
2026-10-06T20:03:20.5793802Z {"Time":"2026-10-06T20:03:20.5723854Z","Action":"pass","Package":"github.com/snissn/gomap/TreeDB/caching","Test":"TestShouldRunVlogGenerationIndexVacuum_Threshold","Elapsed":0}
2026-10-06T20:03:20.5795097Z {"Time":"2026-10-06T20:03:20.5723854Z","Action":"run","Package":"github.com/snissn/gomap/TreeDB/caching","Test":"TestVlogGenerationRewriteBudgetCapEnforcedOnLargeElapsed"}
2026-10-06T20:03:20.5796910Z {"Time":"2026-10-06T20:03:20.5723854Z","Action":"output","Package":"github.com/snissn/gomap/TreeDB/caching","Test":"TestVlogGenerationRewriteBudgetCapEnforcedOnLargeElapsed","Output":"=== RUN   TestVlogGenerationRewriteBudgetCapEnforcedOnLargeElapsed\n"}
2026-10-06T20:03:20.5799114Z {"Time":"2026-10-06T20:03:20.5723854Z","Action":"output","Package":"github.com/snissn/gomap/TreeDB/caching","Test":"TestVlogGenerationRewriteBudgetCapEnforcedOnLargeElapsed","Output":"--- PASS: TestVlogGenerationRewriteBudgetCapEnforcedOnLargeElapsed (0.00s)\n"}
2026-10-06T20:03:20.5800727Z {"Time":"2026-10-06T20:03:20.5729601Z","Action":"pass","Package":"github.com/snissn/gomap/TreeDB/caching","Test":"TestVlogGenerationRewriteBudgetCapEnforcedOnLargeElapsed","Elapsed":0}
2026-10-06T20:03:20.5801874Z {"Time":"2026-10-06T20:03:20.5729601Z","Action":"run","Package":"github.com/snissn/gomap/TreeDB/caching","Test":"TestAddClampInt64_SaturatesAndClamps"}
2026-10-06T20:03:20.5803551Z {"Time":"2026-10-06T20:03:20.5729601Z","Action":"output","Package":"github.com/snissn/gomap/TreeDB/caching","Test":"TestAddClampInt64_SaturatesAndClamps","Output":"=== RUN   TestAddClampInt64_SaturatesAndClamps\n"}
2026-10-06T20:03:20.5805015Z {"Time":"2026-10-06T20:03:20.5729601Z","Action":"output","Package":"github.com/snissn/gomap/TreeDB/caching","Test":"TestAddClampInt64_SaturatesAndClamps","Output":"--- PASS: TestAddClampInt64_SaturatesAndClamps (0.00s)\n"}
2026-10-06T20:03:20.5806288Z {"Time":"2026-10-06T20:03:20.5729601Z","Action":"pass","Package":"github.com/snissn/gomap/TreeDB/caching","Test":"TestAddClampInt64_SaturatesAndClamps","Elapsed":0}
2026-10-06T20:03:20.5807374Z {"Time":"2026-10-06T20:03:20.5729601Z","Action":"run","Package":"github.com/snissn/gomap/TreeDB/caching","Test":"TestVlogGenerationRewriteSegmentCapForRun_Limiter"}
2026-10-06T20:03:20.5809193Z {"Time":"2026-10-06T20:03:20.5729601Z","Action":"output","Package":"github.com/snissn/gomap/TreeDB/caching","Test":"TestVlogGenerationRewriteSegmentCapForRun_Limiter","Output":"=== RUN   TestVlogGenerationRewriteSegmentCapForRun_Limiter\n"}
2026-10-06T20:03:20.5810925Z {"Time":"2026-10-06T20:03:20.5729601Z","Action":"output","Package":"github.com/snissn/gomap/TreeDB/caching","Test":"TestVlogGenerationRewriteSegmentCapForRun_Limiter","Output":"--- PASS: TestVlogGenerationRewriteSegmentCapForRun_Limiter (0.00s)\n"}
2026-10-06T20:03:20.5812568Z {"Time":"2026-10-06T20:03:20.5729601Z","Action":"pass","Package":"github.com/snissn/gomap/TreeDB/caching","Test":"TestVlogGenerationRewriteSegmentCapForRun_Limiter","Elapsed":0}
2026-10-06T20:03:20.5814147Z {"Time":"2026-10-06T20:03:20.5729601Z","Action":"run","Package":"github.com/snissn/gomap/TreeDB/caching","Test":"TestVlogGenerationObserveRewriteSegmentCapDecision"}
2026-10-06T20:03:20.5815733Z {"Time":"2026-10-06T20:03:20.5729601Z","Action":"output","Package":"github.com/snissn/gomap/TreeDB/caching","Test":"TestVlogGenerationObserveRewriteSegmentCapDecision","Output":"=== RUN   TestVlogGenerationObserveRewriteSegmentCapDecision\n"}
2026-10-06T20:03:20.5818774Z {"Time":"2026-10-06T20:03:20.5729601Z","Action":"output","Package":"github.com/snissn/gomap/TreeDB/caching","Test":"TestVlogGenerationObserveRewriteSegmentCapDecision","Output":"--- PASS: TestVlogGenerationObserveRewriteSegmentCapDecision (0.00s)\n"}
2026-10-06T20:03:20.5820835Z {"Time":"2026-10-06T20:03:20.5729601Z","Action":"pass","Package":"github.com/snissn/gomap/TreeDB/caching","Test":"TestVlogGenerationObserveRewriteSegmentCapDecision","Elapsed":0}
2026-10-06T20:03:20.5822102Z {"Time":"2026-10-06T20:03:20.5733298Z","Action":"run","Package":"github.com/snissn/gomap/TreeDB/caching","Test":"TestVlogGenerationRewriteMaxSegmentsForFreshPlan_ClampsToFreshCap"}
2026-10-06T20:03:20.5824010Z {"Time":"2026-10-06T20:03:20.5733298Z","Action":"output","Package":"github.com/snissn/gomap/TreeDB/caching","Test":"TestVlogGenerationRewriteMaxSegmentsForFreshPlan_ClampsToFreshCap","Output":"=== RUN   TestVlogGenerationRewriteMaxSegmentsForFreshPlan_ClampsToFreshCap\n"}
2026-10-06T20:03:20.5826519Z {"Time":"2026-10-06T20:03:20.5733298Z","Action":"output","Package":"github.com/snissn/gomap/TreeDB/caching","Test":"TestVlogGenerationRewriteMaxSegmentsForFreshPlan_ClampsToFreshCap","Output":"--- PASS: TestVlogGenerationRewriteMaxSegmentsForFreshPlan_ClampsToFreshCap (0.00s)\n"}
2026-10-06T20:03:20.5828218Z {"Time":"2026-10-06T20:03:20.5733298Z","Action":"pass","Package":"github.com/snissn/gomap/TreeDB/caching","Test":"TestVlogGenerationRewriteMaxSegmentsForFreshPlan_ClampsToFreshCap","Elapsed":0}
2026-10-06T20:03:20.5829459Z {"Time":"2026-10-06T20:03:20.5733298Z","Action":"run","Package":"github.com/snissn/gomap/TreeDB/caching","Test":"TestLeafGenerationPackMaintenance_RequiresExplicitEnv"}
2026-10-06T20:03:20.5831502Z {"Time":"2026-10-06T20:03:20.5733298Z","Action":"output","Package":"github.com/snissn/gomap/TreeDB/caching","Test":"TestLeafGenerationPackMaintenance_RequiresExplicitEnv","Output":"=== RUN   TestLeafGenerationPackMaintenance_RequiresExplicitEnv\n"}
2026-10-06T20:03:20.6682157Z {"Time":"2026-10-06T20:03:20.6570814Z","Action":"output","Package":"github.com/snissn/gomap/TreeDB/caching","Test":"TestLeafGenerationPackMaintenance_RequiresExplicitEnv","Output":"--- PASS: TestLeafGenerationPackMaintenance_RequiresExplicitEnv (0.08s)\n"}
2026-10-06T20:03:20.6684257Z {"Time":"2026-10-06T20:03:20.6576103Z","Action":"pass","Package":"github.com/snissn/gomap/TreeDB/caching","Test":"TestLeafGenerationPackMaintenance_RequiresExplicitEnv","Elapsed":0.08}
2026-10-06T20:03:20.6685718Z {"Time":"2026-10-06T20:03:20.6576103Z","Action":"run","Package":"github.com/snissn/gomap/TreeDB/caching","Test":"TestLeafGenerationPackMaintenance_PassesReserveRIDs"}
2026-10-06T20:03:20.6687225Z {"Time":"2026-10-06T20:03:20.6576103Z","Action":"output","Package":"github.com/snissn/gomap/TreeDB/caching","Test":"TestLeafGenerationPackMaintenance_PassesReserveRIDs","Output":"=== RUN   TestLeafGenerationPackMaintenance_PassesReserveRIDs\n"}
2026-10-06T20:03:20.7456357Z {"Time":"2026-10-06T20:03:20.7422968Z","Action":"output","Package":"github.com/snissn/gomap/TreeDB/caching","Test":"TestLeafGenerationPackMaintenance_PassesReserveRIDs","Output":"--- PASS: TestLeafGenerationPackMaintenance_PassesReserveRIDs (0.08s)\n"}
2026-10-06T20:03:20.7458691Z {"Time":"2026-10-06T20:03:20.7422968Z","Action":"pass","Package":"github.com/snissn/gomap/TreeDB/caching","Test":"TestLeafGenerationPackMaintenance_PassesReserveRIDs","Elapsed":0.08}
2026-10-06T20:03:20.7460240Z {"Time":"2026-10-06T20:03:20.7422968Z","Action":"run","Package":"github.com/snissn/gomap/TreeDB/caching","Test":"TestLeafGenerationPackMaintenance_StopsAfterLowYieldWindow"}
2026-10-06T20:03:20.7462167Z {"Time":"2026-10-06T20:03:20.7422968Z","Action":"output","Package":"github.com/snissn/gomap/TreeDB/caching","Test":"TestLeafGenerationPackMaintenance_StopsAfterLowYieldWindow","Output":"=== RUN   TestLeafGenerationPackMaintenance_StopsAfterLowYieldWindow\n"}
2026-10-06T20:03:20.8396456Z {"Time":"2026-10-06T20:03:20.8280319Z","Action":"output","Package":"github.com/snissn/gomap/TreeDB/caching","Test":"TestLeafGenerationPackMaintenance_StopsAfterLowYieldWindow","Output":"--- PASS: TestLeafGenerationPackMaintenance_StopsAfterLowYieldWindow (0.09s)\n"}
2026-10-06T20:03:20.8398301Z {"Time":"2026-10-06T20:03:20.8280319Z","Action":"pass","Package":"github.com/snissn/gomap/TreeDB/caching","Test":"TestLeafGenerationPackMaintenance_StopsAfterLowYieldWindow","Elapsed":0.09}
2026-10-06T20:03:20.8399698Z {"Time":"2026-10-06T20:03:20.8280319Z","Action":"run","Package":"github.com/snissn/gomap/TreeDB/caching","Test":"TestVlogGenerationRewritePlanContext_BudgetsPeriodicFreshPlans"}
2026-10-06T20:03:20.8402301Z {"Time":"2026-10-06T20:03:20.8280319Z","Action":"output","Package":"github.com/snissn/gomap/TreeDB/caching","Test":"TestVlogGenerationRewritePlanContext_BudgetsPeriodicFreshPlans","Output":"=== RUN   TestVlogGenerationRewritePlanContext_BudgetsPeriodicFreshPlans\n"}
2026-10-06T20:03:20.8404845Z {"Time":"2026-10-06T20:03:20.8280319Z","Action":"output","Package":"github.com/snissn/gomap/TreeDB/caching","Test":"TestVlogGenerationRewritePlanContext_BudgetsPeriodicFreshPlans","Output":"--- PASS: TestVlogGenerationRewritePlanContext_BudgetsPeriodicFreshPlans (0.00s)\n"}
2026-10-06T20:03:20.8406596Z {"Time":"2026-10-06T20:03:20.8280319Z","Action":"pass","Package":"github.com/snissn/gomap/TreeDB/caching","Test":"TestVlogGenerationRewritePlanContext_BudgetsPeriodicFreshPlans","Elapsed":0}
2026-10-06T20:03:20.8408019Z {"Time":"2026-10-06T20:03:20.8280319Z","Action":"run","Package":"github.com/snissn/gomap/TreeDB/caching","Test":"TestVlogGenerationMaintenance_PeriodicPassRunsLeafPackUnderSteadyForegroundActivity"}
2026-10-06T20:03:20.8409969Z {"Time":"2026-10-06T20:03:20.8280319Z","Action":"output","Package":"github.com/snissn/gomap/TreeDB/caching","Test":"TestVlogGenerationMaintenance_PeriodicPassRunsLeafPackUnderSteadyForegroundActivity","Output":"=== RUN   TestVlogGenerationMaintenance_PeriodicPassRunsLeafPackUnderSteadyForegroundActivity\n"}
2026-10-06T20:03:20.9320385Z {"Time":"2026-10-06T20:03:20.9176933Z","Action":"output","Package":"github.com/snissn/gomap/TreeDB/caching","Test":"TestVlogGenerationMaintenance_PeriodicPassRunsLeafPackUnderSteadyForegroundActivity","Output":"--- PASS: TestVlogGenerationMaintenance_PeriodicPassRunsLeafPackUnderSteadyForegroundActivity (0.09s)\n"}
2026-10-06T20:03:20.9322668Z {"Time":"2026-10-06T20:03:20.9176933Z","Action":"pass","Package":"github.com/snissn/gomap/TreeDB/caching","Test":"TestVlogGenerationMaintenance_PeriodicPassRunsLeafPackUnderSteadyForegroundActivity","Elapsed":0.09}
2026-10-06T20:03:20.9324350Z {"Time":"2026-10-06T20:03:20.9176933Z","Action":"run","Package":"github.com/snissn/gomap/TreeDB/caching","Test":"TestVlogGenerationMaintenance_PeriodicLeafPackDoesNotBlockOnScheduledRetainedPruneQuietWait"}
2026-10-06T20:03:20.9326569Z {"Time":"2026-10-06T20:03:20.9176933Z","Action":"output","Package":"github.com/snissn/gomap/TreeDB/caching","Test":"TestVlogGenerationMaintenance_PeriodicLeafPackDoesNotBlockOnScheduledRetainedPruneQuietWait","Output":"=== RUN   TestVlogGenerationMaintenance_PeriodicLeafPackDoesNotBlockOnScheduledRetainedPruneQuietWait\n"}
2026-10-06T20:03:21.1189731Z {"Time":"2026-10-06T20:03:21.1067897Z","Action":"output","Package":"github.com/snissn/gomap/TreeDB/caching","Test":"TestVlogGenerationMaintenance_PeriodicLeafPackDoesNotBlockOnScheduledRetainedPruneQuietWait","Output":"--- PASS: TestVlogGenerationMaintenance_PeriodicLeafPackDoesNotBlockOnScheduledRetainedPruneQuietWait (0.19s)\n"}
2026-10-06T20:03:21.1192072Z {"Time":"2026-10-06T20:03:21.1067897Z","Action":"pass","Package":"github.com/snissn/gomap/TreeDB/caching","Test":"TestVlogGenerationMaintenance_PeriodicLeafPackDoesNotBlockOnScheduledRetainedPruneQuietWait","Elapsed":0.19}
2026-10-06T20:03:21.1193644Z {"Time":"2026-10-06T20:03:21.1067897Z","Action":"run","Package":"github.com/snissn/gomap/TreeDB/caching","Test":"TestVlogGenerationMaintenance_LeafPackDeadlineIsNotAnError"}
2026-10-06T20:03:21.1195333Z {"Time":"2026-10-06T20:03:21.1067897Z","Action":"output","Package":"github.com/snissn/gomap/TreeDB/caching","Test":"TestVlogGenerationMaintenance_LeafPackDeadlineIsNotAnError","Output":"=== RUN   TestVlogGenerationMaintenance_LeafPackDeadlineIsNotAnError\n"}
2026-10-06T20:03:22.2018474Z {"Time":"2026-10-06T20:03:22.1961363Z","Action":"output","Package":"github.com/snissn/gomap/TreeDB/caching","Test":"TestVlogGenerationMaintenance_LeafPackDeadlineIsNotAnError","Output":"--- PASS: TestVlogGenerationMaintenance_LeafPackDeadlineIsNotAnError (1.09s)\n"}
2026-10-06T20:03:22.2020434Z {"Time":"2026-10-06T20:03:22.1961363Z","Action":"pass","Package":"github.com/snissn/gomap/TreeDB/caching","Test":"TestVlogGenerationMaintenance_LeafPackDeadlineIsNotAnError","Elapsed":1.09}
2026-10-06T20:03:22.2022755Z {"Time":"2026-10-06T20:03:22.1961363Z","Action":"run","Package":"github.com/snissn/gomap/TreeDB/caching","Test":"TestVlogGenerationMaintenance_LeafPackCloseCanceledIsNotAnError"}
2026-10-06T20:03:22.2024808Z {"Time":"2026-10-06T20:03:22.1961363Z","Action":"output","Package":"github.com/snissn/gomap/TreeDB/caching","Test":"TestVlogGenerationMaintenance_LeafPackCloseCanceledIsNotAnError","Output":"=== RUN   TestVlogGenerationMaintenance_LeafPackCloseCanceledIsNotAnError\n"}
2026-10-06T20:03:22.2642181Z {"Time":"2026-10-06T20:03:22.2598029Z","Action":"output","Package":"github.com/snissn/gomap/TreeDB/caching","Test":"TestVlogGenerationMaintenance_LeafPackCloseCanceledIsNotAnError","Output":"--- PASS: TestVlogGenerationMaintenance_LeafPackCloseCanceledIsNotAnError (0.06s)\n"}
2026-10-06T20:03:22.2645024Z {"Time":"2026-10-06T20:03:22.2598029Z","Action":"pass","Package":"github.com/snissn/gomap/TreeDB/caching","Test":"TestVlogGenerationMaintenance_LeafPackCloseCanceledIsNotAnError","Elapsed":0.06}
2026-10-06T20:03:22.2646328Z {"Time":"2026-10-06T20:03:22.2598029Z","Action":"run","Package":"github.com/snissn/gomap/TreeDB/caching","Test":"TestVlogGenerationMaintenance_BypassQuietSkipsLeafPack"}
2026-10-06T20:03:22.2647823Z {"Time":"2026-10-06T20:03:22.2598029Z","Action":"output","Package":"github.com/snissn/gomap/TreeDB/caching","Test":"TestVlogGenerationMaintenance_BypassQuietSkipsLeafPack","Output":"=== RUN   TestVlogGenerationMaintenance_BypassQuietSkipsLeafPack\n"}
2026-10-06T20:03:22.3564102Z {"Time":"2026-10-06T20:03:22.3501584Z","Action":"output","Package":"github.com/snissn/gomap/TreeDB/caching","Test":"TestVlogGenerationMaintenance_BypassQuietSkipsLeafPack","Output":"--- PASS: TestVlogGenerationMaintenance_BypassQuietSkipsLeafPack (0.09s)\n"}
2026-10-06T20:03:22.3565761Z {"Time":"2026-10-06T20:03:22.3501584Z","Action":"pass","Package":"github.com/snissn/gomap/TreeDB/caching","Test":"TestVlogGenerationMaintenance_BypassQuietSkipsLeafPack","Elapsed":0.09}
2026-10-06T20:03:22.3567476Z {"Time":"2026-10-06T20:03:22.3501584Z","Action":"run","Package":"github.com/snissn/gomap/TreeDB/caching","Test":"TestVlogGenerationRewrite_ObservedSourceRetainedBlock_RunsSecondGC"}
2026-10-06T20:03:22.3569120Z {"Time":"2026-10-06T20:03:22.3501584Z","Action":"output","Package":"github.com/snissn/gomap/TreeDB/caching","Test":"TestVlogGenerationRewrite_ObservedSourceRetainedBlock_RunsSecondGC","Output":"=== RUN   TestVlogGenerationRewrite_ObservedSourceRetainedBlock_RunsSecondGC\n"}
2026-10-06T20:03:22.4646035Z {"Time":"2026-10-06T20:03:22.4538037Z","Action":"output","Package":"github.com/snissn/gomap/TreeDB/caching","Test":"TestVlogGenerationRewrite_ObservedSourceRetainedBlock_RunsSecondGC","Output":"--- PASS: TestVlogGenerationRewrite_ObservedSourceRetainedBlock_RunsSecondGC (0.10s)\n"}
2026-10-06T20:03:22.4647875Z {"Time":"2026-10-06T20:03:22.4538037Z","Action":"pass","Package":"github.com/snissn/gomap/TreeDB/caching","Test":"TestVlogGenerationRewrite_ObservedSourceRetainedBlock_RunsSecondGC","Elapsed":0.1}
2026-10-06T20:03:22.4650047Z {"Time":"2026-10-06T20:03:22.4538037Z","Action":"run","Package":"github.com/snissn/gomap/TreeDB/caching","Test":"TestVlogGenerationMaintenance_ObservedSourceGCCompletionClearsRetryState"}
2026-10-06T20:03:22.4651852Z {"Time":"2026-10-06T20:03:22.4538037Z","Action":"output","Package":"github.com/snissn/gomap/TreeDB/caching","Test":"TestVlogGenerationMaintenance_ObservedSourceGCCompletionClearsRetryState","Output":"=== RUN   TestVlogGenerationMaintenance_ObservedSourceGCCompletionClearsRetryState\n"}
2026-10-06T20:03:22.5586438Z {"Time":"2026-10-06T20:03:22.5516827Z","Action":"output","Package":"github.com/snissn/gomap/TreeDB/caching","Test":"TestVlogGenerationMaintenance_ObservedSourceGCCompletionClearsRetryState","Output":"--- PASS: TestVlogGenerationMaintenance_ObservedSourceGCCompletionClearsRetryState (0.10s)\n"}
2026-10-06T20:03:22.5588681Z {"Time":"2026-10-06T20:03:22.552758Z","Action":"pass","Package":"github.com/snissn/gomap/TreeDB/caching","Test":"TestVlogGenerationMaintenance_ObservedSourceGCCompletionClearsRetryState","Elapsed":0.1}
2026-10-06T20:03:22.5590832Z {"Time":"2026-10-06T20:03:22.552758Z","Action":"run","Package":"github.com/snissn/gomap/TreeDB/caching","Test":"TestVlogGenerationRewrite_FreshPlanExecIgnoresForegroundCancelUntilBoundedComplete"}
2026-10-06T20:03:22.5593358Z {"Time":"2026-10-06T20:03:22.552758Z","Action":"output","Package":"github.com/snissn/gomap/TreeDB/caching","Test":"TestVlogGenerationRewrite_FreshPlanExecIgnoresForegroundCancelUntilBoundedComplete","Output":"=== RUN   TestVlogGenerationRewrite_FreshPlanExecIgnoresForegroundCancelUntilBoundedComplete\n"}
2026-10-06T20:03:22.9198657Z {"Time":"2026-10-06T20:03:22.9074308Z","Action":"output","Package":"github.com/snissn/gomap/TreeDB/caching","Test":"TestVlogGenerationRewrite_FreshPlanExecIgnoresForegroundCancelUntilBoundedComplete","Output":"--- PASS: TestVlogGenerationRewrite_FreshPlanExecIgnoresForegroundCancelUntilBoundedComplete (0.35s)\n"}
2026-10-06T20:03:22.9201236Z {"Time":"2026-10-06T20:03:22.9074308Z","Action":"pass","Package":"github.com/snissn/gomap/TreeDB/caching","Test":"TestVlogGenerationRewrite_FreshPlanExecIgnoresForegroundCancelUntilBoundedComplete","Elapsed":0.35}
2026-10-06T20:03:22.9202731Z {"Time":"2026-10-06T20:03:22.9074308Z","Action":"run","Package":"github.com/snissn/gomap/TreeDB/caching","Test":"TestVlogGenerationMaintenance_DrainsPendingCheckpointKickAfterPass"}
2026-10-06T20:03:22.9204444Z {"Time":"2026-10-06T20:03:22.9074308Z","Action":"output","Package":"github.com/snissn/gomap/TreeDB/caching","Test":"TestVlogGenerationMaintenance_DrainsPendingCheckpointKickAfterPass","Output":"=== RUN   TestVlogGenerationMaintenance_DrainsPendingCheckpointKickAfterPass\n"}
2026-10-06T20:03:22.9206528Z {"Time":"2026-10-06T20:03:22.9079876Z","Action":"output","Package":"github.com/snissn/gomap/TreeDB/caching","Test":"TestVlogGenerationMaintenance_DrainsPendingCheckpointKickAfterPass","Output":"--- PASS: TestVlogGenerationMaintenance_DrainsPendingCheckpointKickAfterPass (0.00s)\n"}
2026-10-06T20:03:22.9208313Z {"Time":"2026-10-06T20:03:22.9079876Z","Action":"pass","Package":"github.com/snissn/gomap/TreeDB/caching","Test":"TestVlogGenerationMaintenance_DrainsPendingCheckpointKickAfterPass","Elapsed":0}
2026-10-06T20:03:22.9209734Z {"Time":"2026-10-06T20:03:22.9079876Z","Action":"run","Package":"github.com/snissn/gomap/TreeDB/caching","Test":"TestVlogGenerationMaintenance_ArmsDedicatedRewriteQueueSourceForExecutableDebt"}
2026-10-06T20:03:22.9211615Z {"Time":"2026-10-06T20:03:22.9079876Z","Action":"output","Package":"github.com/snissn/gomap/TreeDB/caching","Test":"TestVlogGenerationMaintenance_ArmsDedicatedRewriteQueueSourceForExecutableDebt","Output":"=== RUN   TestVlogGenerationMaintenance_ArmsDedicatedRewriteQueueSourceForExecutableDebt\n"}
2026-10-06T20:03:23.0150476Z {"Time":"2026-10-06T20:03:23.0117875Z","Action":"output","Package":"github.com/snissn/gomap/TreeDB/caching","Test":"TestVlogGenerationMaintenance_ArmsDedicatedRewriteQueueSourceForExecutableDebt","Output":"--- PASS: TestVlogGenerationMaintenance_ArmsDedicatedRewriteQueueSourceForExecutableDebt (0.10s)\n"}
2026-10-06T20:03:23.0152940Z {"Time":"2026-10-06T20:03:23.012091Z","Action":"pass","Package":"github.com/snissn/gomap/TreeDB/caching","Test":"TestVlogGenerationMaintenance_ArmsDedicatedRewriteQueueSourceForExecutableDebt","Elapsed":0.1}
2026-10-06T20:03:23.0154568Z {"Time":"2026-10-06T20:03:23.012091Z","Action":"run","Package":"github.com/snissn/gomap/TreeDB/caching","Test":"TestSchedulePendingVlogGenerationCheckpointKick_PrioritizesDueDeferredWake"}
2026-10-06T20:03:23.0156578Z {"Time":"2026-10-06T20:03:23.012091Z","Action":"output","Package":"github.com/snissn/gomap/TreeDB/caching","Test":"TestSchedulePendingVlogGenerationCheckpointKick_PrioritizesDueDeferredWake","Output":"=== RUN   TestSchedulePendingVlogGenerationCheckpointKick_PrioritizesDueDeferredWake\n"}
2026-10-06T20:03:23.1211180Z {"Time":"2026-10-06T20:03:23.1053127Z","Action":"output","Package":"github.com/snissn/gomap/TreeDB/caching","Test":"TestSchedulePendingVlogGenerationCheckpointKick_PrioritizesDueDeferredWake","Output":"--- PASS: TestSchedulePendingVlogGenerationCheckpointKick_PrioritizesDueDeferredWake (0.09s)\n"}
2026-10-06T20:03:23.1214077Z {"Time":"2026-10-06T20:03:23.1068736Z","Action":"pass","Package":"github.com/snissn/gomap/TreeDB/caching","Test":"TestSchedulePendingVlogGenerationCheckpointKick_PrioritizesDueDeferredWake","Elapsed":0.09}
2026-10-06T20:03:23.1215691Z {"Time":"2026-10-06T20:03:23.1068736Z","Action":"run","Package":"github.com/snissn/gomap/TreeDB/caching","Test":"TestVlogGenerationMaintenance_PeriodicPassReturnsDuringCheckpointing"}
2026-10-06T20:03:23.1217638Z {"Time":"2026-10-06T20:03:23.1068736Z","Action":"output","Package":"github.com/snissn/gomap/TreeDB/caching","Test":"TestVlogGenerationMaintenance_PeriodicPassReturnsDuringCheckpointing","Output":"=== RUN   TestVlogGenerationMaintenance_PeriodicPassReturnsDuringCheckpointing\n"}
2026-10-06T20:03:23.1983102Z {"Time":"2026-10-06T20:03:23.1971528Z","Action":"output","Package":"github.com/snissn/gomap/TreeDB/caching","Test":"TestVlogGenerationMaintenance_PeriodicPassReturnsDuringCheckpointing","Output":"--- PASS: TestVlogGenerationMaintenance_PeriodicPassReturnsDuringCheckpointing (0.09s)\n"}
2026-10-06T20:03:23.1986930Z {"Time":"2026-10-06T20:03:23.1971528Z","Action":"pass","Package":"github.com/snissn/gomap/TreeDB/caching","Test":"TestVlogGenerationMaintenance_PeriodicPassReturnsDuringCheckpointing","Elapsed":0.09}
2026-10-06T20:03:23.1989319Z {"Time":"2026-10-06T20:03:23.1978835Z","Action":"run","Package":"github.com/snissn/gomap/TreeDB/caching","Test":"TestVlogGenerationRewrite_SkipsZeroLivePlannedLedger"}
2026-10-06T20:03:23.1991949Z {"Time":"2026-10-06T20:03:23.1978835Z","Action":"output","Package":"github.com/snissn/gomap/TreeDB/caching","Test":"TestVlogGenerationRewrite_SkipsZeroLivePlannedLedger","Output":"=== RUN   TestVlogGenerationRewrite_SkipsZeroLivePlannedLedger\n"}
2026-10-06T20:03:23.3081069Z {"Time":"2026-10-06T20:03:23.2966744Z","Action":"output","Package":"github.com/snissn/gomap/TreeDB/caching","Test":"TestVlogGenerationRewrite_SkipsZeroLivePlannedLedger","Output":"--- PASS: TestVlogGenerationRewrite_SkipsZeroLivePlannedLedger (0.10s)\n"}
2026-10-06T20:03:23.3083431Z {"Time":"2026-10-06T20:03:23.2966744Z","Action":"pass","Package":"github.com/snissn/gomap/TreeDB/caching","Test":"TestVlogGenerationRewrite_SkipsZeroLivePlannedLedger","Elapsed":0.1}
2026-10-06T20:03:23.3085122Z {"Time":"2026-10-06T20:03:23.2984809Z","Action":"run","Package":"github.com/snissn/gomap/TreeDB/caching","Test":"TestVlogGenerationRewriteQueue_LedgerOrdersByStaleRatio"}
2026-10-06T20:03:23.3086986Z {"Time":"2026-10-06T20:03:23.2984809Z","Action":"output","Package":"github.com/snissn/gomap/TreeDB/caching","Test":"TestVlogGenerationRewriteQueue_LedgerOrdersByStaleRatio","Output":"=== RUN   TestVlogGenerationRewriteQueue_LedgerOrdersByStaleRatio\n"}
2026-10-06T20:03:23.4194883Z {"Time":"2026-10-06T20:03:23.4167045Z","Action":"output","Package":"github.com/snissn/gomap/TreeDB/caching","Test":"TestVlogGenerationRewriteQueue_LedgerOrdersByStaleRatio","Output":"--- PASS: TestVlogGenerationRewriteQueue_LedgerOrdersByStaleRatio (0.12s)\n"}
2026-10-06T20:03:23.4197736Z {"Time":"2026-10-06T20:03:23.4167045Z","Action":"pass","Package":"github.com/snissn/gomap/TreeDB/caching","Test":"TestVlogGenerationRewriteQueue_LedgerOrdersByStaleRatio","Elapsed":0.12}
2026-10-06T20:03:23.4199655Z {"Time":"2026-10-06T20:03:23.4167045Z","Action":"run","Package":"github.com/snissn/gomap/TreeDB/caching","Test":"TestVlogGenerationRewriteQueue_PrefersHistoricallyUsefulExpiredRetry"}
2026-10-06T20:03:23.4202152Z {"Time":"2026-10-06T20:03:23.4167045Z","Action":"output","Package":"github.com/snissn/gomap/TreeDB/caching","Test":"TestVlogGenerationRewriteQueue_PrefersHistoricallyUsefulExpiredRetry","Output":"=== RUN   TestVlogGenerationRewriteQueue_PrefersHistoricallyUsefulExpiredRetry\n"}
2026-10-06T20:03:23.5727027Z {"Time":"2026-10-06T20:03:23.5711025Z","Action":"output","Package":"github.com/snissn/gomap/TreeDB/caching","Test":"TestVlogGenerationRewriteQueue_PrefersHistoricallyUsefulExpiredRetry","Output":"--- PASS: TestVlogGenerationRewriteQueue_PrefersHistoricallyUsefulExpiredRetry (0.15s)\n"}
2026-10-06T20:03:23.5730897Z {"Time":"2026-10-06T20:03:23.5711025Z","Action":"pass","Package":"github.com/snissn/gomap/TreeDB/caching","Test":"TestVlogGenerationRewriteQueue_PrefersHistoricallyUsefulExpiredRetry","Elapsed":0.15}
2026-10-06T20:03:23.5732339Z {"Time":"2026-10-06T20:03:23.5711025Z","Action":"run","Package":"github.com/snissn/gomap/TreeDB/caching","Test":"TestVlogGenerationRewriteQueue_AdmitsSingleExpiredPenaltyWhenAllDebtRetried"}
2026-10-06T20:03:23.5734715Z {"Time":"2026-10-06T20:03:23.5711025Z","Action":"output","Package":"github.com/snissn/gomap/TreeDB/caching","Test":"TestVlogGenerationRewriteQueue_AdmitsSingleExpiredPenaltyWhenAllDebtRetried","Output":"=== RUN   TestVlogGenerationRewriteQueue_AdmitsSingleExpiredPenaltyWhenAllDebtRetried\n"}
2026-10-06T20:03:23.6964792Z {"Time":"2026-10-06T20:03:23.6852434Z","Action":"output","Package":"github.com/snissn/gomap/TreeDB/caching","Test":"TestVlogGenerationRewriteQueue_AdmitsSingleExpiredPenaltyWhenAllDebtRetried","Output":"--- PASS: TestVlogGenerationRewriteQueue_AdmitsSingleExpiredPenaltyWhenAllDebtRetried (0.11s)\n"}
2026-10-06T20:03:23.6967141Z {"Time":"2026-10-06T20:03:23.6852434Z","Action":"pass","Package":"github.com/snissn/gomap/TreeDB/caching","Test":"TestVlogGenerationRewriteQueue_AdmitsSingleExpiredPenaltyWhenAllDebtRetried","Elapsed":0.11}
2026-10-06T20:03:23.6968910Z {"Time":"2026-10-06T20:03:23.6855618Z","Action":"run","Package":"github.com/snissn/gomap/TreeDB/caching","Test":"TestVlogGenerationRewriteQueue_AggressiveFlowBypassesCooledDebtAndReadmitsImprovedSegment"}
2026-10-06T20:03:23.6971233Z {"Time":"2026-10-06T20:03:23.6855618Z","Action":"output","Package":"github.com/snissn/gomap/TreeDB/caching","Test":"TestVlogGenerationRewriteQueue_AggressiveFlowBypassesCooledDebtAndReadmitsImprovedSegment","Output":"=== RUN   TestVlogGenerationRewriteQueue_AggressiveFlowBypassesCooledDebtAndReadmitsImprovedSegment\n"}
2026-10-06T20:03:23.8221179Z {"Time":"2026-10-06T20:03:23.8209551Z","Action":"output","Package":"github.com/snissn/gomap/TreeDB/caching","Test":"TestVlogGenerationRewriteQueue_AggressiveFlowBypassesCooledDebtAndReadmitsImprovedSegment","Output":"--- PASS: TestVlogGenerationRewriteQueue_AggressiveFlowBypassesCooledDebtAndReadmitsImprovedSegment (0.14s)\n"}
2026-10-06T20:03:23.8226358Z {"Time":"2026-10-06T20:03:23.821362Z","Action":"pass","Package":"github.com/snissn/gomap/TreeDB/caching","Test":"TestVlogGenerationRewriteQueue_AggressiveFlowBypassesCooledDebtAndReadmitsImprovedSegment","Elapsed":0.14}
2026-10-06T20:03:23.8229138Z {"Time":"2026-10-06T20:03:23.821362Z","Action":"run","Package":"github.com/snissn/gomap/TreeDB/caching","Test":"TestVlogGenerationRewriteQueue_PrunesZeroLiveLedgerBeforeResume"}
2026-10-06T20:03:23.8231493Z {"Time":"2026-10-06T20:03:23.821362Z","Action":"output","Package":"github.com/snissn/gomap/TreeDB/caching","Test":"TestVlogGenerationRewriteQueue_PrunesZeroLiveLedgerBeforeResume","Output":"=== RUN   TestVlogGenerationRewriteQueue_PrunesZeroLiveLedgerBeforeResume\n"}
2026-10-06T20:03:23.9440599Z {"Time":"2026-10-06T20:03:23.9341875Z","Action":"output","Package":"github.com/snissn/gomap/TreeDB/caching","Test":"TestVlogGenerationRewriteQueue_PrunesZeroLiveLedgerBeforeResume","Output":"--- PASS: TestVlogGenerationRewriteQueue_PrunesZeroLiveLedgerBeforeResume (0.11s)\n"}
2026-10-06T20:03:23.9444462Z {"Time":"2026-10-06T20:03:23.9341875Z","Action":"pass","Package":"github.com/snissn/gomap/TreeDB/caching","Test":"TestVlogGenerationRewriteQueue_PrunesZeroLiveLedgerBeforeResume","Elapsed":0.11}
2026-10-06T20:03:23.9447274Z {"Time":"2026-10-06T20:03:23.9341875Z","Action":"run","Package":"github.com/snissn/gomap/TreeDB/caching","Test":"TestVlogGenerationRewriteQueue_KeepsStillReferencedSegmentQueuedWhenBounded"}
2026-10-06T20:03:23.9451625Z {"Time":"2026-10-06T20:03:23.9341875Z","Action":"output","Package":"github.com/snissn/gomap/TreeDB/caching","Test":"TestVlogGenerationRewriteQueue_KeepsStillReferencedSegmentQueuedWhenBounded","Output":"=== RUN   TestVlogGenerationRewriteQueue_KeepsStillReferencedSegmentQueuedWhenBounded\n"}
2026-10-06T20:03:24.0397540Z {"Time":"2026-10-06T20:03:24.0378472Z","Action":"output","Package":"github.com/snissn/gomap/TreeDB/caching","Test":"TestVlogGenerationRewriteQueue_KeepsStillReferencedSegmentQueuedWhenBounded","Output":"--- PASS: TestVlogGenerationRewriteQueue_KeepsStillReferencedSegmentQueuedWhenBounded (0.10s)\n"}
2026-10-06T20:03:24.0401226Z {"Time":"2026-10-06T20:03:24.0378472Z","Action":"pass","Package":"github.com/snissn/gomap/TreeDB/caching","Test":"TestVlogGenerationRewriteQueue_KeepsStillReferencedSegmentQueuedWhenBounded","Elapsed":0.1}
2026-10-06T20:03:24.0402768Z {"Time":"2026-10-06T20:03:24.0378472Z","Action":"run","Package":"github.com/snissn/gomap/TreeDB/caching","Test":"TestVlogGenerationRewriteQueue_ConsumesMissingBoundedSourceIDs"}
2026-10-06T20:03:24.0404502Z {"Time":"2026-10-06T20:03:24.0378472Z","Action":"output","Package":"github.com/snissn/gomap/TreeDB/caching","Test":"TestVlogGenerationRewriteQueue_ConsumesMissingBoundedSourceIDs","Output":"=== RUN   TestVlogGenerationRewriteQueue_ConsumesMissingBoundedSourceIDs\n"}
2026-10-06T20:03:24.1449911Z {"Time":"2026-10-06T20:03:24.1412854Z","Action":"output","Package":"github.com/snissn/gomap/TreeDB/caching","Test":"TestVlogGenerationRewriteQueue_ConsumesMissingBoundedSourceIDs","Output":"--- PASS: TestVlogGenerationRewriteQueue_ConsumesMissingBoundedSourceIDs (0.10s)\n"}
2026-10-06T20:03:24.1452522Z {"Time":"2026-10-06T20:03:24.1418354Z","Action":"pass","Package":"github.com/snissn/gomap/TreeDB/caching","Test":"TestVlogGenerationRewriteQueue_ConsumesMissingBoundedSourceIDs","Elapsed":0.1}
2026-10-06T20:03:24.1454553Z {"Time":"2026-10-06T20:03:24.1418354Z","Action":"run","Package":"github.com/snissn/gomap/TreeDB/caching","Test":"TestVlogGenerationRewriteQueue_CheckpointKickDebtDrainCapsSingleSegment"}
2026-10-06T20:03:24.1456334Z {"Time":"2026-10-06T20:03:24.1418354Z","Action":"output","Package":"github.com/snissn/gomap/TreeDB/caching","Test":"TestVlogGenerationRewriteQueue_CheckpointKickDebtDrainCapsSingleSegment","Output":"=== RUN   TestVlogGenerationRewriteQueue_CheckpointKickDebtDrainCapsSingleSegment\n"}
2026-10-06T20:03:24.2698857Z {"Time":"2026-10-06T20:03:24.2637077Z","Action":"output","Package":"github.com/snissn/gomap/TreeDB/caching","Test":"TestVlogGenerationRewriteQueue_CheckpointKickDebtDrainCapsSingleSegment","Output":"--- PASS: TestVlogGenerationRewriteQueue_CheckpointKickDebtDrainCapsSingleSegment (0.12s)\n"}
2026-10-06T20:03:24.2701008Z {"Time":"2026-10-06T20:03:24.2637077Z","Action":"pass","Package":"github.com/snissn/gomap/TreeDB/caching","Test":"TestVlogGenerationRewriteQueue_CheckpointKickDebtDrainCapsSingleSegment","Elapsed":0.12}
2026-10-06T20:03:24.2702915Z {"Time":"2026-10-06T20:03:24.2637077Z","Action":"run","Package":"github.com/snissn/gomap/TreeDB/caching","Test":"TestVlogGenerationRewriteResume_CancelBackoffSkipsImmediateRetry"}
2026-10-06T20:03:24.2704804Z {"Time":"2026-10-06T20:03:24.2637077Z","Action":"output","Package":"github.com/snissn/gomap/TreeDB/caching","Test":"TestVlogGenerationRewriteResume_CancelBackoffSkipsImmediateRetry","Output":"=== RUN   TestVlogGenerationRewriteResume_CancelBackoffSkipsImmediateRetry\n"}
2026-10-06T20:03:24.3770469Z {"Time":"2026-10-06T20:03:24.36588Z","Action":"output","Package":"github.com/snissn/gomap/TreeDB/caching","Test":"TestVlogGenerationRewriteResume_CancelBackoffSkipsImmediateRetry","Output":"--- PASS: TestVlogGenerationRewriteResume_CancelBackoffSkipsImmediateRetry (0.10s)\n"}
2026-10-06T20:03:24.3772704Z {"Time":"2026-10-06T20:03:24.36588Z","Action":"pass","Package":"github.com/snissn/gomap/TreeDB/caching","Test":"TestVlogGenerationRewriteResume_CancelBackoffSkipsImmediateRetry","Elapsed":0.1}
2026-10-06T20:03:24.3774592Z {"Time":"2026-10-06T20:03:24.36588Z","Action":"run","Package":"github.com/snissn/gomap/TreeDB/caching","Test":"TestVlogGenerationRewrite_CoolsProcessedDebtAfterMaterialIneffectiveGrowth"}
2026-10-06T20:03:24.3776519Z {"Time":"2026-10-06T20:03:24.36588Z","Action":"output","Package":"github.com/snissn/gomap/TreeDB/caching","Test":"TestVlogGenerationRewrite_CoolsProcessedDebtAfterMaterialIneffectiveGrowth","Output":"=== RUN   TestVlogGenerationRewrite_CoolsProcessedDebtAfterMaterialIneffectiveGrowth\n"}
2026-10-06T20:03:24.4851516Z {"Time":"2026-10-06T20:03:24.4814108Z","Action":"output","Package":"github.com/snissn/gomap/TreeDB/caching","Test":"TestVlogGenerationRewrite_CoolsProcessedDebtAfterMaterialIneffectiveGrowth","Output":"--- PASS: TestVlogGenerationRewrite_CoolsProcessedDebtAfterMaterialIneffectiveGrowth (0.12s)\n"}
2026-10-06T20:03:24.4856486Z {"Time":"2026-10-06T20:03:24.4814108Z","Action":"pass","Package":"github.com/snissn/gomap/TreeDB/caching","Test":"TestVlogGenerationRewrite_CoolsProcessedDebtAfterMaterialIneffectiveGrowth","Elapsed":0.12}
2026-10-06T20:03:24.4859755Z {"Time":"2026-10-06T20:03:24.4814108Z","Action":"run","Package":"github.com/snissn/gomap/TreeDB/caching","Test":"TestVlogGenerationRewrite_KeepsRemainingDebtForSmallIneffectiveGrowth"}
2026-10-06T20:03:24.4863618Z {"Time":"2026-10-06T20:03:24.4814108Z","Action":"output","Package":"github.com/snissn/gomap/TreeDB/caching","Test":"TestVlogGenerationRewrite_KeepsRemainingDebtForSmallIneffectiveGrowth","Output":"=== RUN   TestVlogGenerationRewrite_KeepsRemainingDebtForSmallIneffectiveGrowth\n"}
2026-10-06T20:03:24.5947723Z {"Time":"2026-10-06T20:03:24.583563Z","Action":"output","Package":"github.com/snissn/gomap/TreeDB/caching","Test":"TestVlogGenerationRewrite_KeepsRemainingDebtForSmallIneffectiveGrowth","Output":"--- PASS: TestVlogGenerationRewrite_KeepsRemainingDebtForSmallIneffectiveGrowth (0.10s)\n"}
2026-10-06T20:03:24.5949868Z {"Time":"2026-10-06T20:03:24.583563Z","Action":"pass","Package":"github.com/snissn/gomap/TreeDB/caching","Test":"TestVlogGenerationRewrite_KeepsRemainingDebtForSmallIneffectiveGrowth","Elapsed":0.1}
2026-10-06T20:03:24.5951503Z {"Time":"2026-10-06T20:03:24.583563Z","Action":"run","Package":"github.com/snissn/gomap/TreeDB/caching","Test":"TestVlogGenerationRewritePlan_ReadmitsPenalizedSegmentWhenStaleBytesImprove"}
2026-10-06T20:03:24.5953945Z {"Time":"2026-10-06T20:03:24.583563Z","Action":"output","Package":"github.com/snissn/gomap/TreeDB/caching","Test":"TestVlogGenerationRewritePlan_ReadmitsPenalizedSegmentWhenStaleBytesImprove","Output":"=== RUN   TestVlogGenerationRewritePlan_ReadmitsPenalizedSegmentWhenStaleBytesImprove\n"}
2026-10-06T20:03:24.7027366Z {"Time":"2026-10-06T20:03:24.6952068Z","Action":"output","Package":"github.com/snissn/gomap/TreeDB/caching","Test":"TestVlogGenerationRewritePlan_ReadmitsPenalizedSegmentWhenStaleBytesImprove","Output":"--- PASS: TestVlogGenerationRewritePlan_ReadmitsPenalizedSegmentWhenStaleBytesImprove (0.11s)\n"}
2026-10-06T20:03:24.7030005Z {"Time":"2026-10-06T20:03:24.6952068Z","Action":"pass","Package":"github.com/snissn/gomap/TreeDB/caching","Test":"TestVlogGenerationRewritePlan_ReadmitsPenalizedSegmentWhenStaleBytesImprove","Elapsed":0.11}
2026-10-06T20:03:24.7031597Z {"Time":"2026-10-06T20:03:24.6952068Z","Action":"run","Package":"github.com/snissn/gomap/TreeDB/caching","Test":"TestVlogGenerationRewritePlan_StageConfirmationReplansEvenWhenOtherTriggersFire"}
2026-10-06T20:03:24.7033445Z {"Time":"2026-10-06T20:03:24.6952068Z","Action":"output","Package":"github.com/snissn/gomap/TreeDB/caching","Test":"TestVlogGenerationRewritePlan_StageConfirmationReplansEvenWhenOtherTriggersFire","Output":"=== RUN   TestVlogGenerationRewritePlan_StageConfirmationReplansEvenWhenOtherTriggersFire\n"}
2026-10-06T20:03:24.8427904Z {"Time":"2026-10-06T20:03:24.8267465Z","Action":"output","Package":"github.com/snissn/gomap/TreeDB/caching","Test":"TestVlogGenerationRewritePlan_StageConfirmationReplansEvenWhenOtherTriggersFire","Output":"--- PASS: TestVlogGenerationRewritePlan_StageConfirmationReplansEvenWhenOtherTriggersFire (0.13s)\n"}
2026-10-06T20:03:24.8430884Z {"Time":"2026-10-06T20:03:24.8267465Z","Action":"pass","Package":"github.com/snissn/gomap/TreeDB/caching","Test":"TestVlogGenerationRewritePlan_StageConfirmationReplansEvenWhenOtherTriggersFire","Elapsed":0.13}
2026-10-06T20:03:24.8432565Z {"Time":"2026-10-06T20:03:24.8267465Z","Action":"run","Package":"github.com/snissn/gomap/TreeDB/caching","Test":"TestShouldDeferVlogGenerationRewritePlanForAge"}
2026-10-06T20:03:24.8434168Z {"Time":"2026-10-06T20:03:24.8267465Z","Action":"output","Package":"github.com/snissn/gomap/TreeDB/caching","Test":"TestShouldDeferVlogGenerationRewritePlanForAge","Output":"=== RUN   TestShouldDeferVlogGenerationRewritePlanForAge\n"}
2026-10-06T20:03:24.8436134Z {"Time":"2026-10-06T20:03:24.8267465Z","Action":"output","Package":"github.com/snissn/gomap/TreeDB/caching","Test":"TestShouldDeferVlogGenerationRewritePlanForAge","Output":"--- PASS: TestShouldDeferVlogGenerationRewritePlanForAge (0.00s)\n"}
2026-10-06T20:03:24.8437825Z {"Time":"2026-10-06T20:03:24.8267465Z","Action":"pass","Package":"github.com/snissn/gomap/TreeDB/caching","Test":"TestShouldDeferVlogGenerationRewritePlanForAge","Elapsed":0}
2026-10-06T20:03:24.8439287Z {"Time":"2026-10-06T20:03:24.8267465Z","Action":"run","Package":"github.com/snissn/gomap/TreeDB/caching","Test":"TestVlogGenerationMaintenance_CheckpointPendingYieldsToDueAgeBlockedRetry"}
2026-10-06T20:03:24.8441101Z {"Time":"2026-10-06T20:03:24.8267465Z","Action":"output","Package":"github.com/snissn/gomap/TreeDB/caching","Test":"TestVlogGenerationMaintenance_CheckpointPendingYieldsToDueAgeBlockedRetry","Output":"=== RUN   TestVlogGenerationMaintenance_CheckpointPendingYieldsToDueAgeBlockedRetry\n"}
2026-10-06T20:03:24.9194284Z {"Time":"2026-10-06T20:03:24.9109952Z","Action":"output","Package":"github.com/snissn/gomap/TreeDB/caching","Test":"TestVlogGenerationMaintenance_CheckpointPendingYieldsToDueAgeBlockedRetry","Output":"--- PASS: TestVlogGenerationMaintenance_CheckpointPendingYieldsToDueAgeBlockedRetry (0.08s)\n"}
2026-10-06T20:03:24.9196218Z {"Time":"2026-10-06T20:03:24.9109952Z","Action":"pass","Package":"github.com/snissn/gomap/TreeDB/caching","Test":"TestVlogGenerationMaintenance_CheckpointPendingYieldsToDueAgeBlockedRetry","Elapsed":0.08}
2026-10-06T20:03:24.9198381Z {"Time":"2026-10-06T20:03:24.9109952Z","Action":"run","Package":"github.com/snissn/gomap/TreeDB/caching","Test":"TestVlogGenerationRewriteAgeBlocked_ParksDuringAutomaticCheckpoint"}
2026-10-06T20:03:24.9200043Z {"Time":"2026-10-06T20:03:24.9109952Z","Action":"output","Package":"github.com/snissn/gomap/TreeDB/caching","Test":"TestVlogGenerationRewriteAgeBlocked_ParksDuringAutomaticCheckpoint","Output":"=== RUN   TestVlogGenerationRewriteAgeBlocked_ParksDuringAutomaticCheckpoint\n"}
2026-10-06T20:03:25.1237178Z {"Time":"2026-10-06T20:03:25.1227576Z","Action":"output","Package":"github.com/snissn/gomap/TreeDB/caching","Test":"TestVlogGenerationRewriteAgeBlocked_ParksDuringAutomaticCheckpoint","Output":"--- PASS: TestVlogGenerationRewriteAgeBlocked_ParksDuringAutomaticCheckpoint (0.21s)\n"}
2026-10-06T20:03:25.1240287Z {"Time":"2026-10-06T20:03:25.1227576Z","Action":"pass","Package":"github.com/snissn/gomap/TreeDB/caching","Test":"TestVlogGenerationRewriteAgeBlocked_ParksDuringAutomaticCheckpoint","Elapsed":0.21}
2026-10-06T20:03:25.1241854Z {"Time":"2026-10-06T20:03:25.1227576Z","Action":"run","Package":"github.com/snissn/gomap/TreeDB/caching","Test":"TestVlogGenerationRewritePlan_AgeBlockedRetryReschedulesEarlierDeadlineAndPreservesAutomaticBoundary"}
2026-10-06T20:03:25.1244014Z {"Time":"2026-10-06T20:03:25.1227576Z","Action":"output","Package":"github.com/snissn/gomap/TreeDB/caching","Test":"TestVlogGenerationRewritePlan_AgeBlockedRetryReschedulesEarlierDeadlineAndPreservesAutomaticBoundary","Output":"=== RUN   TestVlogGenerationRewritePlan_AgeBlockedRetryReschedulesEarlierDeadlineAndPreservesAutomaticBoundary\n"}
2026-10-06T20:03:25.3261321Z {"Time":"2026-10-06T20:03:25.3218185Z","Action":"output","Package":"github.com/snissn/gomap/TreeDB/caching","Test":"TestVlogGenerationRewritePlan_AgeBlockedRetryReschedulesEarlierDeadlineAndPreservesAutomaticBoundary","Output":"--- PASS: TestVlogGenerationRewritePlan_AgeBlockedRetryReschedulesEarlierDeadlineAndPreservesAutomaticBoundary (0.20s)\n"}
2026-10-06T20:03:25.3264840Z {"Time":"2026-10-06T20:03:25.3218185Z","Action":"pass","Package":"github.com/snissn/gomap/TreeDB/caching","Test":"TestVlogGenerationRewritePlan_AgeBlockedRetryReschedulesEarlierDeadlineAndPreservesAutomaticBoundary","Elapsed":0.2}
2026-10-06T20:03:25.3266417Z {"Time":"2026-10-06T20:03:25.3218185Z","Action":"run","Package":"github.com/snissn/gomap/TreeDB/caching","Test":"TestTakeVlogGenerationDeferredMaintenanceClearsOrphanedAutomaticMode"}
2026-10-06T20:03:25.3268167Z {"Time":"2026-10-06T20:03:25.3218185Z","Action":"output","Package":"github.com/snissn/gomap/TreeDB/caching","Test":"TestTakeVlogGenerationDeferredMaintenanceClearsOrphanedAutomaticMode","Output":"=== RUN   TestTakeVlogGenerationDeferredMaintenanceClearsOrphanedAutomaticMode\n"}
2026-10-06T20:03:25.3270908Z {"Time":"2026-10-06T20:03:25.3218185Z","Action":"output","Package":"github.com/snissn/gomap/TreeDB/caching","Test":"TestTakeVlogGenerationDeferredMaintenanceClearsOrphanedAutomaticMode","Output":"--- PASS: TestTakeVlogGenerationDeferredMaintenanceClearsOrphanedAutomaticMode (0.00s)\n"}
2026-10-06T20:03:25.3272725Z {"Time":"2026-10-06T20:03:25.3218185Z","Action":"pass","Package":"github.com/snissn/gomap/TreeDB/caching","Test":"TestTakeVlogGenerationDeferredMaintenanceClearsOrphanedAutomaticMode","Elapsed":0}
2026-10-06T20:03:25.3274092Z {"Time":"2026-10-06T20:03:25.3218185Z","Action":"run","Package":"github.com/snissn/gomap/TreeDB/caching","Test":"TestVlogGenerationRewrite_IneffectiveBackoffSkipsImmediateGenericRetry"}
2026-10-06T20:03:25.3276250Z {"Time":"2026-10-06T20:03:25.3218185Z","Action":"output","Package":"github.com/snissn/gomap/TreeDB/caching","Test":"TestVlogGenerationRewrite_IneffectiveBackoffSkipsImmediateGenericRetry","Output":"=== RUN   TestVlogGenerationRewrite_IneffectiveBackoffSkipsImmediateGenericRetry\n"}
2026-10-06T20:03:25.4343256Z {"Time":"2026-10-06T20:03:25.4270861Z","Action":"output","Package":"github.com/snissn/gomap/TreeDB/caching","Test":"TestVlogGenerationRewrite_IneffectiveBackoffSkipsImmediateGenericRetry","Output":"--- PASS: TestVlogGenerationRewrite_IneffectiveBackoffSkipsImmediateGenericRetry (0.11s)\n"}
2026-10-06T20:03:25.4345627Z {"Time":"2026-10-06T20:03:25.4270861Z","Action":"pass","Package":"github.com/snissn/gomap/TreeDB/caching","Test":"TestVlogGenerationRewrite_IneffectiveBackoffSkipsImmediateGenericRetry","Elapsed":0.11}
2026-10-06T20:03:25.4347271Z {"Time":"2026-10-06T20:03:25.4270861Z","Action":"run","Package":"github.com/snissn/gomap/TreeDB/caching","Test":"TestCheckpoint_KickHotDebtOnlyGuardCanBeDisabled"}
2026-10-06T20:03:25.4348856Z {"Time":"2026-10-06T20:03:25.4270861Z","Action":"output","Package":"github.com/snissn/gomap/TreeDB/caching","Test":"TestCheckpoint_KickHotDebtOnlyGuardCanBeDisabled","Output":"=== RUN   TestCheckpoint_KickHotDebtOnlyGuardCanBeDisabled\n"}
2026-10-06T20:03:25.5581180Z {"Time":"2026-10-06T20:03:25.5452548Z","Action":"output","Package":"github.com/snissn/gomap/TreeDB/caching","Test":"TestCheckpoint_KickHotDebtOnlyGuardCanBeDisabled","Output":"--- PASS: TestCheckpoint_KickHotDebtOnlyGuardCanBeDisabled (0.12s)\n"}
2026-10-06T20:03:25.5583589Z {"Time":"2026-10-06T20:03:25.5452548Z","Action":"pass","Package":"github.com/snissn/gomap/TreeDB/caching","Test":"TestCheckpoint_KickHotDebtOnlyGuardCanBeDisabled","Elapsed":0.12}
2026-10-06T20:03:25.5585186Z {"Time":"2026-10-06T20:03:25.5463993Z","Action":"run","Package":"github.com/snissn/gomap/TreeDB/caching","Test":"TestVlogGenerationAutomaticDelayedWakesPreserveMaintenanceBoundary"}
2026-10-06T20:03:25.5587168Z {"Time":"2026-10-06T20:03:25.5463993Z","Action":"output","Package":"github.com/snissn/gomap/TreeDB/caching","Test":"TestVlogGenerationAutomaticDelayedWakesPreserveMaintenanceBoundary","Output":"=== RUN   TestVlogGenerationAutomaticDelayedWakesPreserveMaintenanceBoundary\n"}
2026-10-06T20:03:25.5589492Z {"Time":"2026-10-06T20:03:25.5463993Z","Action":"run","Package":"github.com/snissn/gomap/TreeDB/caching","Test":"TestVlogGenerationAutomaticDelayedWakesPreserveMaintenanceBoundary/age_blocked"}
2026-10-06T20:03:25.5591776Z {"Time":"2026-10-06T20:03:25.5463993Z","Action":"output","Package":"github.com/snissn/gomap/TreeDB/caching","Test":"TestVlogGenerationAutomaticDelayedWakesPreserveMaintenanceBoundary/age_blocked","Output":"=== RUN   TestVlogGenerationAutomaticDelayedWakesPreserveMaintenanceBoundary/age_blocked\n"}
2026-10-06T20:03:25.6503487Z {"Time":"2026-10-06T20:03:25.6461657Z","Action":"output","Package":"github.com/snissn/gomap/TreeDB/caching","Test":"TestVlogGenerationAutomaticDelayedWakesPreserveMaintenanceBoundary/age_blocked","Output":"--- PASS: TestVlogGenerationAutomaticDelayedWakesPreserveMaintenanceBoundary/age_blocked (0.10s)\n"}
2026-10-06T20:03:25.6507319Z {"Time":"2026-10-06T20:03:25.6461657Z","Action":"pass","Package":"github.com/snissn/gomap/TreeDB/caching","Test":"TestVlogGenerationAutomaticDelayedWakesPreserveMaintenanceBoundary/age_blocked","Elapsed":0.1}
2026-10-06T20:03:25.6509859Z {"Time":"2026-10-06T20:03:25.6466945Z","Action":"run","Package":"github.com/snissn/gomap/TreeDB/caching","Test":"TestVlogGenerationAutomaticDelayedWakesPreserveMaintenanceBoundary/stage_confirmation"}
2026-10-06T20:03:25.6512502Z {"Time":"2026-10-06T20:03:25.6466945Z","Action":"output","Package":"github.com/snissn/gomap/TreeDB/caching","Test":"TestVlogGenerationAutomaticDelayedWakesPreserveMaintenanceBoundary/stage_confirmation","Output":"=== RUN   TestVlogGenerationAutomaticDelayedWakesPreserveMaintenanceBoundary/stage_confirmation\n"}
2026-10-06T20:03:25.7608899Z {"Time":"2026-10-06T20:03:25.7583469Z","Action":"output","Package":"github.com/snissn/gomap/TreeDB/caching","Test":"TestVlogGenerationAutomaticDelayedWakesPreserveMaintenanceBoundary/stage_confirmation","Output":"--- PASS: TestVlogGenerationAutomaticDelayedWakesPreserveMaintenanceBoundary/stage_confirmation (0.11s)\n"}
2026-10-06T20:03:25.7611353Z {"Time":"2026-10-06T20:03:25.7583469Z","Action":"pass","Package":"github.com/snissn/gomap/TreeDB/caching","Test":"TestVlogGenerationAutomaticDelayedWakesPreserveMaintenanceBoundary/stage_confirmation","Elapsed":0.11}
2026-10-06T20:03:25.7613369Z {"Time":"2026-10-06T20:03:25.7583469Z","Action":"run","Package":"github.com/snissn/gomap/TreeDB/caching","Test":"TestVlogGenerationAutomaticDelayedWakesPreserveMaintenanceBoundary/stage_confirmation_upgrade"}
2026-10-06T20:03:25.7615763Z {"Time":"2026-10-06T20:03:25.7583469Z","Action":"output","Package":"github.com/snissn/gomap/TreeDB/caching","Test":"TestVlogGenerationAutomaticDelayedWakesPreserveMaintenanceBoundary/stage_confirmation_upgrade","Output":"=== RUN   TestVlogGenerationAutomaticDelayedWakesPreserveMaintenanceBoundary/stage_confirmation_upgrade\n"}
2026-10-06T20:03:25.9637103Z {"Time":"2026-10-06T20:03:25.9566693Z","Action":"output","Package":"github.com/snissn/gomap/TreeDB/caching","Test":"TestVlogGenerationAutomaticDelayedWakesPreserveMaintenanceBoundary/stage_confirmation_upgrade","Output":"--- PASS: TestVlogGenerationAutomaticDelayedWakesPreserveMaintenanceBoundary/stage_confirmation_upgrade (0.20s)\n"}
2026-10-06T20:03:25.9639656Z {"Time":"2026-10-06T20:03:25.9566693Z","Action":"pass","Package":"github.com/snissn/gomap/TreeDB/caching","Test":"TestVlogGenerationAutomaticDelayedWakesPreserveMaintenanceBoundary/stage_confirmation_upgrade","Elapsed":0.2}
2026-10-06T20:03:25.9641743Z {"Time":"2026-10-06T20:03:25.9566693Z","Action":"output","Package":"github.com/snissn/gomap/TreeDB/caching","Test":"TestVlogGenerationAutomaticDelayedWakesPreserveMaintenanceBoundary","Output":"--- PASS: TestVlogGenerationAutomaticDelayedWakesPreserveMaintenanceBoundary (0.41s)\n"}
2026-10-06T20:03:25.9643680Z {"Time":"2026-10-06T20:03:25.9566693Z","Action":"pass","Package":"github.com/snissn/gomap/TreeDB/caching","Test":"TestVlogGenerationAutomaticDelayedWakesPreserveMaintenanceBoundary","Elapsed":0.41}
2026-10-06T20:03:25.9645623Z {"Time":"2026-10-06T20:03:25.9566693Z","Action":"run","Package":"github.com/snissn/gomap/TreeDB/caching","Test":"TestVlogGenerationAutomaticRetainedPruneFollowupPreservesMaintenanceBoundary"}
2026-10-06T20:03:25.9647813Z {"Time":"2026-10-06T20:03:25.9566693Z","Action":"output","Package":"github.com/snissn/gomap/TreeDB/caching","Test":"TestVlogGenerationAutomaticRetainedPruneFollowupPreservesMaintenanceBoundary","Output":"=== RUN   TestVlogGenerationAutomaticRetainedPruneFollowupPreservesMaintenanceBoundary\n"}
2026-10-06T20:03:26.0881372Z {"Time":"2026-10-06T20:03:26.0785769Z","Action":"output","Package":"github.com/snissn/gomap/TreeDB/caching","Test":"TestVlogGenerationAutomaticRetainedPruneFollowupPreservesMaintenanceBoundary","Output":"--- PASS: TestVlogGenerationAutomaticRetainedPruneFollowupPreservesMaintenanceBoundary (0.12s)\n"}
2026-10-06T20:03:26.0884801Z {"Time":"2026-10-06T20:03:26.0785769Z","Action":"pass","Package":"github.com/snissn/gomap/TreeDB/caching","Test":"TestVlogGenerationAutomaticRetainedPruneFollowupPreservesMaintenanceBoundary","Elapsed":0.12}
2026-10-06T20:03:26.0886462Z {"Time":"2026-10-06T20:03:26.0785769Z","Action":"run","Package":"github.com/snissn/gomap/TreeDB/caching","Test":"TestCheckpoint_KickHotDebtOnlyWakeRunsAfterForegroundQuiets"}
2026-10-06T20:03:26.0888278Z {"Time":"2026-10-06T20:03:26.0785769Z","Action":"output","Package":"github.com/snissn/gomap/TreeDB/caching","Test":"TestCheckpoint_KickHotDebtOnlyWakeRunsAfterForegroundQuiets","Output":"=== RUN   TestCheckpoint_KickHotDebtOnlyWakeRunsAfterForegroundQuiets\n"}
2026-10-06T20:03:26.4195843Z {"Time":"2026-10-06T20:03:26.4176429Z","Action":"output","Package":"github.com/snissn/gomap/TreeDB/caching","Test":"TestCheckpoint_KickHotDebtOnlyWakeRunsAfterForegroundQuiets","Output":"--- PASS: TestCheckpoint_KickHotDebtOnlyWakeRunsAfterForegroundQuiets (0.34s)\n"}
2026-10-06T20:03:26.4197546Z {"Time":"2026-10-06T20:03:26.4181846Z","Action":"pass","Package":"github.com/snissn/gomap/TreeDB/caching","Test":"TestCheckpoint_KickHotDebtOnlyWakeRunsAfterForegroundQuiets","Elapsed":0.34}
2026-10-06T20:03:26.4199152Z {"Time":"2026-10-06T20:03:26.4181846Z","Action":"run","Package":"github.com/snissn/gomap/TreeDB/caching","Test":"TestCheckpoint_KickHotDebtOnlyStillRunsQueuedRewriteDebtDuringRecentForegroundActivity"}
2026-10-06T20:03:26.4201324Z {"Time":"2026-10-06T20:03:26.4181846Z","Action":"output","Package":"github.com/snissn/gomap/TreeDB/caching","Test":"TestCheckpoint_KickHotDebtOnlyStillRunsQueuedRewriteDebtDuringRecentForegroundActivity","Output":"=== RUN   TestCheckpoint_KickHotDebtOnlyStillRunsQueuedRewriteDebtDuringRecentForegroundActivity\n"}
2026-10-06T20:03:26.5298509Z {"Time":"2026-10-06T20:03:26.5195002Z","Action":"output","Package":"github.com/snissn/gomap/TreeDB/caching","Test":"TestCheckpoint_KickHotDebtOnlyStillRunsQueuedRewriteDebtDuringRecentForegroundActivity","Output":"--- PASS: TestCheckpoint_KickHotDebtOnlyStillRunsQueuedRewriteDebtDuringRecentForegroundActivity (0.10s)\n"}
2026-10-06T20:03:26.5301319Z {"Time":"2026-10-06T20:03:26.5195002Z","Action":"pass","Package":"github.com/snissn/gomap/TreeDB/caching","Test":"TestCheckpoint_KickHotDebtOnlyStillRunsQueuedRewriteDebtDuringRecentForegroundActivity","Elapsed":0.1}
2026-10-06T20:03:26.5303283Z {"Time":"2026-10-06T20:03:26.5195002Z","Action":"run","Package":"github.com/snissn/gomap/TreeDB/caching","Test":"TestVlogGenerationMaintenance_PeriodicGCSkipsWhileRewriteAgeBlocked"}
2026-10-06T20:03:26.5305513Z {"Time":"2026-10-06T20:03:26.5195002Z","Action":"output","Package":"github.com/snissn/gomap/TreeDB/caching","Test":"TestVlogGenerationMaintenance_PeriodicGCSkipsWhileRewriteAgeBlocked","Output":"=== RUN   TestVlogGenerationMaintenance_PeriodicGCSkipsWhileRewriteAgeBlocked\n"}
2026-10-06T20:03:26.6220727Z {"Time":"2026-10-06T20:03:26.6184441Z","Action":"output","Package":"github.com/snissn/gomap/TreeDB/caching","Test":"TestVlogGenerationMaintenance_PeriodicGCSkipsWhileRewriteAgeBlocked","Output":"--- PASS: TestVlogGenerationMaintenance_PeriodicGCSkipsWhileRewriteAgeBlocked (0.10s)\n"}
2026-10-06T20:03:26.6223239Z {"Time":"2026-10-06T20:03:26.6184441Z","Action":"pass","Package":"github.com/snissn/gomap/TreeDB/caching","Test":"TestVlogGenerationMaintenance_PeriodicGCSkipsWhileRewriteAgeBlocked","Elapsed":0.1}
2026-10-06T20:03:26.6225895Z {"Time":"2026-10-06T20:03:26.6184441Z","Action":"run","Package":"github.com/snissn/gomap/TreeDB/caching","Test":"TestVlogGenerationMaintenance_WALOffPreCheckpointSkipsRewriteByDefault"}
2026-10-06T20:03:26.6227908Z {"Time":"2026-10-06T20:03:26.6184441Z","Action":"output","Package":"github.com/snissn/gomap/TreeDB/caching","Test":"TestVlogGenerationMaintenance_WALOffPreCheckpointSkipsRewriteByDefault","Output":"=== RUN   TestVlogGenerationMaintenance_WALOffPreCheckpointSkipsRewriteByDefault\n"}
2026-10-06T20:03:26.7140148Z {"Time":"2026-10-06T20:03:26.7058454Z","Action":"output","Package":"github.com/snissn/gomap/TreeDB/caching","Test":"TestVlogGenerationMaintenance_WALOffPreCheckpointSkipsRewriteByDefault","Output":"--- PASS: TestVlogGenerationMaintenance_WALOffPreCheckpointSkipsRewriteByDefault (0.09s)\n"}
2026-10-06T20:03:26.7143636Z {"Time":"2026-10-06T20:03:26.7058454Z","Action":"pass","Package":"github.com/snissn/gomap/TreeDB/caching","Test":"TestVlogGenerationMaintenance_WALOffPreCheckpointSkipsRewriteByDefault","Elapsed":0.09}
2026-10-06T20:03:26.7146133Z {"Time":"2026-10-06T20:03:26.7058454Z","Action":"run","Package":"github.com/snissn/gomap/TreeDB/caching","Test":"TestVlogGenerationMaintenance_PeriodicPreflightSkipsHotNoPending"}
2026-10-06T20:03:26.7149217Z {"Time":"2026-10-06T20:03:26.7058454Z","Action":"output","Package":"github.com/snissn/gomap/TreeDB/caching","Test":"TestVlogGenerationMaintenance_PeriodicPreflightSkipsHotNoPending","Output":"=== RUN   TestVlogGenerationMaintenance_PeriodicPreflightSkipsHotNoPending\n"}
2026-10-06T20:03:26.8071178Z {"Time":"2026-10-06T20:03:26.7970377Z","Action":"output","Package":"github.com/snissn/gomap/TreeDB/caching","Test":"TestVlogGenerationMaintenance_PeriodicPreflightSkipsHotNoPending","Output":"--- PASS: TestVlogGenerationMaintenance_PeriodicPreflightSkipsHotNoPending (0.09s)\n"}
2026-10-06T20:03:26.8073262Z {"Time":"2026-10-06T20:03:26.7970377Z","Action":"pass","Package":"github.com/snissn/gomap/TreeDB/caching","Test":"TestVlogGenerationMaintenance_PeriodicPreflightSkipsHotNoPending","Elapsed":0.09}
2026-10-06T20:03:26.8075350Z {"Time":"2026-10-06T20:03:26.7975075Z","Action":"run","Package":"github.com/snissn/gomap/TreeDB/caching","Test":"TestVlogGenerationRewrite_ConsumesBudgetToZeroWhenRewriteExceedsBudgetCap"}
2026-10-06T20:03:26.8077368Z {"Time":"2026-10-06T20:03:26.7975075Z","Action":"output","Package":"github.com/snissn/gomap/TreeDB/caching","Test":"TestVlogGenerationRewrite_ConsumesBudgetToZeroWhenRewriteExceedsBudgetCap","Output":"=== RUN   TestVlogGenerationRewrite_ConsumesBudgetToZeroWhenRewriteExceedsBudgetCap\n"}
2026-10-06T20:03:26.9005525Z {"Time":"2026-10-06T20:03:26.8928493Z","Action":"output","Package":"github.com/snissn/gomap/TreeDB/caching","Test":"TestVlogGenerationRewrite_ConsumesBudgetToZeroWhenRewriteExceedsBudgetCap","Output":"--- PASS: TestVlogGenerationRewrite_ConsumesBudgetToZeroWhenRewriteExceedsBudgetCap (0.10s)\n"}
2026-10-06T20:03:26.9008294Z {"Time":"2026-10-06T20:03:26.8935585Z","Action":"pass","Package":"github.com/snissn/gomap/TreeDB/caching","Test":"TestVlogGenerationRewrite_ConsumesBudgetToZeroWhenRewriteExceedsBudgetCap","Elapsed":0.1}
2026-10-06T20:03:26.9010131Z {"Time":"2026-10-06T20:03:26.8935585Z","Action":"run","Package":"github.com/snissn/gomap/TreeDB/caching","Test":"TestVlogGenerationRewritePlan_TracksEmptyPlanOutcome"}
2026-10-06T20:03:26.9011846Z {"Time":"2026-10-06T20:03:26.8935585Z","Action":"output","Package":"github.com/snissn/gomap/TreeDB/caching","Test":"TestVlogGenerationRewritePlan_TracksEmptyPlanOutcome","Output":"=== RUN   TestVlogGenerationRewritePlan_TracksEmptyPlanOutcome\n"}
2026-10-06T20:03:26.9935575Z {"Time":"2026-10-06T20:03:26.980365Z","Action":"output","Package":"github.com/snissn/gomap/TreeDB/caching","Test":"TestVlogGenerationRewritePlan_TracksEmptyPlanOutcome","Output":"--- PASS: TestVlogGenerationRewritePlan_TracksEmptyPlanOutcome (0.09s)\n"}
2026-10-06T20:03:26.9937834Z {"Time":"2026-10-06T20:03:26.980365Z","Action":"pass","Package":"github.com/snissn/gomap/TreeDB/caching","Test":"TestVlogGenerationRewritePlan_TracksEmptyPlanOutcome","Elapsed":0.09}
2026-10-06T20:03:26.9939669Z {"Time":"2026-10-06T20:03:26.980365Z","Action":"run","Package":"github.com/snissn/gomap/TreeDB/caching","Test":"TestVlogGenerationMaintenance_SkipsBeforeFirstCheckpointInWALOffMode"}
2026-10-06T20:03:26.9941605Z {"Time":"2026-10-06T20:03:26.980365Z","Action":"output","Package":"github.com/snissn/gomap/TreeDB/caching","Test":"TestVlogGenerationMaintenance_SkipsBeforeFirstCheckpointInWALOffMode","Output":"=== RUN   TestVlogGenerationMaintenance_SkipsBeforeFirstCheckpointInWALOffMode\n"}
2026-10-06T20:03:27.1988765Z {"Time":"2026-10-06T20:03:27.1970326Z","Action":"output","Package":"github.com/snissn/gomap/TreeDB/caching","Test":"TestVlogGenerationMaintenance_SkipsBeforeFirstCheckpointInWALOffMode","Output":"--- PASS: TestVlogGenerationMaintenance_SkipsBeforeFirstCheckpointInWALOffMode (0.22s)\n"}
2026-10-06T20:03:27.1990729Z {"Time":"2026-10-06T20:03:27.1970326Z","Action":"pass","Package":"github.com/snissn/gomap/TreeDB/caching","Test":"TestVlogGenerationMaintenance_SkipsBeforeFirstCheckpointInWALOffMode","Elapsed":0.22}
2026-10-06T20:03:27.1992085Z {"Time":"2026-10-06T20:03:27.1970326Z","Action":"run","Package":"github.com/snissn/gomap/TreeDB/caching","Test":"TestVlogGenerationMaintenance_SkipsDuringRecentForegroundReads"}
2026-10-06T20:03:27.1993945Z {"Time":"2026-10-06T20:03:27.1970326Z","Action":"output","Package":"github.com/snissn/gomap/TreeDB/caching","Test":"TestVlogGenerationMaintenance_SkipsDuringRecentForegroundReads","Output":"=== RUN   TestVlogGenerationMaintenance_SkipsDuringRecentForegroundReads\n"}
2026-10-06T20:03:27.2913835Z {"Time":"2026-10-06T20:03:27.2904129Z","Action":"output","Package":"github.com/snissn/gomap/TreeDB/caching","Test":"TestVlogGenerationMaintenance_SkipsDuringRecentForegroundReads","Output":"--- PASS: TestVlogGenerationMaintenance_SkipsDuringRecentForegroundReads (0.09s)\n"}
2026-10-06T20:03:27.2917301Z {"Time":"2026-10-06T20:03:27.2904129Z","Action":"pass","Package":"github.com/snissn/gomap/TreeDB/caching","Test":"TestVlogGenerationMaintenance_SkipsDuringRecentForegroundReads","Elapsed":0.09}
2026-10-06T20:03:27.2919878Z {"Time":"2026-10-06T20:03:27.2909802Z","Action":"run","Package":"github.com/snissn/gomap/TreeDB/caching","Test":"TestVlogGenerationRewritePlan_GraceAllowsShortPlanDuringForegroundResume"}
2026-10-06T20:03:27.2923211Z {"Time":"2026-10-06T20:03:27.2909802Z","Action":"output","Package":"github.com/snissn/gomap/TreeDB/caching","Test":"TestVlogGenerationRewritePlan_GraceAllowsShortPlanDuringForegroundResume","Output":"=== RUN   TestVlogGenerationRewritePlan_GraceAllowsShortPlanDuringForegroundResume\n"}
2026-10-06T20:03:27.5882983Z {"Time":"2026-10-06T20:03:27.5799898Z","Action":"output","Package":"github.com/snissn/gomap/TreeDB/caching","Test":"TestVlogGenerationRewritePlan_GraceAllowsShortPlanDuringForegroundResume","Output":"--- PASS: TestVlogGenerationRewritePlan_GraceAllowsShortPlanDuringForegroundResume (0.29s)\n"}
2026-10-06T20:03:27.5886558Z {"Time":"2026-10-06T20:03:27.5799898Z","Action":"pass","Package":"github.com/snissn/gomap/TreeDB/caching","Test":"TestVlogGenerationRewritePlan_GraceAllowsShortPlanDuringForegroundResume","Elapsed":0.29}
2026-10-06T20:03:27.5888678Z {"Time":"2026-10-06T20:03:27.5799898Z","Action":"run","Package":"github.com/snissn/gomap/TreeDB/caching","Test":"TestForegroundMaintenanceContextResumeGrace_WriteBoundaryOrdering"}
2026-10-06T20:03:27.5891077Z {"Time":"2026-10-06T20:03:27.5799898Z","Action":"output","Package":"github.com/snissn/gomap/TreeDB/caching","Test":"TestForegroundMaintenanceContextResumeGrace_WriteBoundaryOrdering","Output":"=== RUN   TestForegroundMaintenanceContextResumeGrace_WriteBoundaryOrdering\n"}
2026-10-06T20:03:27.5893165Z {"Time":"2026-10-06T20:03:27.5799898Z","Action":"run","Package":"github.com/snissn/gomap/TreeDB/caching","Test":"TestForegroundMaintenanceContextResumeGrace_WriteBoundaryOrdering/write_inside_grace_is_absorbed"}
2026-10-06T20:03:27.5895348Z {"Time":"2026-10-06T20:03:27.5799898Z","Action":"output","Package":"github.com/snissn/gomap/TreeDB/caching","Test":"TestForegroundMaintenanceContextResumeGrace_WriteBoundaryOrdering/write_inside_grace_is_absorbed","Output":"=== RUN   TestForegroundMaintenanceContextResumeGrace_WriteBoundaryOrdering/write_inside_grace_is_absorbed\n"}
2026-10-06T20:03:27.8406969Z {"Time":"2026-10-06T20:03:27.8308547Z","Action":"output","Package":"github.com/snissn/gomap/TreeDB/caching","Test":"TestForegroundMaintenanceContextResumeGrace_WriteBoundaryOrdering/write_inside_grace_is_absorbed","Output":"--- PASS: TestForegroundMaintenanceContextResumeGrace_WriteBoundaryOrdering/write_inside_grace_is_absorbed (0.25s)\n"}
2026-10-06T20:03:27.8409970Z {"Time":"2026-10-06T20:03:27.8308547Z","Action":"pass","Package":"github.com/snissn/gomap/TreeDB/caching","Test":"TestForegroundMaintenanceContextResumeGrace_WriteBoundaryOrdering/write_inside_grace_is_absorbed","Elapsed":0.25}
2026-10-06T20:03:27.8411926Z {"Time":"2026-10-06T20:03:27.8308547Z","Action":"run","Package":"github.com/snissn/gomap/TreeDB/caching","Test":"TestForegroundMaintenanceContextResumeGrace_WriteBoundaryOrdering/write_after_deadline_cancels_with_delayed_boundary"}
2026-10-06T20:03:27.8414723Z {"Time":"2026-10-06T20:03:27.8308547Z","Action":"output","Package":"github.com/snissn/gomap/TreeDB/caching","Test":"TestForegroundMaintenanceContextResumeGrace_WriteBoundaryOrdering/write_after_deadline_cancels_with_delayed_boundary","Output":"=== RUN   TestForegroundMaintenanceContextResumeGrace_WriteBoundaryOrdering/write_after_deadline_cancels_with_delayed_boundary\n"}
2026-10-06T20:03:27.9191257Z {"Time":"2026-10-06T20:03:27.9061788Z","Action":"output","Package":"github.com/snissn/gomap/TreeDB/caching","Test":"TestForegroundMaintenanceContextResumeGrace_WriteBoundaryOrdering/write_after_deadline_cancels_with_delayed_boundary","Output":"--- PASS: TestForegroundMaintenanceContextResumeGrace_WriteBoundaryOrdering/write_after_deadline_cancels_with_delayed_boundary (0.07s)\n"}
2026-10-06T20:03:27.9194101Z {"Time":"2026-10-06T20:03:27.9061788Z","Action":"pass","Package":"github.com/snissn/gomap/TreeDB/caching","Test":"TestForegroundMaintenanceContextResumeGrace_WriteBoundaryOrdering/write_after_deadline_cancels_with_delayed_boundary","Elapsed":0.07}
2026-10-06T20:03:27.9196102Z {"Time":"2026-10-06T20:03:27.9061788Z","Action":"run","Package":"github.com/snissn/gomap/TreeDB/caching","Test":"TestForegroundMaintenanceContextResumeGrace_WriteBoundaryOrdering/read_after_deadline_cancels_with_delayed_boundary"}
2026-10-06T20:03:27.9198504Z {"Time":"2026-10-06T20:03:27.9061788Z","Action":"output","Package":"github.com/snissn/gomap/TreeDB/caching","Test":"TestForegroundMaintenanceContextResumeGrace_WriteBoundaryOrdering/read_after_deadline_cancels_with_delayed_boundary","Output":"=== RUN   TestForegroundMaintenanceContextResumeGrace_WriteBoundaryOrdering/read_after_deadline_cancels_with_delayed_boundary\n"}
2026-10-06T20:03:27.9848077Z {"Time":"2026-10-06T20:03:27.9819364Z","Action":"output","Package":"github.com/snissn/gomap/TreeDB/caching","Test":"TestForegroundMaintenanceContextResumeGrace_WriteBoundaryOrdering/read_after_deadline_cancels_with_delayed_boundary","Output":"--- PASS: TestForegroundMaintenanceContextResumeGrace_WriteBoundaryOrdering/read_after_deadline_cancels_with_delayed_boundary (0.08s)\n"}
2026-10-06T20:03:27.9851020Z {"Time":"2026-10-06T20:03:27.9819364Z","Action":"pass","Package":"github.com/snissn/gomap/TreeDB/caching","Test":"TestForegroundMaintenanceContextResumeGrace_WriteBoundaryOrdering/read_after_deadline_cancels_with_delayed_boundary","Elapsed":0.08}
2026-10-06T20:03:27.9853566Z {"Time":"2026-10-06T20:03:27.9819364Z","Action":"output","Package":"github.com/snissn/gomap/TreeDB/caching","Test":"TestForegroundMaintenanceContextResumeGrace_WriteBoundaryOrdering","Output":"--- PASS: TestForegroundMaintenanceContextResumeGrace_WriteBoundaryOrdering (0.40s)\n"}
2026-10-06T20:03:27.9856156Z {"Time":"2026-10-06T20:03:27.9819364Z","Action":"pass","Package":"github.com/snissn/gomap/TreeDB/caching","Test":"TestForegroundMaintenanceContextResumeGrace_WriteBoundaryOrdering","Elapsed":0.4}
2026-10-06T20:03:27.9857794Z {"Time":"2026-10-06T20:03:27.9822904Z","Action":"run","Package":"github.com/snissn/gomap/TreeDB/caching","Test":"TestVlogGenerationRewritePlan_CancelBackoffCheckpointKickBypasses"}
2026-10-06T20:03:27.9859758Z {"Time":"2026-10-06T20:03:27.9822904Z","Action":"output","Package":"github.com/snissn/gomap/TreeDB/caching","Test":"TestVlogGenerationRewritePlan_CancelBackoffCheckpointKickBypasses","Output":"=== RUN   TestVlogGenerationRewritePlan_CancelBackoffCheckpointKickBypasses\n"}
2026-10-06T20:03:28.0924551Z {"Time":"2026-10-06T20:03:28.0909902Z","Action":"output","Package":"github.com/snissn/gomap/TreeDB/caching","Test":"TestVlogGenerationRewritePlan_CancelBackoffCheckpointKickBypasses","Output":"--- PASS: TestVlogGenerationRewritePlan_CancelBackoffCheckpointKickBypasses (0.11s)\n"}
2026-10-06T20:03:28.0928023Z {"Time":"2026-10-06T20:03:28.0909902Z","Action":"pass","Package":"github.com/snissn/gomap/TreeDB/caching","Test":"TestVlogGenerationRewritePlan_CancelBackoffCheckpointKickBypasses","Elapsed":0.11}
2026-10-06T20:03:28.0930040Z {"Time":"2026-10-06T20:03:28.0909902Z","Action":"run","Package":"github.com/snissn/gomap/TreeDB/caching","Test":"TestVlogGenerationRewritePlan_ForegroundReadsStillRunForcedGC"}
2026-10-06T20:03:28.0931711Z {"Time":"2026-10-06T20:03:28.0909902Z","Action":"output","Package":"github.com/snissn/gomap/TreeDB/caching","Test":"TestVlogGenerationRewritePlan_ForegroundReadsStillRunForcedGC","Output":"=== RUN   TestVlogGenerationRewritePlan_ForegroundReadsStillRunForcedGC\n"}
2026-10-06T20:03:28.1830345Z {"Time":"2026-10-06T20:03:28.1820516Z","Action":"output","Package":"github.com/snissn/gomap/TreeDB/caching","Test":"TestVlogGenerationRewritePlan_ForegroundReadsStillRunForcedGC","Output":"--- PASS: TestVlogGenerationRewritePlan_ForegroundReadsStillRunForcedGC (0.09s)\n"}
2026-10-06T20:03:28.1832326Z {"Time":"2026-10-06T20:03:28.1820516Z","Action":"pass","Package":"github.com/snissn/gomap/TreeDB/caching","Test":"TestVlogGenerationRewritePlan_ForegroundReadsStillRunForcedGC","Elapsed":0.09}
2026-10-06T20:03:28.1834102Z {"Time":"2026-10-06T20:03:28.1820516Z","Action":"run","Package":"github.com/snissn/gomap/TreeDB/caching","Test":"TestVlogGenerationStats_ReportRewriteBacklogAndDurations"}
2026-10-06T20:03:28.1835687Z {"Time":"2026-10-06T20:03:28.1820516Z","Action":"output","Package":"github.com/snissn/gomap/TreeDB/caching","Test":"TestVlogGenerationStats_ReportRewriteBacklogAndDurations","Output":"=== RUN   TestVlogGenerationStats_ReportRewriteBacklogAndDurations\n"}
2026-10-06T20:03:28.2765234Z {"Time":"2026-10-06T20:03:28.2729167Z","Action":"output","Package":"github.com/snissn/gomap/TreeDB/caching","Test":"TestVlogGenerationStats_ReportRewriteBacklogAndDurations","Output":"--- PASS: TestVlogGenerationStats_ReportRewriteBacklogAndDurations (0.09s)\n"}
2026-10-06T20:03:28.2766966Z {"Time":"2026-10-06T20:03:28.2729167Z","Action":"pass","Package":"github.com/snissn/gomap/TreeDB/caching","Test":"TestVlogGenerationStats_ReportRewriteBacklogAndDurations","Elapsed":0.09}
2026-10-06T20:03:28.2768154Z {"Time":"2026-10-06T20:03:28.2729167Z","Action":"run","Package":"github.com/snissn/gomap/TreeDB/caching","Test":"TestVlogGenerationSegmentTargetEnvOverrides"}
2026-10-06T20:03:28.2769507Z {"Time":"2026-10-06T20:03:28.2729167Z","Action":"output","Package":"github.com/snissn/gomap/TreeDB/caching","Test":"TestVlogGenerationSegmentTargetEnvOverrides","Output":"=== RUN   TestVlogGenerationSegmentTargetEnvOverrides\n"}
2026-10-06T20:03:28.3843054Z {"Time":"2026-10-06T20:03:28.3762787Z","Action":"output","Package":"github.com/snissn/gomap/TreeDB/caching","Test":"TestVlogGenerationSegmentTargetEnvOverrides","Output":"--- PASS: TestVlogGenerationSegmentTargetEnvOverrides (0.10s)\n"}
2026-10-06T20:03:28.3846400Z {"Time":"2026-10-06T20:03:28.3762787Z","Action":"pass","Package":"github.com/snissn/gomap/TreeDB/caching","Test":"TestVlogGenerationSegmentTargetEnvOverrides","Elapsed":0.1}
2026-10-06T20:03:28.3849060Z {"Time":"2026-10-06T20:03:28.3762787Z","Action":"run","Package":"github.com/snissn/gomap/TreeDB/caching","Test":"TestLoadValueLogGenerationRewriteState_PreservesPenaltiesWithoutQueue"}
2026-10-06T20:03:28.3852299Z {"Time":"2026-10-06T20:03:28.3762787Z","Action":"output","Package":"github.com/snissn/gomap/TreeDB/caching","Test":"TestLoadValueLogGenerationRewriteState_PreservesPenaltiesWithoutQueue","Output":"=== RUN   TestLoadValueLogGenerationRewriteState_PreservesPenaltiesWithoutQueue\n"}
2026-10-06T20:03:28.3856077Z {"Time":"2026-10-06T20:03:28.378483Z","Action":"output","Package":"github.com/snissn/gomap/TreeDB/caching","Test":"TestLoadValueLogGenerationRewriteState_PreservesPenaltiesWithoutQueue","Output":"--- PASS: TestLoadValueLogGenerationRewriteState_PreservesPenaltiesWithoutQueue (0.00s)\n"}
2026-10-06T20:03:28.3859190Z {"Time":"2026-10-06T20:03:28.378483Z","Action":"pass","Package":"github.com/snissn/gomap/TreeDB/caching","Test":"TestLoadValueLogGenerationRewriteState_PreservesPenaltiesWithoutQueue","Elapsed":0}
2026-10-06T20:03:28.3861947Z {"Time":"2026-10-06T20:03:28.378483Z","Action":"run","Package":"github.com/snissn/gomap/TreeDB/caching","Test":"TestPrioritizeVlogGenerationRewriteIDs_PrefersUsefulThenUnknownThenZeroYield"}
2026-10-06T20:03:28.3865245Z {"Time":"2026-10-06T20:03:28.378483Z","Action":"output","Package":"github.com/snissn/gomap/TreeDB/caching","Test":"TestPrioritizeVlogGenerationRewriteIDs_PrefersUsefulThenUnknownThenZeroYield","Output":"=== RUN   TestPrioritizeVlogGenerationRewriteIDs_PrefersUsefulThenUnknownThenZeroYield\n"}
2026-10-06T20:03:28.3869599Z {"Time":"2026-10-06T20:03:28.378483Z","Action":"output","Package":"github.com/snissn/gomap/TreeDB/caching","Test":"TestPrioritizeVlogGenerationRewriteIDs_PrefersUsefulThenUnknownThenZeroYield","Output":"--- PASS: TestPrioritizeVlogGenerationRewriteIDs_PrefersUsefulThenUnknownThenZeroYield (0.00s)\n"}
2026-10-06T20:03:28.3873179Z {"Time":"2026-10-06T20:03:28.378483Z","Action":"pass","Package":"github.com/snissn/gomap/TreeDB/caching","Test":"TestPrioritizeVlogGenerationRewriteIDs_PrefersUsefulThenUnknownThenZeroYield","Elapsed":0}
2026-10-06T20:03:28.3875525Z {"Time":"2026-10-06T20:03:28.378483Z","Action":"run","Package":"github.com/snissn/gomap/TreeDB/caching","Test":"TestAppendPreparedLeafPageAllocsBudget"}
2026-10-06T20:03:28.3877935Z {"Time":"2026-10-06T20:03:28.378483Z","Action":"output","Package":"github.com/snissn/gomap/TreeDB/caching","Test":"TestAppendPreparedLeafPageAllocsBudget","Output":"=== RUN   TestAppendPreparedLeafPageAllocsBudget\n"}
2026-10-06T20:03:28.3880896Z {"Time":"2026-10-06T20:03:28.3795856Z","Action":"output","Package":"github.com/snissn/gomap/TreeDB/caching","Test":"TestAppendPreparedLeafPageAllocsBudget","Output":"--- PASS: TestAppendPreparedLeafPageAllocsBudget (0.00s)\n"}
2026-10-06T20:03:28.3883487Z {"Time":"2026-10-06T20:03:28.3795856Z","Action":"pass","Package":"github.com/snissn/gomap/TreeDB/caching","Test":"TestAppendPreparedLeafPageAllocsBudget","Elapsed":0}
2026-10-06T20:03:28.3885968Z {"Time":"2026-10-06T20:03:28.3795856Z","Action":"run","Package":"github.com/snissn/gomap/TreeDB/caching","Test":"TestAppendValueLogOne_QueuedDictProbeClearsPause"}
2026-10-06T20:03:28.3888595Z {"Time":"2026-10-06T20:03:28.3795856Z","Action":"output","Package":"github.com/snissn/gomap/TreeDB/caching","Test":"TestAppendValueLogOne_QueuedDictProbeClearsPause","Output":"=== RUN   TestAppendValueLogOne_QueuedDictProbeClearsPause\n"}
2026-10-06T20:03:28.3891769Z {"Time":"2026-10-06T20:03:28.3828653Z","Action":"output","Package":"github.com/snissn/gomap/TreeDB/caching","Test":"TestAppendValueLogOne_QueuedDictProbeClearsPause","Output":"--- PASS: TestAppendValueLogOne_QueuedDictProbeClearsPause (0.00s)\n"}
2026-10-06T20:03:28.3896041Z {"Time":"2026-10-06T20:03:28.3828653Z","Action":"pass","Package":"github.com/snissn/gomap/TreeDB/caching","Test":"TestAppendValueLogOne_QueuedDictProbeClearsPause","Elapsed":0}
2026-10-06T20:03:28.3898544Z {"Time":"2026-10-06T20:03:28.3828653Z","Action":"run","Package":"github.com/snissn/gomap/TreeDB/caching","Test":"TestCheckpoint_RetainsValueLogWhenBackendDefersZombieMark"}
2026-10-06T20:03:28.3901461Z {"Time":"2026-10-06T20:03:28.3828653Z","Action":"output","Package":"github.com/snissn/gomap/TreeDB/caching","Test":"TestCheckpoint_RetainsValueLogWhenBackendDefersZombieMark","Output":"=== RUN   TestCheckpoint_RetainsValueLogWhenBackendDefersZombieMark\n"}
2026-10-06T20:03:28.3999122Z {"Time":"2026-10-06T20:03:28.3904871Z","Action":"output","Package":"github.com/snissn/gomap/TreeDB/caching","Test":"TestCheckpoint_RetainsValueLogWhenBackendDefersZombieMark","Output":"--- PASS: TestCheckpoint_RetainsValueLogWhenBackendDefersZombieMark (0.01s)\n"}
2026-10-06T20:03:28.4002221Z {"Time":"2026-10-06T20:03:28.3904871Z","Action":"pass","Package":"github.com/snissn/gomap/TreeDB/caching","Test":"TestCheckpoint_RetainsValueLogWhenBackendDefersZombieMark","Elapsed":0.01}
2026-10-06T20:03:28.4004463Z {"Time":"2026-10-06T20:03:28.3904871Z","Action":"run","Package":"github.com/snissn/gomap/TreeDB/caching","Test":"TestAppendValueLog_RelaxedSyncRotatesWithoutFsync"}
2026-10-06T20:03:28.4007040Z {"Time":"2026-10-06T20:03:28.3904871Z","Action":"output","Package":"github.com/snissn/gomap/TreeDB/caching","Test":"TestAppendValueLog_RelaxedSyncRotatesWithoutFsync","Output":"=== RUN   TestAppendValueLog_RelaxedSyncRotatesWithoutFsync\n"}
2026-10-06T20:03:28.4010173Z {"Time":"2026-10-06T20:03:28.3904871Z","Action":"output","Package":"github.com/snissn/gomap/TreeDB/caching","Test":"TestAppendValueLog_RelaxedSyncRotatesWithoutFsync","Output":"=== PAUSE TestAppendValueLog_RelaxedSyncRotatesWithoutFsync\n"}
2026-10-06T20:03:28.4012747Z {"Time":"2026-10-06T20:03:28.3904871Z","Action":"pause","Package":"github.com/snissn/gomap/TreeDB/caching","Test":"TestAppendValueLog_RelaxedSyncRotatesWithoutFsync"}
2026-10-06T20:03:28.4014841Z {"Time":"2026-10-06T20:03:28.3904871Z","Action":"run","Package":"github.com/snissn/gomap/TreeDB/caching","Test":"TestRotateWALLockedWithOptions_DoesNotAdvanceSeqOnFailure"}
2026-10-06T20:03:28.4017660Z {"Time":"2026-10-06T20:03:28.3904871Z","Action":"output","Package":"github.com/snissn/gomap/TreeDB/caching","Test":"TestRotateWALLockedWithOptions_DoesNotAdvanceSeqOnFailure","Output":"=== RUN   TestRotateWALLockedWithOptions_DoesNotAdvanceSeqOnFailure\n"}
2026-10-06T20:03:28.4019664Z {"Time":"2026-10-06T20:03:28.3904871Z","Action":"output","Package":"github.com/snissn/gomap/TreeDB/caching","Test":"TestRotateWALLockedWithOptions_DoesNotAdvanceSeqOnFailure","Output":"=== PAUSE TestRotateWALLockedWithOptions_DoesNotAdvanceSeqOnFailure\n"}
2026-10-06T20:03:28.4021176Z {"Time":"2026-10-06T20:03:28.3904871Z","Action":"pause","Package":"github.com/snissn/gomap/TreeDB/caching","Test":"TestRotateWALLockedWithOptions_DoesNotAdvanceSeqOnFailure"}
2026-10-06T20:03:28.4022318Z {"Time":"2026-10-06T20:03:28.3904871Z","Action":"run","Package":"github.com/snissn/gomap/TreeDB/caching","Test":"TestMaxValueLogRIDFromSegmentsScansAllSegments"}
2026-10-06T20:03:28.4023703Z {"Time":"2026-10-06T20:03:28.3904871Z","Action":"output","Package":"github.com/snissn/gomap/TreeDB/caching","Test":"TestMaxValueLogRIDFromSegmentsScansAllSegments","Output":"=== RUN   TestMaxValueLogRIDFromSegmentsScansAllSegments\n"}
2026-10-06T20:03:28.4025351Z {"Time":"2026-10-06T20:03:28.3904871Z","Action":"output","Package":"github.com/snissn/gomap/TreeDB/caching","Test":"TestMaxValueLogRIDFromSegmentsScansAllSegments","Output":"=== PAUSE TestMaxValueLogRIDFromSegmentsScansAllSegments\n"}
2026-10-06T20:03:28.4026764Z {"Time":"2026-10-06T20:03:28.3904871Z","Action":"pause","Package":"github.com/snissn/gomap/TreeDB/caching","Test":"TestMaxValueLogRIDFromSegmentsScansAllSegments"}
2026-10-06T20:03:28.4028014Z {"Time":"2026-10-06T20:03:28.3904871Z","Action":"run","Package":"github.com/snissn/gomap/TreeDB/caching","Test":"TestStats_ExportsVlogShapeKeys"}
2026-10-06T20:03:28.4029992Z {"Time":"2026-10-06T20:03:28.3904871Z","Action":"output","Package":"github.com/snissn/gomap/TreeDB/caching","Test":"TestStats_ExportsVlogShapeKeys","Output":"=== RUN   TestStats_ExportsVlogShapeKeys\n"}
2026-10-06T20:03:28.4622275Z {"Time":"2026-10-06T20:03:28.4525233Z","Action":"output","Package":"github.com/snissn/gomap/TreeDB/caching","Test":"TestStats_ExportsVlogShapeKeys","Output":"--- PASS: TestStats_ExportsVlogShapeKeys (0.06s)\n"}
2026-10-06T20:03:28.4623921Z {"Time":"2026-10-06T20:03:28.4525233Z","Action":"pass","Package":"github.com/snissn/gomap/TreeDB/caching","Test":"TestStats_ExportsVlogShapeKeys","Elapsed":0.06}
2026-10-06T20:03:28.4625043Z {"Time":"2026-10-06T20:03:28.4525233Z","Action":"run","Package":"github.com/snissn/gomap/TreeDB/caching","Test":"TestOpen_DisableWALWiresZipperParallelMergePressure"}
2026-10-06T20:03:28.4626537Z {"Time":"2026-10-06T20:03:28.4525233Z","Action":"output","Package":"github.com/snissn/gomap/TreeDB/caching","Test":"TestOpen_DisableWALWiresZipperParallelMergePressure","Output":"=== RUN   TestOpen_DisableWALWiresZipperParallelMergePressure\n"}
2026-10-06T20:03:28.4628529Z {"Time":"2026-10-06T20:03:28.4559772Z","Action":"output","Package":"github.com/snissn/gomap/TreeDB/caching","Test":"TestOpen_DisableWALWiresZipperParallelMergePressure","Output":"--- PASS: TestOpen_DisableWALWiresZipperParallelMergePressure (0.00s)\n"}
2026-10-06T20:03:28.4630042Z {"Time":"2026-10-06T20:03:28.4559772Z","Action":"pass","Package":"github.com/snissn/gomap/TreeDB/caching","Test":"TestOpen_DisableWALWiresZipperParallelMergePressure","Elapsed":0}
2026-10-06T20:03:28.4631190Z {"Time":"2026-10-06T20:03:28.4559772Z","Action":"cont","Package":"github.com/snissn/gomap/TreeDB/caching","Test":"TestRootDomainSnapshot_TombstoneHidesOlderRuns"}
2026-10-06T20:03:28.4632544Z {"Time":"2026-10-06T20:03:28.4559772Z","Action":"output","Package":"github.com/snissn/gomap/TreeDB/caching","Test":"TestRootDomainSnapshot_TombstoneHidesOlderRuns","Output":"=== CONT  TestRootDomainSnapshot_TombstoneHidesOlderRuns\n"}
2026-10-06T20:03:28.4634117Z {"Time":"2026-10-06T20:03:28.4559772Z","Action":"cont","Package":"github.com/snissn/gomap/TreeDB/caching","Test":"TestPromoteRootDomainMutableLocked_SkipsEmptySealedMemtable"}
2026-10-06T20:03:28.4635874Z {"Time":"2026-10-06T20:03:28.4559772Z","Action":"output","Package":"github.com/snissn/gomap/TreeDB/caching","Test":"TestPromoteRootDomainMutableLocked_SkipsEmptySealedMemtable","Output":"=== CONT  TestPromoteRootDomainMutableLocked_SkipsEmptySealedMemtable\n"}
2026-10-06T20:03:28.4637755Z {"Time":"2026-10-06T20:03:28.4559772Z","Action":"output","Package":"github.com/snissn/gomap/TreeDB/caching","Test":"TestPromoteRootDomainMutableLocked_SkipsEmptySealedMemtable","Output":"--- PASS: TestPromoteRootDomainMutableLocked_SkipsEmptySealedMemtable (0.00s)\n"}
2026-10-06T20:03:28.4639865Z {"Time":"2026-10-06T20:03:28.4559772Z","Action":"pass","Package":"github.com/snissn/gomap/TreeDB/caching","Test":"TestPromoteRootDomainMutableLocked_SkipsEmptySealedMemtable","Elapsed":0}
2026-10-06T20:03:28.4641063Z {"Time":"2026-10-06T20:03:28.4559772Z","Action":"cont","Package":"github.com/snissn/gomap/TreeDB/caching","Test":"TestMaxValueLogRIDFromSegmentsScansAllSegments"}
2026-10-06T20:03:28.4642439Z {"Time":"2026-10-06T20:03:28.4559772Z","Action":"output","Package":"github.com/snissn/gomap/TreeDB/caching","Test":"TestMaxValueLogRIDFromSegmentsScansAllSegments","Output":"=== CONT  TestMaxValueLogRIDFromSegmentsScansAllSegments\n"}
2026-10-06T20:03:28.4644264Z {"Time":"2026-10-06T20:03:28.4559772Z","Action":"output","Package":"github.com/snissn/gomap/TreeDB/caching","Test":"TestRootDomainSnapshot_TombstoneHidesOlderRuns","Output":"--- PASS: TestRootDomainSnapshot_TombstoneHidesOlderRuns (0.00s)\n"}
2026-10-06T20:03:28.4645671Z {"Time":"2026-10-06T20:03:28.4559772Z","Action":"pass","Package":"github.com/snissn/gomap/TreeDB/caching","Test":"TestRootDomainSnapshot_TombstoneHidesOlderRuns","Elapsed":0}
2026-10-06T20:03:28.4647093Z {"Time":"2026-10-06T20:03:28.4559772Z","Action":"cont","Package":"github.com/snissn/gomap/TreeDB/caching","Test":"TestRotateWALLockedWithOptions_DoesNotAdvanceSeqOnFailure"}
2026-10-06T20:03:28.4648747Z {"Time":"2026-10-06T20:03:28.4559772Z","Action":"output","Package":"github.com/snissn/gomap/TreeDB/caching","Test":"TestRotateWALLockedWithOptions_DoesNotAdvanceSeqOnFailure","Output":"=== CONT  TestRotateWALLockedWithOptions_DoesNotAdvanceSeqOnFailure\n"}
2026-10-06T20:03:28.4650762Z {"Time":"2026-10-06T20:03:28.4576365Z","Action":"output","Package":"github.com/snissn/gomap/TreeDB/caching","Test":"TestRotateWALLockedWithOptions_DoesNotAdvanceSeqOnFailure","Output":"--- PASS: TestRotateWALLockedWithOptions_DoesNotAdvanceSeqOnFailure (0.00s)\n"}
2026-10-06T20:03:28.4652317Z {"Time":"2026-10-06T20:03:28.4576365Z","Action":"pass","Package":"github.com/snissn/gomap/TreeDB/caching","Test":"TestRotateWALLockedWithOptions_DoesNotAdvanceSeqOnFailure","Elapsed":0}
2026-10-06T20:03:28.4653903Z {"Time":"2026-10-06T20:03:28.4582044Z","Action":"cont","Package":"github.com/snissn/gomap/TreeDB/caching","Test":"TestAppendValueLog_RelaxedSyncRotatesWithoutFsync"}
2026-10-06T20:03:28.4655717Z {"Time":"2026-10-06T20:03:28.4582044Z","Action":"output","Package":"github.com/snissn/gomap/TreeDB/caching","Test":"TestAppendValueLog_RelaxedSyncRotatesWithoutFsync","Output":"=== CONT  TestAppendValueLog_RelaxedSyncRotatesWithoutFsync\n"}
2026-10-06T20:03:28.4657418Z {"Time":"2026-10-06T20:03:28.4593518Z","Action":"output","Package":"github.com/snissn/gomap/TreeDB/caching","Test":"TestAppendValueLog_RelaxedSyncRotatesWithoutFsync","Output":"--- PASS: TestAppendValueLog_RelaxedSyncRotatesWithoutFsync (0.00s)\n"}
2026-10-06T20:03:28.4658865Z {"Time":"2026-10-06T20:03:28.4593518Z","Action":"pass","Package":"github.com/snissn/gomap/TreeDB/caching","Test":"TestAppendValueLog_RelaxedSyncRotatesWithoutFsync","Elapsed":0}
2026-10-06T20:03:28.4660443Z {"Time":"2026-10-06T20:03:28.4593518Z","Action":"cont","Package":"github.com/snissn/gomap/TreeDB/caching","Test":"TestRootDomainSnapshot_HasPrefixesSortedUsesOneIteratorPerSource"}
2026-10-06T20:03:28.4662334Z {"Time":"2026-10-06T20:03:28.4593518Z","Action":"output","Package":"github.com/snissn/gomap/TreeDB/caching","Test":"TestRootDomainSnapshot_HasPrefixesSortedUsesOneIteratorPerSource","Output":"=== CONT  TestRootDomainSnapshot_HasPrefixesSortedUsesOneIteratorPerSource\n"}
2026-10-06T20:03:28.4664313Z {"Time":"2026-10-06T20:03:28.4593518Z","Action":"output","Package":"github.com/snissn/gomap/TreeDB/caching","Test":"TestRootDomainSnapshot_HasPrefixesSortedUsesOneIteratorPerSource","Output":"--- PASS: TestRootDomainSnapshot_HasPrefixesSortedUsesOneIteratorPerSource (0.00s)\n"}
2026-10-06T20:03:28.4665986Z {"Time":"2026-10-06T20:03:28.4593518Z","Action":"pass","Package":"github.com/snissn/gomap/TreeDB/caching","Test":"TestRootDomainSnapshot_HasPrefixesSortedUsesOneIteratorPerSource","Elapsed":0}
2026-10-06T20:03:28.4667506Z {"Time":"2026-10-06T20:03:28.4593518Z","Action":"cont","Package":"github.com/snissn/gomap/TreeDB/caching","Test":"TestRootDomainSnapshotFromCachedSnapshot_UsesBackendFallbackLookup"}
2026-10-06T20:03:28.4669171Z {"Time":"2026-10-06T20:03:28.4593518Z","Action":"output","Package":"github.com/snissn/gomap/TreeDB/caching","Test":"TestRootDomainSnapshotFromCachedSnapshot_UsesBackendFallbackLookup","Output":"=== CONT  TestRootDomainSnapshotFromCachedSnapshot_UsesBackendFallbackLookup\n"}
2026-10-06T20:03:28.4778565Z {"Time":"2026-10-06T20:03:28.4716138Z","Action":"output","Package":"github.com/snissn/gomap/TreeDB/caching","Test":"TestMaxValueLogRIDFromSegmentsScansAllSegments","Output":"--- PASS: TestMaxValueLogRIDFromSegmentsScansAllSegments (0.02s)\n"}
2026-10-06T20:03:28.4780319Z {"Time":"2026-10-06T20:03:28.4716138Z","Action":"pass","Package":"github.com/snissn/gomap/TreeDB/caching","Test":"TestMaxValueLogRIDFromSegmentsScansAllSegments","Elapsed":0.02}
2026-10-06T20:03:28.4781959Z {"Time":"2026-10-06T20:03:28.4716138Z","Action":"cont","Package":"github.com/snissn/gomap/TreeDB/caching","Test":"TestPublishMemtablesLocked_UsesRootDomainStateAuthority"}
2026-10-06T20:03:28.4784361Z {"Time":"2026-10-06T20:03:28.4716138Z","Action":"output","Package":"github.com/snissn/gomap/TreeDB/caching","Test":"TestPublishMemtablesLocked_UsesRootDomainStateAuthority","Output":"=== CONT  TestPublishMemtablesLocked_UsesRootDomainStateAuthority\n"}
2026-10-06T20:03:28.4786468Z {"Time":"2026-10-06T20:03:28.4716138Z","Action":"output","Package":"github.com/snissn/gomap/TreeDB/caching","Test":"TestPublishMemtablesLocked_UsesRootDomainStateAuthority","Output":"--- PASS: TestPublishMemtablesLocked_UsesRootDomainStateAuthority (0.00s)\n"}
2026-10-06T20:03:28.4788654Z {"Time":"2026-10-06T20:03:28.4716138Z","Action":"pass","Package":"github.com/snissn/gomap/TreeDB/caching","Test":"TestPublishMemtablesLocked_UsesRootDomainStateAuthority","Elapsed":0}
2026-10-06T20:03:28.4789892Z {"Time":"2026-10-06T20:03:28.4716138Z","Action":"cont","Package":"github.com/snissn/gomap/TreeDB/caching","Test":"TestRawPointRootDomainEntry_NewestWinsAcrossMutableAndQueue"}
2026-10-06T20:03:28.4791462Z {"Time":"2026-10-06T20:03:28.4716138Z","Action":"output","Package":"github.com/snissn/gomap/TreeDB/caching","Test":"TestRawPointRootDomainEntry_NewestWinsAcrossMutableAndQueue","Output":"=== CONT  TestRawPointRootDomainEntry_NewestWinsAcrossMutableAndQueue\n"}
2026-10-06T20:03:28.4794313Z {"Time":"2026-10-06T20:03:28.4716138Z","Action":"output","Package":"github.com/snissn/gomap/TreeDB/caching","Test":"TestRawPointRootDomainEntry_NewestWinsAcrossMutableAndQueue","Output":"--- PASS: TestRawPointRootDomainEntry_NewestWinsAcrossMutableAndQueue (0.00s)\n"}
2026-10-06T20:03:28.4796133Z {"Time":"2026-10-06T20:03:28.4716138Z","Action":"pass","Package":"github.com/snissn/gomap/TreeDB/caching","Test":"TestRawPointRootDomainEntry_NewestWinsAcrossMutableAndQueue","Elapsed":0}
2026-10-06T20:03:28.4797465Z {"Time":"2026-10-06T20:03:28.4716138Z","Action":"cont","Package":"github.com/snissn/gomap/TreeDB/caching","Test":"TestRootDomainSnapshotFromMemtableView_ForSnapshotReadsExcludesMutableRun"}
2026-10-06T20:03:28.4799723Z {"Time":"2026-10-06T20:03:28.4716138Z","Action":"output","Package":"github.com/snissn/gomap/TreeDB/caching","Test":"TestRootDomainSnapshotFromMemtableView_ForSnapshotReadsExcludesMutableRun","Output":"=== CONT  TestRootDomainSnapshotFromMemtableView_ForSnapshotReadsExcludesMutableRun\n"}
2026-10-06T20:03:28.4801886Z {"Time":"2026-10-06T20:03:28.4716138Z","Action":"output","Package":"github.com/snissn/gomap/TreeDB/caching","Test":"TestRootDomainSnapshotFromMemtableView_ForSnapshotReadsExcludesMutableRun","Output":"--- PASS: TestRootDomainSnapshotFromMemtableView_ForSnapshotReadsExcludesMutableRun (0.00s)\n"}
2026-10-06T20:03:28.4803673Z {"Time":"2026-10-06T20:03:28.4716138Z","Action":"pass","Package":"github.com/snissn/gomap/TreeDB/caching","Test":"TestRootDomainSnapshotFromMemtableView_ForSnapshotReadsExcludesMutableRun","Elapsed":0}
2026-10-06T20:03:28.4805447Z {"Time":"2026-10-06T20:03:28.4716138Z","Action":"cont","Package":"github.com/snissn/gomap/TreeDB/caching","Test":"TestRootDomainState_SnapshotDoesNotAliasLaterImmutableReuse"}
2026-10-06T20:03:28.4806996Z {"Time":"2026-10-06T20:03:28.4716138Z","Action":"output","Package":"github.com/snissn/gomap/TreeDB/caching","Test":"TestRootDomainState_SnapshotDoesNotAliasLaterImmutableReuse","Output":"=== CONT  TestRootDomainState_SnapshotDoesNotAliasLaterImmutableReuse\n"}
2026-10-06T20:03:28.4808883Z {"Time":"2026-10-06T20:03:28.4719726Z","Action":"output","Package":"github.com/snissn/gomap/TreeDB/caching","Test":"TestRootDomainState_SnapshotDoesNotAliasLaterImmutableReuse","Output":"--- PASS: TestRootDomainState_SnapshotDoesNotAliasLaterImmutableReuse (0.00s)\n"}
2026-10-06T20:03:28.5398377Z {"Time":"2026-10-06T20:03:28.5358926Z","Action":"pass","Package":"github.com/snissn/gomap/TreeDB/caching","Test":"TestRootDomainState_SnapshotDoesNotAliasLaterImmutableReuse","Elapsed":0}
2026-10-06T20:03:28.5401856Z {"Time":"2026-10-06T20:03:28.5364983Z","Action":"output","Package":"github.com/snissn/gomap/TreeDB/caching","Test":"TestRootDomainSnapshotFromCachedSnapshot_UsesBackendFallbackLookup","Output":"--- PASS: TestRootDomainSnapshotFromCachedSnapshot_UsesBackendFallbackLookup (0.08s)\n"}
2026-10-06T20:03:28.5406025Z {"Time":"2026-10-06T20:03:28.5364983Z","Action":"pass","Package":"github.com/snissn/gomap/TreeDB/caching","Test":"TestRootDomainSnapshotFromCachedSnapshot_UsesBackendFallbackLookup","Elapsed":0.08}
2026-10-06T20:03:28.5408102Z {"Time":"2026-10-06T20:03:28.5364983Z","Action":"output","Package":"github.com/snissn/gomap/TreeDB/caching","Output":"PASS\n"}
2026-10-06T20:03:28.6506622Z {"Time":"2026-10-06T20:03:28.6360209Z","Action":"output","Package":"github.com/snissn/gomap/TreeDB/caching","Output":"ok  \tgithub.com/snissn/gomap/TreeDB/caching\t22.799s\n"}
2026-10-06T20:03:31.0019713Z {"Time":"2026-10-06T20:03:30.9942234Z","Action":"pass","Package":"github.com/snissn/gomap/TreeDB/caching","Elapsed":25.158}
2026-10-06T20:03:31.1244728Z ##[group]Run python ../.github/scripts/summarize_go_test_json.py treedb-test.jsonl | tee treedb-test-summary.md
2026-10-06T20:03:31.1245625Z [36;1mpython ../.github/scripts/summarize_go_test_json.py treedb-test.jsonl | tee treedb-test-summary.md[0m
2026-10-06T20:03:31.1246126Z [36;1m{[0m
2026-10-06T20:03:31.1246414Z [36;1m  echo "### TreeDB test timing summary (windows-caching-rest-1)"[0m
2026-10-06T20:03:31.1246762Z [36;1m  echo[0m
2026-10-06T20:03:31.1246953Z [36;1m  cat treedb-test-summary.md[0m
2026-10-06T20:03:31.1247212Z [36;1m} >> "$GITHUB_STEP_SUMMARY"[0m
2026-10-06T20:03:31.1262495Z shell: C:\Program Files\Git\bin\bash.EXE --noprofile --norc -e -o pipefail {0}
2026-10-06T20:03:31.1262889Z ##[endgroup]
2026-10-06T20:03:31.8720443Z ## Go Test Timing Summary
2026-10-06T20:03:31.8720812Z 
2026-10-06T20:03:31.8721006Z | elapsed_s | result | package | test |
2026-10-06T20:03:31.8721492Z | ---: | --- | --- | --- |
2026-10-06T20:03:31.8722607Z | 1.35 | pass | `github.com/snissn/gomap/TreeDB/caching` | `TestCachingDB_FlushSomeAndFlushAllStress` |
2026-10-06T20:03:31.8724066Z | 1.09 | pass | `github.com/snissn/gomap/TreeDB/caching` | `TestVlogGenerationMaintenance_LeafPackDeadlineIsNotAnError` |
2026-10-06T20:03:31.8725607Z | 0.88 | pass | `github.com/snissn/gomap/TreeDB/caching` | `TestSeekGEExactMVCCRangeUsesShardLocalInMemorySources` |
2026-10-06T20:03:31.8727088Z | 0.60 | pass | `github.com/snissn/gomap/TreeDB/caching` | `TestAdaptiveMemtableMode_EarlyRotationKeepsSampling` |
2026-10-06T20:03:31.8728529Z | 0.56 | pass | `github.com/snissn/gomap/TreeDB/caching` | `TestCOWMaintenanceAcceptedRefreshPressureLifetime` |
2026-10-06T20:03:31.8730126Z | 0.50 | pass | `github.com/snissn/gomap/TreeDB/caching` | `TestCachedGenerationalMaintenance_LeafRefsBackgroundReopenable_WALOn` |
2026-10-06T20:03:31.8731497Z | 0.48 | pass | `github.com/snissn/gomap/TreeDB/caching` | `TestRelaxedSync_Performance` |
2026-10-06T20:03:31.8732864Z | 0.48 | pass | `github.com/snissn/gomap/TreeDB/caching` | `TestCachedRepeatedRewriteVacuumLeafRefsRemainReopenable_WALOn` |
2026-10-06T20:03:31.8734580Z | 0.42 | pass | `github.com/snissn/gomap/TreeDB/caching` | `TestCachingDB_AutoCheckpoint_SizeTrigger_DoesNotThrashWithRetainedValueLog` |
2026-10-06T20:03:31.8736384Z | 0.41 | pass | `github.com/snissn/gomap/TreeDB/caching` | `TestVlogGenerationAutomaticDelayedWakesPreserveMaintenanceBoundary` |
2026-10-06T20:03:31.8738098Z | 0.40 | pass | `github.com/snissn/gomap/TreeDB/caching` | `TestForegroundMaintenanceContextResumeGrace_WriteBoundaryOrdering` |
2026-10-06T20:03:31.8740183Z | 0.35 | pass | `github.com/snissn/gomap/TreeDB/caching` | `TestVlogGenerationRewrite_FreshPlanExecIgnoresForegroundCancelUntilBoundedComplete` |
2026-10-06T20:03:31.8741878Z | 0.34 | pass | `github.com/snissn/gomap/TreeDB/caching` | `TestCheckpoint_KickHotDebtOnlyWakeRunsAfterForegroundQuiets` |
2026-10-06T20:03:31.8743489Z | 0.31 | pass | `github.com/snissn/gomap/TreeDB/caching` | `TestCOWOrdinaryOverwriteAutomaticallyRollsBoundedGenerations` |
2026-10-06T20:03:31.8745407Z | 0.29 | pass | `github.com/snissn/gomap/TreeDB/caching` | `TestVlogGenerationRewritePlan_GraceAllowsShortPlanDuringForegroundResume` |
2026-10-06T20:03:31.8747300Z | 0.25 | pass | `github.com/snissn/gomap/TreeDB/caching` | `TestForegroundMaintenanceContextResumeGrace_WriteBoundaryOrdering/write_inside_grace_is_absorbed` |
2026-10-06T20:03:31.8749144Z | 0.23 | pass | `github.com/snissn/gomap/TreeDB/caching` | `TestCachingSpanNativeLeafLogOutputUsesSelectedLanes` |
2026-10-06T20:03:31.8750654Z | 0.22 | pass | `github.com/snissn/gomap/TreeDB/caching` | `TestVlogGenerationMaintenance_SkipsBeforeFirstCheckpointInWALOffMode` |
2026-10-06T20:03:31.8752106Z | 0.22 | pass | `github.com/snissn/gomap/TreeDB/caching` | `TestValueLogDictPauseAndProbeResume` |
2026-10-06T20:03:31.8753450Z | 0.22 | pass | `github.com/snissn/gomap/TreeDB/caching` | `TestCheckpoint_DefersRetainedValueLogPruneUntilForegroundQuiet` |
2026-10-06T20:03:31.8757669Z | 0.21 | pass | `github.com/snissn/gomap/TreeDB/caching` | `TestVlogGenerationRewriteAgeBlocked_ParksDuringAutomaticCheckpoint` |
2026-10-06T20:03:31.8759599Z | 0.21 | pass | `github.com/snissn/gomap/TreeDB/caching` | `TestRootDomainProbeStats_SnapshotHasManyAndHasPrefixes` |
2026-10-06T20:03:31.8761007Z | 0.21 | pass | `github.com/snissn/gomap/TreeDB/caching` | `TestRetainedValueLogPruneForce_PreemptsQuietWait` |
2026-10-06T20:03:31.8762355Z | 0.21 | pass | `github.com/snissn/gomap/TreeDB/caching` | `TestCachingRawSpanNativeCheckpointAndCloseDrainRoutes` |
2026-10-06T20:03:31.8764115Z | 0.20 | pass | `github.com/snissn/gomap/TreeDB/caching` | `TestVlogGenerationRewritePlan_AgeBlockedRetryReschedulesEarlierDeadlineAndPreservesAutomaticBoundary` |
2026-10-06T20:03:31.8765224Z 
2026-10-06T20:03:31.8765340Z ## Package Results
2026-10-06T20:03:31.8765530Z 
2026-10-06T20:03:31.8765670Z | elapsed_s | result | package |
2026-10-06T20:03:31.8766029Z | ---: | --- | --- |
2026-10-06T20:03:31.8766479Z | 25.16 | pass | `github.com/snissn/gomap/TreeDB/caching` |
2026-10-06T20:03:31.8766864Z 
2026-10-06T20:03:31.8767014Z ## Tests Still Running At Log End
2026-10-06T20:03:31.8767258Z 
2026-10-06T20:03:31.8767375Z - none
2026-10-06T20:03:31.8767723Z 
2026-10-06T20:03:31.9348698Z ##[group]Run actions/upload-artifact@v4
2026-10-06T20:03:31.9349025Z with:
2026-10-06T20:03:31.9349249Z   name: treedb-test-json-windows-caching-rest-1
2026-10-06T20:03:31.9349662Z   path: TreeDB/treedb-test.jsonl
TreeDB/treedb-test.jsonl.summary.md

2026-10-06T20:03:31.9350031Z   if-no-files-found: warn
2026-10-06T20:03:31.9350243Z   compression-level: 6
2026-10-06T20:03:31.9350437Z   overwrite: false
2026-10-06T20:03:31.9350628Z   include-hidden-files: false
2026-10-06T20:03:31.9350842Z ##[endgroup]
2026-10-06T20:03:32.1306573Z (node:7124) [DEP0040] DeprecationWarning: The `punycode` module is deprecated. Please use a userland alternative instead.
2026-10-06T20:03:32.1307881Z (Use `node --trace-deprecation ...` to show where the warning was created)
2026-10-06T20:03:32.1371595Z Multiple search paths detected. Calculating the least common ancestor of all paths
2026-10-06T20:03:32.1374980Z The least common ancestor is D:\a\gomap\gomap\TreeDB. This will be the root directory of the artifact
2026-10-06T20:03:32.1376194Z With the provided path, there will be 2 files uploaded
2026-10-06T20:03:32.1382273Z Artifact name is valid!
2026-10-06T20:03:32.1384778Z Root directory input is valid!
2026-10-06T20:03:32.3651945Z Beginning upload of artifact content to blob storage
2026-10-06T20:03:32.3958002Z (node:7124) [DEP0169] DeprecationWarning: `url.parse()` behavior is not standardized and prone to errors that have security implications. Use the WHATWG URL API instead. CVEs are not issued for `url.parse()` vulnerabilities.
2026-10-06T20:03:32.4260486Z Uploaded bytes 31799
2026-10-06T20:03:32.4423347Z Finished uploading artifact content to blob storage!
2026-10-06T20:03:32.4424677Z SHA256 digest of uploaded artifact zip is 355719236a8832f16996eaa49a16dacd4f82271805d7a0286a23a4e1470bcb1e
2026-10-06T20:03:32.4427100Z Finalizing artifact upload
2026-10-06T20:03:32.6728445Z Artifact treedb-test-json-windows-caching-rest-1.zip successfully finalized. Artifact ID 11441426119
2026-10-06T20:03:32.6730154Z Artifact treedb-test-json-windows-caching-rest-1 has been successfully uploaded! Final size is 31799 bytes. Artifact ID is 11441426119
2026-10-06T20:03:32.6739192Z Artifact download URL: https://github.com/snissn/gomap/actions/runs/37521995513/artifacts/11441426119
2026-10-06T20:03:32.7070110Z Post job cleanup.
2026-10-06T20:03:32.8589956Z (node:7032) [DEP0040] DeprecationWarning: The `punycode` module is deprecated. Please use a userland alternative instead.
2026-10-06T20:03:32.8590789Z (Use `node --trace-deprecation ...` to show where the warning was created)
2026-10-06T20:03:32.8925165Z Post job cleanup.
2026-10-06T20:03:33.1235756Z [command]"C:\Program Files\Git\bin\git.exe" version
2026-10-06T20:03:33.1533120Z git version 2.55.0.windows.5
2026-10-06T20:03:33.1625421Z Temporarily overriding HOME='D:\a\_temp\647c0719-7eac-4664-9e50-ed20fc394a63' before making global git config changes
2026-10-06T20:03:33.1626760Z Adding repository directory to the temporary git global config as a safe directory
2026-10-06T20:03:33.1636736Z [command]"C:\Program Files\Git\bin\git.exe" config --global --add safe.directory D:\a\gomap\gomap
2026-10-06T20:03:33.1951329Z [command]"C:\Program Files\Git\bin\git.exe" config --local --name-only --get-regexp core\.sshCommand
2026-10-06T20:03:33.2250432Z [command]"C:\Program Files\Git\bin\git.exe" submodule foreach --recursive "sh -c \"git config --local --name-only --get-regexp 'core\.sshCommand' && git config --local --unset-all 'core.sshCommand' || :\""
2026-10-06T20:03:33.7627858Z [command]"C:\Program Files\Git\bin\git.exe" config --local --name-only --get-regexp http\.https\:\/\/github\.com\/\.extraheader
2026-10-06T20:03:33.7895150Z http.https://github.com/.extraheader
2026-10-06T20:03:33.7941018Z [command]"C:\Program Files\Git\bin\git.exe" config --local --unset-all http.https://github.com/.extraheader
2026-10-06T20:03:33.8256861Z [command]"C:\Program Files\Git\bin\git.exe" submodule foreach --recursive "sh -c \"git config --local --name-only --get-regexp 'http\.https\:\/\/github\.com\/\.extraheader' && git config --local --unset-all 'http.https://github.com/.extraheader' || :\""
2026-10-06T20:03:34.3825734Z [command]"C:\Program Files\Git\bin\git.exe" config --local --name-only --get-regexp ^includeIf\.gitdir:
2026-10-06T20:03:34.4129864Z [command]"C:\Program Files\Git\bin\git.exe" submodule foreach --recursive "git config --local --show-origin --name-only --get-regexp remote.origin.url"
2026-10-06T20:03:34.9718228Z Cleaning up orphan processes
2026-10-06T20:03:34.9754716Z ##[warning]Node.js 20 is deprecated. The following actions target Node.js 20 but are being forced to run on Node.js 24: actions/checkout@v4, actions/setup-go@v5, actions/upload-artifact@v4. For more information see: https://github.blog/changelog/2025-09-19-deprecation-of-node-20-on-github-actions-runners/
