stable legacy/public capture	UNKNOWN STEP	﻿2026-10-06T11:05:24.9488218Z Current runner version: '2.337.0'
stable legacy/public capture	UNKNOWN STEP	2026-10-06T11:05:24.9509714Z ##[group]Runner Image Provisioner
stable legacy/public capture	UNKNOWN STEP	2026-10-06T11:05:24.9510525Z Hosted Compute Agent
stable legacy/public capture	UNKNOWN STEP	2026-10-06T11:05:24.9511014Z Version: 20260901.588
stable legacy/public capture	UNKNOWN STEP	2026-10-06T11:05:24.9511575Z Commit: f88ec8081b781fac6c440065ac7ff9e710ce3d0b
stable legacy/public capture	UNKNOWN STEP	2026-10-06T11:05:24.9512196Z Build Date: 2026-09-01T19:56:44Z
stable legacy/public capture	UNKNOWN STEP	2026-10-06T11:05:24.9512762Z Worker ID: {2cdee6b7-d373-400f-b29c-374a4464d2cf}
stable legacy/public capture	UNKNOWN STEP	2026-10-06T11:05:24.9513403Z Azure Region: westus3
stable legacy/public capture	UNKNOWN STEP	2026-10-06T11:05:24.9513875Z ##[endgroup]
stable legacy/public capture	UNKNOWN STEP	2026-10-06T11:05:24.9515067Z ##[group]Operating System
stable legacy/public capture	UNKNOWN STEP	2026-10-06T11:05:24.9515739Z Ubuntu
stable legacy/public capture	UNKNOWN STEP	2026-10-06T11:05:24.9516173Z 24.04.5
stable legacy/public capture	UNKNOWN STEP	2026-10-06T11:05:24.9516686Z LTS
stable legacy/public capture	UNKNOWN STEP	2026-10-06T11:05:24.9517113Z ##[endgroup]
stable legacy/public capture	UNKNOWN STEP	2026-10-06T11:05:24.9517591Z ##[group]Runner Image
stable legacy/public capture	UNKNOWN STEP	2026-10-06T11:05:24.9518132Z Image: ubuntu-24.04
stable legacy/public capture	UNKNOWN STEP	2026-10-06T11:05:24.9518600Z Version: 20260927.320.1
stable legacy/public capture	UNKNOWN STEP	2026-10-06T11:05:24.9519678Z Included Software: https://github.com/actions/runner-images/blob/ubuntu24/20260927.320/images/ubuntu/Ubuntu2404-Readme.md
stable legacy/public capture	UNKNOWN STEP	2026-10-06T11:05:24.9520948Z Image Release: https://github.com/actions/runner-images/releases/tag/ubuntu24%2F20260927.320
stable legacy/public capture	UNKNOWN STEP	2026-10-06T11:05:24.9521805Z ##[endgroup]
stable legacy/public capture	UNKNOWN STEP	2026-10-06T11:05:24.9522756Z ##[group]GITHUB_TOKEN Permissions
stable legacy/public capture	UNKNOWN STEP	2026-10-06T11:05:24.9524278Z Contents: read
stable legacy/public capture	UNKNOWN STEP	2026-10-06T11:05:24.9524757Z Metadata: read
stable legacy/public capture	UNKNOWN STEP	2026-10-06T11:05:24.9525448Z ##[endgroup]
stable legacy/public capture	UNKNOWN STEP	2026-10-06T11:05:24.9527282Z Secret source: Actions
stable legacy/public capture	UNKNOWN STEP	2026-10-06T11:05:24.9528153Z Cache mode: write
stable legacy/public capture	UNKNOWN STEP	2026-10-06T11:05:24.9528722Z Prepare workflow directory
stable legacy/public capture	UNKNOWN STEP	2026-10-06T11:05:24.9797233Z Prepare all required actions
stable legacy/public capture	UNKNOWN STEP	2026-10-06T11:05:24.9836177Z Getting action download info
stable legacy/public capture	UNKNOWN STEP	2026-10-06T11:05:25.2827404Z Download action repository 'actions/checkout@11d5960a326750d5838078e36cf38b85af677262' (SHA:11d5960a326750d5838078e36cf38b85af677262)
stable legacy/public capture	UNKNOWN STEP	2026-10-06T11:05:25.3842239Z Download action repository 'actions/setup-go@40f1582b2485089dde7abd97c1529aa768e1baff' (SHA:40f1582b2485089dde7abd97c1529aa768e1baff)
stable legacy/public capture	UNKNOWN STEP	2026-10-06T11:05:26.8836039Z Download action repository 'actions/upload-artifact@ea165f8d65b6e75b540449e92b4886f43607fa02' (SHA:ea165f8d65b6e75b540449e92b4886f43607fa02)
stable legacy/public capture	UNKNOWN STEP	2026-10-06T11:05:27.5968111Z Complete job name: stable legacy/public capture
stable legacy/public capture	UNKNOWN STEP	2026-10-06T11:05:27.6570610Z ##[group]Run actions/checkout@11d5960a326750d5838078e36cf38b85af677262
stable legacy/public capture	UNKNOWN STEP	2026-10-06T11:05:27.6571206Z with:
stable legacy/public capture	UNKNOWN STEP	2026-10-06T11:05:27.6571428Z   persist-credentials: false
stable legacy/public capture	UNKNOWN STEP	2026-10-06T11:05:27.6571702Z   ref: 3182e15dfe1aa11120db9d309ad0d590283398d6
stable legacy/public capture	UNKNOWN STEP	2026-10-06T11:05:27.6572023Z   fetch-depth: 0
stable legacy/public capture	UNKNOWN STEP	2026-10-06T11:05:27.6572248Z   repository: snissn/gomap
stable legacy/public capture	UNKNOWN STEP	2026-10-06T11:05:27.6574323Z   token: ***
stable legacy/public capture	UNKNOWN STEP	2026-10-06T11:05:27.6574539Z   ssh-strict: true
stable legacy/public capture	UNKNOWN STEP	2026-10-06T11:05:27.6574753Z   ssh-user: git
stable legacy/public capture	UNKNOWN STEP	2026-10-06T11:05:27.6574956Z   clean: true
stable legacy/public capture	UNKNOWN STEP	2026-10-06T11:05:27.6575188Z   sparse-checkout-cone-mode: true
stable legacy/public capture	UNKNOWN STEP	2026-10-06T11:05:27.6575665Z   fetch-tags: false
stable legacy/public capture	UNKNOWN STEP	2026-10-06T11:05:27.6575896Z   show-progress: true
stable legacy/public capture	UNKNOWN STEP	2026-10-06T11:05:27.6576124Z   lfs: false
stable legacy/public capture	UNKNOWN STEP	2026-10-06T11:05:27.6576323Z   submodules: false
stable legacy/public capture	UNKNOWN STEP	2026-10-06T11:05:27.6576540Z   set-safe-directory: true
stable legacy/public capture	UNKNOWN STEP	2026-10-06T11:05:27.6576802Z   allow-unsafe-pr-checkout: false
stable legacy/public capture	UNKNOWN STEP	2026-10-06T11:05:27.6577253Z ##[endgroup]
stable legacy/public capture	UNKNOWN STEP	2026-10-06T11:05:27.7396829Z Syncing repository: snissn/gomap
stable legacy/public capture	UNKNOWN STEP	2026-10-06T11:05:27.7398066Z ##[group]Getting Git version info
stable legacy/public capture	UNKNOWN STEP	2026-10-06T11:05:27.7398405Z Working directory is '/home/runner/work/gomap/gomap'
stable legacy/public capture	UNKNOWN STEP	2026-10-06T11:05:27.7398989Z [command]/usr/bin/git version
stable legacy/public capture	UNKNOWN STEP	2026-10-06T11:05:27.7870282Z git version 2.55.0
stable legacy/public capture	UNKNOWN STEP	2026-10-06T11:05:27.7892790Z ##[endgroup]
stable legacy/public capture	UNKNOWN STEP	2026-10-06T11:05:27.7898115Z Temporarily overriding HOME='/home/runner/work/_temp/d42d7070-6caf-43e5-8880-7b0b7ca0f499' before making global git config changes
stable legacy/public capture	UNKNOWN STEP	2026-10-06T11:05:27.7898985Z Adding repository directory to the temporary git global config as a safe directory
stable legacy/public capture	UNKNOWN STEP	2026-10-06T11:05:27.7902538Z [command]/usr/bin/git config --global --add safe.directory /home/runner/work/gomap/gomap
stable legacy/public capture	UNKNOWN STEP	2026-10-06T11:05:27.8023457Z Deleting the contents of '/home/runner/work/gomap/gomap'
stable legacy/public capture	UNKNOWN STEP	2026-10-06T11:05:27.8027200Z ##[group]Initializing the repository
stable legacy/public capture	UNKNOWN STEP	2026-10-06T11:05:27.8030364Z [command]/usr/bin/git init /home/runner/work/gomap/gomap
stable legacy/public capture	UNKNOWN STEP	2026-10-06T11:05:27.8245208Z hint: Using 'master' as the name for the initial branch. This default branch name
stable legacy/public capture	UNKNOWN STEP	2026-10-06T11:05:27.8246136Z hint: will change to "main" in Git 3.0. To configure the initial branch name
stable legacy/public capture	UNKNOWN STEP	2026-10-06T11:05:27.8246816Z hint: to use in all of your new repositories, which will suppress this warning,
stable legacy/public capture	UNKNOWN STEP	2026-10-06T11:05:27.8247368Z hint: call:
stable legacy/public capture	UNKNOWN STEP	2026-10-06T11:05:27.8247653Z hint:
stable legacy/public capture	UNKNOWN STEP	2026-10-06T11:05:27.8248070Z hint: 	git config --global init.defaultBranch <name>
stable legacy/public capture	UNKNOWN STEP	2026-10-06T11:05:27.8248507Z hint:
stable legacy/public capture	UNKNOWN STEP	2026-10-06T11:05:27.8248893Z hint: Names commonly chosen instead of 'master' are 'main', 'trunk' and
stable legacy/public capture	UNKNOWN STEP	2026-10-06T11:05:27.8249573Z hint: 'development'. The just-created branch can be renamed via this command:
stable legacy/public capture	UNKNOWN STEP	2026-10-06T11:05:27.8249964Z hint:
stable legacy/public capture	UNKNOWN STEP	2026-10-06T11:05:27.8250179Z hint: 	git branch -m <name>
stable legacy/public capture	UNKNOWN STEP	2026-10-06T11:05:27.8250412Z hint:
stable legacy/public capture	UNKNOWN STEP	2026-10-06T11:05:27.8250715Z hint: Disable this message with "git config set advice.defaultBranchName false"
stable legacy/public capture	UNKNOWN STEP	2026-10-06T11:05:27.8251195Z Initialized empty Git repository in /home/runner/work/gomap/gomap/.git/
stable legacy/public capture	UNKNOWN STEP	2026-10-06T11:05:27.8256260Z [command]/usr/bin/git remote add origin https://github.com/snissn/gomap
stable legacy/public capture	UNKNOWN STEP	2026-10-06T11:05:27.8346644Z ##[endgroup]
stable legacy/public capture	UNKNOWN STEP	2026-10-06T11:05:27.8347089Z ##[group]Disabling automatic garbage collection
stable legacy/public capture	UNKNOWN STEP	2026-10-06T11:05:27.8349630Z [command]/usr/bin/git config --local gc.auto 0
stable legacy/public capture	UNKNOWN STEP	2026-10-06T11:05:27.8440312Z ##[endgroup]
stable legacy/public capture	UNKNOWN STEP	2026-10-06T11:05:27.8440805Z ##[group]Setting up auth
stable legacy/public capture	UNKNOWN STEP	2026-10-06T11:05:27.8446108Z [command]/usr/bin/git config --local --name-only --get-regexp core\.sshCommand
stable legacy/public capture	UNKNOWN STEP	2026-10-06T11:05:27.8474158Z [command]/usr/bin/git submodule foreach --recursive sh -c "git config --local --name-only --get-regexp 'core\.sshCommand' && git config --local --unset-all 'core.sshCommand' || :"
stable legacy/public capture	UNKNOWN STEP	2026-10-06T11:05:27.9527877Z [command]/usr/bin/git config --local --name-only --get-regexp http\.https\:\/\/github\.com\/\.extraheader
stable legacy/public capture	UNKNOWN STEP	2026-10-06T11:05:27.9553967Z [command]/usr/bin/git submodule foreach --recursive sh -c "git config --local --name-only --get-regexp 'http\.https\:\/\/github\.com\/\.extraheader' && git config --local --unset-all 'http.https://github.com/.extraheader' || :"
stable legacy/public capture	UNKNOWN STEP	2026-10-06T11:05:27.9736660Z [command]/usr/bin/git config --local --name-only --get-regexp ^includeIf\.gitdir:
stable legacy/public capture	UNKNOWN STEP	2026-10-06T11:05:27.9761739Z [command]/usr/bin/git submodule foreach --recursive git config --local --show-origin --name-only --get-regexp remote.origin.url
stable legacy/public capture	UNKNOWN STEP	2026-10-06T11:05:27.9956961Z [command]/usr/bin/git config --local http.https://github.com/.extraheader AUTHORIZATION: basic ***
stable legacy/public capture	UNKNOWN STEP	2026-10-06T11:05:28.0209059Z ##[endgroup]
stable legacy/public capture	UNKNOWN STEP	2026-10-06T11:05:28.0215844Z ##[group]Fetching the repository
stable legacy/public capture	UNKNOWN STEP	2026-10-06T11:05:28.0216725Z [command]/usr/bin/git -c protocol.version=2 fetch --prune --no-recurse-submodules origin +refs/heads/*:refs/remotes/origin/* +refs/tags/*:refs/tags/*
stable legacy/public capture	UNKNOWN STEP	2026-10-06T11:05:40.8192421Z From https://github.com/snissn/gomap
stable legacy/public capture	UNKNOWN STEP	2026-10-06T11:05:40.8193294Z  * [new branch]          2388-compression-audit-silent-none -> origin/2388-compression-audit-silent-none
stable legacy/public capture	UNKNOWN STEP	2026-10-06T11:05:40.8193822Z  * [new branch]          MASTER                  -> origin/MASTER
stable legacy/public capture	UNKNOWN STEP	2026-10-06T11:05:40.8194251Z  * [new branch]          ab-rewrite-engagement-gate -> origin/ab-rewrite-engagement-gate
stable legacy/public capture	UNKNOWN STEP	2026-10-06T11:05:40.8194951Z  * [new branch]          add-tidesdb-support-to-unified-bench -> origin/add-tidesdb-support-to-unified-bench
stable legacy/public capture	UNKNOWN STEP	2026-10-06T11:05:40.8198505Z  * [new branch]          add-wildcat-unified-bench -> origin/add-wildcat-unified-bench
stable legacy/public capture	UNKNOWN STEP	2026-10-06T11:05:40.8199209Z  * [new branch]          alloc-pool-reduction    -> origin/alloc-pool-reduction
stable legacy/public capture	UNKNOWN STEP	2026-10-06T11:05:40.8199901Z  * [new branch]          alloc-pool-reduction-rebased -> origin/alloc-pool-reduction-rebased
stable legacy/public capture	UNKNOWN STEP	2026-10-06T11:05:40.8200682Z  * [new branch]          alloc-pressure-vlog-write-path -> origin/alloc-pressure-vlog-write-path
stable legacy/public capture	UNKNOWN STEP	2026-10-06T11:05:40.8201495Z  * [new branch]          assembly_overoptimization_no_speedup -> origin/assembly_overoptimization_no_speedup
stable legacy/public capture	UNKNOWN STEP	2026-10-06T11:05:40.8202350Z  * [new branch]          astra/post-pipeline-wal-validation -> origin/astra/post-pipeline-wal-validation
stable legacy/public capture	UNKNOWN STEP	2026-10-06T11:05:40.8202855Z  * [new branch]          asyncResize             -> origin/asyncResize
stable legacy/public capture	UNKNOWN STEP	2026-10-06T11:05:40.8203220Z  * [new branch]          asyncResize_bugfix      -> origin/asyncResize_bugfix
stable legacy/public capture	UNKNOWN STEP	2026-10-06T11:05:40.8203597Z  * [new branch]          audit-remediation       -> origin/audit-remediation
stable legacy/public capture	UNKNOWN STEP	2026-10-06T11:05:40.8204352Z  * [new branch]          audit/3502-revert-both-gomap-lowfanout-revert-audit-20260705T113459Z -> origin/audit/3502-revert-both-gomap-lowfanout-revert-audit-20260705T113459Z
stable legacy/public capture	UNKNOWN STEP	2026-10-06T11:05:40.8205657Z  * [new branch]          audit/3502-revert3500-gomap-lowfanout-revert-audit-20260705T113459Z -> origin/audit/3502-revert3500-gomap-lowfanout-revert-audit-20260705T113459Z
stable legacy/public capture	UNKNOWN STEP	2026-10-06T11:05:40.8207260Z  * [new branch]          audit/3502-revert3501-gomap-lowfanout-revert-audit-20260705T113459Z -> origin/audit/3502-revert3501-gomap-lowfanout-revert-audit-20260705T113459Z
stable legacy/public capture	UNKNOWN STEP	2026-10-06T11:05:40.8208349Z  * [new branch]          audit/fix-4927-20261002 -> origin/audit/fix-4927-20261002
stable legacy/public capture	UNKNOWN STEP	2026-10-06T11:05:40.8209208Z  * [new branch]          backup/main-pre-safe-candidate-20260116-154607 -> origin/backup/main-pre-safe-candidate-20260116-154607
stable legacy/public capture	UNKNOWN STEP	2026-10-06T11:05:40.8210072Z  * [new branch]          backup/pivot52-pre-merge -> origin/backup/pivot52-pre-merge
stable legacy/public capture	UNKNOWN STEP	2026-10-06T11:05:40.8210833Z  * [new branch]          backup/pr97-before-realign-20260122 -> origin/backup/pr97-before-realign-20260122
stable legacy/public capture	UNKNOWN STEP	2026-10-06T11:05:40.8211754Z  * [new branch]          bench/canonical-exhaustive-compact-2291 -> origin/bench/canonical-exhaustive-compact-2291
stable legacy/public capture	UNKNOWN STEP	2026-10-06T11:05:40.8212657Z  * [new branch]          bench/collection-concurrency-2327 -> origin/bench/collection-concurrency-2327
stable legacy/public capture	UNKNOWN STEP	2026-10-06T11:05:40.8213452Z  * [new branch]          bench/collection-load-fixture -> origin/bench/collection-load-fixture
stable legacy/public capture	UNKNOWN STEP	2026-10-06T11:05:40.8214213Z  * [new branch]          bench/collections-harness-suite -> origin/bench/collections-harness-suite
stable legacy/public capture	UNKNOWN STEP	2026-10-06T11:05:40.8215709Z  * [new branch]          bench/collections-insert-phases -> origin/bench/collections-insert-phases
stable legacy/public capture	UNKNOWN STEP	2026-10-06T11:05:40.8216440Z  * [new branch]          bench/collections-rewrite-vacuum-matrix -> origin/bench/collections-rewrite-vacuum-matrix
stable legacy/public capture	UNKNOWN STEP	2026-10-06T11:05:40.8216980Z  * [new branch]          bench/fast-client-matrix-2336 -> origin/bench/fast-client-matrix-2336
stable legacy/public capture	UNKNOWN STEP	2026-10-06T11:05:40.8217511Z  * [new branch]          bench/pathological-fence-validation -> origin/bench/pathological-fence-validation
stable legacy/public capture	UNKNOWN STEP	2026-10-06T11:05:40.8218280Z  * [new branch]          bench/raw-wire-indexed-find-2338 -> origin/bench/raw-wire-indexed-find-2338
stable legacy/public capture	UNKNOWN STEP	2026-10-06T11:05:40.8219473Z  * [new branch]          bench/sload-readheavy-suite -> origin/bench/sload-readheavy-suite
stable legacy/public capture	UNKNOWN STEP	2026-10-06T11:05:40.8220204Z  * [new branch]          bench/sqlite-native-columns -> origin/bench/sqlite-native-columns
stable legacy/public capture	UNKNOWN STEP	2026-10-06T11:05:40.8220953Z  * [new branch]          bench/unified-bench-full-default -> origin/bench/unified-bench-full-default
stable legacy/public capture	UNKNOWN STEP	2026-10-06T11:05:40.8221633Z  * [new branch]          benchmark-leveldb-support-13874494427577233559 -> origin/benchmark-leveldb-support-13874494427577233559
stable legacy/public capture	UNKNOWN STEP	2026-10-06T11:05:40.8222169Z  * [new branch]          bson-binary-support     -> origin/bson-binary-support
stable legacy/public capture	UNKNOWN STEP	2026-10-06T11:05:40.8222584Z  * [new branch]          cached-concurrency-phase1 -> origin/cached-concurrency-phase1
stable legacy/public capture	UNKNOWN STEP	2026-10-06T11:05:40.8222996Z  * [new branch]          cheatNoMapInPutMany     -> origin/cheatNoMapInPutMany
stable legacy/public capture	UNKNOWN STEP	2026-10-06T11:05:40.8223428Z  * [new branch]          ci-proof/3665-callers-final-2 -> origin/ci-proof/3665-callers-final-2
stable legacy/public capture	UNKNOWN STEP	2026-10-06T11:05:40.8223872Z  * [new branch]          ci-proof/3665-callers-final-3 -> origin/ci-proof/3665-callers-final-3
stable legacy/public capture	UNKNOWN STEP	2026-10-06T11:05:40.8224385Z  * [new branch]          ci-proof/3665-final-windows-raft-2 -> origin/ci-proof/3665-final-windows-raft-2
stable legacy/public capture	UNKNOWN STEP	2026-10-06T11:05:40.8225141Z  * [new branch]          ci-proof/3665-final-windows-raft-3 -> origin/ci-proof/3665-final-windows-raft-3
stable legacy/public capture	UNKNOWN STEP	2026-10-06T11:05:40.8226220Z  * [new branch]          ci-proof/3665-windows-raft-2 -> origin/ci-proof/3665-windows-raft-2
stable legacy/public capture	UNKNOWN STEP	2026-10-06T11:05:40.8226932Z  * [new branch]          ci-proof/3665-windows-raft-3 -> origin/ci-proof/3665-windows-raft-3
stable legacy/public capture	UNKNOWN STEP	2026-10-06T11:05:40.8227583Z  * [new branch]          ci-proof/3782-raft-2    -> origin/ci-proof/3782-raft-2
stable legacy/public capture	UNKNOWN STEP	2026-10-06T11:05:40.8228266Z  * [new branch]          ci-proof/3782-raft-3    -> origin/ci-proof/3782-raft-3
stable legacy/public capture	UNKNOWN STEP	2026-10-06T11:05:40.8228734Z  * [new branch]          ci-proof/3784-nativewire-2 -> origin/ci-proof/3784-nativewire-2
stable legacy/public capture	UNKNOWN STEP	2026-10-06T11:05:40.8229381Z  * [new branch]          ci-proof/3784-nativewire-3 -> origin/ci-proof/3784-nativewire-3
stable legacy/public capture	UNKNOWN STEP	2026-10-06T11:05:40.8229925Z  * [new branch]          ci-proof/3789-combined-2 -> origin/ci-proof/3789-combined-2
stable legacy/public capture	UNKNOWN STEP	2026-10-06T11:05:40.8230328Z  * [new branch]          ci-proof/3789-combined-3 -> origin/ci-proof/3789-combined-3
stable legacy/public capture	UNKNOWN STEP	2026-10-06T11:05:40.8230721Z  * [new branch]          ci-proof/3793-race-2    -> origin/ci-proof/3793-race-2
stable legacy/public capture	UNKNOWN STEP	2026-10-06T11:05:40.8231112Z  * [new branch]          ci-proof/3793-race-3    -> origin/ci-proof/3793-race-3
stable legacy/public capture	UNKNOWN STEP	2026-10-06T11:05:40.8231538Z  * [new branch]          ci-proof/3797-windows-core-2 -> origin/ci-proof/3797-windows-core-2
stable legacy/public capture	UNKNOWN STEP	2026-10-06T11:05:40.8231988Z  * [new branch]          ci-proof/3797-windows-core-3 -> origin/ci-proof/3797-windows-core-3
stable legacy/public capture	UNKNOWN STEP	2026-10-06T11:05:40.8232433Z  * [new branch]          ci-proof/3797-windows-core-4 -> origin/ci-proof/3797-windows-core-4
stable legacy/public capture	UNKNOWN STEP	2026-10-06T11:05:40.8232868Z  * [new branch]          ci-proof/3797-windows-core-5 -> origin/ci-proof/3797-windows-core-5
stable legacy/public capture	UNKNOWN STEP	2026-10-06T11:05:40.8233319Z  * [new branch]          ci-proof/3798-caching-waiter-2 -> origin/ci-proof/3798-caching-waiter-2
stable legacy/public capture	UNKNOWN STEP	2026-10-06T11:05:40.8233785Z  * [new branch]          ci-proof/3798-caching-waiter-3 -> origin/ci-proof/3798-caching-waiter-3
stable legacy/public capture	UNKNOWN STEP	2026-10-06T11:05:40.8234279Z  * [new branch]          ci-proof/3798-caching-waiter-4 -> origin/ci-proof/3798-caching-waiter-4
stable legacy/public capture	UNKNOWN STEP	2026-10-06T11:05:40.8234747Z  * [new branch]          ci-proof/3798-caching-waiter-5 -> origin/ci-proof/3798-caching-waiter-5
stable legacy/public capture	UNKNOWN STEP	2026-10-06T11:05:40.8235546Z  * [new branch]          ci-proof/3798-caching-waiter-6 -> origin/ci-proof/3798-caching-waiter-6
stable legacy/public capture	UNKNOWN STEP	2026-10-06T11:05:40.8236583Z  * [new branch]          ci-proof/3798-caching-waiter-post-predecessors-1 -> origin/ci-proof/3798-caching-waiter-post-predecessors-1
stable legacy/public capture	UNKNOWN STEP	2026-10-06T11:05:40.8237747Z  * [new branch]          ci-proof/3798-caching-waiter-post-predecessors-2 -> origin/ci-proof/3798-caching-waiter-post-predecessors-2
stable legacy/public capture	UNKNOWN STEP	2026-10-06T11:05:40.8238606Z  * [new branch]          ci-proof/3799-raft-2    -> origin/ci-proof/3799-raft-2
stable legacy/public capture	UNKNOWN STEP	2026-10-06T11:05:40.8239157Z  * [new branch]          ci-proof/3799-raft-3    -> origin/ci-proof/3799-raft-3
stable legacy/public capture	UNKNOWN STEP	2026-10-06T11:05:40.8239653Z  * [new branch]          ci-proof/3801-mvcc-row-equivalence-2 -> origin/ci-proof/3801-mvcc-row-equivalence-2
stable legacy/public capture	UNKNOWN STEP	2026-10-06T11:05:40.8240479Z  * [new branch]          ci-proof/3801-mvcc-row-equivalence-3 -> origin/ci-proof/3801-mvcc-row-equivalence-3
stable legacy/public capture	UNKNOWN STEP	2026-10-06T11:05:40.8241334Z  * [new branch]          ci-proof/3801-mvcc-row-equivalence-4 -> origin/ci-proof/3801-mvcc-row-equivalence-4
stable legacy/public capture	UNKNOWN STEP	2026-10-06T11:05:40.8242197Z  * [new branch]          ci-proof/3801-mvcc-row-equivalence-5 -> origin/ci-proof/3801-mvcc-row-equivalence-5
stable legacy/public capture	UNKNOWN STEP	2026-10-06T11:05:40.8242805Z  * [new branch]          ci-proof/3803-rewrite-queue-post-3804-1 -> origin/ci-proof/3803-rewrite-queue-post-3804-1
stable legacy/public capture	UNKNOWN STEP	2026-10-06T11:05:40.8243587Z  * [new branch]          ci-proof/3803-rewrite-queue-post-3804-2 -> origin/ci-proof/3803-rewrite-queue-post-3804-2
stable legacy/public capture	UNKNOWN STEP	2026-10-06T11:05:40.8244961Z  * [new branch]          ci-proof/3804-raft-headroom-1 -> origin/ci-proof/3804-raft-headroom-1
stable legacy/public capture	UNKNOWN STEP	2026-10-06T11:05:40.8245837Z  * [new branch]          ci-proof/3804-raft-headroom-2 -> origin/ci-proof/3804-raft-headroom-2
stable legacy/public capture	UNKNOWN STEP	2026-10-06T11:05:40.8246656Z  * [new branch]          ci-proof/3805-race-package-timeout-1 -> origin/ci-proof/3805-race-package-timeout-1
stable legacy/public capture	UNKNOWN STEP	2026-10-06T11:05:40.8247539Z  * [new branch]          ci-proof/3805-race-package-timeout-2 -> origin/ci-proof/3805-race-package-timeout-2
stable legacy/public capture	UNKNOWN STEP	2026-10-06T11:05:40.8248419Z  * [new branch]          ci-proof/3809-vector-alloc-race-1 -> origin/ci-proof/3809-vector-alloc-race-1
stable legacy/public capture	UNKNOWN STEP	2026-10-06T11:05:40.8248962Z  * [new branch]          ci-proof/3809-vector-alloc-race-2 -> origin/ci-proof/3809-vector-alloc-race-2
stable legacy/public capture	UNKNOWN STEP	2026-10-06T11:05:40.8249570Z  * [new branch]          ci-proof/3810-checkpoint-productivity-sync-1 -> origin/ci-proof/3810-checkpoint-productivity-sync-1
stable legacy/public capture	UNKNOWN STEP	2026-10-06T11:05:40.8250218Z  * [new branch]          ci-proof/3810-checkpoint-productivity-sync-2 -> origin/ci-proof/3810-checkpoint-productivity-sync-2
stable legacy/public capture	UNKNOWN STEP	2026-10-06T11:05:40.8250833Z  * [new branch]          ci-proof/3813-scalar-vector-alloc-race-1 -> origin/ci-proof/3813-scalar-vector-alloc-race-1
stable legacy/public capture	UNKNOWN STEP	2026-10-06T11:05:40.8251419Z  * [new branch]          ci-proof/3813-scalar-vector-alloc-race-2 -> origin/ci-proof/3813-scalar-vector-alloc-race-2
stable legacy/public capture	UNKNOWN STEP	2026-10-06T11:05:40.8251995Z  * [new branch]          ci-proof/3815-integrated-ci-fixes-1 -> origin/ci-proof/3815-integrated-ci-fixes-1
stable legacy/public capture	UNKNOWN STEP	2026-10-06T11:05:40.8252550Z  * [new branch]          ci-proof/3815-integrated-ci-fixes-2 -> origin/ci-proof/3815-integrated-ci-fixes-2
stable legacy/public capture	UNKNOWN STEP	2026-10-06T11:05:40.8253000Z  * [new branch]          ci-proof/4002-suite-2   -> origin/ci-proof/4002-suite-2
stable legacy/public capture	UNKNOWN STEP	2026-10-06T11:05:40.8253376Z  * [new branch]          ci-proof/4002-suite-3   -> origin/ci-proof/4002-suite-3
stable legacy/public capture	UNKNOWN STEP	2026-10-06T11:05:40.8253783Z  * [new branch]          ci/root-test-headroom-4081 -> origin/ci/root-test-headroom-4081
stable legacy/public capture	UNKNOWN STEP	2026-10-06T11:05:40.8254252Z  * [new branch]          cleantypesHashmapOffsetValue -> origin/cleantypesHashmapOffsetValue
stable legacy/public capture	UNKNOWN STEP	2026-10-06T11:05:40.8254649Z  * [new branch]          cleanup                 -> origin/cleanup
stable legacy/public capture	UNKNOWN STEP	2026-10-06T11:05:40.8255396Z  * [new branch]          cleanup-remove-copy-on-flush -> origin/cleanup-remove-copy-on-flush
stable legacy/public capture	UNKNOWN STEP	2026-10-06T11:05:40.8256153Z  * [new branch]          cleanup-unified-public-kvapi -> origin/cleanup-unified-public-kvapi
stable legacy/public capture	UNKNOWN STEP	2026-10-06T11:05:40.8256905Z  * [new branch]          coderabbitai/utg/3321122 -> origin/coderabbitai/utg/3321122
stable legacy/public capture	UNKNOWN STEP	2026-10-06T11:05:40.8257687Z  * [new branch]          coderabbitai/utg/a174be3 -> origin/coderabbitai/utg/a174be3
stable legacy/public capture	UNKNOWN STEP	2026-10-06T11:05:40.8258111Z  * [new branch]          coderabbitai/utg/b56d12a -> origin/coderabbitai/utg/b56d12a
stable legacy/public capture	UNKNOWN STEP	2026-10-06T11:05:40.8258641Z  * [new branch]          codex-proof-3798-a-bb0db0c -> origin/codex-proof-3798-a-bb0db0c
stable legacy/public capture	UNKNOWN STEP	2026-10-06T11:05:40.8259321Z  * [new branch]          codex-proof-3798-b-bb0db0c -> origin/codex-proof-3798-b-bb0db0c
stable legacy/public capture	UNKNOWN STEP	2026-10-06T11:05:40.8259977Z  * [new branch]          codex-proof-3817-a-b2b89ca -> origin/codex-proof-3817-a-b2b89ca
stable legacy/public capture	UNKNOWN STEP	2026-10-06T11:05:40.8260500Z  * [new branch]          codex-proof-3817-b-b2b89ca -> origin/codex-proof-3817-b-b2b89ca
stable legacy/public capture	UNKNOWN STEP	2026-10-06T11:05:40.8260933Z  * [new branch]          codex-proof-3818-a-901621f -> origin/codex-proof-3818-a-901621f
stable legacy/public capture	UNKNOWN STEP	2026-10-06T11:05:40.8261500Z  * [new branch]          codex-proof-3818-b-901621f -> origin/codex-proof-3818-b-901621f
stable legacy/public capture	UNKNOWN STEP	2026-10-06T11:05:40.8262208Z  * [new branch]          codex-proof-3821-a-a561f766 -> origin/codex-proof-3821-a-a561f766
stable legacy/public capture	UNKNOWN STEP	2026-10-06T11:05:40.8262935Z  * [new branch]          codex-proof-3821-b-a561f766 -> origin/codex-proof-3821-b-a561f766
stable legacy/public capture	UNKNOWN STEP	2026-10-06T11:05:40.8263671Z  * [new branch]          codex-proof-3824-a-11c031ce -> origin/codex-proof-3824-a-11c031ce
stable legacy/public capture	UNKNOWN STEP	2026-10-06T11:05:40.8264395Z  * [new branch]          codex-proof-3824-b-11c031ce -> origin/codex-proof-3824-b-11c031ce
stable legacy/public capture	UNKNOWN STEP	2026-10-06T11:05:40.8265046Z  * [new branch]          codex-proof-3828-a-326698ac -> origin/codex-proof-3828-a-326698ac
stable legacy/public capture	UNKNOWN STEP	2026-10-06T11:05:40.8266451Z  * [new branch]          codex-proof-3828-b-326698ac -> origin/codex-proof-3828-b-326698ac
stable legacy/public capture	UNKNOWN STEP	2026-10-06T11:05:40.8267195Z  * [new branch]          codex-proof/3791-a-42f365a17 -> origin/codex-proof/3791-a-42f365a17
stable legacy/public capture	UNKNOWN STEP	2026-10-06T11:05:40.8267911Z  * [new branch]          codex-proof/3791-a-dfb11340d -> origin/codex-proof/3791-a-dfb11340d
stable legacy/public capture	UNKNOWN STEP	2026-10-06T11:05:40.8268603Z  * [new branch]          codex-proof/3791-b-42f365a17 -> origin/codex-proof/3791-b-42f365a17
stable legacy/public capture	UNKNOWN STEP	2026-10-06T11:05:40.8269520Z  * [new branch]          codex-proof/3791-b-dfb11340d -> origin/codex-proof/3791-b-dfb11340d
stable legacy/public capture	UNKNOWN STEP	2026-10-06T11:05:40.8270317Z  * [new branch]          codex-proof/3798-final-a-cbdc152b1 -> origin/codex-proof/3798-final-a-cbdc152b1
stable legacy/public capture	UNKNOWN STEP	2026-10-06T11:05:40.8271129Z  * [new branch]          codex-proof/3798-final-a-e7a172a84 -> origin/codex-proof/3798-final-a-e7a172a84
stable legacy/public capture	UNKNOWN STEP	2026-10-06T11:05:40.8272411Z  * [new branch]          codex-proof/3798-final-b-cbdc152b1 -> origin/codex-proof/3798-final-b-cbdc152b1
stable legacy/public capture	UNKNOWN STEP	2026-10-06T11:05:40.8273185Z  * [new branch]          codex-proof/3798-post-3821-a -> origin/codex-proof/3798-post-3821-a
stable legacy/public capture	UNKNOWN STEP	2026-10-06T11:05:40.8273890Z  * [new branch]          codex-proof/3798-post-3821-b -> origin/codex-proof/3798-post-3821-b
stable legacy/public capture	UNKNOWN STEP	2026-10-06T11:05:40.8274556Z  * [new branch]          codex-proof/3821-final-a -> origin/codex-proof/3821-final-a
stable legacy/public capture	UNKNOWN STEP	2026-10-06T11:05:40.8275361Z  * [new branch]          codex-proof/3821-portable-a -> origin/codex-proof/3821-portable-a
stable legacy/public capture	UNKNOWN STEP	2026-10-06T11:05:40.8276069Z  * [new branch]          codex-proof/3821-portable-b -> origin/codex-proof/3821-portable-b
stable legacy/public capture	UNKNOWN STEP	2026-10-06T11:05:40.8276521Z  * [new branch]          codex-proof/3828-final-a -> origin/codex-proof/3828-final-a
stable legacy/public capture	UNKNOWN STEP	2026-10-06T11:05:40.8276928Z  * [new branch]          codex-proof/3828-final-b -> origin/codex-proof/3828-final-b
stable legacy/public capture	UNKNOWN STEP	2026-10-06T11:05:40.8277321Z  * [new branch]          codex-proof/3831-a      -> origin/codex-proof/3831-a
stable legacy/public capture	UNKNOWN STEP	2026-10-06T11:05:40.8277688Z  * [new branch]          codex-proof/3831-b      -> origin/codex-proof/3831-b
stable legacy/public capture	UNKNOWN STEP	2026-10-06T11:05:40.8278036Z  * [new branch]          codex-proof/3834-a      -> origin/codex-proof/3834-a
stable legacy/public capture	UNKNOWN STEP	2026-10-06T11:05:40.8278379Z  * [new branch]          codex-proof/3838-a      -> origin/codex-proof/3838-a
stable legacy/public capture	UNKNOWN STEP	2026-10-06T11:05:40.8278727Z  * [new branch]          codex-proof/3840-a      -> origin/codex-proof/3840-a
stable legacy/public capture	UNKNOWN STEP	2026-10-06T11:05:40.8279074Z  * [new branch]          codex-proof/3842-a      -> origin/codex-proof/3842-a
stable legacy/public capture	UNKNOWN STEP	2026-10-06T11:05:40.8279431Z  * [new branch]          codex-proof/3842-b      -> origin/codex-proof/3842-b
stable legacy/public capture	UNKNOWN STEP	2026-10-06T11:05:40.8279954Z  * [new branch]          codex-proof/3850-a-b64aeb956 -> origin/codex-proof/3850-a-b64aeb956
stable legacy/public capture	UNKNOWN STEP	2026-10-06T11:05:40.8280402Z  * [new branch]          codex-proof/3850-b-b64aeb956 -> origin/codex-proof/3850-b-b64aeb956
stable legacy/public capture	UNKNOWN STEP	2026-10-06T11:05:40.8280836Z  * [new branch]          codex-proof/3855-a-237cab670 -> origin/codex-proof/3855-a-237cab670
stable legacy/public capture	UNKNOWN STEP	2026-10-06T11:05:40.8281255Z  * [new branch]          codex-proof/3855-b-237cab670 -> origin/codex-proof/3855-b-237cab670
stable legacy/public capture	UNKNOWN STEP	2026-10-06T11:05:40.8281675Z  * [new branch]          codex-proof/3860-a-1b70153b9 -> origin/codex-proof/3860-a-1b70153b9
stable legacy/public capture	UNKNOWN STEP	2026-10-06T11:05:40.8282097Z  * [new branch]          codex-proof/3860-a-3fc1e1e64 -> origin/codex-proof/3860-a-3fc1e1e64
stable legacy/public capture	UNKNOWN STEP	2026-10-06T11:05:40.8282512Z  * [new branch]          codex-proof/3860-a-87e6b2155 -> origin/codex-proof/3860-a-87e6b2155
stable legacy/public capture	UNKNOWN STEP	2026-10-06T11:05:40.8282927Z  * [new branch]          codex-proof/3860-a-c4f7dbf28 -> origin/codex-proof/3860-a-c4f7dbf28
stable legacy/public capture	UNKNOWN STEP	2026-10-06T11:05:40.8283357Z  * [new branch]          codex-proof/3860-a-c8baf0764 -> origin/codex-proof/3860-a-c8baf0764
stable legacy/public capture	UNKNOWN STEP	2026-10-06T11:05:40.8283772Z  * [new branch]          codex-proof/3860-a-da1caaf9e -> origin/codex-proof/3860-a-da1caaf9e
stable legacy/public capture	UNKNOWN STEP	2026-10-06T11:05:40.8284189Z  * [new branch]          codex-proof/3860-b-1b70153b9 -> origin/codex-proof/3860-b-1b70153b9
stable legacy/public capture	UNKNOWN STEP	2026-10-06T11:05:40.8284606Z  * [new branch]          codex-proof/3860-b-3fc1e1e64 -> origin/codex-proof/3860-b-3fc1e1e64
stable legacy/public capture	UNKNOWN STEP	2026-10-06T11:05:40.8285019Z  * [new branch]          codex-proof/3865-a-672298c33 -> origin/codex-proof/3865-a-672298c33
stable legacy/public capture	UNKNOWN STEP	2026-10-06T11:05:40.8285752Z  * [new branch]          codex-proof/3865-a-9bcd89b15 -> origin/codex-proof/3865-a-9bcd89b15
stable legacy/public capture	UNKNOWN STEP	2026-10-06T11:05:40.8286410Z  * [new branch]          codex-proof/3865-a-d42ca9ee3 -> origin/codex-proof/3865-a-d42ca9ee3
stable legacy/public capture	UNKNOWN STEP	2026-10-06T11:05:40.8286850Z  * [new branch]          codex-proof/3865-a-dbd79e784 -> origin/codex-proof/3865-a-dbd79e784
stable legacy/public capture	UNKNOWN STEP	2026-10-06T11:05:40.8287403Z  * [new branch]          codex-proof/3865-b-d42ca9ee3 -> origin/codex-proof/3865-b-d42ca9ee3
stable legacy/public capture	UNKNOWN STEP	2026-10-06T11:05:40.8287842Z  * [new branch]          codex-proof/3865-b-dbd79e784 -> origin/codex-proof/3865-b-dbd79e784
stable legacy/public capture	UNKNOWN STEP	2026-10-06T11:05:40.8288301Z  * [new branch]          codex-proof/3870-a-134bc60d2 -> origin/codex-proof/3870-a-134bc60d2
stable legacy/public capture	UNKNOWN STEP	2026-10-06T11:05:40.8288736Z  * [new branch]          codex-proof/3870-b-134bc60d2 -> origin/codex-proof/3870-b-134bc60d2
stable legacy/public capture	UNKNOWN STEP	2026-10-06T11:05:40.8289163Z  * [new branch]          codex-proof/3872-a-921db4b54 -> origin/codex-proof/3872-a-921db4b54
stable legacy/public capture	UNKNOWN STEP	2026-10-06T11:05:40.8289606Z  * [new branch]          codex-proof/3872-a2-921db4b54 -> origin/codex-proof/3872-a2-921db4b54
stable legacy/public capture	UNKNOWN STEP	2026-10-06T11:05:40.8290051Z  * [new branch]          codex-proof/3872-b-921db4b54 -> origin/codex-proof/3872-b-921db4b54
stable legacy/public capture	UNKNOWN STEP	2026-10-06T11:05:40.8290478Z  * [new branch]          codex-proof/3874-a-d651501ee -> origin/codex-proof/3874-a-d651501ee
stable legacy/public capture	UNKNOWN STEP	2026-10-06T11:05:40.8290904Z  * [new branch]          codex-proof/3874-b-d651501ee -> origin/codex-proof/3874-b-d651501ee
stable legacy/public capture	UNKNOWN STEP	2026-10-06T11:05:40.8291330Z  * [new branch]          codex-proof/3875-a-20e3aed00 -> origin/codex-proof/3875-a-20e3aed00
stable legacy/public capture	UNKNOWN STEP	2026-10-06T11:05:40.8291753Z  * [new branch]          codex-proof/3875-b-20e3aed00 -> origin/codex-proof/3875-b-20e3aed00
stable legacy/public capture	UNKNOWN STEP	2026-10-06T11:05:40.8292176Z  * [new branch]          codex-proof/3885-a-913e6140c -> origin/codex-proof/3885-a-913e6140c
stable legacy/public capture	UNKNOWN STEP	2026-10-06T11:05:40.8292597Z  * [new branch]          codex-proof/3885-b-913e6140c -> origin/codex-proof/3885-b-913e6140c
stable legacy/public capture	UNKNOWN STEP	2026-10-06T11:05:40.8292989Z  * [new branch]          codex-treeb             -> origin/codex-treeb
stable legacy/public capture	UNKNOWN STEP	2026-10-06T11:05:40.8293362Z  * [new branch]          codex-treeb-cosmosdb    -> origin/codex-treeb-cosmosdb
stable legacy/public capture	UNKNOWN STEP	2026-10-06T11:05:40.8293826Z  * [new branch]          codex-treeb-perf-iterator-codex -> origin/codex-treeb-perf-iterator-codex
stable legacy/public capture	UNKNOWN STEP	2026-10-06T11:05:40.8294387Z  * [new branch]          codex/1101-plus-1107-10m-bench-20260430 -> origin/codex/1101-plus-1107-10m-bench-20260430
stable legacy/public capture	UNKNOWN STEP	2026-10-06T11:05:40.8294899Z  * [new branch]          codex/1156-allocation-close -> origin/codex/1156-allocation-close
stable legacy/public capture	UNKNOWN STEP	2026-10-06T11:05:40.8296687Z  * [new branch]          codex/1159-always-optimistic-root-apply -> origin/codex/1159-always-optimistic-root-apply
stable legacy/public capture	UNKNOWN STEP	2026-10-06T11:05:40.8297194Z  * [new branch]          codex/1159-arch-next    -> origin/codex/1159-arch-next
stable legacy/public capture	UNKNOWN STEP	2026-10-06T11:05:40.8297653Z  * [new branch]          codex/1159-avoid-double-delta-sort -> origin/codex/1159-avoid-double-delta-sort
stable legacy/public capture	UNKNOWN STEP	2026-10-06T11:05:40.8298152Z  * [new branch]          codex/1159-batch-delta-pool-cap -> origin/codex/1159-batch-delta-pool-cap
stable legacy/public capture	UNKNOWN STEP	2026-10-06T11:05:40.8298650Z  * [new branch]          codex/1159-buffer-stage-breakdown -> origin/codex/1159-buffer-stage-breakdown
stable legacy/public capture	UNKNOWN STEP	2026-10-06T11:05:40.8299171Z  * [new branch]          codex/1159-buffer-unique-root-lookup -> origin/codex/1159-buffer-unique-root-lookup
stable legacy/public capture	UNKNOWN STEP	2026-10-06T11:05:40.8299692Z  * [new branch]          codex/1159-buffered-update-inserts -> origin/codex/1159-buffered-update-inserts
stable legacy/public capture	UNKNOWN STEP	2026-10-06T11:05:40.8300273Z  * [new branch]          codex/1159-cache-collection-index-runtimes -> origin/codex/1159-cache-collection-index-runtimes
stable legacy/public capture	UNKNOWN STEP	2026-10-06T11:05:40.8300842Z  * [new branch]          codex/1159-cache-zipper-leaf-reads -> origin/codex/1159-cache-zipper-leaf-reads
stable legacy/public capture	UNKNOWN STEP	2026-10-06T11:05:40.8301356Z  * [new branch]          codex/1159-changed-index-deltas -> origin/codex/1159-changed-index-deltas
stable legacy/public capture	UNKNOWN STEP	2026-10-06T11:05:40.8301862Z  * [new branch]          codex/1159-collection-overlay-roots -> origin/codex/1159-collection-overlay-roots
stable legacy/public capture	UNKNOWN STEP	2026-10-06T11:05:40.8302445Z  * [new branch]          codex/1159-collection-perf-instrumentation -> origin/codex/1159-collection-perf-instrumentation
stable legacy/public capture	UNKNOWN STEP	2026-10-06T11:05:40.8302959Z  * [new branch]          codex/1159-combiner-drain -> origin/codex/1159-combiner-drain
stable legacy/public capture	UNKNOWN STEP	2026-10-06T11:05:40.8303703Z  * [new branch]          codex/1159-copy-leaflog-internal -> origin/codex/1159-copy-leaflog-internal
stable legacy/public capture	UNKNOWN STEP	2026-10-06T11:05:40.8304507Z  * [new branch]          codex/1159-current-read-fastpath -> origin/codex/1159-current-read-fastpath
stable legacy/public capture	UNKNOWN STEP	2026-10-06T11:05:40.8305080Z  * [new branch]          codex/1159-direct-buffered-update-domain -> origin/codex/1159-direct-buffered-update-domain
stable legacy/public capture	UNKNOWN STEP	2026-10-06T11:05:40.8306118Z  * [new branch]          codex/1159-drop-large-batch-reset-clear -> origin/codex/1159-drop-large-batch-reset-clear
stable legacy/public capture	UNKNOWN STEP	2026-10-06T11:05:40.8306830Z  * [new branch]          codex/1159-grouped-frame-cache-metrics -> origin/codex/1159-grouped-frame-cache-metrics
stable legacy/public capture	UNKNOWN STEP	2026-10-06T11:05:40.8307369Z  * [new branch]          codex/1159-indexed-flush-metrics -> origin/codex/1159-indexed-flush-metrics
stable legacy/public capture	UNKNOWN STEP	2026-10-06T11:05:40.8307868Z  * [new branch]          codex/1159-indexed-flush-overlays -> origin/codex/1159-indexed-flush-overlays
stable legacy/public capture	UNKNOWN STEP	2026-10-06T11:05:40.8308376Z  * [new branch]          codex/1159-indexed-run-compaction -> origin/codex/1159-indexed-run-compaction
stable legacy/public capture	UNKNOWN STEP	2026-10-06T11:05:40.8308853Z  * [new branch]          codex/1159-leaf-cache-option -> origin/codex/1159-leaf-cache-option
stable legacy/public capture	UNKNOWN STEP	2026-10-06T11:05:40.8309355Z  * [new branch]          codex/1159-leaf-sealed-mmap-budget -> origin/codex/1159-leaf-sealed-mmap-budget
stable legacy/public capture	UNKNOWN STEP	2026-10-06T11:05:40.8309860Z  * [new branch]          codex/1159-leaflog-copy-metrics -> origin/codex/1159-leaflog-copy-metrics
stable legacy/public capture	UNKNOWN STEP	2026-10-06T11:05:40.8310391Z  * [new branch]          codex/1159-memoize-batch-sorted-entries -> origin/codex/1159-memoize-batch-sorted-entries
stable legacy/public capture	UNKNOWN STEP	2026-10-06T11:05:40.8310950Z  * [new branch]          codex/1159-mixed-root-parallel-apply -> origin/codex/1159-mixed-root-parallel-apply
stable legacy/public capture	UNKNOWN STEP	2026-10-06T11:05:40.8311550Z  * [new branch]          codex/1159-mutation-unlock-no-closure -> origin/codex/1159-mutation-unlock-no-closure
stable legacy/public capture	UNKNOWN STEP	2026-10-06T11:05:40.8312029Z  * [new branch]          codex/1159-next-root-apply -> origin/codex/1159-next-root-apply
stable legacy/public capture	UNKNOWN STEP	2026-10-06T11:05:40.8312488Z  * [new branch]          codex/1159-overlay-batch-parallel -> origin/codex/1159-overlay-batch-parallel
stable legacy/public capture	UNKNOWN STEP	2026-10-06T11:05:40.8312986Z  * [new branch]          codex/1159-overlay-batch-publish -> origin/codex/1159-overlay-batch-publish
stable legacy/public capture	UNKNOWN STEP	2026-10-06T11:05:40.8313627Z  * [new branch]          codex/1159-overlay-membership-filters -> origin/codex/1159-overlay-membership-filters
stable legacy/public capture	UNKNOWN STEP	2026-10-06T11:05:40.8314171Z  * [new branch]          codex/1159-overlay-primary-probe -> origin/codex/1159-overlay-primary-probe
stable legacy/public capture	UNKNOWN STEP	2026-10-06T11:05:40.8314688Z  * [new branch]          codex/1159-overlay-root-compaction -> origin/codex/1159-overlay-root-compaction
stable legacy/public capture	UNKNOWN STEP	2026-10-06T11:05:40.8315177Z  * [new branch]          codex/1159-parallel-root-apply -> origin/codex/1159-parallel-root-apply
stable legacy/public capture	UNKNOWN STEP	2026-10-06T11:05:40.8315952Z  * [new branch]          codex/1159-parallel-root-delta-materialize -> origin/codex/1159-parallel-root-delta-materialize
stable legacy/public capture	UNKNOWN STEP	2026-10-06T11:05:40.8316537Z  * [new branch]          codex/1159-per-index-delta-planning -> origin/codex/1159-per-index-delta-planning
stable legacy/public capture	UNKNOWN STEP	2026-10-06T11:05:40.8317191Z  * [new branch]          codex/1159-per-index-update-counters -> origin/codex/1159-per-index-update-counters
stable legacy/public capture	UNKNOWN STEP	2026-10-06T11:05:40.8317770Z  * [new branch]          codex/1159-pool-appendonly-iterators -> origin/codex/1159-pool-appendonly-iterators
stable legacy/public capture	UNKNOWN STEP	2026-10-06T11:05:40.8318336Z  * [new branch]          codex/1159-pool-buffered-read-entries -> origin/codex/1159-pool-buffered-read-entries
stable legacy/public capture	UNKNOWN STEP	2026-10-06T11:05:40.8318955Z  * [new branch]          codex/1159-pool-buffered-read-entries-clean -> origin/codex/1159-pool-buffered-read-entries-clean
stable legacy/public capture	UNKNOWN STEP	2026-10-06T11:05:40.8319598Z  * [new branch]          codex/1159-prebuild-direct-collection-deltas -> origin/codex/1159-prebuild-direct-collection-deltas
stable legacy/public capture	UNKNOWN STEP	2026-10-06T11:05:40.8320201Z  * [new branch]          codex/1159-prebuild-direct-root-entries -> origin/codex/1159-prebuild-direct-root-entries
stable legacy/public capture	UNKNOWN STEP	2026-10-06T11:05:40.8320805Z  * [new branch]          codex/1159-prebuild-secondary-update-entries -> origin/codex/1159-prebuild-secondary-update-entries
stable legacy/public capture	UNKNOWN STEP	2026-10-06T11:05:40.8321384Z  * [new branch]          codex/1159-profile-async-flush-bench -> origin/codex/1159-profile-async-flush-bench
stable legacy/public capture	UNKNOWN STEP	2026-10-06T11:05:40.8322162Z  * [new branch]          codex/1159-profile-buffer-threshold-knobs -> origin/codex/1159-profile-buffer-threshold-knobs
stable legacy/public capture	UNKNOWN STEP	2026-10-06T11:05:40.8322859Z  * [new branch]          codex/1159-profile-vlog-mmap-stats -> origin/codex/1159-profile-vlog-mmap-stats
stable legacy/public capture	UNKNOWN STEP	2026-10-06T11:05:40.8323536Z  * [new branch]          codex/1159-publish-phase-metrics -> origin/codex/1159-publish-phase-metrics
stable legacy/public capture	UNKNOWN STEP	2026-10-06T11:05:40.8324267Z  * [new branch]          codex/1159-publish-pipeline -> origin/codex/1159-publish-pipeline
stable legacy/public capture	UNKNOWN STEP	2026-10-06T11:05:40.8324910Z  * [new branch]          codex/1159-read-rootapply-next -> origin/codex/1159-read-rootapply-next
stable legacy/public capture	UNKNOWN STEP	2026-10-06T11:05:40.8325634Z  * [new branch]          codex/1159-read-rootapply-slice -> origin/codex/1159-read-rootapply-slice
stable legacy/public capture	UNKNOWN STEP	2026-10-06T11:05:40.8326231Z  * [new branch]          codex/1159-reduce-indexed-publish-work -> origin/codex/1159-reduce-indexed-publish-work
stable legacy/public capture	UNKNOWN STEP	2026-10-06T11:05:40.8326769Z  * [new branch]          codex/1159-root-apply-read-next -> origin/codex/1159-root-apply-read-next
stable legacy/public capture	UNKNOWN STEP	2026-10-06T11:05:40.8327243Z  * [new branch]          codex/1159-root-publish-arch -> origin/codex/1159-root-publish-arch
stable legacy/public capture	UNKNOWN STEP	2026-10-06T11:05:40.8327751Z  * [new branch]          codex/1159-secondary-delete-key-alloc -> origin/codex/1159-secondary-delete-key-alloc
stable legacy/public capture	UNKNOWN STEP	2026-10-06T11:05:40.8328369Z  * [new branch]          codex/1159-secondary-delete-key-alloc-main -> origin/codex/1159-secondary-delete-key-alloc-main
stable legacy/public capture	UNKNOWN STEP	2026-10-06T11:05:40.8329048Z  * [new branch]          codex/1159-secondary-keyparts -> origin/codex/1159-secondary-keyparts
stable legacy/public capture	UNKNOWN STEP	2026-10-06T11:05:40.8329563Z  * [new branch]          codex/1159-skip-readable-vlog-barrier -> origin/codex/1159-skip-readable-vlog-barrier
stable legacy/public capture	UNKNOWN STEP	2026-10-06T11:05:40.8330124Z  * [new branch]          codex/1159-skip-unchanged-unique-runs -> origin/codex/1159-skip-unchanged-unique-runs
stable legacy/public capture	UNKNOWN STEP	2026-10-06T11:05:40.8330694Z  * [new branch]          codex/1159-snapshot-leaflog-read-cache -> origin/codex/1159-snapshot-leaflog-read-cache
stable legacy/public capture	UNKNOWN STEP	2026-10-06T11:05:40.8331237Z  * [new branch]          codex/1159-snapshot-root-tree-cache -> origin/codex/1159-snapshot-root-tree-cache
stable legacy/public capture	UNKNOWN STEP	2026-10-06T11:05:40.8331933Z  * [new branch]          codex/1159-stable-primary-run-index -> origin/codex/1159-stable-primary-run-index
stable legacy/public capture	UNKNOWN STEP	2026-10-06T11:05:40.8332446Z  * [new branch]          codex/1159-system-delta-rebase -> origin/codex/1159-system-delta-rebase
stable legacy/public capture	UNKNOWN STEP	2026-10-06T11:05:40.8332952Z  * [new branch]          codex/1159-three-index-delta-benches -> origin/codex/1159-three-index-delta-benches
stable legacy/public capture	UNKNOWN STEP	2026-10-06T11:05:40.8333506Z  * [new branch]          codex/1159-update-combine-bench-metrics -> origin/codex/1159-update-combine-bench-metrics
stable legacy/public capture	UNKNOWN STEP	2026-10-06T11:05:40.8334045Z  * [new branch]          codex/1159-update-combiner-id-pool -> origin/codex/1159-update-combiner-id-pool
stable legacy/public capture	UNKNOWN STEP	2026-10-06T11:05:40.8334527Z  * [new branch]          codex/1159-vlog-read-size-hint -> origin/codex/1159-vlog-read-size-hint
stable legacy/public capture	UNKNOWN STEP	2026-10-06T11:05:40.8335001Z  * [new branch]          codex/1159-zipper-apply-counters -> origin/codex/1159-zipper-apply-counters
stable legacy/public capture	UNKNOWN STEP	2026-10-06T11:05:40.8335793Z  * [new branch]          codex/1159-zipper-apply-phase-stats -> origin/codex/1159-zipper-apply-phase-stats
stable legacy/public capture	UNKNOWN STEP	2026-10-06T11:05:40.8336339Z  * [new branch]          codex/1159-zipper-load-source-stats -> origin/codex/1159-zipper-load-source-stats
stable legacy/public capture	UNKNOWN STEP	2026-10-06T11:05:40.8336862Z  * [new branch]          codex/1177-mongo-client-mode-matrix -> origin/codex/1177-mongo-client-mode-matrix
stable legacy/public capture	UNKNOWN STEP	2026-10-06T11:05:40.8337391Z  * [new branch]          codex/1215-root-run-iterator-fastpath -> origin/codex/1215-root-run-iterator-fastpath
stable legacy/public capture	UNKNOWN STEP	2026-10-06T11:05:40.8337870Z  * [new branch]          codex/1216-mmap-hint-range -> origin/codex/1216-mmap-hint-range
stable legacy/public capture	UNKNOWN STEP	2026-10-06T11:05:40.8338349Z  * [new branch]          codex/1217-buffered-index-capacity -> origin/codex/1217-buffered-index-capacity
stable legacy/public capture	UNKNOWN STEP	2026-10-06T11:05:40.8338841Z  * [new branch]          codex/1218-buffered-read-arena -> origin/codex/1218-buffered-read-arena
stable legacy/public capture	UNKNOWN STEP	2026-10-06T11:05:40.8339278Z  * [new branch]          codex/1219-rootrun-heapify -> origin/codex/1219-rootrun-heapify
stable legacy/public capture	UNKNOWN STEP	2026-10-06T11:05:40.8339889Z  * [new branch]          codex/1220-update-combiner-drain -> origin/codex/1220-update-combiner-drain
stable legacy/public capture	UNKNOWN STEP	2026-10-06T11:05:40.8340390Z  * [new branch]          codex/1221-profile-timed-updates -> origin/codex/1221-profile-timed-updates
stable legacy/public capture	UNKNOWN STEP	2026-10-06T11:05:40.8340975Z  * [new branch]          codex/1222-indexed-async-flush-root-apply -> origin/codex/1222-indexed-async-flush-root-apply
stable legacy/public capture	UNKNOWN STEP	2026-10-06T11:05:40.8341587Z  * [new branch]          codex/1223-optimistic-batch-root-publish -> origin/codex/1223-optimistic-batch-root-publish
stable legacy/public capture	UNKNOWN STEP	2026-10-06T11:05:40.8342227Z  * [new branch]          codex/1242-aggregate-refresh-full-validation -> origin/codex/1242-aggregate-refresh-full-validation
stable legacy/public capture	UNKNOWN STEP	2026-10-06T11:05:40.8342833Z  * [new branch]          codex/1242-aggregate-refresh-validation -> origin/codex/1242-aggregate-refresh-validation
stable legacy/public capture	UNKNOWN STEP	2026-10-06T11:05:40.8343376Z  * [new branch]          codex/1242-batch-shape-measurement -> origin/codex/1242-batch-shape-measurement
stable legacy/public capture	UNKNOWN STEP	2026-10-06T11:05:40.8343926Z  * [new branch]          codex/1242-bench-report-acceptance-pr3b -> origin/codex/1242-bench-report-acceptance-pr3b
stable legacy/public capture	UNKNOWN STEP	2026-10-06T11:05:40.8344537Z  * [new branch]          codex/1242-minima-durable-write-measurement -> origin/codex/1242-minima-durable-write-measurement
stable legacy/public capture	UNKNOWN STEP	2026-10-06T11:05:40.8345114Z  * [new branch]          codex/1242-pr1a-aggregate-guardrails -> origin/codex/1242-pr1a-aggregate-guardrails
stable legacy/public capture	UNKNOWN STEP	2026-10-06T11:05:40.8345978Z  * [new branch]          codex/1242-pr1a-changed-unique-update-drains-pending -> origin/codex/1242-pr1a-changed-unique-update-drains-pending
stable legacy/public capture	UNKNOWN STEP	2026-10-06T11:05:40.8346750Z  * [new branch]          codex/1242-pr1a-checkpoint-boundary -> origin/codex/1242-pr1a-checkpoint-boundary
stable legacy/public capture	UNKNOWN STEP	2026-10-06T11:05:40.8347363Z  * [new branch]          codex/1242-pr1a-close-drains-queued-indexed-unit -> origin/codex/1242-pr1a-close-drains-queued-indexed-unit
stable legacy/public capture	UNKNOWN STEP	2026-10-06T11:05:40.8348060Z  * [new branch]          codex/1242-pr1a-close-waits-active-indexed-publish -> origin/codex/1242-pr1a-close-waits-active-indexed-publish
stable legacy/public capture	UNKNOWN STEP	2026-10-06T11:05:40.8348801Z  * [new branch]          codex/1242-pr1a-flushall-queued-unit -> origin/codex/1242-pr1a-flushall-queued-unit
stable legacy/public capture	UNKNOWN STEP	2026-10-06T11:05:40.8349520Z  * [new branch]          codex/1242-pr1a-indexed-flush-guard-counters -> origin/codex/1242-pr1a-indexed-flush-guard-counters
stable legacy/public capture	UNKNOWN STEP	2026-10-06T11:05:40.8350259Z  * [new branch]          codex/1242-pr1a-indexed-flush-requeue-proof -> origin/codex/1242-pr1a-indexed-flush-requeue-proof
stable legacy/public capture	UNKNOWN STEP	2026-10-06T11:05:40.8350879Z  * [new branch]          codex/1242-pr1a-indexed-flush-root-mismatch -> origin/codex/1242-pr1a-indexed-flush-root-mismatch
stable legacy/public capture	UNKNOWN STEP	2026-10-06T11:05:40.8351593Z  * [new branch]          codex/1242-pr1a-no-index-update-baseline -> origin/codex/1242-pr1a-no-index-update-baseline
stable legacy/public capture	UNKNOWN STEP	2026-10-06T11:05:40.8352165Z  * [new branch]          codex/1242-pr1a-pending-unique-probe -> origin/codex/1242-pr1a-pending-unique-probe
stable legacy/public capture	UNKNOWN STEP	2026-10-06T11:05:40.8352744Z  * [new branch]          codex/1242-pr1a-publishing-ownership-proof -> origin/codex/1242-pr1a-publishing-ownership-proof
stable legacy/public capture	UNKNOWN STEP	2026-10-06T11:05:40.8353326Z  * [new branch]          codex/1242-pr1a-range-visibility -> origin/codex/1242-pr1a-range-visibility
stable legacy/public capture	UNKNOWN STEP	2026-10-06T11:05:40.8353868Z  * [new branch]          codex/1242-pr1b-aggregate-observability -> origin/codex/1242-pr1b-aggregate-observability
stable legacy/public capture	UNKNOWN STEP	2026-10-06T11:05:40.8354638Z  * [new branch]          codex/1242-pr1b-async-flush-counters -> origin/codex/1242-pr1b-async-flush-counters
stable legacy/public capture	UNKNOWN STEP	2026-10-06T11:05:40.8355568Z  * [new branch]          codex/1242-pr1b-benchprof-render-treedb-stats -> origin/codex/1242-pr1b-benchprof-render-treedb-stats
stable legacy/public capture	UNKNOWN STEP	2026-10-06T11:05:40.8356185Z  * [new branch]          codex/1242-pr1b-benchprof-treedb-stats -> origin/codex/1242-pr1b-benchprof-treedb-stats
stable legacy/public capture	UNKNOWN STEP	2026-10-06T11:05:40.8356733Z  * [new branch]          codex/1242-pr1b-collection-counters -> origin/codex/1242-pr1b-collection-counters
stable legacy/public capture	UNKNOWN STEP	2026-10-06T11:05:40.8357200Z  * [new branch]          codex/1242-pr1b-metrics -> origin/codex/1242-pr1b-metrics
stable legacy/public capture	UNKNOWN STEP	2026-10-06T11:05:40.8357817Z  * [new branch]          codex/1242-pr1b-scaling-writer-metrics -> origin/codex/1242-pr1b-scaling-writer-metrics
stable legacy/public capture	UNKNOWN STEP	2026-10-06T11:05:40.8358379Z  * [new branch]          codex/1242-pr1b-scaling-writer-only -> origin/codex/1242-pr1b-scaling-writer-only
stable legacy/public capture	UNKNOWN STEP	2026-10-06T11:05:40.8358899Z  * [new branch]          codex/1242-pr1b-scaling-writers-32 -> origin/codex/1242-pr1b-scaling-writers-32
stable legacy/public capture	UNKNOWN STEP	2026-10-06T11:05:40.8359561Z  * [new branch]          codex/1242-pr1b-unified-selected-root-stats -> origin/codex/1242-pr1b-unified-selected-root-stats
stable legacy/public capture	UNKNOWN STEP	2026-10-06T11:05:40.8360242Z  * [new branch]          codex/1242-pr1b-zero-index-writer-sweep -> origin/codex/1242-pr1b-zero-index-writer-sweep
stable legacy/public capture	UNKNOWN STEP	2026-10-06T11:05:40.8360789Z  * [new branch]          codex/1242-pr2-aggregate-coverage -> origin/codex/1242-pr2-aggregate-coverage
stable legacy/public capture	UNKNOWN STEP	2026-10-06T11:05:40.8361325Z  * [new branch]          codex/1242-pr2-batch-many-unchanged -> origin/codex/1242-pr2-batch-many-unchanged
stable legacy/public capture	UNKNOWN STEP	2026-10-06T11:05:40.8361914Z  * [new branch]          codex/1242-pr2-bson-direct-bool-same-effective -> origin/codex/1242-pr2-bson-direct-bool-same-effective
stable legacy/public capture	UNKNOWN STEP	2026-10-06T11:05:40.8362601Z  * [new branch]          codex/1242-pr2-bson-direct-buffered-unique-skip -> origin/codex/1242-pr2-bson-direct-buffered-unique-skip
stable legacy/public capture	UNKNOWN STEP	2026-10-06T11:05:40.8363286Z  * [new branch]          codex/1242-pr2-bson-direct-double-same-effective -> origin/codex/1242-pr2-bson-direct-double-same-effective
stable legacy/public capture	UNKNOWN STEP	2026-10-06T11:05:40.8363944Z  * [new branch]          codex/1242-pr2-bson-direct-int64-same-effective -> origin/codex/1242-pr2-bson-direct-int64-same-effective
stable legacy/public capture	UNKNOWN STEP	2026-10-06T11:05:40.8364619Z  * [new branch]          codex/1242-pr2-bson-direct-multikey-same-effective -> origin/codex/1242-pr2-bson-direct-multikey-same-effective
stable legacy/public capture	UNKNOWN STEP	2026-10-06T11:05:40.8365428Z  * [new branch]          codex/1242-pr2-bson-direct-one-index-many -> origin/codex/1242-pr2-bson-direct-one-index-many
stable legacy/public capture	UNKNOWN STEP	2026-10-06T11:05:40.8366021Z  * [new branch]          codex/1242-pr2-bson-direct-unique-skip -> origin/codex/1242-pr2-bson-direct-unique-skip
stable legacy/public capture	UNKNOWN STEP	2026-10-06T11:05:40.8366597Z  * [new branch]          codex/1242-pr2-bson-extraction-unchanged -> origin/codex/1242-pr2-bson-extraction-unchanged
stable legacy/public capture	UNKNOWN STEP	2026-10-06T11:05:40.8367256Z  * [new branch]          codex/1242-pr2-bson-id-rejection -> origin/codex/1242-pr2-bson-id-rejection
stable legacy/public capture	UNKNOWN STEP	2026-10-06T11:05:40.8367842Z  * [new branch]          codex/1242-pr2-bson-null-missing-minimization -> origin/codex/1242-pr2-bson-null-missing-minimization
stable legacy/public capture	UNKNOWN STEP	2026-10-06T11:05:40.8368447Z  * [new branch]          codex/1242-pr2-bson-replace-id-rejection -> origin/codex/1242-pr2-bson-replace-id-rejection
stable legacy/public capture	UNKNOWN STEP	2026-10-06T11:05:40.8369100Z  * [new branch]          codex/1242-pr2-bson-updatebatch-bool-same-effective -> origin/codex/1242-pr2-bson-updatebatch-bool-same-effective
stable legacy/public capture	UNKNOWN STEP	2026-10-06T11:05:40.8369855Z  * [new branch]          codex/1242-pr2-bson-updatebatch-double-same-effective -> origin/codex/1242-pr2-bson-updatebatch-double-same-effective
stable legacy/public capture	UNKNOWN STEP	2026-10-06T11:05:40.8370599Z  * [new branch]          codex/1242-pr2-bson-updatebatch-int64-same-effective -> origin/codex/1242-pr2-bson-updatebatch-int64-same-effective
stable legacy/public capture	UNKNOWN STEP	2026-10-06T11:05:40.8371305Z  * [new branch]          codex/1242-pr2-bson-updatebatch-many-unchanged -> origin/codex/1242-pr2-bson-updatebatch-many-unchanged
stable legacy/public capture	UNKNOWN STEP	2026-10-06T11:05:40.8371965Z  * [new branch]          codex/1242-pr2-bson-updatebatch-minimization -> origin/codex/1242-pr2-bson-updatebatch-minimization
stable legacy/public capture	UNKNOWN STEP	2026-10-06T11:05:40.8372669Z  * [new branch]          codex/1242-pr2-bson-updatebatch-multikey-same-effective -> origin/codex/1242-pr2-bson-updatebatch-multikey-same-effective
stable legacy/public capture	UNKNOWN STEP	2026-10-06T11:05:40.8373405Z  * [new branch]          codex/1242-pr2-bson-updatebatch-null-minimization -> origin/codex/1242-pr2-bson-updatebatch-null-minimization
stable legacy/public capture	UNKNOWN STEP	2026-10-06T11:05:40.8374086Z  * [new branch]          codex/1242-pr2-bson-updatebatch-one-index-many -> origin/codex/1242-pr2-bson-updatebatch-one-index-many
stable legacy/public capture	UNKNOWN STEP	2026-10-06T11:05:40.8374713Z  * [new branch]          codex/1242-pr2-bson-updatebatch-unique-skip -> origin/codex/1242-pr2-bson-updatebatch-unique-skip
stable legacy/public capture	UNKNOWN STEP	2026-10-06T11:05:40.8375554Z  * [new branch]          codex/1242-pr2-direct-buffered-negative-tests -> origin/codex/1242-pr2-direct-buffered-negative-tests
stable legacy/public capture	UNKNOWN STEP	2026-10-06T11:05:40.8376280Z  * [new branch]          codex/1242-pr2-direct-index-minimization-beyond-mask -> origin/codex/1242-pr2-direct-index-minimization-beyond-mask
stable legacy/public capture	UNKNOWN STEP	2026-10-06T11:05:40.8376999Z  * [new branch]          codex/1242-pr2-direct-int64-same-effective -> origin/codex/1242-pr2-direct-int64-same-effective
stable legacy/public capture	UNKNOWN STEP	2026-10-06T11:05:40.8377627Z  * [new branch]          codex/1242-pr2-direct-many-index-unique-skip -> origin/codex/1242-pr2-direct-many-index-unique-skip
stable legacy/public capture	UNKNOWN STEP	2026-10-06T11:05:40.8378220Z  * [new branch]          codex/1242-pr2-direct-many-indexes -> origin/codex/1242-pr2-direct-many-indexes
stable legacy/public capture	UNKNOWN STEP	2026-10-06T11:05:40.8378735Z  * [new branch]          codex/1242-pr2-direct-update-stats -> origin/codex/1242-pr2-direct-update-stats
stable legacy/public capture	UNKNOWN STEP	2026-10-06T11:05:40.8379303Z  * [new branch]          codex/1242-pr2-fast-mask-fallback-counter -> origin/codex/1242-pr2-fast-mask-fallback-counter
stable legacy/public capture	UNKNOWN STEP	2026-10-06T11:05:40.8379906Z  * [new branch]          codex/1242-pr2-index-minimization-tests -> origin/codex/1242-pr2-index-minimization-tests
stable legacy/public capture	UNKNOWN STEP	2026-10-06T11:05:40.8380555Z  * [new branch]          codex/1242-pr2-json-direct-bool-same-effective -> origin/codex/1242-pr2-json-direct-bool-same-effective
stable legacy/public capture	UNKNOWN STEP	2026-10-06T11:05:40.8381240Z  * [new branch]          codex/1242-pr2-json-direct-double-same-effective -> origin/codex/1242-pr2-json-direct-double-same-effective
stable legacy/public capture	UNKNOWN STEP	2026-10-06T11:05:40.8381878Z  * [new branch]          codex/1242-pr2-json-direct-unique-skip -> origin/codex/1242-pr2-json-direct-unique-skip
stable legacy/public capture	UNKNOWN STEP	2026-10-06T11:05:40.8382464Z  * [new branch]          codex/1242-pr2-json-multikey-minimization -> origin/codex/1242-pr2-json-multikey-minimization
stable legacy/public capture	UNKNOWN STEP	2026-10-06T11:05:40.8383102Z  * [new branch]          codex/1242-pr2-json-null-missing-minimization -> origin/codex/1242-pr2-json-null-missing-minimization
stable legacy/public capture	UNKNOWN STEP	2026-10-06T11:05:40.8383873Z  * [new branch]          codex/1242-pr2-json-updatebatch-bool-same-effective -> origin/codex/1242-pr2-json-updatebatch-bool-same-effective
stable legacy/public capture	UNKNOWN STEP	2026-10-06T11:05:40.8384815Z  * [new branch]          codex/1242-pr2-json-updatebatch-double-same-effective -> origin/codex/1242-pr2-json-updatebatch-double-same-effective
stable legacy/public capture	UNKNOWN STEP	2026-10-06T11:05:40.8385661Z  * [new branch]          codex/1242-pr2-json-updatebatch-multikey-minimization -> origin/codex/1242-pr2-json-updatebatch-multikey-minimization
stable legacy/public capture	UNKNOWN STEP	2026-10-06T11:05:40.8386399Z  * [new branch]          codex/1242-pr2-json-updatebatch-null-minimization -> origin/codex/1242-pr2-json-updatebatch-null-minimization
stable legacy/public capture	UNKNOWN STEP	2026-10-06T11:05:40.8387068Z  * [new branch]          codex/1242-pr2-json-updatebatch-unique-skip -> origin/codex/1242-pr2-json-updatebatch-unique-skip
stable legacy/public capture	UNKNOWN STEP	2026-10-06T11:05:40.8387665Z  * [new branch]          codex/1242-pr2-replace-root-minimization -> origin/codex/1242-pr2-replace-root-minimization
stable legacy/public capture	UNKNOWN STEP	2026-10-06T11:05:40.8388454Z  * [new branch]          codex/1242-pr2-template-v1-direct-bool-same-effective -> origin/codex/1242-pr2-template-v1-direct-bool-same-effective
stable legacy/public capture	UNKNOWN STEP	2026-10-06T11:05:40.8389324Z  * [new branch]          codex/1242-pr2-template-v1-direct-double-same-effective -> origin/codex/1242-pr2-template-v1-direct-double-same-effective
stable legacy/public capture	UNKNOWN STEP	2026-10-06T11:05:40.8390090Z  * [new branch]          codex/1242-pr2-template-v1-direct-int64-same-effective -> origin/codex/1242-pr2-template-v1-direct-int64-same-effective
stable legacy/public capture	UNKNOWN STEP	2026-10-06T11:05:40.8390806Z  * [new branch]          codex/1242-pr2-template-v1-direct-one-index-many -> origin/codex/1242-pr2-template-v1-direct-one-index-many
stable legacy/public capture	UNKNOWN STEP	2026-10-06T11:05:40.8391461Z  * [new branch]          codex/1242-pr2-template-v1-direct-unique-skip -> origin/codex/1242-pr2-template-v1-direct-unique-skip
stable legacy/public capture	UNKNOWN STEP	2026-10-06T11:05:40.8392066Z  * [new branch]          codex/1242-pr2-template-v1-minimization -> origin/codex/1242-pr2-template-v1-minimization
stable legacy/public capture	UNKNOWN STEP	2026-10-06T11:05:40.8392740Z  * [new branch]          codex/1242-pr2-template-v1-multikey-minimization -> origin/codex/1242-pr2-template-v1-multikey-minimization
stable legacy/public capture	UNKNOWN STEP	2026-10-06T11:05:40.8393633Z  * [new branch]          codex/1242-pr2-template-v1-null-minimization -> origin/codex/1242-pr2-template-v1-null-minimization
stable legacy/public capture	UNKNOWN STEP	2026-10-06T11:05:40.8394279Z  * [new branch]          codex/1242-pr2-template-v1-template-only-skip -> origin/codex/1242-pr2-template-v1-template-only-skip
stable legacy/public capture	UNKNOWN STEP	2026-10-06T11:05:40.8395029Z  * [new branch]          codex/1242-pr2-template-v1-updatebatch-bool-same-effective -> origin/codex/1242-pr2-template-v1-updatebatch-bool-same-effective
stable legacy/public capture	UNKNOWN STEP	2026-10-06T11:05:40.8396220Z  * [new branch]          codex/1242-pr2-template-v1-updatebatch-double-same-effective -> origin/codex/1242-pr2-template-v1-updatebatch-double-same-effective
stable legacy/public capture	UNKNOWN STEP	2026-10-06T11:05:40.8397190Z  * [new branch]          codex/1242-pr2-template-v1-updatebatch-int64-same-effective -> origin/codex/1242-pr2-template-v1-updatebatch-int64-same-effective
stable legacy/public capture	UNKNOWN STEP	2026-10-06T11:05:40.8397967Z  * [new branch]          codex/1242-pr2-template-v1-updatebatch-many-unchanged -> origin/codex/1242-pr2-template-v1-updatebatch-many-unchanged
stable legacy/public capture	UNKNOWN STEP	2026-10-06T11:05:40.8398710Z  * [new branch]          codex/1242-pr2-template-v1-updatebatch-minimization -> origin/codex/1242-pr2-template-v1-updatebatch-minimization
stable legacy/public capture	UNKNOWN STEP	2026-10-06T11:05:40.8399497Z  * [new branch]          codex/1242-pr2-template-v1-updatebatch-multikey-minimization -> origin/codex/1242-pr2-template-v1-updatebatch-multikey-minimization
stable legacy/public capture	UNKNOWN STEP	2026-10-06T11:05:40.8400311Z  * [new branch]          codex/1242-pr2-template-v1-updatebatch-null-minimization -> origin/codex/1242-pr2-template-v1-updatebatch-null-minimization
stable legacy/public capture	UNKNOWN STEP	2026-10-06T11:05:40.8401201Z  * [new branch]          codex/1242-pr2-template-v1-updatebatch-one-index-many -> origin/codex/1242-pr2-template-v1-updatebatch-one-index-many
stable legacy/public capture	UNKNOWN STEP	2026-10-06T11:05:40.8401987Z  * [new branch]          codex/1242-pr2-template-v1-updatebatch-unique-skip -> origin/codex/1242-pr2-template-v1-updatebatch-unique-skip
stable legacy/public capture	UNKNOWN STEP	2026-10-06T11:05:40.8402597Z  * [new branch]          codex/1242-pr2-unique-handoff-proof -> origin/codex/1242-pr2-unique-handoff-proof
stable legacy/public capture	UNKNOWN STEP	2026-10-06T11:05:40.8403200Z  * [new branch]          codex/1242-pr2-updatebatch-int64-same-effective -> origin/codex/1242-pr2-updatebatch-int64-same-effective
stable legacy/public capture	UNKNOWN STEP	2026-10-06T11:05:40.8403959Z  * [new branch]          codex/1242-pr2-updatebatch-one-index-many -> origin/codex/1242-pr2-updatebatch-one-index-many
stable legacy/public capture	UNKNOWN STEP	2026-10-06T11:05:40.8404560Z  * [new branch]          codex/1242-pr2b-noindex-strategy-pin -> origin/codex/1242-pr2b-noindex-strategy-pin
stable legacy/public capture	UNKNOWN STEP	2026-10-06T11:05:40.8405167Z  * [new branch]          codex/1242-pr3a-indexed-coordinator-lifecycle -> origin/codex/1242-pr3a-indexed-coordinator-lifecycle
stable legacy/public capture	UNKNOWN STEP	2026-10-06T11:05:40.8406031Z  * [new branch]          codex/1242-pr3b-effective-secondary-coalescing -> origin/codex/1242-pr3b-effective-secondary-coalescing
stable legacy/public capture	UNKNOWN STEP	2026-10-06T11:05:40.8406678Z  * [new branch]          codex/1242-pr3b-semantic-checkpoint-shallow -> origin/codex/1242-pr3b-semantic-checkpoint-shallow
stable legacy/public capture	UNKNOWN STEP	2026-10-06T11:05:40.8407274Z  * [new branch]          codex/1242-pr3b-semantic-delta-arena -> origin/codex/1242-pr3b-semantic-delta-arena
stable legacy/public capture	UNKNOWN STEP	2026-10-06T11:05:40.8407841Z  * [new branch]          codex/1242-pr3b-semantic-raw-material -> origin/codex/1242-pr3b-semantic-raw-material
stable legacy/public capture	UNKNOWN STEP	2026-10-06T11:05:40.8408427Z  * [new branch]          codex/1242-pr3b-semantic-record-allocation -> origin/codex/1242-pr3b-semantic-record-allocation
stable legacy/public capture	UNKNOWN STEP	2026-10-06T11:05:40.8409043Z  * [new branch]          codex/1242-pr3b-semantic-value-diff-fastpath -> origin/codex/1242-pr3b-semantic-value-diff-fastpath
stable legacy/public capture	UNKNOWN STEP	2026-10-06T11:05:40.8409667Z  * [new branch]          codex/1242-pr3c-indexed-publish-preflight -> origin/codex/1242-pr3c-indexed-publish-preflight
stable legacy/public capture	UNKNOWN STEP	2026-10-06T11:05:40.8410231Z  * [new branch]          codex/1242-pr4a-engine-install-guard -> origin/codex/1242-pr4a-engine-install-guard
stable legacy/public capture	UNKNOWN STEP	2026-10-06T11:05:40.8410776Z  * [new branch]          codex/1242-pr4a-prepared-root-metadata -> origin/codex/1242-pr4a-prepared-root-metadata
stable legacy/public capture	UNKNOWN STEP	2026-10-06T11:05:40.8411317Z  * [new branch]          codex/1242-pr4b-ordered-apply-result -> origin/codex/1242-pr4b-ordered-apply-result
stable legacy/public capture	UNKNOWN STEP	2026-10-06T11:05:40.8412005Z  * [new branch]          codex/1242-pr4b-readonly-zipper-prepare -> origin/codex/1242-pr4b-readonly-zipper-prepare
stable legacy/public capture	UNKNOWN STEP	2026-10-06T11:05:40.8412605Z  * [new branch]          codex/1242-pr5a-prepared-output-tracker -> origin/codex/1242-pr5a-prepared-output-tracker
stable legacy/public capture	UNKNOWN STEP	2026-10-06T11:05:40.8413159Z  * [new branch]          codex/1242-pr5b-prepared-side-output -> origin/codex/1242-pr5b-prepared-side-output
stable legacy/public capture	UNKNOWN STEP	2026-10-06T11:05:40.8413706Z  * [new branch]          codex/1242-pr5c-prepared-output-stats -> origin/codex/1242-pr5c-prepared-output-stats
stable legacy/public capture	UNKNOWN STEP	2026-10-06T11:05:40.8414220Z  * [new branch]          codex/1242-pr6a-leaf-span-plan -> origin/codex/1242-pr6a-leaf-span-plan
stable legacy/public capture	UNKNOWN STEP	2026-10-06T11:05:40.8414673Z  * [new branch]          codex/1242-pr6b-apply-bench -> origin/codex/1242-pr6b-apply-bench
stable legacy/public capture	UNKNOWN STEP	2026-10-06T11:05:40.8415365Z  * [new branch]          codex/1242-pr6b-leaf-span-summary -> origin/codex/1242-pr6b-leaf-span-summary
stable legacy/public capture	UNKNOWN STEP	2026-10-06T11:05:40.8415873Z  * [new branch]          codex/1242-pr6b-leafspan-bench -> origin/codex/1242-pr6b-leafspan-bench
stable legacy/public capture	UNKNOWN STEP	2026-10-06T11:05:40.8416437Z  * [new branch]          codex/1242-pr6b-sparse-parallel-apply-next -> origin/codex/1242-pr6b-sparse-parallel-apply-next
stable legacy/public capture	UNKNOWN STEP	2026-10-06T11:05:40.8416993Z  * [new branch]          codex/1242-pr6c-leaf-span-workers -> origin/codex/1242-pr6c-leaf-span-workers
stable legacy/public capture	UNKNOWN STEP	2026-10-06T11:05:40.8417583Z  * [new branch]          codex/1242-pr6d-apply-readonly-prepare -> origin/codex/1242-pr6d-apply-readonly-prepare
stable legacy/public capture	UNKNOWN STEP	2026-10-06T11:05:40.8418212Z  * [new branch]          codex/1242-pr6e-ordered-readonly-prepare-stats -> origin/codex/1242-pr6e-ordered-readonly-prepare-stats
stable legacy/public capture	UNKNOWN STEP	2026-10-06T11:05:40.8418872Z  * [new branch]          codex/1242-pr6f-ordered-readonly-prepare-reuse -> origin/codex/1242-pr6f-ordered-readonly-prepare-reuse
stable legacy/public capture	UNKNOWN STEP	2026-10-06T11:05:40.8419833Z  * [new branch]          codex/1242-pr6g-readonly-worker-stats -> origin/codex/1242-pr6g-readonly-worker-stats
stable legacy/public capture	UNKNOWN STEP	2026-10-06T11:05:40.8420580Z  * [new branch]          codex/1242-pr6h-collection-readonly-prepare -> origin/codex/1242-pr6h-collection-readonly-prepare
stable legacy/public capture	UNKNOWN STEP	2026-10-06T11:05:40.8421350Z  * [new branch]          codex/1242-pr6i-readonly-prepare-reporting -> origin/codex/1242-pr6i-readonly-prepare-reporting
stable legacy/public capture	UNKNOWN STEP	2026-10-06T11:05:40.8421997Z  * [new branch]          codex/1242-pr6j-collection-readonly-reuse -> origin/codex/1242-pr6j-collection-readonly-reuse
stable legacy/public capture	UNKNOWN STEP	2026-10-06T11:05:40.8422754Z  * [new branch]          codex/1242-pr6k-readonly-prepare-docs -> origin/codex/1242-pr6k-readonly-prepare-docs
stable legacy/public capture	UNKNOWN STEP	2026-10-06T11:05:40.8423684Z  * [new branch]          codex/1242-pr6l-readonly-prepare-benchmarks -> origin/codex/1242-pr6l-readonly-prepare-benchmarks
stable legacy/public capture	UNKNOWN STEP	2026-10-06T11:05:40.8424404Z  * [new branch]          codex/1242-pr6m-readonly-prepare-apply-split -> origin/codex/1242-pr6m-readonly-prepare-apply-split
stable legacy/public capture	UNKNOWN STEP	2026-10-06T11:05:40.8425004Z  * [new branch]          codex/1242-pr6n-readonly-prepare-pool -> origin/codex/1242-pr6n-readonly-prepare-pool
stable legacy/public capture	UNKNOWN STEP	2026-10-06T11:05:40.8425718Z  * [new branch]          codex/1242-pr6o-internal-parallel-stats -> origin/codex/1242-pr6o-internal-parallel-stats
stable legacy/public capture	UNKNOWN STEP	2026-10-06T11:05:40.8426340Z  * [new branch]          codex/1242-pr6p-internal-parallel-worker-cap -> origin/codex/1242-pr6p-internal-parallel-worker-cap
stable legacy/public capture	UNKNOWN STEP	2026-10-06T11:05:40.8427037Z  * [new branch]          codex/1242-pr6q-pregrow-parallel-retired -> origin/codex/1242-pr6q-pregrow-parallel-retired
stable legacy/public capture	UNKNOWN STEP	2026-10-06T11:05:40.8427702Z  * [new branch]          codex/1242-pr6r-builder-fence-reuse -> origin/codex/1242-pr6r-builder-fence-reuse
stable legacy/public capture	UNKNOWN STEP	2026-10-06T11:05:40.8428204Z  * [new branch]          codex/1242-pr6s-childwork-pool -> origin/codex/1242-pr6s-childwork-pool
stable legacy/public capture	UNKNOWN STEP	2026-10-06T11:05:40.8428763Z  * [new branch]          codex/1242-raw-treedb-smoke-gate-script -> origin/codex/1242-raw-treedb-smoke-gate-script
stable legacy/public capture	UNKNOWN STEP	2026-10-06T11:05:40.8429293Z  * [new branch]          codex/1242-round2-synthesis-doc -> origin/codex/1242-round2-synthesis-doc
stable legacy/public capture	UNKNOWN STEP	2026-10-06T11:05:40.8429767Z  * [new branch]          codex/1242-typed-group-contract -> origin/codex/1242-typed-group-contract
stable legacy/public capture	UNKNOWN STEP	2026-10-06T11:05:40.8430375Z  * [new branch]          codex/1242-typed-group-product -> origin/codex/1242-typed-group-product
stable legacy/public capture	UNKNOWN STEP	2026-10-06T11:05:40.8430936Z  * [new branch]          codex/1332-primary-only-noindex-writeback -> origin/codex/1332-primary-only-noindex-writeback
stable legacy/public capture	UNKNOWN STEP	2026-10-06T11:05:40.8431480Z  * [new branch]          codex/1473-1493-compass-closeout -> origin/codex/1473-1493-compass-closeout
stable legacy/public capture	UNKNOWN STEP	2026-10-06T11:05:40.8431970Z  * [new branch]          codex/1714-holder-segment-leases -> origin/codex/1714-holder-segment-leases
stable legacy/public capture	UNKNOWN STEP	2026-10-06T11:05:40.8432447Z  * [new branch]          codex/1714-row-index-residency -> origin/codex/1714-row-index-residency
stable legacy/public capture	UNKNOWN STEP	2026-10-06T11:05:40.8432953Z  * [new branch]          codex/1740-command-wal-profile-names -> origin/codex/1740-command-wal-profile-names
stable legacy/public capture	UNKNOWN STEP	2026-10-06T11:05:40.8433679Z  * [new branch]          codex/2026-catalog-fault-injection-next -> origin/codex/2026-catalog-fault-injection-next
stable legacy/public capture	UNKNOWN STEP	2026-10-06T11:05:40.8434526Z  * [new branch]          codex/2026-current-head-ycsb-20260630 -> origin/codex/2026-current-head-ycsb-20260630
stable legacy/public capture	UNKNOWN STEP	2026-10-06T11:05:40.8435445Z  * [new branch]          codex/2026-final-closeout-docs -> origin/codex/2026-final-closeout-docs
stable legacy/public capture	UNKNOWN STEP	2026-10-06T11:05:40.8436065Z  * [new branch]          codex/2026-system-root-vlog-probe -> origin/codex/2026-system-root-vlog-probe
stable legacy/public capture	UNKNOWN STEP	2026-10-06T11:05:40.8436613Z  * [new branch]          codex/2026-system-root-vlog-probe-clean -> origin/codex/2026-system-root-vlog-probe-clean
stable legacy/public capture	UNKNOWN STEP	2026-10-06T11:05:40.8437089Z  * [new branch]          codex/2026-ycsb-closeout -> origin/codex/2026-ycsb-closeout
stable legacy/public capture	UNKNOWN STEP	2026-10-06T11:05:40.8437554Z  * [new branch]          codex/2073-two-phase-insert-planning -> origin/codex/2073-two-phase-insert-planning
stable legacy/public capture	UNKNOWN STEP	2026-10-06T11:05:40.8438061Z  * [new branch]          codex/2085-response-meta-parser -> origin/codex/2085-response-meta-parser
stable legacy/public capture	UNKNOWN STEP	2026-10-06T11:05:40.8438503Z  * [new branch]          codex/2086-omit-result-ids -> origin/codex/2086-omit-result-ids
stable legacy/public capture	UNKNOWN STEP	2026-10-06T11:05:40.8438983Z  * [new branch]          codex/2087-single-doc-direct-buffered -> origin/codex/2087-single-doc-direct-buffered
stable legacy/public capture	UNKNOWN STEP	2026-10-06T11:05:40.8439684Z  * [new branch]          codex/2095-nativewire-insert-combiner -> origin/codex/2095-nativewire-insert-combiner
stable legacy/public capture	UNKNOWN STEP	2026-10-06T11:05:40.8440273Z  * [new branch]          codex/2095-nativewire-insert-combiner-v2 -> origin/codex/2095-nativewire-insert-combiner-v2
stable legacy/public capture	UNKNOWN STEP	2026-10-06T11:05:40.8440855Z  * [new branch]          codex/2097-ycsb-insert-next-round -> origin/codex/2097-ycsb-insert-next-round
stable legacy/public capture	UNKNOWN STEP	2026-10-06T11:05:40.8441399Z  * [new branch]          codex/2118-column-store-accounting-api -> origin/codex/2118-column-store-accounting-api
stable legacy/public capture	UNKNOWN STEP	2026-10-06T11:05:40.8441993Z  * [new branch]          codex/2138-command-wal-ycsb-profile-bench -> origin/codex/2138-command-wal-ycsb-profile-bench
stable legacy/public capture	UNKNOWN STEP	2026-10-06T11:05:40.8442558Z  * [new branch]          codex/2146-command-wal-profile-docs -> origin/codex/2146-command-wal-profile-docs
stable legacy/public capture	UNKNOWN STEP	2026-10-06T11:05:40.8443074Z  * [new branch]          codex/2147-strict-public-profiles -> origin/codex/2147-strict-public-profiles
stable legacy/public capture	UNKNOWN STEP	2026-10-06T11:05:40.8443652Z  * [new branch]          codex/2148-profile-test-harness-migration -> origin/codex/2148-profile-test-harness-migration
stable legacy/public capture	UNKNOWN STEP	2026-10-06T11:05:40.8444245Z  * [new branch]          codex/2149-command-wal-write-path-audit -> origin/codex/2149-command-wal-write-path-audit
stable legacy/public capture	UNKNOWN STEP	2026-10-06T11:05:40.8444799Z  * [new branch]          codex/2150-profile-api-reachability -> origin/codex/2150-profile-api-reachability
stable legacy/public capture	UNKNOWN STEP	2026-10-06T11:05:40.8445511Z  * [new branch]          codex/2151-profile-closeout-evidence -> origin/codex/2151-profile-closeout-evidence
stable legacy/public capture	UNKNOWN STEP	2026-10-06T11:05:40.8446067Z  * [new branch]          codex/2165-nullable-full-data-columns -> origin/codex/2165-nullable-full-data-columns
stable legacy/public capture	UNKNOWN STEP	2026-10-06T11:05:40.8446609Z  * [new branch]          codex/2174-nativewire-bson-set-update -> origin/codex/2174-nativewire-bson-set-update
stable legacy/public capture	UNKNOWN STEP	2026-10-06T11:05:40.8447138Z  * [new branch]          codex/2175-update-bsonset-fastpath -> origin/codex/2175-update-bsonset-fastpath
stable legacy/public capture	UNKNOWN STEP	2026-10-06T11:05:40.8447690Z  * [new branch]          codex/2176-commandwal-bson-set-combiner -> origin/codex/2176-commandwal-bson-set-combiner
stable legacy/public capture	UNKNOWN STEP	2026-10-06T11:05:40.8448375Z  * [new branch]          codex/2177-bson-update-lock-boundary -> origin/codex/2177-bson-update-lock-boundary
stable legacy/public capture	UNKNOWN STEP	2026-10-06T11:05:40.8448960Z  * [new branch]          codex/2187-mutable-threshold-pressure-cache -> origin/codex/2187-mutable-threshold-pressure-cache
stable legacy/public capture	UNKNOWN STEP	2026-10-06T11:05:40.8449506Z  * [new branch]          codex/2320-insert-publish-root -> origin/codex/2320-insert-publish-root
stable legacy/public capture	UNKNOWN STEP	2026-10-06T11:05:40.8449971Z  * [new branch]          codex/2359-clickhouse-class-map -> origin/codex/2359-clickhouse-class-map
stable legacy/public capture	UNKNOWN STEP	2026-10-06T11:05:40.8450457Z  * [new branch]          codex/2359-clickhouse-class-map-v2 -> origin/codex/2359-clickhouse-class-map-v2
stable legacy/public capture	UNKNOWN STEP	2026-10-06T11:05:40.8450935Z  * [new branch]          codex/2395-retained-remainder -> origin/codex/2395-retained-remainder
stable legacy/public capture	UNKNOWN STEP	2026-10-06T11:05:40.8451418Z  * [new branch]          codex/2396-dict-locator-compaction -> origin/codex/2396-dict-locator-compaction
stable legacy/public capture	UNKNOWN STEP	2026-10-06T11:05:40.8451940Z  * [new branch]          codex/2435-compact-outerleaf-scratch -> origin/codex/2435-compact-outerleaf-scratch
stable legacy/public capture	UNKNOWN STEP	2026-10-06T11:05:40.8452505Z  * [new branch]          codex/2437-memtable-flush-alloc-pressure -> origin/codex/2437-memtable-flush-alloc-pressure
stable legacy/public capture	UNKNOWN STEP	2026-10-06T11:05:40.8453070Z  * [new branch]          codex/2662-retained-block-compression -> origin/codex/2662-retained-block-compression
stable legacy/public capture	UNKNOWN STEP	2026-10-06T11:05:40.8453582Z  * [new branch]          codex/2662-retained-family-audit -> origin/codex/2662-retained-family-audit
stable legacy/public capture	UNKNOWN STEP	2026-10-06T11:05:40.8454054Z  * [new branch]          codex/2662-retained-layout-audit -> origin/codex/2662-retained-layout-audit
stable legacy/public capture	UNKNOWN STEP	2026-10-06T11:05:40.8454626Z  * [new branch]          codex/2662-retained-semantic-block-compression -> origin/codex/2662-retained-semantic-block-compression
stable legacy/public capture	UNKNOWN STEP	2026-10-06T11:05:40.8455348Z  * [new branch]          codex/2662-retained-semantic-stream-oracle -> origin/codex/2662-retained-semantic-stream-oracle
stable legacy/public capture	UNKNOWN STEP	2026-10-06T11:05:40.8455964Z  * [new branch]          codex/2662-retained-semantic-stream-v1 -> origin/codex/2662-retained-semantic-stream-v1
stable legacy/public capture	UNKNOWN STEP	2026-10-06T11:05:40.8456585Z  * [new branch]          codex/2662-retained-shape-audit -> origin/codex/2662-retained-shape-audit
stable legacy/public capture	UNKNOWN STEP	2026-10-06T11:05:40.8457060Z  * [new branch]          codex/2663-dense-row-id-assets -> origin/codex/2663-dense-row-id-assets
stable legacy/public capture	UNKNOWN STEP	2026-10-06T11:05:40.8457496Z  * [new branch]          codex/2663-row-asset-audit -> origin/codex/2663-row-asset-audit
stable legacy/public capture	UNKNOWN STEP	2026-10-06T11:05:40.8458022Z  * [new branch]          codex/2663-typed-column-part-internals -> origin/codex/2663-typed-column-part-internals
stable legacy/public capture	UNKNOWN STEP	2026-10-06T11:05:40.8458528Z  * [new branch]          codex/2663-typed-column-zstd -> origin/codex/2663-typed-column-zstd
stable legacy/public capture	UNKNOWN STEP	2026-10-06T11:05:40.8458988Z  * [new branch]          codex/2665-compact-storage-flake -> origin/codex/2665-compact-storage-flake
stable legacy/public capture	UNKNOWN STEP	2026-10-06T11:05:40.8459462Z  * [new branch]          codex/2680-clickhouse-part-audit -> origin/codex/2680-clickhouse-part-audit
stable legacy/public capture	UNKNOWN STEP	2026-10-06T11:05:40.8459956Z  * [new branch]          codex/2734-text-v2-hardening-main -> origin/codex/2734-text-v2-hardening-main
stable legacy/public capture	UNKNOWN STEP	2026-10-06T11:05:40.8460416Z  * [new branch]          codex/2744-parallel-flush-m0 -> origin/codex/2744-parallel-flush-m0
stable legacy/public capture	UNKNOWN STEP	2026-10-06T11:05:40.8460839Z  * [new branch]          codex/2745-parallel-flush-m1 -> origin/codex/2745-parallel-flush-m1
stable legacy/public capture	UNKNOWN STEP	2026-10-06T11:05:40.8461257Z  * [new branch]          codex/2746-parallel-flush-m2 -> origin/codex/2746-parallel-flush-m2
stable legacy/public capture	UNKNOWN STEP	2026-10-06T11:05:40.8461688Z  * [new branch]          codex/2747-parallel-flush-m3 -> origin/codex/2747-parallel-flush-m3
stable legacy/public capture	UNKNOWN STEP	2026-10-06T11:05:40.8462117Z  * [new branch]          codex/2748-parallel-flush-m4 -> origin/codex/2748-parallel-flush-m4
stable legacy/public capture	UNKNOWN STEP	2026-10-06T11:05:40.8462537Z  * [new branch]          codex/2749-parallel-flush-m5 -> origin/codex/2749-parallel-flush-m5
stable legacy/public capture	UNKNOWN STEP	2026-10-06T11:05:40.8462969Z  * [new branch]          codex/2757-parallel-flush-m6 -> origin/codex/2757-parallel-flush-m6
stable legacy/public capture	UNKNOWN STEP	2026-10-06T11:05:40.8463382Z  * [new branch]          codex/2760-parallel-flush-m7 -> origin/codex/2760-parallel-flush-m7
stable legacy/public capture	UNKNOWN STEP	2026-10-06T11:05:40.8463935Z  * [new branch]          codex/2801-command-wal-bounds -> origin/codex/2801-command-wal-bounds
stable legacy/public capture	UNKNOWN STEP	2026-10-06T11:05:40.8464378Z  * [new branch]          codex/2821-production-stats -> origin/codex/2821-production-stats
stable legacy/public capture	UNKNOWN STEP	2026-10-06T11:05:40.8464855Z  * [new branch]          codex/2842-scalar-u8-alpha-config -> origin/codex/2842-scalar-u8-alpha-config
stable legacy/public capture	UNKNOWN STEP	2026-10-06T11:05:40.8465424Z  * [new branch]          codex/2843-scalar-u8-alpha-assets -> origin/codex/2843-scalar-u8-alpha-assets
stable legacy/public capture	UNKNOWN STEP	2026-10-06T11:05:40.8465925Z  * [new branch]          codex/2844-scalar-u8-alpha-scoring -> origin/codex/2844-scalar-u8-alpha-scoring
stable legacy/public capture	UNKNOWN STEP	2026-10-06T11:05:40.8466501Z  * [new branch]          codex/2845-scalar-u8-alpha-default-gate -> origin/codex/2845-scalar-u8-alpha-default-gate
stable legacy/public capture	UNKNOWN STEP	2026-10-06T11:05:40.8467015Z  * [new branch]          codex/2878-q45-plan-alignment -> origin/codex/2878-q45-plan-alignment
stable legacy/public capture	UNKNOWN STEP	2026-10-06T11:05:40.8467476Z  * [new branch]          codex/2880-q2-grouped-distinct -> origin/codex/2880-q2-grouped-distinct
stable legacy/public capture	UNKNOWN STEP	2026-10-06T11:05:40.8467894Z  * [new branch]          codex/2895-q2-dense     -> origin/codex/2895-q2-dense
stable legacy/public capture	UNKNOWN STEP	2026-10-06T11:05:40.8468376Z  * [new branch]          codex/2998-canonical-report-completion -> origin/codex/2998-canonical-report-completion
stable legacy/public capture	UNKNOWN STEP	2026-10-06T11:05:40.8468942Z  * [new branch]          codex/3021-ordered-root-classification -> origin/codex/3021-ordered-root-classification
stable legacy/public capture	UNKNOWN STEP	2026-10-06T11:05:40.8469488Z  * [new branch]          codex/3022-ordered-root-observability -> origin/codex/3022-ordered-root-observability
stable legacy/public capture	UNKNOWN STEP	2026-10-06T11:05:40.8470034Z  * [new branch]          codex/3023-ordered-root-edge-semantics -> origin/codex/3023-ordered-root-edge-semantics
stable legacy/public capture	UNKNOWN STEP	2026-10-06T11:05:40.8470613Z  * [new branch]          codex/3024-ordered-root-production-enable -> origin/codex/3024-ordered-root-production-enable
stable legacy/public capture	UNKNOWN STEP	2026-10-06T11:05:40.8471197Z  * [new branch]          codex/3025-production-evidence-plumbing -> origin/codex/3025-production-evidence-plumbing
stable legacy/public capture	UNKNOWN STEP	2026-10-06T11:05:40.8471720Z  * [new branch]          codex/3027-mongo-load-metadata -> origin/codex/3027-mongo-load-metadata
stable legacy/public capture	UNKNOWN STEP	2026-10-06T11:05:40.8472267Z  * [new branch]          codex/3028-mongo-load-scaling -> origin/codex/3028-mongo-load-scaling
stable legacy/public capture	UNKNOWN STEP	2026-10-06T11:05:40.8472758Z  * [new branch]          codex/3029-report-load-story -> origin/codex/3029-report-load-story
stable legacy/public capture	UNKNOWN STEP	2026-10-06T11:05:40.8473209Z  * [new branch]          codex/3030-report-completeness -> origin/codex/3030-report-completeness
stable legacy/public capture	UNKNOWN STEP	2026-10-06T11:05:40.8473675Z  * [new branch]          codex/3031-final-report-evidence -> origin/codex/3031-final-report-evidence
stable legacy/public capture	UNKNOWN STEP	2026-10-06T11:05:40.8474189Z  * [new branch]          codex/3032-span-native-admission-gates -> origin/codex/3032-span-native-admission-gates
stable legacy/public capture	UNKNOWN STEP	2026-10-06T11:05:40.8474766Z  * [new branch]          codex/3033-raw-treedb-default-span-native -> origin/codex/3033-raw-treedb-default-span-native
stable legacy/public capture	UNKNOWN STEP	2026-10-06T11:05:40.8475373Z  * [new branch]          codex/3037-r3a-docs-alignment -> origin/codex/3037-r3a-docs-alignment
stable legacy/public capture	UNKNOWN STEP	2026-10-06T11:05:40.8475800Z  * [new branch]          codex/3038-r3a-contracts -> origin/codex/3038-r3a-contracts
stable legacy/public capture	UNKNOWN STEP	2026-10-06T11:05:40.8476222Z  * [new branch]          codex/3038-r3a-contracts-clean -> origin/codex/3038-r3a-contracts-clean
stable legacy/public capture	UNKNOWN STEP	2026-10-06T11:05:40.8476677Z  * [new branch]          codex/3039-r3a-command-wal-api -> origin/codex/3039-r3a-command-wal-api
stable legacy/public capture	UNKNOWN STEP	2026-10-06T11:05:40.8477170Z  * [new branch]          codex/3039-r3a-command-wal-api-clean -> origin/codex/3039-r3a-command-wal-api-clean
stable legacy/public capture	UNKNOWN STEP	2026-10-06T11:05:40.8477642Z  * [new branch]          codex/3040-r3a-apply-harness -> origin/codex/3040-r3a-apply-harness
stable legacy/public capture	UNKNOWN STEP	2026-10-06T11:05:40.8478116Z  * [new branch]          codex/3040-r3a-apply-harness-clean -> origin/codex/3040-r3a-apply-harness-clean
stable legacy/public capture	UNKNOWN STEP	2026-10-06T11:05:40.8478583Z  * [new branch]          codex/3041-r3a-create-digest -> origin/codex/3041-r3a-create-digest
stable legacy/public capture	UNKNOWN STEP	2026-10-06T11:05:40.8479042Z  * [new branch]          codex/3041-r3a-create-digest-clean -> origin/codex/3041-r3a-create-digest-clean
stable legacy/public capture	UNKNOWN STEP	2026-10-06T11:05:40.8479645Z  * [new branch]          codex/3042-r3a-mutation-widening -> origin/codex/3042-r3a-mutation-widening
stable legacy/public capture	UNKNOWN STEP	2026-10-06T11:05:40.8480191Z  * [new branch]          codex/3042-r3a-mutation-widening-rebuild -> origin/codex/3042-r3a-mutation-widening-rebuild
stable legacy/public capture	UNKNOWN STEP	2026-10-06T11:05:40.8480763Z  * [new branch]          codex/3043-r3a-apply-progress-closeout -> origin/codex/3043-r3a-apply-progress-closeout
stable legacy/public capture	UNKNOWN STEP	2026-10-06T11:05:40.8481372Z  * [new branch]          codex/3045-nativewire-read-coordinator-bridge -> origin/codex/3045-nativewire-read-coordinator-bridge
stable legacy/public capture	UNKNOWN STEP	2026-10-06T11:05:40.8481956Z  * [new branch]          codex/3045-nativewire-read-policy -> origin/codex/3045-nativewire-read-policy
stable legacy/public capture	UNKNOWN STEP	2026-10-06T11:05:40.8482467Z  * [new branch]          codex/3045-read-barrier-foundation -> origin/codex/3045-read-barrier-foundation
stable legacy/public capture	UNKNOWN STEP	2026-10-06T11:05:40.8482934Z  * [new branch]          codex/3046-placement-catalog -> origin/codex/3046-placement-catalog
stable legacy/public capture	UNKNOWN STEP	2026-10-06T11:05:40.8483361Z  * [new branch]          codex/3046-ring-sim-next -> origin/codex/3046-ring-sim-next
stable legacy/public capture	UNKNOWN STEP	2026-10-06T11:05:40.8483849Z  * [new branch]          codex/3048-compact-owner-classification -> origin/codex/3048-compact-owner-classification
stable legacy/public capture	UNKNOWN STEP	2026-10-06T11:05:40.8484451Z  * [new branch]          codex/3049-production-leaf-page-log-handoff -> origin/codex/3049-production-leaf-page-log-handoff
stable legacy/public capture	UNKNOWN STEP	2026-10-06T11:05:40.8485047Z  * [new branch]          codex/3050-compact-crash-cleanup-status -> origin/codex/3050-compact-crash-cleanup-status
stable legacy/public capture	UNKNOWN STEP	2026-10-06T11:05:40.8485788Z  * [new branch]          codex/3051-compact-persistence-proof -> origin/codex/3051-compact-persistence-proof
stable legacy/public capture	UNKNOWN STEP	2026-10-06T11:05:40.8486323Z  * [new branch]          codex/3052-canonical-compact-gates -> origin/codex/3052-canonical-compact-gates
stable legacy/public capture	UNKNOWN STEP	2026-10-06T11:05:40.8486823Z  * [new branch]          codex/3067-insert-stats-20260627 -> origin/codex/3067-insert-stats-20260627
stable legacy/public capture	UNKNOWN STEP	2026-10-06T11:05:40.8487249Z  * [new branch]          codex/3067-load-fuse    -> origin/codex/3067-load-fuse
stable legacy/public capture	UNKNOWN STEP	2026-10-06T11:05:40.8487677Z  * [new branch]          codex/3067-retained-prep-next -> origin/codex/3067-retained-prep-next
stable legacy/public capture	UNKNOWN STEP	2026-10-06T11:05:40.8488264Z  * [new branch]          codex/3067-retained-root-prepare -> origin/codex/3067-retained-root-prepare
stable legacy/public capture	UNKNOWN STEP	2026-10-06T11:05:40.8488903Z  * [new branch]          codex/3067-retained-stream-prep-diagnostics-20260701 -> origin/codex/3067-retained-stream-prep-diagnostics-20260701
stable legacy/public capture	UNKNOWN STEP	2026-10-06T11:05:40.8489566Z  * [new branch]          codex/3067-typed-column-load-subtimers -> origin/codex/3067-typed-column-load-subtimers
stable legacy/public capture	UNKNOWN STEP	2026-10-06T11:05:40.8490122Z  * [new branch]          codex/3067-typed-image-build-20260701 -> origin/codex/3067-typed-image-build-20260701
stable legacy/public capture	UNKNOWN STEP	2026-10-06T11:05:40.8490684Z  * [new branch]          codex/3067-typed-publish-prep-fastpath -> origin/codex/3067-typed-publish-prep-fastpath
stable legacy/public capture	UNKNOWN STEP	2026-10-06T11:05:40.8491238Z  * [new branch]          codex/3067-typedcolumn-load-fastpath -> origin/codex/3067-typedcolumn-load-fastpath
stable legacy/public capture	UNKNOWN STEP	2026-10-06T11:05:40.8491758Z  * [new branch]          codex/3067-zero-column-row-asset -> origin/codex/3067-zero-column-row-asset
stable legacy/public capture	UNKNOWN STEP	2026-10-06T11:05:40.8492268Z  * [new branch]          codex/3067-zero-column-row-asset-v2 -> origin/codex/3067-zero-column-row-asset-v2
stable legacy/public capture	UNKNOWN STEP	2026-10-06T11:05:40.8492848Z  * [new branch]          codex/3070-column-query-diagnostics-report -> origin/codex/3070-column-query-diagnostics-report
stable legacy/public capture	UNKNOWN STEP	2026-10-06T11:05:40.8493411Z  * [new branch]          codex/3070-first-touch-after-open -> origin/codex/3070-first-touch-after-open
stable legacy/public capture	UNKNOWN STEP	2026-10-06T11:05:40.8493872Z  * [new branch]          codex/3070-q2-current-noagg -> origin/codex/3070-q2-current-noagg
stable legacy/public capture	UNKNOWN STEP	2026-10-06T11:05:40.8494325Z  * [new branch]          codex/3094-q4-topk-range-prepare -> origin/codex/3094-q4-topk-range-prepare
stable legacy/public capture	UNKNOWN STEP	2026-10-06T11:05:40.8494825Z  * [new branch]          codex/3096-semstream-encoder-reuse -> origin/codex/3096-semstream-encoder-reuse
stable legacy/public capture	UNKNOWN STEP	2026-10-06T11:05:40.8495439Z  * [new branch]          codex/3099-aggmeta-predicate-roworder -> origin/codex/3099-aggmeta-predicate-roworder
stable legacy/public capture	UNKNOWN STEP	2026-10-06T11:05:40.8496130Z  * [new branch]          codex/3099-loadpath-asset-overlap-current -> origin/codex/3099-loadpath-asset-overlap-current
stable legacy/public capture	UNKNOWN STEP	2026-10-06T11:05:40.8496670Z  * [new branch]          codex/3099-publish-write-stats -> origin/codex/3099-publish-write-stats
stable legacy/public capture	UNKNOWN STEP	2026-10-06T11:05:40.8497174Z  * [new branch]          codex/3099-publish-write-stats-clean -> origin/codex/3099-publish-write-stats-clean
stable legacy/public capture	UNKNOWN STEP	2026-10-06T11:05:40.8497708Z  * [new branch]          codex/3099-retained-stream-parallel -> origin/codex/3099-retained-stream-parallel
stable legacy/public capture	UNKNOWN STEP	2026-10-06T11:05:40.8498264Z  * [new branch]          codex/3099-semantic-declared-rows -> origin/codex/3099-semantic-declared-rows
stable legacy/public capture	UNKNOWN STEP	2026-10-06T11:05:40.8498778Z  * [new branch]          codex/3099-typed-granule-row-order -> origin/codex/3099-typed-granule-row-order
stable legacy/public capture	UNKNOWN STEP	2026-10-06T11:05:40.8499348Z  * [new branch]          codex/3102-direct-typed-column-publication -> origin/codex/3102-direct-typed-column-publication
stable legacy/public capture	UNKNOWN STEP	2026-10-06T11:05:40.8500014Z  * [new branch]          codex/3102-direct-typed-column-publication-clean -> origin/codex/3102-direct-typed-column-publication-clean
stable legacy/public capture	UNKNOWN STEP	2026-10-06T11:05:40.8500649Z  * [new branch]          codex/3104-int64-sidecar-single-pass -> origin/codex/3104-int64-sidecar-single-pass
stable legacy/public capture	UNKNOWN STEP	2026-10-06T11:05:40.8501249Z  * [new branch]          codex/3104-int64-sidecar-single-pass-clean -> origin/codex/3104-int64-sidecar-single-pass-clean
stable legacy/public capture	UNKNOWN STEP	2026-10-06T11:05:40.8501867Z  * [new branch]          codex/3110-dictionary-sidecar-single-pass -> origin/codex/3110-dictionary-sidecar-single-pass
stable legacy/public capture	UNKNOWN STEP	2026-10-06T11:05:40.8502467Z  * [new branch]          codex/3113-query-metadata-mode-reporting -> origin/codex/3113-query-metadata-mode-reporting
stable legacy/public capture	UNKNOWN STEP	2026-10-06T11:05:40.8503032Z  * [new branch]          codex/3116-arbitrary-expression-scan -> origin/codex/3116-arbitrary-expression-scan
stable legacy/public capture	UNKNOWN STEP	2026-10-06T11:05:40.8503585Z  * [new branch]          codex/3121-aggregate-metadata-one-pass -> origin/codex/3121-aggregate-metadata-one-pass
stable legacy/public capture	UNKNOWN STEP	2026-10-06T11:05:40.8504169Z  * [new branch]          codex/3123-q2-dense-group-count-distinct -> origin/codex/3123-q2-dense-group-count-distinct
stable legacy/public capture	UNKNOWN STEP	2026-10-06T11:05:40.8504743Z  * [new branch]          codex/3123-q2-noagg-next -> origin/codex/3123-q2-noagg-next
stable legacy/public capture	UNKNOWN STEP	2026-10-06T11:05:40.8505322Z  * [new branch]          codex/3125-qexpr-evidence-fields-20260629 -> origin/codex/3125-qexpr-evidence-fields-20260629
stable legacy/public capture	UNKNOWN STEP	2026-10-06T11:05:40.8505974Z  * [new branch]          codex/3125-qexpr-noagg-typed-scan -> origin/codex/3125-qexpr-noagg-typed-scan
stable legacy/public capture	UNKNOWN STEP	2026-10-06T11:05:40.8506469Z  * [new branch]          codex/3128-celestia-ab-evidence -> origin/codex/3128-celestia-ab-evidence
stable legacy/public capture	UNKNOWN STEP	2026-10-06T11:05:40.8506921Z  * [new branch]          codex/3129-command-wal-rid -> origin/codex/3129-command-wal-rid
stable legacy/public capture	UNKNOWN STEP	2026-10-06T11:05:40.8507379Z  * [new branch]          codex/3131-bound-celestia-memory -> origin/codex/3131-bound-celestia-memory
stable legacy/public capture	UNKNOWN STEP	2026-10-06T11:05:40.8507913Z  * [new branch]          codex/3131-leafgen-scan-cache-offsets -> origin/codex/3131-leafgen-scan-cache-offsets
stable legacy/public capture	UNKNOWN STEP	2026-10-06T11:05:40.8508433Z  * [new branch]          codex/3131-memtable-appendonly -> origin/codex/3131-memtable-appendonly
stable legacy/public capture	UNKNOWN STEP	2026-10-06T11:05:40.8508930Z  * [new branch]          codex/3137-fused-row-sidecars -> origin/codex/3137-fused-row-sidecars
stable legacy/public capture	UNKNOWN STEP	2026-10-06T11:05:40.8509396Z  * [new branch]          codex/3138-command-wal-shutdown -> origin/codex/3138-command-wal-shutdown
stable legacy/public capture	UNKNOWN STEP	2026-10-06T11:05:40.8509903Z  * [new branch]          codex/3142-batch-column-asset-writes -> origin/codex/3142-batch-column-asset-writes
stable legacy/public capture	UNKNOWN STEP	2026-10-06T11:05:40.8510439Z  * [new branch]          codex/3144-vlog-maintenance-pause -> origin/codex/3144-vlog-maintenance-pause
stable legacy/public capture	UNKNOWN STEP	2026-10-06T11:05:40.8511034Z  * [new branch]          codex/3151-append-session-cost-split-20260629 -> origin/codex/3151-append-session-cost-split-20260629
stable legacy/public capture	UNKNOWN STEP	2026-10-06T11:05:40.8511656Z  * [new branch]          codex/3151-asset-append-session-20260629 -> origin/codex/3151-asset-append-session-20260629
stable legacy/public capture	UNKNOWN STEP	2026-10-06T11:05:40.8512185Z  * [new branch]          codex/3151-asset-close-breakdown -> origin/codex/3151-asset-close-breakdown
stable legacy/public capture	UNKNOWN STEP	2026-10-06T11:05:40.8512764Z  * [new branch]          codex/3151-shared-asset-sync -> origin/codex/3151-shared-asset-sync
stable legacy/public capture	UNKNOWN STEP	2026-10-06T11:05:40.8513274Z  * [new branch]          codex/3151-sync-epoch-metrics-20260629 -> origin/codex/3151-sync-epoch-metrics-20260629
stable legacy/public capture	UNKNOWN STEP	2026-10-06T11:05:40.8513884Z  * [new branch]          codex/3151-unified-bench-append-split-20260629 -> origin/codex/3151-unified-bench-append-split-20260629
stable legacy/public capture	UNKNOWN STEP	2026-10-06T11:05:40.8514421Z  * [new branch]          codex/3154-bound-vlog-cache -> origin/codex/3154-bound-vlog-cache
stable legacy/public capture	UNKNOWN STEP	2026-10-06T11:05:40.8514838Z  * [new branch]          codex/3157-decode-scratch -> origin/codex/3157-decode-scratch
stable legacy/public capture	UNKNOWN STEP	2026-10-06T11:05:40.8515306Z  * [new branch]          codex/3157-growrealloc  -> origin/codex/3157-growrealloc
stable legacy/public capture	UNKNOWN STEP	2026-10-06T11:05:40.8515773Z  * [new branch]          codex/3157-native-scratch-retention -> origin/codex/3157-native-scratch-retention
stable legacy/public capture	UNKNOWN STEP	2026-10-06T11:05:40.8516267Z  * [new branch]          codex/3158-first-touch-setup -> origin/codex/3158-first-touch-setup
stable legacy/public capture	UNKNOWN STEP	2026-10-06T11:05:40.8516759Z  * [new branch]          codex/3158-firsttouch-next-20260627 -> origin/codex/3158-firsttouch-next-20260627
stable legacy/public capture	UNKNOWN STEP	2026-10-06T11:05:40.8517248Z  * [new branch]          codex/3158-q2-dict-next-20260627 -> origin/codex/3158-q2-dict-next-20260627
stable legacy/public capture	UNKNOWN STEP	2026-10-06T11:05:40.8517770Z  * [new branch]          codex/3158-q2-noagg-next-20260628151455 -> origin/codex/3158-q2-noagg-next-20260628151455
stable legacy/public capture	UNKNOWN STEP	2026-10-06T11:05:40.8518266Z  * [new branch]          codex/3158-q2-oneshot-setup -> origin/codex/3158-q2-oneshot-setup
stable legacy/public capture	UNKNOWN STEP	2026-10-06T11:05:40.8518665Z  * [new branch]          codex/3158-q2-rankcap   -> origin/codex/3158-q2-rankcap
stable legacy/public capture	UNKNOWN STEP	2026-10-06T11:05:40.8519059Z  * [new branch]          codex/3158-q2-rankmap-next -> origin/codex/3158-q2-rankmap-next
stable legacy/public capture	UNKNOWN STEP	2026-10-06T11:05:40.8519463Z  * [new branch]          codex/3158-q2-setup-next -> origin/codex/3158-q2-setup-next
stable legacy/public capture	UNKNOWN STEP	2026-10-06T11:05:40.8519893Z  * [new branch]          codex/3158-q4-topk-next-20260627 -> origin/codex/3158-q4-topk-next-20260627
stable legacy/public capture	UNKNOWN STEP	2026-10-06T11:05:40.8520334Z  * [new branch]          codex/3165-vlog-telemetry -> origin/codex/3165-vlog-telemetry
stable legacy/public capture	UNKNOWN STEP	2026-10-06T11:05:40.8520961Z  * [new branch]          codex/3172-vacuum-leafref-stream-build -> origin/codex/3172-vacuum-leafref-stream-build
stable legacy/public capture	UNKNOWN STEP	2026-10-06T11:05:40.8521582Z  * [new branch]          codex/3175-q5-dense-dictionary-slice-20260627 -> origin/codex/3175-q5-dense-dictionary-slice-20260627
stable legacy/public capture	UNKNOWN STEP	2026-10-06T11:05:40.8522142Z  * [new branch]          codex/3175-q5-next-setup-20260627 -> origin/codex/3175-q5-next-setup-20260627
stable legacy/public capture	UNKNOWN STEP	2026-10-06T11:05:40.8522586Z  * [new branch]          codex/3175-q5-one-shot-next -> origin/codex/3175-q5-one-shot-next
stable legacy/public capture	UNKNOWN STEP	2026-10-06T11:05:40.8523093Z  * [new branch]          codex/3175-q5-oneshot-global-codes-20260629 -> origin/codex/3175-q5-oneshot-global-codes-20260629
stable legacy/public capture	UNKNOWN STEP	2026-10-06T11:05:40.8523607Z  * [new branch]          codex/3175-q5-preapply-setup -> origin/codex/3175-q5-preapply-setup
stable legacy/public capture	UNKNOWN STEP	2026-10-06T11:05:40.8524042Z  * [new branch]          codex/3175-q5-predicate-first -> origin/codex/3175-q5-predicate-first
stable legacy/public capture	UNKNOWN STEP	2026-10-06T11:05:40.8524539Z  * [new branch]          codex/3175-q5-predicate-rows-20260627 -> origin/codex/3175-q5-predicate-rows-20260627
stable legacy/public capture	UNKNOWN STEP	2026-10-06T11:05:40.8525367Z  * [new branch]          codex/3175-q5-sorted-global-ranks-20260629 -> origin/codex/3175-q5-sorted-global-ranks-20260629
stable legacy/public capture	UNKNOWN STEP	2026-10-06T11:05:40.8526057Z  * [new branch]          codex/3176-grouped-frame-cache -> origin/codex/3176-grouped-frame-cache
stable legacy/public capture	UNKNOWN STEP	2026-10-06T11:05:40.8526572Z  * [new branch]          codex/3182-q5-setup-breakdown-20260627 -> origin/codex/3182-q5-setup-breakdown-20260627
stable legacy/public capture	UNKNOWN STEP	2026-10-06T11:05:40.8527062Z  * [new branch]          codex/3184-rawkv-payload-cap -> origin/codex/3184-rawkv-payload-cap
stable legacy/public capture	UNKNOWN STEP	2026-10-06T11:05:40.8527473Z  * [new branch]          codex/3187-memtable-rss -> origin/codex/3187-memtable-rss
stable legacy/public capture	UNKNOWN STEP	2026-10-06T11:05:40.8527923Z  * [new branch]          codex/3187-rawkv-direct-command-wal -> origin/codex/3187-rawkv-direct-command-wal
stable legacy/public capture	UNKNOWN STEP	2026-10-06T11:05:40.8528484Z  * [new branch]          codex/3187-rss-hwm      -> origin/codex/3187-rss-hwm
stable legacy/public capture	UNKNOWN STEP	2026-10-06T11:05:40.8529035Z  * [new branch]          codex/3189-q3-one-shot-values-dictionary-20260627 -> origin/codex/3189-q3-one-shot-values-dictionary-20260627
stable legacy/public capture	UNKNOWN STEP	2026-10-06T11:05:40.8529661Z  * [new branch]          codex/3194-retained-semstream-prepare -> origin/codex/3194-retained-semstream-prepare
stable legacy/public capture	UNKNOWN STEP	2026-10-06T11:05:40.8530173Z  * [new branch]          codex/3196-semstream-prep-load -> origin/codex/3196-semstream-prep-load
stable legacy/public capture	UNKNOWN STEP	2026-10-06T11:05:40.8530624Z  * [new branch]          codex/3198-semstream-pathkey -> origin/codex/3198-semstream-pathkey
stable legacy/public capture	UNKNOWN STEP	2026-10-06T11:05:40.8531082Z  * [new branch]          codex/3200-semstream-path-stack -> origin/codex/3200-semstream-path-stack
stable legacy/public capture	UNKNOWN STEP	2026-10-06T11:05:40.8531555Z  * [new branch]          codex/3202-semstream-string-raw -> origin/codex/3202-semstream-string-raw
stable legacy/public capture	UNKNOWN STEP	2026-10-06T11:05:40.8532041Z  * [new branch]          codex/3204-semstream-path-lookup -> origin/codex/3204-semstream-path-lookup
stable legacy/public capture	UNKNOWN STEP	2026-10-06T11:05:40.8532534Z  * [new branch]          codex/3206-semstream-path-intern -> origin/codex/3206-semstream-path-intern
stable legacy/public capture	UNKNOWN STEP	2026-10-06T11:05:40.8533035Z  * [new branch]          codex/3208-semstream-locator-arena -> origin/codex/3208-semstream-locator-arena
stable legacy/public capture	UNKNOWN STEP	2026-10-06T11:05:40.8533578Z  * [new branch]          codex/3210-semstream-declared-row-arena -> origin/codex/3210-semstream-declared-row-arena
stable legacy/public capture	UNKNOWN STEP	2026-10-06T11:05:40.8534153Z  * [new branch]          codex/3212-semstream-dict-string-intern -> origin/codex/3212-semstream-dict-string-intern
stable legacy/public capture	UNKNOWN STEP	2026-10-06T11:05:40.8534679Z  * [new branch]          codex/3215-semstream-zstd-lowmem -> origin/codex/3215-semstream-zstd-lowmem
stable legacy/public capture	UNKNOWN STEP	2026-10-06T11:05:40.8535129Z  * [new branch]          codex/3217-leaf-read-cache -> origin/codex/3217-leaf-read-cache
stable legacy/public capture	UNKNOWN STEP	2026-10-06T11:05:40.8535765Z  * [new branch]          codex/3218-semstream-prep-buffers -> origin/codex/3218-semstream-prep-buffers
stable legacy/public capture	UNKNOWN STEP	2026-10-06T11:05:40.8536253Z  * [new branch]          codex/3221-semstream-rawscratch -> origin/codex/3221-semstream-rawscratch
stable legacy/public capture	UNKNOWN STEP	2026-10-06T11:05:40.8536872Z  * [new branch]          codex/3223-semstream-scratch-pool -> origin/codex/3223-semstream-scratch-pool
stable legacy/public capture	UNKNOWN STEP	2026-10-06T11:05:40.8537364Z  * [new branch]          codex/3227-vlog-disk-highwater -> origin/codex/3227-vlog-disk-highwater
stable legacy/public capture	UNKNOWN STEP	2026-10-06T11:05:40.8537888Z  * [new branch]          codex/3238-appendonly-decode-highwater -> origin/codex/3238-appendonly-decode-highwater
stable legacy/public capture	UNKNOWN STEP	2026-10-06T11:05:40.8538419Z  * [new branch]          codex/3238-appendonly-entry-heap -> origin/codex/3238-appendonly-entry-heap
stable legacy/public capture	UNKNOWN STEP	2026-10-06T11:05:40.8538953Z  * [new branch]          codex/3238-appendonly-value-arena-stats -> origin/codex/3238-appendonly-value-arena-stats
stable legacy/public capture	UNKNOWN STEP	2026-10-06T11:05:40.8539531Z  * [new branch]          codex/3238-checkpoint-entry-residency -> origin/codex/3238-checkpoint-entry-residency
stable legacy/public capture	UNKNOWN STEP	2026-10-06T11:05:40.8540062Z  * [new branch]          codex/3238-commandwal-payload-heap -> origin/codex/3238-commandwal-payload-heap
stable legacy/public capture	UNKNOWN STEP	2026-10-06T11:05:40.8540596Z  * [new branch]          codex/3238-entry-slice-pressure-reuse -> origin/codex/3238-entry-slice-pressure-reuse
stable legacy/public capture	UNKNOWN STEP	2026-10-06T11:05:40.8541162Z  * [new branch]          codex/3238-rawkv-batch-heap-20260629 -> origin/codex/3238-rawkv-batch-heap-20260629
stable legacy/public capture	UNKNOWN STEP	2026-10-06T11:05:40.8541614Z  * [new branch]          codex/3243-raftcluster  -> origin/codex/3243-raftcluster
stable legacy/public capture	UNKNOWN STEP	2026-10-06T11:05:40.8542025Z  * [new branch]          codex/3244-durable-raftapply -> origin/codex/3244-durable-raftapply
stable legacy/public capture	UNKNOWN STEP	2026-10-06T11:05:40.8542510Z  * [new branch]          codex/3245-publication-readability -> origin/codex/3245-publication-readability
stable legacy/public capture	UNKNOWN STEP	2026-10-06T11:05:40.8543006Z  * [new branch]          codex/3247-nativewire-submitter -> origin/codex/3247-nativewire-submitter
stable legacy/public capture	UNKNOWN STEP	2026-10-06T11:05:40.8543538Z  * [new branch]          codex/3255-commandwal-expvar-diagnostics -> origin/codex/3255-commandwal-expvar-diagnostics
stable legacy/public capture	UNKNOWN STEP	2026-10-06T11:05:40.8544006Z  * [new branch]          codex/3257-raftfsm      -> origin/codex/3257-raftfsm
stable legacy/public capture	UNKNOWN STEP	2026-10-06T11:05:40.8544554Z  * [new branch]          codex/3258-mongo-cluster-submitter -> origin/codex/3258-mongo-cluster-submitter
stable legacy/public capture	UNKNOWN STEP	2026-10-06T11:05:40.8545030Z  * [new branch]          codex/3268-admission-bypass -> origin/codex/3268-admission-bypass
stable legacy/public capture	UNKNOWN STEP	2026-10-06T11:05:40.8545580Z  * [new branch]          codex/3269-native-raft-committed -> origin/codex/3269-native-raft-committed
stable legacy/public capture	UNKNOWN STEP	2026-10-06T11:05:40.8546083Z  * [new branch]          codex/3270-mongo-writeconcern-raft -> origin/codex/3270-mongo-writeconcern-raft
stable legacy/public capture	UNKNOWN STEP	2026-10-06T11:05:40.8546537Z  * [new branch]          codex/3271-raft-harness -> origin/codex/3271-raft-harness
stable legacy/public capture	UNKNOWN STEP	2026-10-06T11:05:40.8547006Z  * [new branch]          codex/3286-append-only-entry-pool-hwm -> origin/codex/3286-append-only-entry-pool-hwm
stable legacy/public capture	UNKNOWN STEP	2026-10-06T11:05:40.8547481Z  * [new branch]          codex/3289-vlog-prune-rss -> origin/codex/3289-vlog-prune-rss
stable legacy/public capture	UNKNOWN STEP	2026-10-06T11:05:40.8568454Z  * [new branch]          codex/3299-hwm-capture  -> origin/codex/3299-hwm-capture
stable legacy/public capture	UNKNOWN STEP	2026-10-06T11:05:40.8568890Z  * [new branch]          codex/3299-live-write-hwm -> origin/codex/3299-live-write-hwm
stable legacy/public capture	UNKNOWN STEP	2026-10-06T11:05:40.8569372Z  * [new branch]          codex/3303-token-partition-catalog -> origin/codex/3303-token-partition-catalog
stable legacy/public capture	UNKNOWN STEP	2026-10-06T11:05:40.8569927Z  * [new branch]          codex/3304-mongo-readconcern-failclosed -> origin/codex/3304-mongo-readconcern-failclosed
stable legacy/public capture	UNKNOWN STEP	2026-10-06T11:05:40.8570504Z  * [new branch]          codex/3309-collection-pub-readability -> origin/codex/3309-collection-pub-readability
stable legacy/public capture	UNKNOWN STEP	2026-10-06T11:05:40.8571033Z  * [new branch]          codex/3315-celestia-route-expvar -> origin/codex/3315-celestia-route-expvar
stable legacy/public capture	UNKNOWN STEP	2026-10-06T11:05:40.8571567Z  * [new branch]          codex/3316-command-wal-expvar-bridge -> origin/codex/3316-command-wal-expvar-bridge
stable legacy/public capture	UNKNOWN STEP	2026-10-06T11:05:40.8572159Z  * [new branch]          codex/3316-command-wal-view-ingress-counters -> origin/codex/3316-command-wal-view-ingress-counters
stable legacy/public capture	UNKNOWN STEP	2026-10-06T11:05:40.8572717Z  * [new branch]          codex/3317-command-wal-chunk-fence -> origin/codex/3317-command-wal-chunk-fence
stable legacy/public capture	UNKNOWN STEP	2026-10-06T11:05:40.8573469Z  * [new branch]          codex/3317-raw-command-wal-fallback-attribution -> origin/codex/3317-raw-command-wal-fallback-attribution
stable legacy/public capture	UNKNOWN STEP	2026-10-06T11:05:40.8574114Z  * [new branch]          codex/3320-flush-backend-write-attribution -> origin/codex/3320-flush-backend-write-attribution
stable legacy/public capture	UNKNOWN STEP	2026-10-06T11:05:40.8574687Z  * [new branch]          codex/3324-q2-addhash-single-lookup -> origin/codex/3324-q2-addhash-single-lookup
stable legacy/public capture	UNKNOWN STEP	2026-10-06T11:05:40.8575169Z  * [new branch]          codex/3324-q2-dense-build-next -> origin/codex/3324-q2-dense-build-next
stable legacy/public capture	UNKNOWN STEP	2026-10-06T11:05:40.8575831Z  * [new branch]          codex/3324-q2-dense-rank-next -> origin/codex/3324-q2-dense-rank-next
stable legacy/public capture	UNKNOWN STEP	2026-10-06T11:05:40.8576343Z  * [new branch]          codex/3324-q2-dense-ref-fill-diagnostics -> origin/codex/3324-q2-dense-ref-fill-diagnostics
stable legacy/public capture	UNKNOWN STEP	2026-10-06T11:05:40.8576868Z  * [new branch]          codex/3324-q2-distinct-setup-next -> origin/codex/3324-q2-distinct-setup-next
stable legacy/public capture	UNKNOWN STEP	2026-10-06T11:05:40.8577326Z  * [new branch]          codex/3324-q2-hash-rank-map -> origin/codex/3324-q2-hash-rank-map
stable legacy/public capture	UNKNOWN STEP	2026-10-06T11:05:40.8577809Z  * [new branch]          codex/3324-q2-parallel-rank-policy -> origin/codex/3324-q2-parallel-rank-policy
stable legacy/public capture	UNKNOWN STEP	2026-10-06T11:05:40.8578358Z  * [new branch]          codex/3324-q2-post-prepare-split-20260701 -> origin/codex/3324-q2-post-prepare-split-20260701
stable legacy/public capture	UNKNOWN STEP	2026-10-06T11:05:40.8578878Z  * [new branch]          codex/3324-q2-sorted-rank-setup -> origin/codex/3324-q2-sorted-rank-setup
stable legacy/public capture	UNKNOWN STEP	2026-10-06T11:05:40.8579309Z  * [new branch]          codex/3329-route-decision -> origin/codex/3329-route-decision
stable legacy/public capture	UNKNOWN STEP	2026-10-06T11:05:40.8579781Z  * [new branch]          codex/3330-nativewire-forced-pointer -> origin/codex/3330-nativewire-forced-pointer
stable legacy/public capture	UNKNOWN STEP	2026-10-06T11:05:40.8580312Z  * [new branch]          codex/3331-read-index-linearizable -> origin/codex/3331-read-index-linearizable
stable legacy/public capture	UNKNOWN STEP	2026-10-06T11:05:40.8580816Z  * [new branch]          codex/3338-harness-read-index -> origin/codex/3338-harness-read-index
stable legacy/public capture	UNKNOWN STEP	2026-10-06T11:05:40.8581425Z  * [new branch]          codex/3338-harness-read-index-v2 -> origin/codex/3338-harness-read-index-v2
stable legacy/public capture	UNKNOWN STEP	2026-10-06T11:05:40.8582011Z  * [new branch]          codex/3340-current-writable-vlog-readability -> origin/codex/3340-current-writable-vlog-readability
stable legacy/public capture	UNKNOWN STEP	2026-10-06T11:05:40.8582529Z  * [new branch]          codex/3341-route-preflight -> origin/codex/3341-route-preflight
stable legacy/public capture	UNKNOWN STEP	2026-10-06T11:05:40.8582950Z  * [new branch]          codex/3343-snapshot-manifest -> origin/codex/3343-snapshot-manifest
stable legacy/public capture	UNKNOWN STEP	2026-10-06T11:05:40.8583399Z  * [new branch]          codex/3350-q1-plan-reuse-20260701 -> origin/codex/3350-q1-plan-reuse-20260701
stable legacy/public capture	UNKNOWN STEP	2026-10-06T11:05:40.8583865Z  * [new branch]          codex/3350-q1-targeted-setup-thin -> origin/codex/3350-q1-targeted-setup-thin
stable legacy/public capture	UNKNOWN STEP	2026-10-06T11:05:40.8584313Z  * [new branch]          codex/3350-q1q3-read-coalesce -> origin/codex/3350-q1q3-read-coalesce
stable legacy/public capture	UNKNOWN STEP	2026-10-06T11:05:40.8584767Z  * [new branch]          codex/3350-q3-fused-group-filter -> origin/codex/3350-q3-fused-group-filter
stable legacy/public capture	UNKNOWN STEP	2026-10-06T11:05:40.8585387Z  * [new branch]          codex/3350-q3-payload-readbatch-20260701 -> origin/codex/3350-q3-payload-readbatch-20260701
stable legacy/public capture	UNKNOWN STEP	2026-10-06T11:05:40.8585973Z  * [new branch]          codex/3350-q3-predicate-setup -> origin/codex/3350-q3-predicate-setup
stable legacy/public capture	UNKNOWN STEP	2026-10-06T11:05:40.8586468Z  * [new branch]          codex/3355-command-wal-barrier-audit -> origin/codex/3355-command-wal-barrier-audit
stable legacy/public capture	UNKNOWN STEP	2026-10-06T11:05:40.8586978Z  * [new branch]          codex/3356-token-route-preflight -> origin/codex/3356-token-route-preflight
stable legacy/public capture	UNKNOWN STEP	2026-10-06T11:05:40.8587532Z  * [new branch]          codex/3362-span-native-command-wal-publish -> origin/codex/3362-span-native-command-wal-publish
stable legacy/public capture	UNKNOWN STEP	2026-10-06T11:05:40.8588072Z  * [new branch]          codex/3365-mixed-maint-fallback -> origin/codex/3365-mixed-maint-fallback
stable legacy/public capture	UNKNOWN STEP	2026-10-06T11:05:40.8588534Z  * [new branch]          codex/3370-snapshot-tail-digest -> origin/codex/3370-snapshot-tail-digest
stable legacy/public capture	UNKNOWN STEP	2026-10-06T11:05:40.8589019Z  * [new branch]          codex/3371-token-batch-fanout-reject -> origin/codex/3371-token-batch-fanout-reject
stable legacy/public capture	UNKNOWN STEP	2026-10-06T11:05:40.8589591Z  * [new branch]          codex/3374-ycsb-diagnostic -> origin/codex/3374-ycsb-diagnostic
stable legacy/public capture	UNKNOWN STEP	2026-10-06T11:05:40.8590013Z  * [new branch]          codex/3375-value-arena-pool -> origin/codex/3375-value-arena-pool
stable legacy/public capture	UNKNOWN STEP	2026-10-06T11:05:40.8590424Z  * [new branch]          codex/3380-recovery-status -> origin/codex/3380-recovery-status
stable legacy/public capture	UNKNOWN STEP	2026-10-06T11:05:40.8590872Z  * [new branch]          codex/3381-catalog-route-provider -> origin/codex/3381-catalog-route-provider
stable legacy/public capture	UNKNOWN STEP	2026-10-06T11:05:40.8591441Z  * [new branch]          codex/3382-publication-readability-closeout -> origin/codex/3382-publication-readability-closeout
stable legacy/public capture	UNKNOWN STEP	2026-10-06T11:05:40.8592016Z  * [new branch]          codex/3383-submit-apply-bridge -> origin/codex/3383-submit-apply-bridge
stable legacy/public capture	UNKNOWN STEP	2026-10-06T11:05:40.8592455Z  * [new branch]          codex/3394-quorum-provider -> origin/codex/3394-quorum-provider
stable legacy/public capture	UNKNOWN STEP	2026-10-06T11:05:40.8592898Z  * [new branch]          codex/3395-readindex-provenance -> origin/codex/3395-readindex-provenance
stable legacy/public capture	UNKNOWN STEP	2026-10-06T11:05:40.8593391Z  * [new branch]          codex/3396-route-preflight-binding -> origin/codex/3396-route-preflight-binding
stable legacy/public capture	UNKNOWN STEP	2026-10-06T11:05:40.8593877Z  * [new branch]          codex/3418-conditional-revisions -> origin/codex/3418-conditional-revisions
stable legacy/public capture	UNKNOWN STEP	2026-10-06T11:05:40.8594363Z  * [new branch]          codex/3420-conditional-kv-contract -> origin/codex/3420-conditional-kv-contract
stable legacy/public capture	UNKNOWN STEP	2026-10-06T11:05:40.8594864Z  * [new branch]          codex/3422-native-entry-revisions -> origin/codex/3422-native-entry-revisions
stable legacy/public capture	UNKNOWN STEP	2026-10-06T11:05:40.8595397Z  * [new branch]          codex/3423-durable-revisions -> origin/codex/3423-durable-revisions
stable legacy/public capture	UNKNOWN STEP	2026-10-06T11:05:40.8595902Z  * [new branch]          codex/3424-conditional-transactions -> origin/codex/3424-conditional-transactions
stable legacy/public capture	UNKNOWN STEP	2026-10-06T11:05:40.8596364Z  * [new branch]          codex/3425-adapter-proof -> origin/codex/3425-adapter-proof
stable legacy/public capture	UNKNOWN STEP	2026-10-06T11:05:40.8596805Z  * [new branch]          codex/3434-revision-wal-fastpath -> origin/codex/3434-revision-wal-fastpath
stable legacy/public capture	UNKNOWN STEP	2026-10-06T11:05:40.8597403Z  * [new branch]          codex/3439-raft-failover-catchup -> origin/codex/3439-raft-failover-catchup
stable legacy/public capture	UNKNOWN STEP	2026-10-06T11:05:40.8597852Z  * [new branch]          codex/3440-ha-write-surface -> origin/codex/3440-ha-write-surface
stable legacy/public capture	UNKNOWN STEP	2026-10-06T11:05:40.8598274Z  * [new branch]          codex/3441-read-index-reads -> origin/codex/3441-read-index-reads
stable legacy/public capture	UNKNOWN STEP	2026-10-06T11:05:40.8598794Z  * [new branch]          codex/3442-snapshot-rejoin-log-truncation -> origin/codex/3442-snapshot-rejoin-log-truncation
stable legacy/public capture	UNKNOWN STEP	2026-10-06T11:05:40.8599331Z  * [new branch]          codex/3443-group-routed-dispatch -> origin/codex/3443-group-routed-dispatch
stable legacy/public capture	UNKNOWN STEP	2026-10-06T11:05:40.8599868Z  * [new branch]          codex/3444-multigroup-routing-ownership -> origin/codex/3444-multigroup-routing-ownership
stable legacy/public capture	UNKNOWN STEP	2026-10-06T11:05:40.8600412Z  * [new branch]          codex/3445-routed-bench-smoke -> origin/codex/3445-routed-bench-smoke
stable legacy/public capture	UNKNOWN STEP	2026-10-06T11:05:40.8600913Z  * [new branch]          codex/3445-token-ring-route-semantics -> origin/codex/3445-token-ring-route-semantics
stable legacy/public capture	UNKNOWN STEP	2026-10-06T11:05:40.8601434Z  * [new branch]          codex/3454-stream-raft-snapshots -> origin/codex/3454-stream-raft-snapshots
stable legacy/public capture	UNKNOWN STEP	2026-10-06T11:05:40.8601922Z  * [new branch]          codex/3457-ring-evidence-matrix -> origin/codex/3457-ring-evidence-matrix
stable legacy/public capture	UNKNOWN STEP	2026-10-06T11:05:40.8602370Z  * [new branch]          codex/3461-m0b-route-counters -> origin/codex/3461-m0b-route-counters
stable legacy/public capture	UNKNOWN STEP	2026-10-06T11:05:40.8602823Z  * [new branch]          codex/3462-m0a-fail-closed-tests -> origin/codex/3462-m0a-fail-closed-tests
stable legacy/public capture	UNKNOWN STEP	2026-10-06T11:05:40.8603331Z  * [new branch]          codex/3466-m1a-remote-owner-redirect -> origin/codex/3466-m1a-remote-owner-redirect
stable legacy/public capture	UNKNOWN STEP	2026-10-06T11:05:40.8603873Z  * [new branch]          codex/3467-m1b-production-route-proof -> origin/codex/3467-m1b-production-route-proof
stable legacy/public capture	UNKNOWN STEP	2026-10-06T11:05:40.8604376Z  * [new branch]          codex/3471-m2a-remote-redirect -> origin/codex/3471-m2a-remote-redirect
stable legacy/public capture	UNKNOWN STEP	2026-10-06T11:05:40.8604857Z  * [new branch]          codex/3472-m2b-remote-routed-write -> origin/codex/3472-m2b-remote-routed-write
stable legacy/public capture	UNKNOWN STEP	2026-10-06T11:05:40.8605481Z  * [new branch]          codex/3474-routed-read  -> origin/codex/3474-routed-read
stable legacy/public capture	UNKNOWN STEP	2026-10-06T11:05:40.8605905Z  * [new branch]          codex/3476-plain-send-profile -> origin/codex/3476-plain-send-profile
stable legacy/public capture	UNKNOWN STEP	2026-10-06T11:05:40.8606398Z  * [new branch]          codex/3477-command-wal-allzero-copy -> origin/codex/3477-command-wal-allzero-copy
stable legacy/public capture	UNKNOWN STEP	2026-10-06T11:05:40.8606951Z  * [new branch]          codex/3478-commandwal-batch-setup-alloc -> origin/codex/3478-commandwal-batch-setup-alloc
stable legacy/public capture	UNKNOWN STEP	2026-10-06T11:05:40.8607513Z  * [new branch]          codex/3483-appendonly-reserve-headroom -> origin/codex/3483-appendonly-reserve-headroom
stable legacy/public capture	UNKNOWN STEP	2026-10-06T11:05:40.8608039Z  * [new branch]          codex/3485-command-wal-batch-pool -> origin/codex/3485-command-wal-batch-pool
stable legacy/public capture	UNKNOWN STEP	2026-10-06T11:05:40.8608537Z  * [new branch]          codex/3487-appendonly-reserve-hint -> origin/codex/3487-appendonly-reserve-hint
stable legacy/public capture	UNKNOWN STEP	2026-10-06T11:05:40.8609037Z  * [new branch]          codex/3494-lowfanout-alloc-map -> origin/codex/3494-lowfanout-alloc-map
stable legacy/public capture	UNKNOWN STEP	2026-10-06T11:05:40.8609521Z  * [new branch]          codex/3496-timed-write-loop-copy -> origin/codex/3496-timed-write-loop-copy
stable legacy/public capture	UNKNOWN STEP	2026-10-06T11:05:40.8610056Z  * [new branch]          codex/3497-vlog-commandwal-buffer-reuse -> origin/codex/3497-vlog-commandwal-buffer-reuse
stable legacy/public capture	UNKNOWN STEP	2026-10-06T11:05:40.8610622Z  * [new branch]          codex/3504-commandwal-rid-manager-read -> origin/codex/3504-commandwal-rid-manager-read
stable legacy/public capture	UNKNOWN STEP	2026-10-06T11:05:40.8611137Z  * [new branch]          codex/3505-vlog-commandwal-alloc -> origin/codex/3505-vlog-commandwal-alloc
stable legacy/public capture	UNKNOWN STEP	2026-10-06T11:05:40.8611689Z  * [new branch]          codex/3509-hashsorted-pending-key-buffers -> origin/codex/3509-hashsorted-pending-key-buffers
stable legacy/public capture	UNKNOWN STEP	2026-10-06T11:05:40.8612276Z  * [new branch]          codex/3512-readonly-prepare-key-copies -> origin/codex/3512-readonly-prepare-key-copies
stable legacy/public capture	UNKNOWN STEP	2026-10-06T11:05:40.8612776Z  * [new branch]          codex/3512-tiny-span-prepare -> origin/codex/3512-tiny-span-prepare
stable legacy/public capture	UNKNOWN STEP	2026-10-06T11:05:40.8613348Z  * [new branch]          codex/3515-3529-memtable-allocs -> origin/codex/3515-3529-memtable-allocs
stable legacy/public capture	UNKNOWN STEP	2026-10-06T11:05:40.8613801Z  * [new branch]          codex/3515-3533-getentryslice -> origin/codex/3515-3533-getentryslice
stable legacy/public capture	UNKNOWN STEP	2026-10-06T11:05:40.8614319Z  * [new branch]          codex/3515-3539-memtable-appendonly-allocs -> origin/codex/3515-3539-memtable-appendonly-allocs
stable legacy/public capture	UNKNOWN STEP	2026-10-06T11:05:40.8614897Z  * [new branch]          codex/3515-3544-readonly-clonekey-allocs -> origin/codex/3515-3544-readonly-clonekey-allocs
stable legacy/public capture	UNKNOWN STEP	2026-10-06T11:05:40.8615589Z  * [new branch]          codex/3515-3548-commandwal-allocs -> origin/codex/3515-3548-commandwal-allocs
stable legacy/public capture	UNKNOWN STEP	2026-10-06T11:05:40.8616104Z  * [new branch]          codex/3515-3551-rawkv-payload-allocs -> origin/codex/3515-3551-rawkv-payload-allocs
stable legacy/public capture	UNKNOWN STEP	2026-10-06T11:05:40.8616593Z  * [new branch]          codex/3515-3553-vlog-zstd-allocs -> origin/codex/3515-3553-vlog-zstd-allocs
stable legacy/public capture	UNKNOWN STEP	2026-10-06T11:05:40.8617087Z  * [new branch]          codex/3515-entry-appendonly-allocs -> origin/codex/3515-entry-appendonly-allocs
stable legacy/public capture	UNKNOWN STEP	2026-10-06T11:05:40.8617556Z  * [new branch]          codex/3515-vlogpool16-allocs -> origin/codex/3515-vlogpool16-allocs
stable legacy/public capture	UNKNOWN STEP	2026-10-06T11:05:40.8618041Z  * [new branch]          codex/3519-read-lane-snapshot-allocs -> origin/codex/3519-read-lane-snapshot-allocs
stable legacy/public capture	UNKNOWN STEP	2026-10-06T11:05:40.8618574Z  * [new branch]          codex/3520-public-op-lifecycle-allocs -> origin/codex/3520-public-op-lifecycle-allocs
stable legacy/public capture	UNKNOWN STEP	2026-10-06T11:05:40.8619059Z  * [new branch]          codex/3524-3530-zipper-allocs -> origin/codex/3524-3530-zipper-allocs
stable legacy/public capture	UNKNOWN STEP	2026-10-06T11:05:40.8619493Z  * [new branch]          codex/3526-setwithrevision -> origin/codex/3526-setwithrevision
stable legacy/public capture	UNKNOWN STEP	2026-10-06T11:05:40.8619967Z  * [new branch]          codex/3535-appendonly-entry-backing -> origin/codex/3535-appendonly-entry-backing
stable legacy/public capture	UNKNOWN STEP	2026-10-06T11:05:40.8620522Z  * [new branch]          codex/3537-leaf-ref-cache-buffer-reuse -> origin/codex/3537-leaf-ref-cache-buffer-reuse
stable legacy/public capture	UNKNOWN STEP	2026-10-06T11:05:40.8621223Z  * [new branch]          codex/3537-leaf-ref-cache-buildpage-reuse -> origin/codex/3537-leaf-ref-cache-buildpage-reuse
stable legacy/public capture	UNKNOWN STEP	2026-10-06T11:05:40.8621761Z  * [new branch]          codex/3537-leafref-page-reuse -> origin/codex/3537-leafref-page-reuse
stable legacy/public capture	UNKNOWN STEP	2026-10-06T11:05:40.8622229Z  * [new branch]          codex/3555-entry-backing-allocs -> origin/codex/3555-entry-backing-allocs
stable legacy/public capture	UNKNOWN STEP	2026-10-06T11:05:40.8622700Z  * [new branch]          codex/3556-batch-helper-allocs -> origin/codex/3556-batch-helper-allocs
stable legacy/public capture	UNKNOWN STEP	2026-10-06T11:05:40.8623177Z  * [new branch]          codex/3557-zipper-delete-allocs -> origin/codex/3557-zipper-delete-allocs
stable legacy/public capture	UNKNOWN STEP	2026-10-06T11:05:40.8623613Z  * [new branch]          codex/3558-key-arena-pool -> origin/codex/3558-key-arena-pool
stable legacy/public capture	UNKNOWN STEP	2026-10-06T11:05:40.8624095Z  * [new branch]          codex/3559-zipper-prepare-split-allocs -> origin/codex/3559-zipper-prepare-split-allocs
stable legacy/public capture	UNKNOWN STEP	2026-10-06T11:05:40.8624627Z  * [new branch]          codex/3562-stream-canonical-flush -> origin/codex/3562-stream-canonical-flush
stable legacy/public capture	UNKNOWN STEP	2026-10-06T11:05:40.8625159Z  * [new branch]          codex/3566-readonly-prepare-clonekey -> origin/codex/3566-readonly-prepare-clonekey
stable legacy/public capture	UNKNOWN STEP	2026-10-06T11:05:40.8625731Z  * [new branch]          codex/3570-batch-tail-packed -> origin/codex/3570-batch-tail-packed
stable legacy/public capture	UNKNOWN STEP	2026-10-06T11:05:40.8626225Z  * [new branch]          codex/3579-tiny-sorted-batch-fanout -> origin/codex/3579-tiny-sorted-batch-fanout
stable legacy/public capture	UNKNOWN STEP	2026-10-06T11:05:40.8627936Z  * [new branch]          codex/3583-treedb-runtime-counters -> origin/codex/3583-treedb-runtime-counters
stable legacy/public capture	UNKNOWN STEP	2026-10-06T11:05:40.8628486Z  * [new branch]          codex/3583-treedb-runtime-counters-clean -> origin/codex/3583-treedb-runtime-counters-clean
stable legacy/public capture	UNKNOWN STEP	2026-10-06T11:05:40.8628974Z  * [new branch]          codex/3595-expvar-counters -> origin/codex/3595-expvar-counters
stable legacy/public capture	UNKNOWN STEP	2026-10-06T11:05:40.8629369Z  * [new branch]          codex/3600-commit-spans -> origin/codex/3600-commit-spans
stable legacy/public capture	UNKNOWN STEP	2026-10-06T11:05:40.8629793Z  * [new branch]          codex/3613-command-wal-inventory -> origin/codex/3613-command-wal-inventory
stable legacy/public capture	UNKNOWN STEP	2026-10-06T11:05:40.8630437Z  * [new branch]          codex/3614-profile-terminology-cleanup -> origin/codex/3614-profile-terminology-cleanup
stable legacy/public capture	UNKNOWN STEP	2026-10-06T11:05:40.8630981Z  * [new branch]          codex/3615-command-wal-cached-mode -> origin/codex/3615-command-wal-cached-mode
stable legacy/public capture	UNKNOWN STEP	2026-10-06T11:05:40.8631474Z  * [new branch]          codex/3616-legacy-redo-quarantine -> origin/codex/3616-legacy-redo-quarantine
stable legacy/public capture	UNKNOWN STEP	2026-10-06T11:05:40.8632003Z  * [new branch]          codex/3617-command-wal-durability-proof -> origin/codex/3617-command-wal-durability-proof
stable legacy/public capture	UNKNOWN STEP	2026-10-06T11:05:40.8632556Z  * [new branch]          codex/3618-command-wal-docs-validation -> origin/codex/3618-command-wal-docs-validation
stable legacy/public capture	UNKNOWN STEP	2026-10-06T11:05:40.8633045Z  * [new branch]          codex/3626-lifecycle-contract -> origin/codex/3626-lifecycle-contract
stable legacy/public capture	UNKNOWN STEP	2026-10-06T11:05:40.8633489Z  * [new branch]          codex/3627-lifecycle-counters -> origin/codex/3627-lifecycle-counters
stable legacy/public capture	UNKNOWN STEP	2026-10-06T11:05:40.8633968Z  * [new branch]          codex/3654-m0-durable-sync-baseline -> origin/codex/3654-m0-durable-sync-baseline
stable legacy/public capture	UNKNOWN STEP	2026-10-06T11:05:40.8634471Z  * [new branch]          codex/3655-m1-checkpoint-frontier -> origin/codex/3655-m1-checkpoint-frontier
stable legacy/public capture	UNKNOWN STEP	2026-10-06T11:05:40.8634940Z  * [new branch]          codex/3656-m2-durability-ledger -> origin/codex/3656-m2-durability-ledger
stable legacy/public capture	UNKNOWN STEP	2026-10-06T11:05:40.8635500Z  * [new branch]          codex/3657-m3-vlog-sync-coalescing -> origin/codex/3657-m3-vlog-sync-coalescing
stable legacy/public capture	UNKNOWN STEP	2026-10-06T11:05:40.8636011Z  * [new branch]          codex/3665-raft-ci-headroom-followup -> origin/codex/3665-raft-ci-headroom-followup
stable legacy/public capture	UNKNOWN STEP	2026-10-06T11:05:40.8636517Z  * [new branch]          codex/3665-raft-stability-followup -> origin/codex/3665-raft-stability-followup
stable legacy/public capture	UNKNOWN STEP	2026-10-06T11:05:40.8637000Z  * [new branch]          codex/3665-windows-raft-readiness -> origin/codex/3665-windows-raft-readiness
stable legacy/public capture	UNKNOWN STEP	2026-10-06T11:05:40.8637445Z  * [new branch]          codex/3666-leaf-pack-apply -> origin/codex/3666-leaf-pack-apply
stable legacy/public capture	UNKNOWN STEP	2026-10-06T11:05:40.8637884Z  * [new branch]          codex/3669-all-versions-pruning -> origin/codex/3669-all-versions-pruning
stable legacy/public capture	UNKNOWN STEP	2026-10-06T11:05:40.8638448Z  * [new branch]          codex/3670-external-mvcc-codec -> origin/codex/3670-external-mvcc-codec
stable legacy/public capture	UNKNOWN STEP	2026-10-06T11:05:40.8638937Z  * [new branch]          codex/3671-snapshot-seek-iterators -> origin/codex/3671-snapshot-seek-iterators
stable legacy/public capture	UNKNOWN STEP	2026-10-06T11:05:40.8639385Z  * [new branch]          codex/3672-commit-get-at -> origin/codex/3672-commit-get-at
stable legacy/public capture	UNKNOWN STEP	2026-10-06T11:05:40.8639824Z  * [new branch]          codex/3673-conformance-closeout -> origin/codex/3673-conformance-closeout
stable legacy/public capture	UNKNOWN STEP	2026-10-06T11:05:40.8640282Z  * [new branch]          codex/3674-power-loss-oracle -> origin/codex/3674-power-loss-oracle
stable legacy/public capture	UNKNOWN STEP	2026-10-06T11:05:40.8640723Z  * [new branch]          codex/3675-root-publication -> origin/codex/3675-root-publication
stable legacy/public capture	UNKNOWN STEP	2026-10-06T11:05:40.8641205Z  * [new branch]          codex/3675-root-publication-v2 -> origin/codex/3675-root-publication-v2
stable legacy/public capture	UNKNOWN STEP	2026-10-06T11:05:40.8641657Z  * [new branch]          codex/3676-command-frame-v2 -> origin/codex/3676-command-frame-v2
stable legacy/public capture	UNKNOWN STEP	2026-10-06T11:05:40.8642083Z  * [new branch]          codex/3676-command-wal-tail -> origin/codex/3676-command-wal-tail
stable legacy/public capture	UNKNOWN STEP	2026-10-06T11:05:40.8642503Z  * [new branch]          codex/3677-all-kind-closeout -> origin/codex/3677-all-kind-closeout
stable legacy/public capture	UNKNOWN STEP	2026-10-06T11:05:40.8643005Z  * [new branch]          codex/3677-backup-authority-reconcile -> origin/codex/3677-backup-authority-reconcile
stable legacy/public capture	UNKNOWN STEP	2026-10-06T11:05:40.8643524Z  * [new branch]          codex/3677-column-authority-main -> origin/codex/3677-column-authority-main
stable legacy/public capture	UNKNOWN STEP	2026-10-06T11:05:40.8644029Z  * [new branch]          codex/3677-column-segment-authority -> origin/codex/3677-column-segment-authority
stable legacy/public capture	UNKNOWN STEP	2026-10-06T11:05:40.8644534Z  * [new branch]          codex/3677-dictionary-authority -> origin/codex/3677-dictionary-authority
stable legacy/public capture	UNKNOWN STEP	2026-10-06T11:05:40.8645019Z  * [new branch]          codex/3677-fresh-layout-namespace -> origin/codex/3677-fresh-layout-namespace
stable legacy/public capture	UNKNOWN STEP	2026-10-06T11:05:40.8645683Z  * [new branch]          codex/3677-inventory-closeout -> origin/codex/3677-inventory-closeout
stable legacy/public capture	UNKNOWN STEP	2026-10-06T11:05:40.8646101Z  * [new branch]          codex/3677-manifest-v2  -> origin/codex/3677-manifest-v2
stable legacy/public capture	UNKNOWN STEP	2026-10-06T11:05:40.8646526Z  * [new branch]          codex/3677-packed-authority-main -> origin/codex/3677-packed-authority-main
stable legacy/public capture	UNKNOWN STEP	2026-10-06T11:05:40.8646992Z  * [new branch]          codex/3677-packed-authority-v2 -> origin/codex/3677-packed-authority-v2
stable legacy/public capture	UNKNOWN STEP	2026-10-06T11:05:40.8647468Z  * [new branch]          codex/3677-quarantined-authority -> origin/codex/3677-quarantined-authority
stable legacy/public capture	UNKNOWN STEP	2026-10-06T11:05:40.8647924Z  * [new branch]          codex/3677-raw-capture-upper -> origin/codex/3677-raw-capture-upper
stable legacy/public capture	UNKNOWN STEP	2026-10-06T11:05:40.8648410Z  * [new branch]          codex/3677-registry-constructor-only -> origin/codex/3677-registry-constructor-only
stable legacy/public capture	UNKNOWN STEP	2026-10-06T11:05:40.8648881Z  * [new branch]          codex/3677-resource-contract -> origin/codex/3677-resource-contract
stable legacy/public capture	UNKNOWN STEP	2026-10-06T11:05:40.8649376Z  * [new branch]          codex/3677-stable-manifest-replacement -> origin/codex/3677-stable-manifest-replacement
stable legacy/public capture	UNKNOWN STEP	2026-10-06T11:05:40.8649952Z  * [new branch]          codex/3677-stable-publication-foundation -> origin/codex/3677-stable-publication-foundation
stable legacy/public capture	UNKNOWN STEP	2026-10-06T11:05:40.8650520Z  * [new branch]          codex/3677-stable-publication-hardening -> origin/codex/3677-stable-publication-hardening
stable legacy/public capture	UNKNOWN STEP	2026-10-06T11:05:40.8651031Z  * [new branch]          codex/3677-stable-resource-core -> origin/codex/3677-stable-resource-core
stable legacy/public capture	UNKNOWN STEP	2026-10-06T11:05:40.8651515Z  * [new branch]          codex/3677-stable-resource-tokens -> origin/codex/3677-stable-resource-tokens
stable legacy/public capture	UNKNOWN STEP	2026-10-06T11:05:40.8652029Z  * [new branch]          codex/3677-stable-resource-tokens-v2 -> origin/codex/3677-stable-resource-tokens-v2
stable legacy/public capture	UNKNOWN STEP	2026-10-06T11:05:40.8652570Z  * [new branch]          codex/3677-standalone-column-authority -> origin/codex/3677-standalone-column-authority
stable legacy/public capture	UNKNOWN STEP	2026-10-06T11:05:40.8653069Z  * [new branch]          codex/3677-template-authority -> origin/codex/3677-template-authority
stable legacy/public capture	UNKNOWN STEP	2026-10-06T11:05:40.8653511Z  * [new branch]          codex/3677-vlog-identity-pins -> origin/codex/3677-vlog-identity-pins
stable legacy/public capture	UNKNOWN STEP	2026-10-06T11:05:40.8654083Z  * [new branch]          codex/3677-vlog-identity-pins-pr -> origin/codex/3677-vlog-identity-pins-pr
stable legacy/public capture	UNKNOWN STEP	2026-10-06T11:05:40.8654534Z  * [new branch]          codex/3678-cow-freelist-v2 -> origin/codex/3678-cow-freelist-v2
stable legacy/public capture	UNKNOWN STEP	2026-10-06T11:05:40.8654979Z  * [new branch]          codex/3679-durable-root-cutover -> origin/codex/3679-durable-root-cutover
stable legacy/public capture	UNKNOWN STEP	2026-10-06T11:05:40.8655672Z  * [new branch]          codex/3680-public-poison-admission -> origin/codex/3680-public-poison-admission
stable legacy/public capture	UNKNOWN STEP	2026-10-06T11:05:40.8656155Z  * [new branch]          codex/3680-safe-root-activation -> origin/codex/3680-safe-root-activation
stable legacy/public capture	UNKNOWN STEP	2026-10-06T11:05:40.8656638Z  * [new branch]          codex/3680-safe-root-activation-v2 -> origin/codex/3680-safe-root-activation-v2
stable legacy/public capture	UNKNOWN STEP	2026-10-06T11:05:40.8657140Z  * [new branch]          codex/3681-deletion-namespace-sync -> origin/codex/3681-deletion-namespace-sync
stable legacy/public capture	UNKNOWN STEP	2026-10-06T11:05:40.8657633Z  * [new branch]          codex/3681-recoverable-root-set -> origin/codex/3681-recoverable-root-set
stable legacy/public capture	UNKNOWN STEP	2026-10-06T11:05:40.8658099Z  * [new branch]          codex/3682-durable-wal-cleanup -> origin/codex/3682-durable-wal-cleanup
stable legacy/public capture	UNKNOWN STEP	2026-10-06T11:05:40.8658564Z  * [new branch]          codex/3683-durability-profiles -> origin/codex/3683-durability-profiles
stable legacy/public capture	UNKNOWN STEP	2026-10-06T11:05:40.8659024Z  * [new branch]          codex/3684-certification-runner -> origin/codex/3684-certification-runner
stable legacy/public capture	UNKNOWN STEP	2026-10-06T11:05:40.8659481Z  * [new branch]          codex/3684-enumerator-hardening -> origin/codex/3684-enumerator-hardening
stable legacy/public capture	UNKNOWN STEP	2026-10-06T11:05:40.8659896Z  * [new branch]          codex/3684-layout-cert  -> origin/codex/3684-layout-cert
stable legacy/public capture	UNKNOWN STEP	2026-10-06T11:05:40.8660332Z  * [new branch]          codex/3684-powerloss-certification -> origin/codex/3684-powerloss-certification
stable legacy/public capture	UNKNOWN STEP	2026-10-06T11:05:40.8660763Z  * [new branch]          codex/3684-recert-3949  -> origin/codex/3684-recert-3949
stable legacy/public capture	UNKNOWN STEP	2026-10-06T11:05:40.8661326Z  * [new branch]          codex/3684-terminal-certificate -> origin/codex/3684-terminal-certificate
stable legacy/public capture	UNKNOWN STEP	2026-10-06T11:05:40.8661795Z  * [new branch]          codex/3695-jsonbench-contract -> origin/codex/3695-jsonbench-contract
stable legacy/public capture	UNKNOWN STEP	2026-10-06T11:05:40.8662228Z  * [new branch]          codex/3696-query-ready-base -> origin/codex/3696-query-ready-base
stable legacy/public capture	UNKNOWN STEP	2026-10-06T11:05:40.8662665Z  * [new branch]          codex/3697-query-ready-deltas -> origin/codex/3697-query-ready-deltas
stable legacy/public capture	UNKNOWN STEP	2026-10-06T11:05:40.8663093Z  * [new branch]          codex/3698-query-ready-open -> origin/codex/3698-query-ready-open
stable legacy/public capture	UNKNOWN STEP	2026-10-06T11:05:40.8663547Z  * [new branch]          codex/3699-encoded-base-delta -> origin/codex/3699-encoded-base-delta
stable legacy/public capture	UNKNOWN STEP	2026-10-06T11:05:40.8664047Z  * [new branch]          codex/3700-query-ready-build-bounds -> origin/codex/3700-query-ready-build-bounds
stable legacy/public capture	UNKNOWN STEP	2026-10-06T11:05:40.8664576Z  * [new branch]          codex/3703-leaf-generation-stats-race -> origin/codex/3703-leaf-generation-stats-race
stable legacy/public capture	UNKNOWN STEP	2026-10-06T11:05:40.8665078Z  * [new branch]          codex/3707-caching-shard-race -> origin/codex/3707-caching-shard-race
stable legacy/public capture	UNKNOWN STEP	2026-10-06T11:05:40.8665762Z  * [new branch]          codex/3715-prepared-leaf-pack-relocation -> origin/codex/3715-prepared-leaf-pack-relocation
stable legacy/public capture	UNKNOWN STEP	2026-10-06T11:05:40.8666328Z  * [new branch]          codex/3717-adversarial-crash-images -> origin/codex/3717-adversarial-crash-images
stable legacy/public capture	UNKNOWN STEP	2026-10-06T11:05:40.8666810Z  * [new branch]          codex/3718-command-wal-prefix -> origin/codex/3718-command-wal-prefix
stable legacy/public capture	UNKNOWN STEP	2026-10-06T11:05:40.8667305Z  * [new branch]          codex/3727-dgraph-benchmark-gates -> origin/codex/3727-dgraph-benchmark-gates
stable legacy/public capture	UNKNOWN STEP	2026-10-06T11:05:40.8667764Z  * [new branch]          codex/3728-point-successor -> origin/codex/3728-point-successor
stable legacy/public capture	UNKNOWN STEP	2026-10-06T11:05:40.8668249Z  * [new branch]          codex/3729-command-wal-group-commit -> origin/codex/3729-command-wal-group-commit
stable legacy/public capture	UNKNOWN STEP	2026-10-06T11:05:40.8668720Z  * [new branch]          codex/3731-materialized-rid -> origin/codex/3731-materialized-rid
stable legacy/public capture	UNKNOWN STEP	2026-10-06T11:05:40.8669225Z  * [new branch]          codex/3733-m0-post-durability-evidence -> origin/codex/3733-m0-post-durability-evidence
stable legacy/public capture	UNKNOWN STEP	2026-10-06T11:05:40.8669855Z  * [new branch]          codex/3755-semstream-encoder-pool -> origin/codex/3755-semstream-encoder-pool
stable legacy/public capture	UNKNOWN STEP	2026-10-06T11:05:40.8670388Z  * [new branch]          codex/3761-single-pass-retained-json -> origin/codex/3761-single-pass-retained-json
stable legacy/public capture	UNKNOWN STEP	2026-10-06T11:05:40.8670917Z  * [new branch]          codex/3771-post-merge-contract-fix -> origin/codex/3771-post-merge-contract-fix
stable legacy/public capture	UNKNOWN STEP	2026-10-06T11:05:40.8671397Z  * [new branch]          codex/3778-command-wal-cleanup -> origin/codex/3778-command-wal-cleanup
stable legacy/public capture	UNKNOWN STEP	2026-10-06T11:05:40.8671838Z  * [new branch]          codex/3779-exact-merge-ci -> origin/codex/3779-exact-merge-ci
stable legacy/public capture	UNKNOWN STEP	2026-10-06T11:05:40.8672276Z  * [new branch]          codex/3783-mvcc-paired-verdict -> origin/codex/3783-mvcc-paired-verdict
stable legacy/public capture	UNKNOWN STEP	2026-10-06T11:05:40.8672767Z  * [new branch]          codex/3784-nativewire-phase-context -> origin/codex/3784-nativewire-phase-context
stable legacy/public capture	UNKNOWN STEP	2026-10-06T11:05:40.8673267Z  * [new branch]          codex/3788-snapshot-paired-gate -> origin/codex/3788-snapshot-paired-gate
stable legacy/public capture	UNKNOWN STEP	2026-10-06T11:05:40.8673734Z  * [new branch]          codex/3790-durable-root-rewrite -> origin/codex/3790-durable-root-rewrite
stable legacy/public capture	UNKNOWN STEP	2026-10-06T11:05:40.8674261Z  * [new branch]          codex/3792-race-package-timeout-followup -> origin/codex/3792-race-package-timeout-followup
stable legacy/public capture	UNKNOWN STEP	2026-10-06T11:05:40.8674777Z  * [new branch]          codex/3792-vacuum-race-headroom -> origin/codex/3792-vacuum-race-headroom
stable legacy/public capture	UNKNOWN STEP	2026-10-06T11:05:40.8675391Z  * [new branch]          codex/3795-windows-core-headroom -> origin/codex/3795-windows-core-headroom
stable legacy/public capture	UNKNOWN STEP	2026-10-06T11:05:40.8675885Z  * [new branch]          codex/3796-caching-waiter-sync -> origin/codex/3796-caching-waiter-sync
stable legacy/public capture	UNKNOWN STEP	2026-10-06T11:05:40.8676341Z  * [new branch]          codex/3800-mvcc-row-equivalence -> origin/codex/3800-mvcc-row-equivalence
stable legacy/public capture	UNKNOWN STEP	2026-10-06T11:05:40.8676825Z  * [new branch]          codex/3802-rewrite-queue-first-call -> origin/codex/3802-rewrite-queue-first-call
stable legacy/public capture	UNKNOWN STEP	2026-10-06T11:05:40.8677432Z  * [new branch]          codex/3806-vector-alloc-race -> origin/codex/3806-vector-alloc-race
stable legacy/public capture	UNKNOWN STEP	2026-10-06T11:05:40.8677955Z  * [new branch]          codex/3807-checkpoint-productivity-sync -> origin/codex/3807-checkpoint-productivity-sync
stable legacy/public capture	UNKNOWN STEP	2026-10-06T11:05:40.8678493Z  * [new branch]          codex/3808-pager-truncate-atomic -> origin/codex/3808-pager-truncate-atomic
stable legacy/public capture	UNKNOWN STEP	2026-10-06T11:05:40.8679001Z  * [new branch]          codex/3812-scalar-vector-alloc-race -> origin/codex/3812-scalar-vector-alloc-race
stable legacy/public capture	UNKNOWN STEP	2026-10-06T11:05:40.8679486Z  * [new branch]          codex/3814-vlog-age-delete-race -> origin/codex/3814-vlog-age-delete-race
stable legacy/public capture	UNKNOWN STEP	2026-10-06T11:05:40.8679942Z  * [new branch]          codex/3816-settle-pin-baseline -> origin/codex/3816-settle-pin-baseline
stable legacy/public capture	UNKNOWN STEP	2026-10-06T11:05:40.8680416Z  * [new branch]          codex/3819-compact-storage-enoent -> origin/codex/3819-compact-storage-enoent
stable legacy/public capture	UNKNOWN STEP	2026-10-06T11:05:40.8680899Z  * [new branch]          codex/3822-settle-mvcc-benchmark -> origin/codex/3822-settle-mvcc-benchmark
stable legacy/public capture	UNKNOWN STEP	2026-10-06T11:05:40.8681350Z  * [new branch]          codex/3823-incremental-root -> origin/codex/3823-incremental-root
stable legacy/public capture	UNKNOWN STEP	2026-10-06T11:05:40.8681768Z  * [new branch]          codex/3826-3827-ci-contracts -> origin/codex/3826-3827-ci-contracts
stable legacy/public capture	UNKNOWN STEP	2026-10-06T11:05:40.8682185Z  * [new branch]          codex/3829-3830-ci-contracts -> origin/codex/3829-3830-ci-contracts
stable legacy/public capture	UNKNOWN STEP	2026-10-06T11:05:40.8682605Z  * [new branch]          codex/3833-pre-meta-test-sync -> origin/codex/3833-pre-meta-test-sync
stable legacy/public capture	UNKNOWN STEP	2026-10-06T11:05:40.8683043Z  * [new branch]          codex/3837-vlog-perf-aggregate -> origin/codex/3837-vlog-perf-aggregate
stable legacy/public capture	UNKNOWN STEP	2026-10-06T11:05:40.8683478Z  * [new branch]          codex/3839-text-v2-rewrite-gc -> origin/codex/3839-text-v2-rewrite-gc
stable legacy/public capture	UNKNOWN STEP	2026-10-06T11:05:40.8683947Z  * [new branch]          codex/3841-retained-prune-ownership -> origin/codex/3841-retained-prune-ownership
stable legacy/public capture	UNKNOWN STEP	2026-10-06T11:05:40.8684453Z  * [new branch]          codex/3843-real-catalog-settlement -> origin/codex/3843-real-catalog-settlement
stable legacy/public capture	UNKNOWN STEP	2026-10-06T11:05:40.8685078Z  * [new branch]          codex/3843-text-index-accepted-replay -> origin/codex/3843-text-index-accepted-replay
stable legacy/public capture	UNKNOWN STEP	2026-10-06T11:05:40.8685697Z  * [new branch]          codex/3846-rewrite-leafgc-stale -> origin/codex/3846-rewrite-leafgc-stale
stable legacy/public capture	UNKNOWN STEP	2026-10-06T11:05:40.8686186Z  * [new branch]          codex/3848-vector-alloc-isolation -> origin/codex/3848-vector-alloc-isolation
stable legacy/public capture	UNKNOWN STEP	2026-10-06T11:05:40.8686636Z  * [new branch]          codex/3852-wal-on-fast-gap -> origin/codex/3852-wal-on-fast-gap
stable legacy/public capture	UNKNOWN STEP	2026-10-06T11:05:40.8687074Z  * [new branch]          codex/3853-command-wal-pruning -> origin/codex/3853-command-wal-pruning
stable legacy/public capture	UNKNOWN STEP	2026-10-06T11:05:40.8687542Z  * [new branch]          codex/3854-fragmentation-parity -> origin/codex/3854-fragmentation-parity
stable legacy/public capture	UNKNOWN STEP	2026-10-06T11:05:40.8688016Z  * [new branch]          codex/3857-ci-cycle-integration -> origin/codex/3857-ci-cycle-integration
stable legacy/public capture	UNKNOWN STEP	2026-10-06T11:05:40.8688462Z  * [new branch]          codex/3857-proof-a-bd3dca5f7 -> origin/codex/3857-proof-a-bd3dca5f7
stable legacy/public capture	UNKNOWN STEP	2026-10-06T11:05:40.8688908Z  * [new branch]          codex/3857-proof-a-cea78990f -> origin/codex/3857-proof-a-cea78990f
stable legacy/public capture	UNKNOWN STEP	2026-10-06T11:05:40.8689346Z  * [new branch]          codex/3857-proof-a-f823618a9 -> origin/codex/3857-proof-a-f823618a9
stable legacy/public capture	UNKNOWN STEP	2026-10-06T11:05:40.8689809Z  * [new branch]          codex/3863-vlog-cpu-service-gate -> origin/codex/3863-vlog-cpu-service-gate
stable legacy/public capture	UNKNOWN STEP	2026-10-06T11:05:40.8690273Z  * [new branch]          codex/3864-3871-ci-restoration -> origin/codex/3864-3871-ci-restoration
stable legacy/public capture	UNKNOWN STEP	2026-10-06T11:05:40.8690755Z  * [new branch]          codex/3866-vlog-gc-slot-settlement -> origin/codex/3866-vlog-gc-slot-settlement
stable legacy/public capture	UNKNOWN STEP	2026-10-06T11:05:40.8691256Z  * [new branch]          codex/3867-3868-main-ci-restoration -> origin/codex/3867-3868-main-ci-restoration
stable legacy/public capture	UNKNOWN STEP	2026-10-06T11:05:40.8691768Z  * [new branch]          codex/3868-windows-core-headroom-v2 -> origin/codex/3868-windows-core-headroom-v2
stable legacy/public capture	UNKNOWN STEP	2026-10-06T11:05:40.8692283Z  * [new branch]          codex/3868-windows-core-headroom-v3 -> origin/codex/3868-windows-core-headroom-v3
stable legacy/public capture	UNKNOWN STEP	2026-10-06T11:05:40.8692896Z  * [new branch]          codex/3873-column-asset-gc-handoff -> origin/codex/3873-column-asset-gc-handoff
stable legacy/public capture	UNKNOWN STEP	2026-10-06T11:05:40.8693376Z  * [new branch]          codex/3876-root-macos-headroom -> origin/codex/3876-root-macos-headroom
stable legacy/public capture	UNKNOWN STEP	2026-10-06T11:05:40.8693874Z  * [new branch]          codex/3879-sync-checkpoint-isolation -> origin/codex/3879-sync-checkpoint-isolation
stable legacy/public capture	UNKNOWN STEP	2026-10-06T11:05:40.8694376Z  * [new branch]          codex/3881-close-drain-boundary -> origin/codex/3881-close-drain-boundary
stable legacy/public capture	UNKNOWN STEP	2026-10-06T11:05:40.8694869Z  * [new branch]          codex/3887-monotonic-reconstruction -> origin/codex/3887-monotonic-reconstruction
stable legacy/public capture	UNKNOWN STEP	2026-10-06T11:05:40.8695511Z  * [new branch]          codex/3888-query-ready-prep -> origin/codex/3888-query-ready-prep
stable legacy/public capture	UNKNOWN STEP	2026-10-06T11:05:40.8695992Z  * [new branch]          codex/3890-primary-physical-locator -> origin/codex/3890-primary-physical-locator
stable legacy/public capture	UNKNOWN STEP	2026-10-06T11:05:40.8696544Z  * [new branch]          codex/3894-compact-storage-evidence-fix -> origin/codex/3894-compact-storage-evidence-fix
stable legacy/public capture	UNKNOWN STEP	2026-10-06T11:05:40.8697118Z  * [new branch]          codex/3896-jsonbench-row-count-contract -> origin/codex/3896-jsonbench-row-count-contract
stable legacy/public capture	UNKNOWN STEP	2026-10-06T11:05:40.8697697Z  * [new branch]          codex/3897-bounded-generic-reconstruction -> origin/codex/3897-bounded-generic-reconstruction
stable legacy/public capture	UNKNOWN STEP	2026-10-06T11:05:40.8698190Z  * [new branch]          codex/3898-publish-commit -> origin/codex/3898-publish-commit
stable legacy/public capture	UNKNOWN STEP	2026-10-06T11:05:40.8698623Z  * [new branch]          codex/3899-q4-q5-fused-reduction -> origin/codex/3899-q4-q5-fused-reduction
stable legacy/public capture	UNKNOWN STEP	2026-10-06T11:05:40.8699128Z  * [new branch]          codex/3904-column-plan-construction -> origin/codex/3904-column-plan-construction
stable legacy/public capture	UNKNOWN STEP	2026-10-06T11:05:40.8699611Z  * [new branch]          codex/3909-vector-partition-m0 -> origin/codex/3909-vector-partition-m0
stable legacy/public capture	UNKNOWN STEP	2026-10-06T11:05:40.8700055Z  * [new branch]          codex/3910-vector-partition-m1 -> origin/codex/3910-vector-partition-m1
stable legacy/public capture	UNKNOWN STEP	2026-10-06T11:05:40.8700490Z  * [new branch]          codex/3911-vector-partition-m2 -> origin/codex/3911-vector-partition-m2
stable legacy/public capture	UNKNOWN STEP	2026-10-06T11:05:40.8701030Z  * [new branch]          codex/3912-vector-partition-m3 -> origin/codex/3912-vector-partition-m3
stable legacy/public capture	UNKNOWN STEP	2026-10-06T11:05:40.8701483Z  * [new branch]          codex/3913-vector-partition-m4 -> origin/codex/3913-vector-partition-m4
stable legacy/public capture	UNKNOWN STEP	2026-10-06T11:05:40.8701921Z  * [new branch]          codex/3914-vector-partition-m5 -> origin/codex/3914-vector-partition-m5
stable legacy/public capture	UNKNOWN STEP	2026-10-06T11:05:40.8702374Z  * [new branch]          codex/3915-vector-partition-m6 -> origin/codex/3915-vector-partition-m6
stable legacy/public capture	UNKNOWN STEP	2026-10-06T11:05:40.8702808Z  * [new branch]          codex/3916-vector-partition-m7 -> origin/codex/3916-vector-partition-m7
stable legacy/public capture	UNKNOWN STEP	2026-10-06T11:05:40.8703237Z  * [new branch]          codex/3917-vector-partition-m8 -> origin/codex/3917-vector-partition-m8
stable legacy/public capture	UNKNOWN STEP	2026-10-06T11:05:40.8703763Z  * [new branch]          codex/3919-bounded-descriptor-transitions -> origin/codex/3919-bounded-descriptor-transitions
stable legacy/public capture	UNKNOWN STEP	2026-10-06T11:05:40.8704329Z  * [new branch]          codex/3924-manifest-mutation-delta -> origin/codex/3924-manifest-mutation-delta
stable legacy/public capture	UNKNOWN STEP	2026-10-06T11:05:40.8704833Z  * [new branch]          codex/3928-bounded-resource-closure -> origin/codex/3928-bounded-resource-closure
stable legacy/public capture	UNKNOWN STEP	2026-10-06T11:05:40.8705348Z  * [new branch]          codex/3931-rid-hole     -> origin/codex/3931-rid-hole
stable legacy/public capture	UNKNOWN STEP	2026-10-06T11:05:40.8705724Z  * [new branch]          codex/3933-stale-witness -> origin/codex/3933-stale-witness
stable legacy/public capture	UNKNOWN STEP	2026-10-06T11:05:40.8706165Z  * [new branch]          codex/3935-serialize-dict-publish -> origin/codex/3935-serialize-dict-publish
stable legacy/public capture	UNKNOWN STEP	2026-10-06T11:05:40.8706608Z  * [new branch]          codex/3937-stale-contract -> origin/codex/3937-stale-contract
stable legacy/public capture	UNKNOWN STEP	2026-10-06T11:05:40.8706985Z  * [new branch]          codex/3939-provenance   -> origin/codex/3939-provenance
stable legacy/public capture	UNKNOWN STEP	2026-10-06T11:05:40.8707394Z  * [new branch]          codex/3941-fanin-publication -> origin/codex/3941-fanin-publication
stable legacy/public capture	UNKNOWN STEP	2026-10-06T11:05:40.8707940Z  * [new branch]          codex/3943-vacuum-baseline -> origin/codex/3943-vacuum-baseline
stable legacy/public capture	UNKNOWN STEP	2026-10-06T11:05:40.8708341Z  * [new branch]          codex/3944-online-vacuum -> origin/codex/3944-online-vacuum
stable legacy/public capture	UNKNOWN STEP	2026-10-06T11:05:40.8708799Z  * [new branch]          codex/3945-public-background-vacuum -> origin/codex/3945-public-background-vacuum
stable legacy/public capture	UNKNOWN STEP	2026-10-06T11:05:40.8709340Z  * [new branch]          codex/3946-compact-storage-index-vacuum -> origin/codex/3946-compact-storage-index-vacuum
stable legacy/public capture	UNKNOWN STEP	2026-10-06T11:05:40.8709902Z  * [new branch]          codex/3947-index-vacuum-certification -> origin/codex/3947-index-vacuum-certification
stable legacy/public capture	UNKNOWN STEP	2026-10-06T11:05:40.8710422Z  * [new branch]          codex/3952-singleton-publication -> origin/codex/3952-singleton-publication
stable legacy/public capture	UNKNOWN STEP	2026-10-06T11:05:40.8710855Z  * [new branch]          codex/3956-mvcc-shard   -> origin/codex/3956-mvcc-shard
stable legacy/public capture	UNKNOWN STEP	2026-10-06T11:05:40.8711229Z  * [new branch]          codex/3960-page-ownership -> origin/codex/3960-page-ownership
stable legacy/public capture	UNKNOWN STEP	2026-10-06T11:05:40.8711618Z  * [new branch]          codex/3970-catalog-meta -> origin/codex/3970-catalog-meta
stable legacy/public capture	UNKNOWN STEP	2026-10-06T11:05:40.8712016Z  * [new branch]          codex/3980-vector-exactness -> origin/codex/3980-vector-exactness
stable legacy/public capture	UNKNOWN STEP	2026-10-06T11:05:40.8712478Z  * [new branch]          codex/3986-windows-start-handshake -> origin/codex/3986-windows-start-handshake
stable legacy/public capture	UNKNOWN STEP	2026-10-06T11:05:40.8712931Z  * [new branch]          codex/3990-perf-smoke-gate -> origin/codex/3990-perf-smoke-gate
stable legacy/public capture	UNKNOWN STEP	2026-10-06T11:05:40.8713383Z  * [new branch]          codex/3994-authoritative-replay -> origin/codex/3994-authoritative-replay
stable legacy/public capture	UNKNOWN STEP	2026-10-06T11:05:40.8713835Z  * [new branch]          codex/3996-vector-zero-alloc -> origin/codex/3996-vector-zero-alloc
stable legacy/public capture	UNKNOWN STEP	2026-10-06T11:05:40.8714281Z  * [new branch]          codex/3997-race-outer-headroom -> origin/codex/3997-race-outer-headroom
stable legacy/public capture	UNKNOWN STEP	2026-10-06T11:05:40.8714728Z  * [new branch]          codex/3997-race-shard-headroom -> origin/codex/3997-race-shard-headroom
stable legacy/public capture	UNKNOWN STEP	2026-10-06T11:05:40.8715169Z  * [new branch]          codex/4013-vector-v1-contract -> origin/codex/4013-vector-v1-contract
stable legacy/public capture	UNKNOWN STEP	2026-10-06T11:05:40.8715786Z  * [new branch]          codex/4015-v1-qualification -> origin/codex/4015-v1-qualification
stable legacy/public capture	UNKNOWN STEP	2026-10-06T11:05:40.8716177Z  * [new branch]          codex/4036-mongo-or     -> origin/codex/4036-mongo-or
stable legacy/public capture	UNKNOWN STEP	2026-10-06T11:05:40.8716554Z  * [new branch]          codex/4037-mongo-mutations -> origin/codex/4037-mongo-mutations
stable legacy/public capture	UNKNOWN STEP	2026-10-06T11:05:40.8717006Z  * [new branch]          codex/4038-mongo-find-and-modify -> origin/codex/4038-mongo-find-and-modify
stable legacy/public capture	UNKNOWN STEP	2026-10-06T11:05:40.8717460Z  * [new branch]          codex/4042-mongo-first-write -> origin/codex/4042-mongo-first-write
stable legacy/public capture	UNKNOWN STEP	2026-10-06T11:05:40.8717907Z  * [new branch]          codex/4045-mongo-filter-writes -> origin/codex/4045-mongo-filter-writes
stable legacy/public capture	UNKNOWN STEP	2026-10-06T11:05:40.8718367Z  * [new branch]          codex/4046-mongo-nested-updates -> origin/codex/4046-mongo-nested-updates
stable legacy/public capture	UNKNOWN STEP	2026-10-06T11:05:40.8718903Z  * [new branch]          codex/4047-mongo-aggregate-count-distinct -> origin/codex/4047-mongo-aggregate-count-distinct
stable legacy/public capture	UNKNOWN STEP	2026-10-06T11:05:40.8719475Z  * [new branch]          codex/4053-mongo-differential-runner -> origin/codex/4053-mongo-differential-runner
stable legacy/public capture	UNKNOWN STEP	2026-10-06T11:05:40.8719962Z  * [new branch]          codex/4054-mongo-diagnostics -> origin/codex/4054-mongo-diagnostics
stable legacy/public capture	UNKNOWN STEP	2026-10-06T11:05:40.8720372Z  * [new branch]          codex/4055-mongo-explain -> origin/codex/4055-mongo-explain
stable legacy/public capture	UNKNOWN STEP	2026-10-06T11:05:40.8720749Z  * [new branch]          codex/4057-mongo-tls    -> origin/codex/4057-mongo-tls
stable legacy/public capture	UNKNOWN STEP	2026-10-06T11:05:40.8721116Z  * [new branch]          codex/4058-scram-auth   -> origin/codex/4058-scram-auth
stable legacy/public capture	UNKNOWN STEP	2026-10-06T11:05:40.8721526Z  * [new branch]          codex/4059-mongo-authorization -> origin/codex/4059-mongo-authorization
stable legacy/public capture	UNKNOWN STEP	2026-10-06T11:05:40.8721974Z  * [new branch]          codex/4060-mongo-write-concern -> origin/codex/4060-mongo-write-concern
stable legacy/public capture	UNKNOWN STEP	2026-10-06T11:05:40.8722418Z  * [new branch]          codex/4062-bson-index-adoption -> origin/codex/4062-bson-index-adoption
stable legacy/public capture	UNKNOWN STEP	2026-10-06T11:05:40.8722943Z  * [new branch]          codex/4063-compound-index -> origin/codex/4063-compound-index
stable legacy/public capture	UNKNOWN STEP	2026-10-06T11:05:40.8723370Z  * [new branch]          codex/4064-mongo-multi-write -> origin/codex/4064-mongo-multi-write
stable legacy/public capture	UNKNOWN STEP	2026-10-06T11:05:40.8723803Z  * [new branch]          codex/4065-compound-planner -> origin/codex/4065-compound-planner
stable legacy/public capture	UNKNOWN STEP	2026-10-06T11:05:40.8724224Z  * [new branch]          codex/4066-query-operators -> origin/codex/4066-query-operators
stable legacy/public capture	UNKNOWN STEP	2026-10-06T11:05:40.8724679Z  * [new branch]          codex/4105-local-hnsw-attribution -> origin/codex/4105-local-hnsw-attribution
stable legacy/public capture	UNKNOWN STEP	2026-10-06T11:05:40.8725121Z  * [new branch]          codex/4106-m-refinement -> origin/codex/4106-m-refinement
stable legacy/public capture	UNKNOWN STEP	2026-10-06T11:05:40.8725624Z  * [new branch]          codex/4106-reachability-repair -> origin/codex/4106-reachability-repair
stable legacy/public capture	UNKNOWN STEP	2026-10-06T11:05:40.8726164Z  * [new branch]          codex/4107-deterministic-insertion-order -> origin/codex/4107-deterministic-insertion-order
stable legacy/public capture	UNKNOWN STEP	2026-10-06T11:05:40.8726729Z  * [new branch]          codex/4108-final-child-status-fix -> origin/codex/4108-final-child-status-fix
stable legacy/public capture	UNKNOWN STEP	2026-10-06T11:05:40.8727208Z  * [new branch]          codex/4108-final-qualification -> origin/codex/4108-final-qualification
stable legacy/public capture	UNKNOWN STEP	2026-10-06T11:05:40.8727680Z  * [new branch]          codex/4108-pack-diagnostics-fix -> origin/codex/4108-pack-diagnostics-fix
stable legacy/public capture	UNKNOWN STEP	2026-10-06T11:05:40.8728142Z  * [new branch]          codex/4108-router-identity-fix -> origin/codex/4108-router-identity-fix
stable legacy/public capture	UNKNOWN STEP	2026-10-06T11:05:40.8728568Z  * [new branch]          codex/4126-router-identity -> origin/codex/4126-router-identity
stable legacy/public capture	UNKNOWN STEP	2026-10-06T11:05:40.8728950Z  * [new branch]          codex/4132-lower-ef     -> origin/codex/4132-lower-ef
stable legacy/public capture	UNKNOWN STEP	2026-10-06T11:05:40.8729350Z  * [new branch]          codex/4137-amd64-indexed-fp32 -> origin/codex/4137-amd64-indexed-fp32
stable legacy/public capture	UNKNOWN STEP	2026-10-06T11:05:40.8729775Z  * [new branch]          codex/4148-vlog-gc-flake -> origin/codex/4148-vlog-gc-flake
stable legacy/public capture	UNKNOWN STEP	2026-10-06T11:05:40.8730192Z  * [new branch]          codex/4151-command-wal-phase -> origin/codex/4151-command-wal-phase
stable legacy/public capture	UNKNOWN STEP	2026-10-06T11:05:40.8730603Z  * [new branch]          codex/4152-leaf-gc-flake -> origin/codex/4152-leaf-gc-flake
stable legacy/public capture	UNKNOWN STEP	2026-10-06T11:05:40.8731083Z  * [new branch]          codex/4160-m18-default  -> origin/codex/4160-m18-default
stable legacy/public capture	UNKNOWN STEP	2026-10-06T11:05:40.8731451Z  * [new branch]          codex/4161-m20-default  -> origin/codex/4161-m20-default
stable legacy/public capture	UNKNOWN STEP	2026-10-06T11:05:40.8731859Z  * [new branch]          codex/4162-hnsw-qualification -> origin/codex/4162-hnsw-qualification
stable legacy/public capture	UNKNOWN STEP	2026-10-06T11:05:40.8732317Z  * [new branch]          codex/4170-hnsw-edge-provenance -> origin/codex/4170-hnsw-edge-provenance
stable legacy/public capture	UNKNOWN STEP	2026-10-06T11:05:40.8732807Z  * [new branch]          codex/4170-query-ordinal-binding -> origin/codex/4170-query-ordinal-binding
stable legacy/public capture	UNKNOWN STEP	2026-10-06T11:05:40.8733267Z  * [new branch]          codex/4171-m18-edge-diagnosis -> origin/codex/4171-m18-edge-diagnosis
stable legacy/public capture	UNKNOWN STEP	2026-10-06T11:05:40.8733699Z  * [new branch]          codex/4172-hnsw-fixed-budget -> origin/codex/4172-hnsw-fixed-budget
stable legacy/public capture	UNKNOWN STEP	2026-10-06T11:05:40.8734143Z  * [new branch]          codex/4172-hnsw-fixed-budget-v2 -> origin/codex/4172-hnsw-fixed-budget-v2
stable legacy/public capture	UNKNOWN STEP	2026-10-06T11:05:40.8734618Z  * [new branch]          codex/4184-nativewire-readiness -> origin/codex/4184-nativewire-readiness
stable legacy/public capture	UNKNOWN STEP	2026-10-06T11:05:40.8735096Z  * [new branch]          codex/4185-raftcluster-readiness -> origin/codex/4185-raftcluster-readiness
stable legacy/public capture	UNKNOWN STEP	2026-10-06T11:05:40.8735742Z  * [new branch]          codex/4191-race-allocation-guard -> origin/codex/4191-race-allocation-guard
stable legacy/public capture	UNKNOWN STEP	2026-10-06T11:05:40.8736231Z  * [new branch]          codex/4195-stable-retained-clone -> origin/codex/4195-stable-retained-clone
stable legacy/public capture	UNKNOWN STEP	2026-10-06T11:05:40.8736751Z  * [new branch]          codex/4199-deterministic-vlog-rewrite -> origin/codex/4199-deterministic-vlog-rewrite
stable legacy/public capture	UNKNOWN STEP	2026-10-06T11:05:40.8737301Z  * [new branch]          codex/4201-command-wal-phase-boundary -> origin/codex/4201-command-wal-phase-boundary
stable legacy/public capture	UNKNOWN STEP	2026-10-06T11:05:40.8737875Z  * [new branch]          codex/4201-deterministic-empty-checkpoint -> origin/codex/4201-deterministic-empty-checkpoint
stable legacy/public capture	UNKNOWN STEP	2026-10-06T11:05:40.8738502Z  * [new branch]          codex/4203-topk-final-order -> origin/codex/4203-topk-final-order
stable legacy/public capture	UNKNOWN STEP	2026-10-06T11:05:40.8738981Z  * [new branch]          codex/4213-compact-vector-response -> origin/codex/4213-compact-vector-response
stable legacy/public capture	UNKNOWN STEP	2026-10-06T11:05:40.8739447Z  * [new branch]          codex/4214-raw-f32-quantized -> origin/codex/4214-raw-f32-quantized
stable legacy/public capture	UNKNOWN STEP	2026-10-06T11:05:40.8739910Z  * [new branch]          codex/4215-http-connection-reuse -> origin/codex/4215-http-connection-reuse
stable legacy/public capture	UNKNOWN STEP	2026-10-06T11:05:40.8740383Z  * [new branch]          codex/4216-c6i-vdbbench-report -> origin/codex/4216-c6i-vdbbench-report
stable legacy/public capture	UNKNOWN STEP	2026-10-06T11:05:40.8740795Z  * [new branch]          codex/4243-b-live-ann   -> origin/codex/4243-b-live-ann
stable legacy/public capture	UNKNOWN STEP	2026-10-06T11:05:40.8741199Z  * [new branch]          codex/4243-b3-throughput -> origin/codex/4243-b3-throughput
stable legacy/public capture	UNKNOWN STEP	2026-10-06T11:05:40.8741632Z  * [new branch]          codex/4243-search-coverage-wait -> origin/codex/4243-search-coverage-wait
stable legacy/public capture	UNKNOWN STEP	2026-10-06T11:05:40.8742143Z  * [new branch]          codex/4243-service-upsert-concurrency -> origin/codex/4243-service-upsert-concurrency
stable legacy/public capture	UNKNOWN STEP	2026-10-06T11:05:40.8742633Z  * [new branch]          codex/4247-ha-local-baseline -> origin/codex/4247-ha-local-baseline
stable legacy/public capture	UNKNOWN STEP	2026-10-06T11:05:40.8743097Z  * [new branch]          codex/4264-catalog-create-replay -> origin/codex/4264-catalog-create-replay
stable legacy/public capture	UNKNOWN STEP	2026-10-06T11:05:40.8743531Z  * [new branch]          codex/4267-rag-benchmark -> origin/codex/4267-rag-benchmark
stable legacy/public capture	UNKNOWN STEP	2026-10-06T11:05:40.8743953Z  * [new branch]          codex/4268-collection-chunker -> origin/codex/4268-collection-chunker
stable legacy/public capture	UNKNOWN STEP	2026-10-06T11:05:40.8744373Z  * [new branch]          codex/4269-embedder-seam -> origin/codex/4269-embedder-seam
stable legacy/public capture	UNKNOWN STEP	2026-10-06T11:05:40.8744747Z  * [new branch]          codex/4271-rag-ingestion -> origin/codex/4271-rag-ingestion
stable legacy/public capture	UNKNOWN STEP	2026-10-06T11:05:40.8745149Z  * [new branch]          codex/4273-service-rag-parity -> origin/codex/4273-service-rag-parity
stable legacy/public capture	UNKNOWN STEP	2026-10-06T11:05:40.8745783Z  * [new branch]          codex/4274-hybrid-retrieval-perf -> origin/codex/4274-hybrid-retrieval-perf
stable legacy/public capture	UNKNOWN STEP	2026-10-06T11:05:40.8746242Z  * [new branch]          codex/4275-ingestion-perf -> origin/codex/4275-ingestion-perf
stable legacy/public capture	UNKNOWN STEP	2026-10-06T11:05:40.8746825Z  * [new branch]          codex/4284-atomic-source-publication -> origin/codex/4284-atomic-source-publication
stable legacy/public capture	UNKNOWN STEP	2026-10-06T11:05:40.8747337Z  * [new branch]          codex/4288-rag-m3-final-evidence -> origin/codex/4288-rag-m3-final-evidence
stable legacy/public capture	UNKNOWN STEP	2026-10-06T11:05:40.8747843Z  * [new branch]          codex/4289-rag-application-baseline -> origin/codex/4289-rag-application-baseline
stable legacy/public capture	UNKNOWN STEP	2026-10-06T11:05:40.8748338Z  * [new branch]          codex/4290-metadata-propagation -> origin/codex/4290-metadata-propagation
stable legacy/public capture	UNKNOWN STEP	2026-10-06T11:05:40.8748781Z  * [new branch]          codex/4291-parent-collapse -> origin/codex/4291-parent-collapse
stable legacy/public capture	UNKNOWN STEP	2026-10-06T11:05:40.8749189Z  * [new branch]          codex/4292-multifield-and -> origin/codex/4292-multifield-and
stable legacy/public capture	UNKNOWN STEP	2026-10-06T11:05:40.8749694Z  * [new branch]          codex/4293-chunk-lifecycle-stabilization -> origin/codex/4293-chunk-lifecycle-stabilization
stable legacy/public capture	UNKNOWN STEP	2026-10-06T11:05:40.8750213Z  * [new branch]          codex/4294-embedder-hardening -> origin/codex/4294-embedder-hardening
stable legacy/public capture	UNKNOWN STEP	2026-10-06T11:05:40.8750672Z  * [new branch]          codex/4297-frozen-prefix-batch -> origin/codex/4297-frozen-prefix-batch
stable legacy/public capture	UNKNOWN STEP	2026-10-06T11:05:40.8751194Z  * [new branch]          codex/4300-live-build-interference -> origin/codex/4300-live-build-interference
stable legacy/public capture	UNKNOWN STEP	2026-10-06T11:05:40.8751658Z  * [new branch]          codex/4301-native-live-delta -> origin/codex/4301-native-live-delta
stable legacy/public capture	UNKNOWN STEP	2026-10-06T11:05:40.8752106Z  * [new branch]          codex/4309-live-delta-traversal -> origin/codex/4309-live-delta-traversal
stable legacy/public capture	UNKNOWN STEP	2026-10-06T11:05:40.8752556Z  * [new branch]          codex/4311-physical-closure -> origin/codex/4311-physical-closure
stable legacy/public capture	UNKNOWN STEP	2026-10-06T11:05:40.8753005Z  * [new branch]          codex/4320-hc-partition-bridge -> origin/codex/4320-hc-partition-bridge
stable legacy/public capture	UNKNOWN STEP	2026-10-06T11:05:40.8753427Z  * [new branch]          codex/4320-hc1-search-fix -> origin/codex/4320-hc1-search-fix
stable legacy/public capture	UNKNOWN STEP	2026-10-06T11:05:40.8754000Z  * [new branch]          codex/4322-python-native-minor-v1 -> origin/codex/4322-python-native-minor-v1
stable legacy/public capture	UNKNOWN STEP	2026-10-06T11:05:40.8754557Z  * [new branch]          codex/4327-differential-profile-accepted -> origin/codex/4327-differential-profile-accepted
stable legacy/public capture	UNKNOWN STEP	2026-10-06T11:05:40.8755133Z  * [new branch]          codex/4327-differential-profile-final -> origin/codex/4327-differential-profile-final
stable legacy/public capture	UNKNOWN STEP	2026-10-06T11:05:40.8755856Z  * [new branch]          codex/4327-differential-profile-reset -> origin/codex/4327-differential-profile-reset
stable legacy/public capture	UNKNOWN STEP	2026-10-06T11:05:40.8756342Z  * [new branch]          codex/4327-go-phase-reset -> origin/codex/4327-go-phase-reset
stable legacy/public capture	UNKNOWN STEP	2026-10-06T11:05:40.8756741Z  * [new branch]          codex/4327-harness-reset -> origin/codex/4327-harness-reset
stable legacy/public capture	UNKNOWN STEP	2026-10-06T11:05:40.8757190Z  * [new branch]          codex/4327-highdf-requalification -> origin/codex/4327-highdf-requalification
stable legacy/public capture	UNKNOWN STEP	2026-10-06T11:05:40.8757652Z  * [new branch]          codex/4327-phase-core-reset -> origin/codex/4327-phase-core-reset
stable legacy/public capture	UNKNOWN STEP	2026-10-06T11:05:40.8758161Z  * [new branch]          codex/4327-retrieval-evidence-accepted -> origin/codex/4327-retrieval-evidence-accepted
stable legacy/public capture	UNKNOWN STEP	2026-10-06T11:05:40.8758653Z  * [new branch]          codex/4327-retrieval-phases -> origin/codex/4327-retrieval-phases
stable legacy/public capture	UNKNOWN STEP	2026-10-06T11:05:40.8759097Z  * [new branch]          codex/4327-retrieval-profiling -> origin/codex/4327-retrieval-profiling
stable legacy/public capture	UNKNOWN STEP	2026-10-06T11:05:40.8759610Z  * [new branch]          codex/4327-retrieval-profiling-reset -> origin/codex/4327-retrieval-profiling-reset
stable legacy/public capture	UNKNOWN STEP	2026-10-06T11:05:40.8760084Z  * [new branch]          codex/4327-wrapper-runbook -> origin/codex/4327-wrapper-runbook
stable legacy/public capture	UNKNOWN STEP	2026-10-06T11:05:40.8760516Z  * [new branch]          codex/4328-ingestion-accepted -> origin/codex/4328-ingestion-accepted
stable legacy/public capture	UNKNOWN STEP	2026-10-06T11:05:40.8760985Z  * [new branch]          codex/4328-ingestion-final-reset -> origin/codex/4328-ingestion-final-reset
stable legacy/public capture	UNKNOWN STEP	2026-10-06T11:05:40.8761462Z  * [new branch]          codex/4328-ingestion-proof-final -> origin/codex/4328-ingestion-proof-final
stable legacy/public capture	UNKNOWN STEP	2026-10-06T11:05:40.8762047Z  * [new branch]          codex/4328-ingestion-proof-reset -> origin/codex/4328-ingestion-proof-reset
stable legacy/public capture	UNKNOWN STEP	2026-10-06T11:05:40.8762506Z  * [new branch]          codex/4328-ingestion-reset -> origin/codex/4328-ingestion-reset
stable legacy/public capture	UNKNOWN STEP	2026-10-06T11:05:40.8763013Z  * [new branch]          codex/4328-text-ingestion-qualification -> origin/codex/4328-text-ingestion-qualification
stable legacy/public capture	UNKNOWN STEP	2026-10-06T11:05:40.8763477Z  * [new branch]          codex/4329-10m-soak     -> origin/codex/4329-10m-soak
stable legacy/public capture	UNKNOWN STEP	2026-10-06T11:05:40.8763883Z  * [new branch]          codex/4330-lexical-comparison -> origin/codex/4330-lexical-comparison
stable legacy/public capture	UNKNOWN STEP	2026-10-06T11:05:40.8764309Z  * [new branch]          codex/4331-rag-comparator -> origin/codex/4331-rag-comparator
stable legacy/public capture	UNKNOWN STEP	2026-10-06T11:05:40.8764707Z  * [new branch]          codex/4345-mutation-local -> origin/codex/4345-mutation-local
stable legacy/public capture	UNKNOWN STEP	2026-10-06T11:05:40.8765103Z  * [new branch]          codex/4353-schema-lock-fix -> origin/codex/4353-schema-lock-fix
stable legacy/public capture	UNKNOWN STEP	2026-10-06T11:05:40.8765664Z  * [new branch]          codex/4353-vector-rebuild-lock-order -> origin/codex/4353-vector-rebuild-lock-order
stable legacy/public capture	UNKNOWN STEP	2026-10-06T11:05:40.8766189Z  * [new branch]          codex/4356-native-root-foreground -> origin/codex/4356-native-root-foreground
stable legacy/public capture	UNKNOWN STEP	2026-10-06T11:05:40.8766663Z  * [new branch]          codex/4359-native-write-vacuum -> origin/codex/4359-native-write-vacuum
stable legacy/public capture	UNKNOWN STEP	2026-10-06T11:05:40.8767122Z  * [new branch]          codex/4361-physical-collision -> origin/codex/4361-physical-collision
stable legacy/public capture	UNKNOWN STEP	2026-10-06T11:05:40.8767584Z  * [new branch]          codex/4362-native-service-route -> origin/codex/4362-native-service-route
stable legacy/public capture	UNKNOWN STEP	2026-10-06T11:05:40.8768056Z  * [new branch]          codex/4363-native-scalar-filters -> origin/codex/4363-native-scalar-filters
stable legacy/public capture	UNKNOWN STEP	2026-10-06T11:05:40.8768598Z  * [new branch]          codex/4363-native-scalar-filters-reviewed -> origin/codex/4363-native-scalar-filters-reviewed
stable legacy/public capture	UNKNOWN STEP	2026-10-06T11:05:40.8769131Z  * [new branch]          codex/4364-minima-qualification -> origin/codex/4364-minima-qualification
stable legacy/public capture	UNKNOWN STEP	2026-10-06T11:05:40.8769698Z  * [new branch]          codex/4366-final-requirements -> origin/codex/4366-final-requirements
stable legacy/public capture	UNKNOWN STEP	2026-10-06T11:05:40.8770126Z  * [new branch]          codex/4373-key-only-count -> origin/codex/4373-key-only-count
stable legacy/public capture	UNKNOWN STEP	2026-10-06T11:05:40.8770496Z  * [new branch]          codex/4374-m0           -> origin/codex/4374-m0
stable legacy/public capture	UNKNOWN STEP	2026-10-06T11:05:40.8770820Z  * [new branch]          codex/4374-m1           -> origin/codex/4374-m1
stable legacy/public capture	UNKNOWN STEP	2026-10-06T11:05:40.8771133Z  * [new branch]          codex/4374-m2           -> origin/codex/4374-m2
stable legacy/public capture	UNKNOWN STEP	2026-10-06T11:05:40.8771538Z  * [new branch]          codex/4376-command-wal-convergence -> origin/codex/4376-command-wal-convergence
stable legacy/public capture	UNKNOWN STEP	2026-10-06T11:05:40.8772001Z  * [new branch]          codex/4379-o1-stats-snapshot -> origin/codex/4379-o1-stats-snapshot
stable legacy/public capture	UNKNOWN STEP	2026-10-06T11:05:40.8772435Z  * [new branch]          codex/4379-o2-stage-attribution -> origin/codex/4379-o2-stage-attribution
stable legacy/public capture	UNKNOWN STEP	2026-10-06T11:05:40.8772879Z  * [new branch]          codex/4379-o2b-column-graph -> origin/codex/4379-o2b-column-graph
stable legacy/public capture	UNKNOWN STEP	2026-10-06T11:05:40.8773322Z  * [new branch]          codex/4380-h1-lifecycle-schema -> origin/codex/4380-h1-lifecycle-schema
stable legacy/public capture	UNKNOWN STEP	2026-10-06T11:05:40.8773804Z  * [new branch]          codex/4380-h2-lifecycle-integration -> origin/codex/4380-h2-lifecycle-integration
stable legacy/public capture	UNKNOWN STEP	2026-10-06T11:05:40.8774232Z  * [new branch]          codex/4382-m1-pr        -> origin/codex/4382-m1-pr
stable legacy/public capture	UNKNOWN STEP	2026-10-06T11:05:40.8774567Z  * [new branch]          codex/4382-m2-pr        -> origin/codex/4382-m2-pr
stable legacy/public capture	UNKNOWN STEP	2026-10-06T11:05:40.8774989Z  * [new branch]          codex/4383-v1-older-root-projection -> origin/codex/4383-v1-older-root-projection
stable legacy/public capture	UNKNOWN STEP	2026-10-06T11:05:40.8775631Z  * [new branch]          codex/4383-v2-current-root-delta -> origin/codex/4383-v2-current-root-delta
stable legacy/public capture	UNKNOWN STEP	2026-10-06T11:05:40.8776181Z  * [new branch]          codex/4394-minima-exact-batch-diagnostics -> origin/codex/4394-minima-exact-batch-diagnostics
stable legacy/public capture	UNKNOWN STEP	2026-10-06T11:05:40.8776728Z  * [new branch]          codex/4400-minima-qdrant-readiness -> origin/codex/4400-minima-qdrant-readiness
stable legacy/public capture	UNKNOWN STEP	2026-10-06T11:05:40.8777338Z  * [new branch]          codex/4404-coalesce-ann-view -> origin/codex/4404-coalesce-ann-view
stable legacy/public capture	UNKNOWN STEP	2026-10-06T11:05:40.8777783Z  * [new branch]          codex/4408-broad-filter-ann -> origin/codex/4408-broad-filter-ann
stable legacy/public capture	UNKNOWN STEP	2026-10-06T11:05:40.8778243Z  * [new branch]          codex/4419-offline-frozen-prefix -> origin/codex/4419-offline-frozen-prefix
stable legacy/public capture	UNKNOWN STEP	2026-10-06T11:05:40.8778707Z  * [new branch]          codex/4420-search-pack-memory -> origin/codex/4420-search-pack-memory
stable legacy/public capture	UNKNOWN STEP	2026-10-06T11:05:40.8779192Z  * [new branch]          codex/4424-minima-phase-attribution -> origin/codex/4424-minima-phase-attribution
stable legacy/public capture	UNKNOWN STEP	2026-10-06T11:05:40.8779659Z  * [new branch]          codex/4425-exact-id-filter -> origin/codex/4425-exact-id-filter
stable legacy/public capture	UNKNOWN STEP	2026-10-06T11:05:40.8780132Z  * [new branch]          codex/4451-bounded-batch-diagnostics -> origin/codex/4451-bounded-batch-diagnostics
stable legacy/public capture	UNKNOWN STEP	2026-10-06T11:05:40.8780657Z  * [new branch]          codex/4458-minima-monotonic-shutdown -> origin/codex/4458-minima-monotonic-shutdown
stable legacy/public capture	UNKNOWN STEP	2026-10-06T11:05:40.8781128Z  * [new branch]          codex/4461-decision-oracle -> origin/codex/4461-decision-oracle
stable legacy/public capture	UNKNOWN STEP	2026-10-06T11:05:40.8781313Z  * [new branch]          codex/4463-minima-aggregate -> origin/codex/4463-minima-aggregate
stable legacy/public capture	UNKNOWN STEP	2026-10-06T11:05:40.8781530Z  * [new branch]          codex/4467-proportional-boundary -> origin/codex/4467-proportional-boundary
stable legacy/public capture	UNKNOWN STEP	2026-10-06T11:05:40.8781746Z  * [new branch]          codex/4470-zipper-revision-scan -> origin/codex/4470-zipper-revision-scan
stable legacy/public capture	UNKNOWN STEP	2026-10-06T11:05:40.8781944Z  * [new branch]          codex/4471-vector-worker-churn -> origin/codex/4471-vector-worker-churn
stable legacy/public capture	UNKNOWN STEP	2026-10-06T11:05:40.8782181Z  * [new branch]          codex/4487-bounded-m8-frozen-prefix -> origin/codex/4487-bounded-m8-frozen-prefix
stable legacy/public capture	UNKNOWN STEP	2026-10-06T11:05:40.8782464Z  * [new branch]          codex/4505-isolate-vector-allocation-gates -> origin/codex/4505-isolate-vector-allocation-gates
stable legacy/public capture	UNKNOWN STEP	2026-10-06T11:05:40.8782643Z  * [new branch]          codex/4506-bigkeys-headroom -> origin/codex/4506-bigkeys-headroom
stable legacy/public capture	UNKNOWN STEP	2026-10-06T11:05:40.8782924Z  * [new branch]          codex/4507-vlog-perf-flakes -> origin/codex/4507-vlog-perf-flakes
stable legacy/public capture	UNKNOWN STEP	2026-10-06T11:05:40.8783153Z  * [new branch]          codex/4508-ingest-callback-headroom -> origin/codex/4508-ingest-callback-headroom
stable legacy/public capture	UNKNOWN STEP	2026-10-06T11:05:40.8783365Z  * [new branch]          codex/4509-catalog-raft-headroom -> origin/codex/4509-catalog-raft-headroom
stable legacy/public capture	UNKNOWN STEP	2026-10-06T11:05:40.8783615Z  * [new branch]          codex/4516-stabilize-age-blocked-test -> origin/codex/4516-stabilize-age-blocked-test
stable legacy/public capture	UNKNOWN STEP	2026-10-06T11:05:40.8783805Z  * [new branch]          codex/4521-presize-adjacency -> origin/codex/4521-presize-adjacency
stable legacy/public capture	UNKNOWN STEP	2026-10-06T11:05:40.8784038Z  * [new branch]          codex/4527-pruning-payload-capacity -> origin/codex/4527-pruning-payload-capacity
stable legacy/public capture	UNKNOWN STEP	2026-10-06T11:05:40.8784295Z  * [new branch]          codex/4529-typed-column-image-capacity -> origin/codex/4529-typed-column-image-capacity
stable legacy/public capture	UNKNOWN STEP	2026-10-06T11:05:40.8784543Z  * [new branch]          codex/4532-offsets-list-image-capacity -> origin/codex/4532-offsets-list-image-capacity
stable legacy/public capture	UNKNOWN STEP	2026-10-06T11:05:40.8784724Z  * [new branch]          codex/4537-windows-core-8 -> origin/codex/4537-windows-core-8
stable legacy/public capture	UNKNOWN STEP	2026-10-06T11:05:40.8784893Z  * [new branch]          codex/4542-matrix-last-use -> origin/codex/4542-matrix-last-use
stable legacy/public capture	UNKNOWN STEP	2026-10-06T11:05:40.8785145Z  * [new branch]          codex/4544-indexed-flush-wal-ownership -> origin/codex/4544-indexed-flush-wal-ownership
stable legacy/public capture	UNKNOWN STEP	2026-10-06T11:05:40.8785431Z  * [new branch]          codex/4545-typed-async-publish -> origin/codex/4545-typed-async-publish
stable legacy/public capture	UNKNOWN STEP	2026-10-06T11:05:40.8785643Z  * [new branch]          codex/4546-bounded-text-profile -> origin/codex/4546-bounded-text-profile
stable legacy/public capture	UNKNOWN STEP	2026-10-06T11:05:40.8785852Z  * [new branch]          codex/4549-command-wal-admission -> origin/codex/4549-command-wal-admission
stable legacy/public capture	UNKNOWN STEP	2026-10-06T11:05:40.8786038Z  * [new branch]          codex/4550-column-plan-lease -> origin/codex/4550-column-plan-lease
stable legacy/public capture	UNKNOWN STEP	2026-10-06T11:05:40.8786289Z  * [new branch]          codex/4558-text-v2-position-validation -> origin/codex/4558-text-v2-position-validation
stable legacy/public capture	UNKNOWN STEP	2026-10-06T11:05:40.8786609Z  * [new branch]          codex/4560-docmap-validation-table -> origin/codex/4560-docmap-validation-table
stable legacy/public capture	UNKNOWN STEP	2026-10-06T11:05:40.8786832Z  * [new branch]          codex/4561-parallel-vlog-prepare -> origin/codex/4561-parallel-vlog-prepare
stable legacy/public capture	UNKNOWN STEP	2026-10-06T11:05:40.8787071Z  * [new branch]          codex/4564-position-validation-map -> origin/codex/4564-position-validation-map
stable legacy/public capture	UNKNOWN STEP	2026-10-06T11:05:40.8787277Z  * [new branch]          codex/4566-posting-field-handoff -> origin/codex/4566-posting-field-handoff
stable legacy/public capture	UNKNOWN STEP	2026-10-06T11:05:40.8787478Z  * [new branch]          codex/4568-compact-typed-units -> origin/codex/4568-compact-typed-units
stable legacy/public capture	UNKNOWN STEP	2026-10-06T11:05:40.8787669Z  * [new branch]          codex/4569-pointerize-primary -> origin/codex/4569-pointerize-primary
stable legacy/public capture	UNKNOWN STEP	2026-10-06T11:05:40.8787860Z  * [new branch]          codex/4572-stripe-vlog-lanes -> origin/codex/4572-stripe-vlog-lanes
stable legacy/public capture	UNKNOWN STEP	2026-10-06T11:05:40.8788043Z  * [new branch]          codex/4574-hot-vlog-writers -> origin/codex/4574-hot-vlog-writers
stable legacy/public capture	UNKNOWN STEP	2026-10-06T11:05:40.8788206Z  * [new branch]          codex/4576-block-parts  -> origin/codex/4576-block-parts
stable legacy/public capture	UNKNOWN STEP	2026-10-06T11:05:40.8788434Z  * [new branch]          codex/4581-noncolumn-retained-json -> origin/codex/4581-noncolumn-retained-json
stable legacy/public capture	UNKNOWN STEP	2026-10-06T11:05:40.8788637Z  * [new branch]          codex/4587-construction-observer -> origin/codex/4587-construction-observer
stable legacy/public capture	UNKNOWN STEP	2026-10-06T11:05:40.8788840Z  * [new branch]          codex/4587-construction-policy -> origin/codex/4587-construction-policy
stable legacy/public capture	UNKNOWN STEP	2026-10-06T11:05:40.8789040Z  * [new branch]          codex/4587-minimal-calibration -> origin/codex/4587-minimal-calibration
stable legacy/public capture	UNKNOWN STEP	2026-10-06T11:05:40.8789215Z  * [new branch]          codex/4587-observer-harness -> origin/codex/4587-observer-harness
stable legacy/public capture	UNKNOWN STEP	2026-10-06T11:05:40.8789385Z  * [new branch]          codex/4588-efc32-minima -> origin/codex/4588-efc32-minima
stable legacy/public capture	UNKNOWN STEP	2026-10-06T11:05:40.8789538Z  * [new branch]          codex/4589-pruning-tail -> origin/codex/4589-pruning-tail
stable legacy/public capture	UNKNOWN STEP	2026-10-06T11:05:40.8789836Z  * [new branch]          codex/4592-prepared-text-state -> origin/codex/4592-prepared-text-state
stable legacy/public capture	UNKNOWN STEP	2026-10-06T11:05:40.8790063Z  * [new branch]          codex/4602-minima-point-read-cache -> origin/codex/4602-minima-point-read-cache
stable legacy/public capture	UNKNOWN STEP	2026-10-06T11:05:40.8790309Z  * [new branch]          codex/4603-minima-verified-read-cache -> origin/codex/4603-minima-verified-read-cache
stable legacy/public capture	UNKNOWN STEP	2026-10-06T11:05:40.8790526Z  * [new branch]          codex/4606-plain-json-projection -> origin/codex/4606-plain-json-projection
stable legacy/public capture	UNKNOWN STEP	2026-10-06T11:05:40.8790755Z  * [new branch]          codex/4606-plain-json-projection-v2 -> origin/codex/4606-plain-json-projection-v2
stable legacy/public capture	UNKNOWN STEP	2026-10-06T11:05:40.8791005Z  * [new branch]          codex/4608-json-projection-one-pass -> origin/codex/4608-json-projection-one-pass
stable legacy/public capture	UNKNOWN STEP	2026-10-06T11:05:40.8791263Z  * [new branch]          codex/4610-native-scalar-bound-matcher -> origin/codex/4610-native-scalar-bound-matcher
stable legacy/public capture	UNKNOWN STEP	2026-10-06T11:05:40.8791481Z  * [new branch]          codex/4612-native-dense-search -> origin/codex/4612-native-dense-search
stable legacy/public capture	UNKNOWN STEP	2026-10-06T11:05:40.8791712Z  * [new branch]          codex/4615-minima-native-contract -> origin/codex/4615-minima-native-contract
stable legacy/public capture	UNKNOWN STEP	2026-10-06T11:05:40.8791903Z  * [new branch]          codex/4616-minima-typed-writes -> origin/codex/4616-minima-typed-writes
stable legacy/public capture	UNKNOWN STEP	2026-10-06T11:05:40.8792153Z  * [new branch]          codex/4617-minima-column-graph-overlay -> origin/codex/4617-minima-column-graph-overlay
stable legacy/public capture	UNKNOWN STEP	2026-10-06T11:05:40.8792423Z  * [new branch]          codex/4618-minima-column-graph-lifecycle -> origin/codex/4618-minima-column-graph-lifecycle
stable legacy/public capture	UNKNOWN STEP	2026-10-06T11:05:40.8792596Z  * [new branch]          codex/4619-250k-bottlenecks -> origin/codex/4619-250k-bottlenecks
stable legacy/public capture	UNKNOWN STEP	2026-10-06T11:05:40.8792825Z  * [new branch]          codex/4619-activation-prefix-union -> origin/codex/4619-activation-prefix-union
stable legacy/public capture	UNKNOWN STEP	2026-10-06T11:05:40.8793015Z  * [new branch]          codex/4619-build-node-capacity -> origin/codex/4619-build-node-capacity
stable legacy/public capture	UNKNOWN STEP	2026-10-06T11:05:40.8793242Z  * [new branch]          codex/4619-catalog-owner-diagnosis -> origin/codex/4619-catalog-owner-diagnosis
stable legacy/public capture	UNKNOWN STEP	2026-10-06T11:05:40.8793524Z  * [new branch]          codex/4619-column-segment-reuse -> origin/codex/4619-column-segment-reuse
stable legacy/public capture	UNKNOWN STEP	2026-10-06T11:05:40.8793700Z  * [new branch]          codex/4619-cosine-distance -> origin/codex/4619-cosine-distance
stable legacy/public capture	UNKNOWN STEP	2026-10-06T11:05:40.8793909Z  * [new branch]          codex/4619-current-materializer -> origin/codex/4619-current-materializer
stable legacy/public capture	UNKNOWN STEP	2026-10-06T11:05:40.8794128Z  * [new branch]          codex/4619-dependency-certificate -> origin/codex/4619-dependency-certificate
stable legacy/public capture	UNKNOWN STEP	2026-10-06T11:05:40.8794378Z  * [new branch]          codex/4619-dependency-manifest-stream -> origin/codex/4619-dependency-manifest-stream
stable legacy/public capture	UNKNOWN STEP	2026-10-06T11:05:40.8794570Z  * [new branch]          codex/4619-filter-membership -> origin/codex/4619-filter-membership
stable legacy/public capture	UNKNOWN STEP	2026-10-06T11:05:40.8794726Z  * [new branch]          codex/4619-filter-reuse -> origin/codex/4619-filter-reuse
stable legacy/public capture	UNKNOWN STEP	2026-10-06T11:05:40.8794916Z  * [new branch]          codex/4619-index-sync-policy -> origin/codex/4619-index-sync-policy
stable legacy/public capture	UNKNOWN STEP	2026-10-06T11:05:40.8795085Z  * [new branch]          codex/4619-manifest-borrow -> origin/codex/4619-manifest-borrow
stable legacy/public capture	UNKNOWN STEP	2026-10-06T11:05:40.8795433Z  * [new branch]          codex/4619-manifest-retention-validation -> origin/codex/4619-manifest-retention-validation
stable legacy/public capture	UNKNOWN STEP	2026-10-06T11:05:40.8795683Z  * [new branch]          codex/4619-minima-full-failure-repair -> origin/codex/4619-minima-full-failure-repair
stable legacy/public capture	UNKNOWN STEP	2026-10-06T11:05:40.8795928Z  * [new branch]          codex/4619-minima-inverse-exact-hit -> origin/codex/4619-minima-inverse-exact-hit
stable legacy/public capture	UNKNOWN STEP	2026-10-06T11:05:40.8796158Z  * [new branch]          codex/4619-minima-measured-harness -> origin/codex/4619-minima-measured-harness
stable legacy/public capture	UNKNOWN STEP	2026-10-06T11:05:40.8796395Z  * [new branch]          codex/4619-minima-typed-public-route -> origin/codex/4619-minima-typed-public-route
stable legacy/public capture	UNKNOWN STEP	2026-10-06T11:05:40.8796604Z  * [new branch]          codex/4619-primary-probe-reuse -> origin/codex/4619-primary-probe-reuse
stable legacy/public capture	UNKNOWN STEP	2026-10-06T11:05:40.8796957Z  * [new branch]          codex/4619-producer-certificate-proof -> origin/codex/4619-producer-certificate-proof
stable legacy/public capture	UNKNOWN STEP	2026-10-06T11:05:40.8797152Z  * [new branch]          codex/4619-scaling-fixtures -> origin/codex/4619-scaling-fixtures
stable legacy/public capture	UNKNOWN STEP	2026-10-06T11:05:40.8797335Z  * [new branch]          codex/4619-short-cosine-dot -> origin/codex/4619-short-cosine-dot
stable legacy/public capture	UNKNOWN STEP	2026-10-06T11:05:40.8797527Z  * [new branch]          codex/4619-single-input-union -> origin/codex/4619-single-input-union
stable legacy/public capture	UNKNOWN STEP	2026-10-06T11:05:40.8797720Z  * [new branch]          codex/4619-source-delete-bulk -> origin/codex/4619-source-delete-bulk
stable legacy/public capture	UNKNOWN STEP	2026-10-06T11:05:40.8797897Z  * [new branch]          codex/4619-typed-ambiguity -> origin/codex/4619-typed-ambiguity
stable legacy/public capture	UNKNOWN STEP	2026-10-06T11:05:40.8798128Z  * [new branch]          codex/4619-visibility-replacement -> origin/codex/4619-visibility-replacement
stable legacy/public capture	UNKNOWN STEP	2026-10-06T11:05:40.8798385Z  * [new branch]          codex/4620-record-failed-full-attempts -> origin/codex/4620-record-failed-full-attempts
stable legacy/public capture	UNKNOWN STEP	2026-10-06T11:05:40.8798631Z  * [new branch]          codex/4627-publication-metadata-reuse -> origin/codex/4627-publication-metadata-reuse
stable legacy/public capture	UNKNOWN STEP	2026-10-06T11:05:40.8798864Z  * [new branch]          codex/4659-filtered-search-latency -> origin/codex/4659-filtered-search-latency
stable legacy/public capture	UNKNOWN STEP	2026-10-06T11:05:40.8799047Z  * [new branch]          codex/4661-filter-navigation -> origin/codex/4661-filter-navigation
stable legacy/public capture	UNKNOWN STEP	2026-10-06T11:05:40.8799206Z  * [new branch]          codex/4662-load-rss     -> origin/codex/4662-load-rss
stable legacy/public capture	UNKNOWN STEP	2026-10-06T11:05:40.8799375Z  * [new branch]          codex/4663-qdrant-ranking -> origin/codex/4663-qdrant-ranking
stable legacy/public capture	UNKNOWN STEP	2026-10-06T11:05:40.8799531Z  * [new branch]          codex/4665-vacuum-lock  -> origin/codex/4665-vacuum-lock
stable legacy/public capture	UNKNOWN STEP	2026-10-06T11:05:40.8799691Z  * [new branch]          codex/4671-fold-arena   -> origin/codex/4671-fold-arena
stable legacy/public capture	UNKNOWN STEP	2026-10-06T11:05:40.8799909Z  * [new branch]          codex/4672-matched-768-rss-harness -> origin/codex/4672-matched-768-rss-harness
stable legacy/public capture	UNKNOWN STEP	2026-10-06T11:05:40.8800093Z  * [new branch]          codex/4672-rss-protocol-v2 -> origin/codex/4672-rss-protocol-v2
stable legacy/public capture	UNKNOWN STEP	2026-10-06T11:05:40.8800459Z  * [new branch]          codex/4677-cold-filter-phase-measurement -> origin/codex/4677-cold-filter-phase-measurement
stable legacy/public capture	UNKNOWN STEP	2026-10-06T11:05:40.8800660Z  * [new branch]          codex/4677-cold-filter-product -> origin/codex/4677-cold-filter-product
stable legacy/public capture	UNKNOWN STEP	2026-10-06T11:05:40.8800927Z  * [new branch]          codex/4684-minima-sq8-filtered-traversal -> origin/codex/4684-minima-sq8-filtered-traversal
stable legacy/public capture	UNKNOWN STEP	2026-10-06T11:05:40.8801271Z  * [new branch]          codex/4684-minima-sq8-filtered-traversal-base-7f211d -> origin/codex/4684-minima-sq8-filtered-traversal-base-7f211d
stable legacy/public capture	UNKNOWN STEP	2026-10-06T11:05:40.8801583Z  * [new branch]          codex/4684-minima-sq8-filtered-traversal-clean -> origin/codex/4684-minima-sq8-filtered-traversal-clean
stable legacy/public capture	UNKNOWN STEP	2026-10-06T11:05:40.8801849Z  * [new branch]          codex/4685-minima-typed-quantized-rerank -> origin/codex/4685-minima-typed-quantized-rerank
stable legacy/public capture	UNKNOWN STEP	2026-10-06T11:05:40.8802027Z  * [new branch]          codex/4685-q2-format-repair -> origin/codex/4685-q2-format-repair
stable legacy/public capture	UNKNOWN STEP	2026-10-06T11:05:40.8802208Z  * [new branch]          codex/4685-q2-repair-final -> origin/codex/4685-q2-repair-final
stable legacy/public capture	UNKNOWN STEP	2026-10-06T11:05:40.8802497Z  * [new branch]          codex/4686-minima-transport-quantized-rerank -> origin/codex/4686-minima-transport-quantized-rerank
stable legacy/public capture	UNKNOWN STEP	2026-10-06T11:05:40.8802731Z  * [new branch]          codex/4686-public-quantized-rerank -> origin/codex/4686-public-quantized-rerank
stable legacy/public capture	UNKNOWN STEP	2026-10-06T11:05:40.8802954Z  * [new branch]          codex/4687-fp32-readiness-contract -> origin/codex/4687-fp32-readiness-contract
stable legacy/public capture	UNKNOWN STEP	2026-10-06T11:05:40.8803160Z  * [new branch]          codex/4687-legacy-work-contract -> origin/codex/4687-legacy-work-contract
stable legacy/public capture	UNKNOWN STEP	2026-10-06T11:05:40.8803356Z  * [new branch]          codex/4687-minima-sq8-harness -> origin/codex/4687-minima-sq8-harness
stable legacy/public capture	UNKNOWN STEP	2026-10-06T11:05:40.8803555Z  * [new branch]          codex/4687-q5-baseline-contract -> origin/codex/4687-q5-baseline-contract
stable legacy/public capture	UNKNOWN STEP	2026-10-06T11:05:40.8803777Z  * [new branch]          codex/4687-q5-cross-base-preflight -> origin/codex/4687-q5-cross-base-preflight
stable legacy/public capture	UNKNOWN STEP	2026-10-06T11:05:40.8804069Z  * [new branch]          codex/4687-q5-freeze-hardening -> origin/codex/4687-q5-freeze-hardening
stable legacy/public capture	UNKNOWN STEP	2026-10-06T11:05:40.8804256Z  * [new branch]          codex/4687-rss-contract-type -> origin/codex/4687-rss-contract-type
stable legacy/public capture	UNKNOWN STEP	2026-10-06T11:05:40.8804439Z  * [new branch]          codex/4709-no-wal-vlog-delta -> origin/codex/4709-no-wal-vlog-delta
stable legacy/public capture	UNKNOWN STEP	2026-10-06T11:05:40.8804618Z  * [new branch]          codex/4714-native-python-v11 -> origin/codex/4714-native-python-v11
stable legacy/public capture	UNKNOWN STEP	2026-10-06T11:05:40.8804868Z  * [new branch]          codex/4723-contract-packed-baseline -> origin/codex/4723-contract-packed-baseline
stable legacy/public capture	UNKNOWN STEP	2026-10-06T11:05:40.8805074Z  * [new branch]          codex/4724-one-plane-sq8-packed -> origin/codex/4724-one-plane-sq8-packed
stable legacy/public capture	UNKNOWN STEP	2026-10-06T11:05:40.8805377Z  * [new branch]          codex/4725-native-v4-production -> origin/codex/4725-native-v4-production
stable legacy/public capture	UNKNOWN STEP	2026-10-06T11:05:40.8805653Z  * [new branch]          codex/4726-correct-offline-qualification -> origin/codex/4726-correct-offline-qualification
stable legacy/public capture	UNKNOWN STEP	2026-10-06T11:05:40.8805880Z  * [new branch]          codex/4730-leaf-sequence-authority -> origin/codex/4730-leaf-sequence-authority
stable legacy/public capture	UNKNOWN STEP	2026-10-06T11:05:40.8806127Z  * [new branch]          codex/4736-live-inventory-accounting -> origin/codex/4736-live-inventory-accounting
stable legacy/public capture	UNKNOWN STEP	2026-10-06T11:05:40.8806391Z  * [new branch]          codex/4738-rebuild-checkpoint-lock-order -> origin/codex/4738-rebuild-checkpoint-lock-order
stable legacy/public capture	UNKNOWN STEP	2026-10-06T11:05:40.8806605Z  * [new branch]          codex/4744-coverage-no-coarsening -> origin/codex/4744-coverage-no-coarsening
stable legacy/public capture	UNKNOWN STEP	2026-10-06T11:05:40.8806809Z  * [new branch]          codex/4758-exact-catalog-reuse -> origin/codex/4758-exact-catalog-reuse
stable legacy/public capture	UNKNOWN STEP	2026-10-06T11:05:40.8807040Z  * [new branch]          codex/4759-native-query-single-pass -> origin/codex/4759-native-query-single-pass
stable legacy/public capture	UNKNOWN STEP	2026-10-06T11:05:40.8807237Z  * [new branch]          codex/4819-engine-preparation -> origin/codex/4819-engine-preparation
stable legacy/public capture	UNKNOWN STEP	2026-10-06T11:05:40.8807454Z  * [new branch]          codex/4863-mvcc-durable-singleton -> origin/codex/4863-mvcc-durable-singleton
stable legacy/public capture	UNKNOWN STEP	2026-10-06T11:05:40.8807733Z  * [new branch]          codex/4864-adaptive-sampling -> origin/codex/4864-adaptive-sampling
stable legacy/public capture	UNKNOWN STEP	2026-10-06T11:05:40.8807910Z  * [new branch]          codex/4872-mvcc-baseline -> origin/codex/4872-mvcc-baseline
stable legacy/public capture	UNKNOWN STEP	2026-10-06T11:05:40.8808079Z  * [new branch]          codex/4873-mvcc-exact-key -> origin/codex/4873-mvcc-exact-key
stable legacy/public capture	UNKNOWN STEP	2026-10-06T11:05:40.8808255Z  * [new branch]          codex/4874-mvcc-owned-view -> origin/codex/4874-mvcc-owned-view
stable legacy/public capture	UNKNOWN STEP	2026-10-06T11:05:40.8808475Z  * [new branch]          codex/4903-persistent-flake-fixes -> origin/codex/4903-persistent-flake-fixes
stable legacy/public capture	UNKNOWN STEP	2026-10-06T11:05:40.8808657Z  * [new branch]          codex/4904-fixture-endpoints -> origin/codex/4904-fixture-endpoints
stable legacy/public capture	UNKNOWN STEP	2026-10-06T11:05:40.8808872Z  * [new branch]          codex/4905-maintenance-retention -> origin/codex/4905-maintenance-retention
stable legacy/public capture	UNKNOWN STEP	2026-10-06T11:05:40.8809100Z  * [new branch]          codex/4906-brq-allocation-isolation -> origin/codex/4906-brq-allocation-isolation
stable legacy/public capture	UNKNOWN STEP	2026-10-06T11:05:40.8809315Z  * [new branch]          codex/4909-compaction-coalescing -> origin/codex/4909-compaction-coalescing
stable legacy/public capture	UNKNOWN STEP	2026-10-06T11:05:40.8809510Z  * [new branch]          codex/4929-listener-ownership -> origin/codex/4929-listener-ownership
stable legacy/public capture	UNKNOWN STEP	2026-10-06T11:05:40.8809706Z  * [new branch]          codex/4979-quicksilver-generic -> origin/codex/4979-quicksilver-generic
stable legacy/public capture	UNKNOWN STEP	2026-10-06T11:05:40.8809901Z  * [new branch]          codex/4980-authoritative-fast -> origin/codex/4980-authoritative-fast
stable legacy/public capture	UNKNOWN STEP	2026-10-06T11:05:40.8810094Z  * [new branch]          codex/4981-quicksilver-capture -> origin/codex/4981-quicksilver-capture
stable legacy/public capture	UNKNOWN STEP	2026-10-06T11:05:40.8810345Z  * [new branch]          codex/4983-quicksilver-final-evidence -> origin/codex/4983-quicksilver-final-evidence
stable legacy/public capture	UNKNOWN STEP	2026-10-06T11:05:40.8810557Z  * [new branch]          codex/4987-owned-snapshot-append -> origin/codex/4987-owned-snapshot-append
stable legacy/public capture	UNKNOWN STEP	2026-10-06T11:05:40.8810856Z  * [new branch]          codex/4988-compressed-group-cap -> origin/codex/4988-compressed-group-cap
stable legacy/public capture	UNKNOWN STEP	2026-10-06T11:05:40.8811107Z  * [new branch]          codex/4991-additive-raw-dependencies -> origin/codex/4991-additive-raw-dependencies
stable legacy/public capture	UNKNOWN STEP	2026-10-06T11:05:40.8811398Z  * [new branch]          codex/5003-quicksilver-space-memory-evidence -> origin/codex/5003-quicksilver-space-memory-evidence
stable legacy/public capture	UNKNOWN STEP	2026-10-06T11:05:40.8811611Z  * [new branch]          codex/5004-grouped-frame-offsets -> origin/codex/5004-grouped-frame-offsets
stable legacy/public capture	UNKNOWN STEP	2026-10-06T11:05:40.8811869Z  * [new branch]          codex/5005-quicksilver-retained-verify -> origin/codex/5005-quicksilver-retained-verify
stable legacy/public capture	UNKNOWN STEP	2026-10-06T11:05:40.8812130Z  * [new branch]          codex/5008-quicksilver-maintenance-churn -> origin/codex/5008-quicksilver-maintenance-churn
stable legacy/public capture	UNKNOWN STEP	2026-10-06T11:05:40.8812367Z  * [new branch]          codex/5010-snapshot-namespace-epoch -> origin/codex/5010-snapshot-namespace-epoch
stable legacy/public capture	UNKNOWN STEP	2026-10-06T11:05:40.8812564Z  * [new branch]          codex/5011-native-prune-harness -> origin/codex/5011-native-prune-harness
stable legacy/public capture	UNKNOWN STEP	2026-10-06T11:05:40.8812776Z  * [new branch]          codex/5015-rewrite-exact-closure -> origin/codex/5015-rewrite-exact-closure
stable legacy/public capture	UNKNOWN STEP	2026-10-06T11:05:40.8812954Z  * [new branch]          codex/5016-certified-prune -> origin/codex/5016-certified-prune
stable legacy/public capture	UNKNOWN STEP	2026-10-06T11:05:40.8813178Z  * [new branch]          codex/5019-native-lifecycle-harness -> origin/codex/5019-native-lifecycle-harness
stable legacy/public capture	UNKNOWN STEP	2026-10-06T11:05:40.8813368Z  * [new branch]          codex/5021-checkpoint-window -> origin/codex/5021-checkpoint-window
stable legacy/public capture	UNKNOWN STEP	2026-10-06T11:05:40.8813565Z  * [new branch]          codex/5021-sustained-harness-v1 -> origin/codex/5021-sustained-harness-v1
stable legacy/public capture	UNKNOWN STEP	2026-10-06T11:05:40.8813758Z  * [new branch]          codex/5021-sustained-mixed-v1 -> origin/codex/5021-sustained-mixed-v1
stable legacy/public capture	UNKNOWN STEP	2026-10-06T11:05:40.8813993Z  * [new branch]          codex/5031-quicksilver-qualification -> origin/codex/5031-quicksilver-qualification
stable legacy/public capture	UNKNOWN STEP	2026-10-06T11:05:40.8814191Z  * [new branch]          codex/5035-matched-maintenance -> origin/codex/5035-matched-maintenance
stable legacy/public capture	UNKNOWN STEP	2026-10-06T11:05:40.8814533Z  * [new branch]          codex/5036-native-foreground-retained -> origin/codex/5036-native-foreground-retained
stable legacy/public capture	UNKNOWN STEP	2026-10-06T11:05:40.8814712Z  * [new branch]          codex/5050-ci-impact-shadow -> origin/codex/5050-ci-impact-shadow
stable legacy/public capture	UNKNOWN STEP	2026-10-06T11:05:40.8814878Z  * [new branch]          codex/5057-row-contract -> origin/codex/5057-row-contract
stable legacy/public capture	UNKNOWN STEP	2026-10-06T11:05:40.8815031Z  * [new branch]          codex/5058-row-reads    -> origin/codex/5058-row-reads
stable legacy/public capture	UNKNOWN STEP	2026-10-06T11:05:40.8815367Z  * [new branch]          codex/5059-mutation-size-sweep -> origin/codex/5059-mutation-size-sweep
stable legacy/public capture	UNKNOWN STEP	2026-10-06T11:05:40.8815573Z  * [new branch]          codex/5059-row-mutations -> origin/codex/5059-row-mutations
stable legacy/public capture	UNKNOWN STEP	2026-10-06T11:05:40.8815729Z  * [new branch]          codex/5060-row-lifecycle -> origin/codex/5060-row-lifecycle
stable legacy/public capture	UNKNOWN STEP	2026-10-06T11:05:40.8815943Z  * [new branch]          codex/5066-lifecycle-maintenance -> origin/codex/5066-lifecycle-maintenance
stable legacy/public capture	UNKNOWN STEP	2026-10-06T11:05:40.8816145Z  * [new branch]          codex/5068-matched-fixed-layout -> origin/codex/5068-matched-fixed-layout
stable legacy/public capture	UNKNOWN STEP	2026-10-06T11:05:40.8816331Z  * [new branch]          codex/768-benchmark-harness -> origin/codex/768-benchmark-harness
stable legacy/public capture	UNKNOWN STEP	2026-10-06T11:05:40.8816545Z  * [new branch]          codex/768-benchmark-harness-main -> origin/codex/768-benchmark-harness-main
stable legacy/public capture	UNKNOWN STEP	2026-10-06T11:05:40.8816790Z  * [new branch]          codex/768-matched-performance-profile -> origin/codex/768-matched-performance-profile
stable legacy/public capture	UNKNOWN STEP	2026-10-06T11:05:40.8816997Z  * [new branch]          codex/768-search-admission-main -> origin/codex/768-search-admission-main
stable legacy/public capture	UNKNOWN STEP	2026-10-06T11:05:40.8817183Z  * [new branch]          codex/768-tracker-repair-main -> origin/codex/768-tracker-repair-main
stable legacy/public capture	UNKNOWN STEP	2026-10-06T11:05:40.8817475Z  * [new branch]          codex/948-debt-ledger-commit-path-authority -> origin/codex/948-debt-ledger-commit-path-authority
stable legacy/public capture	UNKNOWN STEP	2026-10-06T11:05:40.8817680Z  * [new branch]          codex/948-debt-ledger-ref-reads -> origin/codex/948-debt-ledger-ref-reads
stable legacy/public capture	UNKNOWN STEP	2026-10-06T11:05:40.8817994Z  * [new branch]          codex/948-debt-ledger-scaffold -> origin/codex/948-debt-ledger-scaffold
stable legacy/public capture	UNKNOWN STEP	2026-10-06T11:05:40.8818239Z  * [new branch]          codex/948-durable-debt-ledger-state -> origin/codex/948-durable-debt-ledger-state
stable legacy/public capture	UNKNOWN STEP	2026-10-06T11:05:40.8818500Z  * [new branch]          codex/948-leafref-rewrite-observability -> origin/codex/948-leafref-rewrite-observability
stable legacy/public capture	UNKNOWN STEP	2026-10-06T11:05:40.8818749Z  * [new branch]          codex/948-locator-backed-rewrite-scan -> origin/codex/948-locator-backed-rewrite-scan
stable legacy/public capture	UNKNOWN STEP	2026-10-06T11:05:40.8818976Z  * [new branch]          codex/948-locator-catalog-scaffold -> origin/codex/948-locator-catalog-scaffold
stable legacy/public capture	UNKNOWN STEP	2026-10-06T11:05:40.8819230Z  * [new branch]          codex/948-locator-commit-path-authority -> origin/codex/948-locator-commit-path-authority
stable legacy/public capture	UNKNOWN STEP	2026-10-06T11:05:40.8819459Z  * [new branch]          codex/948-planner-from-debt-ledger -> origin/codex/948-planner-from-debt-ledger
stable legacy/public capture	UNKNOWN STEP	2026-10-06T11:05:40.8819645Z  * [new branch]          codex/948-rewrite-accounting -> origin/codex/948-rewrite-accounting
stable legacy/public capture	UNKNOWN STEP	2026-10-06T11:05:40.8819890Z  * [new branch]          codex/948-rewrite-penalty-followups -> origin/codex/948-rewrite-penalty-followups
stable legacy/public capture	UNKNOWN STEP	2026-10-06T11:05:40.8820224Z  * [new branch]          codex/948-skip-leafref-traversal-nonleaf-sources -> origin/codex/948-skip-leafref-traversal-nonleaf-sources
stable legacy/public capture	UNKNOWN STEP	2026-10-06T11:05:40.8820422Z  * [new branch]          codex/948-stale-plan-tail-fill -> origin/codex/948-stale-plan-tail-fill
stable legacy/public capture	UNKNOWN STEP	2026-10-06T11:05:40.8820635Z  * [new branch]          codex/acquire-snapshot-noalloc -> origin/codex/acquire-snapshot-noalloc
stable legacy/public capture	UNKNOWN STEP	2026-10-06T11:05:40.8820927Z  * [new branch]          codex/adaptive-delete-append-only-followup -> origin/codex/adaptive-delete-append-only-followup
stable legacy/public capture	UNKNOWN STEP	2026-10-06T11:05:40.8821134Z  * [new branch]          codex/adaptive-update-combiner -> origin/codex/adaptive-update-combiner
stable legacy/public capture	UNKNOWN STEP	2026-10-06T11:05:40.8821397Z  * [new branch]          codex/append-only-compact-entry-layout -> origin/codex/append-only-compact-entry-layout
stable legacy/public capture	UNKNOWN STEP	2026-10-06T11:05:40.8821746Z  * [new branch]          codex/append-only-compact-entry-mainline -> origin/codex/append-only-compact-entry-mainline
stable legacy/public capture	UNKNOWN STEP	2026-10-06T11:05:40.8821948Z  * [new branch]          codex/append-only-entry-hint -> origin/codex/append-only-entry-hint
stable legacy/public capture	UNKNOWN STEP	2026-10-06T11:05:40.8822184Z  * [new branch]          codex/append-only-entry-slice-reuse -> origin/codex/append-only-entry-slice-reuse
stable legacy/public capture	UNKNOWN STEP	2026-10-06T11:05:40.8822422Z  * [new branch]          codex/append-only-lazy-latest-index -> origin/codex/append-only-lazy-latest-index
stable legacy/public capture	UNKNOWN STEP	2026-10-06T11:05:40.8822702Z  * [new branch]          codex/append-only-predictive-growth-hint -> origin/codex/append-only-predictive-growth-hint
stable legacy/public capture	UNKNOWN STEP	2026-10-06T11:05:40.8822967Z  * [new branch]          codex/append-only-repeated-value-dedupe -> origin/codex/append-only-repeated-value-dedupe
stable legacy/public capture	UNKNOWN STEP	2026-10-06T11:05:40.8823227Z  * [new branch]          codex/appendonly-commandwal-view-lease -> origin/codex/appendonly-commandwal-view-lease
stable legacy/public capture	UNKNOWN STEP	2026-10-06T11:05:40.8823429Z  * [new branch]          codex/async-indexed-flush-1132 -> origin/codex/async-indexed-flush-1132
stable legacy/public capture	UNKNOWN STEP	2026-10-06T11:05:40.8823672Z  * [new branch]          codex/avoid-readappend-double-copy -> origin/codex/avoid-readappend-double-copy
stable legacy/public capture	UNKNOWN STEP	2026-10-06T11:05:40.8823938Z  * [new branch]          codex/avoid-recopying-owned-get-results -> origin/codex/avoid-recopying-owned-get-results
stable legacy/public capture	UNKNOWN STEP	2026-10-06T11:05:40.8824161Z  * [new branch]          codex/batch-repeated-value-dedupe -> origin/codex/batch-repeated-value-dedupe
stable legacy/public capture	UNKNOWN STEP	2026-10-06T11:05:40.8824467Z  * [new branch]          codex/bench-current-candidate-insert-profile -> origin/codex/bench-current-candidate-insert-profile
stable legacy/public capture	UNKNOWN STEP	2026-10-06T11:05:40.8824670Z  * [new branch]          codex/benchmark-report-clarity -> origin/codex/benchmark-report-clarity
stable legacy/public capture	UNKNOWN STEP	2026-10-06T11:05:40.8824902Z  * [new branch]          codex/benchmark-report-run-compare -> origin/codex/benchmark-report-run-compare
stable legacy/public capture	UNKNOWN STEP	2026-10-06T11:05:40.8825089Z  * [new branch]          codex/bson-set-index-delta -> origin/codex/bson-set-index-delta
stable legacy/public capture	UNKNOWN STEP	2026-10-06T11:05:40.8825556Z  * [new branch]          codex/bson-set-replacement-fastpath -> origin/codex/bson-set-replacement-fastpath
stable legacy/public capture	UNKNOWN STEP	2026-10-06T11:05:40.8825870Z  * [new branch]          codex/btree-adaptive-split-sibling-capacity -> origin/codex/btree-adaptive-split-sibling-capacity
stable legacy/public capture	UNKNOWN STEP	2026-10-06T11:05:40.8826068Z  * [new branch]          codex/btree-arena-chunk-pool -> origin/codex/btree-arena-chunk-pool
stable legacy/public capture	UNKNOWN STEP	2026-10-06T11:05:40.8826287Z  * [new branch]          codex/btree-combined-entry-copy -> origin/codex/btree-combined-entry-copy
stable legacy/public capture	UNKNOWN STEP	2026-10-06T11:05:40.8826509Z  * [new branch]          codex/btree-compact-entry-layout -> origin/codex/btree-compact-entry-layout
stable legacy/public capture	UNKNOWN STEP	2026-10-06T11:05:40.8826715Z  * [new branch]          codex/btree-copy-adaptive-arena -> origin/codex/btree-copy-adaptive-arena
stable legacy/public capture	UNKNOWN STEP	2026-10-06T11:05:40.8826924Z  * [new branch]          codex/btree-copy-index-applier -> origin/codex/btree-copy-index-applier
stable legacy/public capture	UNKNOWN STEP	2026-10-06T11:05:40.8827123Z  * [new branch]          codex/btree-direct-leaf-split -> origin/codex/btree-direct-leaf-split
stable legacy/public capture	UNKNOWN STEP	2026-10-06T11:05:40.8827320Z  * [new branch]          codex/btree-leaf-item-arena -> origin/codex/btree-leaf-item-arena
stable legacy/public capture	UNKNOWN STEP	2026-10-06T11:05:40.8827516Z  * [new branch]          codex/btree-leaf-split-slices -> origin/codex/btree-leaf-split-slices
stable legacy/public capture	UNKNOWN STEP	2026-10-06T11:05:40.8827692Z  * [new branch]          codex/btree-load-fast-path -> origin/codex/btree-load-fast-path
stable legacy/public capture	UNKNOWN STEP	2026-10-06T11:05:40.8827932Z  * [new branch]          codex/btree-memtable-balanced-perf -> origin/codex/btree-memtable-balanced-perf
stable legacy/public capture	UNKNOWN STEP	2026-10-06T11:05:40.8828149Z  * [new branch]          codex/btree-right-split-capacity -> origin/codex/btree-right-split-capacity
stable legacy/public capture	UNKNOWN STEP	2026-10-06T11:05:40.8828379Z  * [new branch]          codex/btree-split-insert-capacity -> origin/codex/btree-split-insert-capacity
stable legacy/public capture	UNKNOWN STEP	2026-10-06T11:05:40.8828611Z  * [new branch]          codex/btree-stable-flush-streaming -> origin/codex/btree-stable-flush-streaming
stable legacy/public capture	UNKNOWN STEP	2026-10-06T11:05:40.8828873Z  * [new branch]          codex/buffered-index-tombstone-overlay -> origin/codex/buffered-index-tombstone-overlay
stable legacy/public capture	UNKNOWN STEP	2026-10-06T11:05:40.8829202Z  * [new branch]          codex/buffered-indexed-run-cap -> origin/codex/buffered-indexed-run-cap
stable legacy/public capture	UNKNOWN STEP	2026-10-06T11:05:40.8829420Z  * [new branch]          codex/buffered-primary-run-index -> origin/codex/buffered-primary-run-index
stable legacy/public capture	UNKNOWN STEP	2026-10-06T11:05:40.8829641Z  * [new branch]          codex/buffered-unique-index-miss -> origin/codex/buffered-unique-index-miss
stable legacy/public capture	UNKNOWN STEP	2026-10-06T11:05:40.8829884Z  * [new branch]          codex/buffered-update-batch-staging -> origin/codex/buffered-update-batch-staging
stable legacy/public capture	UNKNOWN STEP	2026-10-06T11:05:40.8830141Z  * [new branch]          codex/buffered-update-overlay-planning -> origin/codex/buffered-update-overlay-planning
stable legacy/public capture	UNKNOWN STEP	2026-10-06T11:05:40.8830388Z  * [new branch]          codex/buffered-update-planning-index -> origin/codex/buffered-update-planning-index
stable legacy/public capture	UNKNOWN STEP	2026-10-06T11:05:40.8830614Z  * [new branch]          codex/bump-compress-builddict-fix -> origin/codex/bump-compress-builddict-fix
stable legacy/public capture	UNKNOWN STEP	2026-10-06T11:05:40.8830852Z  * [new branch]          codex/bump-compress-dict-workspace -> origin/codex/bump-compress-dict-workspace
stable legacy/public capture	UNKNOWN STEP	2026-10-06T11:05:40.8831110Z  * [new branch]          codex/cached-read-vlog-alloc-cleanups -> origin/codex/cached-read-vlog-alloc-cleanups
stable legacy/public capture	UNKNOWN STEP	2026-10-06T11:05:40.8831331Z  * [new branch]          codex/cached-vlog-rewrite-reclaim -> origin/codex/cached-vlog-rewrite-reclaim
stable legacy/public capture	UNKNOWN STEP	2026-10-06T11:05:40.8831577Z  * [new branch]          codex/celestia-decision-tree-summary -> origin/codex/celestia-decision-tree-summary
stable legacy/public capture	UNKNOWN STEP	2026-10-06T11:05:40.8831820Z  * [new branch]          codex/checkpoint-read-profile-allocs -> origin/codex/checkpoint-read-profile-allocs
stable legacy/public capture	UNKNOWN STEP	2026-10-06T11:05:40.8832017Z  * [new branch]          codex/ci-flakes-bigkeys-raft -> origin/codex/ci-flakes-bigkeys-raft
stable legacy/public capture	UNKNOWN STEP	2026-10-06T11:05:40.8832223Z  * [new branch]          codex/ci-rebalance-slow-shards -> origin/codex/ci-rebalance-slow-shards
stable legacy/public capture	UNKNOWN STEP	2026-10-06T11:05:40.8832443Z  * [new branch]          codex/ci-walltime-weighted-shards -> origin/codex/ci-walltime-weighted-shards
stable legacy/public capture	UNKNOWN STEP	2026-10-06T11:05:40.8832825Z  * [new branch]          codex/cohere10m-lifecycle-docs-20260901 -> origin/codex/cohere10m-lifecycle-docs-20260901
stable legacy/public capture	UNKNOWN STEP	2026-10-06T11:05:40.8833061Z  * [new branch]          codex/colgranule-aggregate-kernels -> origin/codex/colgranule-aggregate-kernels
stable legacy/public capture	UNKNOWN STEP	2026-10-06T11:05:40.8833309Z  * [new branch]          codex/colgranule-aggregate-metadata -> origin/codex/colgranule-aggregate-metadata
stable legacy/public capture	UNKNOWN STEP	2026-10-06T11:05:40.8833585Z  * [new branch]          codex/colgranule-dense-jsonbench-kernels -> origin/codex/colgranule-dense-jsonbench-kernels
stable legacy/public capture	UNKNOWN STEP	2026-10-06T11:05:40.8833779Z  * [new branch]          codex/colgranule-granule-core -> origin/codex/colgranule-granule-core
stable legacy/public capture	UNKNOWN STEP	2026-10-06T11:05:40.8834052Z  * [new branch]          codex/colgranule-jsonbench-encoded-parts -> origin/codex/colgranule-jsonbench-encoded-parts
stable legacy/public capture	UNKNOWN STEP	2026-10-06T11:05:40.8834308Z  * [new branch]          codex/colgranule-m10a-publish-plan-api -> origin/codex/colgranule-m10a-publish-plan-api
stable legacy/public capture	UNKNOWN STEP	2026-10-06T11:05:40.8834563Z  * [new branch]          codex/colgranule-m10b-root-publication -> origin/codex/colgranule-m10b-root-publication
stable legacy/public capture	UNKNOWN STEP	2026-10-06T11:05:40.8834826Z  * [new branch]          codex/colgranule-m10c-recovery-parity -> origin/codex/colgranule-m10c-recovery-parity
stable legacy/public capture	UNKNOWN STEP	2026-10-06T11:05:40.8835098Z  * [new branch]          codex/colgranule-m11a-native-column-bench -> origin/codex/colgranule-m11a-native-column-bench
stable legacy/public capture	UNKNOWN STEP	2026-10-06T11:05:40.8835525Z  * [new branch]          codex/colgranule-m11b-planner-skipscan -> origin/codex/colgranule-m11b-planner-skipscan
stable legacy/public capture	UNKNOWN STEP	2026-10-06T11:05:40.8835790Z  * [new branch]          codex/colgranule-m11b-skipscan-span-fix -> origin/codex/colgranule-m11b-skipscan-span-fix
stable legacy/public capture	UNKNOWN STEP	2026-10-06T11:05:40.8836091Z  * [new branch]          codex/colgranule-m12a-physical-asset-writer -> origin/codex/colgranule-m12a-physical-asset-writer
stable legacy/public capture	UNKNOWN STEP	2026-10-06T11:05:40.8836381Z  * [new branch]          codex/colgranule-m12b-write-support-matrix -> origin/codex/colgranule-m12b-write-support-matrix
stable legacy/public capture	UNKNOWN STEP	2026-10-06T11:05:40.8836625Z  * [new branch]          codex/colgranule-m12c-mutation-assets -> origin/codex/colgranule-m12c-mutation-assets
stable legacy/public capture	UNKNOWN STEP	2026-10-06T11:05:40.8837016Z  * [new branch]          codex/colgranule-m13a-serial-scanner -> origin/codex/colgranule-m13a-serial-scanner
stable legacy/public capture	UNKNOWN STEP	2026-10-06T11:05:40.8837260Z  * [new branch]          codex/colgranule-m13b-query-adapter -> origin/codex/colgranule-m13b-query-adapter
stable legacy/public capture	UNKNOWN STEP	2026-10-06T11:05:40.8837490Z  * [new branch]          codex/colgranule-m13c-visibility -> origin/codex/colgranule-m13c-visibility
stable legacy/public capture	UNKNOWN STEP	2026-10-06T11:05:40.8837818Z  * [new branch]          codex/colgranule-m13c-visibility-reconstruction -> origin/codex/colgranule-m13c-visibility-reconstruction
stable legacy/public capture	UNKNOWN STEP	2026-10-06T11:05:40.8838102Z  * [new branch]          codex/colgranule-m14a-planner-capabilities -> origin/codex/colgranule-m14a-planner-capabilities
stable legacy/public capture	UNKNOWN STEP	2026-10-06T11:05:40.8838369Z  * [new branch]          codex/colgranule-m14b-physical-routing -> origin/codex/colgranule-m14b-physical-routing
stable legacy/public capture	UNKNOWN STEP	2026-10-06T11:05:40.8838627Z  * [new branch]          codex/colgranule-m14c-closeout-evidence -> origin/codex/colgranule-m14c-closeout-evidence
stable legacy/public capture	UNKNOWN STEP	2026-10-06T11:05:40.8838957Z  * [new branch]          codex/colgranule-m15a-column-asset-reachability -> origin/codex/colgranule-m15a-column-asset-reachability
stable legacy/public capture	UNKNOWN STEP	2026-10-06T11:05:40.8839210Z  * [new branch]          codex/colgranule-m15b-column-asset-gc -> origin/codex/colgranule-m15b-column-asset-gc
stable legacy/public capture	UNKNOWN STEP	2026-10-06T11:05:40.8839488Z  * [new branch]          codex/colgranule-m15c-column-asset-rewrite -> origin/codex/colgranule-m15c-column-asset-rewrite
stable legacy/public capture	UNKNOWN STEP	2026-10-06T11:05:40.8839757Z  * [new branch]          codex/colgranule-m1c-byte-accounting -> origin/codex/colgranule-m1c-byte-accounting
stable legacy/public capture	UNKNOWN STEP	2026-10-06T11:05:40.8839969Z  * [new branch]          codex/colgranule-m1d-part-image -> origin/codex/colgranule-m1d-part-image
stable legacy/public capture	UNKNOWN STEP	2026-10-06T11:05:40.8840181Z  * [new branch]          codex/colgranule-m2-tcs1-assets -> origin/codex/colgranule-m2-tcs1-assets
stable legacy/public capture	UNKNOWN STEP	2026-10-06T11:05:40.8840415Z  * [new branch]          codex/colgranule-m3-disk-workspace -> origin/codex/colgranule-m3-disk-workspace
stable legacy/public capture	UNKNOWN STEP	2026-10-06T11:05:40.8840762Z  * [new branch]          codex/colgranule-m6-asset-lifecycle -> origin/codex/colgranule-m6-asset-lifecycle
stable legacy/public capture	UNKNOWN STEP	2026-10-06T11:05:40.8841049Z  * [new branch]          codex/colgranule-m6-asset-lifecycle-stack -> origin/codex/colgranule-m6-asset-lifecycle-stack
stable legacy/public capture	UNKNOWN STEP	2026-10-06T11:05:40.8841317Z  * [new branch]          codex/colgranule-m6-binary-control-plane -> origin/codex/colgranule-m6-binary-control-plane
stable legacy/public capture	UNKNOWN STEP	2026-10-06T11:05:40.8841636Z  * [new branch]          codex/colgranule-m6-binary-control-plane-views -> origin/codex/colgranule-m6-binary-control-plane-views
stable legacy/public capture	UNKNOWN STEP	2026-10-06T11:05:40.8841903Z  * [new branch]          codex/colgranule-m7-control-plane-bridge -> origin/codex/colgranule-m7-control-plane-bridge
stable legacy/public capture	UNKNOWN STEP	2026-10-06T11:05:40.8842207Z  * [new branch]          codex/colgranule-m8a-mutation-locator-profile -> origin/codex/colgranule-m8a-mutation-locator-profile
stable legacy/public capture	UNKNOWN STEP	2026-10-06T11:05:40.8842458Z  * [new branch]          codex/colgranule-m8b-locator-deferral -> origin/codex/colgranule-m8b-locator-deferral
stable legacy/public capture	UNKNOWN STEP	2026-10-06T11:05:40.8842738Z  * [new branch]          codex/colgranule-m9-1594-integration-base -> origin/codex/colgranule-m9-1594-integration-base
stable legacy/public capture	UNKNOWN STEP	2026-10-06T11:05:40.8843070Z  * [new branch]          codex/colgranule-m9b-lifecycle-durability-closure -> origin/codex/colgranule-m9b-lifecycle-durability-closure
stable legacy/public capture	UNKNOWN STEP	2026-10-06T11:05:40.8843373Z  * [new branch]          codex/colgranule-m9c-control-plane-durability -> origin/codex/colgranule-m9c-control-plane-durability
stable legacy/public capture	UNKNOWN STEP	2026-10-06T11:05:40.8843663Z  * [new branch]          codex/colgranule-m9d-replay-profile-contract -> origin/codex/colgranule-m9d-replay-profile-contract
stable legacy/public capture	UNKNOWN STEP	2026-10-06T11:05:40.8843918Z  * [new branch]          codex/colgranule-part-builder-scanner -> origin/codex/colgranule-part-builder-scanner
stable legacy/public capture	UNKNOWN STEP	2026-10-06T11:05:40.8844144Z  * [new branch]          codex/colgranule-predicate-marks -> origin/codex/colgranule-predicate-marks
stable legacy/public capture	UNKNOWN STEP	2026-10-06T11:05:40.8844340Z  * [new branch]          codex/colgranule-q3-hour-code -> origin/codex/colgranule-q3-hour-code
stable legacy/public capture	UNKNOWN STEP	2026-10-06T11:05:40.8844540Z  * [new branch]          codex/colgranule-q4-fairness -> origin/codex/colgranule-q4-fairness
stable legacy/public capture	UNKNOWN STEP	2026-10-06T11:05:40.8844829Z  * [new branch]          codex/colgranule-q4-prefix-decode -> origin/codex/colgranule-q4-prefix-decode
stable legacy/public capture	UNKNOWN STEP	2026-10-06T11:05:40.8845054Z  * [new branch]          codex/colgranule-q4q5-superiority -> origin/codex/colgranule-q4q5-superiority
stable legacy/public capture	UNKNOWN STEP	2026-10-06T11:05:40.8845367Z  * [new branch]          codex/colgranule-tiny-code-readers -> origin/codex/colgranule-tiny-code-readers
stable legacy/public capture	UNKNOWN STEP	2026-10-06T11:05:40.8845588Z  * [new branch]          codex/colgranule-touched-bitsets -> origin/codex/colgranule-touched-bitsets
stable legacy/public capture	UNKNOWN STEP	2026-10-06T11:05:40.8845797Z  * [new branch]          codex/colgranule-typed-codecs -> origin/codex/colgranule-typed-codecs
stable legacy/public capture	UNKNOWN STEP	2026-10-06T11:05:40.8846019Z  * [new branch]          codex/collection-async-flush-1132 -> origin/codex/collection-async-flush-1132
stable legacy/public capture	UNKNOWN STEP	2026-10-06T11:05:40.8846303Z  * [new branch]          codex/collection-bench-wal-on-fast-default -> origin/codex/collection-bench-wal-on-fast-default
stable legacy/public capture	UNKNOWN STEP	2026-10-06T11:05:40.8846549Z  * [new branch]          codex/collection-insert-lock-shrink -> origin/codex/collection-insert-lock-shrink
stable legacy/public capture	UNKNOWN STEP	2026-10-06T11:05:40.8846796Z  * [new branch]          codex/collection-publish-metrics-1132 -> origin/codex/collection-publish-metrics-1132
stable legacy/public capture	UNKNOWN STEP	2026-10-06T11:05:40.8847094Z  * [new branch]          codex/collection-root-publish-observability -> origin/codex/collection-root-publish-observability
stable legacy/public capture	UNKNOWN STEP	2026-10-06T11:05:40.8847316Z  * [new branch]          codex/collection-root-run-cap-1132 -> origin/codex/collection-root-run-cap-1132
stable legacy/public capture	UNKNOWN STEP	2026-10-06T11:05:40.8847539Z  * [new branch]          codex/collection-rw-scaling-bench -> origin/codex/collection-rw-scaling-bench
stable legacy/public capture	UNKNOWN STEP	2026-10-06T11:05:40.8847815Z  * [new branch]          codex/collection-update-batch-lock-shrink -> origin/codex/collection-update-batch-lock-shrink
stable legacy/public capture	UNKNOWN STEP	2026-10-06T11:05:40.8848098Z  * [new branch]          codex/collection-update-combine-unique-safe -> origin/codex/collection-update-combine-unique-safe
stable legacy/public capture	UNKNOWN STEP	2026-10-06T11:05:40.8848466Z  * [new branch]          codex/collection-update-write-combiner -> origin/codex/collection-update-write-combiner
stable legacy/public capture	UNKNOWN STEP	2026-10-06T11:05:40.8848664Z  * [new branch]          codex/collection-wal-pr1-min -> origin/codex/collection-wal-pr1-min
stable legacy/public capture	UNKNOWN STEP	2026-10-06T11:05:40.8848986Z  * [new branch]          codex/collections-borrowed-range-document-scan -> origin/codex/collections-borrowed-range-document-scan
stable legacy/public capture	UNKNOWN STEP	2026-10-06T11:05:40.8849239Z  * [new branch]          codex/collections-column-float32-norm -> origin/codex/collections-column-float32-norm
stable legacy/public capture	UNKNOWN STEP	2026-10-06T11:05:40.8849540Z  * [new branch]          codex/collections-column-vector-contract-seam -> origin/codex/collections-column-vector-contract-seam
stable legacy/public capture	UNKNOWN STEP	2026-10-06T11:05:40.8849823Z  * [new branch]          codex/collections-column-vector-graph-core -> origin/codex/collections-column-vector-graph-core
stable legacy/public capture	UNKNOWN STEP	2026-10-06T11:05:40.8850100Z  * [new branch]          codex/collections-column-vector-scale-bench -> origin/codex/collections-column-vector-scale-bench
stable legacy/public capture	UNKNOWN STEP	2026-10-06T11:05:40.8850377Z  * [new branch]          codex/collections-range-borrowed-id-scan -> origin/codex/collections-range-borrowed-id-scan
stable legacy/public capture	UNKNOWN STEP	2026-10-06T11:05:40.8850613Z  * [new branch]          codex/colstore-vector-column-types -> origin/codex/colstore-vector-column-types
stable legacy/public capture	UNKNOWN STEP	2026-10-06T11:05:40.8850835Z  * [new branch]          codex/colstore-vector-graph-search -> origin/codex/colstore-vector-graph-search
stable legacy/public capture	UNKNOWN STEP	2026-10-06T11:05:40.8851085Z  * [new branch]          codex/colstore-vector-partset-reader -> origin/codex/colstore-vector-partset-reader
stable legacy/public capture	UNKNOWN STEP	2026-10-06T11:05:40.8851297Z  * [new branch]          codex/column-allocation-cleanup -> origin/codex/column-allocation-cleanup
stable legacy/public capture	UNKNOWN STEP	2026-10-06T11:05:40.8851519Z  * [new branch]          codex/column-granule-experiment -> origin/codex/column-granule-experiment
stable legacy/public capture	UNKNOWN STEP	2026-10-06T11:05:40.8851787Z  * [new branch]          codex/column-graph-hnsw-frontier-parity -> origin/codex/column-graph-hnsw-frontier-parity
stable legacy/public capture	UNKNOWN STEP	2026-10-06T11:05:40.8852064Z  * [new branch]          codex/column-graph-native-1690-integration -> origin/codex/column-graph-native-1690-integration
stable legacy/public capture	UNKNOWN STEP	2026-10-06T11:05:40.8852434Z  * [new branch]          codex/column-graph-native-1699-integration -> origin/codex/column-graph-native-1699-integration
stable legacy/public capture	UNKNOWN STEP	2026-10-06T11:05:40.8852688Z  * [new branch]          codex/column-graph-native-v0-inventory -> origin/codex/column-graph-native-v0-inventory
stable legacy/public capture	UNKNOWN STEP	2026-10-06T11:05:40.8852975Z  * [new branch]          codex/column-graph-native-v1-column-values -> origin/codex/column-graph-native-v1-column-values
stable legacy/public capture	UNKNOWN STEP	2026-10-06T11:05:40.8853271Z  * [new branch]          codex/column-graph-native-v1-reader-cache -> origin/codex/column-graph-native-v1-reader-cache
stable legacy/public capture	UNKNOWN STEP	2026-10-06T11:05:40.8853562Z  * [new branch]          codex/column-graph-native-v2a-build-publish -> origin/codex/column-graph-native-v2a-build-publish
stable legacy/public capture	UNKNOWN STEP	2026-10-06T11:05:40.8853878Z  * [new branch]          codex/column-graph-native-v2a-physical-publish -> origin/codex/column-graph-native-v2a-physical-publish
stable legacy/public capture	UNKNOWN STEP	2026-10-06T11:05:40.8854176Z  * [new branch]          codex/column-graph-native-v2a-rebuild-publish -> origin/codex/column-graph-native-v2a-rebuild-publish
stable legacy/public capture	UNKNOWN STEP	2026-10-06T11:05:40.8854481Z  * [new branch]          codex/column-graph-native-v2b-ordinal-reader -> origin/codex/column-graph-native-v2b-ordinal-reader
stable legacy/public capture	UNKNOWN STEP	2026-10-06T11:05:40.8854761Z  * [new branch]          codex/column-graph-native-v3-reader-search -> origin/codex/column-graph-native-v3-reader-search
stable legacy/public capture	UNKNOWN STEP	2026-10-06T11:05:40.8855022Z  * [new branch]          codex/column-graph-native-v4-public-api -> origin/codex/column-graph-native-v4-public-api
stable legacy/public capture	UNKNOWN STEP	2026-10-06T11:05:40.8855499Z  * [new branch]          codex/column-graph-native-v5-mutation-staleness -> origin/codex/column-graph-native-v5-mutation-staleness
stable legacy/public capture	UNKNOWN STEP	2026-10-06T11:05:40.8855796Z  * [new branch]          codex/column-graph-native-v6-bench-docs-demo -> origin/codex/column-graph-native-v6-bench-docs-demo
stable legacy/public capture	UNKNOWN STEP	2026-10-06T11:05:40.8856040Z  * [new branch]          codex/column-graph-vector-user-docs -> origin/codex/column-graph-vector-user-docs
stable legacy/public capture	UNKNOWN STEP	2026-10-06T11:05:40.8856439Z  * [new branch]          codex/column-native-fixed-width-decode-m1b2 -> origin/codex/column-native-fixed-width-decode-m1b2
stable legacy/public capture	UNKNOWN STEP	2026-10-06T11:05:40.8856728Z  * [new branch]          codex/column-native-hot-block-fastpath-m1b -> origin/codex/column-native-hot-block-fastpath-m1b
stable legacy/public capture	UNKNOWN STEP	2026-10-06T11:05:40.8857082Z  * [new branch]          codex/column-native-little-endian-fixed-width-m1c-a -> origin/codex/column-native-little-endian-fixed-width-m1c-a
stable legacy/public capture	UNKNOWN STEP	2026-10-06T11:05:40.8857431Z  * [new branch]          codex/column-native-little-endian-fixed-width-m1c-b -> origin/codex/column-native-little-endian-fixed-width-m1c-b
stable legacy/public capture	UNKNOWN STEP	2026-10-06T11:05:40.8857716Z  * [new branch]          codex/column-native-row-decode-fastpath-m1 -> origin/codex/column-native-row-decode-fastpath-m1
stable legacy/public capture	UNKNOWN STEP	2026-10-06T11:05:40.8857995Z  * [new branch]          codex/column-native-vector-direct-set-m1d -> origin/codex/column-native-vector-direct-set-m1d
stable legacy/public capture	UNKNOWN STEP	2026-10-06T11:05:40.8858319Z  * [new branch]          codex/column-native-vector-graph-le-payload-m1c-c -> origin/codex/column-native-vector-graph-le-payload-m1c-c
stable legacy/public capture	UNKNOWN STEP	2026-10-06T11:05:40.8858625Z  * [new branch]          codex/column-store-aggregate-metadata-assets -> origin/codex/column-store-aggregate-metadata-assets
stable legacy/public capture	UNKNOWN STEP	2026-10-06T11:05:40.8858899Z  * [new branch]          codex/column-store-cached-read-integrity -> origin/codex/column-store-cached-read-integrity
stable legacy/public capture	UNKNOWN STEP	2026-10-06T11:05:40.8859152Z  * [new branch]          codex/column-store-dense-reducer-state -> origin/codex/column-store-dense-reducer-state
stable legacy/public capture	UNKNOWN STEP	2026-10-06T11:05:40.8859446Z  * [new branch]          codex/column-store-dict-int64-group-sidecars -> origin/codex/column-store-dict-int64-group-sidecars
stable legacy/public capture	UNKNOWN STEP	2026-10-06T11:05:40.8859732Z  * [new branch]          codex/column-store-dictionary-code-sidecars -> origin/codex/column-store-dictionary-code-sidecars
stable legacy/public capture	UNKNOWN STEP	2026-10-06T11:05:40.8860049Z  * [new branch]          codex/column-store-dictionary-distinct-sidecars -> origin/codex/column-store-dictionary-distinct-sidecars
stable legacy/public capture	UNKNOWN STEP	2026-10-06T11:05:40.8860399Z  * [new branch]          codex/column-store-direct-row-decode-specialization -> origin/codex/column-store-direct-row-decode-specialization
stable legacy/public capture	UNKNOWN STEP	2026-10-06T11:05:40.8860774Z  * [new branch]          codex/column-store-mmap-asset-reader-probe -> origin/codex/column-store-mmap-asset-reader-probe
stable legacy/public capture	UNKNOWN STEP	2026-10-06T11:05:40.8861078Z  * [new branch]          codex/column-store-parity-line-format-allocs -> origin/codex/column-store-parity-line-format-allocs
stable legacy/public capture	UNKNOWN STEP	2026-10-06T11:05:40.8861368Z  * [new branch]          codex/column-store-post1676-next-checkpoint -> origin/codex/column-store-post1676-next-checkpoint
stable legacy/public capture	UNKNOWN STEP	2026-10-06T11:05:40.8861658Z  * [new branch]          codex/column-store-post1680-next-checkpoint -> origin/codex/column-store-post1680-next-checkpoint
stable legacy/public capture	UNKNOWN STEP	2026-10-06T11:05:40.8861936Z  * [new branch]          codex/column-store-post1681-next-checkpoint -> origin/codex/column-store-post1681-next-checkpoint
stable legacy/public capture	UNKNOWN STEP	2026-10-06T11:05:40.8862204Z  * [new branch]          codex/column-store-post1683-next-checkpoint -> origin/codex/column-store-post1683-next-checkpoint
stable legacy/public capture	UNKNOWN STEP	2026-10-06T11:05:40.8862503Z  * [new branch]          codex/column-store-post1684-cache-asset-root -> origin/codex/column-store-post1684-cache-asset-root
stable legacy/public capture	UNKNOWN STEP	2026-10-06T11:05:40.8862836Z  * [new branch]          codex/column-store-post1685-next-alloc-checkpoint -> origin/codex/column-store-post1685-next-alloc-checkpoint
stable legacy/public capture	UNKNOWN STEP	2026-10-06T11:05:40.8863149Z  * [new branch]          codex/column-store-post1686-manifest-view-cache -> origin/codex/column-store-post1686-manifest-view-cache
stable legacy/public capture	UNKNOWN STEP	2026-10-06T11:05:40.8863455Z  * [new branch]          codex/column-store-post1687-scan-manifest-view -> origin/codex/column-store-post1687-scan-manifest-view
stable legacy/public capture	UNKNOWN STEP	2026-10-06T11:05:40.8863771Z  * [new branch]          codex/column-store-post1688-stream-scan-manifest -> origin/codex/column-store-post1688-stream-scan-manifest
stable legacy/public capture	UNKNOWN STEP	2026-10-06T11:05:40.8864075Z  * [new branch]          codex/column-store-post1689-dict-int64-scratch -> origin/codex/column-store-post1689-dict-int64-scratch
stable legacy/public capture	UNKNOWN STEP	2026-10-06T11:05:40.8864416Z  * [new branch]          codex/column-store-post1690-dictionary-view-decode -> origin/codex/column-store-post1690-dictionary-view-decode
stable legacy/public capture	UNKNOWN STEP	2026-10-06T11:05:40.8864774Z  * [new branch]          codex/column-store-post1691-reader-session -> origin/codex/column-store-post1691-reader-session
stable legacy/public capture	UNKNOWN STEP	2026-10-06T11:05:40.8865065Z  * [new branch]          codex/column-store-post1693-next-checkpoint -> origin/codex/column-store-post1693-next-checkpoint
stable legacy/public capture	UNKNOWN STEP	2026-10-06T11:05:40.8865411Z  * [new branch]          codex/column-store-post1694-manifest-alloc -> origin/codex/column-store-post1694-manifest-alloc
stable legacy/public capture	UNKNOWN STEP	2026-10-06T11:05:40.8865706Z  * [new branch]          codex/column-store-post1695-next-checkpoint -> origin/codex/column-store-post1695-next-checkpoint
stable legacy/public capture	UNKNOWN STEP	2026-10-06T11:05:40.8866027Z  * [new branch]          codex/column-store-post1699-planner-scan-alloc -> origin/codex/column-store-post1699-planner-scan-alloc
stable legacy/public capture	UNKNOWN STEP	2026-10-06T11:05:40.8866446Z  * [new branch]          codex/column-store-post1701-dictionary-oneshot-scale -> origin/codex/column-store-post1701-dictionary-oneshot-scale
stable legacy/public capture	UNKNOWN STEP	2026-10-06T11:05:40.8866805Z  * [new branch]          codex/column-store-post1702-dict-code-arena -> origin/codex/column-store-post1702-dict-code-arena
stable legacy/public capture	UNKNOWN STEP	2026-10-06T11:05:40.8867183Z  * [new branch]          codex/column-store-post1704-routed-prepared-session -> origin/codex/column-store-post1704-routed-prepared-session
stable legacy/public capture	UNKNOWN STEP	2026-10-06T11:05:40.8867566Z  * [new branch]          codex/column-store-prepared-aggregate-metadata -> origin/codex/column-store-prepared-aggregate-metadata
stable legacy/public capture	UNKNOWN STEP	2026-10-06T11:05:40.8867882Z  * [new branch]          codex/column-store-q4b-aggregate-metadata -> origin/codex/column-store-q4b-aggregate-metadata
stable legacy/public capture	UNKNOWN STEP	2026-10-06T11:05:40.8868319Z  * [new branch]          codex/column-store-quickstart -> origin/codex/column-store-quickstart
stable legacy/public capture	UNKNOWN STEP	2026-10-06T11:05:40.8868635Z  * [new branch]          codex/column-store-relaxed-read-integrity -> origin/codex/column-store-relaxed-read-integrity
stable legacy/public capture	UNKNOWN STEP	2026-10-06T11:05:40.8869016Z  * [new branch]          codex/column-store-serial-dictionary-sidecars -> origin/codex/column-store-serial-dictionary-sidecars
stable legacy/public capture	UNKNOWN STEP	2026-10-06T11:05:40.8869464Z  * [new branch]          codex/column-store-serial-sidecar-allocs -> origin/codex/column-store-serial-sidecar-allocs
stable legacy/public capture	UNKNOWN STEP	2026-10-06T11:05:40.8869691Z  * [new branch]          codex/column-store-slope-bench -> origin/codex/column-store-slope-bench
stable legacy/public capture	UNKNOWN STEP	2026-10-06T11:05:40.8870126Z  * [new branch]          codex/column-store-stream-dictionary-one-shot -> origin/codex/column-store-stream-dictionary-one-shot
stable legacy/public capture	UNKNOWN STEP	2026-10-06T11:05:40.8870422Z  * [new branch]          codex/column-store-vectorized-q2-q3 -> origin/codex/column-store-vectorized-q2-q3
stable legacy/public capture	UNKNOWN STEP	2026-10-06T11:05:40.8870778Z  * [new branch]          codex/column-store-vectorized-q4-minmax -> origin/codex/column-store-vectorized-q4-minmax
stable legacy/public capture	UNKNOWN STEP	2026-10-06T11:05:40.8871144Z  * [new branch]          codex/column-store-vectorized-reducers -> origin/codex/column-store-vectorized-reducers
stable legacy/public capture	UNKNOWN STEP	2026-10-06T11:05:40.8871385Z  * [new branch]          codex/column-vector-deep1b-bench -> origin/codex/column-vector-deep1b-bench
stable legacy/public capture	UNKNOWN STEP	2026-10-06T11:05:40.8871901Z  * [new branch]          codex/column-vector-dynamic-overlay-adaptive-tombstones -> origin/codex/column-vector-dynamic-overlay-adaptive-tombstones
stable legacy/public capture	UNKNOWN STEP	2026-10-06T11:05:40.8872343Z  * [new branch]          codex/column-vector-dynamic-overlay-base-topk-benchfix -> origin/codex/column-vector-dynamic-overlay-base-topk-benchfix
stable legacy/public capture	UNKNOWN STEP	2026-10-06T11:05:40.8872726Z  * [new branch]          codex/column-vector-dynamic-overlay-base-topk-trim -> origin/codex/column-vector-dynamic-overlay-base-topk-trim
stable legacy/public capture	UNKNOWN STEP	2026-10-06T11:05:40.8873084Z  * [new branch]          codex/column-vector-dynamic-overlay-bench -> origin/codex/column-vector-dynamic-overlay-bench
stable legacy/public capture	UNKNOWN STEP	2026-10-06T11:05:40.8873460Z  * [new branch]          codex/column-vector-dynamic-overlay-publish-capacity -> origin/codex/column-vector-dynamic-overlay-publish-capacity
stable legacy/public capture	UNKNOWN STEP	2026-10-06T11:05:40.8873949Z  * [new branch]          codex/column-vector-dynamic-overlay-steady-write-bench -> origin/codex/column-vector-dynamic-overlay-steady-write-bench
stable legacy/public capture	UNKNOWN STEP	2026-10-06T11:05:40.8874448Z  * [new branch]          codex/column-vector-graph-product-1621-integration -> origin/codex/column-vector-graph-product-1621-integration
stable legacy/public capture	UNKNOWN STEP	2026-10-06T11:05:40.8874729Z  * [new branch]          codex/column-vector-main-path-bench -> origin/codex/column-vector-main-path-bench
stable legacy/public capture	UNKNOWN STEP	2026-10-06T11:05:40.8875152Z  * [new branch]          codex/column-vector-persisted-evidence-bench-pr -> origin/codex/column-vector-persisted-evidence-bench-pr
stable legacy/public capture	UNKNOWN STEP	2026-10-06T11:05:40.8875726Z  * [new branch]          codex/column-vector-physical-loader-search -> origin/codex/column-vector-physical-loader-search
stable legacy/public capture	UNKNOWN STEP	2026-10-06T11:05:40.8876058Z  * [new branch]          codex/column-vector-physical-values-1621 -> origin/codex/column-vector-physical-values-1621
stable legacy/public capture	UNKNOWN STEP	2026-10-06T11:05:40.8876410Z  * [new branch]          codex/command-wal-collection-trusted-2135 -> origin/codex/command-wal-collection-trusted-2135
stable legacy/public capture	UNKNOWN STEP	2026-10-06T11:05:40.8876683Z  * [new branch]          codex/command-wal-empty-batch-sync -> origin/codex/command-wal-empty-batch-sync
stable legacy/public capture	UNKNOWN STEP	2026-10-06T11:05:40.8876995Z  * [new branch]          codex/command-wal-no-payload-digest -> origin/codex/command-wal-no-payload-digest
stable legacy/public capture	UNKNOWN STEP	2026-10-06T11:05:40.8877419Z  * [new branch]          codex/command-wal-stack-validation-20260517-091728 -> origin/codex/command-wal-stack-validation-20260517-091728
stable legacy/public capture	UNKNOWN STEP	2026-10-06T11:05:40.8877727Z  * [new branch]          codex/compact-leaf-decode-aliased-dst -> origin/codex/compact-leaf-decode-aliased-dst
stable legacy/public capture	UNKNOWN STEP	2026-10-06T11:05:40.8878026Z  * [new branch]          codex/compact-leaf-payload-allocs -> origin/codex/compact-leaf-payload-allocs
stable legacy/public capture	UNKNOWN STEP	2026-10-06T11:05:40.8878373Z  * [new branch]          codex/compact-reclaims-fenced-vlog-sources -> origin/codex/compact-reclaims-fenced-vlog-sources
stable legacy/public capture	UNKNOWN STEP	2026-10-06T11:05:40.8878640Z  * [new branch]          codex/cow-c1-immutable-roots -> origin/codex/cow-c1-immutable-roots
stable legacy/public capture	UNKNOWN STEP	2026-10-06T11:05:40.8878935Z  * [new branch]          codex/cow-c2-cache-publication -> origin/codex/cow-c2-cache-publication
stable legacy/public capture	UNKNOWN STEP	2026-10-06T11:05:40.8879222Z  * [new branch]          codex/current-leaf-mmap-target-1135 -> origin/codex/current-leaf-mmap-target-1135
stable legacy/public capture	UNKNOWN STEP	2026-10-06T11:05:40.8879623Z  * [new branch]          codex/current-leaf-page-cache-1136 -> origin/codex/current-leaf-page-cache-1136
stable legacy/public capture	UNKNOWN STEP	2026-10-06T11:05:40.8879866Z  * [new branch]          codex/cwal-indexed-buffer-2121 -> origin/codex/cwal-indexed-buffer-2121
stable legacy/public capture	UNKNOWN STEP	2026-10-06T11:05:40.8880164Z  * [new branch]          codex/default-indexed-async-flush -> origin/codex/default-indexed-async-flush
stable legacy/public capture	UNKNOWN STEP	2026-10-06T11:05:40.8880513Z  * [new branch]          codex/delete-heavy-backend-apply-cap -> origin/codex/delete-heavy-backend-apply-cap
stable legacy/public capture	UNKNOWN STEP	2026-10-06T11:05:40.8880794Z  * [new branch]          codex/delete-heavy-streaming-flush -> origin/codex/delete-heavy-streaming-flush
stable legacy/public capture	UNKNOWN STEP	2026-10-06T11:05:40.8881115Z  * [new branch]          codex/detached-indexed-flush-1132 -> origin/codex/detached-indexed-flush-1132
stable legacy/public capture	UNKNOWN STEP	2026-10-06T11:05:40.8881417Z  * [new branch]          codex/detached-indexed-flush-1132-clean -> origin/codex/detached-indexed-flush-1132-clean
stable legacy/public capture	UNKNOWN STEP	2026-10-06T11:05:40.8881768Z  * [new branch]          codex/dgraph-durability-standalone-bench -> origin/codex/dgraph-durability-standalone-bench
stable legacy/public capture	UNKNOWN STEP	2026-10-06T11:05:40.8882055Z  * [new branch]          codex/direct-arena-hwm-stats -> origin/codex/direct-arena-hwm-stats
stable legacy/public capture	UNKNOWN STEP	2026-10-06T11:05:40.8882347Z  * [new branch]          codex/direct-bson-trust-stored-docs -> origin/codex/direct-bson-trust-stored-docs
stable legacy/public capture	UNKNOWN STEP	2026-10-06T11:05:40.8882689Z  * [new branch]          codex/disable-live-compact-leaf-payload -> origin/codex/disable-live-compact-leaf-payload
stable legacy/public capture	UNKNOWN STEP	2026-10-06T11:05:40.8882980Z  * [new branch]          codex/docs-treedb-qdrant-500k-20260917 -> origin/codex/docs-treedb-qdrant-500k-20260917
stable legacy/public capture	UNKNOWN STEP	2026-10-06T11:05:40.8883301Z  * [new branch]          codex/ec2-vdbbench-evidence-20260818 -> origin/codex/ec2-vdbbench-evidence-20260818
stable legacy/public capture	UNKNOWN STEP	2026-10-06T11:05:40.8883655Z  * [new branch]          codex/fast-profile-current-vlog-mmap -> origin/codex/fast-profile-current-vlog-mmap
stable legacy/public capture	UNKNOWN STEP	2026-10-06T11:05:40.8883950Z  * [new branch]          codex/fastclient-skip-deadline-watch -> origin/codex/fastclient-skip-deadline-watch
stable legacy/public capture	UNKNOWN STEP	2026-10-06T11:05:40.8884390Z  * [new branch]          codex/feature-workflow-smoke-20260905 -> origin/codex/feature-workflow-smoke-20260905
stable legacy/public capture	UNKNOWN STEP	2026-10-06T11:05:40.8884694Z  * [new branch]          codex/first-touch-typed-cache-3090 -> origin/codex/first-touch-typed-cache-3090
stable legacy/public capture	UNKNOWN STEP	2026-10-06T11:05:40.8884982Z  * [new branch]          codex/fix-fold-resource-fixture-flake -> origin/codex/fix-fold-resource-fixture-flake
stable legacy/public capture	UNKNOWN STEP	2026-10-06T11:05:40.8885491Z  * [new branch]          codex/fix-leaf-pack-maintenance-gc-vulnerability -> origin/codex/fix-leaf-pack-maintenance-gc-vulnerability
stable legacy/public capture	UNKNOWN STEP	2026-10-06T11:05:40.8885766Z  * [new branch]          codex/fix-main-ci-valuewriter-stub -> origin/codex/fix-main-ci-valuewriter-stub
stable legacy/public capture	UNKNOWN STEP	2026-10-06T11:05:40.8886150Z  * [new branch]          codex/fix-nativewire-unsupported-cluster-test -> origin/codex/fix-nativewire-unsupported-cluster-test
stable legacy/public capture	UNKNOWN STEP	2026-10-06T11:05:40.8886388Z  * [new branch]          codex/fix-post-4177-ci  -> origin/codex/fix-post-4177-ci
stable legacy/public capture	UNKNOWN STEP	2026-10-06T11:05:40.8886635Z  * [new branch]          codex/fix-rid-reuse-in-wal-scan -> origin/codex/fix-rid-reuse-in-wal-scan
stable legacy/public capture	UNKNOWN STEP	2026-10-06T11:05:40.8887062Z  * [new branch]          codex/fix-sealed-mmap-budget-bypass-vulnerability -> origin/codex/fix-sealed-mmap-budget-bypass-vulnerability
stable legacy/public capture	UNKNOWN STEP	2026-10-06T11:05:40.8887403Z  * [new branch]          codex/fix-typed-column-jsonbench-doc-ci -> origin/codex/fix-typed-column-jsonbench-doc-ci
stable legacy/public capture	UNKNOWN STEP	2026-10-06T11:05:40.8887799Z  * [new branch]          codex/fix-value-log-maintenance-starvation-issue -> origin/codex/fix-value-log-maintenance-starvation-issue
stable legacy/public capture	UNKNOWN STEP	2026-10-06T11:05:40.8888176Z  * [new branch]          codex/fix-wal-on-background-maintenance-issue -> origin/codex/fix-wal-on-background-maintenance-issue
stable legacy/public capture	UNKNOWN STEP	2026-10-06T11:05:40.8888404Z  * [new branch]          codex/fix-zipper-split-race -> origin/codex/fix-zipper-split-race
stable legacy/public capture	UNKNOWN STEP	2026-10-06T11:05:40.8888794Z  * [new branch]          codex/fixed-cluster-4250-prepare-staging-v14 -> origin/codex/fixed-cluster-4250-prepare-staging-v14
stable legacy/public capture	UNKNOWN STEP	2026-10-06T11:05:40.8889215Z  * [new branch]          codex/flush-build-stable-append-only-runs -> origin/codex/flush-build-stable-append-only-runs
stable legacy/public capture	UNKNOWN STEP	2026-10-06T11:05:40.8889561Z  * [new branch]          codex/flush-build-stable-hashsorted-runs -> origin/codex/flush-build-stable-hashsorted-runs
stable legacy/public capture	UNKNOWN STEP	2026-10-06T11:05:40.8889827Z  * [new branch]          codex/fold-close-exact-owner -> origin/codex/fold-close-exact-owner
stable legacy/public capture	UNKNOWN STEP	2026-10-06T11:05:40.8890091Z  * [new branch]          codex/followup-ai-review-cleanups -> origin/codex/followup-ai-review-cleanups
stable legacy/public capture	UNKNOWN STEP	2026-10-06T11:05:40.8890443Z  * [new branch]          codex/force-value-pointer-path-opt -> origin/codex/force-value-pointer-path-opt
stable legacy/public capture	UNKNOWN STEP	2026-10-06T11:05:40.8890745Z  * [new branch]          codex/freeze-sort-outside-domain-lock -> origin/codex/freeze-sort-outside-domain-lock
stable legacy/public capture	UNKNOWN STEP	2026-10-06T11:05:40.8891029Z  * [new branch]          codex/freeze-sort-scratch-reuse -> origin/codex/freeze-sort-scratch-reuse
stable legacy/public capture	UNKNOWN STEP	2026-10-06T11:05:40.8891285Z  * [new branch]          codex/frozen-leaf-logical-rebuild -> origin/codex/frozen-leaf-logical-rebuild
stable legacy/public capture	UNKNOWN STEP	2026-10-06T11:05:40.8906604Z  * [new branch]          codex/frozen-leaf-transcode-harness -> origin/codex/frozen-leaf-transcode-harness
stable legacy/public capture	UNKNOWN STEP	2026-10-06T11:05:40.8907191Z  * [new branch]          codex/full-benchmark-report-suite -> origin/codex/full-benchmark-report-suite
stable legacy/public capture	UNKNOWN STEP	2026-10-06T11:05:40.8907597Z  * [new branch]          codex/gateway-range-document-helper -> origin/codex/gateway-range-document-helper
stable legacy/public capture	UNKNOWN STEP	2026-10-06T11:05:40.8907989Z  * [new branch]          codex/gateway-write-update-allocs -> origin/codex/gateway-write-update-allocs
stable legacy/public capture	UNKNOWN STEP	2026-10-06T11:05:40.8908340Z  * [new branch]          codex/gpu-dot-tournament-bench -> origin/codex/gpu-dot-tournament-bench
stable legacy/public capture	UNKNOWN STEP	2026-10-06T11:05:40.8908718Z  * [new branch]          codex/hash-tournament-experiment -> origin/codex/hash-tournament-experiment
stable legacy/public capture	UNKNOWN STEP	2026-10-06T11:05:40.8909088Z  * [new branch]          codex/hnsw-build-backfill-merge -> origin/codex/hnsw-build-backfill-merge
stable legacy/public capture	UNKNOWN STEP	2026-10-06T11:05:40.8909743Z  * [new branch]          codex/hnsw-build-diversity-fast-path -> origin/codex/hnsw-build-diversity-fast-path
stable legacy/public capture	UNKNOWN STEP	2026-10-06T11:05:40.8910171Z  * [new branch]          codex/hnsw-construction-performance -> origin/codex/hnsw-construction-performance
stable legacy/public capture	UNKNOWN STEP	2026-10-06T11:05:40.8910525Z  * [new branch]          codex/hnsw-construction-quality -> origin/codex/hnsw-construction-quality
stable legacy/public capture	UNKNOWN STEP	2026-10-06T11:05:40.8910908Z  * [new branch]          codex/hnsw-edge-quality-20260816 -> origin/codex/hnsw-edge-quality-20260816
stable legacy/public capture	UNKNOWN STEP	2026-10-06T11:05:40.8911230Z  * [new branch]          codex/hnsw-m18-no-refill -> origin/codex/hnsw-m18-no-refill
stable legacy/public capture	UNKNOWN STEP	2026-10-06T11:05:40.8911652Z  * [new branch]          codex/hnsw-profile-promotion-20260816 -> origin/codex/hnsw-profile-promotion-20260816
stable legacy/public capture	UNKNOWN STEP	2026-10-06T11:05:40.8912051Z  * [new branch]          codex/hnsw-root-backed-search-bench -> origin/codex/hnsw-root-backed-search-bench
stable legacy/public capture	UNKNOWN STEP	2026-10-06T11:05:40.8912506Z  * [new branch]          codex/id-update-writer-scaling-fast-path -> origin/codex/id-update-writer-scaling-fast-path
stable legacy/public capture	UNKNOWN STEP	2026-10-06T11:05:40.8913031Z  * [new branch]          codex/indexed-async-durability-contract-1132 -> origin/codex/indexed-async-durability-contract-1132
stable legacy/public capture	UNKNOWN STEP	2026-10-06T11:05:40.8913465Z  * [new branch]          codex/indexed-collection-buffer-limits -> origin/codex/indexed-collection-buffer-limits
stable legacy/public capture	UNKNOWN STEP	2026-10-06T11:05:40.8913873Z  * [new branch]          codex/indexed-collection-write-domain -> origin/codex/indexed-collection-write-domain
stable legacy/public capture	UNKNOWN STEP	2026-10-06T11:05:40.8914184Z  * [new branch]          codex/indexed-delete-buffer -> origin/codex/indexed-delete-buffer
stable legacy/public capture	UNKNOWN STEP	2026-10-06T11:05:40.8914527Z  * [new branch]          codex/indexed-flush-units-1132 -> origin/codex/indexed-flush-units-1132
stable legacy/public capture	UNKNOWN STEP	2026-10-06T11:05:40.8914827Z  * [new branch]          codex/insert-planner-cache -> origin/codex/insert-planner-cache
stable legacy/public capture	UNKNOWN STEP	2026-10-06T11:05:40.8915417Z  * [new branch]          codex/insertbatch-mutable-accumulators -> origin/codex/insertbatch-mutable-accumulators
stable legacy/public capture	UNKNOWN STEP	2026-10-06T11:05:40.8916051Z  * [new branch]          codex/investigate-value-log-maintenance-vulnerability -> origin/codex/investigate-value-log-maintenance-vulnerability
stable legacy/public capture	UNKNOWN STEP	2026-10-06T11:05:40.8916565Z  * [new branch]          codex/ironbird-wal-sync-rerun -> origin/codex/ironbird-wal-sync-rerun
stable legacy/public capture	UNKNOWN STEP	2026-10-06T11:05:40.8916870Z  * [new branch]          codex/issue-1070-disk-usage -> origin/codex/issue-1070-disk-usage
stable legacy/public capture	UNKNOWN STEP	2026-10-06T11:05:40.8917265Z  * [new branch]          codex/issue-1128-typed-index-keys -> origin/codex/issue-1128-typed-index-keys
stable legacy/public capture	UNKNOWN STEP	2026-10-06T11:05:40.8917793Z  * [new branch]          codex/issue-1242-cancel-waiter-test-repair-v1 -> origin/codex/issue-1242-cancel-waiter-test-repair-v1
stable legacy/public capture	UNKNOWN STEP	2026-10-06T11:05:40.8918312Z  * [new branch]          codex/issue-1242-command-wal-domain-deadlock-v1 -> origin/codex/issue-1242-command-wal-domain-deadlock-v1
stable legacy/public capture	UNKNOWN STEP	2026-10-06T11:05:40.8918684Z  * [new branch]          codex/issue-1434-full-compaction -> origin/codex/issue-1434-full-compaction
stable legacy/public capture	UNKNOWN STEP	2026-10-06T11:05:40.8919160Z  * [new branch]          codex/issue-1739-column-graph-quality-fix -> origin/codex/issue-1739-column-graph-quality-fix
stable legacy/public capture	UNKNOWN STEP	2026-10-06T11:05:40.8919656Z  * [new branch]          codex/issue-1739-column-graph-vector-bench -> origin/codex/issue-1739-column-graph-vector-bench
stable legacy/public capture	UNKNOWN STEP	2026-10-06T11:05:40.8920107Z  * [new branch]          codex/issue-1739-vacuumed-vector-storage -> origin/codex/issue-1739-vacuumed-vector-storage
stable legacy/public capture	UNKNOWN STEP	2026-10-06T11:05:40.8920497Z  * [new branch]          codex/issue-2189-bench-report-stats -> origin/codex/issue-2189-bench-report-stats
stable legacy/public capture	UNKNOWN STEP	2026-10-06T11:05:40.8920841Z  * [new branch]          codex/issue-248-vlog-timegate -> origin/codex/issue-248-vlog-timegate
stable legacy/public capture	UNKNOWN STEP	2026-10-06T11:05:40.8921196Z  * [new branch]          codex/issue-3246-update-bson-set -> origin/codex/issue-3246-update-bson-set
stable legacy/public capture	UNKNOWN STEP	2026-10-06T11:05:40.8921482Z  * [new branch]          codex/issue-342-negative -> origin/codex/issue-342-negative
stable legacy/public capture	UNKNOWN STEP	2026-10-06T11:05:40.8921821Z  * [new branch]          codex/issue-3536-batch-scratch -> origin/codex/issue-3536-batch-scratch
stable legacy/public capture	UNKNOWN STEP	2026-10-06T11:05:40.8922324Z  * [new branch]          codex/issue-3538-leafgen-view-alloc -> origin/codex/issue-3538-leafgen-view-alloc
stable legacy/public capture	UNKNOWN STEP	2026-10-06T11:05:40.8922697Z  * [new branch]          codex/issue-3665-final-headroom -> origin/codex/issue-3665-final-headroom
stable legacy/public capture	UNKNOWN STEP	2026-10-06T11:05:40.8923064Z  * [new branch]          codex/issue-3665-raft-backoff-seam -> origin/codex/issue-3665-raft-backoff-seam
stable legacy/public capture	UNKNOWN STEP	2026-10-06T11:05:40.8923500Z  * [new branch]          codex/issue-379-vlog-compression-auto -> origin/codex/issue-379-vlog-compression-auto
stable legacy/public capture	UNKNOWN STEP	2026-10-06T11:05:40.8923872Z  * [new branch]          codex/issue-384-m0-harness -> origin/codex/issue-384-m0-harness
stable legacy/public capture	UNKNOWN STEP	2026-10-06T11:05:40.8926974Z  * [new branch]          codex/issue-384-m1-flush-vlog -> origin/codex/issue-384-m1-flush-vlog
stable legacy/public capture	UNKNOWN STEP	2026-10-06T11:05:40.8927413Z  * [new branch]          codex/issue-384-m2-reporting -> origin/codex/issue-384-m2-reporting
stable legacy/public capture	UNKNOWN STEP	2026-10-06T11:05:40.8927759Z  * [new branch]          codex/issue-384-m3-invariants -> origin/codex/issue-384-m3-invariants
stable legacy/public capture	UNKNOWN STEP	2026-10-06T11:05:40.8928076Z  * [new branch]          codex/issue-384-m4-closeout -> origin/codex/issue-384-m4-closeout
stable legacy/public capture	UNKNOWN STEP	2026-10-06T11:05:40.8928479Z  * [new branch]          codex/issue-3981-nativewire-router -> origin/codex/issue-3981-nativewire-router
stable legacy/public capture	UNKNOWN STEP	2026-10-06T11:05:40.8928877Z  * [new branch]          codex/issue-3982-final-local-gates -> origin/codex/issue-3982-final-local-gates
stable legacy/public capture	UNKNOWN STEP	2026-10-06T11:05:40.8929208Z  * [new branch]          codex/issue-3994-recurrence -> origin/codex/issue-3994-recurrence
stable legacy/public capture	UNKNOWN STEP	2026-10-06T11:05:40.8929674Z  * [new branch]          codex/issue-3998-quarter-probe-routing -> origin/codex/issue-3998-quarter-probe-routing
stable legacy/public capture	UNKNOWN STEP	2026-10-06T11:05:40.8930215Z  * [new branch]          codex/issue-3998-quarter-probe-routing-clean -> origin/codex/issue-3998-quarter-probe-routing-clean
stable legacy/public capture	UNKNOWN STEP	2026-10-06T11:05:40.8930667Z  * [new branch]          codex/issue-3999-partition-hnsw-recall -> origin/codex/issue-3999-partition-hnsw-recall
stable legacy/public capture	UNKNOWN STEP	2026-10-06T11:05:40.8931069Z  * [new branch]          codex/issue-4001-overlap-treatment -> origin/codex/issue-4001-overlap-treatment
stable legacy/public capture	UNKNOWN STEP	2026-10-06T11:05:40.8931386Z  * [new branch]          codex/issue-4002-suite-timeout -> origin/codex/issue-4002-suite-timeout
stable legacy/public capture	UNKNOWN STEP	2026-10-06T11:05:40.8931941Z  * [new branch]          codex/issue-4002-suite-timeout-split -> origin/codex/issue-4002-suite-timeout-split
stable legacy/public capture	UNKNOWN STEP	2026-10-06T11:05:40.8932244Z  * [new branch]          codex/issue-4003-powerloss-oracle -> origin/codex/issue-4003-powerloss-oracle
stable legacy/public capture	UNKNOWN STEP	2026-10-06T11:05:40.8932492Z  * [new branch]          codex/issue-4014-production-topology -> origin/codex/issue-4014-production-topology
stable legacy/public capture	UNKNOWN STEP	2026-10-06T11:05:40.8932759Z  * [new branch]          codex/issue-4014-production-topology-v2 -> origin/codex/issue-4014-production-topology-v2
stable legacy/public capture	UNKNOWN STEP	2026-10-06T11:05:40.8932944Z  * [new branch]          codex/issue-4016-vector-api -> origin/codex/issue-4016-vector-api
stable legacy/public capture	UNKNOWN STEP	2026-10-06T11:05:40.8933140Z  * [new branch]          codex/issue-4016-vector-api-v2 -> origin/codex/issue-4016-vector-api-v2
stable legacy/public capture	UNKNOWN STEP	2026-10-06T11:05:40.8933390Z  * [new branch]          codex/issue-4017-invalidation-recovery -> origin/codex/issue-4017-invalidation-recovery
stable legacy/public capture	UNKNOWN STEP	2026-10-06T11:05:40.8933689Z  * [new branch]          codex/issue-4017-invalidation-recovery-v2 -> origin/codex/issue-4017-invalidation-recovery-v2
stable legacy/public capture	UNKNOWN STEP	2026-10-06T11:05:40.8933932Z  * [new branch]          codex/issue-4018-vector-operations -> origin/codex/issue-4018-vector-operations
stable legacy/public capture	UNKNOWN STEP	2026-10-06T11:05:40.8934183Z  * [new branch]          codex/issue-4018-vector-operations-v2 -> origin/codex/issue-4018-vector-operations-v2
stable legacy/public capture	UNKNOWN STEP	2026-10-06T11:05:40.8934474Z  * [new branch]          codex/issue-4019-local-system-qualification -> origin/codex/issue-4019-local-system-qualification
stable legacy/public capture	UNKNOWN STEP	2026-10-06T11:05:40.8934689Z  * [new branch]          codex/issue-4019-m2-topology-tax -> origin/codex/issue-4019-m2-topology-tax
stable legacy/public capture	UNKNOWN STEP	2026-10-06T11:05:40.8934902Z  * [new branch]          codex/issue-4019-m3-system-matrix -> origin/codex/issue-4019-m3-system-matrix
stable legacy/public capture	UNKNOWN STEP	2026-10-06T11:05:40.8935108Z  * [new branch]          codex/issue-4019-system-adapters -> origin/codex/issue-4019-system-adapters
stable legacy/public capture	UNKNOWN STEP	2026-10-06T11:05:40.8935656Z  * [new branch]          codex/issue-4019-treedb-topology-adapter -> origin/codex/issue-4019-treedb-topology-adapter
stable legacy/public capture	UNKNOWN STEP	2026-10-06T11:05:40.8935866Z  * [new branch]          codex/issue-4023-attribution -> origin/codex/issue-4023-attribution
stable legacy/public capture	UNKNOWN STEP	2026-10-06T11:05:40.8936050Z  * [new branch]          codex/issue-4024-placement -> origin/codex/issue-4024-placement
stable legacy/public capture	UNKNOWN STEP	2026-10-06T11:05:40.8936214Z  * [new branch]          codex/issue-4025-overlap -> origin/codex/issue-4025-overlap
stable legacy/public capture	UNKNOWN STEP	2026-10-06T11:05:40.8936370Z  * [new branch]          codex/issue-4026-krt    -> origin/codex/issue-4026-krt
stable legacy/public capture	UNKNOWN STEP	2026-10-06T11:05:40.8936592Z  * [new branch]          codex/issue-4027-compact-evidence -> origin/codex/issue-4027-compact-evidence
stable legacy/public capture	UNKNOWN STEP	2026-10-06T11:05:40.8936792Z  * [new branch]          codex/issue-4027-qualification -> origin/codex/issue-4027-qualification
stable legacy/public capture	UNKNOWN STEP	2026-10-06T11:05:40.8937052Z  * [new branch]          codex/issue-4090-vector-onramp-profile -> origin/codex/issue-4090-vector-onramp-profile
stable legacy/public capture	UNKNOWN STEP	2026-10-06T11:05:40.8937276Z  * [new branch]          codex/issue-4091-runtime-ownership -> origin/codex/issue-4091-runtime-ownership
stable legacy/public capture	UNKNOWN STEP	2026-10-06T11:05:40.8937487Z  * [new branch]          codex/issue-4092-serving-snapshot -> origin/codex/issue-4092-serving-snapshot
stable legacy/public capture	UNKNOWN STEP	2026-10-06T11:05:40.8937728Z  * [new branch]          codex/issue-4093-vector-revalidation -> origin/codex/issue-4093-vector-revalidation
stable legacy/public capture	UNKNOWN STEP	2026-10-06T11:05:40.8937957Z  * [new branch]          codex/issue-4096-strict-vector-proof -> origin/codex/issue-4096-strict-vector-proof
stable legacy/public capture	UNKNOWN STEP	2026-10-06T11:05:40.8938227Z  * [new branch]          codex/issue-4097-native-wire-vector -> origin/codex/issue-4097-native-wire-vector
stable legacy/public capture	UNKNOWN STEP	2026-10-06T11:05:40.8938416Z  * [new branch]          codex/issue-4098-fast-search -> origin/codex/issue-4098-fast-search
stable legacy/public capture	UNKNOWN STEP	2026-10-06T11:05:40.8938668Z  * [new branch]          codex/issue-4121-membership-counts -> origin/codex/issue-4121-membership-counts
stable legacy/public capture	UNKNOWN STEP	2026-10-06T11:05:40.8938865Z  * [new branch]          codex/issue-4122-hnsw-scratch -> origin/codex/issue-4122-hnsw-scratch
stable legacy/public capture	UNKNOWN STEP	2026-10-06T11:05:40.8939043Z  * [new branch]          codex/issue-4123-m5-binary -> origin/codex/issue-4123-m5-binary
stable legacy/public capture	UNKNOWN STEP	2026-10-06T11:05:40.8939363Z  * [new branch]          codex/issue-4124-final-reprofile -> origin/codex/issue-4124-final-reprofile
stable legacy/public capture	UNKNOWN STEP	2026-10-06T11:05:40.8939593Z  * [new branch]          codex/issue-4136-candidate-engine -> origin/codex/issue-4136-candidate-engine
stable legacy/public capture	UNKNOWN STEP	2026-10-06T11:05:40.8939809Z  * [new branch]          codex/issue-4142-locality-matrix -> origin/codex/issue-4142-locality-matrix
stable legacy/public capture	UNKNOWN STEP	2026-10-06T11:05:40.8940054Z  * [new branch]          codex/issue-4143-byte-bounded-shards -> origin/codex/issue-4143-byte-bounded-shards
stable legacy/public capture	UNKNOWN STEP	2026-10-06T11:05:40.8940266Z  * [new branch]          codex/issue-4144-page-objective -> origin/codex/issue-4144-page-objective
stable legacy/public capture	UNKNOWN STEP	2026-10-06T11:05:40.8940443Z  * [new branch]          codex/issue-4146-final  -> origin/codex/issue-4146-final
stable legacy/public capture	UNKNOWN STEP	2026-10-06T11:05:40.8940621Z  * [new branch]          codex/issue-4158-frontier -> origin/codex/issue-4158-frontier
stable legacy/public capture	UNKNOWN STEP	2026-10-06T11:05:40.8940868Z  * [new branch]          codex/issue-4181-vdbbench-preflight -> origin/codex/issue-4181-vdbbench-preflight
stable legacy/public capture	UNKNOWN STEP	2026-10-06T11:05:40.8941112Z  * [new branch]          codex/issue-4193-vdbbench-load-batch -> origin/codex/issue-4193-vdbbench-load-batch
stable legacy/public capture	UNKNOWN STEP	2026-10-06T11:05:40.8941470Z  * [new branch]          codex/issue-4250-fixed-cluster-qualify-finalbase-v1 -> origin/codex/issue-4250-fixed-cluster-qualify-finalbase-v1
stable legacy/public capture	UNKNOWN STEP	2026-10-06T11:05:40.8941790Z  * [new branch]          codex/issue-4250-vector-initialize-finalbase-v1 -> origin/codex/issue-4250-vector-initialize-finalbase-v1
stable legacy/public capture	UNKNOWN STEP	2026-10-06T11:05:40.8941943Z  * [new branch]          codex/issue-4252        -> origin/codex/issue-4252
stable legacy/public capture	UNKNOWN STEP	2026-10-06T11:05:40.8942085Z  * [new branch]          codex/issue-4253        -> origin/codex/issue-4253
stable legacy/public capture	UNKNOWN STEP	2026-10-06T11:05:40.8942220Z  * [new branch]          codex/issue-4254        -> origin/codex/issue-4254
stable legacy/public capture	UNKNOWN STEP	2026-10-06T11:05:40.8942361Z  * [new branch]          codex/issue-4257        -> origin/codex/issue-4257
stable legacy/public capture	UNKNOWN STEP	2026-10-06T11:05:40.8942615Z  * [new branch]          codex/issue-4259        -> origin/codex/issue-4259
stable legacy/public capture	UNKNOWN STEP	2026-10-06T11:05:40.8942855Z  * [new branch]          codex/issue-4262-compact-embedding -> origin/codex/issue-4262-compact-embedding
stable legacy/public capture	UNKNOWN STEP	2026-10-06T11:05:40.8943114Z  * [new branch]          codex/issue-4322-logical-domain-packs -> origin/codex/issue-4322-logical-domain-packs
stable legacy/public capture	UNKNOWN STEP	2026-10-06T11:05:40.8943358Z  * [new branch]          codex/issue-4324-partition-live-delta -> origin/codex/issue-4324-partition-live-delta
stable legacy/public capture	UNKNOWN STEP	2026-10-06T11:05:40.8943574Z  * [new branch]          codex/issue-4345-handle-sharing -> origin/codex/issue-4345-handle-sharing
stable legacy/public capture	UNKNOWN STEP	2026-10-06T11:05:40.8943800Z  * [new branch]          codex/issue-4345-physical-sharing -> origin/codex/issue-4345-physical-sharing
stable legacy/public capture	UNKNOWN STEP	2026-10-06T11:05:40.8944060Z  * [new branch]          codex/issue-4371-distinct-segment-proof -> origin/codex/issue-4371-distinct-segment-proof
stable legacy/public capture	UNKNOWN STEP	2026-10-06T11:05:40.8944276Z  * [new branch]          codex/issue-4427-stream-assets -> origin/codex/issue-4427-stream-assets
stable legacy/public capture	UNKNOWN STEP	2026-10-06T11:05:40.8944463Z  * [new branch]          codex/issue-4428-adjacency -> origin/codex/issue-4428-adjacency
stable legacy/public capture	UNKNOWN STEP	2026-10-06T11:05:40.8944714Z  * [new branch]          codex/issue-4431-typed-vector-source -> origin/codex/issue-4431-typed-vector-source
stable legacy/public capture	UNKNOWN STEP	2026-10-06T11:05:40.8944962Z  * [new branch]          codex/issue-4438-construction-matrix -> origin/codex/issue-4438-construction-matrix
stable legacy/public capture	UNKNOWN STEP	2026-10-06T11:05:40.8945471Z  * [new branch]          codex/issue-4478-proportional-maintenance -> origin/codex/issue-4478-proportional-maintenance
stable legacy/public capture	UNKNOWN STEP	2026-10-06T11:05:40.8945724Z  * [new branch]          codex/issue-4483-request-local-stats -> origin/codex/issue-4483-request-local-stats
stable legacy/public capture	UNKNOWN STEP	2026-10-06T11:05:40.8945960Z  * [new branch]          codex/issue-4490-optimistic-upsert -> origin/codex/issue-4490-optimistic-upsert
stable legacy/public capture	UNKNOWN STEP	2026-10-06T11:05:40.8946155Z  * [new branch]          codex/issue-4493-typed-fp32 -> origin/codex/issue-4493-typed-fp32
stable legacy/public capture	UNKNOWN STEP	2026-10-06T11:05:40.8946369Z  * [new branch]          codex/issue-4496-vlog-age-park -> origin/codex/issue-4496-vlog-age-park
stable legacy/public capture	UNKNOWN STEP	2026-10-06T11:05:40.8946669Z  * [new branch]          codex/issue-4497-deferred-vlog -> origin/codex/issue-4497-deferred-vlog
stable legacy/public capture	UNKNOWN STEP	2026-10-06T11:05:40.8946873Z  * [new branch]          codex/issue-4502-wal-cleanup -> origin/codex/issue-4502-wal-cleanup
stable legacy/public capture	UNKNOWN STEP	2026-10-06T11:05:40.8947113Z  * [new branch]          codex/issue-4514-reciprocal-scratch -> origin/codex/issue-4514-reciprocal-scratch
stable legacy/public capture	UNKNOWN STEP	2026-10-06T11:05:40.8947334Z  * [new branch]          codex/issue-4523-manifest-rebase -> origin/codex/issue-4523-manifest-rebase
stable legacy/public capture	UNKNOWN STEP	2026-10-06T11:05:40.8947616Z  * [new branch]          codex/issue-4526-buffered-manifest-rebase -> origin/codex/issue-4526-buffered-manifest-rebase
stable legacy/public capture	UNKNOWN STEP	2026-10-06T11:05:40.8947909Z  * [new branch]          codex/issue-4720-partition-live-incremental -> origin/codex/issue-4720-partition-live-incremental
stable legacy/public capture	UNKNOWN STEP	2026-10-06T11:05:40.8948172Z  * [new branch]          codex/issue-4727-fixed-peer-tcp-runtime -> origin/codex/issue-4727-fixed-peer-tcp-runtime
stable legacy/public capture	UNKNOWN STEP	2026-10-06T11:05:40.8948428Z  * [new branch]          codex/issue-4728-routed-vector-mutation -> origin/codex/issue-4728-routed-vector-mutation
stable legacy/public capture	UNKNOWN STEP	2026-10-06T11:05:40.8948635Z  * [new branch]          codex/issue-4744-build-context -> origin/codex/issue-4744-build-context
stable legacy/public capture	UNKNOWN STEP	2026-10-06T11:05:40.8948888Z  * [new branch]          codex/issue-4744-coverage-attribution -> origin/codex/issue-4744-coverage-attribution
stable legacy/public capture	UNKNOWN STEP	2026-10-06T11:05:40.8949093Z  * [new branch]          codex/issue-4745-review-context -> origin/codex/issue-4745-review-context
stable legacy/public capture	UNKNOWN STEP	2026-10-06T11:05:40.8949380Z  * [new branch]          codex/issue-4745-router-policy-diagnostics -> origin/codex/issue-4745-router-policy-diagnostics
stable legacy/public capture	UNKNOWN STEP	2026-10-06T11:05:40.8949603Z  * [new branch]          codex/issue-4748-4749-build-context -> origin/codex/issue-4748-4749-build-context
stable legacy/public capture	UNKNOWN STEP	2026-10-06T11:05:40.8949876Z  * [new branch]          codex/issue-4748-router-effort-diagnostics -> origin/codex/issue-4748-router-effort-diagnostics
stable legacy/public capture	UNKNOWN STEP	2026-10-06T11:05:40.8950216Z  * [new branch]          codex/issue-4749-router-representation-diagnostics -> origin/codex/issue-4749-router-representation-diagnostics
stable legacy/public capture	UNKNOWN STEP	2026-10-06T11:05:40.8950556Z  * [new branch]          codex/issue-4753-comparison-packet -> origin/codex/issue-4753-comparison-packet
stable legacy/public capture	UNKNOWN STEP	2026-10-06T11:05:40.8950825Z  * [new branch]          codex/issue-4753-complete-measurements -> origin/codex/issue-4753-complete-measurements
stable legacy/public capture	UNKNOWN STEP	2026-10-06T11:05:40.8951040Z  * [new branch]          codex/issue-4753-final-evidence -> origin/codex/issue-4753-final-evidence
stable legacy/public capture	UNKNOWN STEP	2026-10-06T11:05:40.8951327Z  * [new branch]          codex/issue-4753-integrated-packing-no-go -> origin/codex/issue-4753-integrated-packing-no-go
stable legacy/public capture	UNKNOWN STEP	2026-10-06T11:05:40.8951593Z  * [new branch]          codex/issue-4753-real-embedding-fixture -> origin/codex/issue-4753-real-embedding-fixture
stable legacy/public capture	UNKNOWN STEP	2026-10-06T11:05:40.8951793Z  * [new branch]          codex/issue-4753-real-lifecycle -> origin/codex/issue-4753-real-lifecycle
stable legacy/public capture	UNKNOWN STEP	2026-10-06T11:05:40.8952038Z  * [new branch]          codex/issue-4753-resource-completion -> origin/codex/issue-4753-resource-completion
stable legacy/public capture	UNKNOWN STEP	2026-10-06T11:05:40.8952271Z  * [new branch]          codex/issue-4753-resource-topology -> origin/codex/issue-4753-resource-topology
stable legacy/public capture	UNKNOWN STEP	2026-10-06T11:05:40.8952496Z  * [new branch]          codex/issue-4753-retained-geometry -> origin/codex/issue-4753-retained-geometry
stable legacy/public capture	UNKNOWN STEP	2026-10-06T11:05:40.8952773Z  * [new branch]          codex/issue-4753-retained-mutation-schema -> origin/codex/issue-4753-retained-mutation-schema
stable legacy/public capture	UNKNOWN STEP	2026-10-06T11:05:40.8953035Z  * [new branch]          codex/issue-4753-retained-source-binding -> origin/codex/issue-4753-retained-source-binding
stable legacy/public capture	UNKNOWN STEP	2026-10-06T11:05:40.8953270Z  * [new branch]          codex/issue-4753-selected-lifecycle -> origin/codex/issue-4753-selected-lifecycle
stable legacy/public capture	UNKNOWN STEP	2026-10-06T11:05:40.8953517Z  * [new branch]          codex/issue-4766-literal-filtered-bm25 -> origin/codex/issue-4766-literal-filtered-bm25
stable legacy/public capture	UNKNOWN STEP	2026-10-06T11:05:40.8953744Z  * [new branch]          codex/issue-4767-public-hybrid-sq8 -> origin/codex/issue-4767-public-hybrid-sq8
stable legacy/public capture	UNKNOWN STEP	2026-10-06T11:05:40.8954030Z  * [new branch]          codex/issue-4768-atomic-source-replacement -> origin/codex/issue-4768-atomic-source-replacement
stable legacy/public capture	UNKNOWN STEP	2026-10-06T11:05:40.8954326Z  * [new branch]          codex/issue-4769-typed-metadata -> origin/codex/issue-4769-typed-metadata
stable legacy/public capture	UNKNOWN STEP	2026-10-06T11:05:40.8954575Z  * [new branch]          codex/issue-4773-hierarchical-route -> origin/codex/issue-4773-hierarchical-route
stable legacy/public capture	UNKNOWN STEP	2026-10-06T11:05:40.8954818Z  * [new branch]          codex/issue-4773-krt-centroid-forest -> origin/codex/issue-4773-krt-centroid-forest
stable legacy/public capture	UNKNOWN STEP	2026-10-06T11:05:40.8955082Z  * [new branch]          codex/issue-4773-production-krt-router -> origin/codex/issue-4773-production-krt-router
stable legacy/public capture	UNKNOWN STEP	2026-10-06T11:05:40.8955476Z  * [new branch]          codex/issue-4773-router-work-bound -> origin/codex/issue-4773-router-work-bound
stable legacy/public capture	UNKNOWN STEP	2026-10-06T11:05:40.8955720Z  * [new branch]          codex/issue-4774-canonical-local-hnsw -> origin/codex/issue-4774-canonical-local-hnsw
stable legacy/public capture	UNKNOWN STEP	2026-10-06T11:05:40.8955955Z  * [new branch]          codex/issue-4774-final-ef96-harness -> origin/codex/issue-4774-final-ef96-harness
stable legacy/public capture	UNKNOWN STEP	2026-10-06T11:05:40.8956163Z  * [new branch]          codex/issue-4775-bounded-graph -> origin/codex/issue-4775-bounded-graph
stable legacy/public capture	UNKNOWN STEP	2026-10-06T11:05:40.8956428Z  * [new branch]          codex/issue-4775-byte-bounded-ingestion -> origin/codex/issue-4775-byte-bounded-ingestion
stable legacy/public capture	UNKNOWN STEP	2026-10-06T11:05:40.8956718Z  * [new branch]          codex/issue-4775-domain-boundary-validation -> origin/codex/issue-4775-domain-boundary-validation
stable legacy/public capture	UNKNOWN STEP	2026-10-06T11:05:40.8956912Z  * [new branch]          codex/issue-4775-domain-chunks -> origin/codex/issue-4775-domain-chunks
stable legacy/public capture	UNKNOWN STEP	2026-10-06T11:05:40.8957159Z  * [new branch]          codex/issue-4775-domain-evidence-9054 -> origin/codex/issue-4775-domain-evidence-9054
stable legacy/public capture	UNKNOWN STEP	2026-10-06T11:05:40.8957381Z  * [new branch]          codex/issue-4775-domain-pack-split -> origin/codex/issue-4775-domain-pack-split
stable legacy/public capture	UNKNOWN STEP	2026-10-06T11:05:40.8957615Z  * [new branch]          codex/issue-4775-graph-home-packing -> origin/codex/issue-4775-graph-home-packing
stable legacy/public capture	UNKNOWN STEP	2026-10-06T11:05:40.8957984Z  * [new branch]          codex/issue-4775-home-packing-evidence -> origin/codex/issue-4775-home-packing-evidence
stable legacy/public capture	UNKNOWN STEP	2026-10-06T11:05:40.8958272Z  * [new branch]          codex/issue-4775-physical-resource-receipt -> origin/codex/issue-4775-physical-resource-receipt
stable legacy/public capture	UNKNOWN STEP	2026-10-06T11:05:40.8958510Z  * [new branch]          codex/issue-4775-runtime-comparison -> origin/codex/issue-4775-runtime-comparison
stable legacy/public capture	UNKNOWN STEP	2026-10-06T11:05:40.8958729Z  * [new branch]          codex/issue-4787-partition-vamana -> origin/codex/issue-4787-partition-vamana
stable legacy/public capture	UNKNOWN STEP	2026-10-06T11:05:40.8959054Z  * [new branch]          codex/issue-4806-distributed-partition-contract -> origin/codex/issue-4806-distributed-partition-contract
stable legacy/public capture	UNKNOWN STEP	2026-10-06T11:05:40.8959266Z  * [new branch]          codex/issue-4807-sparse-catalog -> origin/codex/issue-4807-sparse-catalog
stable legacy/public capture	UNKNOWN STEP	2026-10-06T11:05:40.8959515Z  * [new branch]          codex/issue-4808-owner-local-metadata -> origin/codex/issue-4808-owner-local-metadata
stable legacy/public capture	UNKNOWN STEP	2026-10-06T11:05:40.8959759Z  * [new branch]          codex/issue-4809-auth-shard-20260928 -> origin/codex/issue-4809-auth-shard-20260928
stable legacy/public capture	UNKNOWN STEP	2026-10-06T11:05:40.8960026Z  * [new branch]          codex/issue-4809-config-capacity-20260929 -> origin/codex/issue-4809-config-capacity-20260929
stable legacy/public capture	UNKNOWN STEP	2026-10-06T11:05:40.8960340Z  * [new branch]          codex/issue-4809-cost-observation-main-8715-v1 -> origin/codex/issue-4809-cost-observation-main-8715-v1
stable legacy/public capture	UNKNOWN STEP	2026-10-06T11:05:40.8960639Z  * [new branch]          codex/issue-4809-immutable-authority-20260928 -> origin/codex/issue-4809-immutable-authority-20260928
stable legacy/public capture	UNKNOWN STEP	2026-10-06T11:05:40.8960952Z  * [new branch]          codex/issue-4809-owner-asset-corruption-20260928 -> origin/codex/issue-4809-owner-asset-corruption-20260928
stable legacy/public capture	UNKNOWN STEP	2026-10-06T11:05:40.8961222Z  * [new branch]          codex/issue-4809-owner-segments-20260928 -> origin/codex/issue-4809-owner-segments-20260928
stable legacy/public capture	UNKNOWN STEP	2026-10-06T11:05:40.8961567Z  * [new branch]          codex/issue-4809-ownerlocal-merged-support-20260928 -> origin/codex/issue-4809-ownerlocal-merged-support-20260928
stable legacy/public capture	UNKNOWN STEP	2026-10-06T11:05:40.8961907Z  * [new branch]          codex/issue-4809-scoped-stage-20260928 -> origin/codex/issue-4809-scoped-stage-20260928
stable legacy/public capture	UNKNOWN STEP	2026-10-06T11:05:40.8962207Z  * [new branch]          codex/issue-4809-separate-leader-v2-20260928 -> origin/codex/issue-4809-separate-leader-v2-20260928
stable legacy/public capture	UNKNOWN STEP	2026-10-06T11:05:40.8962468Z  * [new branch]          codex/issue-4809-source-holder-20260928 -> origin/codex/issue-4809-source-holder-20260928
stable legacy/public capture	UNKNOWN STEP	2026-10-06T11:05:40.8962748Z  * [new branch]          codex/issue-4809-stale-active-red-20260929 -> origin/codex/issue-4809-stale-active-red-20260929
stable legacy/public capture	UNKNOWN STEP	2026-10-06T11:05:40.8963031Z  * [new branch]          codex/issue-4809-wrong-owner-fault-20260929 -> origin/codex/issue-4809-wrong-owner-fault-20260929
stable legacy/public capture	UNKNOWN STEP	2026-10-06T11:05:40.8963319Z  * [new branch]          codex/issue-4810-canonical-first-red-20260929 -> origin/codex/issue-4810-canonical-first-red-20260929
stable legacy/public capture	UNKNOWN STEP	2026-10-06T11:05:40.8963607Z  * [new branch]          codex/issue-4810-split-source-guard-20260929 -> origin/codex/issue-4810-split-source-guard-20260929
stable legacy/public capture	UNKNOWN STEP	2026-10-06T11:05:40.8963988Z  * [new branch]          codex/issue-4810-split-source-insert-cfee-integration-v1 -> origin/codex/issue-4810-split-source-insert-cfee-integration-v1
stable legacy/public capture	UNKNOWN STEP	2026-10-06T11:05:40.8964264Z  * [new branch]          codex/issue-4811-active-authority-20260929 -> origin/codex/issue-4811-active-authority-20260929
stable legacy/public capture	UNKNOWN STEP	2026-10-06T11:05:40.8964559Z  * [new branch]          codex/issue-4811-bounded-replica-replacement -> origin/codex/issue-4811-bounded-replica-replacement
stable legacy/public capture	UNKNOWN STEP	2026-10-06T11:05:40.8964824Z  * [new branch]          codex/issue-4811-close-revocation-20260928 -> origin/codex/issue-4811-close-revocation-20260928
stable legacy/public capture	UNKNOWN STEP	2026-10-06T11:05:40.8965170Z  * [new branch]          codex/issue-4811-document-substrate-harness-20260927 -> origin/codex/issue-4811-document-substrate-harness-20260927
stable legacy/public capture	UNKNOWN STEP	2026-10-06T11:05:40.8965539Z  * [new branch]          codex/issue-4811-immutable-standby-20260928 -> origin/codex/issue-4811-immutable-standby-20260928
stable legacy/public capture	UNKNOWN STEP	2026-10-06T11:05:40.8965896Z  * [new branch]          codex/issue-4811-next-recovery-20260928 -> origin/codex/issue-4811-next-recovery-20260928
stable legacy/public capture	UNKNOWN STEP	2026-10-06T11:05:40.8966186Z  * [new branch]          codex/issue-4811-noncatalog-owner-runtime -> origin/codex/issue-4811-noncatalog-owner-runtime
stable legacy/public capture	UNKNOWN STEP	2026-10-06T11:05:40.8966512Z  * [new branch]          codex/issue-4811-ordinary-owner-current-db-warm-v1 -> origin/codex/issue-4811-ordinary-owner-current-db-warm-v1
stable legacy/public capture	UNKNOWN STEP	2026-10-06T11:05:40.8966762Z  * [new branch]          codex/issue-4811-owner-preparation-v1 -> origin/codex/issue-4811-owner-preparation-v1
stable legacy/public capture	UNKNOWN STEP	2026-10-06T11:05:40.8967071Z  * [new branch]          codex/issue-4811-owner-qualification-receipt-v1 -> origin/codex/issue-4811-owner-qualification-receipt-v1
stable legacy/public capture	UNKNOWN STEP	2026-10-06T11:05:40.8967379Z  * [new branch]          codex/issue-4811-postmerge-snapshot-admission -> origin/codex/issue-4811-postmerge-snapshot-admission
stable legacy/public capture	UNKNOWN STEP	2026-10-06T11:05:40.8967675Z  * [new branch]          codex/issue-4811-private-ann-qualification-v1 -> origin/codex/issue-4811-private-ann-qualification-v1
stable legacy/public capture	UNKNOWN STEP	2026-10-06T11:05:40.8967953Z  * [new branch]          codex/issue-4811-private-owner-endpoint-v1 -> origin/codex/issue-4811-private-owner-endpoint-v1
stable legacy/public capture	UNKNOWN STEP	2026-10-06T11:05:40.8968246Z  * [new branch]          codex/issue-4811-private-owner-source-main-v1 -> origin/codex/issue-4811-private-owner-source-main-v1
stable legacy/public capture	UNKNOWN STEP	2026-10-06T11:05:40.8968529Z  * [new branch]          codex/issue-4811-sequential-config-boundary -> origin/codex/issue-4811-sequential-config-boundary
stable legacy/public capture	UNKNOWN STEP	2026-10-06T11:05:40.8968810Z  * [new branch]          codex/issue-4812-quiesced-ann-domain-move-v1 -> origin/codex/issue-4812-quiesced-ann-domain-move-v1
stable legacy/public capture	UNKNOWN STEP	2026-10-06T11:05:40.8969082Z  * [new branch]          codex/issue-4813-peer-security-admission -> origin/codex/issue-4813-peer-security-admission
stable legacy/public capture	UNKNOWN STEP	2026-10-06T11:05:40.8969314Z  * [new branch]          codex/issue-4886-offline-compaction -> origin/codex/issue-4886-offline-compaction
stable legacy/public capture	UNKNOWN STEP	2026-10-06T11:05:40.8969484Z  * [new branch]          codex/issue-4889-decode -> origin/codex/issue-4889-decode
stable legacy/public capture	UNKNOWN STEP	2026-10-06T11:05:40.8969652Z  * [new branch]          codex/issue-4890-reads  -> origin/codex/issue-4890-reads
stable legacy/public capture	UNKNOWN STEP	2026-10-06T11:05:40.8969899Z  * [new branch]          codex/issue-4891-values -> origin/codex/issue-4891-values
stable legacy/public capture	UNKNOWN STEP	2026-10-06T11:05:40.8970125Z  * [new branch]          codex/issue-4892-memory-decision -> origin/codex/issue-4892-memory-decision
stable legacy/public capture	UNKNOWN STEP	2026-10-06T11:05:40.8970316Z  * [new branch]          codex/issue-4893-algorithms -> origin/codex/issue-4893-algorithms
stable legacy/public capture	UNKNOWN STEP	2026-10-06T11:05:40.8970594Z  * [new branch]          codex/issue-4893-final-algorithm-decision -> origin/codex/issue-4893-final-algorithm-decision
stable legacy/public capture	UNKNOWN STEP	2026-10-06T11:05:40.8970770Z  * [new branch]          codex/issue-4894-harness -> origin/codex/issue-4894-harness
stable legacy/public capture	UNKNOWN STEP	2026-10-06T11:05:40.8970977Z  * [new branch]          codex/issue-4895-final-evidence -> origin/codex/issue-4895-final-evidence
stable legacy/public capture	UNKNOWN STEP	2026-10-06T11:05:40.8971199Z  * [new branch]          codex/issue-4914-checkpoint-bins -> origin/codex/issue-4914-checkpoint-bins
stable legacy/public capture	UNKNOWN STEP	2026-10-06T11:05:40.8971423Z  * [new branch]          codex/issue-4916-snapshot-decision -> origin/codex/issue-4916-snapshot-decision
stable legacy/public capture	UNKNOWN STEP	2026-10-06T11:05:40.8971679Z  * [new branch]          codex/issue-4916-snapshot-eligibility -> origin/codex/issue-4916-snapshot-eligibility
stable legacy/public capture	UNKNOWN STEP	2026-10-06T11:05:40.8971895Z  * [new branch]          codex/issue-4917-shared-traversal -> origin/codex/issue-4917-shared-traversal
stable legacy/public capture	UNKNOWN STEP	2026-10-06T11:05:40.8972103Z  * [new branch]          codex/issue-4920-pointer-views -> origin/codex/issue-4920-pointer-views
stable legacy/public capture	UNKNOWN STEP	2026-10-06T11:05:40.8972302Z  * [new branch]          codex/issue-4935-race-headroom -> origin/codex/issue-4935-race-headroom
stable legacy/public capture	UNKNOWN STEP	2026-10-06T11:05:40.8972547Z  * [new branch]          codex/issue-4944-rf4-initialization-v1 -> origin/codex/issue-4944-rf4-initialization-v1
stable legacy/public capture	UNKNOWN STEP	2026-10-06T11:05:40.8972793Z  * [new branch]          codex/issue-4947-query-under-write-v1 -> origin/codex/issue-4947-query-under-write-v1
stable legacy/public capture	UNKNOWN STEP	2026-10-06T11:05:40.8973122Z  * [new branch]          codex/issue-4949-admission-recovery-provisional-v1 -> origin/codex/issue-4949-admission-recovery-provisional-v1
stable legacy/public capture	UNKNOWN STEP	2026-10-06T11:05:40.8973421Z  * [new branch]          codex/issue-4956-fixed-dataset-v1 -> origin/codex/issue-4956-fixed-dataset-v1
stable legacy/public capture	UNKNOWN STEP	2026-10-06T11:05:40.8973682Z  * [new branch]          codex/issue-4958-admission-progress-v1 -> origin/codex/issue-4958-admission-progress-v1
stable legacy/public capture	UNKNOWN STEP	2026-10-06T11:05:40.8973925Z  * [new branch]          codex/issue-4958-write-cost-profile-v2 -> origin/codex/issue-4958-write-cost-profile-v2
stable legacy/public capture	UNKNOWN STEP	2026-10-06T11:05:40.8974238Z  * [new branch]          codex/issue-4959-paced-real-baseline-prefix-v1 -> origin/codex/issue-4959-paced-real-baseline-prefix-v1
stable legacy/public capture	UNKNOWN STEP	2026-10-06T11:05:40.8974453Z  * [new branch]          codex/issue-4959-paced-window-v1 -> origin/codex/issue-4959-paced-window-v1
stable legacy/public capture	UNKNOWN STEP	2026-10-06T11:05:40.8974744Z  * [new branch]          codex/issue-4959-read-resource-boundaries-v1 -> origin/codex/issue-4959-read-resource-boundaries-v1
stable legacy/public capture	UNKNOWN STEP	2026-10-06T11:05:40.8974951Z  * [new branch]          codex/issue-4959-read-window-v1 -> origin/codex/issue-4959-read-window-v1
stable legacy/public capture	UNKNOWN STEP	2026-10-06T11:05:40.8975160Z  * [new branch]          codex/issue-4959-recall-first-v1 -> origin/codex/issue-4959-recall-first-v1
stable legacy/public capture	UNKNOWN STEP	2026-10-06T11:05:40.8975608Z  * [new branch]          codex/issue-4975-live-canonical-score-v1 -> origin/codex/issue-4975-live-canonical-score-v1
stable legacy/public capture	UNKNOWN STEP	2026-10-06T11:05:40.8975882Z  * [new branch]          codex/issue-4977-colocated-mutations-v10 -> origin/codex/issue-4977-colocated-mutations-v10
stable legacy/public capture	UNKNOWN STEP	2026-10-06T11:05:40.8976160Z  * [new branch]          codex/issue-4994-mixed-colocated-window-v1 -> origin/codex/issue-4994-mixed-colocated-window-v1
stable legacy/public capture	UNKNOWN STEP	2026-10-06T11:05:40.8976390Z  * [new branch]          codex/issue-4997-changing-top10-v2 -> origin/codex/issue-4997-changing-top10-v2
stable legacy/public capture	UNKNOWN STEP	2026-10-06T11:05:40.8976631Z  * [new branch]          codex/issue-4998-population-audit-v1 -> origin/codex/issue-4998-population-audit-v1
stable legacy/public capture	UNKNOWN STEP	2026-10-06T11:05:40.8976822Z  * [new branch]          codex/issue-552-step1-clean -> origin/codex/issue-552-step1-clean
stable legacy/public capture	UNKNOWN STEP	2026-10-06T11:05:40.8977042Z  * [new branch]          codex/issue-552-step1-lease-gate -> origin/codex/issue-552-step1-lease-gate
stable legacy/public capture	UNKNOWN STEP	2026-10-06T11:05:40.8977320Z  * [new branch]          codex/issue-perf-benchplan -> origin/codex/issue-perf-benchplan
stable legacy/public capture	UNKNOWN STEP	2026-10-06T11:05:40.8977560Z  * [new branch]          codex/issue254-leaf-frontcoding-v2 -> origin/codex/issue254-leaf-frontcoding-v2
stable legacy/public capture	UNKNOWN STEP	2026-10-06T11:05:40.8977771Z  * [new branch]          codex/issue255-packed-valueptr -> origin/codex/issue255-packed-valueptr
stable legacy/public capture	UNKNOWN STEP	2026-10-06T11:05:40.8977984Z  * [new branch]          codex/issue256-columnar-hotpath -> origin/codex/issue256-columnar-hotpath
stable legacy/public capture	UNKNOWN STEP	2026-10-06T11:05:40.8978199Z  * [new branch]          codex/issue256-columnar-v2-codec -> origin/codex/issue256-columnar-v2-codec
stable legacy/public capture	UNKNOWN STEP	2026-10-06T11:05:40.8978401Z  * [new branch]          codex/issue257-columnar-prefix -> origin/codex/issue257-columnar-prefix
stable legacy/public capture	UNKNOWN STEP	2026-10-06T11:05:40.8978642Z  * [new branch]          codex/issue258-internal-compression -> origin/codex/issue258-internal-compression
stable legacy/public capture	UNKNOWN STEP	2026-10-06T11:05:40.8978846Z  * [new branch]          codex/issue303-vlog-dict-toggle -> origin/codex/issue303-vlog-dict-toggle
stable legacy/public capture	UNKNOWN STEP	2026-10-06T11:05:40.8979075Z  * [new branch]          codex/issue304-vlog-dict-dictbytes -> origin/codex/issue304-vlog-dict-dictbytes
stable legacy/public capture	UNKNOWN STEP	2026-10-06T11:05:40.8979311Z  * [new branch]          codex/issue305-vlog-dict-determinism -> origin/codex/issue305-vlog-dict-determinism
stable legacy/public capture	UNKNOWN STEP	2026-10-06T11:05:40.8979551Z  * [new branch]          codex/issue306-side-store-chunk-size -> origin/codex/issue306-side-store-chunk-size
stable legacy/public capture	UNKNOWN STEP	2026-10-06T11:05:40.8979777Z  * [new branch]          codex/issue307-vlog-dict-bootstrap -> origin/codex/issue307-vlog-dict-bootstrap
stable legacy/public capture	UNKNOWN STEP	2026-10-06T11:05:40.8979972Z  * [new branch]          codex/issue308-vlog-dict-maxk -> origin/codex/issue308-vlog-dict-maxk
stable legacy/public capture	UNKNOWN STEP	2026-10-06T11:05:40.8980206Z  * [new branch]          codex/issue309-vlog-dict-zstd-knobs -> origin/codex/issue309-vlog-dict-zstd-knobs
stable legacy/public capture	UNKNOWN STEP	2026-10-06T11:05:40.8980465Z  * [new branch]          codex/issue310-vlog-autotune-stats-docs -> origin/codex/issue310-vlog-autotune-stats-docs
stable legacy/public capture	UNKNOWN STEP	2026-10-06T11:05:40.8980839Z  * [new branch]          codex/issue311-vlog-dict-encodeallparts -> origin/codex/issue311-vlog-dict-encodeallparts
stable legacy/public capture	UNKNOWN STEP	2026-10-06T11:05:40.8981144Z  * [new branch]          codex/issue312-vlog-dict-parallel-pipeline -> origin/codex/issue312-vlog-dict-parallel-pipeline
stable legacy/public capture	UNKNOWN STEP	2026-10-06T11:05:40.8981374Z  * [new branch]          codex/issue313-vlog-dict-guide-doc -> origin/codex/issue313-vlog-dict-guide-doc
stable legacy/public capture	UNKNOWN STEP	2026-10-06T11:05:40.8981640Z  * [new branch]          codex/issue328-vlog-dict-frame-planner -> origin/codex/issue328-vlog-dict-frame-planner
stable legacy/public capture	UNKNOWN STEP	2026-10-06T11:05:40.8981889Z  * [new branch]          codex/issue329-vlog-prepared-record -> origin/codex/issue329-vlog-prepared-record
stable legacy/public capture	UNKNOWN STEP	2026-10-06T11:05:40.8982134Z  * [new branch]          codex/issue330-vlog-dict-pipeline-v2 -> origin/codex/issue330-vlog-dict-pipeline-v2
stable legacy/public capture	UNKNOWN STEP	2026-10-06T11:05:40.8982378Z  * [new branch]          codex/issue331-vlog-queue-dict-batch -> origin/codex/issue331-vlog-queue-dict-batch
stable legacy/public capture	UNKNOWN STEP	2026-10-06T11:05:40.8982642Z  * [new branch]          codex/issue344-allflags-regression-gate -> origin/codex/issue344-allflags-regression-gate
stable legacy/public capture	UNKNOWN STEP	2026-10-06T11:05:40.8982879Z  * [new branch]          codex/issue351-memtable-allocator -> origin/codex/issue351-memtable-allocator
stable legacy/public capture	UNKNOWN STEP	2026-10-06T11:05:40.8983189Z  * [new branch]          codex/issue406-forced-pointer-net-throughput -> origin/codex/issue406-forced-pointer-net-throughput
stable legacy/public capture	UNKNOWN STEP	2026-10-06T11:05:40.8983472Z  * [new branch]          codex/issueXXX-columnar-implicit-offsets -> origin/codex/issueXXX-columnar-implicit-offsets
stable legacy/public capture	UNKNOWN STEP	2026-10-06T11:05:40.8983693Z  * [new branch]          codex/jsonbench-caveat-refresh -> origin/codex/jsonbench-caveat-refresh
stable legacy/public capture	UNKNOWN STEP	2026-10-06T11:05:40.8984026Z  * [new branch]          codex/jsonbench-columnstore-10m-doc-20260526_225332 -> origin/codex/jsonbench-columnstore-10m-doc-20260526_225332
stable legacy/public capture	UNKNOWN STEP	2026-10-06T11:05:40.8984280Z  * [new branch]          codex/jsonbench-columnstore-compare -> origin/codex/jsonbench-columnstore-compare
stable legacy/public capture	UNKNOWN STEP	2026-10-06T11:05:40.8984495Z  * [new branch]          codex/jsonbench-evidence-2301 -> origin/codex/jsonbench-evidence-2301
stable legacy/public capture	UNKNOWN STEP	2026-10-06T11:05:40.8984804Z  * [new branch]          codex/jsonbench-metadata-cost-split -> origin/codex/jsonbench-metadata-cost-split
stable legacy/public capture	UNKNOWN STEP	2026-10-06T11:05:40.8985024Z  * [new branch]          codex/jsonbench-raw-validation -> origin/codex/jsonbench-raw-validation
stable legacy/public capture	UNKNOWN STEP	2026-10-06T11:05:40.8985398Z  * [new branch]          codex/jsonbench-shared-append-load -> origin/codex/jsonbench-shared-append-load
stable legacy/public capture	UNKNOWN STEP	2026-10-06T11:05:40.8985652Z  * [new branch]          codex/jsonbench-storage-audits-2296 -> origin/codex/jsonbench-storage-audits-2296
stable legacy/public capture	UNKNOWN STEP	2026-10-06T11:05:40.8985898Z  * [new branch]          codex/lanes-probe-parallel-writers -> origin/codex/lanes-probe-parallel-writers
stable legacy/public capture	UNKNOWN STEP	2026-10-06T11:05:40.8986202Z  * [new branch]          codex/leaf-generation-length-index-prealloc -> origin/codex/leaf-generation-length-index-prealloc
stable legacy/public capture	UNKNOWN STEP	2026-10-06T11:05:40.8986445Z  * [new branch]          codex/leaf-log-batch-alloc-cleanups -> origin/codex/leaf-log-batch-alloc-cleanups
stable legacy/public capture	UNKNOWN STEP	2026-10-06T11:05:40.8986642Z  * [new branch]          codex/leaf-log-batch-locking -> origin/codex/leaf-log-batch-locking
stable legacy/public capture	UNKNOWN STEP	2026-10-06T11:05:40.8986909Z  * [new branch]          codex/leaf-log-contended-append-prep -> origin/codex/leaf-log-contended-append-prep
stable legacy/public capture	UNKNOWN STEP	2026-10-06T11:05:40.8987153Z  * [new branch]          codex/leaf-log-contended-batch-drain -> origin/codex/leaf-log-contended-batch-drain
stable legacy/public capture	UNKNOWN STEP	2026-10-06T11:05:40.8987417Z  * [new branch]          codex/leaf-pack-no-candidate-preflight -> origin/codex/leaf-pack-no-candidate-preflight
stable legacy/public capture	UNKNOWN STEP	2026-10-06T11:05:40.8987658Z  * [new branch]          codex/leaf-pack-planning-efficiency -> origin/codex/leaf-pack-planning-efficiency
stable legacy/public capture	UNKNOWN STEP	2026-10-06T11:05:40.8987933Z  * [new branch]          codex/leaf-pack-transcode-outer-leaf-dict -> origin/codex/leaf-pack-transcode-outer-leaf-dict
stable legacy/public capture	UNKNOWN STEP	2026-10-06T11:05:40.8988205Z  * [new branch]          codex/leaf-prefix-search-bench-prod-opt -> origin/codex/leaf-prefix-search-bench-prod-opt
stable legacy/public capture	UNKNOWN STEP	2026-10-06T11:05:40.8988483Z  * [new branch]          codex/leaf-vlog-analysis -> origin/codex/leaf-vlog-analysis
stable legacy/public capture	UNKNOWN STEP	2026-10-06T11:05:40.8988690Z  * [new branch]          codex/leaf-vlog-compact-pages -> origin/codex/leaf-vlog-compact-pages
stable legacy/public capture	UNKNOWN STEP	2026-10-06T11:05:40.8988915Z  * [new branch]          codex/leaf-vlog-compression-2299 -> origin/codex/leaf-vlog-compression-2299
stable legacy/public capture	UNKNOWN STEP	2026-10-06T11:05:40.8989194Z  * [new branch]          codex/leaf-vlog-compression-investigation -> origin/codex/leaf-vlog-compression-investigation
stable legacy/public capture	UNKNOWN STEP	2026-10-06T11:05:40.8989455Z  * [new branch]          codex/leaf-vlog-compression-leaf-pages -> origin/codex/leaf-vlog-compression-leaf-pages
stable legacy/public capture	UNKNOWN STEP	2026-10-06T11:05:40.8989707Z  * [new branch]          codex/leaf-vlog-outer-leaf-dict-split -> origin/codex/leaf-vlog-outer-leaf-dict-split
stable legacy/public capture	UNKNOWN STEP	2026-10-06T11:05:40.8989977Z  * [new branch]          codex/linux-throughput-vlog-block-target -> origin/codex/linux-throughput-vlog-block-target
stable legacy/public capture	UNKNOWN STEP	2026-10-06T11:05:40.8990219Z  * [new branch]          codex/live-outerleaf-dict-dwell-gap -> origin/codex/live-outerleaf-dict-dwell-gap
stable legacy/public capture	UNKNOWN STEP	2026-10-06T11:05:40.8990455Z  * [new branch]          codex/load-client-mode-writer-sweep -> origin/codex/load-client-mode-writer-sweep
stable legacy/public capture	UNKNOWN STEP	2026-10-06T11:05:40.8990677Z  * [new branch]          codex/m1-commit-vlog-publication -> origin/codex/m1-commit-vlog-publication
stable legacy/public capture	UNKNOWN STEP	2026-10-06T11:05:40.8990895Z  * [new branch]          codex/m10-adaptive-leaf-encoding -> origin/codex/m10-adaptive-leaf-encoding
stable legacy/public capture	UNKNOWN STEP	2026-10-06T11:05:40.8991139Z  * [new branch]          codex/m11-per-domain-inline-threshold -> origin/codex/m11-per-domain-inline-threshold
stable legacy/public capture	UNKNOWN STEP	2026-10-06T11:05:40.8991366Z  * [new branch]          codex/m12-docs-no-slab-terminology -> origin/codex/m12-docs-no-slab-terminology
stable legacy/public capture	UNKNOWN STEP	2026-10-06T11:05:40.8991566Z  * [new branch]          codex/m2-wal-vlog-commit-fence -> origin/codex/m2-wal-vlog-commit-fence
stable legacy/public capture	UNKNOWN STEP	2026-10-06T11:05:40.8991768Z  * [new branch]          codex/m4-grouped-frame-cache -> origin/codex/m4-grouped-frame-cache
stable legacy/public capture	UNKNOWN STEP	2026-10-06T11:05:40.8992000Z  * [new branch]          codex/m5-iterator-projection-modes -> origin/codex/m5-iterator-projection-modes
stable legacy/public capture	UNKNOWN STEP	2026-10-06T11:05:40.8992312Z  * [new branch]          codex/m7-segment-health-metadata -> origin/codex/m7-segment-health-metadata
stable legacy/public capture	UNKNOWN STEP	2026-10-06T11:05:40.8992534Z  * [new branch]          codex/m8-online-batched-rewrite -> origin/codex/m8-online-batched-rewrite
stable legacy/public capture	UNKNOWN STEP	2026-10-06T11:05:40.8992747Z  * [new branch]          codex/m9-locality-rewrite-policy -> origin/codex/m9-locality-rewrite-policy
stable legacy/public capture	UNKNOWN STEP	2026-10-06T11:05:40.8993005Z  * [new branch]          codex/main-insert-compression-profile -> origin/codex/main-insert-compression-profile
stable legacy/public capture	UNKNOWN STEP	2026-10-06T11:05:40.8993182Z  * [new branch]          codex/matched-control-v3 -> origin/codex/matched-control-v3
stable legacy/public capture	UNKNOWN STEP	2026-10-06T11:05:40.8993452Z  * [new branch]          codex/memtable-append-only-entry-classes -> origin/codex/memtable-append-only-entry-classes
stable legacy/public capture	UNKNOWN STEP	2026-10-06T11:05:40.8993669Z  * [new branch]          codex/metadata-benchmark-readme -> origin/codex/metadata-benchmark-readme
stable legacy/public capture	UNKNOWN STEP	2026-10-06T11:05:40.8993899Z  * [new branch]          codex/metadata-plan-allocation-opt -> origin/codex/metadata-plan-allocation-opt
stable legacy/public capture	UNKNOWN STEP	2026-10-06T11:05:40.8994104Z  * [new branch]          codex/mmap-reader-epoch-1135 -> origin/codex/mmap-reader-epoch-1135
stable legacy/public capture	UNKNOWN STEP	2026-10-06T11:05:40.8994440Z  * [new branch]          codex/modify-unified-batch-for-hash-partitioning -> origin/codex/modify-unified-batch-for-hash-partitioning
stable legacy/public capture	UNKNOWN STEP	2026-10-06T11:05:40.8994819Z  * [new branch]          codex/modify-unified-batch-for-hash-partitioning-2hupsq -> origin/codex/modify-unified-batch-for-hash-partitioning-2hupsq
stable legacy/public capture	UNKNOWN STEP	2026-10-06T11:05:40.8995189Z  * [new branch]          codex/modify-unified-batch-for-hash-partitioning-jqiwx2 -> origin/codex/modify-unified-batch-for-hash-partitioning-jqiwx2
stable legacy/public capture	UNKNOWN STEP	2026-10-06T11:05:40.8995717Z  * [new branch]          codex/modify-unified-batch-for-hash-partitioning-rvf3i2 -> origin/codex/modify-unified-batch-for-hash-partitioning-rvf3i2
stable legacy/public capture	UNKNOWN STEP	2026-10-06T11:05:40.8996009Z  * [new branch]          codex/mongo-command-wal-correctness-2119 -> origin/codex/mongo-command-wal-correctness-2119
stable legacy/public capture	UNKNOWN STEP	2026-10-06T11:05:40.8996452Z  * [new branch]          codex/mongo-command-wal-indexed-unchanged-update -> origin/codex/mongo-command-wal-indexed-unchanged-update
stable legacy/public capture	UNKNOWN STEP	2026-10-06T11:05:40.8996718Z  * [new branch]          codex/mongo-command-wal-noindex-update -> origin/codex/mongo-command-wal-noindex-update
stable legacy/public capture	UNKNOWN STEP	2026-10-06T11:05:40.8996936Z  * [new branch]          codex/mongo-compat-matrix-1493 -> origin/codex/mongo-compat-matrix-1493
stable legacy/public capture	UNKNOWN STEP	2026-10-06T11:05:40.8997185Z  * [new branch]          codex/mongo-compatible-gateway-spec -> origin/codex/mongo-compatible-gateway-spec
stable legacy/public capture	UNKNOWN STEP	2026-10-06T11:05:40.8997423Z  * [new branch]          codex/mongo-driver-find-raw-range -> origin/codex/mongo-driver-find-raw-range
stable legacy/public capture	UNKNOWN STEP	2026-10-06T11:05:40.8997725Z  * [new branch]          codex/mongo-fast-noindex-update-buffer-2115 -> origin/codex/mongo-fast-noindex-update-buffer-2115
stable legacy/public capture	UNKNOWN STEP	2026-10-06T11:05:40.8997964Z  * [new branch]          codex/mongo-gateway-batched-updates -> origin/codex/mongo-gateway-batched-updates
stable legacy/public capture	UNKNOWN STEP	2026-10-06T11:05:40.8998260Z  * [new branch]          codex/mongo-gateway-benchmark-correctness -> origin/codex/mongo-gateway-benchmark-correctness
stable legacy/public capture	UNKNOWN STEP	2026-10-06T11:05:40.8998467Z  * [new branch]          codex/mongo-gateway-benchmarks -> origin/codex/mongo-gateway-benchmarks
stable legacy/public capture	UNKNOWN STEP	2026-10-06T11:05:40.8998789Z  * [new branch]          codex/mongo-gateway-bson-set-update-fast-path -> origin/codex/mongo-gateway-bson-set-update-fast-path
stable legacy/public capture	UNKNOWN STEP	2026-10-06T11:05:40.8999044Z  * [new branch]          codex/mongo-gateway-collection-cache -> origin/codex/mongo-gateway-collection-cache
stable legacy/public capture	UNKNOWN STEP	2026-10-06T11:05:40.8999273Z  * [new branch]          codex/mongo-gateway-compare-harness -> origin/codex/mongo-gateway-compare-harness
stable legacy/public capture	UNKNOWN STEP	2026-10-06T11:05:40.8999474Z  * [new branch]          codex/mongo-gateway-crud-mvp -> origin/codex/mongo-gateway-crud-mvp
stable legacy/public capture	UNKNOWN STEP	2026-10-06T11:05:40.8999662Z  * [new branch]          codex/mongo-gateway-cursors -> origin/codex/mongo-gateway-cursors
stable legacy/public capture	UNKNOWN STEP	2026-10-06T11:05:40.8999890Z  * [new branch]          codex/mongo-gateway-find-planner -> origin/codex/mongo-gateway-find-planner
stable legacy/public capture	UNKNOWN STEP	2026-10-06T11:05:40.9000240Z  * [new branch]          codex/mongo-gateway-index-metadata -> origin/codex/mongo-gateway-index-metadata
stable legacy/public capture	UNKNOWN STEP	2026-10-06T11:05:40.9000538Z  * [new branch]          codex/mongo-gateway-indexed-update-bench -> origin/codex/mongo-gateway-indexed-update-bench
stable legacy/public capture	UNKNOWN STEP	2026-10-06T11:05:40.9000764Z  * [new branch]          codex/mongo-gateway-insert-find -> origin/codex/mongo-gateway-insert-find
stable legacy/public capture	UNKNOWN STEP	2026-10-06T11:05:40.9001044Z  * [new branch]          codex/mongo-gateway-multi-producer-bench -> origin/codex/mongo-gateway-multi-producer-bench
stable legacy/public capture	UNKNOWN STEP	2026-10-06T11:05:40.9001298Z  * [new branch]          codex/mongo-gateway-pprof-harness -> origin/codex/mongo-gateway-pprof-harness
stable legacy/public capture	UNKNOWN STEP	2026-10-06T11:05:40.9001564Z  * [new branch]          codex/mongo-gateway-saturation-harness -> origin/codex/mongo-gateway-saturation-harness
stable legacy/public capture	UNKNOWN STEP	2026-10-06T11:05:40.9001830Z  * [new branch]          codex/mongo-gateway-scaling-bench-report -> origin/codex/mongo-gateway-scaling-bench-report
stable legacy/public capture	UNKNOWN STEP	2026-10-06T11:05:40.9002085Z  * [new branch]          codex/mongo-gateway-server-handshake -> origin/codex/mongo-gateway-server-handshake
stable legacy/public capture	UNKNOWN STEP	2026-10-06T11:05:40.9002349Z  * [new branch]          codex/mongo-gateway-treedb-direct-family -> origin/codex/mongo-gateway-treedb-direct-family
stable legacy/public capture	UNKNOWN STEP	2026-10-06T11:05:40.9002609Z  * [new branch]          codex/mongo-gateway-update-coalescing -> origin/codex/mongo-gateway-update-coalescing
stable legacy/public capture	UNKNOWN STEP	2026-10-06T11:05:40.9002838Z  * [new branch]          codex/mongo-insert-coalescer-2109 -> origin/codex/mongo-insert-coalescer-2109
stable legacy/public capture	UNKNOWN STEP	2026-10-06T11:05:40.9003086Z  * [new branch]          codex/mongo-range-measurement-cleanup -> origin/codex/mongo-range-measurement-cleanup
stable legacy/public capture	UNKNOWN STEP	2026-10-06T11:05:40.9003330Z  * [new branch]          codex/mongo-range-response-fastpath -> origin/codex/mongo-range-response-fastpath
stable legacy/public capture	UNKNOWN STEP	2026-10-06T11:05:40.9003503Z  * [new branch]          codex/mongo-reader-sweep -> origin/codex/mongo-reader-sweep
stable legacy/public capture	UNKNOWN STEP	2026-10-06T11:05:40.9003739Z  * [new branch]          codex/mongo-ycsb-attribution-2108 -> origin/codex/mongo-ycsb-attribution-2108
stable legacy/public capture	UNKNOWN STEP	2026-10-06T11:05:40.9004053Z  * [new branch]          codex/mongo-ycsb-listdatabases-2107 -> origin/codex/mongo-ycsb-listdatabases-2107
stable legacy/public capture	UNKNOWN STEP	2026-10-06T11:05:40.9004286Z  * [new branch]          codex/native-bson-collection-format -> origin/codex/native-bson-collection-format
stable legacy/public capture	UNKNOWN STEP	2026-10-06T11:05:40.9004562Z  * [new branch]          codex/native-collections-workload-bench -> origin/codex/native-collections-workload-bench
stable legacy/public capture	UNKNOWN STEP	2026-10-06T11:05:40.9004800Z  * [new branch]          codex/native-direct-range-batch-read -> origin/codex/native-direct-range-batch-read
stable legacy/public capture	UNKNOWN STEP	2026-10-06T11:05:40.9005045Z  * [new branch]          codex/native-indexed-write-memtables -> origin/codex/native-indexed-write-memtables
stable legacy/public capture	UNKNOWN STEP	2026-10-06T11:05:40.9005337Z  * [new branch]          codex/native-range-root-reader -> origin/codex/native-range-root-reader
stable legacy/public capture	UNKNOWN STEP	2026-10-06T11:05:40.9005632Z  * [new branch]          codex/native-vector-index-live-maintenance -> origin/codex/native-vector-index-live-maintenance
stable legacy/public capture	UNKNOWN STEP	2026-10-06T11:05:40.9005876Z  * [new branch]          codex/native-vector-index-metadata -> origin/codex/native-vector-index-metadata
stable legacy/public capture	UNKNOWN STEP	2026-10-06T11:05:40.9006145Z  * [new branch]          codex/native-vector-index-mongo-metadata -> origin/codex/native-vector-index-mongo-metadata
stable legacy/public capture	UNKNOWN STEP	2026-10-06T11:05:40.9006408Z  * [new branch]          codex/native-vector-index-ops-controls -> origin/codex/native-vector-index-ops-controls
stable legacy/public capture	UNKNOWN STEP	2026-10-06T11:05:40.9006703Z  * [new branch]          codex/native-vector-index-performance-gates -> origin/codex/native-vector-index-performance-gates
stable legacy/public capture	UNKNOWN STEP	2026-10-06T11:05:40.9006981Z  * [new branch]          codex/native-vector-index-root-persistence -> origin/codex/native-vector-index-root-persistence
stable legacy/public capture	UNKNOWN STEP	2026-10-06T11:05:40.9007200Z  * [new branch]          codex/native-wire-protocol-spec -> origin/codex/native-wire-protocol-spec
stable legacy/public capture	UNKNOWN STEP	2026-10-06T11:05:40.9007447Z  * [new branch]          codex/nativewire-catalog-version-ycsb -> origin/codex/nativewire-catalog-version-ycsb
stable legacy/public capture	UNKNOWN STEP	2026-10-06T11:05:40.9007713Z  * [new branch]          codex/nativewire-cluster-rejection-test -> origin/codex/nativewire-cluster-rejection-test
stable legacy/public capture	UNKNOWN STEP	2026-10-06T11:05:40.9008061Z  * [new branch]          codex/nativewire-deadline-cancel-race -> origin/codex/nativewire-deadline-cancel-race
stable legacy/public capture	UNKNOWN STEP	2026-10-06T11:05:40.9008285Z  * [new branch]          codex/nativewire-getmany-scratch -> origin/codex/nativewire-getmany-scratch
stable legacy/public capture	UNKNOWN STEP	2026-10-06T11:05:40.9008594Z  * [new branch]          codex/nativewire-opaque-insert-catalog-cache -> origin/codex/nativewire-opaque-insert-catalog-cache
stable legacy/public capture	UNKNOWN STEP	2026-10-06T11:05:40.9008779Z  * [new branch]          codex/nativewire-r0-codecs -> origin/codex/nativewire-r0-codecs
stable legacy/public capture	UNKNOWN STEP	2026-10-06T11:05:40.9008990Z  * [new branch]          codex/nativewire-r0a-registry -> origin/codex/nativewire-r0a-registry
stable legacy/public capture	UNKNOWN STEP	2026-10-06T11:05:40.9009181Z  * [new branch]          codex/nativewire-r0b-codecs -> origin/codex/nativewire-r0b-codecs
stable legacy/public capture	UNKNOWN STEP	2026-10-06T11:05:40.9009409Z  * [new branch]          codex/nativewire-r0c-deterministic -> origin/codex/nativewire-r0c-deterministic
stable legacy/public capture	UNKNOWN STEP	2026-10-06T11:05:40.9009622Z  * [new branch]          codex/nativewire-r0d-benchmarks -> origin/codex/nativewire-r0d-benchmarks
stable legacy/public capture	UNKNOWN STEP	2026-10-06T11:05:40.9009846Z  * [new branch]          codex/nativewire-r1a-server-kernel -> origin/codex/nativewire-r1a-server-kernel
stable legacy/public capture	UNKNOWN STEP	2026-10-06T11:05:40.9010048Z  * [new branch]          codex/nativewire-r1b-metadata -> origin/codex/nativewire-r1b-metadata
stable legacy/public capture	UNKNOWN STEP	2026-10-06T11:05:40.9010273Z  * [new branch]          codex/nativewire-r1c-reads-cursors -> origin/codex/nativewire-r1c-reads-cursors
stable legacy/public capture	UNKNOWN STEP	2026-10-06T11:05:40.9010494Z  * [new branch]          codex/nativewire-r1d-mutations-ack -> origin/codex/nativewire-r1d-mutations-ack
stable legacy/public capture	UNKNOWN STEP	2026-10-06T11:05:40.9010744Z  * [new branch]          codex/nativewire-r1e-transports-bench -> origin/codex/nativewire-r1e-transports-bench
stable legacy/public capture	UNKNOWN STEP	2026-10-06T11:05:40.9010962Z  * [new branch]          codex/nativewire-r1f-perf-closeout -> origin/codex/nativewire-r1f-perf-closeout
stable legacy/public capture	UNKNOWN STEP	2026-10-06T11:05:40.9011168Z  * [new branch]          codex/nativewire-r2a-hardening -> origin/codex/nativewire-r2a-hardening
stable legacy/public capture	UNKNOWN STEP	2026-10-06T11:05:40.9011532Z  * [new branch]          codex/nativewire-r2b-entry-contract -> origin/codex/nativewire-r2b-entry-contract
stable legacy/public capture	UNKNOWN STEP	2026-10-06T11:05:40.9011813Z  * [new branch]          codex/nativewire-r2c-replicated-fixtures -> origin/codex/nativewire-r2c-replicated-fixtures
stable legacy/public capture	UNKNOWN STEP	2026-10-06T11:05:40.9012098Z  * [new branch]          codex/nativewire-r2d-canonical-stability -> origin/codex/nativewire-r2d-canonical-stability
stable legacy/public capture	UNKNOWN STEP	2026-10-06T11:05:40.9012378Z  * [new branch]          codex/nativewire-r2e-entry-bench-closeout -> origin/codex/nativewire-r2e-entry-bench-closeout
stable legacy/public capture	UNKNOWN STEP	2026-10-06T11:05:40.9012657Z  * [new branch]          codex/nativewire-single-replace-combiner -> origin/codex/nativewire-single-replace-combiner
stable legacy/public capture	UNKNOWN STEP	2026-10-06T11:05:40.9012916Z  * [new branch]          codex/noindex-bsonset-buffer-fastpath -> origin/codex/noindex-bsonset-buffer-fastpath
stable legacy/public capture	UNKNOWN STEP	2026-10-06T11:05:40.9013181Z  * [new branch]          codex/noindex-bsonset-buffered-fastpath -> origin/codex/noindex-bsonset-buffered-fastpath
stable legacy/public capture	UNKNOWN STEP	2026-10-06T11:05:40.9013411Z  * [new branch]          codex/noindex-insertbatch-buffer -> origin/codex/noindex-insertbatch-buffer
stable legacy/public capture	UNKNOWN STEP	2026-10-06T11:05:40.9013662Z  * [new branch]          codex/noindex-json-insertbatch-buffer -> origin/codex/noindex-json-insertbatch-buffer
stable legacy/public capture	UNKNOWN STEP	2026-10-06T11:05:40.9013939Z  * [new branch]          codex/normalize-treedb-defaults-and-help -> origin/codex/normalize-treedb-defaults-and-help
stable legacy/public capture	UNKNOWN STEP	2026-10-06T11:05:40.9014184Z  * [new branch]          codex/normalized-q4-consumer-repair -> origin/codex/normalized-q4-consumer-repair
stable legacy/public capture	UNKNOWN STEP	2026-10-06T11:05:40.9014440Z  * [new branch]          codex/nullable-aggregate-metadata-3001 -> origin/codex/nullable-aggregate-metadata-3001
stable legacy/public capture	UNKNOWN STEP	2026-10-06T11:05:40.9014637Z  * [new branch]          codex/nullable-dense-q1-3075 -> origin/codex/nullable-dense-q1-3075
stable legacy/public capture	UNKNOWN STEP	2026-10-06T11:05:40.9014818Z  * [new branch]          codex/nullable-dense-q3-3078 -> origin/codex/nullable-dense-q3-3078
stable legacy/public capture	UNKNOWN STEP	2026-10-06T11:05:40.9015073Z  * [new branch]          codex/numkong-batch-vector-validation -> origin/codex/numkong-batch-vector-validation
stable legacy/public capture	UNKNOWN STEP	2026-10-06T11:05:40.9015528Z  * [new branch]          codex/numkong-vector-distance -> origin/codex/numkong-vector-distance
stable legacy/public capture	UNKNOWN STEP	2026-10-06T11:05:40.9015772Z  * [new branch]          codex/online-leaf-logical-rebuild -> origin/codex/online-leaf-logical-rebuild
stable legacy/public capture	UNKNOWN STEP	2026-10-06T11:05:40.9016002Z  * [new branch]          codex/oracle-root-prefix-closure -> origin/codex/oracle-root-prefix-closure
stable legacy/public capture	UNKNOWN STEP	2026-10-06T11:05:40.9016192Z  * [new branch]          codex/out-of-core-smoke-1138 -> origin/codex/out-of-core-smoke-1138
stable legacy/public capture	UNKNOWN STEP	2026-10-06T11:05:40.9016422Z  * [new branch]          codex/p0-wal-cleanup-stale-proof -> origin/codex/p0-wal-cleanup-stale-proof
stable legacy/public capture	UNKNOWN STEP	2026-10-06T11:05:40.9016682Z  * [new branch]          codex/p0-wal-cleanup-sticky-background -> origin/codex/p0-wal-cleanup-sticky-background
stable legacy/public capture	UNKNOWN STEP	2026-10-06T11:05:40.9016928Z  * [new branch]          codex/perf-keyupdate-lock-allocation -> origin/codex/perf-keyupdate-lock-allocation
stable legacy/public capture	UNKNOWN STEP	2026-10-06T11:05:40.9017157Z  * [new branch]          codex/perf-reader-local-lease-set -> origin/codex/perf-reader-local-lease-set
stable legacy/public capture	UNKNOWN STEP	2026-10-06T11:05:40.9017377Z  * [new branch]          codex/perf-restart-stack-decode -> origin/codex/perf-restart-stack-decode
stable legacy/public capture	UNKNOWN STEP	2026-10-06T11:05:40.9017659Z  * [new branch]          codex/pl01-leaf-pack-copy-outside-writemu -> origin/codex/pl01-leaf-pack-copy-outside-writemu
stable legacy/public capture	UNKNOWN STEP	2026-10-06T11:05:40.9017921Z  * [new branch]          codex/pl02-leaf-gc-scan-outside-writemu -> origin/codex/pl02-leaf-gc-scan-outside-writemu
stable legacy/public capture	UNKNOWN STEP	2026-10-06T11:05:40.9018127Z  * [new branch]          codex/pl03-compact-shared-audit -> origin/codex/pl03-compact-shared-audit
stable legacy/public capture	UNKNOWN STEP	2026-10-06T11:05:40.9018335Z  * [new branch]          codex/pl04-vlog-gc-prelock-scan -> origin/codex/pl04-vlog-gc-prelock-scan
stable legacy/public capture	UNKNOWN STEP	2026-10-06T11:05:40.9018560Z  * [new branch]          codex/pl05-bg-vacuum-cheap-trigger -> origin/codex/pl05-bg-vacuum-cheap-trigger
stable legacy/public capture	UNKNOWN STEP	2026-10-06T11:05:40.9018815Z  * [new branch]          codex/pl06-vacuum-collection-preclone -> origin/codex/pl06-vacuum-collection-preclone
stable legacy/public capture	UNKNOWN STEP	2026-10-06T11:05:40.9019102Z  * [new branch]          codex/pl07-apply-ref-deltas -> origin/codex/pl07-apply-ref-deltas
stable legacy/public capture	UNKNOWN STEP	2026-10-06T11:05:40.9019312Z  * [new branch]          codex/pl07-apply-ref-deltas-v2 -> origin/codex/pl07-apply-ref-deltas-v2
stable legacy/public capture	UNKNOWN STEP	2026-10-06T11:05:40.9019588Z  * [new branch]          codex/pl08-compact-full-vlog-thresholds -> origin/codex/pl08-compact-full-vlog-thresholds
stable legacy/public capture	UNKNOWN STEP	2026-10-06T11:05:40.9019795Z  * [new branch]          codex/pl09-leaf-pack-plan-reuse -> origin/codex/pl09-leaf-pack-plan-reuse
stable legacy/public capture	UNKNOWN STEP	2026-10-06T11:05:40.9020055Z  * [new branch]          codex/pl10-compact-fenced-tracker-refs -> origin/codex/pl10-compact-fenced-tracker-refs
stable legacy/public capture	UNKNOWN STEP	2026-10-06T11:05:40.9020249Z  * [new branch]          codex/pl11-freelist-batching -> origin/codex/pl11-freelist-batching
stable legacy/public capture	UNKNOWN STEP	2026-10-06T11:05:40.9020465Z  * [new branch]          codex/pl12-bg-vacuum-backlog-debt -> origin/codex/pl12-bg-vacuum-backlog-debt
stable legacy/public capture	UNKNOWN STEP	2026-10-06T11:05:40.9020650Z  * [new branch]          codex/pl13-vlog-gc-nil-set -> origin/codex/pl13-vlog-gc-nil-set
stable legacy/public capture	UNKNOWN STEP	2026-10-06T11:05:40.9020888Z  * [new branch]          codex/pl14-maintenance-reachability -> origin/codex/pl14-maintenance-reachability
stable legacy/public capture	UNKNOWN STEP	2026-10-06T11:05:40.9021137Z  * [new branch]          codex/pl14-reachability-leaf-cleanup -> origin/codex/pl14-reachability-leaf-cleanup
stable legacy/public capture	UNKNOWN STEP	2026-10-06T11:05:40.9021360Z  * [new branch]          codex/pl14-reachability-livebytes -> origin/codex/pl14-reachability-livebytes
stable legacy/public capture	UNKNOWN STEP	2026-10-06T11:05:40.9021575Z  * [new branch]          codex/pl14-reachability-refcounts -> origin/codex/pl14-reachability-refcounts
stable legacy/public capture	UNKNOWN STEP	2026-10-06T11:05:40.9021745Z  * [new branch]          codex/pr1-leaf-seq-scan -> origin/codex/pr1-leaf-seq-scan
stable legacy/public capture	UNKNOWN STEP	2026-10-06T11:05:40.9021956Z  * [new branch]          codex/pr1046-additive-r1-low-risk -> origin/codex/pr1046-additive-r1-low-risk
stable legacy/public capture	UNKNOWN STEP	2026-10-06T11:05:40.9022229Z  * [new branch]          codex/pr1046-additive-r2-repeated-values -> origin/codex/pr1046-additive-r2-repeated-values
stable legacy/public capture	UNKNOWN STEP	2026-10-06T11:05:40.9022459Z  * [new branch]          codex/pr2-append-only-ordered-get -> origin/codex/pr2-append-only-ordered-get
stable legacy/public capture	UNKNOWN STEP	2026-10-06T11:05:40.9022708Z  * [new branch]          codex/pr2-leaf-meta-hotpath -> origin/codex/pr2-leaf-meta-hotpath
stable legacy/public capture	UNKNOWN STEP	2026-10-06T11:05:40.9022933Z  * [new branch]          codex/pr3-internal-search-width -> origin/codex/pr3-internal-search-width
stable legacy/public capture	UNKNOWN STEP	2026-10-06T11:05:40.9023099Z  * [new branch]          codex/pr365-followups   -> origin/codex/pr365-followups
stable legacy/public capture	UNKNOWN STEP	2026-10-06T11:05:40.9023272Z  * [new branch]          codex/pr365-main-audit  -> origin/codex/pr365-main-audit
stable legacy/public capture	UNKNOWN STEP	2026-10-06T11:05:40.9023429Z  * [new branch]          codex/pr373-next-opt2   -> origin/codex/pr373-next-opt2
stable legacy/public capture	UNKNOWN STEP	2026-10-06T11:05:40.9023624Z  * [new branch]          codex/pr374-raw-codec-probe -> origin/codex/pr374-raw-codec-probe
stable legacy/public capture	UNKNOWN STEP	2026-10-06T11:05:40.9023807Z  * [new branch]          codex/pr4-endian-load-opt -> origin/codex/pr4-endian-load-opt
stable legacy/public capture	UNKNOWN STEP	2026-10-06T11:05:40.9024038Z  * [new branch]          codex/pr449-leaf-copyless-fallback -> origin/codex/pr449-leaf-copyless-fallback
stable legacy/public capture	UNKNOWN STEP	2026-10-06T11:05:40.9024217Z  * [new branch]          codex/pr450-getmany-dense -> origin/codex/pr450-getmany-dense
stable legacy/public capture	UNKNOWN STEP	2026-10-06T11:05:40.9024447Z  * [new branch]          codex/pr451-internal-tight-checks -> origin/codex/pr451-internal-tight-checks
stable legacy/public capture	UNKNOWN STEP	2026-10-06T11:05:40.9024628Z  * [new branch]          codex/pr452-leaf-meta-cache -> origin/codex/pr452-leaf-meta-cache
stable legacy/public capture	UNKNOWN STEP	2026-10-06T11:05:40.9024820Z  * [new branch]          codex/pr453-keep-int-offsets -> origin/codex/pr453-keep-int-offsets
stable legacy/public capture	UNKNOWN STEP	2026-10-06T11:05:40.9024995Z  * [new branch]          codex/pr9-wal-batch-parity -> origin/codex/pr9-wal-batch-parity
stable legacy/public capture	UNKNOWN STEP	2026-10-06T11:05:40.9025358Z  * [new branch]          codex/prA-internal-traversal-view -> origin/codex/prA-internal-traversal-view
stable legacy/public capture	UNKNOWN STEP	2026-10-06T11:05:40.9025565Z  * [new branch]          codex/prB-leaf-block-hoist -> origin/codex/prB-leaf-block-hoist
stable legacy/public capture	UNKNOWN STEP	2026-10-06T11:05:40.9025775Z  * [new branch]          codex/prC-compare-path-widths -> origin/codex/prC-compare-path-widths
stable legacy/public capture	UNKNOWN STEP	2026-10-06T11:05:40.9026023Z  * [new branch]          codex/prD-restart-interval-8-clean -> origin/codex/prD-restart-interval-8-clean
stable legacy/public capture	UNKNOWN STEP	2026-10-06T11:05:40.9026329Z  * [new branch]          codex/prealpha-no-backcompat -> origin/codex/prealpha-no-backcompat
stable legacy/public capture	UNKNOWN STEP	2026-10-06T11:05:40.9026568Z  * [new branch]          codex/projected-primary-find-2133 -> origin/codex/projected-primary-find-2133
stable legacy/public capture	UNKNOWN STEP	2026-10-06T11:05:40.9026758Z  * [new branch]          codex/proof-3803-a-2c93bfd69 -> origin/codex/proof-3803-a-2c93bfd69
stable legacy/public capture	UNKNOWN STEP	2026-10-06T11:05:40.9026944Z  * [new branch]          codex/proof-3803-b-2c93bfd69 -> origin/codex/proof-3803-b-2c93bfd69
stable legacy/public capture	UNKNOWN STEP	2026-10-06T11:05:40.9027102Z  * [new branch]          codex/proof-3846-a      -> origin/codex/proof-3846-a
stable legacy/public capture	UNKNOWN STEP	2026-10-06T11:05:40.9027526Z  * [new branch]          codex/propose-fix-for-iterator-background-maintenance-issue -> origin/codex/propose-fix-for-iterator-background-maintenance-issue
stable legacy/public capture	UNKNOWN STEP	2026-10-06T11:05:40.9027907Z  * [new branch]          codex/propose-fix-for-memory-exhaustion-vulnerability -> origin/codex/propose-fix-for-memory-exhaustion-vulnerability
stable legacy/public capture	UNKNOWN STEP	2026-10-06T11:05:40.9028287Z  * [new branch]          codex/propose-fix-for-memtable-borrowing-vulnerability -> origin/codex/propose-fix-for-memtable-borrowing-vulnerability
stable legacy/public capture	UNKNOWN STEP	2026-10-06T11:05:40.9028629Z  * [new branch]          codex/propose-fix-for-retained-prune-vulnerability -> origin/codex/propose-fix-for-retained-prune-vulnerability
stable legacy/public capture	UNKNOWN STEP	2026-10-06T11:05:40.9028937Z  * [new branch]          codex/propose-fix-for-rid-seed-vulnerability -> origin/codex/propose-fix-for-rid-seed-vulnerability
stable legacy/public capture	UNKNOWN STEP	2026-10-06T11:05:40.9029230Z  * [new branch]          codex/propose-fix-for-value-log-fsync-issue -> origin/codex/propose-fix-for-value-log-fsync-issue
stable legacy/public capture	UNKNOWN STEP	2026-10-06T11:05:40.9029599Z  * [new branch]          codex/propose-fix-for-value-log-rid-scan-vulnerability -> origin/codex/propose-fix-for-value-log-rid-scan-vulnerability
stable legacy/public capture	UNKNOWN STEP	2026-10-06T11:05:40.9029916Z  * [new branch]          codex/propose-fix-for-wal-on-maintenance-issue -> origin/codex/propose-fix-for-wal-on-maintenance-issue
stable legacy/public capture	UNKNOWN STEP	2026-10-06T11:05:40.9030126Z  * [new branch]          codex/public-snapshot-iterator -> origin/codex/public-snapshot-iterator
stable legacy/public capture	UNKNOWN STEP	2026-10-06T11:05:40.9030426Z  * [new branch]          codex/q1-dense-group-diag-3350 -> origin/codex/q1-dense-group-diag-3350
stable legacy/public capture	UNKNOWN STEP	2026-10-06T11:05:40.9030629Z  * [new branch]          codex/q1-raw-setup-split-3350 -> origin/codex/q1-raw-setup-split-3350
stable legacy/public capture	UNKNOWN STEP	2026-10-06T11:05:40.9030851Z  * [new branch]          codex/q1-setup-diagnostics-3350 -> origin/codex/q1-setup-diagnostics-3350
stable legacy/public capture	UNKNOWN STEP	2026-10-06T11:05:40.9031039Z  * [new branch]          codex/q2-active-bitset-3002 -> origin/codex/q2-active-bitset-3002
stable legacy/public capture	UNKNOWN STEP	2026-10-06T11:05:40.9031330Z  * [new branch]          codex/q2-dense-postprepare-diagnostics-3324 -> origin/codex/q2-dense-postprepare-diagnostics-3324
stable legacy/public capture	UNKNOWN STEP	2026-10-06T11:05:40.9031572Z  * [new branch]          codex/q2-dense-rank-timer-stabilize -> origin/codex/q2-dense-rank-timer-stabilize
stable legacy/public capture	UNKNOWN STEP	2026-10-06T11:05:40.9031804Z  * [new branch]          codex/q2-direct-count-distinct-3080 -> origin/codex/q2-direct-count-distinct-3080
stable legacy/public capture	UNKNOWN STEP	2026-10-06T11:05:40.9032139Z  * [new branch]          codex/q2-distinct-rank-kmerge-prototype-20260629 -> origin/codex/q2-distinct-rank-kmerge-prototype-20260629
stable legacy/public capture	UNKNOWN STEP	2026-10-06T11:05:40.9032434Z  * [new branch]          codex/q2-lazy-global-rank-boundary-20260701 -> origin/codex/q2-lazy-global-rank-boundary-20260701
stable legacy/public capture	UNKNOWN STEP	2026-10-06T11:05:40.9032692Z  * [new branch]          codex/q2-lazy-matched-distinct-20260701 -> origin/codex/q2-lazy-matched-distinct-20260701
stable legacy/public capture	UNKNOWN STEP	2026-10-06T11:05:40.9032894Z  * [new branch]          codex/q2-packed-pair-hotspot -> origin/codex/q2-packed-pair-hotspot
stable legacy/public capture	UNKNOWN STEP	2026-10-06T11:05:40.9033148Z  * [new branch]          codex/q2-post-prepare-diagnostics-3324 -> origin/codex/q2-post-prepare-diagnostics-3324
stable legacy/public capture	UNKNOWN STEP	2026-10-06T11:05:40.9033362Z  * [new branch]          codex/q2-post-prepare-lazy-3324 -> origin/codex/q2-post-prepare-lazy-3324
stable legacy/public capture	UNKNOWN STEP	2026-10-06T11:05:40.9033518Z  * [new branch]          codex/q2-range-3092     -> origin/codex/q2-range-3092
stable legacy/public capture	UNKNOWN STEP	2026-10-06T11:05:40.9033745Z  * [new branch]          codex/q2-rank-prep-benchmark-3324 -> origin/codex/q2-rank-prep-benchmark-3324
stable legacy/public capture	UNKNOWN STEP	2026-10-06T11:05:40.9034015Z  * [new branch]          codex/q2-reference-fill-3324 -> origin/codex/q2-reference-fill-3324
stable legacy/public capture	UNKNOWN STEP	2026-10-06T11:05:40.9034265Z  * [new branch]          codex/q2-sharded-rank-proto-20260630 -> origin/codex/q2-sharded-rank-proto-20260630
stable legacy/public capture	UNKNOWN STEP	2026-10-06T11:05:40.9034499Z  * [new branch]          codex/q3-predicate-preapply-3350 -> origin/codex/q3-predicate-preapply-3350
stable legacy/public capture	UNKNOWN STEP	2026-10-06T11:05:40.9034697Z  * [new branch]          codex/q3-setup-benchmark-3350 -> origin/codex/q3-setup-benchmark-3350
stable legacy/public capture	UNKNOWN STEP	2026-10-06T11:05:40.9034867Z  * [new branch]          codex/q4-topk-cache-3085 -> origin/codex/q4-topk-cache-3085
stable legacy/public capture	UNKNOWN STEP	2026-10-06T11:05:40.9035048Z  * [new branch]          codex/q5-direct-span-3082 -> origin/codex/q5-direct-span-3082
stable legacy/public capture	UNKNOWN STEP	2026-10-06T11:05:40.9035209Z  * [new branch]          codex/q5-global-span-3003 -> origin/codex/q5-global-span-3003
stable legacy/public capture	UNKNOWN STEP	2026-10-06T11:05:40.9035498Z  * [new branch]          codex/q5-localmap-cap-20260629 -> origin/codex/q5-localmap-cap-20260629
stable legacy/public capture	UNKNOWN STEP	2026-10-06T11:05:40.9035801Z  * [new branch]          codex/q5-minimal-prepared-adapter-20260629 -> origin/codex/q5-minimal-prepared-adapter-20260629
stable legacy/public capture	UNKNOWN STEP	2026-10-06T11:05:40.9036063Z  * [new branch]          codex/q5-one-shot-direct-20260628135844 -> origin/codex/q5-one-shot-direct-20260628135844
stable legacy/public capture	UNKNOWN STEP	2026-10-06T11:05:40.9036320Z  * [new branch]          codex/q5-predicate-block-mask-20260629 -> origin/codex/q5-predicate-block-mask-20260629
stable legacy/public capture	UNKNOWN STEP	2026-10-06T11:05:40.9036479Z  * [new branch]          codex/qs-5017-manifest  -> origin/codex/qs-5017-manifest
stable legacy/public capture	UNKNOWN STEP	2026-10-06T11:05:40.9036753Z  * [new branch]          codex/quicksilver-measurement-harnesses -> origin/codex/quicksilver-measurement-harnesses
stable legacy/public capture	UNKNOWN STEP	2026-10-06T11:05:40.9036939Z  * [new branch]          codex/quicksilver-opt-4963 -> origin/codex/quicksilver-opt-4963
stable legacy/public capture	UNKNOWN STEP	2026-10-06T11:05:40.9037112Z  * [new branch]          codex/quicksilver-opt-4964 -> origin/codex/quicksilver-opt-4964
stable legacy/public capture	UNKNOWN STEP	2026-10-06T11:05:40.9037289Z  * [new branch]          codex/quicksilver-opt-4965 -> origin/codex/quicksilver-opt-4965
stable legacy/public capture	UNKNOWN STEP	2026-10-06T11:05:40.9037487Z  * [new branch]          codex/quicksilver-unified -> origin/codex/quicksilver-unified
stable legacy/public capture	UNKNOWN STEP	2026-10-06T11:05:40.9037788Z  * [new branch]          codex/raft-r3a-doc-alignment -> origin/codex/raft-r3a-doc-alignment
stable legacy/public capture	UNKNOWN STEP	2026-10-06T11:05:40.9038076Z  * [new branch]          codex/random-read-batch-parallel-workers -> origin/codex/random-read-batch-parallel-workers
stable legacy/public capture	UNKNOWN STEP	2026-10-06T11:05:40.9038295Z  * [new branch]          codex/random-read-consolidated -> origin/codex/random-read-consolidated
stable legacy/public capture	UNKNOWN STEP	2026-10-06T11:05:40.9038585Z  * [new branch]          codex/random-read-getappend-snapshot-reuse -> origin/codex/random-read-getappend-snapshot-reuse
stable legacy/public capture	UNKNOWN STEP	2026-10-06T11:05:40.9038774Z  * [new branch]          codex/random-read-next-ideas -> origin/codex/random-read-next-ideas
stable legacy/public capture	UNKNOWN STEP	2026-10-06T11:05:40.9039001Z  * [new branch]          codex/random-read-profile-review -> origin/codex/random-read-profile-review
stable legacy/public capture	UNKNOWN STEP	2026-10-06T11:05:40.9039264Z  * [new branch]          codex/random-readparallel-alloc-profile -> origin/codex/random-readparallel-alloc-profile
stable legacy/public capture	UNKNOWN STEP	2026-10-06T11:05:40.9039465Z  * [new branch]          codex/randread-hitrate-clean -> origin/codex/randread-hitrate-clean
stable legacy/public capture	UNKNOWN STEP	2026-10-06T11:05:40.9039716Z  * [new branch]          codex/randread-parallel-alloc-pass1 -> origin/codex/randread-parallel-alloc-pass1
stable legacy/public capture	UNKNOWN STEP	2026-10-06T11:05:40.9039971Z  * [new branch]          codex/randread-parallel-hitrate-pass2 -> origin/codex/randread-parallel-hitrate-pass2
stable legacy/public capture	UNKNOWN STEP	2026-10-06T11:05:40.9040211Z  * [new branch]          codex/read-bottleneck-report-gates -> origin/codex/read-bottleneck-report-gates
stable legacy/public capture	UNKNOWN STEP	2026-10-06T11:05:40.9040374Z  * [new branch]          codex/read-gate-harness -> origin/codex/read-gate-harness
stable legacy/public capture	UNKNOWN STEP	2026-10-06T11:05:40.9040583Z  * [new branch]          codex/read-suite-getmany-arena -> origin/codex/read-suite-getmany-arena
stable legacy/public capture	UNKNOWN STEP	2026-10-06T11:05:40.9040833Z  * [new branch]          codex/read-suite-getmany-unique-arena -> origin/codex/read-suite-getmany-unique-arena
stable legacy/public capture	UNKNOWN STEP	2026-10-06T11:05:40.9041101Z  * [new branch]          codex/read-suite-iterator-unsafe-forward -> origin/codex/read-suite-iterator-unsafe-forward
stable legacy/public capture	UNKNOWN STEP	2026-10-06T11:05:40.9041548Z  * [new branch]          codex/read-suite-iterator-unsafe-forward-v2 -> origin/codex/read-suite-iterator-unsafe-forward-v2
stable legacy/public capture	UNKNOWN STEP	2026-10-06T11:05:40.9041760Z  * [new branch]          codex/read-suite-snapshot-pool -> origin/codex/read-suite-snapshot-pool
stable legacy/public capture	UNKNOWN STEP	2026-10-06T11:05:40.9041963Z  * [new branch]          codex/readbatch-rebase-main -> origin/codex/readbatch-rebase-main
stable legacy/public capture	UNKNOWN STEP	2026-10-06T11:05:40.9042196Z  * [new branch]          codex/readme-treedb-ycsb-headline -> origin/codex/readme-treedb-ycsb-headline
stable legacy/public capture	UNKNOWN STEP	2026-10-06T11:05:40.9042408Z  * [new branch]          codex/realigned-next-load-slice -> origin/codex/realigned-next-load-slice
stable legacy/public capture	UNKNOWN STEP	2026-10-06T11:05:40.9042624Z  * [new branch]          codex/refresh-june17-benchmarks -> origin/codex/refresh-june17-benchmarks
stable legacy/public capture	UNKNOWN STEP	2026-10-06T11:05:40.9042918Z  * [new branch]          codex/reuse-grouped-compressed-file-scratch -> origin/codex/reuse-grouped-compressed-file-scratch
stable legacy/public capture	UNKNOWN STEP	2026-10-06T11:05:40.9043150Z  * [new branch]          codex/root-macos-timeout-headroom -> origin/codex/root-macos-timeout-headroom
stable legacy/public capture	UNKNOWN STEP	2026-10-06T11:05:40.9043380Z  * [new branch]          codex/sealed-leaf-mmap-read-path -> origin/codex/sealed-leaf-mmap-read-path
stable legacy/public capture	UNKNOWN STEP	2026-10-06T11:05:40.9043541Z  * [new branch]          codex/seekge-mvcc-4867  -> origin/codex/seekge-mvcc-4867
stable legacy/public capture	UNKNOWN STEP	2026-10-06T11:05:40.9043713Z  * [new branch]          codex/snapshot-get-next -> origin/codex/snapshot-get-next
stable legacy/public capture	UNKNOWN STEP	2026-10-06T11:05:40.9043894Z  * [new branch]          codex/split-slow-ci-checks -> origin/codex/split-slow-ci-checks
stable legacy/public capture	UNKNOWN STEP	2026-10-06T11:05:40.9044133Z  * [new branch]          codex/sqlite-vectorlite-db-compare -> origin/codex/sqlite-vectorlite-db-compare
stable legacy/public capture	UNKNOWN STEP	2026-10-06T11:05:40.9044291Z  * [new branch]          codex/stack-445-447-452 -> origin/codex/stack-445-447-452
stable legacy/public capture	UNKNOWN STEP	2026-10-06T11:05:40.9044508Z  * [new branch]          codex/stream-stable-flush-sources -> origin/codex/stream-stable-flush-sources
stable legacy/public capture	UNKNOWN STEP	2026-10-06T11:05:40.9044721Z  * [new branch]          codex/template-v1-compact-ids -> origin/codex/template-v1-compact-ids
stable legacy/public capture	UNKNOWN STEP	2026-10-06T11:05:40.9045020Z  * [new branch]          codex/template-v1-encoder-feedback -> origin/codex/template-v1-encoder-feedback
stable legacy/public capture	UNKNOWN STEP	2026-10-06T11:05:40.9045318Z  * [new branch]          codex/test-timeout-reliability -> origin/codex/test-timeout-reliability
stable legacy/public capture	UNKNOWN STEP	2026-10-06T11:05:40.9045553Z  * [new branch]          codex/tree-single-probe-fast-path -> origin/codex/tree-single-probe-fast-path
stable legacy/public capture	UNKNOWN STEP	2026-10-06T11:05:40.9045747Z  * [new branch]          codex/treedb-benchmark-fixes -> origin/codex/treedb-benchmark-fixes
stable legacy/public capture	UNKNOWN STEP	2026-10-06T11:05:40.9046043Z  * [new branch]          codex/treedb-cache-lock-alloc-wins-20260219 -> origin/codex/treedb-cache-lock-alloc-wins-20260219
stable legacy/public capture	UNKNOWN STEP	2026-10-06T11:05:40.9046259Z  * [new branch]          codex/treedb-collection-wal-spec -> origin/codex/treedb-collection-wal-spec
stable legacy/public capture	UNKNOWN STEP	2026-10-06T11:05:40.9046543Z  * [new branch]          codex/treedb-collection-wal-spec-clean-pr -> origin/codex/treedb-collection-wal-spec-clean-pr
stable legacy/public capture	UNKNOWN STEP	2026-10-06T11:05:40.9046826Z  * [new branch]          codex/treedb-columnstore-compression-docs -> origin/codex/treedb-columnstore-compression-docs
stable legacy/public capture	UNKNOWN STEP	2026-10-06T11:05:40.9047070Z  * [new branch]          codex/treedb-durable-sync-bottleneck -> origin/codex/treedb-durable-sync-bottleneck
stable legacy/public capture	UNKNOWN STEP	2026-10-06T11:05:40.9047301Z  * [new branch]          codex/treedb-int64-expression-3070 -> origin/codex/treedb-int64-expression-3070
stable legacy/public capture	UNKNOWN STEP	2026-10-06T11:05:40.9047549Z  * [new branch]          codex/treedb-io-allocation-visibility -> origin/codex/treedb-io-allocation-visibility
stable legacy/public capture	UNKNOWN STEP	2026-10-06T11:05:40.9047774Z  * [new branch]          codex/treedb-native-ann-index-spec -> origin/codex/treedb-native-ann-index-spec
stable legacy/public capture	UNKNOWN STEP	2026-10-06T11:05:40.9048043Z  * [new branch]          codex/treedb-outerleaf-merge-benchmarks -> origin/codex/treedb-outerleaf-merge-benchmarks
stable legacy/public capture	UNKNOWN STEP	2026-10-06T11:05:40.9048325Z  * [new branch]          codex/treedb-perf-fix-batch-write-steady -> origin/codex/treedb-perf-fix-batch-write-steady
stable legacy/public capture	UNKNOWN STEP	2026-10-06T11:05:40.9048704Z  * [new branch]          codex/treedb-perf-fix-leaf-current-mmap -> origin/codex/treedb-perf-fix-leaf-current-mmap
stable legacy/public capture	UNKNOWN STEP	2026-10-06T11:05:40.9048953Z  * [new branch]          codex/treedb-perf-fix-snapshot-mmap -> origin/codex/treedb-perf-fix-snapshot-mmap
stable legacy/public capture	UNKNOWN STEP	2026-10-06T11:05:40.9049201Z  * [new branch]          codex/treedb-perf-fix-snapshot-pins -> origin/codex/treedb-perf-fix-snapshot-pins
stable legacy/public capture	UNKNOWN STEP	2026-10-06T11:05:40.9049513Z  * [new branch]          codex/treedb-q1-count-aggregate-metadata-3000 -> origin/codex/treedb-q1-count-aggregate-metadata-3000
stable legacy/public capture	UNKNOWN STEP	2026-10-06T11:05:40.9049775Z  * [new branch]          codex/treedb-q3-group-hour-metadata-2892 -> origin/codex/treedb-q3-group-hour-metadata-2892
stable legacy/public capture	UNKNOWN STEP	2026-10-06T11:05:40.9049941Z  * [new branch]          codex/treedb-qperf-3000 -> origin/codex/treedb-qperf-3000
stable legacy/public capture	UNKNOWN STEP	2026-10-06T11:05:40.9050198Z  * [new branch]          codex/treedb-random-read-copy-hotspots -> origin/codex/treedb-random-read-copy-hotspots
stable legacy/public capture	UNKNOWN STEP	2026-10-06T11:05:40.9050426Z  * [new branch]          codex/treedb-read-after-write-fix -> origin/codex/treedb-read-after-write-fix
stable legacy/public capture	UNKNOWN STEP	2026-10-06T11:05:40.9050745Z  * [new branch]          codex/treedb-read-after-write-regression-tests -> origin/codex/treedb-read-after-write-regression-tests
stable legacy/public capture	UNKNOWN STEP	2026-10-06T11:05:40.9051026Z  * [new branch]          codex/treedb-semantic-stream-fastpath-3067 -> origin/codex/treedb-semantic-stream-fastpath-3067
stable legacy/public capture	UNKNOWN STEP	2026-10-06T11:05:40.9051238Z  * [new branch]          codex/treedb-single-key-update -> origin/codex/treedb-single-key-update
stable legacy/public capture	UNKNOWN STEP	2026-10-06T11:05:40.9051502Z  * [new branch]          codex/treedb-vector-cache-edge-distances -> origin/codex/treedb-vector-cache-edge-distances
stable legacy/public capture	UNKNOWN STEP	2026-10-06T11:05:40.9051815Z  * [new branch]          codex/treedb-vector-float32-cosine-specialize -> origin/codex/treedb-vector-float32-cosine-specialize
stable legacy/public capture	UNKNOWN STEP	2026-10-06T11:05:40.9052040Z  * [new branch]          codex/treedb-vector-goembedx-dot -> origin/codex/treedb-vector-goembedx-dot
stable legacy/public capture	UNKNOWN STEP	2026-10-06T11:05:40.9052258Z  * [new branch]          codex/treedb-vector-gonum-f32-dot -> origin/codex/treedb-vector-gonum-f32-dot
stable legacy/public capture	UNKNOWN STEP	2026-10-06T11:05:40.9052642Z  * [new branch]          codex/treedb-vector-incremental-write-bench -> origin/codex/treedb-vector-incremental-write-bench
stable legacy/public capture	UNKNOWN STEP	2026-10-06T11:05:40.9052887Z  * [new branch]          codex/treedb-vector-kelindar-search -> origin/codex/treedb-vector-kelindar-search
stable legacy/public capture	UNKNOWN STEP	2026-10-06T11:05:40.9053119Z  * [new branch]          codex/treedb-vector-kshard-cosine -> origin/codex/treedb-vector-kshard-cosine
stable legacy/public capture	UNKNOWN STEP	2026-10-06T11:05:40.9053332Z  * [new branch]          codex/treedb-vector-norm-cache -> origin/codex/treedb-vector-norm-cache
stable legacy/public capture	UNKNOWN STEP	2026-10-06T11:05:40.9053618Z  * [new branch]          codex/treedb-vector-parallel-search-bench -> origin/codex/treedb-vector-parallel-search-bench
stable legacy/public capture	UNKNOWN STEP	2026-10-06T11:05:40.9053895Z  * [new branch]          codex/treedb-vector-prepared-cosine-query -> origin/codex/treedb-vector-prepared-cosine-query
stable legacy/public capture	UNKNOWN STEP	2026-10-06T11:05:40.9054125Z  * [new branch]          codex/treedb-vector-prune-prescore -> origin/codex/treedb-vector-prune-prescore
stable legacy/public capture	UNKNOWN STEP	2026-10-06T11:05:40.9054438Z  * [new branch]          codex/treedb-vector-reuse-candidate-distances -> origin/codex/treedb-vector-reuse-candidate-distances
stable legacy/public capture	UNKNOWN STEP	2026-10-06T11:05:40.9054647Z  * [new branch]          codex/treedb-vector-search-ann -> origin/codex/treedb-vector-search-ann
stable legacy/public capture	UNKNOWN STEP	2026-10-06T11:05:40.9054912Z  * [new branch]          codex/treedb-vector-search-scratch-reuse -> origin/codex/treedb-vector-search-scratch-reuse
stable legacy/public capture	UNKNOWN STEP	2026-10-06T11:05:40.9055130Z  * [new branch]          codex/typed-column-adapter-1754 -> origin/codex/typed-column-adapter-1754
stable legacy/public capture	UNKNOWN STEP	2026-10-06T11:05:40.9055631Z  * [new branch]          codex/typed-column-colgranule-transplant-1753 -> origin/codex/typed-column-colgranule-transplant-1753
stable legacy/public capture	UNKNOWN STEP	2026-10-06T11:05:40.9055902Z  * [new branch]          codex/typed-column-compact-kernels-2300 -> origin/codex/typed-column-compact-kernels-2300
stable legacy/public capture	UNKNOWN STEP	2026-10-06T11:05:40.9056200Z  * [new branch]          codex/typed-column-compression-policy-2297 -> origin/codex/typed-column-compression-policy-2297
stable legacy/public capture	UNKNOWN STEP	2026-10-06T11:05:40.9056492Z  * [new branch]          codex/typed-column-durable-publication-1755 -> origin/codex/typed-column-durable-publication-1755
stable legacy/public capture	UNKNOWN STEP	2026-10-06T11:05:40.9056869Z  * [new branch]          codex/typed-column-jsonbench-plan-docs -> origin/codex/typed-column-jsonbench-plan-docs
stable legacy/public capture	UNKNOWN STEP	2026-10-06T11:05:40.9057166Z  * [new branch]          codex/typed-column-jsonbench-plan-followup -> origin/codex/typed-column-jsonbench-plan-followup
stable legacy/public capture	UNKNOWN STEP	2026-10-06T11:05:40.9057411Z  * [new branch]          codex/typed-column-vector-dense-1756 -> origin/codex/typed-column-vector-dense-1756
stable legacy/public capture	UNKNOWN STEP	2026-10-06T11:05:40.9057623Z  * [new branch]          codex/typed-one-shot-cache-3088 -> origin/codex/typed-one-shot-cache-3088
stable legacy/public capture	UNKNOWN STEP	2026-10-06T11:05:40.9057892Z  * [new branch]          codex/typed-storage-layout-resolver-1751 -> origin/codex/typed-storage-layout-resolver-1751
stable legacy/public capture	UNKNOWN STEP	2026-10-06T11:05:40.9058160Z  * [new branch]          codex/typed-storage-naming-scaffold-1750 -> origin/codex/typed-storage-naming-scaffold-1750
stable legacy/public capture	UNKNOWN STEP	2026-10-06T11:05:40.9058442Z  * [new branch]          codex/typed-storage-umbrella-cleanup-1752 -> origin/codex/typed-storage-umbrella-cleanup-1752
stable legacy/public capture	UNKNOWN STEP	2026-10-06T11:05:40.9058651Z  * [new branch]          codex/ubench-resolved-options -> origin/codex/ubench-resolved-options
stable legacy/public capture	UNKNOWN STEP	2026-10-06T11:05:40.9058918Z  * [new branch]          codex/unified-bench-batch-delete-reuse -> origin/codex/unified-bench-batch-delete-reuse
stable legacy/public capture	UNKNOWN STEP	2026-10-06T11:05:40.9059172Z  * [new branch]          codex/unified-bench-compression-matrix -> origin/codex/unified-bench-compression-matrix
stable legacy/public capture	UNKNOWN STEP	2026-10-06T11:05:40.9059429Z  * [new branch]          codex/unified-bench-default-path-label -> origin/codex/unified-bench-default-path-label
stable legacy/public capture	UNKNOWN STEP	2026-10-06T11:05:40.9059703Z  * [new branch]          codex/unified-bench-perf-instrumentation -> origin/codex/unified-bench-perf-instrumentation
stable legacy/public capture	UNKNOWN STEP	2026-10-06T11:05:40.9060011Z  * [new branch]          codex/unified-bench-q1-aggregate-metadata-2892 -> origin/codex/unified-bench-q1-aggregate-metadata-2892
stable legacy/public capture	UNKNOWN STEP	2026-10-06T11:05:40.9060234Z  * [new branch]          codex/unified-bench-val-pattern -> origin/codex/unified-bench-val-pattern
stable legacy/public capture	UNKNOWN STEP	2026-10-06T11:05:40.9060538Z  * [new branch]          codex/unified-bench-vlog-dict-k -> origin/codex/unified-bench-vlog-dict-k
stable legacy/public capture	UNKNOWN STEP	2026-10-06T11:05:40.9060817Z  * [new branch]          codex/unified-row-column-buffers-gate-a -> origin/codex/unified-row-column-buffers-gate-a
stable legacy/public capture	UNKNOWN STEP	2026-10-06T11:05:40.9061102Z  * [new branch]          codex/update-combine-bsonset-id-fastpath -> origin/codex/update-combine-bsonset-id-fastpath
stable legacy/public capture	UNKNOWN STEP	2026-10-06T11:05:40.9061377Z  * [new branch]          codex/update-combine-detached-flush-units -> origin/codex/update-combine-detached-flush-units
stable legacy/public capture	UNKNOWN STEP	2026-10-06T11:05:40.9061647Z  * [new branch]          codex/update-combine-lane-enqueue-signal -> origin/codex/update-combine-lane-enqueue-signal
stable legacy/public capture	UNKNOWN STEP	2026-10-06T11:05:40.9061894Z  * [new branch]          codex/update-combine-m21-global-merge -> origin/codex/update-combine-m21-global-merge
stable legacy/public capture	UNKNOWN STEP	2026-10-06T11:05:40.9062151Z  * [new branch]          codex/update-combine-review-cleanups -> origin/codex/update-combine-review-cleanups
stable legacy/public capture	UNKNOWN STEP	2026-10-06T11:05:40.9062416Z  * [new branch]          codex/update-combine-safe-buffered-lanes -> origin/codex/update-combine-safe-buffered-lanes
stable legacy/public capture	UNKNOWN STEP	2026-10-06T11:05:40.9062711Z  * [new branch]          codex/update-combine-single-prepared-stage -> origin/codex/update-combine-single-prepared-stage
stable legacy/public capture	UNKNOWN STEP	2026-10-06T11:05:40.9062954Z  * [new branch]          codex/update-combine-wait-breakdown -> origin/codex/update-combine-wait-breakdown
stable legacy/public capture	UNKNOWN STEP	2026-10-06T11:05:40.9063133Z  * [new branch]          codex/update-combiner-pr0 -> origin/codex/update-combiner-pr0
stable legacy/public capture	UNKNOWN STEP	2026-10-06T11:05:40.9063379Z  * [new branch]          codex/update-fallback-investigation -> origin/codex/update-fallback-investigation
stable legacy/public capture	UNKNOWN STEP	2026-10-06T11:05:40.9063623Z  * [new branch]          codex/update-profile-instrumentation -> origin/codex/update-profile-instrumentation
stable legacy/public capture	UNKNOWN STEP	2026-10-06T11:05:40.9063865Z  * [new branch]          codex/updatebatch-buffered-coalesce -> origin/codex/updatebatch-buffered-coalesce
stable legacy/public capture	UNKNOWN STEP	2026-10-06T11:05:40.9064051Z  * [new branch]          codex/user-command-wal-pr1 -> origin/codex/user-command-wal-pr1
stable legacy/public capture	UNKNOWN STEP	2026-10-06T11:05:40.9064298Z  * [new branch]          codex/user-command-wal-pr2 -> origin/codex/user-command-wal-pr2
stable legacy/public capture	UNKNOWN STEP	2026-10-06T11:05:40.9064481Z  * [new branch]          codex/user-command-wal-pr3 -> origin/codex/user-command-wal-pr3
stable legacy/public capture	UNKNOWN STEP	2026-10-06T11:05:40.9064674Z  * [new branch]          codex/user-command-wal-pr3_5 -> origin/codex/user-command-wal-pr3_5
stable legacy/public capture	UNKNOWN STEP	2026-10-06T11:05:40.9064850Z  * [new branch]          codex/user-command-wal-pr4 -> origin/codex/user-command-wal-pr4
stable legacy/public capture	UNKNOWN STEP	2026-10-06T11:05:40.9065024Z  * [new branch]          codex/user-command-wal-pr5 -> origin/codex/user-command-wal-pr5
stable legacy/public capture	UNKNOWN STEP	2026-10-06T11:05:40.9065193Z  * [new branch]          codex/user-command-wal-pr6 -> origin/codex/user-command-wal-pr6
stable legacy/public capture	UNKNOWN STEP	2026-10-06T11:05:40.9065547Z  * [new branch]          codex/user-command-wal-pr6_5 -> origin/codex/user-command-wal-pr6_5
stable legacy/public capture	UNKNOWN STEP	2026-10-06T11:05:40.9065720Z  * [new branch]          codex/user-command-wal-pr7 -> origin/codex/user-command-wal-pr7
stable legacy/public capture	UNKNOWN STEP	2026-10-06T11:05:40.9065917Z  * [new branch]          codex/user-command-wal-pr8 -> origin/codex/user-command-wal-pr8
stable legacy/public capture	UNKNOWN STEP	2026-10-06T11:05:40.9066102Z  * [new branch]          codex/user-command-wal-pr9 -> origin/codex/user-command-wal-pr9
stable legacy/public capture	UNKNOWN STEP	2026-10-06T11:05:40.9066291Z  * [new branch]          codex/user-command-wal-spec -> origin/codex/user-command-wal-spec
stable legacy/public capture	UNKNOWN STEP	2026-10-06T11:05:40.9066519Z  * [new branch]          codex/value-log-compression-2298 -> origin/codex/value-log-compression-2298
stable legacy/public capture	UNKNOWN STEP	2026-10-06T11:05:40.9066803Z  * [new branch]          codex/valuelog-lazy-writer-append-buffers -> origin/codex/valuelog-lazy-writer-append-buffers
stable legacy/public capture	UNKNOWN STEP	2026-10-06T11:05:40.9067078Z  * [new branch]          codex/vector-db-compare-pgvector-mongo -> origin/codex/vector-db-compare-pgvector-mongo
stable legacy/public capture	UNKNOWN STEP	2026-10-06T11:05:40.9067351Z  * [new branch]          codex/vector-db-compare-treedb-e2e-knobs -> origin/codex/vector-db-compare-treedb-e2e-knobs
stable legacy/public capture	UNKNOWN STEP	2026-10-06T11:05:40.9067635Z  * [new branch]          codex/vector-demo-dataset-exact-validation -> origin/codex/vector-demo-dataset-exact-validation
stable legacy/public capture	UNKNOWN STEP	2026-10-06T11:05:40.9067967Z  * [new branch]          codex/vector-demo-profile-storage -> origin/codex/vector-demo-profile-storage
stable legacy/public capture	UNKNOWN STEP	2026-10-06T11:05:40.9068188Z  * [new branch]          codex/vector-dot-768-kernel-bench -> origin/codex/vector-dot-768-kernel-bench
stable legacy/public capture	UNKNOWN STEP	2026-10-06T11:05:40.9068432Z  * [new branch]          codex/vector-matched-recall-readme -> origin/codex/vector-matched-recall-readme
stable legacy/public capture	UNKNOWN STEP	2026-10-06T11:05:40.9068715Z  * [new branch]          codex/vector-native-adjacency-direct-view -> origin/codex/vector-native-adjacency-direct-view
stable legacy/public capture	UNKNOWN STEP	2026-10-06T11:05:40.9068972Z  * [new branch]          codex/vector-native-block-planner-plan -> origin/codex/vector-native-block-planner-plan
stable legacy/public capture	UNKNOWN STEP	2026-10-06T11:05:40.9069244Z  * [new branch]          codex/vector-native-block-score-batches -> origin/codex/vector-native-block-score-batches
stable legacy/public capture	UNKNOWN STEP	2026-10-06T11:05:40.9069557Z  * [new branch]          codex/vector-native-block-topk-materialization -> origin/codex/vector-native-block-topk-materialization
stable legacy/public capture	UNKNOWN STEP	2026-10-06T11:05:40.9069843Z  * [new branch]          codex/vector-native-block-view-foundation -> origin/codex/vector-native-block-view-foundation
stable legacy/public capture	UNKNOWN STEP	2026-10-06T11:05:40.9070118Z  * [new branch]          codex/vector-native-direct-cosine-helper -> origin/codex/vector-native-direct-cosine-helper
stable legacy/public capture	UNKNOWN STEP	2026-10-06T11:05:40.9070375Z  * [new branch]          codex/vector-native-dotproduct-samelen -> origin/codex/vector-native-dotproduct-samelen
stable legacy/public capture	UNKNOWN STEP	2026-10-06T11:05:40.9070664Z  * [new branch]          codex/vector-native-dotproduct-samelen-v2 -> origin/codex/vector-native-dotproduct-samelen-v2
stable legacy/public capture	UNKNOWN STEP	2026-10-06T11:05:40.9070905Z  * [new branch]          codex/vector-native-hotpath-cleanup -> origin/codex/vector-native-hotpath-cleanup
stable legacy/public capture	UNKNOWN STEP	2026-10-06T11:05:40.9071133Z  * [new branch]          codex/vector-native-lazy-adjacency -> origin/codex/vector-native-lazy-adjacency
stable legacy/public capture	UNKNOWN STEP	2026-10-06T11:05:40.9071393Z  * [new branch]          codex/vector-native-search-bench-sweep -> origin/codex/vector-native-search-bench-sweep
stable legacy/public capture	UNKNOWN STEP	2026-10-06T11:05:40.9071803Z  * [new branch]          codex/vector-native-search-plan-hotpath -> origin/codex/vector-native-search-plan-hotpath
stable legacy/public capture	UNKNOWN STEP	2026-10-06T11:05:40.9072031Z  * [new branch]          codex/vector-native-simd-search -> origin/codex/vector-native-simd-search
stable legacy/public capture	UNKNOWN STEP	2026-10-06T11:05:40.9072265Z  * [new branch]          codex/vector-native-topk-threshold -> origin/codex/vector-native-topk-threshold
stable legacy/public capture	UNKNOWN STEP	2026-10-06T11:05:40.9072555Z  * [new branch]          codex/vector-native-trusted-finite-scoring -> origin/codex/vector-native-trusted-finite-scoring
stable legacy/public capture	UNKNOWN STEP	2026-10-06T11:05:40.9072789Z  * [new branch]          codex/vector-native-typed-row-read -> origin/codex/vector-native-typed-row-read
stable legacy/public capture	UNKNOWN STEP	2026-10-06T11:05:40.9072994Z  * [new branch]          codex/vector-search-demo-bench -> origin/codex/vector-search-demo-bench
stable legacy/public capture	UNKNOWN STEP	2026-10-06T11:05:40.9073211Z  * [new branch]          codex/vector-search-profile-dir -> origin/codex/vector-search-profile-dir
stable legacy/public capture	UNKNOWN STEP	2026-10-06T11:05:40.9073437Z  * [new branch]          codex/vector-search-tiny-bert-demo -> origin/codex/vector-search-tiny-bert-demo
stable legacy/public capture	UNKNOWN STEP	2026-10-06T11:05:40.9073607Z  * [new branch]          codex/vlog-dict-k-meta  -> origin/codex/vlog-dict-k-meta
stable legacy/public capture	UNKNOWN STEP	2026-10-06T11:05:40.9073814Z  * [new branch]          codex/vlog-dict-suite-metrics -> origin/codex/vlog-dict-suite-metrics
stable legacy/public capture	UNKNOWN STEP	2026-10-06T11:05:40.9074051Z  * [new branch]          codex/vlog-leaf-decode-buffer-reuse -> origin/codex/vlog-leaf-decode-buffer-reuse
stable legacy/public capture	UNKNOWN STEP	2026-10-06T11:05:40.9074364Z  * [new branch]          codex/wal-on-fast-live-profile-outerleaf-plan -> origin/codex/wal-on-fast-live-profile-outerleaf-plan
stable legacy/public capture	UNKNOWN STEP	2026-10-06T11:05:40.9074653Z  * [new branch]          codex/windows-q1-diagnostics-stabilization -> origin/codex/windows-q1-diagnostics-stabilization
stable legacy/public capture	UNKNOWN STEP	2026-10-06T11:05:40.9074890Z  * [new branch]          codex/windows-rerank-allocation-fix -> origin/codex/windows-rerank-allocation-fix
stable legacy/public capture	UNKNOWN STEP	2026-10-06T11:05:40.9075097Z  * [new branch]          codex/write-path-alloc-wakeup -> origin/codex/write-path-alloc-wakeup
stable legacy/public capture	UNKNOWN STEP	2026-10-06T11:05:40.9075417Z  * [new branch]          codex/ycsb-error-gate-2120 -> origin/codex/ycsb-error-gate-2120
stable legacy/public capture	UNKNOWN STEP	2026-10-06T11:05:40.9075745Z  * [new branch]          codex/ycsb-nativewire-benchmark -> origin/codex/ycsb-nativewire-benchmark
stable legacy/public capture	UNKNOWN STEP	2026-10-06T11:05:40.9076041Z  * [new branch]          codex/ycsb-projected-read-attribution-2131 -> origin/codex/ycsb-projected-read-attribution-2131
stable legacy/public capture	UNKNOWN STEP	2026-10-06T11:05:40.9076219Z  * [new branch]          codex/ycsb-report-refresh -> origin/codex/ycsb-report-refresh
stable legacy/public capture	UNKNOWN STEP	2026-10-06T11:05:40.9076394Z  * [new branch]          coordination/lease-4542 -> origin/coordination/lease-4542
stable legacy/public capture	UNKNOWN STEP	2026-10-06T11:05:40.9076585Z  * [new branch]          coordination/lease-4587 -> origin/coordination/lease-4587
stable legacy/public capture	UNKNOWN STEP	2026-10-06T11:05:40.9076797Z  * [new branch]          coordination/lease-4587-harness -> origin/coordination/lease-4587-harness
stable legacy/public capture	UNKNOWN STEP	2026-10-06T11:05:40.9077012Z  * [new branch]          coordination/lease-4587-observer -> origin/coordination/lease-4587-observer
stable legacy/public capture	UNKNOWN STEP	2026-10-06T11:05:40.9077167Z  * [new branch]          coordination/lease-4589 -> origin/coordination/lease-4589
stable legacy/public capture	UNKNOWN STEP	2026-10-06T11:05:40.9077430Z  * [new branch]          copilot/add-mode4-crash-test-coverage -> origin/copilot/add-mode4-crash-test-coverage
stable legacy/public capture	UNKNOWN STEP	2026-10-06T11:05:40.9077667Z  * [new branch]          copilot/fix-mode4-compression-issue -> origin/copilot/fix-mode4-compression-issue
stable legacy/public capture	UNKNOWN STEP	2026-10-06T11:05:40.9077940Z  * [new branch]          copilot/investigate-slab-dict-training -> origin/copilot/investigate-slab-dict-training
stable legacy/public capture	UNKNOWN STEP	2026-10-06T11:05:40.9078258Z  * [new branch]          copilot/refactor-test-goroutine-error-handling -> origin/copilot/refactor-test-goroutine-error-handling
stable legacy/public capture	UNKNOWN STEP	2026-10-06T11:05:40.9078492Z  * [new branch]          copilot/update-docs-wal-terminology -> origin/copilot/update-docs-wal-terminology
stable legacy/public capture	UNKNOWN STEP	2026-10-06T11:05:40.9078637Z  * [new branch]          dec-26-audit            -> origin/dec-26-audit
stable legacy/public capture	UNKNOWN STEP	2026-10-06T11:05:40.9078809Z  * [new branch]          dec-26-audit-speed-fixes -> origin/dec-26-audit-speed-fixes
stable legacy/public capture	UNKNOWN STEP	2026-10-06T11:05:40.9078946Z  * [new branch]          dec-26-rc               -> origin/dec-26-rc
stable legacy/public capture	UNKNOWN STEP	2026-10-06T11:05:40.9079199Z  * [new branch]          dec-28-audit-cleanup    -> origin/dec-28-audit-cleanup
stable legacy/public capture	UNKNOWN STEP	2026-10-06T11:05:40.9079346Z  * [new branch]          dec-29-perf             -> origin/dec-29-perf
stable legacy/public capture	UNKNOWN STEP	2026-10-06T11:05:40.9079587Z  * [new branch]          devin/1789687319-goroutine-leak-gate -> origin/devin/1789687319-goroutine-leak-gate
stable legacy/public capture	UNKNOWN STEP	2026-10-06T11:05:40.9079794Z  * [new branch]          devin/1789689601-fix-flaky-tests -> origin/devin/1789689601-fix-flaky-tests
stable legacy/public capture	UNKNOWN STEP	2026-10-06T11:05:40.9079956Z  * [new branch]          distributedHashMap      -> origin/distributedHashMap
stable legacy/public capture	UNKNOWN STEP	2026-10-06T11:05:40.9080192Z  * [new branch]          docs/exhaustive-compact-readme-2292 -> origin/docs/exhaustive-compact-readme-2292
stable legacy/public capture	UNKNOWN STEP	2026-10-06T11:05:40.9080386Z  * [new branch]          docs/latest-main-benchmarks -> origin/docs/latest-main-benchmarks
stable legacy/public capture	UNKNOWN STEP	2026-10-06T11:05:40.9080608Z  * [new branch]          docs/offline-compact-readme-2289 -> origin/docs/offline-compact-readme-2289
stable legacy/public capture	UNKNOWN STEP	2026-10-06T11:05:40.9080764Z  * [new branch]          docs/opt-sprint-next    -> origin/docs/opt-sprint-next
stable legacy/public capture	UNKNOWN STEP	2026-10-06T11:05:40.9080968Z  * [new branch]          docs/pivot-anchor-642cfeaa51 -> origin/docs/pivot-anchor-642cfeaa51
stable legacy/public capture	UNKNOWN STEP	2026-10-06T11:05:40.9081280Z  * [new branch]          docs/post1075-collection-benchmark-replication -> origin/docs/post1075-collection-benchmark-replication
stable legacy/public capture	UNKNOWN STEP	2026-10-06T11:05:40.9081593Z  * [new branch]          docs/treedb-columnstore-architecture-updates -> origin/docs/treedb-columnstore-architecture-updates
stable legacy/public capture	UNKNOWN STEP	2026-10-06T11:05:40.9081830Z  * [new branch]          docs/vdbbench-rerank-label-20260821 -> origin/docs/vdbbench-rerank-label-20260821
stable legacy/public capture	UNKNOWN STEP	2026-10-06T11:05:40.9082008Z  * [new branch]          docs/vector-curves-20260819 -> origin/docs/vector-curves-20260819
stable legacy/public capture	UNKNOWN STEP	2026-10-06T11:05:40.9082200Z  * [new branch]          evidence/4288-control-worker -> origin/evidence/4288-control-worker
stable legacy/public capture	UNKNOWN STEP	2026-10-06T11:05:40.9082400Z  * [new branch]          evidence/4289-retained-harness -> origin/evidence/4289-retained-harness
stable legacy/public capture	UNKNOWN STEP	2026-10-06T11:05:40.9082593Z  * [new branch]          evidence/issue-4027-eed54bc0 -> origin/evidence/issue-4027-eed54bc0
stable legacy/public capture	UNKNOWN STEP	2026-10-06T11:05:40.9082835Z  * [new branch]          exp/hashdb-probe-stats  -> origin/exp/hashdb-probe-stats
stable legacy/public capture	UNKNOWN STEP	2026-10-06T11:05:40.9083025Z  * [new branch]          exp/merge-clamp-origin-main -> origin/exp/merge-clamp-origin-main
stable legacy/public capture	UNKNOWN STEP	2026-10-06T11:05:40.9083251Z  * [new branch]          feat/mongo-docker-default-latest -> origin/feat/mongo-docker-default-latest
stable legacy/public capture	UNKNOWN STEP	2026-10-06T11:05:40.9083508Z  * [new branch]          feat/mongo-docker-default-latest-main -> origin/feat/mongo-docker-default-latest-main
stable legacy/public capture	UNKNOWN STEP	2026-10-06T11:05:40.9083756Z  * [new branch]          feat/optimize-snapshot-overhead-pr2 -> origin/feat/optimize-snapshot-overhead-pr2
stable legacy/public capture	UNKNOWN STEP	2026-10-06T11:05:40.9084102Z  * [new branch]          feat/random-read-parallel-acquire-snapshot-opt-v2 -> origin/feat/random-read-parallel-acquire-snapshot-opt-v2
stable legacy/public capture	UNKNOWN STEP	2026-10-06T11:05:40.9084415Z  * [new branch]          feat/random-read-parallel-acquire-snapshot-pr1 -> origin/feat/random-read-parallel-acquire-snapshot-pr1
stable legacy/public capture	UNKNOWN STEP	2026-10-06T11:05:40.9084600Z  * [new branch]          feat/treedb-optimization -> origin/feat/treedb-optimization
stable legacy/public capture	UNKNOWN STEP	2026-10-06T11:05:40.9084775Z  * [new branch]          feat/unified-public-kvapi -> origin/feat/unified-public-kvapi
stable legacy/public capture	UNKNOWN STEP	2026-10-06T11:05:40.9084920Z  * [new branch]          feat/vlog-gc            -> origin/feat/vlog-gc
stable legacy/public capture	UNKNOWN STEP	2026-10-06T11:05:40.9085076Z  * [new branch]          feat/vlog-rewrite       -> origin/feat/vlog-rewrite
stable legacy/public capture	UNKNOWN STEP	2026-10-06T11:05:40.9085357Z  * [new branch]          feature/610-contract-alignment -> origin/feature/610-contract-alignment
stable legacy/public capture	UNKNOWN STEP	2026-10-06T11:05:40.9085593Z  * [new branch]          feature/610-phase1-mode-guardrails -> origin/feature/610-phase1-mode-guardrails
stable legacy/public capture	UNKNOWN STEP	2026-10-06T11:05:40.9085812Z  * [new branch]          feature/610-phase2-exact-readpath -> origin/feature/610-phase2-exact-readpath
stable legacy/public capture	UNKNOWN STEP	2026-10-06T11:05:40.9086044Z  * [new branch]          feature/610-phase3-write-atomicity -> origin/feature/610-phase3-write-atomicity
stable legacy/public capture	UNKNOWN STEP	2026-10-06T11:05:40.9086431Z  * [new branch]          feature/610-step2-strict-directory-publish -> origin/feature/610-step2-strict-directory-publish
stable legacy/public capture	UNKNOWN STEP	2026-10-06T11:05:40.9086705Z  * [new branch]          feature/610-step3-strict-range-cow-merge -> origin/feature/610-step3-strict-range-cow-merge
stable legacy/public capture	UNKNOWN STEP	2026-10-06T11:05:40.9086904Z  * [new branch]          feature/610-step34-cow-delete -> origin/feature/610-step34-cow-delete
stable legacy/public capture	UNKNOWN STEP	2026-10-06T11:05:40.9087175Z  * [new branch]          feature/610-step4-split-merge-delete-range -> origin/feature/610-step4-split-merge-delete-range
stable legacy/public capture	UNKNOWN STEP	2026-10-06T11:05:40.9087377Z  * [new branch]          feature/649-alloc-final-pass -> origin/feature/649-alloc-final-pass
stable legacy/public capture	UNKNOWN STEP	2026-10-06T11:05:40.9087610Z  * [new branch]          feature/649-planb-rewrite-setindex -> origin/feature/649-planb-rewrite-setindex
stable legacy/public capture	UNKNOWN STEP	2026-10-06T11:05:40.9087864Z  * [new branch]          feature/651-read-path-batch-random-opt -> origin/feature/651-read-path-batch-random-opt
stable legacy/public capture	UNKNOWN STEP	2026-10-06T11:05:40.9088108Z  * [new branch]          feature/652-default-v1-leaflog-route -> origin/feature/652-default-v1-leaflog-route
stable legacy/public capture	UNKNOWN STEP	2026-10-06T11:05:40.9088332Z  * [new branch]          feature/654-large-value-sweep-test -> origin/feature/654-large-value-sweep-test
stable legacy/public capture	UNKNOWN STEP	2026-10-06T11:05:40.9088621Z  * [new branch]          feature/654-route-pointer-threshold-default -> origin/feature/654-route-pointer-threshold-default
stable legacy/public capture	UNKNOWN STEP	2026-10-06T11:05:40.9088802Z  * [new branch]          feature/cachekv-putnocopy -> origin/feature/cachekv-putnocopy
stable legacy/public capture	UNKNOWN STEP	2026-10-06T11:05:40.9088992Z  * [new branch]          feature/checkpoint-leaf-fast -> origin/feature/checkpoint-leaf-fast
stable legacy/public capture	UNKNOWN STEP	2026-10-06T11:05:40.9089187Z  * [new branch]          feature/checkpoint-profiling -> origin/feature/checkpoint-profiling
stable legacy/public capture	UNKNOWN STEP	2026-10-06T11:05:40.9089517Z  * [new branch]          feature/commit-worker-pipeline-4903219397808322271 -> origin/feature/commit-worker-pipeline-4903219397808322271
stable legacy/public capture	UNKNOWN STEP	2026-10-06T11:05:40.9089696Z  * [new branch]          feature/immutable-bloom -> origin/feature/immutable-bloom
stable legacy/public capture	UNKNOWN STEP	2026-10-06T11:05:40.9089981Z  * [new branch]          feature/issue503-base-delta-prefix-guard -> origin/feature/issue503-base-delta-prefix-guard
stable legacy/public capture	UNKNOWN STEP	2026-10-06T11:05:40.9090353Z  * [new branch]          feature/issue504-wal-v2-largewrite-fastpath -> origin/feature/issue504-wal-v2-largewrite-fastpath
stable legacy/public capture	UNKNOWN STEP	2026-10-06T11:05:40.9090516Z  * [new branch]          feature/mmap-bench      -> origin/feature/mmap-bench
stable legacy/public capture	UNKNOWN STEP	2026-10-06T11:05:40.9090801Z  * [new branch]          feature/pebblecompat-shared-object-ingest -> origin/feature/pebblecompat-shared-object-ingest
stable legacy/public capture	UNKNOWN STEP	2026-10-06T11:05:40.9090995Z  * [new branch]          feature/pr498-perf-followup -> origin/feature/pr498-perf-followup
stable legacy/public capture	UNKNOWN STEP	2026-10-06T11:05:40.9091242Z  * [new branch]          feature/route-write-root-cause-pr656 -> origin/feature/route-write-root-cause-pr656
stable legacy/public capture	UNKNOWN STEP	2026-10-06T11:05:40.9091423Z  * [new branch]          feature/slab-optimizations -> origin/feature/slab-optimizations
stable legacy/public capture	UNKNOWN STEP	2026-10-06T11:05:40.9091644Z  * [new branch]          feature/treedb-outer-leaves-vlog -> origin/feature/treedb-outer-leaves-vlog
stable legacy/public capture	UNKNOWN STEP	2026-10-06T11:05:40.9091829Z  * [new branch]          feature/treedb-outerleaf-v2 -> origin/feature/treedb-outerleaf-v2
stable legacy/public capture	UNKNOWN STEP	2026-10-06T11:05:40.9092123Z  * [new branch]          feature/treedb-outerleaf-v2-alloc-reduction -> origin/feature/treedb-outerleaf-v2-alloc-reduction
stable legacy/public capture	UNKNOWN STEP	2026-10-06T11:05:40.9092463Z  * [new branch]          feature/treedb-outerleaf-v2-fence-lookup-fastpath -> origin/feature/treedb-outerleaf-v2-fence-lookup-fastpath
stable legacy/public capture	UNKNOWN STEP	2026-10-06T11:05:40.9092752Z  * [new branch]          feature/treedb-outerleaf-v2-perfgate-steady -> origin/feature/treedb-outerleaf-v2-perfgate-steady
stable legacy/public capture	UNKNOWN STEP	2026-10-06T11:05:40.9093066Z  * [new branch]          feature/treedb-outerleaf-v2-writepath-redesign -> origin/feature/treedb-outerleaf-v2-writepath-redesign
stable legacy/public capture	UNKNOWN STEP	2026-10-06T11:05:40.9093267Z  * [new branch]          feature/treedb-unsafe-options -> origin/feature/treedb-unsafe-options
stable legacy/public capture	UNKNOWN STEP	2026-10-06T11:05:40.9093575Z  * [new branch]          feature/treedb-v2-fenceptr-rid-join-blobref-v3 -> origin/feature/treedb-v2-fenceptr-rid-join-blobref-v3
stable legacy/public capture	UNKNOWN STEP	2026-10-06T11:05:40.9093992Z  * [new branch]          feature/treedb-v2-fenceptr-unified-write-pipeline -> origin/feature/treedb-v2-fenceptr-unified-write-pipeline
stable legacy/public capture	UNKNOWN STEP	2026-10-06T11:05:40.9094272Z  * [new branch]          feature/treedb-v2-fenceptr-wal-grouped-op -> origin/feature/treedb-v2-fenceptr-wal-grouped-op
stable legacy/public capture	UNKNOWN STEP	2026-10-06T11:05:40.9094577Z  * [new branch]          feature/treedb-v2-fenceptr-wal-simple-inline -> origin/feature/treedb-v2-fenceptr-wal-simple-inline
stable legacy/public capture	UNKNOWN STEP	2026-10-06T11:05:40.9094801Z  * [new branch]          feature/unified-bench-profile-dir -> origin/feature/unified-bench-profile-dir
stable legacy/public capture	UNKNOWN STEP	2026-10-06T11:05:40.9095087Z  * [new branch]          feature/unified-bench-refactor-and-new-dbs -> origin/feature/unified-bench-refactor-and-new-dbs
stable legacy/public capture	UNKNOWN STEP	2026-10-06T11:05:40.9095467Z  * [new branch]          feature/vlog-generational-impl -> origin/feature/vlog-generational-impl
stable legacy/public capture	UNKNOWN STEP	2026-10-06T11:05:40.9095695Z  * [new branch]          feature/vlog-generational-plan -> origin/feature/vlog-generational-plan
stable legacy/public capture	UNKNOWN STEP	2026-10-06T11:05:40.9095957Z  * [new branch]          feature/vlog-generational-plan-impl -> origin/feature/vlog-generational-plan-impl
stable legacy/public capture	UNKNOWN STEP	2026-10-06T11:05:40.9096159Z  * [new branch]          feature/vlog-generational-pr3 -> origin/feature/vlog-generational-pr3
stable legacy/public capture	UNKNOWN STEP	2026-10-06T11:05:40.9096363Z  * [new branch]          feature/vlog-generational-pr4 -> origin/feature/vlog-generational-pr4
stable legacy/public capture	UNKNOWN STEP	2026-10-06T11:05:40.9096556Z  * [new branch]          feature/vlog-generational-pr5 -> origin/feature/vlog-generational-pr5
stable legacy/public capture	UNKNOWN STEP	2026-10-06T11:05:40.9096745Z  * [new branch]          feature/vlog-generational-pr6 -> origin/feature/vlog-generational-pr6
stable legacy/public capture	UNKNOWN STEP	2026-10-06T11:05:40.9096893Z  * [new branch]          files_maybeslow         -> origin/files_maybeslow
stable legacy/public capture	UNKNOWN STEP	2026-10-06T11:05:40.9097099Z  * [new branch]          fix/1429-collections-large-docs -> origin/fix/1429-collections-large-docs
stable legacy/public capture	UNKNOWN STEP	2026-10-06T11:05:40.9097307Z  * [new branch]          fix/1430-vlog-rewrite-grouping -> origin/fix/1430-vlog-rewrite-grouping
stable legacy/public capture	UNKNOWN STEP	2026-10-06T11:05:40.9097499Z  * [new branch]          fix/3665-raft-restart-catchup -> origin/fix/3665-raft-restart-catchup
stable legacy/public capture	UNKNOWN STEP	2026-10-06T11:05:40.9097826Z  * [new branch]          fix/4465-qdrant-transition-config -> origin/fix/4465-qdrant-transition-config
stable legacy/public capture	UNKNOWN STEP	2026-10-06T11:05:40.9097998Z  * [new branch]          fix/4476-cutoff-snapshot -> origin/fix/4476-cutoff-snapshot
stable legacy/public capture	UNKNOWN STEP	2026-10-06T11:05:40.9098158Z  * [new branch]          fix/4476-grace-invariant -> origin/fix/4476-grace-invariant
stable legacy/public capture	UNKNOWN STEP	2026-10-06T11:05:40.9098322Z  * [new branch]          fix/484-open-comments   -> origin/fix/484-open-comments
stable legacy/public capture	UNKNOWN STEP	2026-10-06T11:05:40.9098505Z  * [new branch]          fix/4910-power-loss-oracle -> origin/fix/4910-power-loss-oracle
stable legacy/public capture	UNKNOWN STEP	2026-10-06T11:05:40.9098731Z  * [new branch]          fix/4923-normalized-dense-restart -> origin/fix/4923-normalized-dense-restart
stable legacy/public capture	UNKNOWN STEP	2026-10-06T11:05:40.9098983Z  * [new branch]          fix/delete-range-wal-flush-recovery -> origin/fix/delete-range-wal-flush-recovery
stable legacy/public capture	UNKNOWN STEP	2026-10-06T11:05:40.9099200Z  * [new branch]          fix/fence-sparse-full-separator -> origin/fix/fence-sparse-full-separator
stable legacy/public capture	UNKNOWN STEP	2026-10-06T11:05:40.9099488Z  * [new branch]          fix/journal-vlog-pointers-copy-on-flush -> origin/fix/journal-vlog-pointers-copy-on-flush
stable legacy/public capture	UNKNOWN STEP	2026-10-06T11:05:40.9099635Z  * [new branch]          fix/pr652-merge         -> origin/fix/pr652-merge
stable legacy/public capture	UNKNOWN STEP	2026-10-06T11:05:40.9099857Z  * [new branch]          fix/profile-fast-set-get-notfound -> origin/fix/profile-fast-set-get-notfound
stable legacy/public capture	UNKNOWN STEP	2026-10-06T11:05:40.9100073Z  * [new branch]          fix/treedb-celestia-maintenance -> origin/fix/treedb-celestia-maintenance
stable legacy/public capture	UNKNOWN STEP	2026-10-06T11:05:40.9100352Z  * [new branch]          fix/treedb-defaults-vlogrewrite-after-run -> origin/fix/treedb-defaults-vlogrewrite-after-run
stable legacy/public capture	UNKNOWN STEP	2026-10-06T11:05:40.9100579Z  * [new branch]          fix/treedb-index-columnar-leaves -> origin/fix/treedb-index-columnar-leaves
stable legacy/public capture	UNKNOWN STEP	2026-10-06T11:05:40.9100794Z  * [new branch]          fix/treedb-leafref-append-allocs -> origin/fix/treedb-leafref-append-allocs
stable legacy/public capture	UNKNOWN STEP	2026-10-06T11:05:40.9100963Z  * [new branch]          fix/treedb-leafvlog-gc  -> origin/fix/treedb-leafvlog-gc
stable legacy/public capture	UNKNOWN STEP	2026-10-06T11:05:40.9101303Z  * [new branch]          fix/treedb-leafvlog-vacuum-rewrite -> origin/fix/treedb-leafvlog-vacuum-rewrite
stable legacy/public capture	UNKNOWN STEP	2026-10-06T11:05:40.9101516Z  * [new branch]          fix/treedb-vlog-rewrite-leafref -> origin/fix/treedb-vlog-rewrite-leafref
stable legacy/public capture	UNKNOWN STEP	2026-10-06T11:05:40.9101752Z  * [new branch]          fix/unifiedbench-final-checkpoint -> origin/fix/unifiedbench-final-checkpoint
stable legacy/public capture	UNKNOWN STEP	2026-10-06T11:05:40.9101968Z  * [new branch]          fix/v2-fenceptr-anchor-promotion -> origin/fix/v2-fenceptr-anchor-promotion
stable legacy/public capture	UNKNOWN STEP	2026-10-06T11:05:40.9102115Z  * [new branch]          fix/vacuum-swap         -> origin/fix/vacuum-swap
stable legacy/public capture	UNKNOWN STEP	2026-10-06T11:05:40.9102389Z  * [new branch]          fix/vlog-generation-maintenance-safety -> origin/fix/vlog-generation-maintenance-safety
stable legacy/public capture	UNKNOWN STEP	2026-10-06T11:05:40.9102568Z  * [new branch]          fix/vlog-maintenance-audit -> origin/fix/vlog-maintenance-audit
stable legacy/public capture	UNKNOWN STEP	2026-10-06T11:05:40.9102802Z  * [new branch]          fix/windows-lifecycle-coarse-clock -> origin/fix/windows-lifecycle-coarse-clock
stable legacy/public capture	UNKNOWN STEP	2026-10-06T11:05:40.9103013Z  * [new branch]          followon/template-lab-plan-exec -> origin/followon/template-lab-plan-exec
stable legacy/public capture	UNKNOWN STEP	2026-10-06T11:05:40.9103300Z  * [new branch]          followon/vlog-dict-class-split-experiment -> origin/followon/vlog-dict-class-split-experiment
stable legacy/public capture	UNKNOWN STEP	2026-10-06T11:05:40.9103442Z  * [new branch]          gemini-gomap            -> origin/gemini-gomap
stable legacy/public capture	UNKNOWN STEP	2026-10-06T11:05:40.9103603Z  * [new branch]          gemini-gomap-cosmosdb   -> origin/gemini-gomap-cosmosdb
stable legacy/public capture	UNKNOWN STEP	2026-10-06T11:05:40.9103790Z  * [new branch]          go-ethereum-optimizations -> origin/go-ethereum-optimizations
stable legacy/public capture	UNKNOWN STEP	2026-10-06T11:05:40.9103924Z  * [new branch]          gomap-redis             -> origin/gomap-redis
stable legacy/public capture	UNKNOWN STEP	2026-10-06T11:05:40.9104176Z  * [new branch]          gpt56/issue-4052-capability-manifest -> origin/gpt56/issue-4052-capability-manifest
stable legacy/public capture	UNKNOWN STEP	2026-10-06T11:05:40.9104399Z  * [new branch]          gpt56/issue-4061-bson-index-codec -> origin/gpt56/issue-4061-bson-index-codec
stable legacy/public capture	UNKNOWN STEP	2026-10-06T11:05:40.9104625Z  * [new branch]          guard/p5-read-snapshot-guardrails -> origin/guard/p5-read-snapshot-guardrails
stable legacy/public capture	UNKNOWN STEP	2026-10-06T11:05:40.9104842Z  * [new branch]          index-opt               -> origin/index-opt
stable legacy/public capture	UNKNOWN STEP	2026-10-06T11:05:40.9105173Z  * [new branch]          integration/vector-colstore-m11-latest-plus-1615 -> origin/integration/vector-colstore-m11-latest-plus-1615
stable legacy/public capture	UNKNOWN STEP	2026-10-06T11:05:40.9105644Z  * [new branch]          integration/vector-colstore-m11-latest-plus-1616 -> origin/integration/vector-colstore-m11-latest-plus-1616
stable legacy/public capture	UNKNOWN STEP	2026-10-06T11:05:40.9105964Z  * [new branch]          integration/vector-colstore-m11-latest-plus-1617 -> origin/integration/vector-colstore-m11-latest-plus-1617
stable legacy/public capture	UNKNOWN STEP	2026-10-06T11:05:40.9106209Z  * [new branch]          integration/vector-colstore-m11-sync -> origin/integration/vector-colstore-m11-sync
stable legacy/public capture	UNKNOWN STEP	2026-10-06T11:05:40.9106513Z  * [new branch]          integration/vector-colstore-m11-sync-plus-1610 -> origin/integration/vector-colstore-m11-sync-plus-1610
stable legacy/public capture	UNKNOWN STEP	2026-10-06T11:05:40.9106835Z  * [new branch]          integration/vector-colstore-m11b-latest-plus-1617 -> origin/integration/vector-colstore-m11b-latest-plus-1617
stable legacy/public capture	UNKNOWN STEP	2026-10-06T11:05:40.9107158Z  * [new branch]          integration/vector-colstore-m11b-latest-plus-1620 -> origin/integration/vector-colstore-m11b-latest-plus-1620
stable legacy/public capture	UNKNOWN STEP	2026-10-06T11:05:40.9107397Z  * [new branch]          integration/vector-colstore-m9-sync -> origin/integration/vector-colstore-m9-sync
stable legacy/public capture	UNKNOWN STEP	2026-10-06T11:05:40.9107542Z  * [new branch]          issue-1467-vacuum       -> origin/issue-1467-vacuum
stable legacy/public capture	UNKNOWN STEP	2026-10-06T11:05:40.9107740Z  * [new branch]          issue-2022-ycsb-catalog-eof -> origin/issue-2022-ycsb-catalog-eof
stable legacy/public capture	UNKNOWN STEP	2026-10-06T11:05:40.9107952Z  * [new branch]          issue-2022-ycsb-catalog-eof-pr -> origin/issue-2022-ycsb-catalog-eof-pr
stable legacy/public capture	UNKNOWN STEP	2026-10-06T11:05:40.9108239Z  * [new branch]          issue-2033-buffered-primary-index-stalls -> origin/issue-2033-buffered-primary-index-stalls
stable legacy/public capture	UNKNOWN STEP	2026-10-06T11:05:40.9108386Z  * [new branch]          issue-4670-disk         -> origin/issue-4670-disk
stable legacy/public capture	UNKNOWN STEP	2026-10-06T11:05:40.9108623Z  * [new branch]          issue-474-475           -> origin/issue-474-475
stable legacy/public capture	UNKNOWN STEP	2026-10-06T11:05:40.9108911Z  * [new branch]          issue-4809-accepted-comparative-cost-v1 -> origin/issue-4809-accepted-comparative-cost-v1
stable legacy/public capture	UNKNOWN STEP	2026-10-06T11:05:40.9109180Z  * [new branch]          issue-4809-accepted-disjoint-retained-v1 -> origin/issue-4809-accepted-disjoint-retained-v1
stable legacy/public capture	UNKNOWN STEP	2026-10-06T11:05:40.9109383Z  * [new branch]          issue-4809-m3-index-epoch-v1 -> origin/issue-4809-m3-index-epoch-v1
stable legacy/public capture	UNKNOWN STEP	2026-10-06T11:05:40.9109673Z  * [new branch]          issue-4809-owner-relocation-diagnostic-v1 -> origin/issue-4809-owner-relocation-diagnostic-v1
stable legacy/public capture	UNKNOWN STEP	2026-10-06T11:05:40.9110011Z  * [new branch]          issue-4809-precomputed-owner-asset-digests-sol-v1 -> origin/issue-4809-precomputed-owner-asset-digests-sol-v1
stable legacy/public capture	UNKNOWN STEP	2026-10-06T11:05:40.9110271Z  * [new branch]          issue-4809-public-compatible-model-v1 -> origin/issue-4809-public-compatible-model-v1
stable legacy/public capture	UNKNOWN STEP	2026-10-06T11:05:40.9110541Z  * [new branch]          issue-4809-public-router-counter-wire-v1 -> origin/issue-4809-public-router-counter-wire-v1
stable legacy/public capture	UNKNOWN STEP	2026-10-06T11:05:40.9110820Z  * [new branch]          issue-4809-public-scaled-correctness-v1 -> origin/issue-4809-public-scaled-correctness-v1
stable legacy/public capture	UNKNOWN STEP	2026-10-06T11:05:40.9111083Z  * [new branch]          issue-4809-retained-snapshot-install-v1 -> origin/issue-4809-retained-snapshot-install-v1
stable legacy/public capture	UNKNOWN STEP	2026-10-06T11:05:40.9111229Z  * [new branch]          issue-510-fix-002       -> origin/issue-510-fix-002
stable legacy/public capture	UNKNOWN STEP	2026-10-06T11:05:40.9111376Z  * [new branch]          issue-510-fix-003       -> origin/issue-510-fix-003
stable legacy/public capture	UNKNOWN STEP	2026-10-06T11:05:40.9111510Z  * [new branch]          issue-510-fix-004       -> origin/issue-510-fix-004
stable legacy/public capture	UNKNOWN STEP	2026-10-06T11:05:40.9111657Z  * [new branch]          issue-510-fix-005       -> origin/issue-510-fix-005
stable legacy/public capture	UNKNOWN STEP	2026-10-06T11:05:40.9111799Z  * [new branch]          issue-510-fix-006       -> origin/issue-510-fix-006
stable legacy/public capture	UNKNOWN STEP	2026-10-06T11:05:40.9112007Z  * [new branch]          issue-510-key-cache-churn-test -> origin/issue-510-key-cache-churn-test
stable legacy/public capture	UNKNOWN STEP	2026-10-06T11:05:40.9112201Z  * [new branch]          issue-510-main-iter-prefix -> origin/issue-510-main-iter-prefix
stable legacy/public capture	UNKNOWN STEP	2026-10-06T11:05:40.9112537Z  * [new branch]          issue-510-main-iter-read-nocache-003 -> origin/issue-510-main-iter-read-nocache-003
stable legacy/public capture	UNKNOWN STEP	2026-10-06T11:05:40.9112806Z  * [new branch]          issue-510-main-iter-read-parallel-004 -> origin/issue-510-main-iter-read-parallel-004
stable legacy/public capture	UNKNOWN STEP	2026-10-06T11:05:40.9112988Z  * [new branch]          issue-510-rc-readperf-002 -> origin/issue-510-rc-readperf-002
stable legacy/public capture	UNKNOWN STEP	2026-10-06T11:05:40.9113238Z  * [new branch]          issue-524-profile-dir-auto-benchprof -> origin/issue-524-profile-dir-auto-benchprof
stable legacy/public capture	UNKNOWN STEP	2026-10-06T11:05:40.9113463Z  * [new branch]          issue-524-profile-dir-inprocess -> origin/issue-524-profile-dir-inprocess
stable legacy/public capture	UNKNOWN STEP	2026-10-06T11:05:40.9113693Z  * [new branch]          issue-529-outerleaf-payload-lease -> origin/issue-529-outerleaf-payload-lease
stable legacy/public capture	UNKNOWN STEP	2026-10-06T11:05:40.9113903Z  * [new branch]          issue-529-payload-lease-rework -> origin/issue-529-payload-lease-rework
stable legacy/public capture	UNKNOWN STEP	2026-10-06T11:05:40.9114247Z  * [new branch]          leafgen/s1-snapshot-pins-and-whole-generation-gc -> origin/leafgen/s1-snapshot-pins-and-whole-generation-gc
stable legacy/public capture	UNKNOWN STEP	2026-10-06T11:05:40.9114425Z  * [new branch]          leafgen/s2-pack-efficiency -> origin/leafgen/s2-pack-efficiency
stable legacy/public capture	UNKNOWN STEP	2026-10-06T11:05:40.9114594Z  * [new branch]          leafgen/s3-perf-runtime -> origin/leafgen/s3-perf-runtime
stable legacy/public capture	UNKNOWN STEP	2026-10-06T11:05:40.9114715Z  * [new branch]          main                    -> origin/main
stable legacy/public capture	UNKNOWN STEP	2026-10-06T11:05:40.9114859Z  * [new branch]          makemaster              -> origin/makemaster
stable legacy/public capture	UNKNOWN STEP	2026-10-06T11:05:40.9115030Z  * [new branch]          master-but-only-slab    -> origin/master-but-only-slab
stable legacy/public capture	UNKNOWN STEP	2026-10-06T11:05:40.9115171Z  * [new branch]          maybe-master            -> origin/maybe-master
stable legacy/public capture	UNKNOWN STEP	2026-10-06T11:05:40.9115425Z  * [new branch]          memtable-gc-applysteal  -> origin/memtable-gc-applysteal
stable legacy/public capture	UNKNOWN STEP	2026-10-06T11:05:40.9115540Z  * [new branch]          mike                    -> origin/mike
stable legacy/public capture	UNKNOWN STEP	2026-10-06T11:05:40.9115856Z  * [new branch]          mikers/ab-stop-align-poll-next -> origin/mikers/ab-stop-align-poll-next
stable legacy/public capture	UNKNOWN STEP	2026-10-06T11:05:40.9116068Z  * [new branch]          mikers/ab-writepath-stats-next -> origin/mikers/ab-writepath-stats-next
stable legacy/public capture	UNKNOWN STEP	2026-10-06T11:05:40.9116292Z  * [new branch]          mikers/best-of-both-worlds-meta -> origin/mikers/best-of-both-worlds-meta
stable legacy/public capture	UNKNOWN STEP	2026-10-06T11:05:40.9116488Z  * [new branch]          mikers/faster-read-parallel -> origin/mikers/faster-read-parallel
stable legacy/public capture	UNKNOWN STEP	2026-10-06T11:05:40.9116645Z  * [new branch]          mikers/fixCheckpoints   -> origin/mikers/fixCheckpoints
stable legacy/public capture	UNKNOWN STEP	2026-10-06T11:05:40.9116802Z  * [new branch]          mikers/gpu-dot-fun      -> origin/mikers/gpu-dot-fun
stable legacy/public capture	UNKNOWN STEP	2026-10-06T11:05:40.9117051Z  * [new branch]          mikers/incremental-executor-base-916 -> origin/mikers/incremental-executor-base-916
stable legacy/public capture	UNKNOWN STEP	2026-10-06T11:05:40.9117322Z  * [new branch]          mikers/incremental-executor-bridge-next -> origin/mikers/incremental-executor-bridge-next
stable legacy/public capture	UNKNOWN STEP	2026-10-06T11:05:40.9117610Z  * [new branch]          mikers/incremental-executor-followup-next -> origin/mikers/incremental-executor-followup-next
stable legacy/public capture	UNKNOWN STEP	2026-10-06T11:05:40.9117944Z  * [new branch]          mikers/incremental-executor-followup-slice3-local -> origin/mikers/incremental-executor-followup-slice3-local
stable legacy/public capture	UNKNOWN STEP	2026-10-06T11:05:40.9118273Z  * [new branch]          mikers/incremental-executor-followup-slice4-local -> origin/mikers/incremental-executor-followup-slice4-local
stable legacy/public capture	UNKNOWN STEP	2026-10-06T11:05:40.9118590Z  * [new branch]          mikers/incremental-executor-followup-slice5-local -> origin/mikers/incremental-executor-followup-slice5-local
stable legacy/public capture	UNKNOWN STEP	2026-10-06T11:05:40.9118922Z  * [new branch]          mikers/incremental-executor-followup-slice6-local -> origin/mikers/incremental-executor-followup-slice6-local
stable legacy/public capture	UNKNOWN STEP	2026-10-06T11:05:40.9119257Z  * [new branch]          mikers/incremental-executor-followup-slice7b-local -> origin/mikers/incremental-executor-followup-slice7b-local
stable legacy/public capture	UNKNOWN STEP	2026-10-06T11:05:40.9119575Z  * [new branch]          mikers/incremental-executor-followup-slice8-local -> origin/mikers/incremental-executor-followup-slice8-local
stable legacy/public capture	UNKNOWN STEP	2026-10-06T11:05:40.9119989Z  * [new branch]          mikers/incremental-executor-followup-slice9-local -> origin/mikers/incremental-executor-followup-slice9-local
stable legacy/public capture	UNKNOWN STEP	2026-10-06T11:05:40.9120219Z  * [new branch]          mikers/incremental-executor-next -> origin/mikers/incremental-executor-next
stable legacy/public capture	UNKNOWN STEP	2026-10-06T11:05:40.9120362Z  * [new branch]          mikers/leaf-rc          -> origin/mikers/leaf-rc
stable legacy/public capture	UNKNOWN STEP	2026-10-06T11:05:40.9120506Z  * [new branch]          mikers/leaf-rc2         -> origin/mikers/leaf-rc2
stable legacy/public capture	UNKNOWN STEP	2026-10-06T11:05:40.9120640Z  * [new branch]          mikers/leaf-rc3         -> origin/mikers/leaf-rc3
stable legacy/public capture	UNKNOWN STEP	2026-10-06T11:05:40.9120911Z  * [new branch]          mikers/live-rewrite-effectiveness-next -> origin/mikers/live-rewrite-effectiveness-next
stable legacy/public capture	UNKNOWN STEP	2026-10-06T11:05:40.9121149Z  * [new branch]          mikers/live-rewrite-granularity-next -> origin/mikers/live-rewrite-granularity-next
stable legacy/public capture	UNKNOWN STEP	2026-10-06T11:05:40.9121479Z  * [new branch]          mikers/outer-leaf-auto-resolve-block-target-next -> origin/mikers/outer-leaf-auto-resolve-block-target-next
stable legacy/public capture	UNKNOWN STEP	2026-10-06T11:05:40.9121775Z  * [new branch]          mikers/outer-leaf-auto-resolve-current-next -> origin/mikers/outer-leaf-auto-resolve-current-next
stable legacy/public capture	UNKNOWN STEP	2026-10-06T11:05:40.9122012Z  * [new branch]          mikers/outer-leaf-auto-selector-next -> origin/mikers/outer-leaf-auto-selector-next
stable legacy/public capture	UNKNOWN STEP	2026-10-06T11:05:40.9122299Z  * [new branch]          mikers/outer-leaf-block-target-default-next -> origin/mikers/outer-leaf-block-target-default-next
stable legacy/public capture	UNKNOWN STEP	2026-10-06T11:05:40.9122555Z  * [new branch]          mikers/outer-leaf-classification-next -> origin/mikers/outer-leaf-classification-next
stable legacy/public capture	UNKNOWN STEP	2026-10-06T11:05:40.9122769Z  * [new branch]          mikers/outer-leaf-codec-lab-next -> origin/mikers/outer-leaf-codec-lab-next
stable legacy/public capture	UNKNOWN STEP	2026-10-06T11:05:40.9123011Z  * [new branch]          mikers/outer-leaf-selector-bias-next -> origin/mikers/outer-leaf-selector-bias-next
stable legacy/public capture	UNKNOWN STEP	2026-10-06T11:05:40.9123264Z  * [new branch]          mikers/outer-leaf-writepath-bench-next -> origin/mikers/outer-leaf-writepath-bench-next
stable legacy/public capture	UNKNOWN STEP	2026-10-06T11:05:40.9123602Z  * [new branch]          mikers/rewrite-fresh-plan-ranking-next -> origin/mikers/rewrite-fresh-plan-ranking-next
stable legacy/public capture	UNKNOWN STEP	2026-10-06T11:05:40.9123845Z  * [new branch]          mikers/rewrite-queued-ranking-next -> origin/mikers/rewrite-queued-ranking-next
stable legacy/public capture	UNKNOWN STEP	2026-10-06T11:05:40.9124183Z  * [new branch]          mikers/run-celestia-ab-env-consistent-light-stats -> origin/mikers/run-celestia-ab-env-consistent-light-stats
stable legacy/public capture	UNKNOWN STEP	2026-10-06T11:05:40.9124472Z  * [new branch]          mikers/run-celestia-ab-live-sampler-restore -> origin/mikers/run-celestia-ab-live-sampler-restore
stable legacy/public capture	UNKNOWN STEP	2026-10-06T11:05:40.9124694Z  * [new branch]          mikers/run-celestia-ab-pair-align -> origin/mikers/run-celestia-ab-pair-align
stable legacy/public capture	UNKNOWN STEP	2026-10-06T11:05:40.9124996Z  * [new branch]          mikers/run-celestia-ab-queued-debt-reporting -> origin/mikers/run-celestia-ab-queued-debt-reporting
stable legacy/public capture	UNKNOWN STEP	2026-10-06T11:05:40.9125295Z  * [new branch]          mikers/seg-sweep-target-bytes-fix -> origin/mikers/seg-sweep-target-bytes-fix
stable legacy/public capture	UNKNOWN STEP	2026-10-06T11:05:40.9125594Z  * [new branch]          mikers/vlog-dict-realdata-block-target-next -> origin/mikers/vlog-dict-realdata-block-target-next
stable legacy/public capture	UNKNOWN STEP	2026-10-06T11:05:40.9125889Z  * [new branch]          mikers/vlog-dict-realdata-wait-target-next -> origin/mikers/vlog-dict-realdata-wait-target-next
stable legacy/public capture	UNKNOWN STEP	2026-10-06T11:05:40.9126106Z  * [new branch]          mikers/vlog-replay-export-clean -> origin/mikers/vlog-replay-export-clean
stable legacy/public capture	UNKNOWN STEP	2026-10-06T11:05:40.9126316Z  * [new branch]          mikers/vlog-replay-export-next -> origin/mikers/vlog-replay-export-next
stable legacy/public capture	UNKNOWN STEP	2026-10-06T11:05:40.9126593Z  * [new branch]          mikers/vlog-rewrite-chunk-bootstrap-next -> origin/mikers/vlog-rewrite-chunk-bootstrap-next
stable legacy/public capture	UNKNOWN STEP	2026-10-06T11:05:40.9126856Z  * [new branch]          mikers/vlog-rewrite-chunk-cap-units-next -> origin/mikers/vlog-rewrite-chunk-cap-units-next
stable legacy/public capture	UNKNOWN STEP	2026-10-06T11:05:40.9127100Z  * [new branch]          mikers/vlog-rewrite-chunk-exec-next -> origin/mikers/vlog-rewrite-chunk-exec-next
stable legacy/public capture	UNKNOWN STEP	2026-10-06T11:05:40.9127458Z  * [new branch]          mikers/vlog-rewrite-chunk-plan-next -> origin/mikers/vlog-rewrite-chunk-plan-next
stable legacy/public capture	UNKNOWN STEP	2026-10-06T11:05:40.9127722Z  * [new branch]          mikers/vlog-rewrite-chunk-policy-next -> origin/mikers/vlog-rewrite-chunk-policy-next
stable legacy/public capture	UNKNOWN STEP	2026-10-06T11:05:40.9127992Z  * [new branch]          mikers/vlog-rewrite-chunk-progress-next -> origin/mikers/vlog-rewrite-chunk-progress-next
stable legacy/public capture	UNKNOWN STEP	2026-10-06T11:05:40.9128235Z  * [new branch]          mikers/vlog-rewrite-chunk-resume-next -> origin/mikers/vlog-rewrite-chunk-resume-next
stable legacy/public capture	UNKNOWN STEP	2026-10-06T11:05:40.9128505Z  * [new branch]          mikers/vlog-rewrite-chunk-scheduler-next -> origin/mikers/vlog-rewrite-chunk-scheduler-next
stable legacy/public capture	UNKNOWN STEP	2026-10-06T11:05:40.9128748Z  * [new branch]          mikers/vlog-rewrite-incremental-next -> origin/mikers/vlog-rewrite-incremental-next
stable legacy/public capture	UNKNOWN STEP	2026-10-06T11:05:40.9129066Z  * [new branch]          mikers/vlog-rewrite-incremental-scheduler-next -> origin/mikers/vlog-rewrite-incremental-scheduler-next
stable legacy/public capture	UNKNOWN STEP	2026-10-06T11:05:40.9129409Z  * [new branch]          mikers/vlog-rewrite-incremental-scheduler-next-v2 -> origin/mikers/vlog-rewrite-incremental-scheduler-next-v2
stable legacy/public capture	UNKNOWN STEP	2026-10-06T11:05:40.9129675Z  * [new branch]          mikers/vlog-rewrite-progress-ledger-next -> origin/mikers/vlog-rewrite-progress-ledger-next
stable legacy/public capture	UNKNOWN STEP	2026-10-06T11:05:40.9130013Z  * [new branch]          mikers/vlog-rewrite-queued-debt-efficiency-stats -> origin/mikers/vlog-rewrite-queued-debt-efficiency-stats
stable legacy/public capture	UNKNOWN STEP	2026-10-06T11:05:40.9130325Z  * [new branch]          mikers/vlog-rewrite-queued-debt-observability -> origin/mikers/vlog-rewrite-queued-debt-observability
stable legacy/public capture	UNKNOWN STEP	2026-10-06T11:05:40.9130596Z  * [new branch]          mikers/vlog-rewrite-stage-bootstrap-next -> origin/mikers/vlog-rewrite-stage-bootstrap-next
stable legacy/public capture	UNKNOWN STEP	2026-10-06T11:05:40.9130843Z  * [new branch]          mikers/vlog-scheduler-disable-reason -> origin/mikers/vlog-scheduler-disable-reason
stable legacy/public capture	UNKNOWN STEP	2026-10-06T11:05:40.9130994Z  * [new branch]          mongo-standalone        -> origin/mongo-standalone
stable legacy/public capture	UNKNOWN STEP	2026-10-06T11:05:40.9131226Z  * [new branch]          multi-core              -> origin/multi-core
stable legacy/public capture	UNKNOWN STEP	2026-10-06T11:05:40.9131369Z  * [new branch]          native-server           -> origin/native-server
stable legacy/public capture	UNKNOWN STEP	2026-10-06T11:05:40.9131528Z  * [new branch]          native-server-pr        -> origin/native-server-pr
stable legacy/public capture	UNKNOWN STEP	2026-10-06T11:05:40.9131663Z  * [new branch]          nostrings               -> origin/nostrings
stable legacy/public capture	UNKNOWN STEP	2026-10-06T11:05:40.9131882Z  * [new branch]          obs/p2-snapshot-lease-telemetry -> origin/obs/p2-snapshot-lease-telemetry
stable legacy/public capture	UNKNOWN STEP	2026-10-06T11:05:40.9132017Z  * [new branch]          old_main                -> origin/old_main
stable legacy/public capture	UNKNOWN STEP	2026-10-06T11:05:40.9132203Z  * [new branch]          opt/collections-read-alloc -> origin/opt/collections-read-alloc
stable legacy/public capture	UNKNOWN STEP	2026-10-06T11:05:40.9132445Z  * [new branch]          opt/collections-read-alloc-refresh -> origin/opt/collections-read-alloc-refresh
stable legacy/public capture	UNKNOWN STEP	2026-10-06T11:05:40.9132711Z  * [new branch]          opt/collections-secondary-grouped-runs -> origin/opt/collections-secondary-grouped-runs
stable legacy/public capture	UNKNOWN STEP	2026-10-06T11:05:40.9133014Z  * [new branch]          opt/collections-template-index-state-elision -> origin/opt/collections-template-index-state-elision
stable legacy/public capture	UNKNOWN STEP	2026-10-06T11:05:40.9133299Z  * [new branch]          opt/template-v1-collection-optimizations -> origin/opt/template-v1-collection-optimizations
stable legacy/public capture	UNKNOWN STEP	2026-10-06T11:05:40.9133565Z  * [new branch]          opt/vlog-compact-leaf-eligibility-cache -> origin/opt/vlog-compact-leaf-eligibility-cache
stable legacy/public capture	UNKNOWN STEP	2026-10-06T11:05:40.9133804Z  * [new branch]          optimize/cachekv-putnocopy-tighten -> origin/optimize/cachekv-putnocopy-tighten
stable legacy/public capture	UNKNOWN STEP	2026-10-06T11:05:40.9134021Z  * [new branch]          optimize/compaction-index-swap -> origin/optimize/compaction-index-swap
stable legacy/public capture	UNKNOWN STEP	2026-10-06T11:05:40.9134494Z  * [new branch]          optimize/compaction-index-swap+inplace-compaction-pointer-updates -> origin/optimize/compaction-index-swap+inplace-compaction-pointer-updates
stable legacy/public capture	UNKNOWN STEP	2026-10-06T11:05:40.9134833Z  * [new branch]          optimize/compaction-index-swap+inplace-split-wal -> origin/optimize/compaction-index-swap+inplace-split-wal
stable legacy/public capture	UNKNOWN STEP	2026-10-06T11:05:40.9135014Z  * [new branch]          optimize/hashdb-hash-once -> origin/optimize/hashdb-hash-once
stable legacy/public capture	UNKNOWN STEP	2026-10-06T11:05:40.9135572Z  * [new branch]          optimize/inplace-compaction-pointer-updates -> origin/optimize/inplace-compaction-pointer-updates
stable legacy/public capture	UNKNOWN STEP	2026-10-06T11:05:40.9135760Z  * [new branch]          perf/2702-scalar-u8-avx512 -> origin/perf/2702-scalar-u8-avx512
stable legacy/public capture	UNKNOWN STEP	2026-10-06T11:05:40.9136006Z  * [new branch]          perf/2820-service-vector-buffer-pool -> origin/perf/2820-service-vector-buffer-pool
stable legacy/public capture	UNKNOWN STEP	2026-10-06T11:05:40.9136255Z  * [new branch]          perf/4209-arm64-neon-paired-rows -> origin/perf/4209-arm64-neon-paired-rows
stable legacy/public capture	UNKNOWN STEP	2026-10-06T11:05:40.9136482Z  * [new branch]          perf/4223-local-vdbbench-profiler -> origin/perf/4223-local-vdbbench-profiler
stable legacy/public capture	UNKNOWN STEP	2026-10-06T11:05:40.9136686Z  * [new branch]          perf/4224-compact-visit-marks -> origin/perf/4224-compact-visit-marks
stable legacy/public capture	UNKNOWN STEP	2026-10-06T11:05:40.9136853Z  * [new branch]          perf/4225-paired-avx512 -> origin/perf/4225-paired-avx512
stable legacy/public capture	UNKNOWN STEP	2026-10-06T11:05:40.9137035Z  * [new branch]          perf/4227-scratch-capacity -> origin/perf/4227-scratch-capacity
stable legacy/public capture	UNKNOWN STEP	2026-10-06T11:05:40.9137238Z  * [new branch]          perf/4233-prepared-byte-vnni -> origin/perf/4233-prepared-byte-vnni
stable legacy/public capture	UNKNOWN STEP	2026-10-06T11:05:40.9137402Z  * [new branch]          perf/4234-scalar-u8-align -> origin/perf/4234-scalar-u8-align
stable legacy/public capture	UNKNOWN STEP	2026-10-06T11:05:40.9137570Z  * [new branch]          perf/4475-scalar-probe  -> origin/perf/4475-scalar-probe
stable legacy/public capture	UNKNOWN STEP	2026-10-06T11:05:40.9137760Z  * [new branch]          perf/4476-maintenance-reads -> origin/perf/4476-maintenance-reads
stable legacy/public capture	UNKNOWN STEP	2026-10-06T11:05:40.9137943Z  * [new branch]          perf/4477-scalar-plan-cache -> origin/perf/4477-scalar-plan-cache
stable legacy/public capture	UNKNOWN STEP	2026-10-06T11:05:40.9138126Z  * [new branch]          perf/560-p1-iterator-lease -> origin/perf/560-p1-iterator-lease
stable legacy/public capture	UNKNOWN STEP	2026-10-06T11:05:40.9138284Z  * [new branch]          perf/TODO-04-slab-mmap  -> origin/perf/TODO-04-slab-mmap
stable legacy/public capture	UNKNOWN STEP	2026-10-06T11:05:40.9138473Z  * [new branch]          perf/TODO-release-candidate -> origin/perf/TODO-release-candidate
stable legacy/public capture	UNKNOWN STEP	2026-10-06T11:05:40.9138930Z  * [new branch]          perf/arena-copy-phase2-memtable-owned-pool-20260220 -> origin/perf/arena-copy-phase2-memtable-owned-pool-20260220
stable legacy/public capture	UNKNOWN STEP	2026-10-06T11:05:40.9139156Z  * [new branch]          perf/arena-copy-sizing-20260220 -> origin/perf/arena-copy-sizing-20260220
stable legacy/public capture	UNKNOWN STEP	2026-10-06T11:05:40.9139456Z  * [new branch]          perf/batch-delete-alloc-space-pass-20260219 -> origin/perf/batch-delete-alloc-space-pass-20260219
stable legacy/public capture	UNKNOWN STEP	2026-10-06T11:05:40.9139749Z  * [new branch]          perf/batch-delete-alloc-space-pass2-20260220 -> origin/perf/batch-delete-alloc-space-pass2-20260220
stable legacy/public capture	UNKNOWN STEP	2026-10-06T11:05:40.9140049Z  * [new branch]          perf/batch-delete-arenacopy-pass3-20260220 -> origin/perf/batch-delete-arenacopy-pass3-20260220
stable legacy/public capture	UNKNOWN STEP	2026-10-06T11:05:40.9140292Z  * [new branch]          perf/benchprof-per-test-contention -> origin/perf/benchprof-per-test-contention
stable legacy/public capture	UNKNOWN STEP	2026-10-06T11:05:40.9140436Z  * [new branch]          perf/big-values         -> origin/perf/big-values
stable legacy/public capture	UNKNOWN STEP	2026-10-06T11:05:40.9140594Z  * [new branch]          perf/commit-speed       -> origin/perf/commit-speed
stable legacy/public capture	UNKNOWN STEP	2026-10-06T11:05:40.9140922Z  * [new branch]          perf/decodeStructuredKeysBounded-reducedAllocs -> origin/perf/decodeStructuredKeysBounded-reducedAllocs
stable legacy/public capture	UNKNOWN STEP	2026-10-06T11:05:40.9141371Z  * [new branch]          perf/decodeStructuredKeysBounded-reducedAllocs-arena-followup -> origin/perf/decodeStructuredKeysBounded-reducedAllocs-arena-followup
stable legacy/public capture	UNKNOWN STEP	2026-10-06T11:05:40.9141697Z  * [new branch]          perf/deep-alloc-reductions-v2-fenceptr-20260219 -> origin/perf/deep-alloc-reductions-v2-fenceptr-20260219
stable legacy/public capture	UNKNOWN STEP	2026-10-06T11:05:40.9141985Z  * [new branch]          perf/default-chunk-size-256k-main-64k-side -> origin/perf/default-chunk-size-256k-main-64k-side
stable legacy/public capture	UNKNOWN STEP	2026-10-06T11:05:40.9142211Z  * [new branch]          perf/default-v2-fenceptr-20260220 -> origin/perf/default-v2-fenceptr-20260220
stable legacy/public capture	UNKNOWN STEP	2026-10-06T11:05:40.9142396Z  * [new branch]          perf/disablewal-deleterange -> origin/perf/disablewal-deleterange
stable legacy/public capture	UNKNOWN STEP	2026-10-06T11:05:40.9142591Z  * [new branch]          perf/fastread-prune-barrier -> origin/perf/fastread-prune-barrier
stable legacy/public capture	UNKNOWN STEP	2026-10-06T11:05:40.9142846Z  * [new branch]          perf/freelist-alloc-fastpop -> origin/perf/freelist-alloc-fastpop
stable legacy/public capture	UNKNOWN STEP	2026-10-06T11:05:40.9143130Z  * [new branch]          perf/gate229-fast-flushthreshold-default -> origin/perf/gate229-fast-flushthreshold-default
stable legacy/public capture	UNKNOWN STEP	2026-10-06T11:05:40.9143383Z  * [new branch]          perf/gateway-indexed-read-cache-2337 -> origin/perf/gateway-indexed-read-cache-2337
stable legacy/public capture	UNKNOWN STEP	2026-10-06T11:05:40.9143556Z  * [new branch]          perf/getmany-worker-pool -> origin/perf/getmany-worker-pool
stable legacy/public capture	UNKNOWN STEP	2026-10-06T11:05:40.9143732Z  * [new branch]          perf/hashsorted-indexing -> origin/perf/hashsorted-indexing
stable legacy/public capture	UNKNOWN STEP	2026-10-06T11:05:40.9143962Z  * [new branch]          perf/indexed-insert-planning-2339 -> origin/perf/indexed-insert-planning-2339
stable legacy/public capture	UNKNOWN STEP	2026-10-06T11:05:40.9144233Z  * [new branch]          perf/issue-501-val-pattern-unify-20260220 -> origin/perf/issue-501-val-pattern-unify-20260220
stable legacy/public capture	UNKNOWN STEP	2026-10-06T11:05:40.9144523Z  * [new branch]          perf/issue-502-vlog-delete-reclaim-20260220 -> origin/perf/issue-502-vlog-delete-reclaim-20260220
stable legacy/public capture	UNKNOWN STEP	2026-10-06T11:05:40.9144811Z  * [new branch]          perf/issue579-failing-test-then-fix-20260221 -> origin/perf/issue579-failing-test-then-fix-20260221
stable legacy/public capture	UNKNOWN STEP	2026-10-06T11:05:40.9145150Z  * [new branch]          perf/issue581-reverse-range-forcepointers-20260221 -> origin/perf/issue581-reverse-range-forcepointers-20260221
stable legacy/public capture	UNKNOWN STEP	2026-10-06T11:05:40.9145591Z  * [new branch]          perf/issue583-fix-bit23-collision-20260221 -> origin/perf/issue583-fix-bit23-collision-20260221
stable legacy/public capture	UNKNOWN STEP	2026-10-06T11:05:40.9145761Z  * [new branch]          perf/iter-random-allocs -> origin/perf/iter-random-allocs
stable legacy/public capture	UNKNOWN STEP	2026-10-06T11:05:40.9146045Z  * [new branch]          perf/iterator-deep-review-tests-20260221 -> origin/perf/iterator-deep-review-tests-20260221
stable legacy/public capture	UNKNOWN STEP	2026-10-06T11:05:40.9146229Z  * [new branch]          perf/memtable-prealloc-cap -> origin/perf/memtable-prealloc-cap
stable legacy/public capture	UNKNOWN STEP	2026-10-06T11:05:40.9146574Z  * [new branch]          perf/no-cache-read-decode-phase1 -> origin/perf/no-cache-read-decode-phase1
stable legacy/public capture	UNKNOWN STEP	2026-10-06T11:05:40.9146829Z  * [new branch]          perf/outerleaf-decode-lease-phase1 -> origin/perf/outerleaf-decode-lease-phase1
stable legacy/public capture	UNKNOWN STEP	2026-10-06T11:05:40.9147042Z  * [new branch]          perf/outerleaf-pool-lowerbound -> origin/perf/outerleaf-pool-lowerbound
stable legacy/public capture	UNKNOWN STEP	2026-10-06T11:05:40.9147320Z  * [new branch]          perf/p1-append-only-ordered-get-fastpath -> origin/perf/p1-append-only-ordered-get-fastpath
stable legacy/public capture	UNKNOWN STEP	2026-10-06T11:05:40.9147486Z  * [new branch]          perf/p3-readbatch-on-602 -> origin/perf/p3-readbatch-on-602
stable legacy/public capture	UNKNOWN STEP	2026-10-06T11:05:40.9147696Z  * [new branch]          perf/pr590-hardening-20260221 -> origin/perf/pr590-hardening-20260221
stable legacy/public capture	UNKNOWN STEP	2026-10-06T11:05:40.9147891Z  * [new branch]          perf/pr591-hardening-20260221 -> origin/perf/pr591-hardening-20260221
stable legacy/public capture	UNKNOWN STEP	2026-10-06T11:05:40.9148096Z  * [new branch]          perf/random-read-allocs-phase1 -> origin/perf/random-read-allocs-phase1
stable legacy/public capture	UNKNOWN STEP	2026-10-06T11:05:40.9148304Z  * [new branch]          perf/random-read-allocs-phase2 -> origin/perf/random-read-allocs-phase2
stable legacy/public capture	UNKNOWN STEP	2026-10-06T11:05:40.9148500Z  * [new branch]          perf/random-read-allocs-phase3 -> origin/perf/random-read-allocs-phase3
stable legacy/public capture	UNKNOWN STEP	2026-10-06T11:05:40.9148666Z  * [new branch]          perf/read-mutex-phase1  -> origin/perf/read-mutex-phase1
stable legacy/public capture	UNKNOWN STEP	2026-10-06T11:05:40.9148819Z  * [new branch]          perf/read-path-rc1      -> origin/perf/read-path-rc1
stable legacy/public capture	UNKNOWN STEP	2026-10-06T11:05:40.9149022Z  * [new branch]          perf/read-profile-bottleneck -> origin/perf/read-profile-bottleneck
stable legacy/public capture	UNKNOWN STEP	2026-10-06T11:05:40.9149283Z  * [new branch]          perf/remove-noisy-perf-checks-20260220 -> origin/perf/remove-noisy-perf-checks-20260220
stable legacy/public capture	UNKNOWN STEP	2026-10-06T11:05:40.9149586Z  * [new branch]          perf/reverse-iterator-caching-parity-20260221 -> origin/perf/reverse-iterator-caching-parity-20260221
stable legacy/public capture	UNKNOWN STEP	2026-10-06T11:05:40.9149749Z  * [new branch]          perf/skiplist-arena     -> origin/perf/skiplist-arena
stable legacy/public capture	UNKNOWN STEP	2026-10-06T11:05:40.9149913Z  * [new branch]          perf/skiplist-chunk1mb  -> origin/perf/skiplist-chunk1mb
stable legacy/public capture	UNKNOWN STEP	2026-10-06T11:05:40.9150163Z  * [new branch]          perf/skiplist-chunk4mb  -> origin/perf/skiplist-chunk4mb
stable legacy/public capture	UNKNOWN STEP	2026-10-06T11:05:40.9150331Z  * [new branch]          perf/slab-appendmany    -> origin/perf/slab-appendmany
stable legacy/public capture	UNKNOWN STEP	2026-10-06T11:05:40.9150485Z  * [new branch]          perf/slab-mmap-async    -> origin/perf/slab-mmap-async
stable legacy/public capture	UNKNOWN STEP	2026-10-06T11:05:40.9150717Z  * [new branch]          perf/snapshot-registry-shard-hint -> origin/perf/snapshot-registry-shard-hint
stable legacy/public capture	UNKNOWN STEP	2026-10-06T11:05:40.9150955Z  * [new branch]          perf/test-hardening-563-564-20260220 -> origin/perf/test-hardening-563-564-20260220
stable legacy/public capture	UNKNOWN STEP	2026-10-06T11:05:40.9151137Z  * [new branch]          perf/tree-has-fence-seek -> origin/perf/tree-has-fence-seek
stable legacy/public capture	UNKNOWN STEP	2026-10-06T11:05:40.9151329Z  * [new branch]          perf/treedb-a1-probe-cache -> origin/perf/treedb-a1-probe-cache
stable legacy/public capture	UNKNOWN STEP	2026-10-06T11:05:40.9151563Z  * [new branch]          perf/treedb-coverage-wave1-20260221 -> origin/perf/treedb-coverage-wave1-20260221
stable legacy/public capture	UNKNOWN STEP	2026-10-06T11:05:40.9151878Z  * [new branch]          perf/treedb-coverage-wave2-encoding-20260221 -> origin/perf/treedb-coverage-wave2-encoding-20260221
stable legacy/public capture	UNKNOWN STEP	2026-10-06T11:05:40.9152093Z  * [new branch]          perf/treedb-memtable-read-index -> origin/perf/treedb-memtable-read-index
stable legacy/public capture	UNKNOWN STEP	2026-10-06T11:05:40.9152273Z  * [new branch]          perf/treedb-opt-sprint-01 -> origin/perf/treedb-opt-sprint-01
stable legacy/public capture	UNKNOWN STEP	2026-10-06T11:05:40.9152523Z  * [new branch]          perf/treedb-randread-append-fastpath -> origin/perf/treedb-randread-append-fastpath
stable legacy/public capture	UNKNOWN STEP	2026-10-06T11:05:40.9152700Z  * [new branch]          perf/treedb-randread-pass2 -> origin/perf/treedb-randread-pass2
stable legacy/public capture	UNKNOWN STEP	2026-10-06T11:05:40.9152879Z  * [new branch]          perf/treedb-randread-pass3 -> origin/perf/treedb-randread-pass3
stable legacy/public capture	UNKNOWN STEP	2026-10-06T11:05:40.9153127Z  * [new branch]          perf/treemap-coverage-phase1-20260221 -> origin/perf/treemap-coverage-phase1-20260221
stable legacy/public capture	UNKNOWN STEP	2026-10-06T11:05:40.9153469Z  * [new branch]          perf/treemap-coverage-phase2-integration-20260221 -> origin/perf/treemap-coverage-phase2-integration-20260221
stable legacy/public capture	UNKNOWN STEP	2026-10-06T11:05:40.9153797Z  * [new branch]          perf/treemap-v2-maintenance-20260220 -> origin/perf/treemap-v2-maintenance-20260220
stable legacy/public capture	UNKNOWN STEP	2026-10-06T11:05:40.9154041Z  * [new branch]          perf/unified-batch-value-read-path -> origin/perf/unified-batch-value-read-path
stable legacy/public capture	UNKNOWN STEP	2026-10-06T11:05:40.9154419Z  * [new branch]          perf/unified-bench-read-under-write-parallel-20260221 -> origin/perf/unified-bench-read-under-write-parallel-20260221
stable legacy/public capture	UNKNOWN STEP	2026-10-06T11:05:40.9154697Z  * [new branch]          perf/unified-bench-snapshot-read-writers -> origin/perf/unified-bench-snapshot-read-writers
stable legacy/public capture	UNKNOWN STEP	2026-10-06T11:05:40.9154949Z  * [new branch]          perf/v2-fenceptr-cache-default-16384 -> origin/perf/v2-fenceptr-cache-default-16384
stable legacy/public capture	UNKNOWN STEP	2026-10-06T11:05:40.9155186Z  * [new branch]          perf/value-log-append-zero-copy-2 -> origin/perf/value-log-append-zero-copy-2
stable legacy/public capture	UNKNOWN STEP	2026-10-06T11:05:40.9155564Z  * [new branch]          perf/value-reader-append-reuse -> origin/perf/value-reader-append-reuse
stable legacy/public capture	UNKNOWN STEP	2026-10-06T11:05:40.9155806Z  * [new branch]          perf/vdbbench-dense-curve-20260821 -> origin/perf/vdbbench-dense-curve-20260821
stable legacy/public capture	UNKNOWN STEP	2026-10-06T11:05:40.9155973Z  * [new branch]          perf/vlog-active-mmap   -> origin/perf/vlog-active-mmap
stable legacy/public capture	UNKNOWN STEP	2026-10-06T11:05:40.9156170Z  * [new branch]          perf/vlog-cache-fingerprint -> origin/perf/vlog-cache-fingerprint
stable legacy/public capture	UNKNOWN STEP	2026-10-06T11:05:40.9156375Z  * [new branch]          perf/vlog-cache-hit-validation -> origin/perf/vlog-cache-hit-validation
stable legacy/public capture	UNKNOWN STEP	2026-10-06T11:05:40.9156622Z  * [new branch]          perf/vlog-offset-pointer-propagation -> origin/perf/vlog-offset-pointer-propagation
stable legacy/public capture	UNKNOWN STEP	2026-10-06T11:05:40.9156825Z  * [new branch]          perf/vlog-readbarrier-timing -> origin/perf/vlog-readbarrier-timing
stable legacy/public capture	UNKNOWN STEP	2026-10-06T11:05:40.9156980Z  * [new branch]          perf/wal-reuse-writer   -> origin/perf/wal-reuse-writer
stable legacy/public capture	UNKNOWN STEP	2026-10-06T11:05:40.9157363Z  * [new branch]          perf/walonfast-batch-writeRegular-arena-allocs-20260221 -> origin/perf/walonfast-batch-writeRegular-arena-allocs-20260221
stable legacy/public capture	UNKNOWN STEP	2026-10-06T11:05:40.9157655Z  * [new branch]          phase15-compaction-vacuum -> origin/phase15-compaction-vacuum
stable legacy/public capture	UNKNOWN STEP	2026-10-06T11:05:40.9157799Z  * [new branch]          phase15-rc-01           -> origin/phase15-rc-01
stable legacy/public capture	UNKNOWN STEP	2026-10-06T11:05:40.9157940Z  * [new branch]          phase15-rc-02           -> origin/phase15-rc-02
stable legacy/public capture	UNKNOWN STEP	2026-10-06T11:05:40.9158069Z  * [new branch]          phase15-rc-03           -> origin/phase15-rc-03
stable legacy/public capture	UNKNOWN STEP	2026-10-06T11:05:40.9158204Z  * [new branch]          phase15-rc-04           -> origin/phase15-rc-04
stable legacy/public capture	UNKNOWN STEP	2026-10-06T11:05:40.9158340Z  * [new branch]          phase15-rc-05           -> origin/phase15-rc-05
stable legacy/public capture	UNKNOWN STEP	2026-10-06T11:05:40.9158490Z  * [new branch]          phase15-sprint-01       -> origin/phase15-sprint-01
stable legacy/public capture	UNKNOWN STEP	2026-10-06T11:05:40.9158638Z  * [new branch]          phase15-sprint-02       -> origin/phase15-sprint-02
stable legacy/public capture	UNKNOWN STEP	2026-10-06T11:05:40.9158776Z  * [new branch]          phase15-sprint-03       -> origin/phase15-sprint-03
stable legacy/public capture	UNKNOWN STEP	2026-10-06T11:05:40.9158926Z  * [new branch]          phase15-sprint-04       -> origin/phase15-sprint-04
stable legacy/public capture	UNKNOWN STEP	2026-10-06T11:05:40.9159066Z  * [new branch]          phase15-sprint-05       -> origin/phase15-sprint-05
stable legacy/public capture	UNKNOWN STEP	2026-10-06T11:05:40.9159211Z  * [new branch]          phase15-sprint-06       -> origin/phase15-sprint-06
stable legacy/public capture	UNKNOWN STEP	2026-10-06T11:05:40.9159355Z  * [new branch]          phase15-sprint-07       -> origin/phase15-sprint-07
stable legacy/public capture	UNKNOWN STEP	2026-10-06T11:05:40.9159493Z  * [new branch]          phase15-sprint-08       -> origin/phase15-sprint-08
stable legacy/public capture	UNKNOWN STEP	2026-10-06T11:05:40.9159638Z  * [new branch]          phase15-sprint-09       -> origin/phase15-sprint-09
stable legacy/public capture	UNKNOWN STEP	2026-10-06T11:05:40.9159774Z  * [new branch]          phase15-sprint-10       -> origin/phase15-sprint-10
stable legacy/public capture	UNKNOWN STEP	2026-10-06T11:05:40.9159918Z  * [new branch]          phase15-sprint-11       -> origin/phase15-sprint-11
stable legacy/public capture	UNKNOWN STEP	2026-10-06T11:05:40.9160061Z  * [new branch]          phase15-sprint-12       -> origin/phase15-sprint-12
stable legacy/public capture	UNKNOWN STEP	2026-10-06T11:05:40.9160196Z  * [new branch]          phase15-sprint-13       -> origin/phase15-sprint-13
stable legacy/public capture	UNKNOWN STEP	2026-10-06T11:05:40.9160436Z  * [new branch]          phase15-sprint-14       -> origin/phase15-sprint-14
stable legacy/public capture	UNKNOWN STEP	2026-10-06T11:05:40.9160577Z  * [new branch]          phase15-sprint-15       -> origin/phase15-sprint-15
stable legacy/public capture	UNKNOWN STEP	2026-10-06T11:05:40.9160726Z  * [new branch]          phase15-sprint-16       -> origin/phase15-sprint-16
stable legacy/public capture	UNKNOWN STEP	2026-10-06T11:05:40.9160863Z  * [new branch]          phase15-sprint-17       -> origin/phase15-sprint-17
stable legacy/public capture	UNKNOWN STEP	2026-10-06T11:05:40.9161006Z  * [new branch]          phase15-sprint-18       -> origin/phase15-sprint-18
stable legacy/public capture	UNKNOWN STEP	2026-10-06T11:05:40.9161149Z  * [new branch]          phase15-sprint-19       -> origin/phase15-sprint-19
stable legacy/public capture	UNKNOWN STEP	2026-10-06T11:05:40.9161286Z  * [new branch]          phase15-sprint-20       -> origin/phase15-sprint-20
stable legacy/public capture	UNKNOWN STEP	2026-10-06T11:05:40.9161432Z  * [new branch]          phase15-sprint-21       -> origin/phase15-sprint-21
stable legacy/public capture	UNKNOWN STEP	2026-10-06T11:05:40.9161567Z  * [new branch]          phase15-sprint-22       -> origin/phase15-sprint-22
stable legacy/public capture	UNKNOWN STEP	2026-10-06T11:05:40.9161712Z  * [new branch]          phase15-sprint-23       -> origin/phase15-sprint-23
stable legacy/public capture	UNKNOWN STEP	2026-10-06T11:05:40.9161854Z  * [new branch]          phase15-sprint-24       -> origin/phase15-sprint-24
stable legacy/public capture	UNKNOWN STEP	2026-10-06T11:05:40.9161991Z  * [new branch]          phase15-sprint-25       -> origin/phase15-sprint-25
stable legacy/public capture	UNKNOWN STEP	2026-10-06T11:05:40.9162134Z  * [new branch]          phase15-sprint-26       -> origin/phase15-sprint-26
stable legacy/public capture	UNKNOWN STEP	2026-10-06T11:05:40.9162271Z  * [new branch]          phase15-sprint-27       -> origin/phase15-sprint-27
stable legacy/public capture	UNKNOWN STEP	2026-10-06T11:05:40.9162414Z  * [new branch]          phase15-sprint-28       -> origin/phase15-sprint-28
stable legacy/public capture	UNKNOWN STEP	2026-10-06T11:05:40.9162555Z  * [new branch]          phase15-sprint-29       -> origin/phase15-sprint-29
stable legacy/public capture	UNKNOWN STEP	2026-10-06T11:05:40.9162701Z  * [new branch]          phase15-sprint-30       -> origin/phase15-sprint-30
stable legacy/public capture	UNKNOWN STEP	2026-10-06T11:05:40.9162848Z  * [new branch]          phase15-sprint-31       -> origin/phase15-sprint-31
stable legacy/public capture	UNKNOWN STEP	2026-10-06T11:05:40.9162986Z  * [new branch]          phase15-sprint-32       -> origin/phase15-sprint-32
stable legacy/public capture	UNKNOWN STEP	2026-10-06T11:05:40.9163133Z  * [new branch]          phase15-sprint-33       -> origin/phase15-sprint-33
stable legacy/public capture	UNKNOWN STEP	2026-10-06T11:05:40.9163338Z  * [new branch]          phase15-sprint-34       -> origin/phase15-sprint-34
stable legacy/public capture	UNKNOWN STEP	2026-10-06T11:05:40.9163489Z  * [new branch]          phase15-sprint-35       -> origin/phase15-sprint-35
stable legacy/public capture	UNKNOWN STEP	2026-10-06T11:05:40.9163635Z  * [new branch]          phase15-sprint-36       -> origin/phase15-sprint-36
stable legacy/public capture	UNKNOWN STEP	2026-10-06T11:05:40.9163772Z  * [new branch]          phase15-sprint-37       -> origin/phase15-sprint-37
stable legacy/public capture	UNKNOWN STEP	2026-10-06T11:05:40.9163924Z  * [new branch]          phase15-sprint-38       -> origin/phase15-sprint-38
stable legacy/public capture	UNKNOWN STEP	2026-10-06T11:05:40.9164063Z  * [new branch]          phase15-sprint-39       -> origin/phase15-sprint-39
stable legacy/public capture	UNKNOWN STEP	2026-10-06T11:05:40.9164206Z  * [new branch]          phase15-sprint-40       -> origin/phase15-sprint-40
stable legacy/public capture	UNKNOWN STEP	2026-10-06T11:05:40.9164353Z  * [new branch]          phase15-sprint-41       -> origin/phase15-sprint-41
stable legacy/public capture	UNKNOWN STEP	2026-10-06T11:05:40.9164489Z  * [new branch]          phase16-rc-01           -> origin/phase16-rc-01
stable legacy/public capture	UNKNOWN STEP	2026-10-06T11:05:40.9164638Z  * [new branch]          phase16-sprint-01       -> origin/phase16-sprint-01
stable legacy/public capture	UNKNOWN STEP	2026-10-06T11:05:40.9164777Z  * [new branch]          phase16-sprint-02       -> origin/phase16-sprint-02
stable legacy/public capture	UNKNOWN STEP	2026-10-06T11:05:40.9164923Z  * [new branch]          phase16-sprint-03       -> origin/phase16-sprint-03
stable legacy/public capture	UNKNOWN STEP	2026-10-06T11:05:40.9165060Z  * [new branch]          phase16-sprint-04       -> origin/phase16-sprint-04
stable legacy/public capture	UNKNOWN STEP	2026-10-06T11:05:40.9165203Z  * [new branch]          phase16-sprint-05       -> origin/phase16-sprint-05
stable legacy/public capture	UNKNOWN STEP	2026-10-06T11:05:40.9165428Z  * [new branch]          phase16-sprint-06       -> origin/phase16-sprint-06
stable legacy/public capture	UNKNOWN STEP	2026-10-06T11:05:40.9165564Z  * [new branch]          phase16-sprint-07       -> origin/phase16-sprint-07
stable legacy/public capture	UNKNOWN STEP	2026-10-06T11:05:40.9165709Z  * [new branch]          phase16-sprint-08       -> origin/phase16-sprint-08
stable legacy/public capture	UNKNOWN STEP	2026-10-06T11:05:40.9165847Z  * [new branch]          phase16-sprint-09       -> origin/phase16-sprint-09
stable legacy/public capture	UNKNOWN STEP	2026-10-06T11:05:40.9165989Z  * [new branch]          phase16-sprint-10       -> origin/phase16-sprint-10
stable legacy/public capture	UNKNOWN STEP	2026-10-06T11:05:40.9166235Z  * [new branch]          phase16-sprint-11       -> origin/phase16-sprint-11
stable legacy/public capture	UNKNOWN STEP	2026-10-06T11:05:40.9166382Z  * [new branch]          phase16-sprint-12       -> origin/phase16-sprint-12
stable legacy/public capture	UNKNOWN STEP	2026-10-06T11:05:40.9166533Z  * [new branch]          phase16-sprint-13       -> origin/phase16-sprint-13
stable legacy/public capture	UNKNOWN STEP	2026-10-06T11:05:40.9166669Z  * [new branch]          phase16-sprint-14       -> origin/phase16-sprint-14
stable legacy/public capture	UNKNOWN STEP	2026-10-06T11:05:40.9166813Z  * [new branch]          phase16-sprint-15       -> origin/phase16-sprint-15
stable legacy/public capture	UNKNOWN STEP	2026-10-06T11:05:40.9166952Z  * [new branch]          phase16-sprint-16       -> origin/phase16-sprint-16
stable legacy/public capture	UNKNOWN STEP	2026-10-06T11:05:40.9167101Z  * [new branch]          phase16-sprint-17       -> origin/phase16-sprint-17
stable legacy/public capture	UNKNOWN STEP	2026-10-06T11:05:40.9167243Z  * [new branch]          phase17-rc-01           -> origin/phase17-rc-01
stable legacy/public capture	UNKNOWN STEP	2026-10-06T11:05:40.9167388Z  * [new branch]          phase17-rc-vi-gc        -> origin/phase17-rc-vi-gc
stable legacy/public capture	UNKNOWN STEP	2026-10-06T11:05:40.9167536Z  * [new branch]          phase17-sprint-01       -> origin/phase17-sprint-01
stable legacy/public capture	UNKNOWN STEP	2026-10-06T11:05:40.9167675Z  * [new branch]          phase17-sprint-02       -> origin/phase17-sprint-02
stable legacy/public capture	UNKNOWN STEP	2026-10-06T11:05:40.9167819Z  * [new branch]          phase17-sprint-03       -> origin/phase17-sprint-03
stable legacy/public capture	UNKNOWN STEP	2026-10-06T11:05:40.9167954Z  * [new branch]          pi/2825-m0              -> origin/pi/2825-m0
stable legacy/public capture	UNKNOWN STEP	2026-10-06T11:05:40.9168075Z  * [new branch]          pi/2826-m1              -> origin/pi/2826-m1
stable legacy/public capture	UNKNOWN STEP	2026-10-06T11:05:40.9168201Z  * [new branch]          pi/2827-m2              -> origin/pi/2827-m2
stable legacy/public capture	UNKNOWN STEP	2026-10-06T11:05:40.9168318Z  * [new branch]          pi/2828-m3              -> origin/pi/2828-m3
stable legacy/public capture	UNKNOWN STEP	2026-10-06T11:05:40.9168444Z  * [new branch]          pi/2829-m4              -> origin/pi/2829-m4
stable legacy/public capture	UNKNOWN STEP	2026-10-06T11:05:40.9168561Z  * [new branch]          pi/2830-m5              -> origin/pi/2830-m5
stable legacy/public capture	UNKNOWN STEP	2026-10-06T11:05:40.9168685Z  * [new branch]          pi/2831-m6              -> origin/pi/2831-m6
stable legacy/public capture	UNKNOWN STEP	2026-10-06T11:05:40.9168812Z  * [new branch]          pi/2832-m7              -> origin/pi/2832-m7
stable legacy/public capture	UNKNOWN STEP	2026-10-06T11:05:40.9168930Z  * [new branch]          pi/2902-m2              -> origin/pi/2902-m2
stable legacy/public capture	UNKNOWN STEP	2026-10-06T11:05:40.9169145Z  * [new branch]          pi/2903-m3              -> origin/pi/2903-m3
stable legacy/public capture	UNKNOWN STEP	2026-10-06T11:05:40.9169267Z  * [new branch]          pi/2904-m4              -> origin/pi/2904-m4
stable legacy/public capture	UNKNOWN STEP	2026-10-06T11:05:40.9169413Z  * [new branch]          pi/2905-m5-retry        -> origin/pi/2905-m5-retry
stable legacy/public capture	UNKNOWN STEP	2026-10-06T11:05:40.9169573Z  * [new branch]          pi/2907-m7-final-gate   -> origin/pi/2907-m7-final-gate
stable legacy/public capture	UNKNOWN STEP	2026-10-06T11:05:40.9169731Z  * [new branch]          pi/2913-shared-frontier -> origin/pi/2913-shared-frontier
stable legacy/public capture	UNKNOWN STEP	2026-10-06T11:05:40.9169889Z  * [new branch]          pi/2916-final-blocker   -> origin/pi/2916-final-blocker
stable legacy/public capture	UNKNOWN STEP	2026-10-06T11:05:40.9170042Z  * [new branch]          pi/2920-leaf-log-output -> origin/pi/2920-leaf-log-output
stable legacy/public capture	UNKNOWN STEP	2026-10-06T11:05:40.9170251Z  * [new branch]          pi/2926-leaf-log-lane-contract -> origin/pi/2926-leaf-log-lane-contract
stable legacy/public capture	UNKNOWN STEP	2026-10-06T11:05:40.9170486Z  * [new branch]          pi/2927-leaf-log-writer-substrate -> origin/pi/2927-leaf-log-writer-substrate
stable legacy/public capture	UNKNOWN STEP	2026-10-06T11:05:40.9170737Z  * [new branch]          pi/2928-span-native-leaf-log-routing -> origin/pi/2928-span-native-leaf-log-routing
stable legacy/public capture	UNKNOWN STEP	2026-10-06T11:05:40.9170976Z  * [new branch]          pi/2929-leaf-log-lanes-gc-hardening -> origin/pi/2929-leaf-log-lanes-gc-hardening
stable legacy/public capture	UNKNOWN STEP	2026-10-06T11:05:40.9171242Z  * [new branch]          pi/2930-leaf-log-lanes-profile-optimize -> origin/pi/2930-leaf-log-lanes-profile-optimize
stable legacy/public capture	UNKNOWN STEP	2026-10-06T11:05:40.9171472Z  * [new branch]          pi/2931-leaf-log-lanes-final-gate -> origin/pi/2931-leaf-log-lanes-final-gate
stable legacy/public capture	UNKNOWN STEP	2026-10-06T11:05:40.9171719Z  * [new branch]          pi/2932-leaf-log-lane-observability -> origin/pi/2932-leaf-log-lane-observability
stable legacy/public capture	UNKNOWN STEP	2026-10-06T11:05:40.9171971Z  * [new branch]          pi/2933-leaf-log-lanes-query-guardrails -> origin/pi/2933-leaf-log-lanes-query-guardrails
stable legacy/public capture	UNKNOWN STEP	2026-10-06T11:05:40.9172259Z  * [new branch]          pi/2934-leaf-log-lanes-lifecycle-footprint -> origin/pi/2934-leaf-log-lanes-lifecycle-footprint
stable legacy/public capture	UNKNOWN STEP	2026-10-06T11:05:40.9172641Z  * [new branch]          pi/2945-checkpoint-wait-productivity-counters -> origin/pi/2945-checkpoint-wait-productivity-counters
stable legacy/public capture	UNKNOWN STEP	2026-10-06T11:05:40.9172859Z  * [new branch]          pi/2960-apply-allocation-churn -> origin/pi/2960-apply-allocation-churn
stable legacy/public capture	UNKNOWN STEP	2026-10-06T11:05:40.9173056Z  * [new branch]          pi/2974-c8-default-promotion -> origin/pi/2974-c8-default-promotion
stable legacy/public capture	UNKNOWN STEP	2026-10-06T11:05:40.9173222Z  * [new branch]          pi/2990-one-worker-range -> origin/pi/2990-one-worker-range
stable legacy/public capture	UNKNOWN STEP	2026-10-06T11:05:40.9173412Z  * [new branch]          pi/2991-leaf-ref-cache-noop -> origin/pi/2991-leaf-ref-cache-noop
stable legacy/public capture	UNKNOWN STEP	2026-10-06T11:05:40.9173615Z  * [new branch]          pi/2996-default-policy-manager -> origin/pi/2996-default-policy-manager
stable legacy/public capture	UNKNOWN STEP	2026-10-06T11:05:40.9173825Z  * [new branch]          pivot/clean-anchor-642cfeaa51 -> origin/pivot/clean-anchor-642cfeaa51
stable legacy/public capture	UNKNOWN STEP	2026-10-06T11:05:40.9174017Z  * [new branch]          pivot/compression-wal-sync -> origin/pivot/compression-wal-sync
stable legacy/public capture	UNKNOWN STEP	2026-10-06T11:05:40.9174225Z  * [new branch]          pivot/from-backup-cherrypicks -> origin/pivot/from-backup-cherrypicks
stable legacy/public capture	UNKNOWN STEP	2026-10-06T11:05:40.9174389Z  * [new branch]          pivot/safe-candidate    -> origin/pivot/safe-candidate
stable legacy/public capture	UNKNOWN STEP	2026-10-06T11:05:40.9174525Z  * [new branch]          pr-994-review           -> origin/pr-994-review
stable legacy/public capture	UNKNOWN STEP	2026-10-06T11:05:40.9174755Z  * [new branch]          pr/618-v1-leaflog-mode-guardrails -> origin/pr/618-v1-leaflog-mode-guardrails
stable legacy/public capture	UNKNOWN STEP	2026-10-06T11:05:40.9174935Z  * [new branch]          pr/619-v1-leaflog-read-path -> origin/pr/619-v1-leaflog-read-path
stable legacy/public capture	UNKNOWN STEP	2026-10-06T11:05:40.9175155Z  * [new branch]          pr/620-v1-leaflog-write-atomicity -> origin/pr/620-v1-leaflog-write-atomicity
stable legacy/public capture	UNKNOWN STEP	2026-10-06T11:05:40.9175565Z  * [new branch]          pr/621-v1-leaflog-structural-parity -> origin/pr/621-v1-leaflog-structural-parity
stable legacy/public capture	UNKNOWN STEP	2026-10-06T11:05:40.9175783Z  * [new branch]          pr/622-v1-leaflog-iterator-parity -> origin/pr/622-v1-leaflog-iterator-parity
stable legacy/public capture	UNKNOWN STEP	2026-10-06T11:05:40.9176144Z  * [new branch]          pr/623-v1-leaflog-gc-rewrite-recovery -> origin/pr/623-v1-leaflog-gc-rewrite-recovery
stable legacy/public capture	UNKNOWN STEP	2026-10-06T11:05:40.9176324Z  * [new branch]          pr/624-v1-leaflog-perf-docs -> origin/pr/624-v1-leaflog-perf-docs
stable legacy/public capture	UNKNOWN STEP	2026-10-06T11:05:40.9176509Z  * [new branch]          pr/681-append-only-hotpath -> origin/pr/681-append-only-hotpath
stable legacy/public capture	UNKNOWN STEP	2026-10-06T11:05:40.9176672Z  * [new branch]          pr/681-appendonly-decay -> origin/pr/681-appendonly-decay
stable legacy/public capture	UNKNOWN STEP	2026-10-06T11:05:40.9176838Z  * [new branch]          pr/681-batch-arena-budget -> origin/pr/681-batch-arena-budget
stable legacy/public capture	UNKNOWN STEP	2026-10-06T11:05:40.9177006Z  * [new branch]          pr/681-batch-arena-clamp -> origin/pr/681-batch-arena-clamp
stable legacy/public capture	UNKNOWN STEP	2026-10-06T11:05:40.9177196Z  * [new branch]          pr/681-batch-arena-ownership -> origin/pr/681-batch-arena-ownership
stable legacy/public capture	UNKNOWN STEP	2026-10-06T11:05:40.9177360Z  * [new branch]          pr/681-batch-size-hint  -> origin/pr/681-batch-size-hint
stable legacy/public capture	UNKNOWN STEP	2026-10-06T11:05:40.9177567Z  * [new branch]          pr/681-batch-split-vlog-values -> origin/pr/681-batch-split-vlog-values
stable legacy/public capture	UNKNOWN STEP	2026-10-06T11:05:40.9177723Z  * [new branch]          pr/681-btree-entry-ptr  -> origin/pr/681-btree-entry-ptr
stable legacy/public capture	UNKNOWN STEP	2026-10-06T11:05:40.9177890Z  * [new branch]          pr/681-entryslice-budget -> origin/pr/681-entryslice-budget
stable legacy/public capture	UNKNOWN STEP	2026-10-06T11:05:40.9178040Z  * [new branch]          pr/681-safe-get-copy    -> origin/pr/681-safe-get-copy
stable legacy/public capture	UNKNOWN STEP	2026-10-06T11:05:40.9178252Z  * [new branch]          pr/681-vlog-reader-scan-noalloc -> origin/pr/681-vlog-reader-scan-noalloc
stable legacy/public capture	UNKNOWN STEP	2026-10-06T11:05:40.9178431Z  * [new branch]          pr/681-vlog-writer-no-bufio -> origin/pr/681-vlog-writer-no-bufio
stable legacy/public capture	UNKNOWN STEP	2026-10-06T11:05:40.9178672Z  * [new branch]          pr/688-phase10-secondary-index-roots -> origin/pr/688-phase10-secondary-index-roots
stable legacy/public capture	UNKNOWN STEP	2026-10-06T11:05:40.9178944Z  * [new branch]          pr/688-phase11-multi-root-atomic-publish -> origin/pr/688-phase11-multi-root-atomic-publish
stable legacy/public capture	UNKNOWN STEP	2026-10-06T11:05:40.9179098Z  * [new branch]          pr/688-phase12-closeout -> origin/pr/688-phase12-closeout
stable legacy/public capture	UNKNOWN STEP	2026-10-06T11:05:40.9179455Z  * [new branch]          pr/688-phase13-collections-benchmarks -> origin/pr/688-phase13-collections-benchmarks
stable legacy/public capture	UNKNOWN STEP	2026-10-06T11:05:40.9179671Z  * [new branch]          pr/688-phase14-collections-perf -> origin/pr/688-phase14-collections-perf
stable legacy/public capture	UNKNOWN STEP	2026-10-06T11:05:40.9179824Z  * [new branch]          pr/688-phase15-db-perf  -> origin/pr/688-phase15-db-perf
stable legacy/public capture	UNKNOWN STEP	2026-10-06T11:05:40.9180007Z  * [new branch]          pr/688-phase16-zipper-perf -> origin/pr/688-phase16-zipper-perf
stable legacy/public capture	UNKNOWN STEP	2026-10-06T11:05:40.9180211Z  * [new branch]          pr/688-phase17-throughput-perf -> origin/pr/688-phase17-throughput-perf
stable legacy/public capture	UNKNOWN STEP	2026-10-06T11:05:40.9180409Z  * [new branch]          pr/688-phase18-vlog-read-perf -> origin/pr/688-phase18-vlog-read-perf
stable legacy/public capture	UNKNOWN STEP	2026-10-06T11:05:40.9180638Z  * [new branch]          pr/688-phase19-indexed-delete-perf -> origin/pr/688-phase19-indexed-delete-perf
stable legacy/public capture	UNKNOWN STEP	2026-10-06T11:05:40.9180890Z  * [new branch]          pr/688-phase2-collection-primary-vlog -> origin/pr/688-phase2-collection-primary-vlog
stable legacy/public capture	UNKNOWN STEP	2026-10-06T11:05:40.9181202Z  * [new branch]          pr/688-phase20-collections-cached-api-matrix -> origin/pr/688-phase20-collections-cached-api-matrix
stable legacy/public capture	UNKNOWN STEP	2026-10-06T11:05:40.9181433Z  * [new branch]          pr/688-phase21-cached-reopen-matrix -> origin/pr/688-phase21-cached-reopen-matrix
stable legacy/public capture	UNKNOWN STEP	2026-10-06T11:05:40.9181652Z  * [new branch]          pr/688-phase22-cached-system-root -> origin/pr/688-phase22-cached-system-root
stable legacy/public capture	UNKNOWN STEP	2026-10-06T11:05:40.9181909Z  * [new branch]          pr/688-phase23-cached-named-root-reads -> origin/pr/688-phase23-cached-named-root-reads
stable legacy/public capture	UNKNOWN STEP	2026-10-06T11:05:40.9182172Z  * [new branch]          pr/688-phase24-cached-multi-root-publish -> origin/pr/688-phase24-cached-multi-root-publish
stable legacy/public capture	UNKNOWN STEP	2026-10-06T11:05:40.9182447Z  * [new branch]          pr/688-phase25-collections-cached-default -> origin/pr/688-phase25-collections-cached-default
stable legacy/public capture	UNKNOWN STEP	2026-10-06T11:05:40.9182689Z  * [new branch]          pr/688-phase26-unique-prefix-fastpath -> origin/pr/688-phase26-unique-prefix-fastpath
stable legacy/public capture	UNKNOWN STEP	2026-10-06T11:05:40.9182916Z  * [new branch]          pr/688-phase27-named-root-memtable -> origin/pr/688-phase27-named-root-memtable
stable legacy/public capture	UNKNOWN STEP	2026-10-06T11:05:40.9183278Z  * [new branch]          pr/688-phase28-named-root-prefix-memtable -> origin/pr/688-phase28-named-root-prefix-memtable
stable legacy/public capture	UNKNOWN STEP	2026-10-06T11:05:40.9183517Z  * [new branch]          pr/688-phase29-named-root-iterators -> origin/pr/688-phase29-named-root-iterators
stable legacy/public capture	UNKNOWN STEP	2026-10-06T11:05:40.9183826Z  * [new branch]          pr/688-phase3-secondary-index -> origin/pr/688-phase3-secondary-index
stable legacy/public capture	UNKNOWN STEP	2026-10-06T11:05:40.9184159Z  * [new branch]          pr/688-phase30-shared-root-memtable -> origin/pr/688-phase30-shared-root-memtable
stable legacy/public capture	UNKNOWN STEP	2026-10-06T11:05:40.9184592Z  * [new branch]          pr/688-phase31-staging-descriptor-perf -> origin/pr/688-phase31-staging-descriptor-perf
stable legacy/public capture	UNKNOWN STEP	2026-10-06T11:05:40.9184974Z  * [new branch]          pr/688-phase32-owned-staging-writes -> origin/pr/688-phase32-owned-staging-writes
stable legacy/public capture	UNKNOWN STEP	2026-10-06T11:05:40.9185429Z  * [new branch]          pr/688-phase33-native-named-root-flush -> origin/pr/688-phase33-native-named-root-flush
stable legacy/public capture	UNKNOWN STEP	2026-10-06T11:05:40.9185646Z  * [new branch]          pr/688-phase34-root-bulk-ops -> origin/pr/688-phase34-root-bulk-ops
stable legacy/public capture	UNKNOWN STEP	2026-10-06T11:05:40.9185905Z  * [new branch]          pr/688-phase35-collection-batch-ingest -> origin/pr/688-phase35-collection-batch-ingest
stable legacy/public capture	UNKNOWN STEP	2026-10-06T11:05:40.9186156Z  * [new branch]          pr/688-phase36-named-root-stream-flush -> origin/pr/688-phase36-named-root-stream-flush
stable legacy/public capture	UNKNOWN STEP	2026-10-06T11:05:40.9186376Z  * [new branch]          pr/688-phase37-root-stream-apply -> origin/pr/688-phase37-root-stream-apply
stable legacy/public capture	UNKNOWN STEP	2026-10-06T11:05:40.9186621Z  * [new branch]          pr/688-phase38-batch-ingest-iterators -> origin/pr/688-phase38-batch-ingest-iterators
stable legacy/public capture	UNKNOWN STEP	2026-10-06T11:05:40.9186865Z  * [new branch]          pr/688-phase39-warm-root-merge-apply -> origin/pr/688-phase39-warm-root-merge-apply
stable legacy/public capture	UNKNOWN STEP	2026-10-06T11:05:40.9187096Z  * [new branch]          pr/688-phase4-transaction-coherence -> origin/pr/688-phase4-transaction-coherence
stable legacy/public capture	UNKNOWN STEP	2026-10-06T11:05:40.9187482Z  * [new branch]          pr/688-phase40-named-root-flush-model -> origin/pr/688-phase40-named-root-flush-model
stable legacy/public capture	UNKNOWN STEP	2026-10-06T11:05:40.9187725Z  * [new branch]          pr/688-phase41-batch-native-probes -> origin/pr/688-phase41-batch-native-probes
stable legacy/public capture	UNKNOWN STEP	2026-10-06T11:05:40.9187960Z  * [new branch]          pr/688-phase42-warm-root-merge-apply -> origin/pr/688-phase42-warm-root-merge-apply
stable legacy/public capture	UNKNOWN STEP	2026-10-06T11:05:40.9188200Z  * [new branch]          pr/688-phase43-named-root-flush-units -> origin/pr/688-phase43-named-root-flush-units
stable legacy/public capture	UNKNOWN STEP	2026-10-06T11:05:40.9188385Z  * [new branch]          pr/688-phase44-root-domains -> origin/pr/688-phase44-root-domains
stable legacy/public capture	UNKNOWN STEP	2026-10-06T11:05:40.9188602Z  * [new branch]          pr/688-phase45-root-domain-flush -> origin/pr/688-phase45-root-domain-flush
stable legacy/public capture	UNKNOWN STEP	2026-10-06T11:05:40.9188834Z  * [new branch]          pr/688-phase46-root-native-publish -> origin/pr/688-phase46-root-native-publish
stable legacy/public capture	UNKNOWN STEP	2026-10-06T11:05:40.9189094Z  * [new branch]          pr/688-phase47-collections-native-batch -> origin/pr/688-phase47-collections-native-batch
stable legacy/public capture	UNKNOWN STEP	2026-10-06T11:05:40.9189324Z  * [new branch]          pr/688-phase48-named-root-domains -> origin/pr/688-phase48-named-root-domains
stable legacy/public capture	UNKNOWN STEP	2026-10-06T11:05:40.9189555Z  * [new branch]          pr/688-phase49-root-domain-scheduler -> origin/pr/688-phase49-root-domain-scheduler
stable legacy/public capture	UNKNOWN STEP	2026-10-06T11:05:40.9189741Z  * [new branch]          pr/688-phase5-recovery-gc -> origin/pr/688-phase5-recovery-gc
stable legacy/public capture	UNKNOWN STEP	2026-10-06T11:05:40.9189969Z  * [new branch]          pr/688-phase50-root-domain-publish -> origin/pr/688-phase50-root-domain-publish
stable legacy/public capture	UNKNOWN STEP	2026-10-06T11:05:40.9190183Z  * [new branch]          pr/688-phase51-root-domain-manager -> origin/pr/688-phase51-root-domain-manager
stable legacy/public capture	UNKNOWN STEP	2026-10-06T11:05:40.9190423Z  * [new branch]          pr/688-phase52-root-domain-lifecycle -> origin/pr/688-phase52-root-domain-lifecycle
stable legacy/public capture	UNKNOWN STEP	2026-10-06T11:05:40.9190637Z  * [new branch]          pr/688-phase6-docs-observability -> origin/pr/688-phase6-docs-observability
stable legacy/public capture	UNKNOWN STEP	2026-10-06T11:05:40.9190834Z  * [new branch]          pr/688-phase7-ops-hardening -> origin/pr/688-phase7-ops-hardening
stable legacy/public capture	UNKNOWN STEP	2026-10-06T11:05:40.9191119Z  * [new branch]          pr/688-phase8-root-catalog -> origin/pr/688-phase8-root-catalog
stable legacy/public capture	UNKNOWN STEP	2026-10-06T11:05:40.9191341Z  * [new branch]          pr/688-phase9-primary-root-store -> origin/pr/688-phase9-primary-root-store
stable legacy/public capture	UNKNOWN STEP	2026-10-06T11:05:40.9191563Z  * [new branch]          pr/762-assert-idle-lane-rotation -> origin/pr/762-assert-idle-lane-rotation
stable legacy/public capture	UNKNOWN STEP	2026-10-06T11:05:40.9191755Z  * [new branch]          pr/762-byte-budgeted-rewrite -> origin/pr/762-byte-budgeted-rewrite
stable legacy/public capture	UNKNOWN STEP	2026-10-06T11:05:40.9191969Z  * [new branch]          pr/762-checkpoint-kick-gc-gate -> origin/pr/762-checkpoint-kick-gc-gate
stable legacy/public capture	UNKNOWN STEP	2026-10-06T11:05:40.9192120Z  * [new branch]          pr/762-ci-runtime       -> origin/pr/762-ci-runtime
stable legacy/public capture	UNKNOWN STEP	2026-10-06T11:05:40.9192286Z  * [new branch]          pr/762-db-no-vlog-rescan -> origin/pr/762-db-no-vlog-rescan
stable legacy/public capture	UNKNOWN STEP	2026-10-06T11:05:40.9192450Z  * [new branch]          pr/762-easy-followups   -> origin/pr/762-easy-followups
stable legacy/public capture	UNKNOWN STEP	2026-10-06T11:05:40.9192607Z  * [new branch]          pr/762-l0-audit-debt    -> origin/pr/762-l0-audit-debt
stable legacy/public capture	UNKNOWN STEP	2026-10-06T11:05:40.9192788Z  * [new branch]          pr/762-l0-debt-assertions -> origin/pr/762-l0-debt-assertions
stable legacy/public capture	UNKNOWN STEP	2026-10-06T11:05:40.9192949Z  * [new branch]          pr/762-l0-rewrite-planner -> origin/pr/762-l0-rewrite-planner
stable legacy/public capture	UNKNOWN STEP	2026-10-06T11:05:40.9193115Z  * [new branch]          pr/762-maint-v2-ledger  -> origin/pr/762-maint-v2-ledger
stable legacy/public capture	UNKNOWN STEP	2026-10-06T11:05:40.9193319Z  * [new branch]          pr/762-maintenance-telemetry -> origin/pr/762-maintenance-telemetry
stable legacy/public capture	UNKNOWN STEP	2026-10-06T11:05:40.9193537Z  * [new branch]          pr/762-maintenance-v2   -> origin/pr/762-maintenance-v2
stable legacy/public capture	UNKNOWN STEP	2026-10-06T11:05:40.9193808Z  * [new branch]          pr/762-maintenance-v2-phase1 -> origin/pr/762-maintenance-v2-phase1
stable legacy/public capture	UNKNOWN STEP	2026-10-06T11:05:40.9193973Z  * [new branch]          pr/762-phase1-debt-ledger -> origin/pr/762-phase1-debt-ledger
stable legacy/public capture	UNKNOWN STEP	2026-10-06T11:05:40.9194135Z  * [new branch]          pr/762-prune-coupling   -> origin/pr/762-prune-coupling
stable legacy/public capture	UNKNOWN STEP	2026-10-06T11:05:40.9194439Z  * [new branch]          pr/762-resumable-gc-queue-clean -> origin/pr/762-resumable-gc-queue-clean
stable legacy/public capture	UNKNOWN STEP	2026-10-06T11:05:40.9194680Z  * [new branch]          pr/762-resumable-maintenance-queue -> origin/pr/762-resumable-maintenance-queue
stable legacy/public capture	UNKNOWN STEP	2026-10-06T11:05:40.9194855Z  * [new branch]          pr/762-rewrite-followups -> origin/pr/762-rewrite-followups
stable legacy/public capture	UNKNOWN STEP	2026-10-06T11:05:40.9195039Z  * [new branch]          pr/762-rewrite-plan-cadence -> origin/pr/762-rewrite-plan-cadence
stable legacy/public capture	UNKNOWN STEP	2026-10-06T11:05:40.9195343Z  * [new branch]          pr/762-rewrite-selection-bytes -> origin/pr/762-rewrite-selection-bytes
stable legacy/public capture	UNKNOWN STEP	2026-10-06T11:05:40.9195596Z  * [new branch]          pr/762-wal-on-checkpoint-kick-clean -> origin/pr/762-wal-on-checkpoint-kick-clean
stable legacy/public capture	UNKNOWN STEP	2026-10-06T11:05:40.9195731Z  * [new branch]          pr/809-808              -> origin/pr/809-808
stable legacy/public capture	UNKNOWN STEP	2026-10-06T11:05:40.9195885Z  * [new branch]          pr/809-808-batch-v2     -> origin/pr/809-808-batch-v2
stable legacy/public capture	UNKNOWN STEP	2026-10-06T11:05:40.9196031Z  * [new branch]          pr/809-808-vlog-v2      -> origin/pr/809-808-vlog-v2
stable legacy/public capture	UNKNOWN STEP	2026-10-06T11:05:40.9196190Z  * [new branch]          pr/809-808-zipper-v2    -> origin/pr/809-808-zipper-v2
stable legacy/public capture	UNKNOWN STEP	2026-10-06T11:05:40.9196376Z  * [new branch]          pr/943-replay-floor-metrics -> origin/pr/943-replay-floor-metrics
stable legacy/public capture	UNKNOWN STEP	2026-10-06T11:05:40.9196552Z  * [new branch]          pr/943-restore-like-bench -> origin/pr/943-restore-like-bench
stable legacy/public capture	UNKNOWN STEP	2026-10-06T11:05:40.9196786Z  * [new branch]          pr/943-retained-prune-convergence -> origin/pr/943-retained-prune-convergence
stable legacy/public capture	UNKNOWN STEP	2026-10-06T11:05:40.9196960Z  * [new branch]          pr/943-walon-steady-resume -> origin/pr/943-walon-steady-resume
stable legacy/public capture	UNKNOWN STEP	2026-10-06T11:05:40.9197155Z  * [new branch]          pr/948-runtime-debt-contract -> origin/pr/948-runtime-debt-contract
stable legacy/public capture	UNKNOWN STEP	2026-10-06T11:05:40.9197373Z  * [new branch]          pr/950-online-rewrite-throughput -> origin/pr/950-online-rewrite-throughput
stable legacy/public capture	UNKNOWN STEP	2026-10-06T11:05:40.9197630Z  * [new branch]          pr/append-only-lease-trim-pool-reuse -> origin/pr/append-only-lease-trim-pool-reuse
stable legacy/public capture	UNKNOWN STEP	2026-10-06T11:05:40.9197978Z  * [new branch]          pr/append-only-retention-entry-hint -> origin/pr/append-only-retention-entry-hint
stable legacy/public capture	UNKNOWN STEP	2026-10-06T11:05:40.9198286Z  * [new branch]          pr/appendonly-direct-arena-adaptive-retain -> origin/pr/appendonly-direct-arena-adaptive-retain
stable legacy/public capture	UNKNOWN STEP	2026-10-06T11:05:40.9198517Z  * [new branch]          pr/appendonly-direct-borrow-gate -> origin/pr/appendonly-direct-borrow-gate
stable legacy/public capture	UNKNOWN STEP	2026-10-06T11:05:40.9198738Z  * [new branch]          pr/appendonly-direct-writer-pool -> origin/pr/appendonly-direct-writer-pool
stable legacy/public capture	UNKNOWN STEP	2026-10-06T11:05:40.9198965Z  * [new branch]          pr/appendonly-entry-reuse-depth -> origin/pr/appendonly-entry-reuse-depth
stable legacy/public capture	UNKNOWN STEP	2026-10-06T11:05:40.9199167Z  * [new branch]          pr/appendonly-observed-seed -> origin/pr/appendonly-observed-seed
stable legacy/public capture	UNKNOWN STEP	2026-10-06T11:05:40.9199408Z  * [new branch]          pr/appendonly-reset-retain-observed -> origin/pr/appendonly-reset-retain-observed
stable legacy/public capture	UNKNOWN STEP	2026-10-06T11:05:40.9199618Z  * [new branch]          pr/batch-arena-reserve-tuning -> origin/pr/batch-arena-reserve-tuning
stable legacy/public capture	UNKNOWN STEP	2026-10-06T11:05:40.9199829Z  * [new branch]          pr/batch-arena-tail-compaction -> origin/pr/batch-arena-tail-compaction
stable legacy/public capture	UNKNOWN STEP	2026-10-06T11:05:40.9199976Z  * [new branch]          pr/batch-mem            -> origin/pr/batch-mem
stable legacy/public capture	UNKNOWN STEP	2026-10-06T11:05:40.9200147Z  * [new branch]          pr/batch-reserve-tuning -> origin/pr/batch-reserve-tuning
stable legacy/public capture	UNKNOWN STEP	2026-10-06T11:05:40.9200339Z  * [new branch]          pr/compression-849-850-merge -> origin/pr/compression-849-850-merge
stable legacy/public capture	UNKNOWN STEP	2026-10-06T11:05:40.9200554Z  * [new branch]          pr/compression-sanity-followup -> origin/pr/compression-sanity-followup
stable legacy/public capture	UNKNOWN STEP	2026-10-06T11:05:40.9200727Z  * [new branch]          pr/contract-clarity-docs -> origin/pr/contract-clarity-docs
stable legacy/public capture	UNKNOWN STEP	2026-10-06T11:05:40.9201090Z  * [new branch]          pr/direct-arena-retention-telemetry-oldest-eviction -> origin/pr/direct-arena-retention-telemetry-oldest-eviction
stable legacy/public capture	UNKNOWN STEP	2026-10-06T11:05:40.9201282Z  * [new branch]          pr/disk-compression-sanity -> origin/pr/disk-compression-sanity
stable legacy/public capture	UNKNOWN STEP	2026-10-06T11:05:40.9201545Z  * [new branch]          pr/entry-slice-hot-reuse -> origin/pr/entry-slice-hot-reuse
stable legacy/public capture	UNKNOWN STEP	2026-10-06T11:05:40.9201789Z  * [new branch]          pr/entry-slice-lease-trim-recycle -> origin/pr/entry-slice-lease-trim-recycle
stable legacy/public capture	UNKNOWN STEP	2026-10-06T11:05:40.9202011Z  * [new branch]          pr/entry-slice-telemetry-counters -> origin/pr/entry-slice-telemetry-counters
stable legacy/public capture	UNKNOWN STEP	2026-10-06T11:05:40.9202235Z  * [new branch]          pr/fast-generation-quiet-cancel -> origin/pr/fast-generation-quiet-cancel
stable legacy/public capture	UNKNOWN STEP	2026-10-06T11:05:40.9202448Z  * [new branch]          pr/fast-leafref-coalesce-guard -> origin/pr/fast-leafref-coalesce-guard
stable legacy/public capture	UNKNOWN STEP	2026-10-06T11:05:40.9202666Z  * [new branch]          pr/fast-maintenance-quiet-window -> origin/pr/fast-maintenance-quiet-window
stable legacy/public capture	UNKNOWN STEP	2026-10-06T11:05:40.9203016Z  * [new branch]          pr/fast-restore-visibility-and-sparse-index-repair -> origin/pr/fast-restore-visibility-and-sparse-index-repair
stable legacy/public capture	UNKNOWN STEP	2026-10-06T11:05:40.9203202Z  * [new branch]          pr/fast-unsynced-vlog-flush -> origin/pr/fast-unsynced-vlog-flush
stable legacy/public capture	UNKNOWN STEP	2026-10-06T11:05:40.9203416Z  * [new branch]          pr/fast-waloff-sync-coalescing -> origin/pr/fast-waloff-sync-coalescing
stable legacy/public capture	UNKNOWN STEP	2026-10-06T11:05:40.9203674Z  * [new branch]          pr/foreground-read-quiet-maintenance -> origin/pr/foreground-read-quiet-maintenance
stable legacy/public capture	UNKNOWN STEP	2026-10-06T11:05:40.9203847Z  * [new branch]          pr/get-cap-trim-retention -> origin/pr/get-cap-trim-retention
stable legacy/public capture	UNKNOWN STEP	2026-10-06T11:05:40.9204192Z  * [new branch]          pr/incremental-rewrite-scheduler-instrumentation -> origin/pr/incremental-rewrite-scheduler-instrumentation
stable legacy/public capture	UNKNOWN STEP	2026-10-06T11:05:40.9204519Z  * [new branch]          pr/incremental-vlog-rewrite-architecture-pass-1 -> origin/pr/incremental-vlog-rewrite-architecture-pass-1
stable legacy/public capture	UNKNOWN STEP	2026-10-06T11:05:40.9204837Z  * [new branch]          pr/incremental-vlog-rewrite-architecture-pass-2 -> origin/pr/incremental-vlog-rewrite-architecture-pass-2
stable legacy/public capture	UNKNOWN STEP	2026-10-06T11:05:40.9205152Z  * [new branch]          pr/incremental-vlog-rewrite-architecture-pass-3 -> origin/pr/incremental-vlog-rewrite-architecture-pass-3
stable legacy/public capture	UNKNOWN STEP	2026-10-06T11:05:40.9205647Z  * [new branch]          pr/incremental-vlog-rewrite-architecture-pass-4 -> origin/pr/incremental-vlog-rewrite-architecture-pass-4
stable legacy/public capture	UNKNOWN STEP	2026-10-06T11:05:40.9205994Z  * [new branch]          pr/incremental-vlog-rewrite-architecture-pass-5 -> origin/pr/incremental-vlog-rewrite-architecture-pass-5
stable legacy/public capture	UNKNOWN STEP	2026-10-06T11:05:40.9206319Z  * [new branch]          pr/incremental-vlog-rewrite-architecture-pass-6 -> origin/pr/incremental-vlog-rewrite-architecture-pass-6
stable legacy/public capture	UNKNOWN STEP	2026-10-06T11:05:40.9206645Z  * [new branch]          pr/incremental-vlog-rewrite-architecture-pass-7 -> origin/pr/incremental-vlog-rewrite-architecture-pass-7
stable legacy/public capture	UNKNOWN STEP	2026-10-06T11:05:40.9207006Z  * [new branch]          pr/incremental-vlog-rewrite-instrumentation-pass-15 -> origin/pr/incremental-vlog-rewrite-instrumentation-pass-15
stable legacy/public capture	UNKNOWN STEP	2026-10-06T11:05:40.9207348Z  * [new branch]          pr/incremental-vlog-rewrite-instrumentation-pass-16 -> origin/pr/incremental-vlog-rewrite-instrumentation-pass-16
stable legacy/public capture	UNKNOWN STEP	2026-10-06T11:05:40.9207758Z  * [new branch]          pr/incremental-vlog-rewrite-instrumentation-pass-16-stack -> origin/pr/incremental-vlog-rewrite-instrumentation-pass-16-stack
stable legacy/public capture	UNKNOWN STEP	2026-10-06T11:05:40.9207995Z  * [new branch]          pr/incremental-vlog-rewrite-lab-1 -> origin/pr/incremental-vlog-rewrite-lab-1
stable legacy/public capture	UNKNOWN STEP	2026-10-06T11:05:40.9208266Z  * [new branch]          pr/incremental-vlog-rewrite-next-pass-1 -> origin/pr/incremental-vlog-rewrite-next-pass-1
stable legacy/public capture	UNKNOWN STEP	2026-10-06T11:05:40.9208544Z  * [new branch]          pr/incremental-vlog-rewrite-next-pass-10 -> origin/pr/incremental-vlog-rewrite-next-pass-10
stable legacy/public capture	UNKNOWN STEP	2026-10-06T11:05:40.9208807Z  * [new branch]          pr/incremental-vlog-rewrite-next-pass-11 -> origin/pr/incremental-vlog-rewrite-next-pass-11
stable legacy/public capture	UNKNOWN STEP	2026-10-06T11:05:40.9209076Z  * [new branch]          pr/incremental-vlog-rewrite-next-pass-12 -> origin/pr/incremental-vlog-rewrite-next-pass-12
stable legacy/public capture	UNKNOWN STEP	2026-10-06T11:05:40.9209339Z  * [new branch]          pr/incremental-vlog-rewrite-next-pass-13 -> origin/pr/incremental-vlog-rewrite-next-pass-13
stable legacy/public capture	UNKNOWN STEP	2026-10-06T11:05:40.9209709Z  * [new branch]          pr/incremental-vlog-rewrite-next-pass-2 -> origin/pr/incremental-vlog-rewrite-next-pass-2
stable legacy/public capture	UNKNOWN STEP	2026-10-06T11:05:40.9209986Z  * [new branch]          pr/incremental-vlog-rewrite-next-pass-3 -> origin/pr/incremental-vlog-rewrite-next-pass-3
stable legacy/public capture	UNKNOWN STEP	2026-10-06T11:05:40.9210244Z  * [new branch]          pr/incremental-vlog-rewrite-next-pass-4 -> origin/pr/incremental-vlog-rewrite-next-pass-4
stable legacy/public capture	UNKNOWN STEP	2026-10-06T11:05:40.9210507Z  * [new branch]          pr/incremental-vlog-rewrite-next-pass-5 -> origin/pr/incremental-vlog-rewrite-next-pass-5
stable legacy/public capture	UNKNOWN STEP	2026-10-06T11:05:40.9210768Z  * [new branch]          pr/incremental-vlog-rewrite-next-pass-6 -> origin/pr/incremental-vlog-rewrite-next-pass-6
stable legacy/public capture	UNKNOWN STEP	2026-10-06T11:05:40.9211021Z  * [new branch]          pr/incremental-vlog-rewrite-next-pass-7 -> origin/pr/incremental-vlog-rewrite-next-pass-7
stable legacy/public capture	UNKNOWN STEP	2026-10-06T11:05:40.9211295Z  * [new branch]          pr/incremental-vlog-rewrite-next-pass-8 -> origin/pr/incremental-vlog-rewrite-next-pass-8
stable legacy/public capture	UNKNOWN STEP	2026-10-06T11:05:40.9211555Z  * [new branch]          pr/incremental-vlog-rewrite-next-pass-9 -> origin/pr/incremental-vlog-rewrite-next-pass-9
stable legacy/public capture	UNKNOWN STEP	2026-10-06T11:05:40.9211742Z  * [new branch]          pr/leafref-checksum-skip -> origin/pr/leafref-checksum-skip
stable legacy/public capture	UNKNOWN STEP	2026-10-06T11:05:40.9211944Z  * [new branch]          pr/live-vacuum-observability -> origin/pr/live-vacuum-observability
stable legacy/public capture	UNKNOWN STEP	2026-10-06T11:05:40.9212153Z  * [new branch]          pr/native-document-template-v1 -> origin/pr/native-document-template-v1
stable legacy/public capture	UNKNOWN STEP	2026-10-06T11:05:40.9212390Z  * [new branch]          pr/native-fastpath-prep-main-sync -> origin/pr/native-fastpath-prep-main-sync
stable legacy/public capture	UNKNOWN STEP	2026-10-06T11:05:40.9212637Z  * [new branch]          pr/native-fastpath-prep-main-sync-v2 -> origin/pr/native-fastpath-prep-main-sync-v2
stable legacy/public capture	UNKNOWN STEP	2026-10-06T11:05:40.9212897Z  * [new branch]          pr/native-fastpath-r0-oracle-baseline -> origin/pr/native-fastpath-r0-oracle-baseline
stable legacy/public capture	UNKNOWN STEP	2026-10-06T11:05:40.9213178Z  * [new branch]          pr/native-fastpath-r0-oracle-baseline-v2 -> origin/pr/native-fastpath-r0-oracle-baseline-v2
stable legacy/public capture	UNKNOWN STEP	2026-10-06T11:05:40.9213497Z  * [new branch]          pr/native-fastpath-r1-root-runs-v2 -> origin/pr/native-fastpath-r1-root-runs-v2
stable legacy/public capture	UNKNOWN STEP	2026-10-06T11:05:40.9213779Z  * [new branch]          pr/native-fastpath-r10-planner-nonjson -> origin/pr/native-fastpath-r10-planner-nonjson
stable legacy/public capture	UNKNOWN STEP	2026-10-06T11:05:40.9214041Z  * [new branch]          pr/native-fastpath-r11-bulk-run-append -> origin/pr/native-fastpath-r11-bulk-run-append
stable legacy/public capture	UNKNOWN STEP	2026-10-06T11:05:40.9214335Z  * [new branch]          pr/native-fastpath-r12-ordered-index-state -> origin/pr/native-fastpath-r12-ordered-index-state
stable legacy/public capture	UNKNOWN STEP	2026-10-06T11:05:40.9214618Z  * [new branch]          pr/native-fastpath-r13-user-story-summary -> origin/pr/native-fastpath-r13-user-story-summary
stable legacy/public capture	UNKNOWN STEP	2026-10-06T11:05:40.9214889Z  * [new branch]          pr/native-fastpath-r14-profile-artifacts -> origin/pr/native-fastpath-r14-profile-artifacts
stable legacy/public capture	UNKNOWN STEP	2026-10-06T11:05:40.9215156Z  * [new branch]          pr/native-fastpath-r15-timed-profiles -> origin/pr/native-fastpath-r15-timed-profiles
stable legacy/public capture	UNKNOWN STEP	2026-10-06T11:05:40.9215618Z  * [new branch]          pr/native-fastpath-r16-checkpoint-split -> origin/pr/native-fastpath-r16-checkpoint-split
stable legacy/public capture	UNKNOWN STEP	2026-10-06T11:05:40.9215983Z  * [new branch]          pr/native-fastpath-r17-backend-checkpoint-boundary -> origin/pr/native-fastpath-r17-backend-checkpoint-boundary
stable legacy/public capture	UNKNOWN STEP	2026-10-06T11:05:40.9216316Z  * [new branch]          pr/native-fastpath-r18-sync-concurrency-probe -> origin/pr/native-fastpath-r18-sync-concurrency-probe
stable legacy/public capture	UNKNOWN STEP	2026-10-06T11:05:40.9216631Z  * [new branch]          pr/native-fastpath-r19-chunk-size-matrix -> origin/pr/native-fastpath-r19-chunk-size-matrix
stable legacy/public capture	UNKNOWN STEP	2026-10-06T11:05:40.9216892Z  * [new branch]          pr/native-fastpath-r2-vector-probes -> origin/pr/native-fastpath-r2-vector-probes
stable legacy/public capture	UNKNOWN STEP	2026-10-06T11:05:40.9217153Z  * [new branch]          pr/native-fastpath-r21-trainer-compare -> origin/pr/native-fastpath-r21-trainer-compare
stable legacy/public capture	UNKNOWN STEP	2026-10-06T11:05:40.9217419Z  * [new branch]          pr/native-fastpath-r22-append-encoding -> origin/pr/native-fastpath-r22-append-encoding
stable legacy/public capture	UNKNOWN STEP	2026-10-06T11:05:40.9217835Z  * [new branch]          pr/native-fastpath-r23-single-value-fastpath -> origin/pr/native-fastpath-r23-single-value-fastpath
stable legacy/public capture	UNKNOWN STEP	2026-10-06T11:05:40.9218102Z  * [new branch]          pr/native-fastpath-r3-grouped-publish -> origin/pr/native-fastpath-r3-grouped-publish
stable legacy/public capture	UNKNOWN STEP	2026-10-06T11:05:40.9218332Z  * [new branch]          pr/native-fastpath-r4-warm-apply -> origin/pr/native-fastpath-r4-warm-apply
stable legacy/public capture	UNKNOWN STEP	2026-10-06T11:05:40.9218570Z  * [new branch]          pr/native-fastpath-r5-batch-planner -> origin/pr/native-fastpath-r5-batch-planner
stable legacy/public capture	UNKNOWN STEP	2026-10-06T11:05:40.9218834Z  * [new branch]          pr/native-fastpath-r8-counter-evidence -> origin/pr/native-fastpath-r8-counter-evidence
stable legacy/public capture	UNKNOWN STEP	2026-10-06T11:05:40.9219130Z  * [new branch]          pr/native-fastpath-r9-harness-optimization -> origin/pr/native-fastpath-r9-harness-optimization
stable legacy/public capture	UNKNOWN STEP	2026-10-06T11:05:40.9219345Z  * [new branch]          pr/optimize-reads-decoderecord -> origin/pr/optimize-reads-decoderecord
stable legacy/public capture	UNKNOWN STEP	2026-10-06T11:05:40.9219560Z  * [new branch]          pr/optimize-reads-frame-layout -> origin/pr/optimize-reads-frame-layout
stable legacy/public capture	UNKNOWN STEP	2026-10-06T11:05:40.9219798Z  * [new branch]          pr/optimize-reads-payload-scratch -> origin/pr/optimize-reads-payload-scratch
stable legacy/public capture	UNKNOWN STEP	2026-10-06T11:05:40.9220041Z  * [new branch]          pr/optimize-reads-remap-exhausted -> origin/pr/optimize-reads-remap-exhausted
stable legacy/public capture	UNKNOWN STEP	2026-10-06T11:05:40.9220336Z  * [new branch]          pr/optimize-reads-single-entry-cache-skip -> origin/pr/optimize-reads-single-entry-cache-skip
stable legacy/public capture	UNKNOWN STEP	2026-10-06T11:05:40.9220528Z  * [new branch]          pr/page-checksum-zero-field -> origin/pr/page-checksum-zero-field
stable legacy/public capture	UNKNOWN STEP	2026-10-06T11:05:40.9220749Z  * [new branch]          pr/read-retry-refresh-hardening -> origin/pr/read-retry-refresh-hardening
stable legacy/public capture	UNKNOWN STEP	2026-10-06T11:05:40.9220950Z  * [new branch]          pr/readappend-fallback-reuse -> origin/pr/readappend-fallback-reuse
stable legacy/public capture	UNKNOWN STEP	2026-10-06T11:05:40.9221137Z  * [new branch]          pr/retained-prune-no-stall -> origin/pr/retained-prune-no-stall
stable legacy/public capture	UNKNOWN STEP	2026-10-06T11:05:40.9221382Z  * [new branch]          pr/rewrite-alloc-microbench-pass1 -> origin/pr/rewrite-alloc-microbench-pass1
stable legacy/public capture	UNKNOWN STEP	2026-10-06T11:05:40.9221655Z  * [new branch]          pr/rewrite-plan-state-cache -> origin/pr/rewrite-plan-state-cache
stable legacy/public capture	UNKNOWN STEP	2026-10-06T11:05:40.9221828Z  * [new branch]          pr/rss-postfix-polish   -> origin/pr/rss-postfix-polish
stable legacy/public capture	UNKNOWN STEP	2026-10-06T11:05:40.9222038Z  * [new branch]          pr/rss-pressure-pool-governor -> origin/pr/rss-pressure-pool-governor
stable legacy/public capture	UNKNOWN STEP	2026-10-06T11:05:40.9222222Z  * [new branch]          pr/rss-vlog-map-residency -> origin/pr/rss-vlog-map-residency
stable legacy/public capture	UNKNOWN STEP	2026-10-06T11:05:40.9222528Z  * [new branch]          pr/run-celestia-ab-light-capacity-snapshots -> origin/pr/run-celestia-ab-light-capacity-snapshots
stable legacy/public capture	UNKNOWN STEP	2026-10-06T11:05:40.9222728Z  * [new branch]          pr/treedb-dict-auto-bootstrap -> origin/pr/treedb-dict-auto-bootstrap
stable legacy/public capture	UNKNOWN STEP	2026-10-06T11:05:40.9222896Z  * [new branch]          pr/treedb-open-unify    -> origin/pr/treedb-open-unify
stable legacy/public capture	UNKNOWN STEP	2026-10-06T11:05:40.9223069Z  * [new branch]          pr/treedb-vlog-writer-mem -> origin/pr/treedb-vlog-writer-mem
stable legacy/public capture	UNKNOWN STEP	2026-10-06T11:05:40.9223290Z  * [new branch]          pr/treemap-vlog-gc-dict-lookup -> origin/pr/treemap-vlog-gc-dict-lookup
stable legacy/public capture	UNKNOWN STEP	2026-10-06T11:05:40.9223492Z  * [new branch]          pr/valuelog-batch-alloc-churn -> origin/pr/valuelog-batch-alloc-churn
stable legacy/public capture	UNKNOWN STEP	2026-10-06T11:05:40.9243411Z  * [new branch]          pr/valuelog-decode-scratch-holder-pool -> origin/pr/valuelog-decode-scratch-holder-pool
stable legacy/public capture	UNKNOWN STEP	2026-10-06T11:05:40.9243716Z  * [new branch]          pr/vlog-decode-allocs-v2 -> origin/pr/vlog-decode-allocs-v2
stable legacy/public capture	UNKNOWN STEP	2026-10-06T11:05:40.9243948Z  * [new branch]          pr/vlog-decode-buffer-reuse -> origin/pr/vlog-decode-buffer-reuse
stable legacy/public capture	UNKNOWN STEP	2026-10-06T11:05:40.9244208Z  * [new branch]          pr/vlog-decode-large-scratch-pool -> origin/pr/vlog-decode-large-scratch-pool
stable legacy/public capture	UNKNOWN STEP	2026-10-06T11:05:40.9244413Z  * [new branch]          pr/vlog-decode-scratch-v2 -> origin/pr/vlog-decode-scratch-v2
stable legacy/public capture	UNKNOWN STEP	2026-10-06T11:05:40.9244683Z  * [new branch]          pr/vlog-decode-zipper-leafref-append -> origin/pr/vlog-decode-zipper-leafref-append
stable legacy/public capture	UNKNOWN STEP	2026-10-06T11:05:40.9245116Z  * [new branch]          pr/vlog-generation-live-maint-signals -> origin/pr/vlog-generation-live-maint-signals
stable legacy/public capture	UNKNOWN STEP	2026-10-06T11:05:40.9245428Z  * [new branch]          pr/vlog-generation-selftune -> origin/pr/vlog-generation-selftune
stable legacy/public capture	UNKNOWN STEP	2026-10-06T11:05:40.9245617Z  * [new branch]          pr/vlog-maint-a-plus-c  -> origin/pr/vlog-maint-a-plus-c
stable legacy/public capture	UNKNOWN STEP	2026-10-06T11:05:40.9245837Z  * [new branch]          pr/vlog-maint-a-plus-c-local -> origin/pr/vlog-maint-a-plus-c-local
stable legacy/public capture	UNKNOWN STEP	2026-10-06T11:05:40.9246061Z  * [new branch]          pr/vlog-maint-v2-phasehook-base -> origin/pr/vlog-maint-v2-phasehook-base
stable legacy/public capture	UNKNOWN STEP	2026-10-06T11:05:40.9246316Z  * [new branch]          pr/vlog-maint-v2-phasehook-mainline -> origin/pr/vlog-maint-v2-phasehook-mainline
stable legacy/public capture	UNKNOWN STEP	2026-10-06T11:05:40.9246522Z  * [new branch]          pr/vlog-maint-v2-runtime-debt -> origin/pr/vlog-maint-v2-runtime-debt
stable legacy/public capture	UNKNOWN STEP	2026-10-06T11:05:40.9246722Z  * [new branch]          pr/vlog-mmap-expvar-telemetry -> origin/pr/vlog-mmap-expvar-telemetry
stable legacy/public capture	UNKNOWN STEP	2026-10-06T11:05:40.9246949Z  * [new branch]          pr/vlog-mmap-sealed-byte-budget -> origin/pr/vlog-mmap-sealed-byte-budget
stable legacy/public capture	UNKNOWN STEP	2026-10-06T11:05:40.9247148Z  * [new branch]          pr/vlog-mmap-telemetry-split -> origin/pr/vlog-mmap-telemetry-split
stable legacy/public capture	UNKNOWN STEP	2026-10-06T11:05:40.9247371Z  * [new branch]          pr/vlog-reader-readnext-scratch -> origin/pr/vlog-reader-readnext-scratch
stable legacy/public capture	UNKNOWN STEP	2026-10-06T11:05:40.9247592Z  * [new branch]          pr/vlog-readnextmeta-noalloc -> origin/pr/vlog-readnextmeta-noalloc
stable legacy/public capture	UNKNOWN STEP	2026-10-06T11:05:40.9247883Z  * [new branch]          pr/vlog-rewrite-debt-drain-cap-overrides -> origin/pr/vlog-rewrite-debt-drain-cap-overrides
stable legacy/public capture	UNKNOWN STEP	2026-10-06T11:05:40.9248120Z  * [new branch]          pr/vlog-rewrite-incremental-loop -> origin/pr/vlog-rewrite-incremental-loop
stable legacy/public capture	UNKNOWN STEP	2026-10-06T11:05:40.9248335Z  * [new branch]          pr/vlog-rewrite-leafrefs-online -> origin/pr/vlog-rewrite-leafrefs-online
stable legacy/public capture	UNKNOWN STEP	2026-10-06T11:05:40.9248532Z  * [new branch]          pr/vlog-rewrite-next-pass -> origin/pr/vlog-rewrite-next-pass
stable legacy/public capture	UNKNOWN STEP	2026-10-06T11:05:40.9248739Z  * [new branch]          pr/vlog-rewrite-next-pass-2 -> origin/pr/vlog-rewrite-next-pass-2
stable legacy/public capture	UNKNOWN STEP	2026-10-06T11:05:40.9249017Z  * [new branch]          pr/vlog-rewrite-next-pass-3 -> origin/pr/vlog-rewrite-next-pass-3
stable legacy/public capture	UNKNOWN STEP	2026-10-06T11:05:40.9249210Z  * [new branch]          pr/vlog-rewrite-next-pass-4 -> origin/pr/vlog-rewrite-next-pass-4
stable legacy/public capture	UNKNOWN STEP	2026-10-06T11:05:40.9249462Z  * [new branch]          pr/vlog-sealed-lazy-mmap-stat-churn -> origin/pr/vlog-sealed-lazy-mmap-stat-churn
stable legacy/public capture	UNKNOWN STEP	2026-10-06T11:05:40.9249625Z  * [new branch]          pr/vlog-writer-mem      -> origin/pr/vlog-writer-mem
stable legacy/public capture	UNKNOWN STEP	2026-10-06T11:05:40.9249797Z  * [new branch]          pr/zipper-leaf-cache    -> origin/pr/zipper-leaf-cache
stable legacy/public capture	UNKNOWN STEP	2026-10-06T11:05:40.9250013Z  * [new branch]          pr/zipper-node-wrapper-scratch -> origin/pr/zipper-node-wrapper-scratch
stable legacy/public capture	UNKNOWN STEP	2026-10-06T11:05:40.9250287Z  * [new branch]          pr/zipper-nodeview-scratch-standalone -> origin/pr/zipper-nodeview-scratch-standalone
stable legacy/public capture	UNKNOWN STEP	2026-10-06T11:05:40.9250494Z  * [new branch]          pr/zipper-scratch-reuse-tuning -> origin/pr/zipper-scratch-reuse-tuning
stable legacy/public capture	UNKNOWN STEP	2026-10-06T11:05:40.9250707Z  * [new branch]          pr1-getmany-parallel-workers -> origin/pr1-getmany-parallel-workers
stable legacy/public capture	UNKNOWN STEP	2026-10-06T11:05:40.9250955Z  * [new branch]          pr1/treedb-maintenance-mode-format -> origin/pr1/treedb-maintenance-mode-format
stable legacy/public capture	UNKNOWN STEP	2026-10-06T11:05:40.9251193Z  * [new branch]          pr1b/treedb-maintenance-mode-format -> origin/pr1b/treedb-maintenance-mode-format
stable legacy/public capture	UNKNOWN STEP	2026-10-06T11:05:40.9251408Z  * [new branch]          pr2-treedb-read-workers-sweep -> origin/pr2-treedb-read-workers-sweep
stable legacy/public capture	UNKNOWN STEP	2026-10-06T11:05:40.9251654Z  * [new branch]          pr2/treedb-maintenance-format-wiring -> origin/pr2/treedb-maintenance-format-wiring
stable legacy/public capture	UNKNOWN STEP	2026-10-06T11:05:40.9251888Z  * [new branch]          pr3/treedb-remove-outer-leaf-mode -> origin/pr3/treedb-remove-outer-leaf-mode
stable legacy/public capture	UNKNOWN STEP	2026-10-06T11:05:40.9252080Z  * [new branch]          rc/treedb-pointer-compress -> origin/rc/treedb-pointer-compress
stable legacy/public capture	UNKNOWN STEP	2026-10-06T11:05:40.9252405Z  * [new branch]          rc/treedb-pointer-compress+maint -> origin/rc/treedb-pointer-compress+maint
stable legacy/public capture	UNKNOWN STEP	2026-10-06T11:05:40.9252589Z  * [new branch]          rc/vlog-dict-throughput -> origin/rc/vlog-dict-throughput
stable legacy/public capture	UNKNOWN STEP	2026-10-06T11:05:40.9252769Z  * [new branch]          refactor/wal-on-off-only -> origin/refactor/wal-on-off-only
stable legacy/public capture	UNKNOWN STEP	2026-10-06T11:05:40.9252945Z  * [new branch]          replace-crc32-with-asm  -> origin/replace-crc32-with-asm
stable legacy/public capture	UNKNOWN STEP	2026-10-06T11:05:40.9253084Z  * [new branch]          reportfix               -> origin/reportfix
stable legacy/public capture	UNKNOWN STEP	2026-10-06T11:05:40.9253243Z  * [new branch]          resizeImprovements      -> origin/resizeImprovements
stable legacy/public capture	UNKNOWN STEP	2026-10-06T11:05:40.9253412Z  * [new branch]          routing-mode-cleanup    -> origin/routing-mode-cleanup
stable legacy/public capture	UNKNOWN STEP	2026-10-06T11:05:40.9253549Z  * [new branch]          slab-opt-rc             -> origin/slab-opt-rc
stable legacy/public capture	UNKNOWN STEP	2026-10-06T11:05:40.9253692Z  * [new branch]          slab_use_file           -> origin/slab_use_file
stable legacy/public capture	UNKNOWN STEP	2026-10-06T11:05:40.9253888Z  * [new branch]          slab_use_file_also_inline_hash -> origin/slab_use_file_also_inline_hash
stable legacy/public capture	UNKNOWN STEP	2026-10-06T11:05:40.9254045Z  * [new branch]          smallerhashmap          -> origin/smallerhashmap
stable legacy/public capture	UNKNOWN STEP	2026-10-06T11:05:40.9254264Z  * [new branch]          smallerhashmap-2-blowoutstruct -> origin/smallerhashmap-2-blowoutstruct
stable legacy/public capture	UNKNOWN STEP	2026-10-06T11:05:40.9254413Z  * [new branch]          snissn/1735-manager     -> origin/snissn/1735-manager
stable legacy/public capture	UNKNOWN STEP	2026-10-06T11:05:40.9254562Z  * [new branch]          snissn/1737-manager     -> origin/snissn/1737-manager
stable legacy/public capture	UNKNOWN STEP	2026-10-06T11:05:40.9254701Z  * [new branch]          snissn/1757-manager     -> origin/snissn/1757-manager
stable legacy/public capture	UNKNOWN STEP	2026-10-06T11:05:40.9254846Z  * [new branch]          snissn/1758-manager     -> origin/snissn/1758-manager
stable legacy/public capture	UNKNOWN STEP	2026-10-06T11:05:40.9255000Z  * [new branch]          snissn/1764-text-pr1    -> origin/snissn/1764-text-pr1
stable legacy/public capture	UNKNOWN STEP	2026-10-06T11:05:40.9255140Z  * [new branch]          snissn/1764-text-pr2    -> origin/snissn/1764-text-pr2
stable legacy/public capture	UNKNOWN STEP	2026-10-06T11:05:40.9255472Z  * [new branch]          snissn/1764-text-pr3    -> origin/snissn/1764-text-pr3
stable legacy/public capture	UNKNOWN STEP	2026-10-06T11:05:40.9255631Z  * [new branch]          snissn/1764-text-pr4    -> origin/snissn/1764-text-pr4
stable legacy/public capture	UNKNOWN STEP	2026-10-06T11:05:40.9255866Z  * [new branch]          snissn/1771             -> origin/snissn/1771
stable legacy/public capture	UNKNOWN STEP	2026-10-06T11:05:40.9256002Z  * [new branch]          snissn/1772             -> origin/snissn/1772
stable legacy/public capture	UNKNOWN STEP	2026-10-06T11:05:40.9256143Z  * [new branch]          snissn/1773-manager     -> origin/snissn/1773-manager
stable legacy/public capture	UNKNOWN STEP	2026-10-06T11:05:40.9256292Z  * [new branch]          snissn/1774-manager     -> origin/snissn/1774-manager
stable legacy/public capture	UNKNOWN STEP	2026-10-06T11:05:40.9256430Z  * [new branch]          snissn/1775-manager     -> origin/snissn/1775-manager
stable legacy/public capture	UNKNOWN STEP	2026-10-06T11:05:40.9256575Z  * [new branch]          snissn/1776-manager     -> origin/snissn/1776-manager
stable legacy/public capture	UNKNOWN STEP	2026-10-06T11:05:40.9256712Z  * [new branch]          snissn/1777-manager     -> origin/snissn/1777-manager
stable legacy/public capture	UNKNOWN STEP	2026-10-06T11:05:40.9256856Z  * [new branch]          snissn/1778-manager     -> origin/snissn/1778-manager
stable legacy/public capture	UNKNOWN STEP	2026-10-06T11:05:40.9257000Z  * [new branch]          snissn/1781-manager     -> origin/snissn/1781-manager
stable legacy/public capture	UNKNOWN STEP	2026-10-06T11:05:40.9257147Z  * [new branch]          snissn/1782-manager     -> origin/snissn/1782-manager
stable legacy/public capture	UNKNOWN STEP	2026-10-06T11:05:40.9257300Z  * [new branch]          snissn/1783-impl        -> origin/snissn/1783-impl
stable legacy/public capture	UNKNOWN STEP	2026-10-06T11:05:40.9257437Z  * [new branch]          snissn/1784-manager     -> origin/snissn/1784-manager
stable legacy/public capture	UNKNOWN STEP	2026-10-06T11:05:40.9257583Z  * [new branch]          snissn/1785-manager     -> origin/snissn/1785-manager
stable legacy/public capture	UNKNOWN STEP	2026-10-06T11:05:40.9257726Z  * [new branch]          snissn/1786-manager     -> origin/snissn/1786-manager
stable legacy/public capture	UNKNOWN STEP	2026-10-06T11:05:40.9257864Z  * [new branch]          snissn/1787-manager     -> origin/snissn/1787-manager
stable legacy/public capture	UNKNOWN STEP	2026-10-06T11:05:40.9258010Z  * [new branch]          snissn/1788-manager     -> origin/snissn/1788-manager
stable legacy/public capture	UNKNOWN STEP	2026-10-06T11:05:40.9258147Z  * [new branch]          snissn/1789-manager     -> origin/snissn/1789-manager
stable legacy/public capture	UNKNOWN STEP	2026-10-06T11:05:40.9258292Z  * [new branch]          snissn/1790-manager     -> origin/snissn/1790-manager
stable legacy/public capture	UNKNOWN STEP	2026-10-06T11:05:40.9258525Z  * [new branch]          snissn/1802-manager     -> origin/snissn/1802-manager
stable legacy/public capture	UNKNOWN STEP	2026-10-06T11:05:40.9258676Z  * [new branch]          snissn/1810-manager     -> origin/snissn/1810-manager
stable legacy/public capture	UNKNOWN STEP	2026-10-06T11:05:40.9258820Z  * [new branch]          snissn/1811-manager     -> origin/snissn/1811-manager
stable legacy/public capture	UNKNOWN STEP	2026-10-06T11:05:40.9258960Z  * [new branch]          snissn/1812-manager     -> origin/snissn/1812-manager
stable legacy/public capture	UNKNOWN STEP	2026-10-06T11:05:40.9259106Z  * [new branch]          snissn/1823-manager     -> origin/snissn/1823-manager
stable legacy/public capture	UNKNOWN STEP	2026-10-06T11:05:40.9259242Z  * [new branch]          snissn/1824-manager     -> origin/snissn/1824-manager
stable legacy/public capture	UNKNOWN STEP	2026-10-06T11:05:40.9259384Z  * [new branch]          snissn/1825-manager     -> origin/snissn/1825-manager
stable legacy/public capture	UNKNOWN STEP	2026-10-06T11:05:40.9259526Z  * [new branch]          snissn/1826-manager     -> origin/snissn/1826-manager
stable legacy/public capture	UNKNOWN STEP	2026-10-06T11:05:40.9259661Z  * [new branch]          snissn/1827-manager     -> origin/snissn/1827-manager
stable legacy/public capture	UNKNOWN STEP	2026-10-06T11:05:40.9259809Z  * [new branch]          snissn/1828-manager     -> origin/snissn/1828-manager
stable legacy/public capture	UNKNOWN STEP	2026-10-06T11:05:40.9259949Z  * [new branch]          snissn/1837-manager     -> origin/snissn/1837-manager
stable legacy/public capture	UNKNOWN STEP	2026-10-06T11:05:40.9260093Z  * [new branch]          snissn/1838-manager     -> origin/snissn/1838-manager
stable legacy/public capture	UNKNOWN STEP	2026-10-06T11:05:40.9260233Z  * [new branch]          snissn/1839-manager     -> origin/snissn/1839-manager
stable legacy/public capture	UNKNOWN STEP	2026-10-06T11:05:40.9260372Z  * [new branch]          snissn/1840-manager     -> origin/snissn/1840-manager
stable legacy/public capture	UNKNOWN STEP	2026-10-06T11:05:40.9260517Z  * [new branch]          snissn/1841-manager     -> origin/snissn/1841-manager
stable legacy/public capture	UNKNOWN STEP	2026-10-06T11:05:40.9260653Z  * [new branch]          snissn/1842-manager     -> origin/snissn/1842-manager
stable legacy/public capture	UNKNOWN STEP	2026-10-06T11:05:40.9260802Z  * [new branch]          snissn/1843-manager     -> origin/snissn/1843-manager
stable legacy/public capture	UNKNOWN STEP	2026-10-06T11:05:40.9260944Z  * [new branch]          snissn/1844-manager     -> origin/snissn/1844-manager
stable legacy/public capture	UNKNOWN STEP	2026-10-06T11:05:40.9261086Z  * [new branch]          snissn/1845-manager     -> origin/snissn/1845-manager
stable legacy/public capture	UNKNOWN STEP	2026-10-06T11:05:40.9261233Z  * [new branch]          snissn/1846-manager     -> origin/snissn/1846-manager
stable legacy/public capture	UNKNOWN STEP	2026-10-06T11:05:40.9261441Z  * [new branch]          snissn/1847-manager     -> origin/snissn/1847-manager
stable legacy/public capture	UNKNOWN STEP	2026-10-06T11:05:40.9261611Z  * [new branch]          snissn/1848-manager     -> origin/snissn/1848-manager
stable legacy/public capture	UNKNOWN STEP	2026-10-06T11:05:40.9261750Z  * [new branch]          snissn/1849-manager     -> origin/snissn/1849-manager
stable legacy/public capture	UNKNOWN STEP	2026-10-06T11:05:40.9261894Z  * [new branch]          snissn/1850-manager     -> origin/snissn/1850-manager
stable legacy/public capture	UNKNOWN STEP	2026-10-06T11:05:40.9262034Z  * [new branch]          snissn/1851-manager     -> origin/snissn/1851-manager
stable legacy/public capture	UNKNOWN STEP	2026-10-06T11:05:40.9262171Z  * [new branch]          snissn/1858-manager     -> origin/snissn/1858-manager
stable legacy/public capture	UNKNOWN STEP	2026-10-06T11:05:40.9262317Z  * [new branch]          snissn/1869-manager     -> origin/snissn/1869-manager
stable legacy/public capture	UNKNOWN STEP	2026-10-06T11:05:40.9262453Z  * [new branch]          snissn/1870-manager     -> origin/snissn/1870-manager
stable legacy/public capture	UNKNOWN STEP	2026-10-06T11:05:40.9262600Z  * [new branch]          snissn/1871-manager     -> origin/snissn/1871-manager
stable legacy/public capture	UNKNOWN STEP	2026-10-06T11:05:40.9262754Z  * [new branch]          snissn/1872-manager     -> origin/snissn/1872-manager
stable legacy/public capture	UNKNOWN STEP	2026-10-06T11:05:40.9262892Z  * [new branch]          snissn/1873-manager     -> origin/snissn/1873-manager
stable legacy/public capture	UNKNOWN STEP	2026-10-06T11:05:40.9263041Z  * [new branch]          snissn/1874-manager     -> origin/snissn/1874-manager
stable legacy/public capture	UNKNOWN STEP	2026-10-06T11:05:40.9263178Z  * [new branch]          snissn/1875-manager     -> origin/snissn/1875-manager
stable legacy/public capture	UNKNOWN STEP	2026-10-06T11:05:40.9263320Z  * [new branch]          snissn/1876-manager     -> origin/snissn/1876-manager
stable legacy/public capture	UNKNOWN STEP	2026-10-06T11:05:40.9263458Z  * [new branch]          snissn/1885-manager     -> origin/snissn/1885-manager
stable legacy/public capture	UNKNOWN STEP	2026-10-06T11:05:40.9263602Z  * [new branch]          snissn/1888-manager     -> origin/snissn/1888-manager
stable legacy/public capture	UNKNOWN STEP	2026-10-06T11:05:40.9263745Z  * [new branch]          snissn/1890-manager     -> origin/snissn/1890-manager
stable legacy/public capture	UNKNOWN STEP	2026-10-06T11:05:40.9263880Z  * [new branch]          snissn/1893-manager     -> origin/snissn/1893-manager
stable legacy/public capture	UNKNOWN STEP	2026-10-06T11:05:40.9264095Z  * [new branch]          snissn/1895-manager     -> origin/snissn/1895-manager
stable legacy/public capture	UNKNOWN STEP	2026-10-06T11:05:40.9264238Z  * [new branch]          snissn/1896-manager     -> origin/snissn/1896-manager
stable legacy/public capture	UNKNOWN STEP	2026-10-06T11:05:40.9264385Z  * [new branch]          snissn/1898-manager     -> origin/snissn/1898-manager
stable legacy/public capture	UNKNOWN STEP	2026-10-06T11:05:40.9264528Z  * [new branch]          snissn/1899-manager     -> origin/snissn/1899-manager
stable legacy/public capture	UNKNOWN STEP	2026-10-06T11:05:40.9264664Z  * [new branch]          snissn/1903-manager     -> origin/snissn/1903-manager
stable legacy/public capture	UNKNOWN STEP	2026-10-06T11:05:40.9264810Z  * [new branch]          snissn/1904-manager     -> origin/snissn/1904-manager
stable legacy/public capture	UNKNOWN STEP	2026-10-06T11:05:40.9264947Z  * [new branch]          snissn/1912-manager     -> origin/snissn/1912-manager
stable legacy/public capture	UNKNOWN STEP	2026-10-06T11:05:40.9265090Z  * [new branch]          snissn/1914-manager     -> origin/snissn/1914-manager
stable legacy/public capture	UNKNOWN STEP	2026-10-06T11:05:40.9265374Z  * [new branch]          snissn/1915-manager     -> origin/snissn/1915-manager
stable legacy/public capture	UNKNOWN STEP	2026-10-06T11:05:40.9265554Z  * [new branch]          snissn/1916-manager     -> origin/snissn/1916-manager
stable legacy/public capture	UNKNOWN STEP	2026-10-06T11:05:40.9265704Z  * [new branch]          snissn/1917-manager     -> origin/snissn/1917-manager
stable legacy/public capture	UNKNOWN STEP	2026-10-06T11:05:40.9265843Z  * [new branch]          snissn/1918-manager     -> origin/snissn/1918-manager
stable legacy/public capture	UNKNOWN STEP	2026-10-06T11:05:40.9265985Z  * [new branch]          snissn/1919-manager     -> origin/snissn/1919-manager
stable legacy/public capture	UNKNOWN STEP	2026-10-06T11:05:40.9266122Z  * [new branch]          snissn/1920-manager     -> origin/snissn/1920-manager
stable legacy/public capture	UNKNOWN STEP	2026-10-06T11:05:40.9266267Z  * [new branch]          snissn/1921-manager     -> origin/snissn/1921-manager
stable legacy/public capture	UNKNOWN STEP	2026-10-06T11:05:40.9266412Z  * [new branch]          snissn/1925-manager     -> origin/snissn/1925-manager
stable legacy/public capture	UNKNOWN STEP	2026-10-06T11:05:40.9266588Z  * [new branch]          snissn/1926-assets-manager -> origin/snissn/1926-assets-manager
stable legacy/public capture	UNKNOWN STEP	2026-10-06T11:05:40.9266788Z  * [new branch]          snissn/1926-evidence-manager -> origin/snissn/1926-evidence-manager
stable legacy/public capture	UNKNOWN STEP	2026-10-06T11:05:40.9266943Z  * [new branch]          snissn/1926-manager-r2  -> origin/snissn/1926-manager-r2
stable legacy/public capture	UNKNOWN STEP	2026-10-06T11:05:40.9267221Z  * [new branch]          snissn/1926-rerank-manager -> origin/snissn/1926-rerank-manager
stable legacy/public capture	UNKNOWN STEP	2026-10-06T11:05:40.9267399Z  * [new branch]          snissn/1926-scorer-manager -> origin/snissn/1926-scorer-manager
stable legacy/public capture	UNKNOWN STEP	2026-10-06T11:05:40.9267540Z  * [new branch]          snissn/1927-manager     -> origin/snissn/1927-manager
stable legacy/public capture	UNKNOWN STEP	2026-10-06T11:05:40.9267763Z  * [new branch]          snissn/1927-stack-base-1925-1934 -> origin/snissn/1927-stack-base-1925-1934
stable legacy/public capture	UNKNOWN STEP	2026-10-06T11:05:40.9267901Z  * [new branch]          snissn/1929-manager     -> origin/snissn/1929-manager
stable legacy/public capture	UNKNOWN STEP	2026-10-06T11:05:40.9268049Z  * [new branch]          snissn/1930-manager     -> origin/snissn/1930-manager
stable legacy/public capture	UNKNOWN STEP	2026-10-06T11:05:40.9268197Z  * [new branch]          snissn/1931-manager     -> origin/snissn/1931-manager
stable legacy/public capture	UNKNOWN STEP	2026-10-06T11:05:40.9268336Z  * [new branch]          snissn/1932-manager     -> origin/snissn/1932-manager
stable legacy/public capture	UNKNOWN STEP	2026-10-06T11:05:40.9268478Z  * [new branch]          snissn/1934-manager     -> origin/snissn/1934-manager
stable legacy/public capture	UNKNOWN STEP	2026-10-06T11:05:40.9268619Z  * [new branch]          snissn/1935-manager     -> origin/snissn/1935-manager
stable legacy/public capture	UNKNOWN STEP	2026-10-06T11:05:40.9268765Z  * [new branch]          snissn/1942-manager     -> origin/snissn/1942-manager
stable legacy/public capture	UNKNOWN STEP	2026-10-06T11:05:40.9268901Z  * [new branch]          snissn/1943-manager     -> origin/snissn/1943-manager
stable legacy/public capture	UNKNOWN STEP	2026-10-06T11:05:40.9269044Z  * [new branch]          snissn/1946-manager     -> origin/snissn/1946-manager
stable legacy/public capture	UNKNOWN STEP	2026-10-06T11:05:40.9269188Z  * [new branch]          snissn/1947-manager     -> origin/snissn/1947-manager
stable legacy/public capture	UNKNOWN STEP	2026-10-06T11:05:40.9269324Z  * [new branch]          snissn/1948-manager     -> origin/snissn/1948-manager
stable legacy/public capture	UNKNOWN STEP	2026-10-06T11:05:40.9269465Z  * [new branch]          snissn/1949-manager     -> origin/snissn/1949-manager
stable legacy/public capture	UNKNOWN STEP	2026-10-06T11:05:40.9269601Z  * [new branch]          snissn/1950-manager     -> origin/snissn/1950-manager
stable legacy/public capture	UNKNOWN STEP	2026-10-06T11:05:40.9269771Z  * [new branch]          snissn/1950-next-manager -> origin/snissn/1950-next-manager
stable legacy/public capture	UNKNOWN STEP	2026-10-06T11:05:40.9270041Z  * [new branch]          snissn/1950-next2-manager -> origin/snissn/1950-next2-manager
stable legacy/public capture	UNKNOWN STEP	2026-10-06T11:05:40.9270206Z  * [new branch]          snissn/1950-next3-manager -> origin/snissn/1950-next3-manager
stable legacy/public capture	UNKNOWN STEP	2026-10-06T11:05:40.9270372Z  * [new branch]          snissn/1950-next4-manager -> origin/snissn/1950-next4-manager
stable legacy/public capture	UNKNOWN STEP	2026-10-06T11:05:40.9270523Z  * [new branch]          snissn/1950-q4a-manual  -> origin/snissn/1950-q4a-manual
stable legacy/public capture	UNKNOWN STEP	2026-10-06T11:05:40.9270710Z  * [new branch]          snissn/1951-metadata-manual -> origin/snissn/1951-metadata-manual
stable legacy/public capture	UNKNOWN STEP	2026-10-06T11:05:40.9270920Z  * [new branch]          snissn/1952-capability-manager -> origin/snissn/1952-capability-manager
stable legacy/public capture	UNKNOWN STEP	2026-10-06T11:05:40.9271113Z  * [new branch]          snissn/1952-codec-next-manager -> origin/snissn/1952-codec-next-manager
stable legacy/public capture	UNKNOWN STEP	2026-10-06T11:05:40.9271343Z  * [new branch]          snissn/1952-codec-scaffold-manager -> origin/snissn/1952-codec-scaffold-manager
stable legacy/public capture	UNKNOWN STEP	2026-10-06T11:05:40.9271484Z  * [new branch]          snissn/1952-manager     -> origin/snissn/1952-manager
stable legacy/public capture	UNKNOWN STEP	2026-10-06T11:05:40.9271692Z  * [new branch]          snissn/1952-reporting-manager -> origin/snissn/1952-reporting-manager
stable legacy/public capture	UNKNOWN STEP	2026-10-06T11:05:40.9271846Z  * [new branch]          snissn/1953-c2-manager  -> origin/snissn/1953-c2-manager
stable legacy/public capture	UNKNOWN STEP	2026-10-06T11:05:40.9271991Z  * [new branch]          snissn/1953-c3-manager  -> origin/snissn/1953-c3-manager
stable legacy/public capture	UNKNOWN STEP	2026-10-06T11:05:40.9272144Z  * [new branch]          snissn/1953-c4-manager  -> origin/snissn/1953-c4-manager
stable legacy/public capture	UNKNOWN STEP	2026-10-06T11:05:40.9272287Z  * [new branch]          snissn/1953-c5-manager  -> origin/snissn/1953-c5-manager
stable legacy/public capture	UNKNOWN STEP	2026-10-06T11:05:40.9272431Z  * [new branch]          snissn/1953-manager     -> origin/snissn/1953-manager
stable legacy/public capture	UNKNOWN STEP	2026-10-06T11:05:40.9272617Z  * [new branch]          snissn/1954-lifecycle-manager -> origin/snissn/1954-lifecycle-manager
stable legacy/public capture	UNKNOWN STEP	2026-10-06T11:05:40.9272761Z  * [new branch]          snissn/1954-manager     -> origin/snissn/1954-manager
stable legacy/public capture	UNKNOWN STEP	2026-10-06T11:05:40.9272926Z  * [new branch]          snissn/1954-pins-manager -> origin/snissn/1954-pins-manager
stable legacy/public capture	UNKNOWN STEP	2026-10-06T11:05:40.9273210Z  * [new branch]          snissn/1954-registry-manager -> origin/snissn/1954-registry-manager
stable legacy/public capture	UNKNOWN STEP	2026-10-06T11:05:40.9273434Z  * [new branch]          snissn/1954-storage-gap-manager -> origin/snissn/1954-storage-gap-manager
stable legacy/public capture	UNKNOWN STEP	2026-10-06T11:05:40.9273578Z  * [new branch]          snissn/1955-manager     -> origin/snissn/1955-manager
stable legacy/public capture	UNKNOWN STEP	2026-10-06T11:05:40.9273726Z  * [new branch]          snissn/1961-manager     -> origin/snissn/1961-manager
stable legacy/public capture	UNKNOWN STEP	2026-10-06T11:05:40.9273875Z  * [new branch]          snissn/1963-manager     -> origin/snissn/1963-manager
stable legacy/public capture	UNKNOWN STEP	2026-10-06T11:05:40.9274028Z  * [new branch]          snissn/1966-1967-manager -> origin/snissn/1966-1967-manager
stable legacy/public capture	UNKNOWN STEP	2026-10-06T11:05:40.9274175Z  * [new branch]          snissn/1968-manager     -> origin/snissn/1968-manager
stable legacy/public capture	UNKNOWN STEP	2026-10-06T11:05:40.9274316Z  * [new branch]          snissn/1969-manager     -> origin/snissn/1969-manager
stable legacy/public capture	UNKNOWN STEP	2026-10-06T11:05:40.9274467Z  * [new branch]          snissn/1970-manager     -> origin/snissn/1970-manager
stable legacy/public capture	UNKNOWN STEP	2026-10-06T11:05:40.9274618Z  * [new branch]          snissn/1979-manager     -> origin/snissn/1979-manager
stable legacy/public capture	UNKNOWN STEP	2026-10-06T11:05:40.9274757Z  * [new branch]          snissn/1980-manager     -> origin/snissn/1980-manager
stable legacy/public capture	UNKNOWN STEP	2026-10-06T11:05:40.9274901Z  * [new branch]          snissn/1981-manager     -> origin/snissn/1981-manager
stable legacy/public capture	UNKNOWN STEP	2026-10-06T11:05:40.9275039Z  * [new branch]          snissn/1983-manager     -> origin/snissn/1983-manager
stable legacy/public capture	UNKNOWN STEP	2026-10-06T11:05:40.9275182Z  * [new branch]          snissn/1984-manager     -> origin/snissn/1984-manager
stable legacy/public capture	UNKNOWN STEP	2026-10-06T11:05:40.9275411Z  * [new branch]          snissn/1985-manager     -> origin/snissn/1985-manager
stable legacy/public capture	UNKNOWN STEP	2026-10-06T11:05:40.9275560Z  * [new branch]          snissn/1986-manager     -> origin/snissn/1986-manager
stable legacy/public capture	UNKNOWN STEP	2026-10-06T11:05:40.9275707Z  * [new branch]          snissn/1987-manager     -> origin/snissn/1987-manager
stable legacy/public capture	UNKNOWN STEP	2026-10-06T11:05:40.9275847Z  * [new branch]          snissn/1988-manager     -> origin/snissn/1988-manager
stable legacy/public capture	UNKNOWN STEP	2026-10-06T11:05:40.9276094Z  * [new branch]          snissn/1989-manager     -> origin/snissn/1989-manager
stable legacy/public capture	UNKNOWN STEP	2026-10-06T11:05:40.9276234Z  * [new branch]          snissn/1990-manager     -> origin/snissn/1990-manager
stable legacy/public capture	UNKNOWN STEP	2026-10-06T11:05:40.9276382Z  * [new branch]          snissn/1992-manager     -> origin/snissn/1992-manager
stable legacy/public capture	UNKNOWN STEP	2026-10-06T11:05:40.9276530Z  * [new branch]          snissn/1993-manager     -> origin/snissn/1993-manager
stable legacy/public capture	UNKNOWN STEP	2026-10-06T11:05:40.9276667Z  * [new branch]          snissn/2006-manager     -> origin/snissn/2006-manager
stable legacy/public capture	UNKNOWN STEP	2026-10-06T11:05:40.9276812Z  * [new branch]          snissn/2010-manager     -> origin/snissn/2010-manager
stable legacy/public capture	UNKNOWN STEP	2026-10-06T11:05:40.9276948Z  * [new branch]          snissn/2013-manager     -> origin/snissn/2013-manager
stable legacy/public capture	UNKNOWN STEP	2026-10-06T11:05:40.9277143Z  * [new branch]          snissn/2014-recovery-manager -> origin/snissn/2014-recovery-manager
stable legacy/public capture	UNKNOWN STEP	2026-10-06T11:05:40.9277288Z  * [new branch]          snissn/2036-manager     -> origin/snissn/2036-manager
stable legacy/public capture	UNKNOWN STEP	2026-10-06T11:05:40.9277426Z  * [new branch]          snissn/2037-manager     -> origin/snissn/2037-manager
stable legacy/public capture	UNKNOWN STEP	2026-10-06T11:05:40.9277578Z  * [new branch]          snissn/2038-manager     -> origin/snissn/2038-manager
stable legacy/public capture	UNKNOWN STEP	2026-10-06T11:05:40.9277719Z  * [new branch]          snissn/2040-manager     -> origin/snissn/2040-manager
stable legacy/public capture	UNKNOWN STEP	2026-10-06T11:05:40.9277865Z  * [new branch]          snissn/2041-manager     -> origin/snissn/2041-manager
stable legacy/public capture	UNKNOWN STEP	2026-10-06T11:05:40.9278004Z  * [new branch]          snissn/2042-manager     -> origin/snissn/2042-manager
stable legacy/public capture	UNKNOWN STEP	2026-10-06T11:05:40.9278151Z  * [new branch]          snissn/2043-manager     -> origin/snissn/2043-manager
stable legacy/public capture	UNKNOWN STEP	2026-10-06T11:05:40.9278296Z  * [new branch]          snissn/2044-manager     -> origin/snissn/2044-manager
stable legacy/public capture	UNKNOWN STEP	2026-10-06T11:05:40.9278435Z  * [new branch]          snissn/2045-manager     -> origin/snissn/2045-manager
stable legacy/public capture	UNKNOWN STEP	2026-10-06T11:05:40.9278582Z  * [new branch]          snissn/2046-manager     -> origin/snissn/2046-manager
stable legacy/public capture	UNKNOWN STEP	2026-10-06T11:05:40.9278719Z  * [new branch]          snissn/2047-manager     -> origin/snissn/2047-manager
stable legacy/public capture	UNKNOWN STEP	2026-10-06T11:05:40.9278869Z  * [new branch]          snissn/2091-manager     -> origin/snissn/2091-manager
stable legacy/public capture	UNKNOWN STEP	2026-10-06T11:05:40.9279110Z  * [new branch]          snissn/2098-manager     -> origin/snissn/2098-manager
stable legacy/public capture	UNKNOWN STEP	2026-10-06T11:05:40.9279253Z  * [new branch]          snissn/2103-manager     -> origin/snissn/2103-manager
stable legacy/public capture	UNKNOWN STEP	2026-10-06T11:05:40.9279401Z  * [new branch]          snissn/2105-manager     -> origin/snissn/2105-manager
stable legacy/public capture	UNKNOWN STEP	2026-10-06T11:05:40.9279536Z  * [new branch]          snissn/2124-manager     -> origin/snissn/2124-manager
stable legacy/public capture	UNKNOWN STEP	2026-10-06T11:05:40.9279683Z  * [new branch]          snissn/2125-manager     -> origin/snissn/2125-manager
stable legacy/public capture	UNKNOWN STEP	2026-10-06T11:05:40.9279825Z  * [new branch]          snissn/2126-manager     -> origin/snissn/2126-manager
stable legacy/public capture	UNKNOWN STEP	2026-10-06T11:05:40.9279970Z  * [new branch]          snissn/2127-manager     -> origin/snissn/2127-manager
stable legacy/public capture	UNKNOWN STEP	2026-10-06T11:05:40.9280117Z  * [new branch]          snissn/2190-manager     -> origin/snissn/2190-manager
stable legacy/public capture	UNKNOWN STEP	2026-10-06T11:05:40.9280257Z  * [new branch]          snissn/2193-manager     -> origin/snissn/2193-manager
stable legacy/public capture	UNKNOWN STEP	2026-10-06T11:05:40.9280404Z  * [new branch]          snissn/2194-manager     -> origin/snissn/2194-manager
stable legacy/public capture	UNKNOWN STEP	2026-10-06T11:05:40.9280542Z  * [new branch]          snissn/2195-manager     -> origin/snissn/2195-manager
stable legacy/public capture	UNKNOWN STEP	2026-10-06T11:05:40.9280689Z  * [new branch]          snissn/2196-manager     -> origin/snissn/2196-manager
stable legacy/public capture	UNKNOWN STEP	2026-10-06T11:05:40.9280954Z  * [new branch]          snissn/2207-valuelog-snapshot-manager -> origin/snissn/2207-valuelog-snapshot-manager
stable legacy/public capture	UNKNOWN STEP	2026-10-06T11:05:40.9281176Z  * [new branch]          snissn/2211-leafpack-debt-manager -> origin/snissn/2211-leafpack-debt-manager
stable legacy/public capture	UNKNOWN STEP	2026-10-06T11:05:40.9281321Z  * [new branch]          snissn/2217-manager     -> origin/snissn/2217-manager
stable legacy/public capture	UNKNOWN STEP	2026-10-06T11:05:40.9281459Z  * [new branch]          snissn/2218-manager     -> origin/snissn/2218-manager
stable legacy/public capture	UNKNOWN STEP	2026-10-06T11:05:40.9281605Z  * [new branch]          snissn/2219-manager     -> origin/snissn/2219-manager
stable legacy/public capture	UNKNOWN STEP	2026-10-06T11:05:40.9281818Z  * [new branch]          snissn/2220-manager     -> origin/snissn/2220-manager
stable legacy/public capture	UNKNOWN STEP	2026-10-06T11:05:40.9281960Z  * [new branch]          snissn/2221-manager     -> origin/snissn/2221-manager
stable legacy/public capture	UNKNOWN STEP	2026-10-06T11:05:40.9282108Z  * [new branch]          snissn/2222-manager     -> origin/snissn/2222-manager
stable legacy/public capture	UNKNOWN STEP	2026-10-06T11:05:40.9282245Z  * [new branch]          snissn/2223-manager     -> origin/snissn/2223-manager
stable legacy/public capture	UNKNOWN STEP	2026-10-06T11:05:40.9282390Z  * [new branch]          snissn/2224-manager     -> origin/snissn/2224-manager
stable legacy/public capture	UNKNOWN STEP	2026-10-06T11:05:40.9282535Z  * [new branch]          snissn/2236-manager     -> origin/snissn/2236-manager
stable legacy/public capture	UNKNOWN STEP	2026-10-06T11:05:40.9282672Z  * [new branch]          snissn/2241-manager     -> origin/snissn/2241-manager
stable legacy/public capture	UNKNOWN STEP	2026-10-06T11:05:40.9282812Z  * [new branch]          snissn/2242-manager     -> origin/snissn/2242-manager
stable legacy/public capture	UNKNOWN STEP	2026-10-06T11:05:40.9282947Z  * [new branch]          snissn/2243-manager     -> origin/snissn/2243-manager
stable legacy/public capture	UNKNOWN STEP	2026-10-06T11:05:40.9283144Z  * [new branch]          snissn/2244-appendonly-reuse -> origin/snissn/2244-appendonly-reuse
stable legacy/public capture	UNKNOWN STEP	2026-10-06T11:05:40.9283384Z  * [new branch]          snissn/2244-appendonly-reuse-latest -> origin/snissn/2244-appendonly-reuse-latest
stable legacy/public capture	UNKNOWN STEP	2026-10-06T11:05:40.9283631Z  * [new branch]          snissn/2244-appendonly-reuse-rebased -> origin/snissn/2244-appendonly-reuse-rebased
stable legacy/public capture	UNKNOWN STEP	2026-10-06T11:05:40.9283777Z  * [new branch]          snissn/2244-manager     -> origin/snissn/2244-manager
stable legacy/public capture	UNKNOWN STEP	2026-10-06T11:05:40.9283914Z  * [new branch]          snissn/2245-manager     -> origin/snissn/2245-manager
stable legacy/public capture	UNKNOWN STEP	2026-10-06T11:05:40.9284057Z  * [new branch]          snissn/2246-manager     -> origin/snissn/2246-manager
stable legacy/public capture	UNKNOWN STEP	2026-10-06T11:05:40.9284193Z  * [new branch]          snissn/2250-manager     -> origin/snissn/2250-manager
stable legacy/public capture	UNKNOWN STEP	2026-10-06T11:05:40.9284336Z  * [new branch]          snissn/2256-manager     -> origin/snissn/2256-manager
stable legacy/public capture	UNKNOWN STEP	2026-10-06T11:05:40.9284479Z  * [new branch]          snissn/2258-manager     -> origin/snissn/2258-manager
stable legacy/public capture	UNKNOWN STEP	2026-10-06T11:05:40.9284616Z  * [new branch]          snissn/2259-manager     -> origin/snissn/2259-manager
stable legacy/public capture	UNKNOWN STEP	2026-10-06T11:05:40.9284762Z  * [new branch]          snissn/2260-manager     -> origin/snissn/2260-manager
stable legacy/public capture	UNKNOWN STEP	2026-10-06T11:05:40.9284965Z  * [new branch]          snissn/2263-manager     -> origin/snissn/2263-manager
stable legacy/public capture	UNKNOWN STEP	2026-10-06T11:05:40.9285114Z  * [new branch]          snissn/2264-manager     -> origin/snissn/2264-manager
stable legacy/public capture	UNKNOWN STEP	2026-10-06T11:05:40.9285341Z  * [new branch]          snissn/2269-manager     -> origin/snissn/2269-manager
stable legacy/public capture	UNKNOWN STEP	2026-10-06T11:05:40.9285481Z  * [new branch]          snissn/2271-manager     -> origin/snissn/2271-manager
stable legacy/public capture	UNKNOWN STEP	2026-10-06T11:05:40.9285629Z  * [new branch]          snissn/2272-manager     -> origin/snissn/2272-manager
stable legacy/public capture	UNKNOWN STEP	2026-10-06T11:05:40.9285766Z  * [new branch]          snissn/2273-manager     -> origin/snissn/2273-manager
stable legacy/public capture	UNKNOWN STEP	2026-10-06T11:05:40.9285910Z  * [new branch]          snissn/2274-manager     -> origin/snissn/2274-manager
stable legacy/public capture	UNKNOWN STEP	2026-10-06T11:05:40.9286049Z  * [new branch]          snissn/2279-manager     -> origin/snissn/2279-manager
stable legacy/public capture	UNKNOWN STEP	2026-10-06T11:05:40.9286199Z  * [new branch]          snissn/2280-manager     -> origin/snissn/2280-manager
stable legacy/public capture	UNKNOWN STEP	2026-10-06T11:05:40.9286348Z  * [new branch]          snissn/2285-manager     -> origin/snissn/2285-manager
stable legacy/public capture	UNKNOWN STEP	2026-10-06T11:05:40.9286484Z  * [new branch]          snissn/2286-manager     -> origin/snissn/2286-manager
stable legacy/public capture	UNKNOWN STEP	2026-10-06T11:05:40.9286632Z  * [new branch]          snissn/2311-manager     -> origin/snissn/2311-manager
stable legacy/public capture	UNKNOWN STEP	2026-10-06T11:05:40.9286771Z  * [new branch]          snissn/2312-manager     -> origin/snissn/2312-manager
stable legacy/public capture	UNKNOWN STEP	2026-10-06T11:05:40.9286914Z  * [new branch]          snissn/2313-manager     -> origin/snissn/2313-manager
stable legacy/public capture	UNKNOWN STEP	2026-10-06T11:05:40.9287055Z  * [new branch]          snissn/2314-manager     -> origin/snissn/2314-manager
stable legacy/public capture	UNKNOWN STEP	2026-10-06T11:05:40.9287191Z  * [new branch]          snissn/2315-manager     -> origin/snissn/2315-manager
stable legacy/public capture	UNKNOWN STEP	2026-10-06T11:05:40.9287337Z  * [new branch]          snissn/2316-manager     -> origin/snissn/2316-manager
stable legacy/public capture	UNKNOWN STEP	2026-10-06T11:05:40.9287476Z  * [new branch]          snissn/2328-manager     -> origin/snissn/2328-manager
stable legacy/public capture	UNKNOWN STEP	2026-10-06T11:05:40.9287722Z  * [new branch]          snissn/2331-manager     -> origin/snissn/2331-manager
stable legacy/public capture	UNKNOWN STEP	2026-10-06T11:05:40.9287872Z  * [new branch]          snissn/2349-manager     -> origin/snissn/2349-manager
stable legacy/public capture	UNKNOWN STEP	2026-10-06T11:05:40.9288140Z  * [new branch]          snissn/2354-template-retained-contract -> origin/snissn/2354-template-retained-contract
stable legacy/public capture	UNKNOWN STEP	2026-10-06T11:05:40.9288404Z  * [new branch]          snissn/2355-template-retained-encoding -> origin/snissn/2355-template-retained-encoding
stable legacy/public capture	UNKNOWN STEP	2026-10-06T11:05:40.9288653Z  * [new branch]          snissn/2356-retained-vlog-compression -> origin/snissn/2356-retained-vlog-compression
stable legacy/public capture	UNKNOWN STEP	2026-10-06T11:05:40.9288890Z  * [new branch]          snissn/2357-retained-vlog-placement -> origin/snissn/2357-retained-vlog-placement
stable legacy/public capture	UNKNOWN STEP	2026-10-06T11:05:40.9289038Z  * [new branch]          snissn/2361-manager     -> origin/snissn/2361-manager
stable legacy/public capture	UNKNOWN STEP	2026-10-06T11:05:40.9289176Z  * [new branch]          snissn/2362-manager     -> origin/snissn/2362-manager
stable legacy/public capture	UNKNOWN STEP	2026-10-06T11:05:40.9289321Z  * [new branch]          snissn/2363-manager     -> origin/snissn/2363-manager
stable legacy/public capture	UNKNOWN STEP	2026-10-06T11:05:40.9289459Z  * [new branch]          snissn/2364-manager     -> origin/snissn/2364-manager
stable legacy/public capture	UNKNOWN STEP	2026-10-06T11:05:40.9289603Z  * [new branch]          snissn/2365-manager     -> origin/snissn/2365-manager
stable legacy/public capture	UNKNOWN STEP	2026-10-06T11:05:40.9289739Z  * [new branch]          snissn/2366-manager     -> origin/snissn/2366-manager
stable legacy/public capture	UNKNOWN STEP	2026-10-06T11:05:40.9289963Z  * [new branch]          snissn/2375-retained-vlog-raw-fix -> origin/snissn/2375-retained-vlog-raw-fix
stable legacy/public capture	UNKNOWN STEP	2026-10-06T11:05:40.9290196Z  * [new branch]          snissn/2378-visibility-index-upsert -> origin/snissn/2378-visibility-index-upsert
stable legacy/public capture	UNKNOWN STEP	2026-10-06T11:05:40.9290423Z  * [new branch]          snissn/2382-retained-payload-audit -> origin/snissn/2382-retained-payload-audit
stable legacy/public capture	UNKNOWN STEP	2026-10-06T11:05:40.9290632Z  * [new branch]          snissn/2386-retained-zstd-auto -> origin/snissn/2386-retained-zstd-auto
stable legacy/public capture	UNKNOWN STEP	2026-10-06T11:05:40.9290844Z  * [new branch]          snissn/2387-column-section-audit -> origin/snissn/2387-column-section-audit
stable legacy/public capture	UNKNOWN STEP	2026-10-06T11:05:40.9291219Z  * [new branch]          snissn/2388-compression-audit-silent-none -> origin/snissn/2388-compression-audit-silent-none
stable legacy/public capture	UNKNOWN STEP	2026-10-06T11:05:40.9291414Z  * [new branch]          snissn/2392-kvbackendbench -> origin/snissn/2392-kvbackendbench
stable legacy/public capture	UNKNOWN STEP	2026-10-06T11:05:40.9291640Z  * [new branch]          snissn/2395-retained-payload-pack -> origin/snissn/2395-retained-payload-pack
stable legacy/public capture	UNKNOWN STEP	2026-10-06T11:05:40.9291854Z  * [new branch]          snissn/2396-typed-column-kernels -> origin/snissn/2396-typed-column-kernels
stable legacy/public capture	UNKNOWN STEP	2026-10-06T11:05:40.9291994Z  * [new branch]          snissn/2401-manager     -> origin/snissn/2401-manager
stable legacy/public capture	UNKNOWN STEP	2026-10-06T11:05:40.9292138Z  * [new branch]          snissn/2402-manager     -> origin/snissn/2402-manager
stable legacy/public capture	UNKNOWN STEP	2026-10-06T11:05:40.9292277Z  * [new branch]          snissn/2403-manager     -> origin/snissn/2403-manager
stable legacy/public capture	UNKNOWN STEP	2026-10-06T11:05:40.9292418Z  * [new branch]          snissn/2404-manager     -> origin/snissn/2404-manager
stable legacy/public capture	UNKNOWN STEP	2026-10-06T11:05:40.9292559Z  * [new branch]          snissn/2405-manager     -> origin/snissn/2405-manager
stable legacy/public capture	UNKNOWN STEP	2026-10-06T11:05:40.9292696Z  * [new branch]          snissn/2406-manager     -> origin/snissn/2406-manager
stable legacy/public capture	UNKNOWN STEP	2026-10-06T11:05:40.9292834Z  * [new branch]          snissn/2407-manager     -> origin/snissn/2407-manager
stable legacy/public capture	UNKNOWN STEP	2026-10-06T11:05:40.9292969Z  * [new branch]          snissn/2408-manager     -> origin/snissn/2408-manager
stable legacy/public capture	UNKNOWN STEP	2026-10-06T11:05:40.9293108Z  * [new branch]          snissn/2409-manager     -> origin/snissn/2409-manager
stable legacy/public capture	UNKNOWN STEP	2026-10-06T11:05:40.9293248Z  * [new branch]          snissn/2410-manager     -> origin/snissn/2410-manager
stable legacy/public capture	UNKNOWN STEP	2026-10-06T11:05:40.9293386Z  * [new branch]          snissn/2413-manager     -> origin/snissn/2413-manager
stable legacy/public capture	UNKNOWN STEP	2026-10-06T11:05:40.9293522Z  * [new branch]          snissn/2414-manager     -> origin/snissn/2414-manager
stable legacy/public capture	UNKNOWN STEP	2026-10-06T11:05:40.9293657Z  * [new branch]          snissn/2415-manager     -> origin/snissn/2415-manager
stable legacy/public capture	UNKNOWN STEP	2026-10-06T11:05:40.9293867Z  * [new branch]          snissn/2416-manager     -> origin/snissn/2416-manager
stable legacy/public capture	UNKNOWN STEP	2026-10-06T11:05:40.9294006Z  * [new branch]          snissn/2418-manager     -> origin/snissn/2418-manager
stable legacy/public capture	UNKNOWN STEP	2026-10-06T11:05:40.9294143Z  * [new branch]          snissn/2439-manager     -> origin/snissn/2439-manager
stable legacy/public capture	UNKNOWN STEP	2026-10-06T11:05:40.9294352Z  * [new branch]          snissn/2441-geth-compact-compat -> origin/snissn/2441-geth-compact-compat
stable legacy/public capture	UNKNOWN STEP	2026-10-06T11:05:40.9294485Z  * [new branch]          snissn/2445-manager     -> origin/snissn/2445-manager
stable legacy/public capture	UNKNOWN STEP	2026-10-06T11:05:40.9294619Z  * [new branch]          snissn/2446-manager     -> origin/snissn/2446-manager
stable legacy/public capture	UNKNOWN STEP	2026-10-06T11:05:40.9294756Z  * [new branch]          snissn/2448-manager     -> origin/snissn/2448-manager
stable legacy/public capture	UNKNOWN STEP	2026-10-06T11:05:40.9294892Z  * [new branch]          snissn/2449-manager     -> origin/snissn/2449-manager
stable legacy/public capture	UNKNOWN STEP	2026-10-06T11:05:40.9295035Z  * [new branch]          snissn/2450-manager     -> origin/snissn/2450-manager
stable legacy/public capture	UNKNOWN STEP	2026-10-06T11:05:40.9295177Z  * [new branch]          snissn/2451-manager     -> origin/snissn/2451-manager
stable legacy/public capture	UNKNOWN STEP	2026-10-06T11:05:40.9295520Z  * [new branch]          snissn/2452-manager     -> origin/snissn/2452-manager
stable legacy/public capture	UNKNOWN STEP	2026-10-06T11:05:40.9295675Z  * [new branch]          snissn/2454-manager     -> origin/snissn/2454-manager
stable legacy/public capture	UNKNOWN STEP	2026-10-06T11:05:40.9295821Z  * [new branch]          snissn/2465-manager     -> origin/snissn/2465-manager
stable legacy/public capture	UNKNOWN STEP	2026-10-06T11:05:40.9295961Z  * [new branch]          snissn/2468-manager     -> origin/snissn/2468-manager
stable legacy/public capture	UNKNOWN STEP	2026-10-06T11:05:40.9296106Z  * [new branch]          snissn/2468-reopen      -> origin/snissn/2468-reopen
stable legacy/public capture	UNKNOWN STEP	2026-10-06T11:05:40.9296244Z  * [new branch]          snissn/2476-manager     -> origin/snissn/2476-manager
stable legacy/public capture	UNKNOWN STEP	2026-10-06T11:05:40.9296377Z  * [new branch]          snissn/2477-manager     -> origin/snissn/2477-manager
stable legacy/public capture	UNKNOWN STEP	2026-10-06T11:05:40.9296514Z  * [new branch]          snissn/2480-manager     -> origin/snissn/2480-manager
stable legacy/public capture	UNKNOWN STEP	2026-10-06T11:05:40.9296649Z  * [new branch]          snissn/2481-manager     -> origin/snissn/2481-manager
stable legacy/public capture	UNKNOWN STEP	2026-10-06T11:05:40.9296830Z  * [new branch]          snissn/2481-runtime-manager -> origin/snissn/2481-runtime-manager
stable legacy/public capture	UNKNOWN STEP	2026-10-06T11:05:40.9297082Z  * [new branch]          snissn/2482-manager     -> origin/snissn/2482-manager
stable legacy/public capture	UNKNOWN STEP	2026-10-06T11:05:40.9297244Z  * [new branch]          snissn/2483-docs-manager -> origin/snissn/2483-docs-manager
stable legacy/public capture	UNKNOWN STEP	2026-10-06T11:05:40.9297383Z  * [new branch]          snissn/2491-manager     -> origin/snissn/2491-manager
stable legacy/public capture	UNKNOWN STEP	2026-10-06T11:05:40.9297518Z  * [new branch]          snissn/2496-manager     -> origin/snissn/2496-manager
stable legacy/public capture	UNKNOWN STEP	2026-10-06T11:05:40.9297652Z  * [new branch]          snissn/2497-manager     -> origin/snissn/2497-manager
stable legacy/public capture	UNKNOWN STEP	2026-10-06T11:05:40.9297804Z  * [new branch]          snissn/2498-manager     -> origin/snissn/2498-manager
stable legacy/public capture	UNKNOWN STEP	2026-10-06T11:05:40.9297948Z  * [new branch]          snissn/2502-manager     -> origin/snissn/2502-manager
stable legacy/public capture	UNKNOWN STEP	2026-10-06T11:05:40.9298093Z  * [new branch]          snissn/2503-manager     -> origin/snissn/2503-manager
stable legacy/public capture	UNKNOWN STEP	2026-10-06T11:05:40.9298239Z  * [new branch]          snissn/2503-text-pr2    -> origin/snissn/2503-text-pr2
stable legacy/public capture	UNKNOWN STEP	2026-10-06T11:05:40.9298383Z  * [new branch]          snissn/2504-manager     -> origin/snissn/2504-manager
stable legacy/public capture	UNKNOWN STEP	2026-10-06T11:05:40.9298521Z  * [new branch]          snissn/2505-manager     -> origin/snissn/2505-manager
stable legacy/public capture	UNKNOWN STEP	2026-10-06T11:05:40.9298655Z  * [new branch]          snissn/2506-manager     -> origin/snissn/2506-manager
stable legacy/public capture	UNKNOWN STEP	2026-10-06T11:05:40.9298791Z  * [new branch]          snissn/2515-manager     -> origin/snissn/2515-manager
stable legacy/public capture	UNKNOWN STEP	2026-10-06T11:05:40.9298929Z  * [new branch]          snissn/2518-manager     -> origin/snissn/2518-manager
stable legacy/public capture	UNKNOWN STEP	2026-10-06T11:05:40.9299068Z  * [new branch]          snissn/2519-manager     -> origin/snissn/2519-manager
stable legacy/public capture	UNKNOWN STEP	2026-10-06T11:05:40.9299207Z  * [new branch]          snissn/2525-manager     -> origin/snissn/2525-manager
stable legacy/public capture	UNKNOWN STEP	2026-10-06T11:05:40.9299341Z  * [new branch]          snissn/2531-manager     -> origin/snissn/2531-manager
stable legacy/public capture	UNKNOWN STEP	2026-10-06T11:05:40.9299480Z  * [new branch]          snissn/2532-manager     -> origin/snissn/2532-manager
stable legacy/public capture	UNKNOWN STEP	2026-10-06T11:05:40.9299745Z  * [new branch]          snissn/2532-python-client -> origin/snissn/2532-python-client
stable legacy/public capture	UNKNOWN STEP	2026-10-06T11:05:40.9299913Z  * [new branch]          snissn/2533-haystack-mvp -> origin/snissn/2533-haystack-mvp
stable legacy/public capture	UNKNOWN STEP	2026-10-06T11:05:40.9300050Z  * [new branch]          snissn/2533-manager     -> origin/snissn/2533-manager
stable legacy/public capture	UNKNOWN STEP	2026-10-06T11:05:40.9300236Z  * [new branch]          snissn/2534a-service-manager -> origin/snissn/2534a-service-manager
stable legacy/public capture	UNKNOWN STEP	2026-10-06T11:05:40.9300412Z  * [new branch]          snissn/2534b-client-manager -> origin/snissn/2534b-client-manager
stable legacy/public capture	UNKNOWN STEP	2026-10-06T11:05:40.9300604Z  * [new branch]          snissn/2534c-haystack-manager -> origin/snissn/2534c-haystack-manager
stable legacy/public capture	UNKNOWN STEP	2026-10-06T11:05:40.9300789Z  * [new branch]          snissn/2535-examples-listing -> origin/snissn/2535-examples-listing
stable legacy/public capture	UNKNOWN STEP	2026-10-06T11:05:40.9300921Z  * [new branch]          snissn/2539-manager     -> origin/snissn/2539-manager
stable legacy/public capture	UNKNOWN STEP	2026-10-06T11:05:40.9301058Z  * [new branch]          snissn/2541-manager     -> origin/snissn/2541-manager
stable legacy/public capture	UNKNOWN STEP	2026-10-06T11:05:40.9301218Z  * [new branch]          snissn/2541-profile-hook -> origin/snissn/2541-profile-hook
stable legacy/public capture	UNKNOWN STEP	2026-10-06T11:05:40.9301354Z  * [new branch]          snissn/2542-manager     -> origin/snissn/2542-manager
stable legacy/public capture	UNKNOWN STEP	2026-10-06T11:05:40.9301491Z  * [new branch]          snissn/2544-manager     -> origin/snissn/2544-manager
stable legacy/public capture	UNKNOWN STEP	2026-10-06T11:05:40.9301628Z  * [new branch]          snissn/2560-manager     -> origin/snissn/2560-manager
stable legacy/public capture	UNKNOWN STEP	2026-10-06T11:05:40.9301785Z  * [new branch]          snissn/2564-index-bench -> origin/snissn/2564-index-bench
stable legacy/public capture	UNKNOWN STEP	2026-10-06T11:05:40.9301922Z  * [new branch]          snissn/2570-manager     -> origin/snissn/2570-manager
stable legacy/public capture	UNKNOWN STEP	2026-10-06T11:05:40.9302056Z  * [new branch]          snissn/2573-manager     -> origin/snissn/2573-manager
stable legacy/public capture	UNKNOWN STEP	2026-10-06T11:05:40.9302193Z  * [new branch]          snissn/2585-manager     -> origin/snissn/2585-manager
stable legacy/public capture	UNKNOWN STEP	2026-10-06T11:05:40.9302328Z  * [new branch]          snissn/2586-manager     -> origin/snissn/2586-manager
stable legacy/public capture	UNKNOWN STEP	2026-10-06T11:05:40.9302471Z  * [new branch]          snissn/2587-manager     -> origin/snissn/2587-manager
stable legacy/public capture	UNKNOWN STEP	2026-10-06T11:05:40.9302715Z  * [new branch]          snissn/2587-manager-rebased -> origin/snissn/2587-manager-rebased
stable legacy/public capture	UNKNOWN STEP	2026-10-06T11:05:40.9302903Z  * [new branch]          snissn/2587-manager-rebased2 -> origin/snissn/2587-manager-rebased2
stable legacy/public capture	UNKNOWN STEP	2026-10-06T11:05:40.9303104Z  * [new branch]          snissn/2587-manager-rebased3 -> origin/snissn/2587-manager-rebased3
stable legacy/public capture	UNKNOWN STEP	2026-10-06T11:05:40.9303239Z  * [new branch]          snissn/2588-manager     -> origin/snissn/2588-manager
stable legacy/public capture	UNKNOWN STEP	2026-10-06T11:05:40.9303402Z  * [new branch]          snissn/2589-alloc-manager -> origin/snissn/2589-alloc-manager
stable legacy/public capture	UNKNOWN STEP	2026-10-06T11:05:40.9303557Z  * [new branch]          snissn/2589-docs-closeout -> origin/snissn/2589-docs-closeout
stable legacy/public capture	UNKNOWN STEP	2026-10-06T11:05:40.9303765Z  * [new branch]          snissn/2589-insert-alloc-manager -> origin/snissn/2589-insert-alloc-manager
stable legacy/public capture	UNKNOWN STEP	2026-10-06T11:05:40.9303901Z  * [new branch]          snissn/2591-manager     -> origin/snissn/2591-manager
stable legacy/public capture	UNKNOWN STEP	2026-10-06T11:05:40.9304083Z  * [new branch]          snissn/2596-reftracker-close -> origin/snissn/2596-reftracker-close
stable legacy/public capture	UNKNOWN STEP	2026-10-06T11:05:40.9304231Z  * [new branch]          snissn/2598-load-fix    -> origin/snissn/2598-load-fix
stable legacy/public capture	UNKNOWN STEP	2026-10-06T11:05:40.9304366Z  * [new branch]          snissn/2599-manager     -> origin/snissn/2599-manager
stable legacy/public capture	UNKNOWN STEP	2026-10-06T11:05:40.9304510Z  * [new branch]          snissn/2600-manager     -> origin/snissn/2600-manager
stable legacy/public capture	UNKNOWN STEP	2026-10-06T11:05:40.9304651Z  * [new branch]          snissn/2601-manager     -> origin/snissn/2601-manager
stable legacy/public capture	UNKNOWN STEP	2026-10-06T11:05:40.9304787Z  * [new branch]          snissn/2602-manager     -> origin/snissn/2602-manager
stable legacy/public capture	UNKNOWN STEP	2026-10-06T11:05:40.9304928Z  * [new branch]          snissn/2618-manager     -> origin/snissn/2618-manager
stable legacy/public capture	UNKNOWN STEP	2026-10-06T11:05:40.9305063Z  * [new branch]          snissn/2621-manager     -> origin/snissn/2621-manager
stable legacy/public capture	UNKNOWN STEP	2026-10-06T11:05:40.9305415Z  * [new branch]          snissn/2623-text-v2-m0-manager -> origin/snissn/2623-text-v2-m0-manager
stable legacy/public capture	UNKNOWN STEP	2026-10-06T11:05:40.9305740Z  * [new branch]          snissn/2624-text-v2-roots-manager -> origin/snissn/2624-text-v2-roots-manager
stable legacy/public capture	UNKNOWN STEP	2026-10-06T11:05:40.9306031Z  * [new branch]          snissn/2625-text-v2-posting-blocks-manager -> origin/snissn/2625-text-v2-posting-blocks-manager
stable legacy/public capture	UNKNOWN STEP	2026-10-06T11:05:40.9306323Z  * [new branch]          snissn/2626-text-v2-write-path-manager -> origin/snissn/2626-text-v2-write-path-manager
stable legacy/public capture	UNKNOWN STEP	2026-10-06T11:05:40.9306585Z  * [new branch]          snissn/2627-text-v2-score-search-manager -> origin/snissn/2627-text-v2-score-search-manager
stable legacy/public capture	UNKNOWN STEP	2026-10-06T11:05:40.9306834Z  * [new branch]          snissn/2628-text-v2-blockmax-manager -> origin/snissn/2628-text-v2-blockmax-manager
stable legacy/public capture	UNKNOWN STEP	2026-10-06T11:05:40.9307090Z  * [new branch]          snissn/2629-text-v2-lazy-details-manager -> origin/snissn/2629-text-v2-lazy-details-manager
stable legacy/public capture	UNKNOWN STEP	2026-10-06T11:05:40.9307327Z  * [new branch]          snissn/2630-text-v2-hardening-manager -> origin/snissn/2630-text-v2-hardening-manager
stable legacy/public capture	UNKNOWN STEP	2026-10-06T11:05:40.9307479Z  * [new branch]          snissn/2633-manager     -> origin/snissn/2633-manager
stable legacy/public capture	UNKNOWN STEP	2026-10-06T11:05:40.9307620Z  * [new branch]          snissn/2635-manager     -> origin/snissn/2635-manager
stable legacy/public capture	UNKNOWN STEP	2026-10-06T11:05:40.9307784Z  * [new branch]          snissn/2636-iterator-fix -> origin/snissn/2636-iterator-fix
stable legacy/public capture	UNKNOWN STEP	2026-10-06T11:05:40.9308000Z  * [new branch]          snissn/2637-hoodi-storage-tuning -> origin/snissn/2637-hoodi-storage-tuning
stable legacy/public capture	UNKNOWN STEP	2026-10-06T11:05:40.9308137Z  * [new branch]          snissn/2642-manager     -> origin/snissn/2642-manager
stable legacy/public capture	UNKNOWN STEP	2026-10-06T11:05:40.9308281Z  * [new branch]          snissn/2653-manager     -> origin/snissn/2653-manager
stable legacy/public capture	UNKNOWN STEP	2026-10-06T11:05:40.9308416Z  * [new branch]          snissn/2657-manager     -> origin/snissn/2657-manager
stable legacy/public capture	UNKNOWN STEP	2026-10-06T11:05:40.9308561Z  * [new branch]          snissn/2658-manager     -> origin/snissn/2658-manager
stable legacy/public capture	UNKNOWN STEP	2026-10-06T11:05:40.9308729Z  * [new branch]          snissn/2658-rawdot-manager -> origin/snissn/2658-rawdot-manager
stable legacy/public capture	UNKNOWN STEP	2026-10-06T11:05:40.9308905Z  * [new branch]          snissn/2659-greedy-manager -> origin/snissn/2659-greedy-manager
stable legacy/public capture	UNKNOWN STEP	2026-10-06T11:05:40.9309140Z  * [new branch]          snissn/2659-manager     -> origin/snissn/2659-manager
stable legacy/public capture	UNKNOWN STEP	2026-10-06T11:05:40.9309281Z  * [new branch]          snissn/2671-manager     -> origin/snissn/2671-manager
stable legacy/public capture	UNKNOWN STEP	2026-10-06T11:05:40.9309426Z  * [new branch]          snissn/2677-manager     -> origin/snissn/2677-manager
stable legacy/public capture	UNKNOWN STEP	2026-10-06T11:05:40.9309567Z  * [new branch]          snissn/2678-manager     -> origin/snissn/2678-manager
stable legacy/public capture	UNKNOWN STEP	2026-10-06T11:05:40.9309712Z  * [new branch]          snissn/2679-manager     -> origin/snissn/2679-manager
stable legacy/public capture	UNKNOWN STEP	2026-10-06T11:05:40.9310043Z  * [new branch]          snissn/2687-text-v2-default-10k-candidates-manager -> origin/snissn/2687-text-v2-default-10k-candidates-manager
stable legacy/public capture	UNKNOWN STEP	2026-10-06T11:05:40.9310337Z  * [new branch]          snissn/2688-text-v2-default-multiterm-manager -> origin/snissn/2688-text-v2-default-multiterm-manager
stable legacy/public capture	UNKNOWN STEP	2026-10-06T11:05:40.9310651Z  * [new branch]          snissn/2689-text-v2-default-write-budget-manager -> origin/snissn/2689-text-v2-default-write-budget-manager
stable legacy/public capture	UNKNOWN STEP	2026-10-06T11:05:40.9310921Z  * [new branch]          snissn/2690-text-v2-default-switch-manager -> origin/snissn/2690-text-v2-default-switch-manager
stable legacy/public capture	UNKNOWN STEP	2026-10-06T11:05:40.9311064Z  * [new branch]          snissn/2704-manager     -> origin/snissn/2704-manager
stable legacy/public capture	UNKNOWN STEP	2026-10-06T11:05:40.9311208Z  * [new branch]          snissn/2705-manager     -> origin/snissn/2705-manager
stable legacy/public capture	UNKNOWN STEP	2026-10-06T11:05:40.9311347Z  * [new branch]          snissn/2706-manager     -> origin/snissn/2706-manager
stable legacy/public capture	UNKNOWN STEP	2026-10-06T11:05:40.9311492Z  * [new branch]          snissn/2709-manager     -> origin/snissn/2709-manager
stable legacy/public capture	UNKNOWN STEP	2026-10-06T11:05:40.9311630Z  * [new branch]          snissn/2711-manager     -> origin/snissn/2711-manager
stable legacy/public capture	UNKNOWN STEP	2026-10-06T11:05:40.9311793Z  * [new branch]          snissn/2711-r1-manager  -> origin/snissn/2711-r1-manager
stable legacy/public capture	UNKNOWN STEP	2026-10-06T11:05:40.9312085Z  * [new branch]          snissn/2727-text-v2-hybrid-scoreboard-manager -> origin/snissn/2727-text-v2-hybrid-scoreboard-manager
stable legacy/public capture	UNKNOWN STEP	2026-10-06T11:05:40.9312460Z  * [new branch]          snissn/2728-text-v2-posting-overhead-manager -> origin/snissn/2728-text-v2-posting-overhead-manager
stable legacy/public capture	UNKNOWN STEP	2026-10-06T11:05:40.9312858Z  * [new branch]          snissn/2729-hybrid-fusion-budgeting-manager -> origin/snissn/2729-hybrid-fusion-budgeting-manager
stable legacy/public capture	UNKNOWN STEP	2026-10-06T11:05:40.9313097Z  * [new branch]          snissn/2730-text-v2-or-wand-manager -> origin/snissn/2730-text-v2-or-wand-manager
stable legacy/public capture	UNKNOWN STEP	2026-10-06T11:05:40.9313266Z  * [new branch]          snissn/2730-wand-exec   -> origin/snissn/2730-wand-exec
stable legacy/public capture	UNKNOWN STEP	2026-10-06T11:05:40.9313520Z  * [new branch]          snissn/2731-text-hybrid-scale-manager -> origin/snissn/2731-text-hybrid-scale-manager
stable legacy/public capture	UNKNOWN STEP	2026-10-06T11:05:40.9313818Z  * [new branch]          snissn/2732-text-v2-maintenance-policy-manager -> origin/snissn/2732-text-v2-maintenance-policy-manager
stable legacy/public capture	UNKNOWN STEP	2026-10-06T11:05:40.9314100Z  * [new branch]          snissn/2733-text-v2-phrase-analyzer-manager -> origin/snissn/2733-text-v2-phrase-analyzer-manager
stable legacy/public capture	UNKNOWN STEP	2026-10-06T11:05:40.9314244Z  * [new branch]          snissn/2768-manager     -> origin/snissn/2768-manager
stable legacy/public capture	UNKNOWN STEP	2026-10-06T11:05:40.9314391Z  * [new branch]          snissn/2769-manager     -> origin/snissn/2769-manager
stable legacy/public capture	UNKNOWN STEP	2026-10-06T11:05:40.9314535Z  * [new branch]          snissn/2770-manager     -> origin/snissn/2770-manager
stable legacy/public capture	UNKNOWN STEP	2026-10-06T11:05:40.9314674Z  * [new branch]          snissn/2771-manager     -> origin/snissn/2771-manager
stable legacy/public capture	UNKNOWN STEP	2026-10-06T11:05:40.9314819Z  * [new branch]          snissn/2772-manager     -> origin/snissn/2772-manager
stable legacy/public capture	UNKNOWN STEP	2026-10-06T11:05:40.9314953Z  * [new branch]          snissn/2773-manager     -> origin/snissn/2773-manager
stable legacy/public capture	UNKNOWN STEP	2026-10-06T11:05:40.9315097Z  * [new branch]          snissn/2774-manager     -> origin/snissn/2774-manager
stable legacy/public capture	UNKNOWN STEP	2026-10-06T11:05:40.9315363Z  * [new branch]          snissn/2783-manager     -> origin/snissn/2783-manager
stable legacy/public capture	UNKNOWN STEP	2026-10-06T11:05:40.9315561Z  * [new branch]          snissn/2784-manager     -> origin/snissn/2784-manager
stable legacy/public capture	UNKNOWN STEP	2026-10-06T11:05:40.9315718Z  * [new branch]          snissn/2785-manager     -> origin/snissn/2785-manager
stable legacy/public capture	UNKNOWN STEP	2026-10-06T11:05:40.9315861Z  * [new branch]          snissn/2786-manager     -> origin/snissn/2786-manager
stable legacy/public capture	UNKNOWN STEP	2026-10-06T11:05:40.9316154Z  * [new branch]          snissn/2787-actual-manager -> origin/snissn/2787-actual-manager
stable legacy/public capture	UNKNOWN STEP	2026-10-06T11:05:40.9316309Z  * [new branch]          snissn/2787-manager     -> origin/snissn/2787-manager
stable legacy/public capture	UNKNOWN STEP	2026-10-06T11:05:40.9316459Z  * [new branch]          snissn/2788-manager     -> origin/snissn/2788-manager
stable legacy/public capture	UNKNOWN STEP	2026-10-06T11:05:40.9316600Z  * [new branch]          snissn/2794-manager     -> origin/snissn/2794-manager
stable legacy/public capture	UNKNOWN STEP	2026-10-06T11:05:40.9316782Z  * [new branch]          snissn/2794-runtime-manager -> origin/snissn/2794-runtime-manager
stable legacy/public capture	UNKNOWN STEP	2026-10-06T11:05:40.9316926Z  * [new branch]          snissn/2795-manager     -> origin/snissn/2795-manager
stable legacy/public capture	UNKNOWN STEP	2026-10-06T11:05:40.9317146Z  * [new branch]          snissn/2834-scoreboard-synthesis -> origin/snissn/2834-scoreboard-synthesis
stable legacy/public capture	UNKNOWN STEP	2026-10-06T11:05:40.9317379Z  * [new branch]          snissn/2835-footprint-compression -> origin/snissn/2835-footprint-compression
stable legacy/public capture	UNKNOWN STEP	2026-10-06T11:05:40.9317584Z  * [new branch]          snissn/2836-scalar-aware-wand -> origin/snissn/2836-scalar-aware-wand
stable legacy/public capture	UNKNOWN STEP	2026-10-06T11:05:40.9317740Z  * [new branch]          snissn/2837-scale-soak  -> origin/snissn/2837-scale-soak
stable legacy/public capture	UNKNOWN STEP	2026-10-06T11:05:40.9317916Z  * [new branch]          snissn/2838-query-explain -> origin/snissn/2838-query-explain
stable legacy/public capture	UNKNOWN STEP	2026-10-06T11:05:40.9318121Z  * [new branch]          snissn/2839-analyzer-relevance -> origin/snissn/2839-analyzer-relevance
stable legacy/public capture	UNKNOWN STEP	2026-10-06T11:05:40.9318315Z  * [new branch]          snissn/2840-text-v2-hardening -> origin/snissn/2840-text-v2-hardening
stable legacy/public capture	UNKNOWN STEP	2026-10-06T11:05:40.9318493Z  * [new branch]          snissn/2865-alpha-baseline -> origin/snissn/2865-alpha-baseline
stable legacy/public capture	UNKNOWN STEP	2026-10-06T11:05:40.9318690Z  * [new branch]          snissn/2866-alpha-lookup-scale -> origin/snissn/2866-alpha-lookup-scale
stable legacy/public capture	UNKNOWN STEP	2026-10-06T11:05:40.9318894Z  * [new branch]          snissn/2867-alpha-query-prep -> origin/snissn/2867-alpha-query-prep
stable legacy/public capture	UNKNOWN STEP	2026-10-06T11:05:40.9319216Z  * [new branch]          snissn/2868-scorer-specialization -> origin/snissn/2868-scorer-specialization
stable legacy/public capture	UNKNOWN STEP	2026-10-06T11:05:40.9319426Z  * [new branch]          snissn/2869-alpha-default-gate -> origin/snissn/2869-alpha-default-gate
stable legacy/public capture	UNKNOWN STEP	2026-10-06T11:05:40.9319617Z  * [new branch]          snissn/2873-high-df-pruning -> origin/snissn/2873-high-df-pruning
stable legacy/public capture	UNKNOWN STEP	2026-10-06T11:05:40.9319833Z  * [new branch]          snissn/2874-scalar-aware-pruning -> origin/snissn/2874-scalar-aware-pruning
stable legacy/public capture	UNKNOWN STEP	2026-10-06T11:05:40.9320071Z  * [new branch]          snissn/2875-adaptive-hybrid-budgets -> origin/snissn/2875-adaptive-hybrid-budgets
stable legacy/public capture	UNKNOWN STEP	2026-10-06T11:05:40.9320281Z  * [new branch]          snissn/2876-posting-decode-allocs -> origin/snissn/2876-posting-decode-allocs
stable legacy/public capture	UNKNOWN STEP	2026-10-06T11:05:40.9320451Z  * [new branch]          snissn/2879-docs-manager -> origin/snissn/2879-docs-manager
stable legacy/public capture	UNKNOWN STEP	2026-10-06T11:05:40.9320737Z  * [new branch]          snissn/2946-checkpoint-wait-classification -> origin/snissn/2946-checkpoint-wait-classification
stable legacy/public capture	UNKNOWN STEP	2026-10-06T11:05:40.9320974Z  * [new branch]          snissn/2947-apply-hardware-ceiling -> origin/snissn/2947-apply-hardware-ceiling
stable legacy/public capture	UNKNOWN STEP	2026-10-06T11:05:40.9321230Z  * [new branch]          snissn/2949-leaf-log-append-inventory -> origin/snissn/2949-leaf-log-append-inventory
stable legacy/public capture	UNKNOWN STEP	2026-10-06T11:05:40.9321438Z  * [new branch]          snissn/2950-wide-leaf-log-policy -> origin/snissn/2950-wide-leaf-log-policy
stable legacy/public capture	UNKNOWN STEP	2026-10-06T11:05:40.9321684Z  * [new branch]          snissn/2951-collection-storage-wiring -> origin/snissn/2951-collection-storage-wiring
stable legacy/public capture	UNKNOWN STEP	2026-10-06T11:05:40.9321873Z  * [new branch]          snissn/cached-rid-tail-start -> origin/snissn/cached-rid-tail-start
stable legacy/public capture	UNKNOWN STEP	2026-10-06T11:05:40.9322100Z  * [new branch]          snissn/commitwal-large-geth-batch -> origin/snissn/commitwal-large-geth-batch
stable legacy/public capture	UNKNOWN STEP	2026-10-06T11:05:40.9322347Z  * [new branch]          snissn/disable-vlog-reftracker-outer -> origin/snissn/disable-vlog-reftracker-outer
stable legacy/public capture	UNKNOWN STEP	2026-10-06T11:05:40.9322582Z  * [new branch]          snissn/hotkv-matrix-counters-report -> origin/snissn/hotkv-matrix-counters-report
stable legacy/public capture	UNKNOWN STEP	2026-10-06T11:05:40.9323011Z  * [new branch]          snissn/https-github.com-snissn-gomap-issues-730 -> origin/snissn/https-github.com-snissn-gomap-issues-730
stable legacy/public capture	UNKNOWN STEP	2026-10-06T11:05:40.9323192Z  * [new branch]          snissn/issue-1803-manager -> origin/snissn/issue-1803-manager
stable legacy/public capture	UNKNOWN STEP	2026-10-06T11:05:40.9323360Z  * [new branch]          snissn/issue-1808-manager -> origin/snissn/issue-1808-manager
stable legacy/public capture	UNKNOWN STEP	2026-10-06T11:05:40.9323533Z  * [new branch]          snissn/kill-search-allocs -> origin/snissn/kill-search-allocs
stable legacy/public capture	UNKNOWN STEP	2026-10-06T11:05:40.9323750Z  * [new branch]          snissn/reftracker-noop-commitseq -> origin/snissn/reftracker-noop-commitseq
stable legacy/public capture	UNKNOWN STEP	2026-10-06T11:05:40.9323972Z  * [new branch]          snissn/replay-appender-rid-start -> origin/snissn/replay-appender-rid-start
stable legacy/public capture	UNKNOWN STEP	2026-10-06T11:05:40.9324219Z  * [new branch]          snissn/retained-active-source-reclaim -> origin/snissn/retained-active-source-reclaim
stable legacy/public capture	UNKNOWN STEP	2026-10-06T11:05:40.9324534Z  * [new branch]          snissn/retained-audit-iterator-final-evidence -> origin/snissn/retained-audit-iterator-final-evidence
stable legacy/public capture	UNKNOWN STEP	2026-10-06T11:05:40.9324697Z  * [new branch]          snissn/scorpionfish     -> origin/snissn/scorpionfish
stable legacy/public capture	UNKNOWN STEP	2026-10-06T11:05:40.9324976Z  * [new branch]          snissn/sepolia-periodic-vlog-plan-budget -> origin/snissn/sepolia-periodic-vlog-plan-budget
stable legacy/public capture	UNKNOWN STEP	2026-10-06T11:05:40.9325194Z  * [new branch]          snissn/sepolia-tree-depth-limit -> origin/snissn/sepolia-tree-depth-limit
stable legacy/public capture	UNKNOWN STEP	2026-10-06T11:05:40.9325549Z  * [new branch]          snissn/sepolia-vlog-maint-budget -> origin/snissn/sepolia-vlog-maint-budget
stable legacy/public capture	UNKNOWN STEP	2026-10-06T11:05:40.9325822Z  * [new branch]          snissn/u8-fp32-detail-query-experiment -> origin/snissn/u8-fp32-detail-query-experiment
stable legacy/public capture	UNKNOWN STEP	2026-10-06T11:05:40.9326151Z  * [new branch]          snissn/vector-external-compare-readme-20260608 -> origin/snissn/vector-external-compare-readme-20260608
stable legacy/public capture	UNKNOWN STEP	2026-10-06T11:05:40.9326320Z  * [new branch]          snissn/vector-http-b64  -> origin/snissn/vector-http-b64
stable legacy/public capture	UNKNOWN STEP	2026-10-06T11:05:40.9326696Z  * [new branch]          snissn/vector-recall-ef-search-20260602 -> origin/snissn/vector-recall-ef-search-20260602
stable legacy/public capture	UNKNOWN STEP	2026-10-06T11:05:40.9326977Z  * [new branch]          snissn/vector-recall-entrypoint-20260602 -> origin/snissn/vector-recall-entrypoint-20260602
stable legacy/public capture	UNKNOWN STEP	2026-10-06T11:05:40.9327233Z  * [new branch]          snissn/vector-search-profile-20260602 -> origin/snissn/vector-search-profile-20260602
stable legacy/public capture	UNKNOWN STEP	2026-10-06T11:05:40.9327514Z  * [new branch]          snissn/vector-search-profile-opt-20260603 -> origin/snissn/vector-search-profile-opt-20260603
stable legacy/public capture	UNKNOWN STEP	2026-10-06T11:05:40.9327759Z  * [new branch]          snissn/vector-search-work-accounting -> origin/snissn/vector-search-work-accounting
stable legacy/public capture	UNKNOWN STEP	2026-10-06T11:05:40.9327935Z  * [new branch]          split-value-leaf-logs   -> origin/split-value-leaf-logs
stable legacy/public capture	UNKNOWN STEP	2026-10-06T11:05:40.9328198Z  * [new branch]          split-value-leaf-logs-compression-fix -> origin/split-value-leaf-logs-compression-fix
stable legacy/public capture	UNKNOWN STEP	2026-10-06T11:05:40.9328358Z  * [new branch]          sprint/autotuner_1      -> origin/sprint/autotuner_1
stable legacy/public capture	UNKNOWN STEP	2026-10-06T11:05:40.9328515Z  * [new branch]          sprint/autotuner_2      -> origin/sprint/autotuner_2
stable legacy/public capture	UNKNOWN STEP	2026-10-06T11:05:40.9328658Z  * [new branch]          sprint/autotuner_3      -> origin/sprint/autotuner_3
stable legacy/public capture	UNKNOWN STEP	2026-10-06T11:05:40.9328805Z  * [new branch]          sprint/autotuner_4      -> origin/sprint/autotuner_4
stable legacy/public capture	UNKNOWN STEP	2026-10-06T11:05:40.9328944Z  * [new branch]          sprint/autotuner_5      -> origin/sprint/autotuner_5
stable legacy/public capture	UNKNOWN STEP	2026-10-06T11:05:40.9329090Z  * [new branch]          sprint/autotuner_6      -> origin/sprint/autotuner_6
stable legacy/public capture	UNKNOWN STEP	2026-10-06T11:05:40.9329233Z  * [new branch]          sprint/autotuner_7      -> origin/sprint/autotuner_7
stable legacy/public capture	UNKNOWN STEP	2026-10-06T11:05:40.9329447Z  * [new branch]          sprint/flush-forceptr-batching -> origin/sprint/flush-forceptr-batching
stable legacy/public capture	UNKNOWN STEP	2026-10-06T11:05:40.9329636Z  * [new branch]          sprint/flush-lane-adaptive -> origin/sprint/flush-lane-adaptive
stable legacy/public capture	UNKNOWN STEP	2026-10-06T11:05:40.9329777Z  * [new branch]          sprint/issue117_1       -> origin/sprint/issue117_1
stable legacy/public capture	UNKNOWN STEP	2026-10-06T11:05:40.9329923Z  * [new branch]          sprint/issue118_1       -> origin/sprint/issue118_1
stable legacy/public capture	UNKNOWN STEP	2026-10-06T11:05:40.9330153Z  * [new branch]          sprint/issue119_1       -> origin/sprint/issue119_1
stable legacy/public capture	UNKNOWN STEP	2026-10-06T11:05:40.9330308Z  * [new branch]          sprint/live_bench_1     -> origin/sprint/live_bench_1
stable legacy/public capture	UNKNOWN STEP	2026-10-06T11:05:40.9330458Z  * [new branch]          sprint/live_bench_2     -> origin/sprint/live_bench_2
stable legacy/public capture	UNKNOWN STEP	2026-10-06T11:05:40.9330655Z  * [new branch]          sprint/postmerge-vlog-shape -> origin/sprint/postmerge-vlog-shape
stable legacy/public capture	UNKNOWN STEP	2026-10-06T11:05:40.9330864Z  * [new branch]          sprint/rc351-iterative-hotpath -> origin/sprint/rc351-iterative-hotpath
stable legacy/public capture	UNKNOWN STEP	2026-10-06T11:05:40.9330998Z  * [new branch]          sprint/rc_1             -> origin/sprint/rc_1
stable legacy/public capture	UNKNOWN STEP	2026-10-06T11:05:40.9331172Z  * [new branch]          sprint/rc_autotune_fix_1 -> origin/sprint/rc_autotune_fix_1
stable legacy/public capture	UNKNOWN STEP	2026-10-06T11:05:40.9331346Z  * [new branch]          sprint/rc_merge_gate_ext_1 -> origin/sprint/rc_merge_gate_ext_1
stable legacy/public capture	UNKNOWN STEP	2026-10-06T11:05:40.9331499Z  * [new branch]          sprint/rc_perf_fix_1    -> origin/sprint/rc_perf_fix_1
stable legacy/public capture	UNKNOWN STEP	2026-10-06T11:05:40.9331652Z  * [new branch]          sprint/rc_perf_fix_2    -> origin/sprint/rc_perf_fix_2
stable legacy/public capture	UNKNOWN STEP	2026-10-06T11:05:40.9331796Z  * [new branch]          sprint/rc_perf_fix_3    -> origin/sprint/rc_perf_fix_3
stable legacy/public capture	UNKNOWN STEP	2026-10-06T11:05:40.9331944Z  * [new branch]          sprint/rc_perf_fix_4    -> origin/sprint/rc_perf_fix_4
stable legacy/public capture	UNKNOWN STEP	2026-10-06T11:05:40.9332148Z  * [new branch]          sprint/rc_value_log_threshold_1 -> origin/sprint/rc_value_log_threshold_1
stable legacy/public capture	UNKNOWN STEP	2026-10-06T11:05:40.9332398Z  * [new branch]          sprint/slabopt-pr0-bench-lanes-probe -> origin/sprint/slabopt-pr0-bench-lanes-probe
stable legacy/public capture	UNKNOWN STEP	2026-10-06T11:05:40.9332670Z  * [new branch]          sprint/slabopt-pr1-journal-abstraction -> origin/sprint/slabopt-pr1-journal-abstraction
stable legacy/public capture	UNKNOWN STEP	2026-10-06T11:05:40.9332898Z  * [new branch]          sprint/slabopt-pr10-dict-bench-ci -> origin/sprint/slabopt-pr10-dict-bench-ci
stable legacy/public capture	UNKNOWN STEP	2026-10-06T11:05:40.9333240Z  * [new branch]          sprint/slabopt-pr11-writepath-guardrails-defaults -> origin/sprint/slabopt-pr11-writepath-guardrails-defaults
stable legacy/public capture	UNKNOWN STEP	2026-10-06T11:05:40.9333658Z  * [new branch]          sprint/slabopt-pr12-disable-journal-keep-valuelog -> origin/sprint/slabopt-pr12-disable-journal-keep-valuelog
stable legacy/public capture	UNKNOWN STEP	2026-10-06T11:05:40.9333931Z  * [new branch]          sprint/slabopt-pr13-mode23-read-opt -> origin/sprint/slabopt-pr13-mode23-read-opt
stable legacy/public capture	UNKNOWN STEP	2026-10-06T11:05:40.9334195Z  * [new branch]          sprint/slabopt-pr14-deferred-valuelog -> origin/sprint/slabopt-pr14-deferred-valuelog
stable legacy/public capture	UNKNOWN STEP	2026-10-06T11:05:40.9334480Z  * [new branch]          sprint/slabopt-pr15-valuelog-mmap-readopt -> origin/sprint/slabopt-pr15-valuelog-mmap-readopt
stable legacy/public capture	UNKNOWN STEP	2026-10-06T11:05:40.9334753Z  * [new branch]          sprint/slabopt-pr16-valuelog-writev-queue -> origin/sprint/slabopt-pr16-valuelog-writev-queue
stable legacy/public capture	UNKNOWN STEP	2026-10-06T11:05:40.9335021Z  * [new branch]          sprint/slabopt-pr17-mode4-stream-bypass -> origin/sprint/slabopt-pr17-mode4-stream-bypass
stable legacy/public capture	UNKNOWN STEP	2026-10-06T11:05:40.9335432Z  * [new branch]          sprint/slabopt-pr18-deferred-flush-perf -> origin/sprint/slabopt-pr18-deferred-flush-perf
stable legacy/public capture	UNKNOWN STEP	2026-10-06T11:05:40.9335682Z  * [new branch]          sprint/slabopt-pr19-vlog-dict-bench -> origin/sprint/slabopt-pr19-vlog-dict-bench
stable legacy/public capture	UNKNOWN STEP	2026-10-06T11:05:40.9335860Z  * [new branch]          sprint/slabopt-pr2-dictdb -> origin/sprint/slabopt-pr2-dictdb
stable legacy/public capture	UNKNOWN STEP	2026-10-06T11:05:40.9336114Z  * [new branch]          sprint/slabopt-pr20-vlog-dict-metrics -> origin/sprint/slabopt-pr20-vlog-dict-metrics
stable legacy/public capture	UNKNOWN STEP	2026-10-06T11:05:40.9336399Z  * [new branch]          sprint/slabopt-pr21-vlog-dict-read-benches -> origin/sprint/slabopt-pr21-vlog-dict-read-benches
stable legacy/public capture	UNKNOWN STEP	2026-10-06T11:05:40.9336633Z  * [new branch]          sprint/slabopt-pr211-pager-hugepage -> origin/sprint/slabopt-pr211-pager-hugepage
stable legacy/public capture	UNKNOWN STEP	2026-10-06T11:05:40.9336909Z  * [new branch]          sprint/slabopt-pr212-checkpoint-prefetch -> origin/sprint/slabopt-pr212-checkpoint-prefetch
stable legacy/public capture	UNKNOWN STEP	2026-10-06T11:05:40.9337201Z  * [new branch]          sprint/slabopt-pr22-unifiedbench-dict-suite -> origin/sprint/slabopt-pr22-unifiedbench-dict-suite
stable legacy/public capture	UNKNOWN STEP	2026-10-06T11:05:40.9337671Z  * [new branch]          sprint/slabopt-pr23-vlog-dict-incompressible-overhead -> origin/sprint/slabopt-pr23-vlog-dict-incompressible-overhead
stable legacy/public capture	UNKNOWN STEP	2026-10-06T11:05:40.9337972Z  * [new branch]          sprint/slabopt-pr24-vlog-dict-skip-hotpath -> origin/sprint/slabopt-pr24-vlog-dict-skip-hotpath
stable legacy/public capture	UNKNOWN STEP	2026-10-06T11:05:40.9338332Z  * [new branch]          sprint/slabopt-pr25-vlog-dict-incompressible-sampling -> origin/sprint/slabopt-pr25-vlog-dict-incompressible-sampling
stable legacy/public capture	UNKNOWN STEP	2026-10-06T11:05:40.9338622Z  * [new branch]          sprint/slabopt-pr26-vlog-dict-k-selection -> origin/sprint/slabopt-pr26-vlog-dict-k-selection
stable legacy/public capture	UNKNOWN STEP	2026-10-06T11:05:40.9338957Z  * [new branch]          sprint/slabopt-pr27-vlog-dict-suite-measure-ratio -> origin/sprint/slabopt-pr27-vlog-dict-suite-measure-ratio
stable legacy/public capture	UNKNOWN STEP	2026-10-06T11:05:40.9339219Z  * [new branch]          sprint/slabopt-pr28-vlog-dict-noentropy -> origin/sprint/slabopt-pr28-vlog-dict-noentropy
stable legacy/public capture	UNKNOWN STEP	2026-10-06T11:05:40.9339516Z  * [new branch]          sprint/slabopt-pr29-vlog-dict-stream-encode -> origin/sprint/slabopt-pr29-vlog-dict-stream-encode
stable legacy/public capture	UNKNOWN STEP	2026-10-06T11:05:40.9339708Z  * [new branch]          sprint/slabopt-pr3-rid-join -> origin/sprint/slabopt-pr3-rid-join
stable legacy/public capture	UNKNOWN STEP	2026-10-06T11:05:40.9340017Z  * [new branch]          sprint/slabopt-pr30-vlog-dict-decode-fastpath -> origin/sprint/slabopt-pr30-vlog-dict-decode-fastpath
stable legacy/public capture	UNKNOWN STEP	2026-10-06T11:05:40.9340267Z  * [new branch]          sprint/slabopt-pr31-vlog-dict-maxk32 -> origin/sprint/slabopt-pr31-vlog-dict-maxk32
stable legacy/public capture	UNKNOWN STEP	2026-10-06T11:05:40.9340501Z  * [new branch]          sprint/slabopt-pr32-vlog-dict-probe -> origin/sprint/slabopt-pr32-vlog-dict-probe
stable legacy/public capture	UNKNOWN STEP	2026-10-06T11:05:40.9340777Z  * [new branch]          sprint/slabopt-pr33-vlog-dict-k-selection -> origin/sprint/slabopt-pr33-vlog-dict-k-selection
stable legacy/public capture	UNKNOWN STEP	2026-10-06T11:05:40.9341026Z  * [new branch]          sprint/slabopt-pr35-vlog-dict-ci-gate -> origin/sprint/slabopt-pr35-vlog-dict-ci-gate
stable legacy/public capture	UNKNOWN STEP	2026-10-06T11:05:40.9341291Z  * [new branch]          sprint/slabopt-pr36-vlog-dict-realdata -> origin/sprint/slabopt-pr36-vlog-dict-realdata
stable legacy/public capture	UNKNOWN STEP	2026-10-06T11:05:40.9341657Z  * [new branch]          sprint/slabopt-pr37-commitlog-compress -> origin/sprint/slabopt-pr37-commitlog-compress
stable legacy/public capture	UNKNOWN STEP	2026-10-06T11:05:40.9341920Z  * [new branch]          sprint/slabopt-pr38-vlog-dict-zero-copy -> origin/sprint/slabopt-pr38-vlog-dict-zero-copy
stable legacy/public capture	UNKNOWN STEP	2026-10-06T11:05:40.9342231Z  * [new branch]          sprint/slabopt-pr39-compression-copy-branch1 -> origin/sprint/slabopt-pr39-compression-copy-branch1
stable legacy/public capture	UNKNOWN STEP	2026-10-06T11:05:40.9342450Z  * [new branch]          sprint/slabopt-pr4-dict-dynamick -> origin/sprint/slabopt-pr4-dict-dynamick
stable legacy/public capture	UNKNOWN STEP	2026-10-06T11:05:40.9342730Z  * [new branch]          sprint/slabopt-pr40-vlog-writer-appendbuf -> origin/sprint/slabopt-pr40-vlog-writer-appendbuf
stable legacy/public capture	UNKNOWN STEP	2026-10-06T11:05:40.9343006Z  * [new branch]          sprint/slabopt-pr41-commitlog-copy-reduce -> origin/sprint/slabopt-pr41-commitlog-copy-reduce
stable legacy/public capture	UNKNOWN STEP	2026-10-06T11:05:40.9343273Z  * [new branch]          sprint/slabopt-pr42-bump-compress-7ad4519 -> origin/sprint/slabopt-pr42-bump-compress-7ad4519
stable legacy/public capture	UNKNOWN STEP	2026-10-06T11:05:40.9343554Z  * [new branch]          sprint/slabopt-pr43-vlog-writer-stream-k -> origin/sprint/slabopt-pr43-vlog-writer-stream-k
stable legacy/public capture	UNKNOWN STEP	2026-10-06T11:05:40.9343802Z  * [new branch]          sprint/slabopt-pr45-largeptrmap-mutex -> origin/sprint/slabopt-pr45-largeptrmap-mutex
stable legacy/public capture	UNKNOWN STEP	2026-10-06T11:05:40.9344054Z  * [new branch]          sprint/slabopt-pr46-vlog-dict-autotune -> origin/sprint/slabopt-pr46-vlog-dict-autotune
stable legacy/public capture	UNKNOWN STEP	2026-10-06T11:05:40.9344290Z  * [new branch]          sprint/slabopt-pr5-parallel-lanes -> origin/sprint/slabopt-pr5-parallel-lanes
stable legacy/public capture	UNKNOWN STEP	2026-10-06T11:05:40.9344536Z  * [new branch]          sprint/slabopt-pr6-recovery-hardening -> origin/sprint/slabopt-pr6-recovery-hardening
stable legacy/public capture	UNKNOWN STEP	2026-10-06T11:05:40.9344748Z  * [new branch]          sprint/slabopt-pr7-index-flags -> origin/sprint/slabopt-pr7-index-flags
stable legacy/public capture	UNKNOWN STEP	2026-10-06T11:05:40.9344966Z  * [new branch]          sprint/slabopt-pr8-regression-rc -> origin/sprint/slabopt-pr8-regression-rc
stable legacy/public capture	UNKNOWN STEP	2026-10-06T11:05:40.9345195Z  * [new branch]          sprint/slabopt-pr9-perf-followups -> origin/sprint/slabopt-pr9-perf-followups
stable legacy/public capture	UNKNOWN STEP	2026-10-06T11:05:40.9345706Z  * [new branch]          tdd/issue-583-vlog-bit23-roundtrip -> origin/tdd/issue-583-vlog-bit23-roundtrip
stable legacy/public capture	UNKNOWN STEP	2026-10-06T11:05:40.9345874Z  * [new branch]          test-bloat-regression   -> origin/test-bloat-regression
stable legacy/public capture	UNKNOWN STEP	2026-10-06T11:05:40.9346015Z  * [new branch]          test-mongo              -> origin/test-mongo
stable legacy/public capture	UNKNOWN STEP	2026-10-06T11:05:40.9346221Z  * [new branch]          test/bench-vacuum-post-rewrite -> origin/test/bench-vacuum-post-rewrite
stable legacy/public capture	UNKNOWN STEP	2026-10-06T11:05:40.9346444Z  * [new branch]          test/closed-db-method-regression -> origin/test/closed-db-method-regression
stable legacy/public capture	UNKNOWN STEP	2026-10-06T11:05:40.9346737Z  * [new branch]          test/collection-aware-online-value-rewrite -> origin/test/collection-aware-online-value-rewrite
stable legacy/public capture	UNKNOWN STEP	2026-10-06T11:05:40.9347012Z  * [new branch]          test/collection-aware-online-vlog-rewrite -> origin/test/collection-aware-online-vlog-rewrite
stable legacy/public capture	UNKNOWN STEP	2026-10-06T11:05:40.9347284Z  * [new branch]          test/collection-aware-vlog-maintenance -> origin/test/collection-aware-vlog-maintenance
stable legacy/public capture	UNKNOWN STEP	2026-10-06T11:05:40.9347513Z  * [new branch]          test/collection-aware-vlog-rewrite -> origin/test/collection-aware-vlog-rewrite
stable legacy/public capture	UNKNOWN STEP	2026-10-06T11:05:40.9347759Z  * [new branch]          test/collection-bench-matrix-runner -> origin/test/collection-bench-matrix-runner
stable legacy/public capture	UNKNOWN STEP	2026-10-06T11:05:40.9348011Z  * [new branch]          test/collection-leafpack-compression -> origin/test/collection-leafpack-compression
stable legacy/public capture	UNKNOWN STEP	2026-10-06T11:05:40.9348261Z  * [new branch]          test/collection-maintenance-api-smoke -> origin/test/collection-maintenance-api-smoke
stable legacy/public capture	UNKNOWN STEP	2026-10-06T11:05:40.9348469Z  * [new branch]          test/collection-vacuum-safety -> origin/test/collection-vacuum-safety
stable legacy/public capture	UNKNOWN STEP	2026-10-06T11:05:40.9348689Z  * [new branch]          test/collection-vlog-gc-api-smoke -> origin/test/collection-vlog-gc-api-smoke
stable legacy/public capture	UNKNOWN STEP	2026-10-06T11:05:40.9348939Z  * [new branch]          test/collections-canonical-benchmark -> origin/test/collections-canonical-benchmark
stable legacy/public capture	UNKNOWN STEP	2026-10-06T11:05:40.9349311Z  * [new branch]          test/iterator-snapshot-pinned-view-doc -> origin/test/iterator-snapshot-pinned-view-doc
stable legacy/public capture	UNKNOWN STEP	2026-10-06T11:05:40.9349597Z  * [new branch]          test/prefer-append-alloc-disk-regression -> origin/test/prefer-append-alloc-disk-regression
stable legacy/public capture	UNKNOWN STEP	2026-10-06T11:05:40.9349765Z  * [new branch]          test/typed-child-refs   -> origin/test/typed-child-refs
stable legacy/public capture	UNKNOWN STEP	2026-10-06T11:05:40.9349930Z  * [new branch]          track1/pr-a-guardrails  -> origin/track1/pr-a-guardrails
stable legacy/public capture	UNKNOWN STEP	2026-10-06T11:05:40.9350134Z  * [new branch]          track1/pr-b-rewrite-fenceptr -> origin/track1/pr-b-rewrite-fenceptr
stable legacy/public capture	UNKNOWN STEP	2026-10-06T11:05:40.9350318Z  * [new branch]          track1/pr-c-bounded-lookup -> origin/track1/pr-c-bounded-lookup
stable legacy/public capture	UNKNOWN STEP	2026-10-06T11:05:40.9350518Z  * [new branch]          track1/pr-c-bounded-lookup-r2 -> origin/track1/pr-c-bounded-lookup-r2
stable legacy/public capture	UNKNOWN STEP	2026-10-06T11:05:40.9350750Z  * [new branch]          track1/pr-d-api-coherence-hotpath -> origin/track1/pr-d-api-coherence-hotpath
stable legacy/public capture	UNKNOWN STEP	2026-10-06T11:05:40.9351074Z  * [new branch]          track1/pr-d-followup-getentry-error-propagation -> origin/track1/pr-d-followup-getentry-error-propagation
stable legacy/public capture	UNKNOWN STEP	2026-10-06T11:05:40.9351255Z  * [new branch]          treedb-alloc-contention -> origin/treedb-alloc-contention
stable legacy/public capture	UNKNOWN STEP	2026-10-06T11:05:40.9351479Z  * [new branch]          treedb-auto-checkpoint-defaults -> origin/treedb-auto-checkpoint-defaults
stable legacy/public capture	UNKNOWN STEP	2026-10-06T11:05:40.9351679Z  * [new branch]          treedb-default-chunk-size-16m -> origin/treedb-default-chunk-size-16m
stable legacy/public capture	UNKNOWN STEP	2026-10-06T11:05:40.9351901Z  * [new branch]          treedb-exhaustive-compact-2290 -> origin/treedb-exhaustive-compact-2290
stable legacy/public capture	UNKNOWN STEP	2026-10-06T11:05:40.9352087Z  * [new branch]          treedb-native-insert-rlock -> origin/treedb-native-insert-rlock
stable legacy/public capture	UNKNOWN STEP	2026-10-06T11:05:40.9352259Z  * [new branch]          treedb-open-close-bench -> origin/treedb-open-close-bench
stable legacy/public capture	UNKNOWN STEP	2026-10-06T11:05:40.9352463Z  * [new branch]          treedb-parallel-flush-build -> origin/treedb-parallel-flush-build
stable legacy/public capture	UNKNOWN STEP	2026-10-06T11:05:40.9352632Z  * [new branch]          treedb-slab-write-opt   -> origin/treedb-slab-write-opt
stable legacy/public capture	UNKNOWN STEP	2026-10-06T11:05:40.9352874Z  * [new branch]          treedb-tracing-capture  -> origin/treedb-tracing-capture
stable legacy/public capture	UNKNOWN STEP	2026-10-06T11:05:40.9353045Z  * [new branch]          treedb-unified-recovery -> origin/treedb-unified-recovery
stable legacy/public capture	UNKNOWN STEP	2026-10-06T11:05:40.9353217Z  * [new branch]          treedb-vacuum-gen-swap  -> origin/treedb-vacuum-gen-swap
stable legacy/public capture	UNKNOWN STEP	2026-10-06T11:05:40.9353377Z  * [new branch]          treemap-readonly-open   -> origin/treemap-readonly-open
stable legacy/public capture	UNKNOWN STEP	2026-10-06T11:05:40.9353630Z  * [new branch]          unified-bench-vacuum-between-tests -> origin/unified-bench-vacuum-between-tests
stable legacy/public capture	UNKNOWN STEP	2026-10-06T11:05:40.9353788Z  * [new branch]          vector-ef-answer        -> origin/vector-ef-answer
stable legacy/public capture	UNKNOWN STEP	2026-10-06T11:05:40.9353926Z  * [new branch]          wal-value-log           -> origin/wal-value-log
stable legacy/public capture	UNKNOWN STEP	2026-10-06T11:05:40.9354100Z  * [new branch]          zipper-sync-maintenance -> origin/zipper-sync-maintenance
stable legacy/public capture	UNKNOWN STEP	2026-10-06T11:05:40.9354210Z  * [new tag]             0.3.1                   -> 0.3.1
stable legacy/public capture	UNKNOWN STEP	2026-10-06T11:05:40.9354467Z  * [new tag]             main-pre-safe-candidate-20260116-154607 -> main-pre-safe-candidate-20260116-154607
stable legacy/public capture	UNKNOWN STEP	2026-10-06T11:05:40.9354670Z  * [new tag]             treedb-power-loss-cert-02c527b8 -> treedb-power-loss-cert-02c527b8
stable legacy/public capture	UNKNOWN STEP	2026-10-06T11:05:40.9354853Z  * [new tag]             treedb-power-loss-cert-092f41cc -> treedb-power-loss-cert-092f41cc
stable legacy/public capture	UNKNOWN STEP	2026-10-06T11:05:40.9355056Z  * [new tag]             treedb-power-loss-cert-121462d80 -> treedb-power-loss-cert-121462d80
stable legacy/public capture	UNKNOWN STEP	2026-10-06T11:05:40.9355365Z  * [new tag]             treedb-power-loss-cert-25db6252 -> treedb-power-loss-cert-25db6252
stable legacy/public capture	UNKNOWN STEP	2026-10-06T11:05:40.9355672Z  * [new tag]             treedb-power-loss-cert-29b1ab1ad -> treedb-power-loss-cert-29b1ab1ad
stable legacy/public capture	UNKNOWN STEP	2026-10-06T11:05:40.9355946Z  * [new tag]             treedb-power-loss-cert-84e3f665 -> treedb-power-loss-cert-84e3f665
stable legacy/public capture	UNKNOWN STEP	2026-10-06T11:05:40.9356394Z  * [new tag]             treedb-quicksilver-4888-evidence-b215d8bb-20261002 -> treedb-quicksilver-4888-evidence-b215d8bb-20261002
stable legacy/public capture	UNKNOWN STEP	2026-10-06T11:05:40.9356621Z  * [new tag]             v0.1.0                  -> v0.1.0
stable legacy/public capture	UNKNOWN STEP	2026-10-06T11:05:40.9356720Z  * [new tag]             v0.2.0                  -> v0.2.0
stable legacy/public capture	UNKNOWN STEP	2026-10-06T11:05:40.9356832Z  * [new tag]             v0.3.0                  -> v0.3.0
stable legacy/public capture	UNKNOWN STEP	2026-10-06T11:05:40.9356937Z  * [new tag]             v0.4.0                  -> v0.4.0
stable legacy/public capture	UNKNOWN STEP	2026-10-06T11:05:40.9357034Z  * [new tag]             v0.5.0                  -> v0.5.0
stable legacy/public capture	UNKNOWN STEP	2026-10-06T11:05:40.9357137Z  * [new tag]             v0.6.0                  -> v0.6.0
stable legacy/public capture	UNKNOWN STEP	2026-10-06T11:05:40.9357235Z  * [new tag]             v0.6.1                  -> v0.6.1
stable legacy/public capture	UNKNOWN STEP	2026-10-06T11:05:40.9358358Z [command]/usr/bin/git rev-parse --verify --quiet 3182e15dfe1aa11120db9d309ad0d590283398d6^{object}
stable legacy/public capture	UNKNOWN STEP	2026-10-06T11:05:40.9358470Z 3182e15dfe1aa11120db9d309ad0d590283398d6
stable legacy/public capture	UNKNOWN STEP	2026-10-06T11:05:40.9358943Z ##[endgroup]
stable legacy/public capture	UNKNOWN STEP	2026-10-06T11:05:40.9359154Z ##[group]Determining the checkout info
stable legacy/public capture	UNKNOWN STEP	2026-10-06T11:05:40.9359343Z ##[endgroup]
stable legacy/public capture	UNKNOWN STEP	2026-10-06T11:05:40.9359457Z [command]/usr/bin/git sparse-checkout disable
stable legacy/public capture	UNKNOWN STEP	2026-10-06T11:05:40.9359860Z [command]/usr/bin/git config --local --unset-all extensions.worktreeConfig
stable legacy/public capture	UNKNOWN STEP	2026-10-06T11:05:40.9360339Z ##[group]Checking out the ref
stable legacy/public capture	UNKNOWN STEP	2026-10-06T11:05:40.9360556Z [command]/usr/bin/git checkout --progress --force 3182e15dfe1aa11120db9d309ad0d590283398d6
stable legacy/public capture	UNKNOWN STEP	2026-10-06T11:05:41.9039061Z Updating files:  64% (4191/6494)
stable legacy/public capture	UNKNOWN STEP	2026-10-06T11:05:41.9106296Z Updating files:  65% (4222/6494)
stable legacy/public capture	UNKNOWN STEP	2026-10-06T11:05:41.9158860Z Updating files:  66% (4287/6494)
stable legacy/public capture	UNKNOWN STEP	2026-10-06T11:05:41.9216024Z Updating files:  67% (4351/6494)
stable legacy/public capture	UNKNOWN STEP	2026-10-06T11:05:41.9270199Z Updating files:  68% (4416/6494)
stable legacy/public capture	UNKNOWN STEP	2026-10-06T11:05:41.9355916Z Updating files:  69% (4481/6494)
stable legacy/public capture	UNKNOWN STEP	2026-10-06T11:05:41.9416051Z Updating files:  70% (4546/6494)
stable legacy/public capture	UNKNOWN STEP	2026-10-06T11:05:41.9459780Z Updating files:  71% (4611/6494)
stable legacy/public capture	UNKNOWN STEP	2026-10-06T11:05:41.9512146Z Updating files:  72% (4676/6494)
stable legacy/public capture	UNKNOWN STEP	2026-10-06T11:05:41.9575111Z Updating files:  73% (4741/6494)
stable legacy/public capture	UNKNOWN STEP	2026-10-06T11:05:41.9598005Z Updating files:  74% (4806/6494)
stable legacy/public capture	UNKNOWN STEP	2026-10-06T11:05:41.9626036Z Updating files:  75% (4871/6494)
stable legacy/public capture	UNKNOWN STEP	2026-10-06T11:05:41.9665194Z Updating files:  76% (4936/6494)
stable legacy/public capture	UNKNOWN STEP	2026-10-06T11:05:41.9682502Z Updating files:  77% (5001/6494)
stable legacy/public capture	UNKNOWN STEP	2026-10-06T11:05:41.9700053Z Updating files:  78% (5066/6494)
stable legacy/public capture	UNKNOWN STEP	2026-10-06T11:05:41.9718405Z Updating files:  79% (5131/6494)
stable legacy/public capture	UNKNOWN STEP	2026-10-06T11:05:41.9743840Z Updating files:  80% (5196/6494)
stable legacy/public capture	UNKNOWN STEP	2026-10-06T11:05:41.9761751Z Updating files:  81% (5261/6494)
stable legacy/public capture	UNKNOWN STEP	2026-10-06T11:05:41.9785111Z Updating files:  82% (5326/6494)
stable legacy/public capture	UNKNOWN STEP	2026-10-06T11:05:41.9864747Z Updating files:  83% (5391/6494)
stable legacy/public capture	UNKNOWN STEP	2026-10-06T11:05:41.9991402Z Updating files:  84% (5455/6494)
stable legacy/public capture	UNKNOWN STEP	2026-10-06T11:05:42.0066686Z Updating files:  85% (5520/6494)
stable legacy/public capture	UNKNOWN STEP	2026-10-06T11:05:42.0139287Z Updating files:  86% (5585/6494)
stable legacy/public capture	UNKNOWN STEP	2026-10-06T11:05:42.0174544Z Updating files:  87% (5650/6494)
stable legacy/public capture	UNKNOWN STEP	2026-10-06T11:05:42.0292304Z Updating files:  88% (5715/6494)
stable legacy/public capture	UNKNOWN STEP	2026-10-06T11:05:42.0397522Z Updating files:  89% (5780/6494)
stable legacy/public capture	UNKNOWN STEP	2026-10-06T11:05:42.0494803Z Updating files:  90% (5845/6494)
stable legacy/public capture	UNKNOWN STEP	2026-10-06T11:05:42.0548968Z Updating files:  91% (5910/6494)
stable legacy/public capture	UNKNOWN STEP	2026-10-06T11:05:42.0588623Z Updating files:  92% (5975/6494)
stable legacy/public capture	UNKNOWN STEP	2026-10-06T11:05:42.0694706Z Updating files:  93% (6040/6494)
stable legacy/public capture	UNKNOWN STEP	2026-10-06T11:05:42.0789416Z Updating files:  94% (6105/6494)
stable legacy/public capture	UNKNOWN STEP	2026-10-06T11:05:42.0848467Z Updating files:  95% (6170/6494)
stable legacy/public capture	UNKNOWN STEP	2026-10-06T11:05:42.0881850Z Updating files:  96% (6235/6494)
stable legacy/public capture	UNKNOWN STEP	2026-10-06T11:05:42.0923748Z Updating files:  97% (6300/6494)
stable legacy/public capture	UNKNOWN STEP	2026-10-06T11:05:42.0990354Z Updating files:  98% (6365/6494)
stable legacy/public capture	UNKNOWN STEP	2026-10-06T11:05:42.1029238Z Updating files:  99% (6430/6494)
stable legacy/public capture	UNKNOWN STEP	2026-10-06T11:05:42.1029562Z Updating files: 100% (6494/6494)
stable legacy/public capture	UNKNOWN STEP	2026-10-06T11:05:42.1029778Z Updating files: 100% (6494/6494), done.
stable legacy/public capture	UNKNOWN STEP	2026-10-06T11:05:42.1100473Z Note: switching to '3182e15dfe1aa11120db9d309ad0d590283398d6'.
stable legacy/public capture	UNKNOWN STEP	2026-10-06T11:05:42.1100816Z 
stable legacy/public capture	UNKNOWN STEP	2026-10-06T11:05:42.1101072Z You are in 'detached HEAD' state. You can look around, make experimental
stable legacy/public capture	UNKNOWN STEP	2026-10-06T11:05:42.1101560Z changes and commit them, and you can discard any commits you make in this
stable legacy/public capture	UNKNOWN STEP	2026-10-06T11:05:42.1102196Z state without impacting any branches by switching back to a branch.
stable legacy/public capture	UNKNOWN STEP	2026-10-06T11:05:42.1102412Z 
stable legacy/public capture	UNKNOWN STEP	2026-10-06T11:05:42.1102573Z If you want to create a new branch to retain commits you create, you may
stable legacy/public capture	UNKNOWN STEP	2026-10-06T11:05:42.1102913Z do so (now or later) by using -c with the switch command. Example:
stable legacy/public capture	UNKNOWN STEP	2026-10-06T11:05:42.1103113Z 
stable legacy/public capture	UNKNOWN STEP	2026-10-06T11:05:42.1103199Z   git switch -c <new-branch-name>
stable legacy/public capture	UNKNOWN STEP	2026-10-06T11:05:42.1103340Z 
stable legacy/public capture	UNKNOWN STEP	2026-10-06T11:05:42.1103442Z Or undo this operation with:
stable legacy/public capture	UNKNOWN STEP	2026-10-06T11:05:42.1103566Z 
stable legacy/public capture	UNKNOWN STEP	2026-10-06T11:05:42.1103642Z   git switch -
stable legacy/public capture	UNKNOWN STEP	2026-10-06T11:05:42.1103739Z 
stable legacy/public capture	UNKNOWN STEP	2026-10-06T11:05:42.1103913Z Turn off this advice by setting config variable advice.detachedHead to false
stable legacy/public capture	UNKNOWN STEP	2026-10-06T11:05:42.1104147Z 
stable legacy/public capture	UNKNOWN STEP	2026-10-06T11:05:42.1104331Z HEAD is now at 3182e15df Document transient link-validation descriptors in revision GC
stable legacy/public capture	UNKNOWN STEP	2026-10-06T11:05:42.1148374Z ##[endgroup]
stable legacy/public capture	UNKNOWN STEP	2026-10-06T11:05:42.1186821Z [command]/usr/bin/git log -1 --format=%H
stable legacy/public capture	UNKNOWN STEP	2026-10-06T11:05:42.1207686Z 3182e15dfe1aa11120db9d309ad0d590283398d6
stable legacy/public capture	UNKNOWN STEP	2026-10-06T11:05:42.1221278Z ##[group]Removing auth
stable legacy/public capture	UNKNOWN STEP	2026-10-06T11:05:42.1228137Z [command]/usr/bin/git config --local --name-only --get-regexp core\.sshCommand
stable legacy/public capture	UNKNOWN STEP	2026-10-06T11:05:42.1247540Z [command]/usr/bin/git submodule foreach --recursive sh -c "git config --local --name-only --get-regexp 'core\.sshCommand' && git config --local --unset-all 'core.sshCommand' || :"
stable legacy/public capture	UNKNOWN STEP	2026-10-06T11:05:42.1436861Z [command]/usr/bin/git config --local --name-only --get-regexp http\.https\:\/\/github\.com\/\.extraheader
stable legacy/public capture	UNKNOWN STEP	2026-10-06T11:05:42.1457943Z http.https://github.com/.extraheader
stable legacy/public capture	UNKNOWN STEP	2026-10-06T11:05:42.1463852Z [command]/usr/bin/git config --local --unset-all http.https://github.com/.extraheader
stable legacy/public capture	UNKNOWN STEP	2026-10-06T11:05:42.1493496Z [command]/usr/bin/git submodule foreach --recursive sh -c "git config --local --name-only --get-regexp 'http\.https\:\/\/github\.com\/\.extraheader' && git config --local --unset-all 'http.https://github.com/.extraheader' || :"
stable legacy/public capture	UNKNOWN STEP	2026-10-06T11:05:42.1691838Z [command]/usr/bin/git config --local --name-only --get-regexp ^includeIf\.gitdir:
stable legacy/public capture	UNKNOWN STEP	2026-10-06T11:05:42.1717611Z [command]/usr/bin/git submodule foreach --recursive git config --local --show-origin --name-only --get-regexp remote.origin.url
stable legacy/public capture	UNKNOWN STEP	2026-10-06T11:05:42.1908217Z ##[endgroup]
stable legacy/public capture	UNKNOWN STEP	2026-10-06T11:05:42.2105762Z ##[group]Run actions/setup-go@40f1582b2485089dde7abd97c1529aa768e1baff
stable legacy/public capture	UNKNOWN STEP	2026-10-06T11:05:42.2106109Z with:
stable legacy/public capture	UNKNOWN STEP	2026-10-06T11:05:42.2106283Z   go-version-file: go.mod
stable legacy/public capture	UNKNOWN STEP	2026-10-06T11:05:42.2106471Z   cache: true
stable legacy/public capture	UNKNOWN STEP	2026-10-06T11:05:42.2106638Z   check-latest: false
stable legacy/public capture	UNKNOWN STEP	2026-10-06T11:05:42.2108533Z   token: ***
stable legacy/public capture	UNKNOWN STEP	2026-10-06T11:05:42.2108719Z ##[endgroup]
stable legacy/public capture	UNKNOWN STEP	2026-10-06T11:05:42.3137978Z Setup go version spec 1.26
stable legacy/public capture	UNKNOWN STEP	2026-10-06T11:05:42.3172890Z Found in cache @ /opt/hostedtoolcache/go/1.26.8/x64
stable legacy/public capture	UNKNOWN STEP	2026-10-06T11:05:42.3174652Z (node:2210) [DEP0040] DeprecationWarning: The `punycode` module is deprecated. Please use a userland alternative instead.
stable legacy/public capture	UNKNOWN STEP	2026-10-06T11:05:42.3175683Z (Use `node --trace-deprecation ...` to show where the warning was created)
stable legacy/public capture	UNKNOWN STEP	2026-10-06T11:05:42.3177999Z Added go to the path
stable legacy/public capture	UNKNOWN STEP	2026-10-06T11:05:42.3180904Z Successfully set up Go version 1.26
stable legacy/public capture	UNKNOWN STEP	2026-10-06T11:05:42.3765483Z [command]/opt/hostedtoolcache/go/1.26.8/x64/bin/go env GOMODCACHE
stable legacy/public capture	UNKNOWN STEP	2026-10-06T11:05:42.3790265Z [command]/opt/hostedtoolcache/go/1.26.8/x64/bin/go env GOCACHE
stable legacy/public capture	UNKNOWN STEP	2026-10-06T11:05:42.3834431Z /home/runner/go/pkg/mod
stable legacy/public capture	UNKNOWN STEP	2026-10-06T11:05:42.3842700Z /home/runner/.cache/go-build
stable legacy/public capture	UNKNOWN STEP	2026-10-06T11:05:42.5962916Z Cache hit for: setup-go-Linux-x64-ubuntu24-go-1.26.8-7b9e94b8dd019c80c6c0662c5e0493ff54fef7fdeaf7bcf37ea225227de4b646
stable legacy/public capture	UNKNOWN STEP	2026-10-06T11:05:42.6036788Z (node:2210) [DEP0169] DeprecationWarning: `url.parse()` behavior is not standardized and prone to errors that have security implications. Use the WHATWG URL API instead. CVEs are not issued for `url.parse()` vulnerabilities.
stable legacy/public capture	UNKNOWN STEP	2026-10-06T11:05:42.8852510Z Received 7674 of 7674 (100.0%), 0.1 MBs/sec
stable legacy/public capture	UNKNOWN STEP	2026-10-06T11:05:42.8852972Z Cache Size: ~0 MB (7674 B)
stable legacy/public capture	UNKNOWN STEP	2026-10-06T11:05:42.8870540Z [command]/usr/bin/tar -xf /home/runner/work/_temp/573fa186-4a0d-49d2-ac5f-dc9ce230b366/cache.tzst -P -C /home/runner/work/gomap/gomap --use-compress-program unzstd
stable legacy/public capture	UNKNOWN STEP	2026-10-06T11:05:42.9010682Z Cache restored successfully
stable legacy/public capture	UNKNOWN STEP	2026-10-06T11:05:42.9015509Z Cache restored from key: setup-go-Linux-x64-ubuntu24-go-1.26.8-7b9e94b8dd019c80c6c0662c5e0493ff54fef7fdeaf7bcf37ea225227de4b646
stable legacy/public capture	UNKNOWN STEP	2026-10-06T11:05:42.9036716Z go version go1.26.8 linux/amd64
stable legacy/public capture	UNKNOWN STEP	2026-10-06T11:05:42.9036957Z 
stable legacy/public capture	UNKNOWN STEP	2026-10-06T11:05:42.9037320Z ##[group]go env
stable legacy/public capture	UNKNOWN STEP	2026-10-06T11:05:42.9271004Z AR='ar'
stable legacy/public capture	UNKNOWN STEP	2026-10-06T11:05:42.9271264Z CC='gcc'
stable legacy/public capture	UNKNOWN STEP	2026-10-06T11:05:42.9271514Z CGO_CFLAGS='-O2 -g'
stable legacy/public capture	UNKNOWN STEP	2026-10-06T11:05:42.9271807Z CGO_CPPFLAGS=''
stable legacy/public capture	UNKNOWN STEP	2026-10-06T11:05:42.9272077Z CGO_CXXFLAGS='-O2 -g'
stable legacy/public capture	UNKNOWN STEP	2026-10-06T11:05:42.9272357Z CGO_ENABLED='1'
stable legacy/public capture	UNKNOWN STEP	2026-10-06T11:05:42.9272623Z CGO_FFLAGS='-O2 -g'
stable legacy/public capture	UNKNOWN STEP	2026-10-06T11:05:42.9272896Z CGO_LDFLAGS='-O2 -g'
stable legacy/public capture	UNKNOWN STEP	2026-10-06T11:05:42.9273163Z CXX='g++'
stable legacy/public capture	UNKNOWN STEP	2026-10-06T11:05:42.9273404Z GCCGO='gccgo'
stable legacy/public capture	UNKNOWN STEP	2026-10-06T11:05:42.9273652Z GO111MODULE=''
stable legacy/public capture	UNKNOWN STEP	2026-10-06T11:05:42.9273939Z GOAMD64='v1'
stable legacy/public capture	UNKNOWN STEP	2026-10-06T11:05:42.9274217Z GOARCH='amd64'
stable legacy/public capture	UNKNOWN STEP	2026-10-06T11:05:42.9274445Z GOAUTH='netrc'
stable legacy/public capture	UNKNOWN STEP	2026-10-06T11:05:42.9274606Z GOBIN=''
stable legacy/public capture	UNKNOWN STEP	2026-10-06T11:05:42.9274791Z GOCACHE='/home/runner/.cache/go-build'
stable legacy/public capture	UNKNOWN STEP	2026-10-06T11:05:42.9275038Z GOCACHEPROG=''
stable legacy/public capture	UNKNOWN STEP	2026-10-06T11:05:42.9275214Z GODEBUG=''
stable legacy/public capture	UNKNOWN STEP	2026-10-06T11:05:42.9275579Z GOENV='/home/runner/.config/go/env'
stable legacy/public capture	UNKNOWN STEP	2026-10-06T11:05:42.9275797Z GOEXE=''
stable legacy/public capture	UNKNOWN STEP	2026-10-06T11:05:42.9275958Z GOEXPERIMENT=''
stable legacy/public capture	UNKNOWN STEP	2026-10-06T11:05:42.9276139Z GOFIPS140='off'
stable legacy/public capture	UNKNOWN STEP	2026-10-06T11:05:42.9276301Z GOFLAGS=''
stable legacy/public capture	UNKNOWN STEP	2026-10-06T11:05:42.9276824Z GOGCCFLAGS='-fPIC -m64 -pthread -Wl,--no-gc-sections -fmessage-length=0 -ffile-prefix-map=/tmp/go-build2058888753=/tmp/go-build -gno-record-gcc-switches'
stable legacy/public capture	UNKNOWN STEP	2026-10-06T11:05:42.9277360Z GOHOSTARCH='amd64'
stable legacy/public capture	UNKNOWN STEP	2026-10-06T11:05:42.9277555Z GOHOSTOS='linux'
stable legacy/public capture	UNKNOWN STEP	2026-10-06T11:05:42.9277728Z GOINSECURE=''
stable legacy/public capture	UNKNOWN STEP	2026-10-06T11:05:42.9277925Z GOMOD='/home/runner/work/gomap/gomap/go.mod'
stable legacy/public capture	UNKNOWN STEP	2026-10-06T11:05:42.9278181Z GOMODCACHE='/home/runner/go/pkg/mod'
stable legacy/public capture	UNKNOWN STEP	2026-10-06T11:05:42.9278427Z GONOPROXY=''
stable legacy/public capture	UNKNOWN STEP	2026-10-06T11:05:42.9278599Z GONOSUMDB=''
stable legacy/public capture	UNKNOWN STEP	2026-10-06T11:05:42.9278755Z GOOS='linux'
stable legacy/public capture	UNKNOWN STEP	2026-10-06T11:05:42.9278925Z GOPATH='/home/runner/go'
stable legacy/public capture	UNKNOWN STEP	2026-10-06T11:05:42.9279117Z GOPRIVATE=''
stable legacy/public capture	UNKNOWN STEP	2026-10-06T11:05:42.9279332Z GOPROXY='https://proxy.golang.org,direct'
stable legacy/public capture	UNKNOWN STEP	2026-10-06T11:05:42.9279851Z GOROOT='/opt/hostedtoolcache/go/1.26.8/x64'
stable legacy/public capture	UNKNOWN STEP	2026-10-06T11:05:42.9280137Z GOSUMDB='sum.golang.org'
stable legacy/public capture	UNKNOWN STEP	2026-10-06T11:05:42.9290223Z GOTELEMETRY='local'
stable legacy/public capture	UNKNOWN STEP	2026-10-06T11:05:42.9290547Z GOTELEMETRYDIR='/home/runner/.config/go/telemetry'
stable legacy/public capture	UNKNOWN STEP	2026-10-06T11:05:42.9290830Z GOTMPDIR=''
stable legacy/public capture	UNKNOWN STEP	2026-10-06T11:05:42.9291026Z GOTOOLCHAIN='auto'
stable legacy/public capture	UNKNOWN STEP	2026-10-06T11:05:42.9291323Z GOTOOLDIR='/opt/hostedtoolcache/go/1.26.8/x64/pkg/tool/linux_amd64'
stable legacy/public capture	UNKNOWN STEP	2026-10-06T11:05:42.9291677Z GOVCS=''
stable legacy/public capture	UNKNOWN STEP	2026-10-06T11:05:42.9291891Z GOVERSION='go1.26.8'
stable legacy/public capture	UNKNOWN STEP	2026-10-06T11:05:42.9292133Z GOWORK=''
stable legacy/public capture	UNKNOWN STEP	2026-10-06T11:05:42.9292356Z PKG_CONFIG='pkg-config'
stable legacy/public capture	UNKNOWN STEP	2026-10-06T11:05:42.9292522Z 
stable legacy/public capture	UNKNOWN STEP	2026-10-06T11:05:42.9292860Z ##[endgroup]
stable legacy/public capture	UNKNOWN STEP	2026-10-06T11:05:42.9391224Z ##[group]Run RUN_DIR="$RUNNER_TEMP/treedb-vacuum-m0" scripts/treedb_vacuum_m0_capture.sh
stable legacy/public capture	UNKNOWN STEP	2026-10-06T11:05:42.9391800Z ^[[36;1mRUN_DIR="$RUNNER_TEMP/treedb-vacuum-m0" scripts/treedb_vacuum_m0_capture.sh^[[0m
stable legacy/public capture	UNKNOWN STEP	2026-10-06T11:05:42.9613372Z shell: /usr/bin/bash -e {0}
stable legacy/public capture	UNKNOWN STEP	2026-10-06T11:05:42.9613623Z ##[endgroup]
stable legacy/public capture	UNKNOWN STEP	2026-10-06T11:05:43.1596209Z go: downloading github.com/snissn/compress v1.18.2-snissn.0.0.20260506201017-87fb149e4721
stable legacy/public capture	UNKNOWN STEP	2026-10-06T11:05:45.8601583Z go: downloading github.com/pierrec/lz4/v4 v4.1.22
stable legacy/public capture	UNKNOWN STEP	2026-10-06T11:05:45.9196476Z go: downloading go.uber.org/goleak v1.3.0
stable legacy/public capture	UNKNOWN STEP	2026-10-06T11:05:46.5715546Z go: downloading golang.org/x/sys v0.41.0
stable legacy/public capture	UNKNOWN STEP	2026-10-06T11:05:46.8201853Z go: downloading github.com/cespare/xxhash/v2 v2.3.0
stable legacy/public capture	UNKNOWN STEP	2026-10-06T11:05:46.8498698Z go: downloading github.com/snissn/go-crc32-asm v0.0.0-20260522204125-08945951423a
stable legacy/public capture	UNKNOWN STEP	2026-10-06T11:05:46.8753151Z go: downloading github.com/tidwall/btree v1.8.1
stable legacy/public capture	UNKNOWN STEP	2026-10-06T11:05:46.9008384Z go: downloading github.com/golang/snappy v0.0.4
stable legacy/public capture	UNKNOWN STEP	2026-10-06T11:05:46.9538555Z go: downloading github.com/zeebo/xxh3 v1.1.0
stable legacy/public capture	UNKNOWN STEP	2026-10-06T11:05:47.1313844Z go: downloading github.com/buger/jsonparser v1.1.2
stable legacy/public capture	UNKNOWN STEP	2026-10-06T11:05:47.1580221Z go: downloading github.com/tidwall/gjson v1.14.3
stable legacy/public capture	UNKNOWN STEP	2026-10-06T11:05:47.1583905Z go: downloading go.mongodb.org/mongo-driver/v2 v2.6.0
stable legacy/public capture	UNKNOWN STEP	2026-10-06T11:05:47.4078624Z go: downloading github.com/klauspost/cpuid/v2 v2.2.10
stable legacy/public capture	UNKNOWN STEP	2026-10-06T11:05:47.4419729Z go: downloading github.com/tphakala/simd v1.0.22
stable legacy/public capture	UNKNOWN STEP	2026-10-06T11:05:47.4793198Z go: downloading github.com/tidwall/match v1.1.1
stable legacy/public capture	UNKNOWN STEP	2026-10-06T11:05:47.4793924Z go: downloading github.com/tidwall/pretty v1.2.0
stable legacy/public capture	UNKNOWN STEP	2026-10-06T11:07:10.7456229Z ok  	github.com/snissn/gomap/TreeDB/db	0.465s
stable legacy/public capture	UNKNOWN STEP	2026-10-06T11:07:11.9414974Z === RUN   TestVacuumM0WriteArtifact
stable legacy/public capture	UNKNOWN STEP	2026-10-06T11:07:12.3247842Z --- PASS: TestVacuumM0WriteArtifact (0.38s)
stable legacy/public capture	UNKNOWN STEP	2026-10-06T11:07:12.3248191Z PASS
stable legacy/public capture	UNKNOWN STEP	2026-10-06T11:07:12.3257728Z ok  	github.com/snissn/gomap/TreeDB/db	0.388s
stable legacy/public capture	UNKNOWN STEP	2026-10-06T11:13:44.2676157Z ......
stable legacy/public capture	UNKNOWN STEP	2026-10-06T11:13:44.2677587Z ----------------------------------------------------------------------
stable legacy/public capture	UNKNOWN STEP	2026-10-06T11:13:44.2678073Z Ran 6 tests in 0.002s
stable legacy/public capture	UNKNOWN STEP	2026-10-06T11:13:44.2678270Z 
stable legacy/public capture	UNKNOWN STEP	2026-10-06T11:13:44.2678370Z OK
stable legacy/public capture	UNKNOWN STEP	2026-10-06T11:13:44.3386579Z ##[error]Process completed with exit code 1.
stable legacy/public capture	UNKNOWN STEP	2026-10-06T11:13:44.3467547Z ##[group]Run actions/upload-artifact@ea165f8d65b6e75b540449e92b4886f43607fa02
stable legacy/public capture	UNKNOWN STEP	2026-10-06T11:13:44.3467882Z with:
stable legacy/public capture	UNKNOWN STEP	2026-10-06T11:13:44.3468125Z   name: treedb-vacuum-m0-3182e15dfe1aa11120db9d309ad0d590283398d6
stable legacy/public capture	UNKNOWN STEP	2026-10-06T11:13:44.3468453Z   path: /home/runner/work/_temp/treedb-vacuum-m0
stable legacy/public capture	UNKNOWN STEP	2026-10-06T11:13:44.3468715Z   if-no-files-found: error
stable legacy/public capture	UNKNOWN STEP	2026-10-06T11:13:44.3468920Z   compression-level: 6
stable legacy/public capture	UNKNOWN STEP	2026-10-06T11:13:44.3469109Z   overwrite: false
stable legacy/public capture	UNKNOWN STEP	2026-10-06T11:13:44.3469288Z   include-hidden-files: false
stable legacy/public capture	UNKNOWN STEP	2026-10-06T11:13:44.3469489Z ##[endgroup]
stable legacy/public capture	UNKNOWN STEP	2026-10-06T11:13:44.4806618Z (node:6796) [DEP0040] DeprecationWarning: The `punycode` module is deprecated. Please use a userland alternative instead.
stable legacy/public capture	UNKNOWN STEP	2026-10-06T11:13:44.4807227Z (Use `node --trace-deprecation ...` to show where the warning was created)
stable legacy/public capture	UNKNOWN STEP	2026-10-06T11:13:44.4874832Z With the provided path, there will be 25 files uploaded
stable legacy/public capture	UNKNOWN STEP	2026-10-06T11:13:44.4879078Z Artifact name is valid!
stable legacy/public capture	UNKNOWN STEP	2026-10-06T11:13:44.4879634Z Root directory input is valid!
stable legacy/public capture	UNKNOWN STEP	2026-10-06T11:13:44.8584049Z Beginning upload of artifact content to blob storage
stable legacy/public capture	UNKNOWN STEP	2026-10-06T11:13:44.8951579Z (node:6796) [DEP0169] DeprecationWarning: `url.parse()` behavior is not standardized and prone to errors that have security implications. Use the WHATWG URL API instead. CVEs are not issued for `url.parse()` vulnerabilities.
stable legacy/public capture	UNKNOWN STEP	2026-10-06T11:13:45.1741372Z Uploaded bytes 18245
stable legacy/public capture	UNKNOWN STEP	2026-10-06T11:13:45.2363347Z Finished uploading artifact content to blob storage!
stable legacy/public capture	UNKNOWN STEP	2026-10-06T11:13:45.2364119Z SHA256 digest of uploaded artifact zip is 77d9cba4f65b3d891f1c35470dc91dffa7752699a5bcb47daef6d6b62110854d
stable legacy/public capture	UNKNOWN STEP	2026-10-06T11:13:45.2364815Z Finalizing artifact upload
stable legacy/public capture	UNKNOWN STEP	2026-10-06T11:13:45.4896383Z Artifact treedb-vacuum-m0-3182e15dfe1aa11120db9d309ad0d590283398d6.zip successfully finalized. Artifact ID 11409646126
stable legacy/public capture	UNKNOWN STEP	2026-10-06T11:13:45.4897360Z Artifact treedb-vacuum-m0-3182e15dfe1aa11120db9d309ad0d590283398d6 has been successfully uploaded! Final size is 18245 bytes. Artifact ID is 11409646126
stable legacy/public capture	UNKNOWN STEP	2026-10-06T11:13:45.4898161Z Artifact download URL: https://github.com/snissn/gomap/actions/runs/37453671543/artifacts/11409646126
stable legacy/public capture	UNKNOWN STEP	2026-10-06T11:13:45.5051420Z Post job cleanup.
stable legacy/public capture	UNKNOWN STEP	2026-10-06T11:13:45.5729828Z [command]/usr/bin/git version
stable legacy/public capture	UNKNOWN STEP	2026-10-06T11:13:45.5761056Z git version 2.55.0
stable legacy/public capture	UNKNOWN STEP	2026-10-06T11:13:45.5789460Z Temporarily overriding HOME='/home/runner/work/_temp/24fd1124-d2f8-475a-ba1f-df3308b79295' before making global git config changes
stable legacy/public capture	UNKNOWN STEP	2026-10-06T11:13:45.5790515Z Adding repository directory to the temporary git global config as a safe directory
stable legacy/public capture	UNKNOWN STEP	2026-10-06T11:13:45.5793923Z [command]/usr/bin/git config --global --add safe.directory /home/runner/work/gomap/gomap
stable legacy/public capture	UNKNOWN STEP	2026-10-06T11:13:45.5823666Z [command]/usr/bin/git config --local --name-only --get-regexp core\.sshCommand
stable legacy/public capture	UNKNOWN STEP	2026-10-06T11:13:45.5850888Z [command]/usr/bin/git submodule foreach --recursive sh -c "git config --local --name-only --get-regexp 'core\.sshCommand' && git config --local --unset-all 'core.sshCommand' || :"
stable legacy/public capture	UNKNOWN STEP	2026-10-06T11:13:45.6046409Z [command]/usr/bin/git config --local --name-only --get-regexp http\.https\:\/\/github\.com\/\.extraheader
stable legacy/public capture	UNKNOWN STEP	2026-10-06T11:13:45.6074157Z [command]/usr/bin/git submodule foreach --recursive sh -c "git config --local --name-only --get-regexp 'http\.https\:\/\/github\.com\/\.extraheader' && git config --local --unset-all 'http.https://github.com/.extraheader' || :"
stable legacy/public capture	UNKNOWN STEP	2026-10-06T11:13:45.6264599Z [command]/usr/bin/git config --local --name-only --get-regexp ^includeIf\.gitdir:
stable legacy/public capture	UNKNOWN STEP	2026-10-06T11:13:45.6289995Z [command]/usr/bin/git submodule foreach --recursive git config --local --show-origin --name-only --get-regexp remote.origin.url
stable legacy/public capture	UNKNOWN STEP	2026-10-06T11:13:45.6597354Z Cleaning up orphan processes
stable legacy/public capture	UNKNOWN STEP	2026-10-06T11:13:45.6833881Z ##[warning]Node.js 20 is deprecated. The following actions target Node.js 20 but are being forced to run on Node.js 24: actions/checkout@11d5960a326750d5838078e36cf38b85af677262, actions/setup-go@40f1582b2485089dde7abd97c1529aa768e1baff, actions/upload-artifact@ea165f8d65b6e75b540449e92b4886f43607fa02. For more information see: https://github.blog/changelog/2025-09-19-deprecation-of-node-20-on-github-actions-runners/
