{"Action":"start","Package":"github.com/snissn/gomap/TreeDB/internal/rootpublication"}
{"Action":"run","Package":"github.com/snissn/gomap/TreeDB/internal/rootpublication","Test":"TestEnqueueBuiltRejectsForeignReleasedAndNestedLeasesBeforeCandidateMutation"}
{"Action":"output","Package":"github.com/snissn/gomap/TreeDB/internal/rootpublication","Test":"TestEnqueueBuiltRejectsForeignReleasedAndNestedLeasesBeforeCandidateMutation","Output":"=== RUN   TestEnqueueBuiltRejectsForeignReleasedAndNestedLeasesBeforeCandidateMutation\n"}
{"Action":"run","Package":"github.com/snissn/gomap/TreeDB/internal/rootpublication","Test":"TestEnqueueBuiltRejectsForeignReleasedAndNestedLeasesBeforeCandidateMutation/foreign"}
{"Action":"output","Package":"github.com/snissn/gomap/TreeDB/internal/rootpublication","Test":"TestEnqueueBuiltRejectsForeignReleasedAndNestedLeasesBeforeCandidateMutation/foreign","Output":"=== RUN   TestEnqueueBuiltRejectsForeignReleasedAndNestedLeasesBeforeCandidateMutation/foreign\n"}
{"Action":"output","Package":"github.com/snissn/gomap/TreeDB/internal/rootpublication","Test":"TestEnqueueBuiltRejectsForeignReleasedAndNestedLeasesBeforeCandidateMutation/foreign","Output":"--- PASS: TestEnqueueBuiltRejectsForeignReleasedAndNestedLeasesBeforeCandidateMutation/foreign (0.00s)\n"}
{"Action":"pass","Package":"github.com/snissn/gomap/TreeDB/internal/rootpublication","Test":"TestEnqueueBuiltRejectsForeignReleasedAndNestedLeasesBeforeCandidateMutation/foreign"}
{"Action":"run","Package":"github.com/snissn/gomap/TreeDB/internal/rootpublication","Test":"TestEnqueueBuiltRejectsForeignReleasedAndNestedLeasesBeforeCandidateMutation/released"}
{"Action":"output","Package":"github.com/snissn/gomap/TreeDB/internal/rootpublication","Test":"TestEnqueueBuiltRejectsForeignReleasedAndNestedLeasesBeforeCandidateMutation/released","Output":"=== RUN   TestEnqueueBuiltRejectsForeignReleasedAndNestedLeasesBeforeCandidateMutation/released\n"}
{"Action":"output","Package":"github.com/snissn/gomap/TreeDB/internal/rootpublication","Test":"TestEnqueueBuiltRejectsForeignReleasedAndNestedLeasesBeforeCandidateMutation/released","Output":"--- PASS: TestEnqueueBuiltRejectsForeignReleasedAndNestedLeasesBeforeCandidateMutation/released (0.00s)\n"}
{"Action":"pass","Package":"github.com/snissn/gomap/TreeDB/internal/rootpublication","Test":"TestEnqueueBuiltRejectsForeignReleasedAndNestedLeasesBeforeCandidateMutation/released"}
{"Action":"run","Package":"github.com/snissn/gomap/TreeDB/internal/rootpublication","Test":"TestEnqueueBuiltRejectsForeignReleasedAndNestedLeasesBeforeCandidateMutation/nested"}
{"Action":"output","Package":"github.com/snissn/gomap/TreeDB/internal/rootpublication","Test":"TestEnqueueBuiltRejectsForeignReleasedAndNestedLeasesBeforeCandidateMutation/nested","Output":"=== RUN   TestEnqueueBuiltRejectsForeignReleasedAndNestedLeasesBeforeCandidateMutation/nested\n"}
{"Action":"output","Package":"github.com/snissn/gomap/TreeDB/internal/rootpublication","Test":"TestEnqueueBuiltRejectsForeignReleasedAndNestedLeasesBeforeCandidateMutation/nested","Output":"--- PASS: TestEnqueueBuiltRejectsForeignReleasedAndNestedLeasesBeforeCandidateMutation/nested (0.00s)\n"}
{"Action":"pass","Package":"github.com/snissn/gomap/TreeDB/internal/rootpublication","Test":"TestEnqueueBuiltRejectsForeignReleasedAndNestedLeasesBeforeCandidateMutation/nested"}
{"Action":"output","Package":"github.com/snissn/gomap/TreeDB/internal/rootpublication","Test":"TestEnqueueBuiltRejectsForeignReleasedAndNestedLeasesBeforeCandidateMutation","Output":"--- PASS: TestEnqueueBuiltRejectsForeignReleasedAndNestedLeasesBeforeCandidateMutation (0.00s)\n"}
{"Action":"pass","Package":"github.com/snissn/gomap/TreeDB/internal/rootpublication","Test":"TestEnqueueBuiltRejectsForeignReleasedAndNestedLeasesBeforeCandidateMutation"}
{"Action":"run","Package":"github.com/snissn/gomap/TreeDB/internal/rootpublication","Test":"TestStableTerminalReportMissingConsumerPreservesCOWAndActualOwners"}
{"Action":"output","Package":"github.com/snissn/gomap/TreeDB/internal/rootpublication","Test":"TestStableTerminalReportMissingConsumerPreservesCOWAndActualOwners","Output":"=== RUN   TestStableTerminalReportMissingConsumerPreservesCOWAndActualOwners\n"}
{"Action":"output","Package":"github.com/snissn/gomap/TreeDB/internal/rootpublication","Test":"TestStableTerminalReportMissingConsumerPreservesCOWAndActualOwners","Output":"--- PASS: TestStableTerminalReportMissingConsumerPreservesCOWAndActualOwners (0.00s)\n"}
{"Action":"pass","Package":"github.com/snissn/gomap/TreeDB/internal/rootpublication","Test":"TestStableTerminalReportMissingConsumerPreservesCOWAndActualOwners"}
{"Action":"run","Package":"github.com/snissn/gomap/TreeDB/internal/rootpublication","Test":"TestStableTerminalReportCleanupFailureHandoffNeverConsumesCOWTwice"}
{"Action":"output","Package":"github.com/snissn/gomap/TreeDB/internal/rootpublication","Test":"TestStableTerminalReportCleanupFailureHandoffNeverConsumesCOWTwice","Output":"=== RUN   TestStableTerminalReportCleanupFailureHandoffNeverConsumesCOWTwice\n"}
{"Action":"output","Package":"github.com/snissn/gomap/TreeDB/internal/rootpublication","Test":"TestStableTerminalReportCleanupFailureHandoffNeverConsumesCOWTwice","Output":"--- PASS: TestStableTerminalReportCleanupFailureHandoffNeverConsumesCOWTwice (0.00s)\n"}
{"Action":"pass","Package":"github.com/snissn/gomap/TreeDB/internal/rootpublication","Test":"TestStableTerminalReportCleanupFailureHandoffNeverConsumesCOWTwice"}
{"Action":"run","Package":"github.com/snissn/gomap/TreeDB/internal/rootpublication","Test":"TestStableTerminalReportEndsBeforeACKAndProtectsFinishingReservation"}
{"Action":"output","Package":"github.com/snissn/gomap/TreeDB/internal/rootpublication","Test":"TestStableTerminalReportEndsBeforeACKAndProtectsFinishingReservation","Output":"=== RUN   TestStableTerminalReportEndsBeforeACKAndProtectsFinishingReservation\n"}
{"Action":"output","Package":"github.com/snissn/gomap/TreeDB/internal/rootpublication","Test":"TestStableTerminalReportEndsBeforeACKAndProtectsFinishingReservation","Output":"--- PASS: TestStableTerminalReportEndsBeforeACKAndProtectsFinishingReservation (0.00s)\n"}
{"Action":"pass","Package":"github.com/snissn/gomap/TreeDB/internal/rootpublication","Test":"TestStableTerminalReportEndsBeforeACKAndProtectsFinishingReservation"}
{"Action":"run","Package":"github.com/snissn/gomap/TreeDB/internal/rootpublication","Test":"TestStableTerminalCandidateAbandonPreflightsActualClosureBeforeCOW"}
{"Action":"output","Package":"github.com/snissn/gomap/TreeDB/internal/rootpublication","Test":"TestStableTerminalCandidateAbandonPreflightsActualClosureBeforeCOW","Output":"=== RUN   TestStableTerminalCandidateAbandonPreflightsActualClosureBeforeCOW\n"}
{"Action":"output","Package":"github.com/snissn/gomap/TreeDB/internal/rootpublication","Test":"TestStableTerminalCandidateAbandonPreflightsActualClosureBeforeCOW","Output":"--- PASS: TestStableTerminalCandidateAbandonPreflightsActualClosureBeforeCOW (0.00s)\n"}
{"Action":"pass","Package":"github.com/snissn/gomap/TreeDB/internal/rootpublication","Test":"TestStableTerminalCandidateAbandonPreflightsActualClosureBeforeCOW"}
{"Action":"run","Package":"github.com/snissn/gomap/TreeDB/internal/rootpublication","Test":"TestStableResourceTokenPinsIdentityRegistryUntilExactRelease"}
{"Action":"output","Package":"github.com/snissn/gomap/TreeDB/internal/rootpublication","Test":"TestStableResourceTokenPinsIdentityRegistryUntilExactRelease","Output":"=== RUN   TestStableResourceTokenPinsIdentityRegistryUntilExactRelease\n"}
{"Action":"output","Package":"github.com/snissn/gomap/TreeDB/internal/rootpublication","Test":"TestStableResourceTokenPinsIdentityRegistryUntilExactRelease","Output":"--- PASS: TestStableResourceTokenPinsIdentityRegistryUntilExactRelease (0.00s)\n"}
{"Action":"pass","Package":"github.com/snissn/gomap/TreeDB/internal/rootpublication","Test":"TestStableResourceTokenPinsIdentityRegistryUntilExactRelease"}
{"Action":"run","Package":"github.com/snissn/gomap/TreeDB/internal/rootpublication","Test":"TestMergeAppendOnlyLogicalObligationsSharedMutableKindsAreMutationLocal"}
{"Action":"output","Package":"github.com/snissn/gomap/TreeDB/internal/rootpublication","Test":"TestMergeAppendOnlyLogicalObligationsSharedMutableKindsAreMutationLocal","Output":"=== RUN   TestMergeAppendOnlyLogicalObligationsSharedMutableKindsAreMutationLocal\n"}
{"Action":"run","Package":"github.com/snissn/gomap/TreeDB/internal/rootpublication","Test":"TestMergeAppendOnlyLogicalObligationsSharedMutableKindsAreMutationLocal/0"}
{"Action":"output","Package":"github.com/snissn/gomap/TreeDB/internal/rootpublication","Test":"TestMergeAppendOnlyLogicalObligationsSharedMutableKindsAreMutationLocal/0","Output":"=== RUN   TestMergeAppendOnlyLogicalObligationsSharedMutableKindsAreMutationLocal/0\n"}
{"Action":"output","Package":"github.com/snissn/gomap/TreeDB/internal/rootpublication","Test":"TestMergeAppendOnlyLogicalObligationsSharedMutableKindsAreMutationLocal/0","Output":"--- PASS: TestMergeAppendOnlyLogicalObligationsSharedMutableKindsAreMutationLocal/0 (0.00s)\n"}
{"Action":"pass","Package":"github.com/snissn/gomap/TreeDB/internal/rootpublication","Test":"TestMergeAppendOnlyLogicalObligationsSharedMutableKindsAreMutationLocal/0"}
{"Action":"run","Package":"github.com/snissn/gomap/TreeDB/internal/rootpublication","Test":"TestMergeAppendOnlyLogicalObligationsSharedMutableKindsAreMutationLocal/32"}
{"Action":"output","Package":"github.com/snissn/gomap/TreeDB/internal/rootpublication","Test":"TestMergeAppendOnlyLogicalObligationsSharedMutableKindsAreMutationLocal/32","Output":"=== RUN   TestMergeAppendOnlyLogicalObligationsSharedMutableKindsAreMutationLocal/32\n"}
{"Action":"output","Package":"github.com/snissn/gomap/TreeDB/internal/rootpublication","Test":"TestMergeAppendOnlyLogicalObligationsSharedMutableKindsAreMutationLocal/32","Output":"--- PASS: TestMergeAppendOnlyLogicalObligationsSharedMutableKindsAreMutationLocal/32 (0.00s)\n"}
{"Action":"pass","Package":"github.com/snissn/gomap/TreeDB/internal/rootpublication","Test":"TestMergeAppendOnlyLogicalObligationsSharedMutableKindsAreMutationLocal/32"}
{"Action":"output","Package":"github.com/snissn/gomap/TreeDB/internal/rootpublication","Test":"TestMergeAppendOnlyLogicalObligationsSharedMutableKindsAreMutationLocal","Output":"--- PASS: TestMergeAppendOnlyLogicalObligationsSharedMutableKindsAreMutationLocal (0.00s)\n"}
{"Action":"pass","Package":"github.com/snissn/gomap/TreeDB/internal/rootpublication","Test":"TestMergeAppendOnlyLogicalObligationsSharedMutableKindsAreMutationLocal"}
{"Action":"run","Package":"github.com/snissn/gomap/TreeDB/internal/rootpublication","Test":"TestMergeAppendOnlyLogicalObligationsCrossKindCoalescingChecks"}
{"Action":"output","Package":"github.com/snissn/gomap/TreeDB/internal/rootpublication","Test":"TestMergeAppendOnlyLogicalObligationsCrossKindCoalescingChecks","Output":"=== RUN   TestMergeAppendOnlyLogicalObligationsCrossKindCoalescingChecks\n"}
{"Action":"run","Package":"github.com/snissn/gomap/TreeDB/internal/rootpublication","Test":"TestMergeAppendOnlyLogicalObligationsCrossKindCoalescingChecks/stability-conflict"}
{"Action":"output","Package":"github.com/snissn/gomap/TreeDB/internal/rootpublication","Test":"TestMergeAppendOnlyLogicalObligationsCrossKindCoalescingChecks/stability-conflict","Output":"=== RUN   TestMergeAppendOnlyLogicalObligationsCrossKindCoalescingChecks/stability-conflict\n"}
{"Action":"output","Package":"github.com/snissn/gomap/TreeDB/internal/rootpublication","Test":"TestMergeAppendOnlyLogicalObligationsCrossKindCoalescingChecks/stability-conflict","Output":"--- PASS: TestMergeAppendOnlyLogicalObligationsCrossKindCoalescingChecks/stability-conflict (0.00s)\n"}
{"Action":"pass","Package":"github.com/snissn/gomap/TreeDB/internal/rootpublication","Test":"TestMergeAppendOnlyLogicalObligationsCrossKindCoalescingChecks/stability-conflict"}
{"Action":"run","Package":"github.com/snissn/gomap/TreeDB/internal/rootpublication","Test":"TestMergeAppendOnlyLogicalObligationsCrossKindCoalescingChecks/digest-conflict"}
{"Action":"output","Package":"github.com/snissn/gomap/TreeDB/internal/rootpublication","Test":"TestMergeAppendOnlyLogicalObligationsCrossKindCoalescingChecks/digest-conflict","Output":"=== RUN   TestMergeAppendOnlyLogicalObligationsCrossKindCoalescingChecks/digest-conflict\n"}
{"Action":"output","Package":"github.com/snissn/gomap/TreeDB/internal/rootpublication","Test":"TestMergeAppendOnlyLogicalObligationsCrossKindCoalescingChecks/digest-conflict","Output":"--- PASS: TestMergeAppendOnlyLogicalObligationsCrossKindCoalescingChecks/digest-conflict (0.00s)\n"}
{"Action":"pass","Package":"github.com/snissn/gomap/TreeDB/internal/rootpublication","Test":"TestMergeAppendOnlyLogicalObligationsCrossKindCoalescingChecks/digest-conflict"}
{"Action":"run","Package":"github.com/snissn/gomap/TreeDB/internal/rootpublication","Test":"TestMergeAppendOnlyLogicalObligationsCrossKindCoalescingChecks/immutable-coalesce"}
{"Action":"output","Package":"github.com/snissn/gomap/TreeDB/internal/rootpublication","Test":"TestMergeAppendOnlyLogicalObligationsCrossKindCoalescingChecks/immutable-coalesce","Output":"=== RUN   TestMergeAppendOnlyLogicalObligationsCrossKindCoalescingChecks/immutable-coalesce\n"}
{"Action":"output","Package":"github.com/snissn/gomap/TreeDB/internal/rootpublication","Test":"TestMergeAppendOnlyLogicalObligationsCrossKindCoalescingChecks/immutable-coalesce","Output":"    resource_append_mutation_test.go:201: immutable cross-kind coalescing bypassed exact fallback: {CloneOperations:0 FreezeOperations:0 RequirementFieldsInspected:0 RequirementObligationsInspected:0 SourceEntriesInspected:34 SourceObligationsInspected:0 RetainedEntries:33 RetainedObligations:0 DroppedEntries:0 DroppedObligations:0 CopiedEntries:67 CopiedObligations:0 PhysicalHandleCopies:0 PhysicalHandleShares:34 PhysicalRootShares:0 LogicalObligationNormalizations:0 RetainedIndexNodeVisits:0 RetainedIndexNodeCopies:0 LogicalIndexNodesAdmitted:0 AggregateMembershipProbes:0 AggregateMembershipNodeVisits:0 AggregateMembershipNodeCopies:0 AggregateMembershipAdmissions:0 NewlyAdmittedEntries:1 NewlyAdmittedObligations:0 RemovedObligations:0 AppendOnlyFastPath:1 AppendOnlyCollisionFastPath:0 AppendOnlyCollisionFallbacks:1 AppendOnlyFallbacks:0 DestructiveFallbacks:0 FullClosureValidations:0 FinalRequirementProofFastPath:0 FinalRequirementProofFallbacks:0 FinalRequirementRecordsDecoded:0 FinalRequirementObligation"}
{"Action":"output","Package":"github.com/snissn/gomap/TreeDB/internal/rootpublication","Test":"TestMergeAppendOnlyLogicalObligationsCrossKindCoalescingChecks/immutable-coalesce","Output":"sMaterialized:0 PhysicalEntryLookupProbes:1 PhysicalEntryLookupComparisons:1 PhysicalEntryLookupAdmissions:0} stable resource has an admitted operation or uncertain cleanup\n"}
{"Action":"output","Package":"github.com/snissn/gomap/TreeDB/internal/rootpublication","Test":"TestMergeAppendOnlyLogicalObligationsCrossKindCoalescingChecks/immutable-coalesce","Output":"--- FAIL: TestMergeAppendOnlyLogicalObligationsCrossKindCoalescingChecks/immutable-coalesce (0.00s)\n"}
{"Action":"fail","Package":"github.com/snissn/gomap/TreeDB/internal/rootpublication","Test":"TestMergeAppendOnlyLogicalObligationsCrossKindCoalescingChecks/immutable-coalesce"}
{"Action":"output","Package":"github.com/snissn/gomap/TreeDB/internal/rootpublication","Test":"TestMergeAppendOnlyLogicalObligationsCrossKindCoalescingChecks","Output":"--- FAIL: TestMergeAppendOnlyLogicalObligationsCrossKindCoalescingChecks (0.00s)\n"}
{"Action":"fail","Package":"github.com/snissn/gomap/TreeDB/internal/rootpublication","Test":"TestMergeAppendOnlyLogicalObligationsCrossKindCoalescingChecks"}
{"Action":"run","Package":"github.com/snissn/gomap/TreeDB/internal/rootpublication","Test":"TestStableResourceEntryRopeDeepAppendTraversalAndReleaseAreIterative"}
{"Action":"output","Package":"github.com/snissn/gomap/TreeDB/internal/rootpublication","Test":"TestStableResourceEntryRopeDeepAppendTraversalAndReleaseAreIterative","Output":"=== RUN   TestStableResourceEntryRopeDeepAppendTraversalAndReleaseAreIterative\n"}
{"Action":"output","Package":"github.com/snissn/gomap/TreeDB/internal/rootpublication","Test":"TestStableResourceEntryRopeDeepAppendTraversalAndReleaseAreIterative","Output":"--- PASS: TestStableResourceEntryRopeDeepAppendTraversalAndReleaseAreIterative (0.04s)\n"}
{"Action":"pass","Package":"github.com/snissn/gomap/TreeDB/internal/rootpublication","Test":"TestStableResourceEntryRopeDeepAppendTraversalAndReleaseAreIterative"}
{"Action":"run","Package":"github.com/snissn/gomap/TreeDB/internal/rootpublication","Test":"TestMergeAppendOnlyLogicalObligationsRejectsScopedEntryWithoutObligations"}
{"Action":"output","Package":"github.com/snissn/gomap/TreeDB/internal/rootpublication","Test":"TestMergeAppendOnlyLogicalObligationsRejectsScopedEntryWithoutObligations","Output":"=== RUN   TestMergeAppendOnlyLogicalObligationsRejectsScopedEntryWithoutObligations\n"}
{"Action":"output","Package":"github.com/snissn/gomap/TreeDB/internal/rootpublication","Test":"TestMergeAppendOnlyLogicalObligationsRejectsScopedEntryWithoutObligations","Output":"--- PASS: TestMergeAppendOnlyLogicalObligationsRejectsScopedEntryWithoutObligations (0.00s)\n"}
{"Action":"pass","Package":"github.com/snissn/gomap/TreeDB/internal/rootpublication","Test":"TestMergeAppendOnlyLogicalObligationsRejectsScopedEntryWithoutObligations"}
{"Action":"run","Package":"github.com/snissn/gomap/TreeDB/internal/rootpublication","Test":"TestMergeAppendOnlyLogicalObligationsKeepsSmallBuilderLinear"}
{"Action":"output","Package":"github.com/snissn/gomap/TreeDB/internal/rootpublication","Test":"TestMergeAppendOnlyLogicalObligationsKeepsSmallBuilderLinear","Output":"=== RUN   TestMergeAppendOnlyLogicalObligationsKeepsSmallBuilderLinear\n"}
{"Action":"output","Package":"github.com/snissn/gomap/TreeDB/internal/rootpublication","Test":"TestMergeAppendOnlyLogicalObligationsKeepsSmallBuilderLinear","Output":"    resource_append_mutation_test.go:825: stable resource has an admitted operation or uncertain cleanup\n"}
{"Action":"output","Package":"github.com/snissn/gomap/TreeDB/internal/rootpublication","Test":"TestMergeAppendOnlyLogicalObligationsKeepsSmallBuilderLinear","Output":"--- FAIL: TestMergeAppendOnlyLogicalObligationsKeepsSmallBuilderLinear (0.00s)\n"}
{"Action":"fail","Package":"github.com/snissn/gomap/TreeDB/internal/rootpublication","Test":"TestMergeAppendOnlyLogicalObligationsKeepsSmallBuilderLinear"}
{"Action":"run","Package":"github.com/snissn/gomap/TreeDB/internal/rootpublication","Test":"TestMergeAppendOnlyLogicalObligationsPhysicalCollisionIsMutationLocal"}
{"Action":"output","Package":"github.com/snissn/gomap/TreeDB/internal/rootpublication","Test":"TestMergeAppendOnlyLogicalObligationsPhysicalCollisionIsMutationLocal","Output":"=== RUN   TestMergeAppendOnlyLogicalObligationsPhysicalCollisionIsMutationLocal\n"}
{"Action":"output","Package":"github.com/snissn/gomap/TreeDB/internal/rootpublication","Test":"TestMergeAppendOnlyLogicalObligationsPhysicalCollisionIsMutationLocal","Output":"--- PASS: TestMergeAppendOnlyLogicalObligationsPhysicalCollisionIsMutationLocal (0.06s)\n"}
{"Action":"pass","Package":"github.com/snissn/gomap/TreeDB/internal/rootpublication","Test":"TestMergeAppendOnlyLogicalObligationsPhysicalCollisionIsMutationLocal"}
{"Action":"run","Package":"github.com/snissn/gomap/TreeDB/internal/rootpublication","Test":"TestMergeAppendOnlyLogicalObligationsRepeatedCollisionDoesNotRetainProducerTokens"}
{"Action":"output","Package":"github.com/snissn/gomap/TreeDB/internal/rootpublication","Test":"TestMergeAppendOnlyLogicalObligationsRepeatedCollisionDoesNotRetainProducerTokens","Output":"=== RUN   TestMergeAppendOnlyLogicalObligationsRepeatedCollisionDoesNotRetainProducerTokens\n"}
{"Action":"output","Package":"github.com/snissn/gomap/TreeDB/internal/rootpublication","Test":"TestMergeAppendOnlyLogicalObligationsRepeatedCollisionDoesNotRetainProducerTokens","Output":"--- PASS: TestMergeAppendOnlyLogicalObligationsRepeatedCollisionDoesNotRetainProducerTokens (0.01s)\n"}
{"Action":"pass","Package":"github.com/snissn/gomap/TreeDB/internal/rootpublication","Test":"TestMergeAppendOnlyLogicalObligationsRepeatedCollisionDoesNotRetainProducerTokens"}
{"Action":"run","Package":"github.com/snissn/gomap/TreeDB/internal/rootpublication","Test":"TestMergeAppendOnlyLogicalObligationsMixedDistinctAndCollisionIsAtomic"}
{"Action":"output","Package":"github.com/snissn/gomap/TreeDB/internal/rootpublication","Test":"TestMergeAppendOnlyLogicalObligationsMixedDistinctAndCollisionIsAtomic","Output":"=== RUN   TestMergeAppendOnlyLogicalObligationsMixedDistinctAndCollisionIsAtomic\n"}
{"Action":"output","Package":"github.com/snissn/gomap/TreeDB/internal/rootpublication","Test":"TestMergeAppendOnlyLogicalObligationsMixedDistinctAndCollisionIsAtomic","Output":"--- PASS: TestMergeAppendOnlyLogicalObligationsMixedDistinctAndCollisionIsAtomic (0.00s)\n"}
{"Action":"pass","Package":"github.com/snissn/gomap/TreeDB/internal/rootpublication","Test":"TestMergeAppendOnlyLogicalObligationsMixedDistinctAndCollisionIsAtomic"}
{"Action":"run","Package":"github.com/snissn/gomap/TreeDB/internal/rootpublication","Test":"TestMergeAppendOnlyLogicalObligationsLateMixedConflictLeavesInputsUnchanged"}
{"Action":"output","Package":"github.com/snissn/gomap/TreeDB/internal/rootpublication","Test":"TestMergeAppendOnlyLogicalObligationsLateMixedConflictLeavesInputsUnchanged","Output":"=== RUN   TestMergeAppendOnlyLogicalObligationsLateMixedConflictLeavesInputsUnchanged\n"}
{"Action":"output","Package":"github.com/snissn/gomap/TreeDB/internal/rootpublication","Test":"TestMergeAppendOnlyLogicalObligationsLateMixedConflictLeavesInputsUnchanged","Output":"--- PASS: TestMergeAppendOnlyLogicalObligationsLateMixedConflictLeavesInputsUnchanged (0.00s)\n"}
{"Action":"pass","Package":"github.com/snissn/gomap/TreeDB/internal/rootpublication","Test":"TestMergeAppendOnlyLogicalObligationsLateMixedConflictLeavesInputsUnchanged"}
{"Action":"run","Package":"github.com/snissn/gomap/TreeDB/internal/rootpublication","Test":"TestMergeAppendOnlyLogicalObligationsCollisionReleaseOrders"}
{"Action":"output","Package":"github.com/snissn/gomap/TreeDB/internal/rootpublication","Test":"TestMergeAppendOnlyLogicalObligationsCollisionReleaseOrders","Output":"=== RUN   TestMergeAppendOnlyLogicalObligationsCollisionReleaseOrders\n"}
{"Action":"run","Package":"github.com/snissn/gomap/TreeDB/internal/rootpublication","Test":"TestMergeAppendOnlyLogicalObligationsCollisionReleaseOrders/source-first"}
{"Action":"output","Package":"github.com/snissn/gomap/TreeDB/internal/rootpublication","Test":"TestMergeAppendOnlyLogicalObligationsCollisionReleaseOrders/source-first","Output":"=== RUN   TestMergeAppendOnlyLogicalObligationsCollisionReleaseOrders/source-first\n"}
{"Action":"output","Package":"github.com/snissn/gomap/TreeDB/internal/rootpublication","Test":"TestMergeAppendOnlyLogicalObligationsCollisionReleaseOrders/source-first","Output":"--- PASS: TestMergeAppendOnlyLogicalObligationsCollisionReleaseOrders/source-first (0.00s)\n"}
{"Action":"pass","Package":"github.com/snissn/gomap/TreeDB/internal/rootpublication","Test":"TestMergeAppendOnlyLogicalObligationsCollisionReleaseOrders/source-first"}
{"Action":"run","Package":"github.com/snissn/gomap/TreeDB/internal/rootpublication","Test":"TestMergeAppendOnlyLogicalObligationsCollisionReleaseOrders/candidate-first"}
{"Action":"output","Package":"github.com/snissn/gomap/TreeDB/internal/rootpublication","Test":"TestMergeAppendOnlyLogicalObligationsCollisionReleaseOrders/candidate-first","Output":"=== RUN   TestMergeAppendOnlyLogicalObligationsCollisionReleaseOrders/candidate-first\n"}
{"Action":"output","Package":"github.com/snissn/gomap/TreeDB/internal/rootpublication","Test":"TestMergeAppendOnlyLogicalObligationsCollisionReleaseOrders/candidate-first","Output":"--- PASS: TestMergeAppendOnlyLogicalObligationsCollisionReleaseOrders/candidate-first (0.00s)\n"}
{"Action":"pass","Package":"github.com/snissn/gomap/TreeDB/internal/rootpublication","Test":"TestMergeAppendOnlyLogicalObligationsCollisionReleaseOrders/candidate-first"}
{"Action":"output","Package":"github.com/snissn/gomap/TreeDB/internal/rootpublication","Test":"TestMergeAppendOnlyLogicalObligationsCollisionReleaseOrders","Output":"--- PASS: TestMergeAppendOnlyLogicalObligationsCollisionReleaseOrders (0.00s)\n"}
{"Action":"pass","Package":"github.com/snissn/gomap/TreeDB/internal/rootpublication","Test":"TestMergeAppendOnlyLogicalObligationsCollisionReleaseOrders"}
{"Action":"run","Package":"github.com/snissn/gomap/TreeDB/internal/rootpublication","Test":"TestMergeAppendOnlyLogicalObligationsAmbiguousPhysicalCandidatesUseExactFallback"}
{"Action":"output","Package":"github.com/snissn/gomap/TreeDB/internal/rootpublication","Test":"TestMergeAppendOnlyLogicalObligationsAmbiguousPhysicalCandidatesUseExactFallback","Output":"=== RUN   TestMergeAppendOnlyLogicalObligationsAmbiguousPhysicalCandidatesUseExactFallback\n"}
{"Action":"output","Package":"github.com/snissn/gomap/TreeDB/internal/rootpublication","Test":"TestMergeAppendOnlyLogicalObligationsAmbiguousPhysicalCandidatesUseExactFallback","Output":"    resource_append_mutation_test.go:1286: stable resource has an admitted operation or uncertain cleanup\n"}
{"Action":"output","Package":"github.com/snissn/gomap/TreeDB/internal/rootpublication","Test":"TestMergeAppendOnlyLogicalObligationsAmbiguousPhysicalCandidatesUseExactFallback","Output":"--- FAIL: TestMergeAppendOnlyLogicalObligationsAmbiguousPhysicalCandidatesUseExactFallback (0.00s)\n"}
{"Action":"fail","Package":"github.com/snissn/gomap/TreeDB/internal/rootpublication","Test":"TestMergeAppendOnlyLogicalObligationsAmbiguousPhysicalCandidatesUseExactFallback"}
{"Action":"run","Package":"github.com/snissn/gomap/TreeDB/internal/rootpublication","Test":"TestMergeAppendOnlyLogicalObligationsCrossKindCollisionUsesExactFallback"}
{"Action":"output","Package":"github.com/snissn/gomap/TreeDB/internal/rootpublication","Test":"TestMergeAppendOnlyLogicalObligationsCrossKindCollisionUsesExactFallback","Output":"=== RUN   TestMergeAppendOnlyLogicalObligationsCrossKindCollisionUsesExactFallback\n"}
{"Action":"output","Package":"github.com/snissn/gomap/TreeDB/internal/rootpublication","Test":"TestMergeAppendOnlyLogicalObligationsCrossKindCollisionUsesExactFallback","Output":"    resource_append_mutation_test.go:1326: cross-kind collision error=stable resource has an admitted operation or uncertain cleanup work={CloneOperations:0 FreezeOperations:0 RequirementFieldsInspected:0 RequirementObligationsInspected:0 SourceEntriesInspected:18 SourceObligationsInspected:0 RetainedEntries:17 RetainedObligations:0 DroppedEntries:0 DroppedObligations:0 CopiedEntries:35 CopiedObligations:0 PhysicalHandleCopies:0 PhysicalHandleShares:18 PhysicalRootShares:0 LogicalObligationNormalizations:0 RetainedIndexNodeVisits:0 RetainedIndexNodeCopies:0 LogicalIndexNodesAdmitted:0 AggregateMembershipProbes:0 AggregateMembershipNodeVisits:0 AggregateMembershipNodeCopies:0 AggregateMembershipAdmissions:0 NewlyAdmittedEntries:1 NewlyAdmittedObligations:0 RemovedObligations:0 AppendOnlyFastPath:1 AppendOnlyCollisionFastPath:0 AppendOnlyCollisionFallbacks:1 AppendOnlyFallbacks:0 DestructiveFallbacks:0 FullClosureValidations:0 FinalRequirementProofFastPath:0 FinalRequirementProofFallbacks:0 FinalRequirementReco"}
{"Action":"output","Package":"github.com/snissn/gomap/TreeDB/internal/rootpublication","Test":"TestMergeAppendOnlyLogicalObligationsCrossKindCollisionUsesExactFallback","Output":"rdsDecoded:0 FinalRequirementObligationsMaterialized:0 PhysicalEntryLookupProbes:1 PhysicalEntryLookupComparisons:0 PhysicalEntryLookupAdmissions:1}\n"}
{"Action":"output","Package":"github.com/snissn/gomap/TreeDB/internal/rootpublication","Test":"TestMergeAppendOnlyLogicalObligationsCrossKindCollisionUsesExactFallback","Output":"--- FAIL: TestMergeAppendOnlyLogicalObligationsCrossKindCollisionUsesExactFallback (0.00s)\n"}
{"Action":"fail","Package":"github.com/snissn/gomap/TreeDB/internal/rootpublication","Test":"TestMergeAppendOnlyLogicalObligationsCrossKindCollisionUsesExactFallback"}
{"Action":"run","Package":"github.com/snissn/gomap/TreeDB/internal/rootpublication","Test":"TestMergeAppendOnlyLogicalObligationsRepresentativeReplacementUsesExactFallback"}
{"Action":"output","Package":"github.com/snissn/gomap/TreeDB/internal/rootpublication","Test":"TestMergeAppendOnlyLogicalObligationsRepresentativeReplacementUsesExactFallback","Output":"=== RUN   TestMergeAppendOnlyLogicalObligationsRepresentativeReplacementUsesExactFallback\n"}
{"Action":"output","Package":"github.com/snissn/gomap/TreeDB/internal/rootpublication","Test":"TestMergeAppendOnlyLogicalObligationsRepresentativeReplacementUsesExactFallback","Output":"    resource_append_mutation_test.go:1401: stable resource has an admitted operation or uncertain cleanup\n"}
{"Action":"output","Package":"github.com/snissn/gomap/TreeDB/internal/rootpublication","Test":"TestMergeAppendOnlyLogicalObligationsRepresentativeReplacementUsesExactFallback","Output":"--- FAIL: TestMergeAppendOnlyLogicalObligationsRepresentativeReplacementUsesExactFallback (0.01s)\n"}
{"Action":"fail","Package":"github.com/snissn/gomap/TreeDB/internal/rootpublication","Test":"TestMergeAppendOnlyLogicalObligationsRepresentativeReplacementUsesExactFallback"}
{"Action":"run","Package":"github.com/snissn/gomap/TreeDB/internal/rootpublication","Test":"TestMergeAppendOnlyLogicalObligationsRejectsLogicalConflictBeforePhysicalCoalesce"}
{"Action":"output","Package":"github.com/snissn/gomap/TreeDB/internal/rootpublication","Test":"TestMergeAppendOnlyLogicalObligationsRejectsLogicalConflictBeforePhysicalCoalesce","Output":"=== RUN   TestMergeAppendOnlyLogicalObligationsRejectsLogicalConflictBeforePhysicalCoalesce\n"}
{"Action":"output","Package":"github.com/snissn/gomap/TreeDB/internal/rootpublication","Test":"TestMergeAppendOnlyLogicalObligationsRejectsLogicalConflictBeforePhysicalCoalesce","Output":"--- PASS: TestMergeAppendOnlyLogicalObligationsRejectsLogicalConflictBeforePhysicalCoalesce (0.00s)\n"}
{"Action":"pass","Package":"github.com/snissn/gomap/TreeDB/internal/rootpublication","Test":"TestMergeAppendOnlyLogicalObligationsRejectsLogicalConflictBeforePhysicalCoalesce"}
{"Action":"run","Package":"github.com/snissn/gomap/TreeDB/internal/rootpublication","Test":"TestMergeAppendOnlyLogicalObligationsRepeatedDistinctSegmentsStayMutationLocal4371"}
{"Action":"output","Package":"github.com/snissn/gomap/TreeDB/internal/rootpublication","Test":"TestMergeAppendOnlyLogicalObligationsRepeatedDistinctSegmentsStayMutationLocal4371","Output":"=== RUN   TestMergeAppendOnlyLogicalObligationsRepeatedDistinctSegmentsStayMutationLocal4371\n"}
{"Action":"output","Package":"github.com/snissn/gomap/TreeDB/internal/rootpublication","Test":"TestMergeAppendOnlyLogicalObligationsRepeatedDistinctSegmentsStayMutationLocal4371","Output":"--- PASS: TestMergeAppendOnlyLogicalObligationsRepeatedDistinctSegmentsStayMutationLocal4371 (0.02s)\n"}
{"Action":"pass","Package":"github.com/snissn/gomap/TreeDB/internal/rootpublication","Test":"TestMergeAppendOnlyLogicalObligationsRepeatedDistinctSegmentsStayMutationLocal4371"}
{"Action":"run","Package":"github.com/snissn/gomap/TreeDB/internal/rootpublication","Test":"TestMergeAppendOnlyLogicalObligationsRejectsDistinctOverlap4371"}
{"Action":"output","Package":"github.com/snissn/gomap/TreeDB/internal/rootpublication","Test":"TestMergeAppendOnlyLogicalObligationsRejectsDistinctOverlap4371","Output":"=== RUN   TestMergeAppendOnlyLogicalObligationsRejectsDistinctOverlap4371\n"}
{"Action":"run","Package":"github.com/snissn/gomap/TreeDB/internal/rootpublication","Test":"TestMergeAppendOnlyLogicalObligationsRejectsDistinctOverlap4371/same_kind_duplicate"}
{"Action":"output","Package":"github.com/snissn/gomap/TreeDB/internal/rootpublication","Test":"TestMergeAppendOnlyLogicalObligationsRejectsDistinctOverlap4371/same_kind_duplicate","Output":"=== RUN   TestMergeAppendOnlyLogicalObligationsRejectsDistinctOverlap4371/same_kind_duplicate\n"}
{"Action":"output","Package":"github.com/snissn/gomap/TreeDB/internal/rootpublication","Test":"TestMergeAppendOnlyLogicalObligationsRejectsDistinctOverlap4371/same_kind_duplicate","Output":"--- PASS: TestMergeAppendOnlyLogicalObligationsRejectsDistinctOverlap4371/same_kind_duplicate (0.00s)\n"}
{"Action":"pass","Package":"github.com/snissn/gomap/TreeDB/internal/rootpublication","Test":"TestMergeAppendOnlyLogicalObligationsRejectsDistinctOverlap4371/same_kind_duplicate"}
{"Action":"run","Package":"github.com/snissn/gomap/TreeDB/internal/rootpublication","Test":"TestMergeAppendOnlyLogicalObligationsRejectsDistinctOverlap4371/cross_kind_duplicate"}
{"Action":"output","Package":"github.com/snissn/gomap/TreeDB/internal/rootpublication","Test":"TestMergeAppendOnlyLogicalObligationsRejectsDistinctOverlap4371/cross_kind_duplicate","Output":"=== RUN   TestMergeAppendOnlyLogicalObligationsRejectsDistinctOverlap4371/cross_kind_duplicate\n"}
{"Action":"output","Package":"github.com/snissn/gomap/TreeDB/internal/rootpublication","Test":"TestMergeAppendOnlyLogicalObligationsRejectsDistinctOverlap4371/cross_kind_duplicate","Output":"--- PASS: TestMergeAppendOnlyLogicalObligationsRejectsDistinctOverlap4371/cross_kind_duplicate (0.00s)\n"}
{"Action":"pass","Package":"github.com/snissn/gomap/TreeDB/internal/rootpublication","Test":"TestMergeAppendOnlyLogicalObligationsRejectsDistinctOverlap4371/cross_kind_duplicate"}
{"Action":"run","Package":"github.com/snissn/gomap/TreeDB/internal/rootpublication","Test":"TestMergeAppendOnlyLogicalObligationsRejectsDistinctOverlap4371/conflicting_immutable_payload"}
{"Action":"output","Package":"github.com/snissn/gomap/TreeDB/internal/rootpublication","Test":"TestMergeAppendOnlyLogicalObligationsRejectsDistinctOverlap4371/conflicting_immutable_payload","Output":"=== RUN   TestMergeAppendOnlyLogicalObligationsRejectsDistinctOverlap4371/conflicting_immutable_payload\n"}
{"Action":"output","Package":"github.com/snissn/gomap/TreeDB/internal/rootpublication","Test":"TestMergeAppendOnlyLogicalObligationsRejectsDistinctOverlap4371/conflicting_immutable_payload","Output":"--- PASS: TestMergeAppendOnlyLogicalObligationsRejectsDistinctOverlap4371/conflicting_immutable_payload (0.00s)\n"}
{"Action":"pass","Package":"github.com/snissn/gomap/TreeDB/internal/rootpublication","Test":"TestMergeAppendOnlyLogicalObligationsRejectsDistinctOverlap4371/conflicting_immutable_payload"}
{"Action":"output","Package":"github.com/snissn/gomap/TreeDB/internal/rootpublication","Test":"TestMergeAppendOnlyLogicalObligationsRejectsDistinctOverlap4371","Output":"--- PASS: TestMergeAppendOnlyLogicalObligationsRejectsDistinctOverlap4371 (0.00s)\n"}
{"Action":"pass","Package":"github.com/snissn/gomap/TreeDB/internal/rootpublication","Test":"TestMergeAppendOnlyLogicalObligationsRejectsDistinctOverlap4371"}
{"Action":"run","Package":"github.com/snissn/gomap/TreeDB/internal/rootpublication","Test":"TestStableSetCheckedReleaseRetainsUnfinishedRoleAndSkipsConsumedToken"}
{"Action":"output","Package":"github.com/snissn/gomap/TreeDB/internal/rootpublication","Test":"TestStableSetCheckedReleaseRetainsUnfinishedRoleAndSkipsConsumedToken","Output":"=== RUN   TestStableSetCheckedReleaseRetainsUnfinishedRoleAndSkipsConsumedToken\n"}
{"Action":"output","Package":"github.com/snissn/gomap/TreeDB/internal/rootpublication","Test":"TestStableSetCheckedReleaseRetainsUnfinishedRoleAndSkipsConsumedToken","Output":"--- PASS: TestStableSetCheckedReleaseRetainsUnfinishedRoleAndSkipsConsumedToken (0.00s)\n"}
{"Action":"pass","Package":"github.com/snissn/gomap/TreeDB/internal/rootpublication","Test":"TestStableSetCheckedReleaseRetainsUnfinishedRoleAndSkipsConsumedToken"}
{"Action":"run","Package":"github.com/snissn/gomap/TreeDB/internal/rootpublication","Test":"TestStableBuilderNestedCleanupFailuresKeepBothActualOwners"}
{"Action":"output","Package":"github.com/snissn/gomap/TreeDB/internal/rootpublication","Test":"TestStableBuilderNestedCleanupFailuresKeepBothActualOwners","Output":"=== RUN   TestStableBuilderNestedCleanupFailuresKeepBothActualOwners\n"}
{"Action":"output","Package":"github.com/snissn/gomap/TreeDB/internal/rootpublication","Test":"TestStableBuilderNestedCleanupFailuresKeepBothActualOwners","Output":"--- PASS: TestStableBuilderNestedCleanupFailuresKeepBothActualOwners (0.00s)\n"}
{"Action":"pass","Package":"github.com/snissn/gomap/TreeDB/internal/rootpublication","Test":"TestStableBuilderNestedCleanupFailuresKeepBothActualOwners"}
{"Action":"run","Package":"github.com/snissn/gomap/TreeDB/internal/rootpublication","Test":"TestStableBuilderCleanupPanicIsUncertainAndNotReplayed"}
{"Action":"output","Package":"github.com/snissn/gomap/TreeDB/internal/rootpublication","Test":"TestStableBuilderCleanupPanicIsUncertainAndNotReplayed","Output":"=== RUN   TestStableBuilderCleanupPanicIsUncertainAndNotReplayed\n"}
{"Action":"output","Package":"github.com/snissn/gomap/TreeDB/internal/rootpublication","Test":"TestStableBuilderCleanupPanicIsUncertainAndNotReplayed","Output":"--- PASS: TestStableBuilderCleanupPanicIsUncertainAndNotReplayed (0.00s)\n"}
{"Action":"pass","Package":"github.com/snissn/gomap/TreeDB/internal/rootpublication","Test":"TestStableBuilderCleanupPanicIsUncertainAndNotReplayed"}
{"Action":"run","Package":"github.com/snissn/gomap/TreeDB/internal/rootpublication","Test":"TestStableSetOperationAllowsReentrantStateButRefusesReleaseBeforeEffects"}
{"Action":"output","Package":"github.com/snissn/gomap/TreeDB/internal/rootpublication","Test":"TestStableSetOperationAllowsReentrantStateButRefusesReleaseBeforeEffects","Output":"=== RUN   TestStableSetOperationAllowsReentrantStateButRefusesReleaseBeforeEffects\n"}
{"Action":"output","Package":"github.com/snissn/gomap/TreeDB/internal/rootpublication","Test":"TestStableSetOperationAllowsReentrantStateButRefusesReleaseBeforeEffects","Output":"--- PASS: TestStableSetOperationAllowsReentrantStateButRefusesReleaseBeforeEffects (0.00s)\n"}
{"Action":"pass","Package":"github.com/snissn/gomap/TreeDB/internal/rootpublication","Test":"TestStableSetOperationAllowsReentrantStateButRefusesReleaseBeforeEffects"}
{"Action":"run","Package":"github.com/snissn/gomap/TreeDB/internal/rootpublication","Test":"TestStableCheckedTokenReentrantReleaseIsBusyAndRetryConsumesOnce"}
{"Action":"output","Package":"github.com/snissn/gomap/TreeDB/internal/rootpublication","Test":"TestStableCheckedTokenReentrantReleaseIsBusyAndRetryConsumesOnce","Output":"=== RUN   TestStableCheckedTokenReentrantReleaseIsBusyAndRetryConsumesOnce\n"}
{"Action":"output","Package":"github.com/snissn/gomap/TreeDB/internal/rootpublication","Test":"TestStableCheckedTokenReentrantReleaseIsBusyAndRetryConsumesOnce","Output":"--- PASS: TestStableCheckedTokenReentrantReleaseIsBusyAndRetryConsumesOnce (0.00s)\n"}
{"Action":"pass","Package":"github.com/snissn/gomap/TreeDB/internal/rootpublication","Test":"TestStableCheckedTokenReentrantReleaseIsBusyAndRetryConsumesOnce"}
{"Action":"run","Package":"github.com/snissn/gomap/TreeDB/internal/rootpublication","Test":"TestStableConcatCleanupPreservesCompleteChildErrorWithoutReplay"}
{"Action":"output","Package":"github.com/snissn/gomap/TreeDB/internal/rootpublication","Test":"TestStableConcatCleanupPreservesCompleteChildErrorWithoutReplay","Output":"=== RUN   TestStableConcatCleanupPreservesCompleteChildErrorWithoutReplay\n"}
{"Action":"output","Package":"github.com/snissn/gomap/TreeDB/internal/rootpublication","Test":"TestStableConcatCleanupPreservesCompleteChildErrorWithoutReplay","Output":"--- PASS: TestStableConcatCleanupPreservesCompleteChildErrorWithoutReplay (0.00s)\n"}
{"Action":"pass","Package":"github.com/snissn/gomap/TreeDB/internal/rootpublication","Test":"TestStableConcatCleanupPreservesCompleteChildErrorWithoutReplay"}
{"Action":"run","Package":"github.com/snissn/gomap/TreeDB/internal/rootpublication","Test":"TestStableResourceTokenSyncUsesPinnedIdentityAfterRenameRecreate"}
{"Action":"output","Package":"github.com/snissn/gomap/TreeDB/internal/rootpublication","Test":"TestStableResourceTokenSyncUsesPinnedIdentityAfterRenameRecreate","Output":"=== RUN   TestStableResourceTokenSyncUsesPinnedIdentityAfterRenameRecreate\n"}
{"Action":"output","Package":"github.com/snissn/gomap/TreeDB/internal/rootpublication","Test":"TestStableResourceTokenSyncUsesPinnedIdentityAfterRenameRecreate","Output":"--- PASS: TestStableResourceTokenSyncUsesPinnedIdentityAfterRenameRecreate (0.00s)\n"}
{"Action":"pass","Package":"github.com/snissn/gomap/TreeDB/internal/rootpublication","Test":"TestStableResourceTokenSyncUsesPinnedIdentityAfterRenameRecreate"}
{"Action":"run","Package":"github.com/snissn/gomap/TreeDB/internal/rootpublication","Test":"TestCloneStableResourceSetUsesExactHandlesAndIndependentPins"}
{"Action":"output","Package":"github.com/snissn/gomap/TreeDB/internal/rootpublication","Test":"TestCloneStableResourceSetUsesExactHandlesAndIndependentPins","Output":"=== RUN   TestCloneStableResourceSetUsesExactHandlesAndIndependentPins\n"}
{"Action":"output","Package":"github.com/snissn/gomap/TreeDB/internal/rootpublication","Test":"TestCloneStableResourceSetUsesExactHandlesAndIndependentPins","Output":"--- PASS: TestCloneStableResourceSetUsesExactHandlesAndIndependentPins (0.00s)\n"}
{"Action":"pass","Package":"github.com/snissn/gomap/TreeDB/internal/rootpublication","Test":"TestCloneStableResourceSetUsesExactHandlesAndIndependentPins"}
{"Action":"run","Package":"github.com/snissn/gomap/TreeDB/internal/rootpublication","Test":"TestCloneStableResourceSetFiltersExactLogicalObligationClosure"}
{"Action":"output","Package":"github.com/snissn/gomap/TreeDB/internal/rootpublication","Test":"TestCloneStableResourceSetFiltersExactLogicalObligationClosure","Output":"=== RUN   TestCloneStableResourceSetFiltersExactLogicalObligationClosure\n"}
{"Action":"output","Package":"github.com/snissn/gomap/TreeDB/internal/rootpublication","Test":"TestCloneStableResourceSetFiltersExactLogicalObligationClosure","Output":"--- PASS: TestCloneStableResourceSetFiltersExactLogicalObligationClosure (0.00s)\n"}
{"Action":"pass","Package":"github.com/snissn/gomap/TreeDB/internal/rootpublication","Test":"TestCloneStableResourceSetFiltersExactLogicalObligationClosure"}
{"Action":"run","Package":"github.com/snissn/gomap/TreeDB/internal/rootpublication","Test":"TestCloneStableResourceSetReportsPhysicalAndLogicalWorkSeparately"}
{"Action":"output","Package":"github.com/snissn/gomap/TreeDB/internal/rootpublication","Test":"TestCloneStableResourceSetReportsPhysicalAndLogicalWorkSeparately","Output":"=== RUN   TestCloneStableResourceSetReportsPhysicalAndLogicalWorkSeparately\n"}
{"Action":"output","Package":"github.com/snissn/gomap/TreeDB/internal/rootpublication","Test":"TestCloneStableResourceSetReportsPhysicalAndLogicalWorkSeparately","Output":"--- PASS: TestCloneStableResourceSetReportsPhysicalAndLogicalWorkSeparately (0.00s)\n"}
{"Action":"pass","Package":"github.com/snissn/gomap/TreeDB/internal/rootpublication","Test":"TestCloneStableResourceSetReportsPhysicalAndLogicalWorkSeparately"}
{"Action":"run","Package":"github.com/snissn/gomap/TreeDB/internal/rootpublication","Test":"TestStableResourceSetRejectsDataStableNamespaceUnstable"}
{"Action":"output","Package":"github.com/snissn/gomap/TreeDB/internal/rootpublication","Test":"TestStableResourceSetRejectsDataStableNamespaceUnstable","Output":"=== RUN   TestStableResourceSetRejectsDataStableNamespaceUnstable\n"}
{"Action":"output","Package":"github.com/snissn/gomap/TreeDB/internal/rootpublication","Test":"TestStableResourceSetRejectsDataStableNamespaceUnstable","Output":"--- PASS: TestStableResourceSetRejectsDataStableNamespaceUnstable (0.00s)\n"}
{"Action":"pass","Package":"github.com/snissn/gomap/TreeDB/internal/rootpublication","Test":"TestStableResourceSetRejectsDataStableNamespaceUnstable"}
{"Action":"run","Package":"github.com/snissn/gomap/TreeDB/internal/rootpublication","Test":"TestStableResourceNamespaceRequiresExactLinkedChild"}
{"Action":"output","Package":"github.com/snissn/gomap/TreeDB/internal/rootpublication","Test":"TestStableResourceNamespaceRequiresExactLinkedChild","Output":"=== RUN   TestStableResourceNamespaceRequiresExactLinkedChild\n"}
{"Action":"output","Package":"github.com/snissn/gomap/TreeDB/internal/rootpublication","Test":"TestStableResourceNamespaceRequiresExactLinkedChild","Output":"--- PASS: TestStableResourceNamespaceRequiresExactLinkedChild (0.00s)\n"}
{"Action":"pass","Package":"github.com/snissn/gomap/TreeDB/internal/rootpublication","Test":"TestStableResourceNamespaceRequiresExactLinkedChild"}
{"Action":"run","Package":"github.com/snissn/gomap/TreeDB/internal/rootpublication","Test":"TestStableResourceNamespaceAcceptsExactLinkedChild"}
{"Action":"output","Package":"github.com/snissn/gomap/TreeDB/internal/rootpublication","Test":"TestStableResourceNamespaceAcceptsExactLinkedChild","Output":"=== RUN   TestStableResourceNamespaceAcceptsExactLinkedChild\n"}
{"Action":"output","Package":"github.com/snissn/gomap/TreeDB/internal/rootpublication","Test":"TestStableResourceNamespaceAcceptsExactLinkedChild","Output":"--- PASS: TestStableResourceNamespaceAcceptsExactLinkedChild (0.00s)\n"}
{"Action":"pass","Package":"github.com/snissn/gomap/TreeDB/internal/rootpublication","Test":"TestStableResourceNamespaceAcceptsExactLinkedChild"}
{"Action":"run","Package":"github.com/snissn/gomap/TreeDB/internal/rootpublication","Test":"TestStableResourceMetricsSeparateFileAndNamespaceOperations"}
{"Action":"output","Package":"github.com/snissn/gomap/TreeDB/internal/rootpublication","Test":"TestStableResourceMetricsSeparateFileAndNamespaceOperations","Output":"=== RUN   TestStableResourceMetricsSeparateFileAndNamespaceOperations\n"}
{"Action":"output","Package":"github.com/snissn/gomap/TreeDB/internal/rootpublication","Test":"TestStableResourceMetricsSeparateFileAndNamespaceOperations","Output":"--- PASS: TestStableResourceMetricsSeparateFileAndNamespaceOperations (0.00s)\n"}
{"Action":"pass","Package":"github.com/snissn/gomap/TreeDB/internal/rootpublication","Test":"TestStableResourceMetricsSeparateFileAndNamespaceOperations"}
{"Action":"run","Package":"github.com/snissn/gomap/TreeDB/internal/rootpublication","Test":"TestStableResourceBuilderDistinctPhysicalLookupWorkIsBounded"}
{"Action":"output","Package":"github.com/snissn/gomap/TreeDB/internal/rootpublication","Test":"TestStableResourceBuilderDistinctPhysicalLookupWorkIsBounded","Output":"=== RUN   TestStableResourceBuilderDistinctPhysicalLookupWorkIsBounded\n"}
{"Action":"output","Package":"github.com/snissn/gomap/TreeDB/internal/rootpublication","Test":"TestStableResourceBuilderDistinctPhysicalLookupWorkIsBounded","Output":"--- PASS: TestStableResourceBuilderDistinctPhysicalLookupWorkIsBounded (0.02s)\n"}
{"Action":"pass","Package":"github.com/snissn/gomap/TreeDB/internal/rootpublication","Test":"TestStableResourceBuilderDistinctPhysicalLookupWorkIsBounded"}
{"Action":"run","Package":"github.com/snissn/gomap/TreeDB/internal/rootpublication","Test":"TestStableResourceSetDependencyManifestEncodingReusesRetainedEntries"}
{"Action":"output","Package":"github.com/snissn/gomap/TreeDB/internal/rootpublication","Test":"TestStableResourceSetDependencyManifestEncodingReusesRetainedEntries","Output":"=== RUN   TestStableResourceSetDependencyManifestEncodingReusesRetainedEntries\n"}
{"Action":"output","Package":"github.com/snissn/gomap/TreeDB/internal/rootpublication","Test":"TestStableResourceSetDependencyManifestEncodingReusesRetainedEntries","Output":"    resource_contract_test.go:172: cached manifest assembly: entries=4096 payload=846781 bytes/build=32952 limit=1890170\n"}
{"Action":"output","Package":"github.com/snissn/gomap/TreeDB/internal/rootpublication","Test":"TestStableResourceSetDependencyManifestEncodingReusesRetainedEntries","Output":"--- PASS: TestStableResourceSetDependencyManifestEncodingReusesRetainedEntries (0.02s)\n"}
{"Action":"pass","Package":"github.com/snissn/gomap/TreeDB/internal/rootpublication","Test":"TestStableResourceSetDependencyManifestEncodingReusesRetainedEntries"}
{"Action":"run","Package":"github.com/snissn/gomap/TreeDB/internal/rootpublication","Test":"TestStableResourceSetDependencyManifestSurvivesCoalescingAndRelease"}
{"Action":"output","Package":"github.com/snissn/gomap/TreeDB/internal/rootpublication","Test":"TestStableResourceSetDependencyManifestSurvivesCoalescingAndRelease","Output":"=== RUN   TestStableResourceSetDependencyManifestSurvivesCoalescingAndRelease\n"}
{"Action":"output","Package":"github.com/snissn/gomap/TreeDB/internal/rootpublication","Test":"TestStableResourceSetDependencyManifestSurvivesCoalescingAndRelease","Output":"--- PASS: TestStableResourceSetDependencyManifestSurvivesCoalescingAndRelease (0.00s)\n"}
{"Action":"pass","Package":"github.com/snissn/gomap/TreeDB/internal/rootpublication","Test":"TestStableResourceSetDependencyManifestSurvivesCoalescingAndRelease"}
{"Action":"run","Package":"github.com/snissn/gomap/TreeDB/internal/rootpublication","Test":"TestStableResourceBuilderMergeDistinctPhysicalLookupWorkIsBounded"}
{"Action":"output","Package":"github.com/snissn/gomap/TreeDB/internal/rootpublication","Test":"TestStableResourceBuilderMergeDistinctPhysicalLookupWorkIsBounded","Output":"=== RUN   TestStableResourceBuilderMergeDistinctPhysicalLookupWorkIsBounded\n"}
{"Action":"output","Package":"github.com/snissn/gomap/TreeDB/internal/rootpublication","Test":"TestStableResourceBuilderMergeDistinctPhysicalLookupWorkIsBounded","Output":"--- PASS: TestStableResourceBuilderMergeDistinctPhysicalLookupWorkIsBounded (0.03s)\n"}
{"Action":"pass","Package":"github.com/snissn/gomap/TreeDB/internal/rootpublication","Test":"TestStableResourceBuilderMergeDistinctPhysicalLookupWorkIsBounded"}
{"Action":"run","Package":"github.com/snissn/gomap/TreeDB/internal/rootpublication","Test":"TestStableResourceBuilderRepresentativeReplacementUpdatesLogicalLookup"}
{"Action":"output","Package":"github.com/snissn/gomap/TreeDB/internal/rootpublication","Test":"TestStableResourceBuilderRepresentativeReplacementUpdatesLogicalLookup","Output":"=== RUN   TestStableResourceBuilderRepresentativeReplacementUpdatesLogicalLookup\n"}
{"Action":"output","Package":"github.com/snissn/gomap/TreeDB/internal/rootpublication","Test":"TestStableResourceBuilderRepresentativeReplacementUpdatesLogicalLookup","Output":"--- PASS: TestStableResourceBuilderRepresentativeReplacementUpdatesLogicalLookup (0.00s)\n"}
{"Action":"pass","Package":"github.com/snissn/gomap/TreeDB/internal/rootpublication","Test":"TestStableResourceBuilderRepresentativeReplacementUpdatesLogicalLookup"}
{"Action":"run","Package":"github.com/snissn/gomap/TreeDB/internal/rootpublication","Test":"TestStableResourceBuilderClosureWorkSnapshotConcurrentWithAdd"}
{"Action":"output","Package":"github.com/snissn/gomap/TreeDB/internal/rootpublication","Test":"TestStableResourceBuilderClosureWorkSnapshotConcurrentWithAdd","Output":"=== RUN   TestStableResourceBuilderClosureWorkSnapshotConcurrentWithAdd\n"}
{"Action":"output","Package":"github.com/snissn/gomap/TreeDB/internal/rootpublication","Test":"TestStableResourceBuilderClosureWorkSnapshotConcurrentWithAdd","Output":"--- PASS: TestStableResourceBuilderClosureWorkSnapshotConcurrentWithAdd (0.00s)\n"}
{"Action":"pass","Package":"github.com/snissn/gomap/TreeDB/internal/rootpublication","Test":"TestStableResourceBuilderClosureWorkSnapshotConcurrentWithAdd"}
{"Action":"run","Package":"github.com/snissn/gomap/TreeDB/internal/rootpublication","Test":"TestCloneStableResourceSetSharesCustomSyncHandle"}
{"Action":"output","Package":"github.com/snissn/gomap/TreeDB/internal/rootpublication","Test":"TestCloneStableResourceSetSharesCustomSyncHandle","Output":"=== RUN   TestCloneStableResourceSetSharesCustomSyncHandle\n"}
{"Action":"output","Package":"github.com/snissn/gomap/TreeDB/internal/rootpublication","Test":"TestCloneStableResourceSetSharesCustomSyncHandle","Output":"--- PASS: TestCloneStableResourceSetSharesCustomSyncHandle (0.00s)\n"}
{"Action":"pass","Package":"github.com/snissn/gomap/TreeDB/internal/rootpublication","Test":"TestCloneStableResourceSetSharesCustomSyncHandle"}
{"Action":"run","Package":"github.com/snissn/gomap/TreeDB/internal/rootpublication","Test":"TestStableResourceSetRetainsRotatedIdentitiesAndGreatestFrontier"}
{"Action":"output","Package":"github.com/snissn/gomap/TreeDB/internal/rootpublication","Test":"TestStableResourceSetRetainsRotatedIdentitiesAndGreatestFrontier","Output":"=== RUN   TestStableResourceSetRetainsRotatedIdentitiesAndGreatestFrontier\n"}
{"Action":"output","Package":"github.com/snissn/gomap/TreeDB/internal/rootpublication","Test":"TestStableResourceSetRetainsRotatedIdentitiesAndGreatestFrontier","Output":"--- PASS: TestStableResourceSetRetainsRotatedIdentitiesAndGreatestFrontier (0.00s)\n"}
{"Action":"pass","Package":"github.com/snissn/gomap/TreeDB/internal/rootpublication","Test":"TestStableResourceSetRetainsRotatedIdentitiesAndGreatestFrontier"}
{"Action":"run","Package":"github.com/snissn/gomap/TreeDB/internal/rootpublication","Test":"TestStableResourceSetUnionsExactRIDMembershipAndExposesCoalescedDescriptor"}
{"Action":"output","Package":"github.com/snissn/gomap/TreeDB/internal/rootpublication","Test":"TestStableResourceSetUnionsExactRIDMembershipAndExposesCoalescedDescriptor","Output":"=== RUN   TestStableResourceSetUnionsExactRIDMembershipAndExposesCoalescedDescriptor\n"}
{"Action":"run","Package":"github.com/snissn/gomap/TreeDB/internal/rootpublication","Test":"TestStableResourceSetUnionsExactRIDMembershipAndExposesCoalescedDescriptor/reverse=false"}
{"Action":"output","Package":"github.com/snissn/gomap/TreeDB/internal/rootpublication","Test":"TestStableResourceSetUnionsExactRIDMembershipAndExposesCoalescedDescriptor/reverse=false","Output":"=== RUN   TestStableResourceSetUnionsExactRIDMembershipAndExposesCoalescedDescriptor/reverse=false\n"}
{"Action":"output","Package":"github.com/snissn/gomap/TreeDB/internal/rootpublication","Test":"TestStableResourceSetUnionsExactRIDMembershipAndExposesCoalescedDescriptor/reverse=false","Output":"--- PASS: TestStableResourceSetUnionsExactRIDMembershipAndExposesCoalescedDescriptor/reverse=false (0.00s)\n"}
{"Action":"pass","Package":"github.com/snissn/gomap/TreeDB/internal/rootpublication","Test":"TestStableResourceSetUnionsExactRIDMembershipAndExposesCoalescedDescriptor/reverse=false"}
{"Action":"run","Package":"github.com/snissn/gomap/TreeDB/internal/rootpublication","Test":"TestStableResourceSetUnionsExactRIDMembershipAndExposesCoalescedDescriptor/reverse=true"}
{"Action":"output","Package":"github.com/snissn/gomap/TreeDB/internal/rootpublication","Test":"TestStableResourceSetUnionsExactRIDMembershipAndExposesCoalescedDescriptor/reverse=true","Output":"=== RUN   TestStableResourceSetUnionsExactRIDMembershipAndExposesCoalescedDescriptor/reverse=true\n"}
{"Action":"output","Package":"github.com/snissn/gomap/TreeDB/internal/rootpublication","Test":"TestStableResourceSetUnionsExactRIDMembershipAndExposesCoalescedDescriptor/reverse=true","Output":"--- PASS: TestStableResourceSetUnionsExactRIDMembershipAndExposesCoalescedDescriptor/reverse=true (0.00s)\n"}
{"Action":"pass","Package":"github.com/snissn/gomap/TreeDB/internal/rootpublication","Test":"TestStableResourceSetUnionsExactRIDMembershipAndExposesCoalescedDescriptor/reverse=true"}
{"Action":"output","Package":"github.com/snissn/gomap/TreeDB/internal/rootpublication","Test":"TestStableResourceSetUnionsExactRIDMembershipAndExposesCoalescedDescriptor","Output":"--- PASS: TestStableResourceSetUnionsExactRIDMembershipAndExposesCoalescedDescriptor (0.00s)\n"}
{"Action":"pass","Package":"github.com/snissn/gomap/TreeDB/internal/rootpublication","Test":"TestStableResourceSetUnionsExactRIDMembershipAndExposesCoalescedDescriptor"}
{"Action":"run","Package":"github.com/snissn/gomap/TreeDB/internal/rootpublication","Test":"TestStableResourceSetRejectsConflictingLogicalObligationAtomically"}
{"Action":"output","Package":"github.com/snissn/gomap/TreeDB/internal/rootpublication","Test":"TestStableResourceSetRejectsConflictingLogicalObligationAtomically","Output":"=== RUN   TestStableResourceSetRejectsConflictingLogicalObligationAtomically\n"}
{"Action":"output","Package":"github.com/snissn/gomap/TreeDB/internal/rootpublication","Test":"TestStableResourceSetRejectsConflictingLogicalObligationAtomically","Output":"--- PASS: TestStableResourceSetRejectsConflictingLogicalObligationAtomically (0.00s)\n"}
{"Action":"pass","Package":"github.com/snissn/gomap/TreeDB/internal/rootpublication","Test":"TestStableResourceSetRejectsConflictingLogicalObligationAtomically"}
{"Action":"run","Package":"github.com/snissn/gomap/TreeDB/internal/rootpublication","Test":"TestStableResourceSetLargeLogicalObligationIndexRejectsConflictAtomically"}
{"Action":"output","Package":"github.com/snissn/gomap/TreeDB/internal/rootpublication","Test":"TestStableResourceSetLargeLogicalObligationIndexRejectsConflictAtomically","Output":"=== RUN   TestStableResourceSetLargeLogicalObligationIndexRejectsConflictAtomically\n"}
{"Action":"output","Package":"github.com/snissn/gomap/TreeDB/internal/rootpublication","Test":"TestStableResourceSetLargeLogicalObligationIndexRejectsConflictAtomically","Output":"--- PASS: TestStableResourceSetLargeLogicalObligationIndexRejectsConflictAtomically (0.00s)\n"}
{"Action":"pass","Package":"github.com/snissn/gomap/TreeDB/internal/rootpublication","Test":"TestStableResourceSetLargeLogicalObligationIndexRejectsConflictAtomically"}
{"Action":"run","Package":"github.com/snissn/gomap/TreeDB/internal/rootpublication","Test":"TestStableResourceSetRejectedLogicalObligationBatchDoesNotLeakEarlierAddition"}
{"Action":"output","Package":"github.com/snissn/gomap/TreeDB/internal/rootpublication","Test":"TestStableResourceSetRejectedLogicalObligationBatchDoesNotLeakEarlierAddition","Output":"=== RUN   TestStableResourceSetRejectedLogicalObligationBatchDoesNotLeakEarlierAddition\n"}
{"Action":"output","Package":"github.com/snissn/gomap/TreeDB/internal/rootpublication","Test":"TestStableResourceSetRejectedLogicalObligationBatchDoesNotLeakEarlierAddition","Output":"--- PASS: TestStableResourceSetRejectedLogicalObligationBatchDoesNotLeakEarlierAddition (0.00s)\n"}
{"Action":"pass","Package":"github.com/snissn/gomap/TreeDB/internal/rootpublication","Test":"TestStableResourceSetRejectedLogicalObligationBatchDoesNotLeakEarlierAddition"}
{"Action":"run","Package":"github.com/snissn/gomap/TreeDB/internal/rootpublication","Test":"TestStableResourceSetRejectedLargeLogicalObligationBatchDoesNotLeakEarlierAddition"}
{"Action":"output","Package":"github.com/snissn/gomap/TreeDB/internal/rootpublication","Test":"TestStableResourceSetRejectedLargeLogicalObligationBatchDoesNotLeakEarlierAddition","Output":"=== RUN   TestStableResourceSetRejectedLargeLogicalObligationBatchDoesNotLeakEarlierAddition\n"}
{"Action":"output","Package":"github.com/snissn/gomap/TreeDB/internal/rootpublication","Test":"TestStableResourceSetRejectedLargeLogicalObligationBatchDoesNotLeakEarlierAddition","Output":"--- PASS: TestStableResourceSetRejectedLargeLogicalObligationBatchDoesNotLeakEarlierAddition (0.00s)\n"}
{"Action":"pass","Package":"github.com/snissn/gomap/TreeDB/internal/rootpublication","Test":"TestStableResourceSetRejectedLargeLogicalObligationBatchDoesNotLeakEarlierAddition"}
{"Action":"run","Package":"github.com/snissn/gomap/TreeDB/internal/rootpublication","Test":"TestStableResourceTokenCapturesSingleLogicalObligationByValue"}
{"Action":"output","Package":"github.com/snissn/gomap/TreeDB/internal/rootpublication","Test":"TestStableResourceTokenCapturesSingleLogicalObligationByValue","Output":"=== RUN   TestStableResourceTokenCapturesSingleLogicalObligationByValue\n"}
{"Action":"output","Package":"github.com/snissn/gomap/TreeDB/internal/rootpublication","Test":"TestStableResourceTokenCapturesSingleLogicalObligationByValue","Output":"--- PASS: TestStableResourceTokenCapturesSingleLogicalObligationByValue (0.00s)\n"}
{"Action":"pass","Package":"github.com/snissn/gomap/TreeDB/internal/rootpublication","Test":"TestStableResourceTokenCapturesSingleLogicalObligationByValue"}
{"Action":"run","Package":"github.com/snissn/gomap/TreeDB/internal/rootpublication","Test":"TestStableResourceTokenCapturesExactRIDMembershipByValue"}
{"Action":"output","Package":"github.com/snissn/gomap/TreeDB/internal/rootpublication","Test":"TestStableResourceTokenCapturesExactRIDMembershipByValue","Output":"=== RUN   TestStableResourceTokenCapturesExactRIDMembershipByValue\n"}
{"Action":"output","Package":"github.com/snissn/gomap/TreeDB/internal/rootpublication","Test":"TestStableResourceTokenCapturesExactRIDMembershipByValue","Output":"--- PASS: TestStableResourceTokenCapturesExactRIDMembershipByValue (0.00s)\n"}
{"Action":"pass","Package":"github.com/snissn/gomap/TreeDB/internal/rootpublication","Test":"TestStableResourceTokenCapturesExactRIDMembershipByValue"}
{"Action":"run","Package":"github.com/snissn/gomap/TreeDB/internal/rootpublication","Test":"TestStableResourceTokenRejectsRIDSummaryWithoutExactMembership"}
{"Action":"output","Package":"github.com/snissn/gomap/TreeDB/internal/rootpublication","Test":"TestStableResourceTokenRejectsRIDSummaryWithoutExactMembership","Output":"=== RUN   TestStableResourceTokenRejectsRIDSummaryWithoutExactMembership\n"}
{"Action":"output","Package":"github.com/snissn/gomap/TreeDB/internal/rootpublication","Test":"TestStableResourceTokenRejectsRIDSummaryWithoutExactMembership","Output":"--- PASS: TestStableResourceTokenRejectsRIDSummaryWithoutExactMembership (0.00s)\n"}
{"Action":"pass","Package":"github.com/snissn/gomap/TreeDB/internal/rootpublication","Test":"TestStableResourceTokenRejectsRIDSummaryWithoutExactMembership"}
{"Action":"run","Package":"github.com/snissn/gomap/TreeDB/internal/rootpublication","Test":"TestStableResourceSetSyncUsesCoalescedGreatestFrontier"}
{"Action":"output","Package":"github.com/snissn/gomap/TreeDB/internal/rootpublication","Test":"TestStableResourceSetSyncUsesCoalescedGreatestFrontier","Output":"=== RUN   TestStableResourceSetSyncUsesCoalescedGreatestFrontier\n"}
{"Action":"output","Package":"github.com/snissn/gomap/TreeDB/internal/rootpublication","Test":"TestStableResourceSetSyncUsesCoalescedGreatestFrontier","Output":"--- PASS: TestStableResourceSetSyncUsesCoalescedGreatestFrontier (0.00s)\n"}
{"Action":"pass","Package":"github.com/snissn/gomap/TreeDB/internal/rootpublication","Test":"TestStableResourceSetSyncUsesCoalescedGreatestFrontier"}
{"Action":"run","Package":"github.com/snissn/gomap/TreeDB/internal/rootpublication","Test":"TestStableResourceSetLogicalClonePreservesContentCertificate"}
{"Action":"output","Package":"github.com/snissn/gomap/TreeDB/internal/rootpublication","Test":"TestStableResourceSetLogicalClonePreservesContentCertificate","Output":"=== RUN   TestStableResourceSetLogicalClonePreservesContentCertificate\n"}
{"Action":"run","Package":"github.com/snissn/gomap/TreeDB/internal/rootpublication","Test":"TestStableResourceSetLogicalClonePreservesContentCertificate/scoped=false/certified=0"}
{"Action":"output","Package":"github.com/snissn/gomap/TreeDB/internal/rootpublication","Test":"TestStableResourceSetLogicalClonePreservesContentCertificate/scoped=false/certified=0","Output":"=== RUN   TestStableResourceSetLogicalClonePreservesContentCertificate/scoped=false/certified=0\n"}
{"Action":"output","Package":"github.com/snissn/gomap/TreeDB/internal/rootpublication","Test":"TestStableResourceSetLogicalClonePreservesContentCertificate/scoped=false/certified=0","Output":"--- PASS: TestStableResourceSetLogicalClonePreservesContentCertificate/scoped=false/certified=0 (0.00s)\n"}
{"Action":"pass","Package":"github.com/snissn/gomap/TreeDB/internal/rootpublication","Test":"TestStableResourceSetLogicalClonePreservesContentCertificate/scoped=false/certified=0"}
{"Action":"run","Package":"github.com/snissn/gomap/TreeDB/internal/rootpublication","Test":"TestStableResourceSetLogicalClonePreservesContentCertificate/scoped=false/certified=8"}
{"Action":"output","Package":"github.com/snissn/gomap/TreeDB/internal/rootpublication","Test":"TestStableResourceSetLogicalClonePreservesContentCertificate/scoped=false/certified=8","Output":"=== RUN   TestStableResourceSetLogicalClonePreservesContentCertificate/scoped=false/certified=8\n"}
{"Action":"output","Package":"github.com/snissn/gomap/TreeDB/internal/rootpublication","Test":"TestStableResourceSetLogicalClonePreservesContentCertificate/scoped=false/certified=8","Output":"--- PASS: TestStableResourceSetLogicalClonePreservesContentCertificate/scoped=false/certified=8 (0.00s)\n"}
{"Action":"pass","Package":"github.com/snissn/gomap/TreeDB/internal/rootpublication","Test":"TestStableResourceSetLogicalClonePreservesContentCertificate/scoped=false/certified=8"}
{"Action":"run","Package":"github.com/snissn/gomap/TreeDB/internal/rootpublication","Test":"TestStableResourceSetLogicalClonePreservesContentCertificate/scoped=false/certified=16"}
{"Action":"output","Package":"github.com/snissn/gomap/TreeDB/internal/rootpublication","Test":"TestStableResourceSetLogicalClonePreservesContentCertificate/scoped=false/certified=16","Output":"=== RUN   TestStableResourceSetLogicalClonePreservesContentCertificate/scoped=false/certified=16\n"}
{"Action":"output","Package":"github.com/snissn/gomap/TreeDB/internal/rootpublication","Test":"TestStableResourceSetLogicalClonePreservesContentCertificate/scoped=false/certified=16","Output":"--- PASS: TestStableResourceSetLogicalClonePreservesContentCertificate/scoped=false/certified=16 (0.00s)\n"}
{"Action":"pass","Package":"github.com/snissn/gomap/TreeDB/internal/rootpublication","Test":"TestStableResourceSetLogicalClonePreservesContentCertificate/scoped=false/certified=16"}
{"Action":"run","Package":"github.com/snissn/gomap/TreeDB/internal/rootpublication","Test":"TestStableResourceSetLogicalClonePreservesContentCertificate/scoped=true/certified=0"}
{"Action":"output","Package":"github.com/snissn/gomap/TreeDB/internal/rootpublication","Test":"TestStableResourceSetLogicalClonePreservesContentCertificate/scoped=true/certified=0","Output":"=== RUN   TestStableResourceSetLogicalClonePreservesContentCertificate/scoped=true/certified=0\n"}
{"Action":"output","Package":"github.com/snissn/gomap/TreeDB/internal/rootpublication","Test":"TestStableResourceSetLogicalClonePreservesContentCertificate/scoped=true/certified=0","Output":"--- PASS: TestStableResourceSetLogicalClonePreservesContentCertificate/scoped=true/certified=0 (0.00s)\n"}
{"Action":"pass","Package":"github.com/snissn/gomap/TreeDB/internal/rootpublication","Test":"TestStableResourceSetLogicalClonePreservesContentCertificate/scoped=true/certified=0"}
{"Action":"run","Package":"github.com/snissn/gomap/TreeDB/internal/rootpublication","Test":"TestStableResourceSetLogicalClonePreservesContentCertificate/scoped=true/certified=8"}
{"Action":"output","Package":"github.com/snissn/gomap/TreeDB/internal/rootpublication","Test":"TestStableResourceSetLogicalClonePreservesContentCertificate/scoped=true/certified=8","Output":"=== RUN   TestStableResourceSetLogicalClonePreservesContentCertificate/scoped=true/certified=8\n"}
{"Action":"output","Package":"github.com/snissn/gomap/TreeDB/internal/rootpublication","Test":"TestStableResourceSetLogicalClonePreservesContentCertificate/scoped=true/certified=8","Output":"--- PASS: TestStableResourceSetLogicalClonePreservesContentCertificate/scoped=true/certified=8 (0.00s)\n"}
{"Action":"pass","Package":"github.com/snissn/gomap/TreeDB/internal/rootpublication","Test":"TestStableResourceSetLogicalClonePreservesContentCertificate/scoped=true/certified=8"}
{"Action":"run","Package":"github.com/snissn/gomap/TreeDB/internal/rootpublication","Test":"TestStableResourceSetLogicalClonePreservesContentCertificate/scoped=true/certified=16"}
{"Action":"output","Package":"github.com/snissn/gomap/TreeDB/internal/rootpublication","Test":"TestStableResourceSetLogicalClonePreservesContentCertificate/scoped=true/certified=16","Output":"=== RUN   TestStableResourceSetLogicalClonePreservesContentCertificate/scoped=true/certified=16\n"}
{"Action":"output","Package":"github.com/snissn/gomap/TreeDB/internal/rootpublication","Test":"TestStableResourceSetLogicalClonePreservesContentCertificate/scoped=true/certified=16","Output":"--- PASS: TestStableResourceSetLogicalClonePreservesContentCertificate/scoped=true/certified=16 (0.00s)\n"}
{"Action":"pass","Package":"github.com/snissn/gomap/TreeDB/internal/rootpublication","Test":"TestStableResourceSetLogicalClonePreservesContentCertificate/scoped=true/certified=16"}
{"Action":"output","Package":"github.com/snissn/gomap/TreeDB/internal/rootpublication","Test":"TestStableResourceSetLogicalClonePreservesContentCertificate","Output":"--- PASS: TestStableResourceSetLogicalClonePreservesContentCertificate (0.02s)\n"}
{"Action":"pass","Package":"github.com/snissn/gomap/TreeDB/internal/rootpublication","Test":"TestStableResourceSetLogicalClonePreservesContentCertificate"}
{"Action":"run","Package":"github.com/snissn/gomap/TreeDB/internal/rootpublication","Test":"TestStableResourceSetMergeFrozenUnsyncedChildPreservesSyncRequirement"}
{"Action":"output","Package":"github.com/snissn/gomap/TreeDB/internal/rootpublication","Test":"TestStableResourceSetMergeFrozenUnsyncedChildPreservesSyncRequirement","Output":"=== RUN   TestStableResourceSetMergeFrozenUnsyncedChildPreservesSyncRequirement\n"}
{"Action":"output","Package":"github.com/snissn/gomap/TreeDB/internal/rootpublication","Test":"TestStableResourceSetMergeFrozenUnsyncedChildPreservesSyncRequirement","Output":"--- PASS: TestStableResourceSetMergeFrozenUnsyncedChildPreservesSyncRequirement (0.00s)\n"}
{"Action":"pass","Package":"github.com/snissn/gomap/TreeDB/internal/rootpublication","Test":"TestStableResourceSetMergeFrozenUnsyncedChildPreservesSyncRequirement"}
{"Action":"run","Package":"github.com/snissn/gomap/TreeDB/internal/rootpublication","Test":"TestStableResourceSetAlreadySyncedTokenDoesNotCoverAdvancedCoalescedFrontier"}
{"Action":"output","Package":"github.com/snissn/gomap/TreeDB/internal/rootpublication","Test":"TestStableResourceSetAlreadySyncedTokenDoesNotCoverAdvancedCoalescedFrontier","Output":"=== RUN   TestStableResourceSetAlreadySyncedTokenDoesNotCoverAdvancedCoalescedFrontier\n"}
{"Action":"run","Package":"github.com/snissn/gomap/TreeDB/internal/rootpublication","Test":"TestStableResourceSetAlreadySyncedTokenDoesNotCoverAdvancedCoalescedFrontier/synced-first=true"}
{"Action":"output","Package":"github.com/snissn/gomap/TreeDB/internal/rootpublication","Test":"TestStableResourceSetAlreadySyncedTokenDoesNotCoverAdvancedCoalescedFrontier/synced-first=true","Output":"=== RUN   TestStableResourceSetAlreadySyncedTokenDoesNotCoverAdvancedCoalescedFrontier/synced-first=true\n"}
{"Action":"output","Package":"github.com/snissn/gomap/TreeDB/internal/rootpublication","Test":"TestStableResourceSetAlreadySyncedTokenDoesNotCoverAdvancedCoalescedFrontier/synced-first=true","Output":"--- PASS: TestStableResourceSetAlreadySyncedTokenDoesNotCoverAdvancedCoalescedFrontier/synced-first=true (0.00s)\n"}
{"Action":"pass","Package":"github.com/snissn/gomap/TreeDB/internal/rootpublication","Test":"TestStableResourceSetAlreadySyncedTokenDoesNotCoverAdvancedCoalescedFrontier/synced-first=true"}
{"Action":"run","Package":"github.com/snissn/gomap/TreeDB/internal/rootpublication","Test":"TestStableResourceSetAlreadySyncedTokenDoesNotCoverAdvancedCoalescedFrontier/synced-first=false"}
{"Action":"output","Package":"github.com/snissn/gomap/TreeDB/internal/rootpublication","Test":"TestStableResourceSetAlreadySyncedTokenDoesNotCoverAdvancedCoalescedFrontier/synced-first=false","Output":"=== RUN   TestStableResourceSetAlreadySyncedTokenDoesNotCoverAdvancedCoalescedFrontier/synced-first=false\n"}
{"Action":"output","Package":"github.com/snissn/gomap/TreeDB/internal/rootpublication","Test":"TestStableResourceSetAlreadySyncedTokenDoesNotCoverAdvancedCoalescedFrontier/synced-first=false","Output":"--- PASS: TestStableResourceSetAlreadySyncedTokenDoesNotCoverAdvancedCoalescedFrontier/synced-first=false (0.00s)\n"}
{"Action":"pass","Package":"github.com/snissn/gomap/TreeDB/internal/rootpublication","Test":"TestStableResourceSetAlreadySyncedTokenDoesNotCoverAdvancedCoalescedFrontier/synced-first=false"}
{"Action":"output","Package":"github.com/snissn/gomap/TreeDB/internal/rootpublication","Test":"TestStableResourceSetAlreadySyncedTokenDoesNotCoverAdvancedCoalescedFrontier","Output":"--- PASS: TestStableResourceSetAlreadySyncedTokenDoesNotCoverAdvancedCoalescedFrontier (0.01s)\n"}
{"Action":"pass","Package":"github.com/snissn/gomap/TreeDB/internal/rootpublication","Test":"TestStableResourceSetAlreadySyncedTokenDoesNotCoverAdvancedCoalescedFrontier"}
{"Action":"run","Package":"github.com/snissn/gomap/TreeDB/internal/rootpublication","Test":"TestStableResourceTokenSyncedRIDCoverage"}
{"Action":"output","Package":"github.com/snissn/gomap/TreeDB/internal/rootpublication","Test":"TestStableResourceTokenSyncedRIDCoverage","Output":"=== RUN   TestStableResourceTokenSyncedRIDCoverage\n"}
{"Action":"run","Package":"github.com/snissn/gomap/TreeDB/internal/rootpublication","Test":"TestStableResourceTokenSyncedRIDCoverage/equal"}
{"Action":"output","Package":"github.com/snissn/gomap/TreeDB/internal/rootpublication","Test":"TestStableResourceTokenSyncedRIDCoverage/equal","Output":"=== RUN   TestStableResourceTokenSyncedRIDCoverage/equal\n"}
{"Action":"output","Package":"github.com/snissn/gomap/TreeDB/internal/rootpublication","Test":"TestStableResourceTokenSyncedRIDCoverage/equal","Output":"--- PASS: TestStableResourceTokenSyncedRIDCoverage/equal (0.00s)\n"}
{"Action":"pass","Package":"github.com/snissn/gomap/TreeDB/internal/rootpublication","Test":"TestStableResourceTokenSyncedRIDCoverage/equal"}
{"Action":"run","Package":"github.com/snissn/gomap/TreeDB/internal/rootpublication","Test":"TestStableResourceTokenSyncedRIDCoverage/subset"}
{"Action":"output","Package":"github.com/snissn/gomap/TreeDB/internal/rootpublication","Test":"TestStableResourceTokenSyncedRIDCoverage/subset","Output":"=== RUN   TestStableResourceTokenSyncedRIDCoverage/subset\n"}
{"Action":"output","Package":"github.com/snissn/gomap/TreeDB/internal/rootpublication","Test":"TestStableResourceTokenSyncedRIDCoverage/subset","Output":"--- PASS: TestStableResourceTokenSyncedRIDCoverage/subset (0.00s)\n"}
{"Action":"pass","Package":"github.com/snissn/gomap/TreeDB/internal/rootpublication","Test":"TestStableResourceTokenSyncedRIDCoverage/subset"}
{"Action":"run","Package":"github.com/snissn/gomap/TreeDB/internal/rootpublication","Test":"TestStableResourceTokenSyncedRIDCoverage/empty"}
{"Action":"output","Package":"github.com/snissn/gomap/TreeDB/internal/rootpublication","Test":"TestStableResourceTokenSyncedRIDCoverage/empty","Output":"=== RUN   TestStableResourceTokenSyncedRIDCoverage/empty\n"}
{"Action":"output","Package":"github.com/snissn/gomap/TreeDB/internal/rootpublication","Test":"TestStableResourceTokenSyncedRIDCoverage/empty","Output":"--- PASS: TestStableResourceTokenSyncedRIDCoverage/empty (0.00s)\n"}
{"Action":"pass","Package":"github.com/snissn/gomap/TreeDB/internal/rootpublication","Test":"TestStableResourceTokenSyncedRIDCoverage/empty"}
{"Action":"run","Package":"github.com/snissn/gomap/TreeDB/internal/rootpublication","Test":"TestStableResourceTokenSyncedRIDCoverage/same_summary_bounds_different_member"}
{"Action":"output","Package":"github.com/snissn/gomap/TreeDB/internal/rootpublication","Test":"TestStableResourceTokenSyncedRIDCoverage/same_summary_bounds_different_member","Output":"=== RUN   TestStableResourceTokenSyncedRIDCoverage/same_summary_bounds_different_member\n"}
{"Action":"output","Package":"github.com/snissn/gomap/TreeDB/internal/rootpublication","Test":"TestStableResourceTokenSyncedRIDCoverage/same_summary_bounds_different_member","Output":"--- PASS: TestStableResourceTokenSyncedRIDCoverage/same_summary_bounds_different_member (0.00s)\n"}
{"Action":"pass","Package":"github.com/snissn/gomap/TreeDB/internal/rootpublication","Test":"TestStableResourceTokenSyncedRIDCoverage/same_summary_bounds_different_member"}
{"Action":"run","Package":"github.com/snissn/gomap/TreeDB/internal/rootpublication","Test":"TestStableResourceTokenSyncedRIDCoverage/higher_RID"}
{"Action":"output","Package":"github.com/snissn/gomap/TreeDB/internal/rootpublication","Test":"TestStableResourceTokenSyncedRIDCoverage/higher_RID","Output":"=== RUN   TestStableResourceTokenSyncedRIDCoverage/higher_RID\n"}
{"Action":"output","Package":"github.com/snissn/gomap/TreeDB/internal/rootpublication","Test":"TestStableResourceTokenSyncedRIDCoverage/higher_RID","Output":"--- PASS: TestStableResourceTokenSyncedRIDCoverage/higher_RID (0.00s)\n"}
{"Action":"pass","Package":"github.com/snissn/gomap/TreeDB/internal/rootpublication","Test":"TestStableResourceTokenSyncedRIDCoverage/higher_RID"}
{"Action":"run","Package":"github.com/snissn/gomap/TreeDB/internal/rootpublication","Test":"TestStableResourceTokenSyncedRIDCoverage/advanced_bytes"}
{"Action":"output","Package":"github.com/snissn/gomap/TreeDB/internal/rootpublication","Test":"TestStableResourceTokenSyncedRIDCoverage/advanced_bytes","Output":"=== RUN   TestStableResourceTokenSyncedRIDCoverage/advanced_bytes\n"}
{"Action":"output","Package":"github.com/snissn/gomap/TreeDB/internal/rootpublication","Test":"TestStableResourceTokenSyncedRIDCoverage/advanced_bytes","Output":"--- PASS: TestStableResourceTokenSyncedRIDCoverage/advanced_bytes (0.00s)\n"}
{"Action":"pass","Package":"github.com/snissn/gomap/TreeDB/internal/rootpublication","Test":"TestStableResourceTokenSyncedRIDCoverage/advanced_bytes"}
{"Action":"run","Package":"github.com/snissn/gomap/TreeDB/internal/rootpublication","Test":"TestStableResourceTokenSyncedRIDCoverage/advanced_LSN"}
{"Action":"output","Package":"github.com/snissn/gomap/TreeDB/internal/rootpublication","Test":"TestStableResourceTokenSyncedRIDCoverage/advanced_LSN","Output":"=== RUN   TestStableResourceTokenSyncedRIDCoverage/advanced_LSN\n"}
{"Action":"output","Package":"github.com/snissn/gomap/TreeDB/internal/rootpublication","Test":"TestStableResourceTokenSyncedRIDCoverage/advanced_LSN","Output":"--- PASS: TestStableResourceTokenSyncedRIDCoverage/advanced_LSN (0.00s)\n"}
{"Action":"pass","Package":"github.com/snissn/gomap/TreeDB/internal/rootpublication","Test":"TestStableResourceTokenSyncedRIDCoverage/advanced_LSN"}
{"Action":"output","Package":"github.com/snissn/gomap/TreeDB/internal/rootpublication","Test":"TestStableResourceTokenSyncedRIDCoverage","Output":"--- PASS: TestStableResourceTokenSyncedRIDCoverage (0.00s)\n"}
{"Action":"pass","Package":"github.com/snissn/gomap/TreeDB/internal/rootpublication","Test":"TestStableResourceTokenSyncedRIDCoverage"}
{"Action":"run","Package":"github.com/snissn/gomap/TreeDB/internal/rootpublication","Test":"TestStableResourceSetRejectsFrontierIdentityDigestAndGenerationConflicts"}
{"Action":"output","Package":"github.com/snissn/gomap/TreeDB/internal/rootpublication","Test":"TestStableResourceSetRejectsFrontierIdentityDigestAndGenerationConflicts","Output":"=== RUN   TestStableResourceSetRejectsFrontierIdentityDigestAndGenerationConflicts\n"}
{"Action":"run","Package":"github.com/snissn/gomap/TreeDB/internal/rootpublication","Test":"TestStableResourceSetRejectsFrontierIdentityDigestAndGenerationConflicts/frontier_beyond_file"}
{"Action":"output","Package":"github.com/snissn/gomap/TreeDB/internal/rootpublication","Test":"TestStableResourceSetRejectsFrontierIdentityDigestAndGenerationConflicts/frontier_beyond_file","Output":"=== RUN   TestStableResourceSetRejectsFrontierIdentityDigestAndGenerationConflicts/frontier_beyond_file\n"}
{"Action":"output","Package":"github.com/snissn/gomap/TreeDB/internal/rootpublication","Test":"TestStableResourceSetRejectsFrontierIdentityDigestAndGenerationConflicts/frontier_beyond_file","Output":"--- PASS: TestStableResourceSetRejectsFrontierIdentityDigestAndGenerationConflicts/frontier_beyond_file (0.00s)\n"}
{"Action":"pass","Package":"github.com/snissn/gomap/TreeDB/internal/rootpublication","Test":"TestStableResourceSetRejectsFrontierIdentityDigestAndGenerationConflicts/frontier_beyond_file"}
{"Action":"run","Package":"github.com/snissn/gomap/TreeDB/internal/rootpublication","Test":"TestStableResourceSetRejectsFrontierIdentityDigestAndGenerationConflicts/digest"}
{"Action":"output","Package":"github.com/snissn/gomap/TreeDB/internal/rootpublication","Test":"TestStableResourceSetRejectsFrontierIdentityDigestAndGenerationConflicts/digest","Output":"=== RUN   TestStableResourceSetRejectsFrontierIdentityDigestAndGenerationConflicts/digest\n"}
{"Action":"output","Package":"github.com/snissn/gomap/TreeDB/internal/rootpublication","Test":"TestStableResourceSetRejectsFrontierIdentityDigestAndGenerationConflicts/digest","Output":"--- PASS: TestStableResourceSetRejectsFrontierIdentityDigestAndGenerationConflicts/digest (0.00s)\n"}
{"Action":"pass","Package":"github.com/snissn/gomap/TreeDB/internal/rootpublication","Test":"TestStableResourceSetRejectsFrontierIdentityDigestAndGenerationConflicts/digest"}
{"Action":"run","Package":"github.com/snissn/gomap/TreeDB/internal/rootpublication","Test":"TestStableResourceSetRejectsFrontierIdentityDigestAndGenerationConflicts/logical_generation_identity"}
{"Action":"output","Package":"github.com/snissn/gomap/TreeDB/internal/rootpublication","Test":"TestStableResourceSetRejectsFrontierIdentityDigestAndGenerationConflicts/logical_generation_identity","Output":"=== RUN   TestStableResourceSetRejectsFrontierIdentityDigestAndGenerationConflicts/logical_generation_identity\n"}
{"Action":"output","Package":"github.com/snissn/gomap/TreeDB/internal/rootpublication","Test":"TestStableResourceSetRejectsFrontierIdentityDigestAndGenerationConflicts/logical_generation_identity","Output":"--- PASS: TestStableResourceSetRejectsFrontierIdentityDigestAndGenerationConflicts/logical_generation_identity (0.00s)\n"}
{"Action":"pass","Package":"github.com/snissn/gomap/TreeDB/internal/rootpublication","Test":"TestStableResourceSetRejectsFrontierIdentityDigestAndGenerationConflicts/logical_generation_identity"}
{"Action":"output","Package":"github.com/snissn/gomap/TreeDB/internal/rootpublication","Test":"TestStableResourceSetRejectsFrontierIdentityDigestAndGenerationConflicts","Output":"--- PASS: TestStableResourceSetRejectsFrontierIdentityDigestAndGenerationConflicts (0.00s)\n"}
{"Action":"pass","Package":"github.com/snissn/gomap/TreeDB/internal/rootpublication","Test":"TestStableResourceSetRejectsFrontierIdentityDigestAndGenerationConflicts"}
{"Action":"run","Package":"github.com/snissn/gomap/TreeDB/internal/rootpublication","Test":"TestStableResourceNestedUnionMustResolveEveryRequiredChild"}
{"Action":"output","Package":"github.com/snissn/gomap/TreeDB/internal/rootpublication","Test":"TestStableResourceNestedUnionMustResolveEveryRequiredChild","Output":"=== RUN   TestStableResourceNestedUnionMustResolveEveryRequiredChild\n"}
{"Action":"output","Package":"github.com/snissn/gomap/TreeDB/internal/rootpublication","Test":"TestStableResourceNestedUnionMustResolveEveryRequiredChild","Output":"--- PASS: TestStableResourceNestedUnionMustResolveEveryRequiredChild (0.00s)\n"}
{"Action":"pass","Package":"github.com/snissn/gomap/TreeDB/internal/rootpublication","Test":"TestStableResourceNestedUnionMustResolveEveryRequiredChild"}
{"Action":"run","Package":"github.com/snissn/gomap/TreeDB/internal/rootpublication","Test":"TestBuilderMergeReleasesDroppedDuplicateChildPin"}
{"Action":"output","Package":"github.com/snissn/gomap/TreeDB/internal/rootpublication","Test":"TestBuilderMergeReleasesDroppedDuplicateChildPin","Output":"=== RUN   TestBuilderMergeReleasesDroppedDuplicateChildPin\n"}
{"Action":"output","Package":"github.com/snissn/gomap/TreeDB/internal/rootpublication","Test":"TestBuilderMergeReleasesDroppedDuplicateChildPin","Output":"--- PASS: TestBuilderMergeReleasesDroppedDuplicateChildPin (0.00s)\n"}
{"Action":"pass","Package":"github.com/snissn/gomap/TreeDB/internal/rootpublication","Test":"TestBuilderMergeReleasesDroppedDuplicateChildPin"}
{"Action":"run","Package":"github.com/snissn/gomap/TreeDB/internal/rootpublication","Test":"TestBuilderMergeDuplicateChildPinStressDoesNotGrowDescriptors"}
{"Action":"output","Package":"github.com/snissn/gomap/TreeDB/internal/rootpublication","Test":"TestBuilderMergeDuplicateChildPinStressDoesNotGrowDescriptors","Output":"=== RUN   TestBuilderMergeDuplicateChildPinStressDoesNotGrowDescriptors\n"}
{"Action":"output","Package":"github.com/snissn/gomap/TreeDB/internal/rootpublication","Test":"TestBuilderMergeDuplicateChildPinStressDoesNotGrowDescriptors","Output":"--- PASS: TestBuilderMergeDuplicateChildPinStressDoesNotGrowDescriptors (0.01s)\n"}
{"Action":"pass","Package":"github.com/snissn/gomap/TreeDB/internal/rootpublication","Test":"TestBuilderMergeDuplicateChildPinStressDoesNotGrowDescriptors"}
{"Action":"run","Package":"github.com/snissn/gomap/TreeDB/internal/rootpublication","Test":"TestBuilderMergeConflictRetainsBothOwnersTransactionally"}
{"Action":"output","Package":"github.com/snissn/gomap/TreeDB/internal/rootpublication","Test":"TestBuilderMergeConflictRetainsBothOwnersTransactionally","Output":"=== RUN   TestBuilderMergeConflictRetainsBothOwnersTransactionally\n"}
{"Action":"output","Package":"github.com/snissn/gomap/TreeDB/internal/rootpublication","Test":"TestBuilderMergeConflictRetainsBothOwnersTransactionally","Output":"--- PASS: TestBuilderMergeConflictRetainsBothOwnersTransactionally (0.00s)\n"}
{"Action":"pass","Package":"github.com/snissn/gomap/TreeDB/internal/rootpublication","Test":"TestBuilderMergeConflictRetainsBothOwnersTransactionally"}
{"Action":"run","Package":"github.com/snissn/gomap/TreeDB/internal/rootpublication","Test":"TestStableResourceDefaultFlushDoesNotFsync"}
{"Action":"output","Package":"github.com/snissn/gomap/TreeDB/internal/rootpublication","Test":"TestStableResourceDefaultFlushDoesNotFsync","Output":"=== RUN   TestStableResourceDefaultFlushDoesNotFsync\n"}
{"Action":"output","Package":"github.com/snissn/gomap/TreeDB/internal/rootpublication","Test":"TestStableResourceDefaultFlushDoesNotFsync","Output":"--- PASS: TestStableResourceDefaultFlushDoesNotFsync (0.00s)\n"}
{"Action":"pass","Package":"github.com/snissn/gomap/TreeDB/internal/rootpublication","Test":"TestStableResourceDefaultFlushDoesNotFsync"}
{"Action":"run","Package":"github.com/snissn/gomap/TreeDB/internal/rootpublication","Test":"TestStableResourceSetConcurrentReadsAndRelease"}
{"Action":"output","Package":"github.com/snissn/gomap/TreeDB/internal/rootpublication","Test":"TestStableResourceSetConcurrentReadsAndRelease","Output":"=== RUN   TestStableResourceSetConcurrentReadsAndRelease\n"}
{"Action":"output","Package":"github.com/snissn/gomap/TreeDB/internal/rootpublication","Test":"TestStableResourceSetConcurrentReadsAndRelease","Output":"--- PASS: TestStableResourceSetConcurrentReadsAndRelease (0.00s)\n"}
{"Action":"pass","Package":"github.com/snissn/gomap/TreeDB/internal/rootpublication","Test":"TestStableResourceSetConcurrentReadsAndRelease"}
{"Action":"run","Package":"github.com/snissn/gomap/TreeDB/internal/rootpublication","Test":"TestStableResourceMetricsDistinguishCoveredSyncAttemptFromPhysicalFileSync"}
{"Action":"output","Package":"github.com/snissn/gomap/TreeDB/internal/rootpublication","Test":"TestStableResourceMetricsDistinguishCoveredSyncAttemptFromPhysicalFileSync","Output":"=== RUN   TestStableResourceMetricsDistinguishCoveredSyncAttemptFromPhysicalFileSync\n"}
{"Action":"output","Package":"github.com/snissn/gomap/TreeDB/internal/rootpublication","Test":"TestStableResourceMetricsDistinguishCoveredSyncAttemptFromPhysicalFileSync","Output":"--- PASS: TestStableResourceMetricsDistinguishCoveredSyncAttemptFromPhysicalFileSync (0.00s)\n"}
{"Action":"pass","Package":"github.com/snissn/gomap/TreeDB/internal/rootpublication","Test":"TestStableResourceMetricsDistinguishCoveredSyncAttemptFromPhysicalFileSync"}
{"Action":"run","Package":"github.com/snissn/gomap/TreeDB/internal/rootpublication","Test":"TestStableResourceTokenPinnedReadRemainsUsable"}
{"Action":"output","Package":"github.com/snissn/gomap/TreeDB/internal/rootpublication","Test":"TestStableResourceTokenPinnedReadRemainsUsable","Output":"=== RUN   TestStableResourceTokenPinnedReadRemainsUsable\n"}
{"Action":"output","Package":"github.com/snissn/gomap/TreeDB/internal/rootpublication","Test":"TestStableResourceTokenPinnedReadRemainsUsable","Output":"--- PASS: TestStableResourceTokenPinnedReadRemainsUsable (0.00s)\n"}
{"Action":"pass","Package":"github.com/snissn/gomap/TreeDB/internal/rootpublication","Test":"TestStableResourceTokenPinnedReadRemainsUsable"}
{"Action":"run","Package":"github.com/snissn/gomap/TreeDB/internal/rootpublication","Test":"TestStableResourcePublicationDebtCoverage"}
{"Action":"output","Package":"github.com/snissn/gomap/TreeDB/internal/rootpublication","Test":"TestStableResourcePublicationDebtCoverage","Output":"=== RUN   TestStableResourcePublicationDebtCoverage\n"}
{"Action":"run","Package":"github.com/snissn/gomap/TreeDB/internal/rootpublication","Test":"TestStableResourcePublicationDebtCoverage/covered"}
{"Action":"output","Package":"github.com/snissn/gomap/TreeDB/internal/rootpublication","Test":"TestStableResourcePublicationDebtCoverage/covered","Output":"=== RUN   TestStableResourcePublicationDebtCoverage/covered\n"}
{"Action":"output","Package":"github.com/snissn/gomap/TreeDB/internal/rootpublication","Test":"TestStableResourcePublicationDebtCoverage/covered","Output":"--- PASS: TestStableResourcePublicationDebtCoverage/covered (0.00s)\n"}
{"Action":"pass","Package":"github.com/snissn/gomap/TreeDB/internal/rootpublication","Test":"TestStableResourcePublicationDebtCoverage/covered"}
{"Action":"run","Package":"github.com/snissn/gomap/TreeDB/internal/rootpublication","Test":"TestStableResourcePublicationDebtCoverage/covered_RID_subset"}
{"Action":"output","Package":"github.com/snissn/gomap/TreeDB/internal/rootpublication","Test":"TestStableResourcePublicationDebtCoverage/covered_RID_subset","Output":"=== RUN   TestStableResourcePublicationDebtCoverage/covered_RID_subset\n"}
{"Action":"output","Package":"github.com/snissn/gomap/TreeDB/internal/rootpublication","Test":"TestStableResourcePublicationDebtCoverage/covered_RID_subset","Output":"--- PASS: TestStableResourcePublicationDebtCoverage/covered_RID_subset (0.00s)\n"}
{"Action":"pass","Package":"github.com/snissn/gomap/TreeDB/internal/rootpublication","Test":"TestStableResourcePublicationDebtCoverage/covered_RID_subset"}
{"Action":"run","Package":"github.com/snissn/gomap/TreeDB/internal/rootpublication","Test":"TestStableResourcePublicationDebtCoverage/advanced_bytes"}
{"Action":"output","Package":"github.com/snissn/gomap/TreeDB/internal/rootpublication","Test":"TestStableResourcePublicationDebtCoverage/advanced_bytes","Output":"=== RUN   TestStableResourcePublicationDebtCoverage/advanced_bytes\n"}
{"Action":"output","Package":"github.com/snissn/gomap/TreeDB/internal/rootpublication","Test":"TestStableResourcePublicationDebtCoverage/advanced_bytes","Output":"--- PASS: TestStableResourcePublicationDebtCoverage/advanced_bytes (0.00s)\n"}
{"Action":"pass","Package":"github.com/snissn/gomap/TreeDB/internal/rootpublication","Test":"TestStableResourcePublicationDebtCoverage/advanced_bytes"}
{"Action":"run","Package":"github.com/snissn/gomap/TreeDB/internal/rootpublication","Test":"TestStableResourcePublicationDebtCoverage/advanced_bytes_and_exact_RID_superset"}
{"Action":"output","Package":"github.com/snissn/gomap/TreeDB/internal/rootpublication","Test":"TestStableResourcePublicationDebtCoverage/advanced_bytes_and_exact_RID_superset","Output":"=== RUN   TestStableResourcePublicationDebtCoverage/advanced_bytes_and_exact_RID_superset\n"}
{"Action":"output","Package":"github.com/snissn/gomap/TreeDB/internal/rootpublication","Test":"TestStableResourcePublicationDebtCoverage/advanced_bytes_and_exact_RID_superset","Output":"--- PASS: TestStableResourcePublicationDebtCoverage/advanced_bytes_and_exact_RID_superset (0.00s)\n"}
{"Action":"pass","Package":"github.com/snissn/gomap/TreeDB/internal/rootpublication","Test":"TestStableResourcePublicationDebtCoverage/advanced_bytes_and_exact_RID_superset"}
{"Action":"run","Package":"github.com/snissn/gomap/TreeDB/internal/rootpublication","Test":"TestStableResourcePublicationDebtCoverage/advanced_LSN"}
{"Action":"output","Package":"github.com/snissn/gomap/TreeDB/internal/rootpublication","Test":"TestStableResourcePublicationDebtCoverage/advanced_LSN","Output":"=== RUN   TestStableResourcePublicationDebtCoverage/advanced_LSN\n"}
{"Action":"output","Package":"github.com/snissn/gomap/TreeDB/internal/rootpublication","Test":"TestStableResourcePublicationDebtCoverage/advanced_LSN","Output":"--- PASS: TestStableResourcePublicationDebtCoverage/advanced_LSN (0.00s)\n"}
{"Action":"pass","Package":"github.com/snissn/gomap/TreeDB/internal/rootpublication","Test":"TestStableResourcePublicationDebtCoverage/advanced_LSN"}
{"Action":"run","Package":"github.com/snissn/gomap/TreeDB/internal/rootpublication","Test":"TestStableResourcePublicationDebtCoverage/same_maximum_different_RID"}
{"Action":"output","Package":"github.com/snissn/gomap/TreeDB/internal/rootpublication","Test":"TestStableResourcePublicationDebtCoverage/same_maximum_different_RID","Output":"=== RUN   TestStableResourcePublicationDebtCoverage/same_maximum_different_RID\n"}
{"Action":"output","Package":"github.com/snissn/gomap/TreeDB/internal/rootpublication","Test":"TestStableResourcePublicationDebtCoverage/same_maximum_different_RID","Output":"--- PASS: TestStableResourcePublicationDebtCoverage/same_maximum_different_RID (0.00s)\n"}
{"Action":"pass","Package":"github.com/snissn/gomap/TreeDB/internal/rootpublication","Test":"TestStableResourcePublicationDebtCoverage/same_maximum_different_RID"}
{"Action":"run","Package":"github.com/snissn/gomap/TreeDB/internal/rootpublication","Test":"TestStableResourcePublicationDebtCoverage/different_generation"}
{"Action":"output","Package":"github.com/snissn/gomap/TreeDB/internal/rootpublication","Test":"TestStableResourcePublicationDebtCoverage/different_generation","Output":"=== RUN   TestStableResourcePublicationDebtCoverage/different_generation\n"}
{"Action":"output","Package":"github.com/snissn/gomap/TreeDB/internal/rootpublication","Test":"TestStableResourcePublicationDebtCoverage/different_generation","Output":"--- PASS: TestStableResourcePublicationDebtCoverage/different_generation (0.00s)\n"}
{"Action":"pass","Package":"github.com/snissn/gomap/TreeDB/internal/rootpublication","Test":"TestStableResourcePublicationDebtCoverage/different_generation"}
{"Action":"run","Package":"github.com/snissn/gomap/TreeDB/internal/rootpublication","Test":"TestStableResourcePublicationDebtCoverage/different_digest"}
{"Action":"output","Package":"github.com/snissn/gomap/TreeDB/internal/rootpublication","Test":"TestStableResourcePublicationDebtCoverage/different_digest","Output":"=== RUN   TestStableResourcePublicationDebtCoverage/different_digest\n"}
{"Action":"output","Package":"github.com/snissn/gomap/TreeDB/internal/rootpublication","Test":"TestStableResourcePublicationDebtCoverage/different_digest","Output":"--- PASS: TestStableResourcePublicationDebtCoverage/different_digest (0.00s)\n"}
{"Action":"pass","Package":"github.com/snissn/gomap/TreeDB/internal/rootpublication","Test":"TestStableResourcePublicationDebtCoverage/different_digest"}
{"Action":"run","Package":"github.com/snissn/gomap/TreeDB/internal/rootpublication","Test":"TestStableResourcePublicationDebtCoverage/logical_alias"}
{"Action":"output","Package":"github.com/snissn/gomap/TreeDB/internal/rootpublication","Test":"TestStableResourcePublicationDebtCoverage/logical_alias","Output":"=== RUN   TestStableResourcePublicationDebtCoverage/logical_alias\n"}
{"Action":"output","Package":"github.com/snissn/gomap/TreeDB/internal/rootpublication","Test":"TestStableResourcePublicationDebtCoverage/logical_alias","Output":"--- PASS: TestStableResourcePublicationDebtCoverage/logical_alias (0.00s)\n"}
{"Action":"pass","Package":"github.com/snissn/gomap/TreeDB/internal/rootpublication","Test":"TestStableResourcePublicationDebtCoverage/logical_alias"}
{"Action":"run","Package":"github.com/snissn/gomap/TreeDB/internal/rootpublication","Test":"TestStableResourcePublicationDebtCoverage/different_identity_same_path"}
{"Action":"output","Package":"github.com/snissn/gomap/TreeDB/internal/rootpublication","Test":"TestStableResourcePublicationDebtCoverage/different_identity_same_path","Output":"=== RUN   TestStableResourcePublicationDebtCoverage/different_identity_same_path\n"}
{"Action":"output","Package":"github.com/snissn/gomap/TreeDB/internal/rootpublication","Test":"TestStableResourcePublicationDebtCoverage/different_identity_same_path","Output":"--- PASS: TestStableResourcePublicationDebtCoverage/different_identity_same_path (0.00s)\n"}
{"Action":"pass","Package":"github.com/snissn/gomap/TreeDB/internal/rootpublication","Test":"TestStableResourcePublicationDebtCoverage/different_identity_same_path"}
{"Action":"run","Package":"github.com/snissn/gomap/TreeDB/internal/rootpublication","Test":"TestStableResourcePublicationDebtCoverage/cross_kind"}
{"Action":"output","Package":"github.com/snissn/gomap/TreeDB/internal/rootpublication","Test":"TestStableResourcePublicationDebtCoverage/cross_kind","Output":"=== RUN   TestStableResourcePublicationDebtCoverage/cross_kind\n"}
{"Action":"output","Package":"github.com/snissn/gomap/TreeDB/internal/rootpublication","Test":"TestStableResourcePublicationDebtCoverage/cross_kind","Output":"--- PASS: TestStableResourcePublicationDebtCoverage/cross_kind (0.00s)\n"}
{"Action":"pass","Package":"github.com/snissn/gomap/TreeDB/internal/rootpublication","Test":"TestStableResourcePublicationDebtCoverage/cross_kind"}
{"Action":"run","Package":"github.com/snissn/gomap/TreeDB/internal/rootpublication","Test":"TestStableResourcePublicationDebtCoverage/advanced_coalesced_entry"}
{"Action":"output","Package":"github.com/snissn/gomap/TreeDB/internal/rootpublication","Test":"TestStableResourcePublicationDebtCoverage/advanced_coalesced_entry","Output":"=== RUN   TestStableResourcePublicationDebtCoverage/advanced_coalesced_entry\n"}
{"Action":"output","Package":"github.com/snissn/gomap/TreeDB/internal/rootpublication","Test":"TestStableResourcePublicationDebtCoverage/advanced_coalesced_entry","Output":"--- PASS: TestStableResourcePublicationDebtCoverage/advanced_coalesced_entry (0.00s)\n"}
{"Action":"pass","Package":"github.com/snissn/gomap/TreeDB/internal/rootpublication","Test":"TestStableResourcePublicationDebtCoverage/advanced_coalesced_entry"}
{"Action":"run","Package":"github.com/snissn/gomap/TreeDB/internal/rootpublication","Test":"TestStableResourcePublicationDebtCoverage/suffix_obligation"}
{"Action":"output","Package":"github.com/snissn/gomap/TreeDB/internal/rootpublication","Test":"TestStableResourcePublicationDebtCoverage/suffix_obligation","Output":"=== RUN   TestStableResourcePublicationDebtCoverage/suffix_obligation\n"}
{"Action":"output","Package":"github.com/snissn/gomap/TreeDB/internal/rootpublication","Test":"TestStableResourcePublicationDebtCoverage/suffix_obligation","Output":"--- PASS: TestStableResourcePublicationDebtCoverage/suffix_obligation (0.00s)\n"}
{"Action":"pass","Package":"github.com/snissn/gomap/TreeDB/internal/rootpublication","Test":"TestStableResourcePublicationDebtCoverage/suffix_obligation"}
{"Action":"run","Package":"github.com/snissn/gomap/TreeDB/internal/rootpublication","Test":"TestStableResourcePublicationDebtCoverage/partial_prefix_obligation"}
{"Action":"output","Package":"github.com/snissn/gomap/TreeDB/internal/rootpublication","Test":"TestStableResourcePublicationDebtCoverage/partial_prefix_obligation","Output":"=== RUN   TestStableResourcePublicationDebtCoverage/partial_prefix_obligation\n"}
{"Action":"output","Package":"github.com/snissn/gomap/TreeDB/internal/rootpublication","Test":"TestStableResourcePublicationDebtCoverage/partial_prefix_obligation","Output":"--- PASS: TestStableResourcePublicationDebtCoverage/partial_prefix_obligation (0.00s)\n"}
{"Action":"pass","Package":"github.com/snissn/gomap/TreeDB/internal/rootpublication","Test":"TestStableResourcePublicationDebtCoverage/partial_prefix_obligation"}
{"Action":"run","Package":"github.com/snissn/gomap/TreeDB/internal/rootpublication","Test":"TestStableResourcePublicationDebtCoverage/missing_durable_obligation"}
{"Action":"output","Package":"github.com/snissn/gomap/TreeDB/internal/rootpublication","Test":"TestStableResourcePublicationDebtCoverage/missing_durable_obligation","Output":"=== RUN   TestStableResourcePublicationDebtCoverage/missing_durable_obligation\n"}
{"Action":"output","Package":"github.com/snissn/gomap/TreeDB/internal/rootpublication","Test":"TestStableResourcePublicationDebtCoverage/missing_durable_obligation","Output":"--- PASS: TestStableResourcePublicationDebtCoverage/missing_durable_obligation (0.00s)\n"}
{"Action":"pass","Package":"github.com/snissn/gomap/TreeDB/internal/rootpublication","Test":"TestStableResourcePublicationDebtCoverage/missing_durable_obligation"}
{"Action":"run","Package":"github.com/snissn/gomap/TreeDB/internal/rootpublication","Test":"TestStableResourcePublicationDebtCoverage/immutable_resource"}
{"Action":"output","Package":"github.com/snissn/gomap/TreeDB/internal/rootpublication","Test":"TestStableResourcePublicationDebtCoverage/immutable_resource","Output":"=== RUN   TestStableResourcePublicationDebtCoverage/immutable_resource\n"}
{"Action":"output","Package":"github.com/snissn/gomap/TreeDB/internal/rootpublication","Test":"TestStableResourcePublicationDebtCoverage/immutable_resource","Output":"--- PASS: TestStableResourcePublicationDebtCoverage/immutable_resource (0.00s)\n"}
{"Action":"pass","Package":"github.com/snissn/gomap/TreeDB/internal/rootpublication","Test":"TestStableResourcePublicationDebtCoverage/immutable_resource"}
{"Action":"run","Package":"github.com/snissn/gomap/TreeDB/internal/rootpublication","Test":"TestStableResourcePublicationDebtCoverage/index_resource"}
{"Action":"output","Package":"github.com/snissn/gomap/TreeDB/internal/rootpublication","Test":"TestStableResourcePublicationDebtCoverage/index_resource","Output":"=== RUN   TestStableResourcePublicationDebtCoverage/index_resource\n"}
{"Action":"output","Package":"github.com/snissn/gomap/TreeDB/internal/rootpublication","Test":"TestStableResourcePublicationDebtCoverage/index_resource","Output":"--- PASS: TestStableResourcePublicationDebtCoverage/index_resource (0.00s)\n"}
{"Action":"pass","Package":"github.com/snissn/gomap/TreeDB/internal/rootpublication","Test":"TestStableResourcePublicationDebtCoverage/index_resource"}
{"Action":"output","Package":"github.com/snissn/gomap/TreeDB/internal/rootpublication","Test":"TestStableResourcePublicationDebtCoverage","Output":"--- PASS: TestStableResourcePublicationDebtCoverage (0.00s)\n"}
{"Action":"pass","Package":"github.com/snissn/gomap/TreeDB/internal/rootpublication","Test":"TestStableResourcePublicationDebtCoverage"}
{"Action":"run","Package":"github.com/snissn/gomap/TreeDB/internal/rootpublication","Test":"TestStableResourcePublicationDebtRetainsIndexedOwnership"}
{"Action":"output","Package":"github.com/snissn/gomap/TreeDB/internal/rootpublication","Test":"TestStableResourcePublicationDebtRetainsIndexedOwnership","Output":"=== RUN   TestStableResourcePublicationDebtRetainsIndexedOwnership\n"}
{"Action":"output","Package":"github.com/snissn/gomap/TreeDB/internal/rootpublication","Test":"TestStableResourcePublicationDebtRetainsIndexedOwnership","Output":"    resource_contract_test.go:3594: 128 retained entries: 7 allocations/accounting call\n"}
{"Action":"run","Package":"github.com/snissn/gomap/TreeDB/internal/rootpublication","Test":"TestStableResourcePublicationDebtRetainsIndexedOwnership/equal"}
{"Action":"output","Package":"github.com/snissn/gomap/TreeDB/internal/rootpublication","Test":"TestStableResourcePublicationDebtRetainsIndexedOwnership/equal","Output":"=== RUN   TestStableResourcePublicationDebtRetainsIndexedOwnership/equal\n"}
{"Action":"output","Package":"github.com/snissn/gomap/TreeDB/internal/rootpublication","Test":"TestStableResourcePublicationDebtRetainsIndexedOwnership/equal","Output":"    resource_contract_test.go:3655: 128 entries with 512/512 required/durable RIDs: 7 allocations/accounting call\n"}
{"Action":"output","Package":"github.com/snissn/gomap/TreeDB/internal/rootpublication","Test":"TestStableResourcePublicationDebtRetainsIndexedOwnership/equal","Output":"--- PASS: TestStableResourcePublicationDebtRetainsIndexedOwnership/equal (0.00s)\n"}
{"Action":"pass","Package":"github.com/snissn/gomap/TreeDB/internal/rootpublication","Test":"TestStableResourcePublicationDebtRetainsIndexedOwnership/equal"}
{"Action":"run","Package":"github.com/snissn/gomap/TreeDB/internal/rootpublication","Test":"TestStableResourcePublicationDebtRetainsIndexedOwnership/subset"}
{"Action":"output","Package":"github.com/snissn/gomap/TreeDB/internal/rootpublication","Test":"TestStableResourcePublicationDebtRetainsIndexedOwnership/subset","Output":"=== RUN   TestStableResourcePublicationDebtRetainsIndexedOwnership/subset\n"}
{"Action":"output","Package":"github.com/snissn/gomap/TreeDB/internal/rootpublication","Test":"TestStableResourcePublicationDebtRetainsIndexedOwnership/subset","Output":"    resource_contract_test.go:3655: 128 entries with 256/512 required/durable RIDs: 7 allocations/accounting call\n"}
{"Action":"output","Package":"github.com/snissn/gomap/TreeDB/internal/rootpublication","Test":"TestStableResourcePublicationDebtRetainsIndexedOwnership/subset","Output":"--- PASS: TestStableResourcePublicationDebtRetainsIndexedOwnership/subset (0.00s)\n"}
{"Action":"pass","Package":"github.com/snissn/gomap/TreeDB/internal/rootpublication","Test":"TestStableResourcePublicationDebtRetainsIndexedOwnership/subset"}
{"Action":"run","Package":"github.com/snissn/gomap/TreeDB/internal/rootpublication","Test":"TestStableResourcePublicationDebtRetainsIndexedOwnership/different"}
{"Action":"output","Package":"github.com/snissn/gomap/TreeDB/internal/rootpublication","Test":"TestStableResourcePublicationDebtRetainsIndexedOwnership/different","Output":"=== RUN   TestStableResourcePublicationDebtRetainsIndexedOwnership/different\n"}
{"Action":"output","Package":"github.com/snissn/gomap/TreeDB/internal/rootpublication","Test":"TestStableResourcePublicationDebtRetainsIndexedOwnership/different","Output":"    resource_contract_test.go:3655: 128 entries with 512/512 required/durable RIDs: 7 allocations/accounting call\n"}
{"Action":"output","Package":"github.com/snissn/gomap/TreeDB/internal/rootpublication","Test":"TestStableResourcePublicationDebtRetainsIndexedOwnership/different","Output":"--- PASS: TestStableResourcePublicationDebtRetainsIndexedOwnership/different (0.00s)\n"}
{"Action":"pass","Package":"github.com/snissn/gomap/TreeDB/internal/rootpublication","Test":"TestStableResourcePublicationDebtRetainsIndexedOwnership/different"}
{"Action":"output","Package":"github.com/snissn/gomap/TreeDB/internal/rootpublication","Test":"TestStableResourcePublicationDebtRetainsIndexedOwnership","Output":"--- PASS: TestStableResourcePublicationDebtRetainsIndexedOwnership (0.01s)\n"}
{"Action":"pass","Package":"github.com/snissn/gomap/TreeDB/internal/rootpublication","Test":"TestStableResourcePublicationDebtRetainsIndexedOwnership"}
{"Action":"run","Package":"github.com/snissn/gomap/TreeDB/internal/rootpublication","Test":"TestStableResourceSetExtrasReleasedEvidence"}
{"Action":"output","Package":"github.com/snissn/gomap/TreeDB/internal/rootpublication","Test":"TestStableResourceSetExtrasReleasedEvidence","Output":"=== RUN   TestStableResourceSetExtrasReleasedEvidence\n"}
{"Action":"output","Package":"github.com/snissn/gomap/TreeDB/internal/rootpublication","Test":"TestStableResourceSetExtrasReleasedEvidence","Output":"--- PASS: TestStableResourceSetExtrasReleasedEvidence (0.00s)\n"}
{"Action":"pass","Package":"github.com/snissn/gomap/TreeDB/internal/rootpublication","Test":"TestStableResourceSetExtrasReleasedEvidence"}
{"Action":"run","Package":"github.com/snissn/gomap/TreeDB/internal/rootpublication","Test":"TestStableResourcePrioritiesPreserveFNVByteStream"}
{"Action":"output","Package":"github.com/snissn/gomap/TreeDB/internal/rootpublication","Test":"TestStableResourcePrioritiesPreserveFNVByteStream","Output":"=== RUN   TestStableResourcePrioritiesPreserveFNVByteStream\n"}
{"Action":"output","Package":"github.com/snissn/gomap/TreeDB/internal/rootpublication","Test":"TestStableResourcePrioritiesPreserveFNVByteStream","Output":"--- PASS: TestStableResourcePrioritiesPreserveFNVByteStream (0.00s)\n"}
{"Action":"pass","Package":"github.com/snissn/gomap/TreeDB/internal/rootpublication","Test":"TestStableResourcePrioritiesPreserveFNVByteStream"}
{"Action":"run","Package":"github.com/snissn/gomap/TreeDB/internal/rootpublication","Test":"TestStableResourceInventoryHasNoUnknownOwnerCells"}
{"Action":"output","Package":"github.com/snissn/gomap/TreeDB/internal/rootpublication","Test":"TestStableResourceInventoryHasNoUnknownOwnerCells","Output":"=== RUN   TestStableResourceInventoryHasNoUnknownOwnerCells\n"}
{"Action":"output","Package":"github.com/snissn/gomap/TreeDB/internal/rootpublication","Test":"TestStableResourceInventoryHasNoUnknownOwnerCells","Output":"--- PASS: TestStableResourceInventoryHasNoUnknownOwnerCells (0.00s)\n"}
{"Action":"pass","Package":"github.com/snissn/gomap/TreeDB/internal/rootpublication","Test":"TestStableResourceInventoryHasNoUnknownOwnerCells"}
{"Action":"run","Package":"github.com/snissn/gomap/TreeDB/internal/rootpublication","Test":"TestStableMetadataNilCloneRejectsWithoutAccountRead"}
{"Action":"output","Package":"github.com/snissn/gomap/TreeDB/internal/rootpublication","Test":"TestStableMetadataNilCloneRejectsWithoutAccountRead","Output":"=== RUN   TestStableMetadataNilCloneRejectsWithoutAccountRead\n"}
{"Action":"output","Package":"github.com/snissn/gomap/TreeDB/internal/rootpublication","Test":"TestStableMetadataNilCloneRejectsWithoutAccountRead","Output":"--- PASS: TestStableMetadataNilCloneRejectsWithoutAccountRead (0.00s)\n"}
{"Action":"pass","Package":"github.com/snissn/gomap/TreeDB/internal/rootpublication","Test":"TestStableMetadataNilCloneRejectsWithoutAccountRead"}
{"Action":"run","Package":"github.com/snissn/gomap/TreeDB/internal/rootpublication","Test":"TestStableMetadataGenericSetClonesRefuseBeforeObserveOrClone"}
{"Action":"output","Package":"github.com/snissn/gomap/TreeDB/internal/rootpublication","Test":"TestStableMetadataGenericSetClonesRefuseBeforeObserveOrClone","Output":"=== RUN   TestStableMetadataGenericSetClonesRefuseBeforeObserveOrClone\n"}
{"Action":"run","Package":"github.com/snissn/gomap/TreeDB/internal/rootpublication","Test":"TestStableMetadataGenericSetClonesRefuseBeforeObserveOrClone/unscoped"}
{"Action":"output","Package":"github.com/snissn/gomap/TreeDB/internal/rootpublication","Test":"TestStableMetadataGenericSetClonesRefuseBeforeObserveOrClone/unscoped","Output":"=== RUN   TestStableMetadataGenericSetClonesRefuseBeforeObserveOrClone/unscoped\n"}
{"Action":"output","Package":"github.com/snissn/gomap/TreeDB/internal/rootpublication","Test":"TestStableMetadataGenericSetClonesRefuseBeforeObserveOrClone/unscoped","Output":"--- PASS: TestStableMetadataGenericSetClonesRefuseBeforeObserveOrClone/unscoped (0.00s)\n"}
{"Action":"pass","Package":"github.com/snissn/gomap/TreeDB/internal/rootpublication","Test":"TestStableMetadataGenericSetClonesRefuseBeforeObserveOrClone/unscoped"}
{"Action":"run","Package":"github.com/snissn/gomap/TreeDB/internal/rootpublication","Test":"TestStableMetadataGenericSetClonesRefuseBeforeObserveOrClone/scoped"}
{"Action":"output","Package":"github.com/snissn/gomap/TreeDB/internal/rootpublication","Test":"TestStableMetadataGenericSetClonesRefuseBeforeObserveOrClone/scoped","Output":"=== RUN   TestStableMetadataGenericSetClonesRefuseBeforeObserveOrClone/scoped\n"}
{"Action":"output","Package":"github.com/snissn/gomap/TreeDB/internal/rootpublication","Test":"TestStableMetadataGenericSetClonesRefuseBeforeObserveOrClone/scoped","Output":"--- PASS: TestStableMetadataGenericSetClonesRefuseBeforeObserveOrClone/scoped (0.00s)\n"}
{"Action":"pass","Package":"github.com/snissn/gomap/TreeDB/internal/rootpublication","Test":"TestStableMetadataGenericSetClonesRefuseBeforeObserveOrClone/scoped"}
{"Action":"run","Package":"github.com/snissn/gomap/TreeDB/internal/rootpublication","Test":"TestStableMetadataGenericSetClonesRefuseBeforeObserveOrClone/mutation"}
{"Action":"output","Package":"github.com/snissn/gomap/TreeDB/internal/rootpublication","Test":"TestStableMetadataGenericSetClonesRefuseBeforeObserveOrClone/mutation","Output":"=== RUN   TestStableMetadataGenericSetClonesRefuseBeforeObserveOrClone/mutation\n"}
{"Action":"output","Package":"github.com/snissn/gomap/TreeDB/internal/rootpublication","Test":"TestStableMetadataGenericSetClonesRefuseBeforeObserveOrClone/mutation","Output":"--- PASS: TestStableMetadataGenericSetClonesRefuseBeforeObserveOrClone/mutation (0.00s)\n"}
{"Action":"pass","Package":"github.com/snissn/gomap/TreeDB/internal/rootpublication","Test":"TestStableMetadataGenericSetClonesRefuseBeforeObserveOrClone/mutation"}
{"Action":"output","Package":"github.com/snissn/gomap/TreeDB/internal/rootpublication","Test":"TestStableMetadataGenericSetClonesRefuseBeforeObserveOrClone","Output":"--- PASS: TestStableMetadataGenericSetClonesRefuseBeforeObserveOrClone (0.00s)\n"}
{"Action":"pass","Package":"github.com/snissn/gomap/TreeDB/internal/rootpublication","Test":"TestStableMetadataGenericSetClonesRefuseBeforeObserveOrClone"}
{"Action":"run","Package":"github.com/snissn/gomap/TreeDB/internal/rootpublication","Test":"TestConsumedStableResourceUnionRefusesFlatAndDirectoryInputs"}
{"Action":"output","Package":"github.com/snissn/gomap/TreeDB/internal/rootpublication","Test":"TestConsumedStableResourceUnionRefusesFlatAndDirectoryInputs","Output":"=== RUN   TestConsumedStableResourceUnionRefusesFlatAndDirectoryInputs\n"}
{"Action":"run","Package":"github.com/snissn/gomap/TreeDB/internal/rootpublication","Test":"TestConsumedStableResourceUnionRefusesFlatAndDirectoryInputs/flat"}
{"Action":"output","Package":"github.com/snissn/gomap/TreeDB/internal/rootpublication","Test":"TestConsumedStableResourceUnionRefusesFlatAndDirectoryInputs/flat","Output":"=== RUN   TestConsumedStableResourceUnionRefusesFlatAndDirectoryInputs/flat\n"}
{"Action":"output","Package":"github.com/snissn/gomap/TreeDB/internal/rootpublication","Test":"TestConsumedStableResourceUnionRefusesFlatAndDirectoryInputs/flat","Output":"--- PASS: TestConsumedStableResourceUnionRefusesFlatAndDirectoryInputs/flat (0.00s)\n"}
{"Action":"pass","Package":"github.com/snissn/gomap/TreeDB/internal/rootpublication","Test":"TestConsumedStableResourceUnionRefusesFlatAndDirectoryInputs/flat"}
{"Action":"run","Package":"github.com/snissn/gomap/TreeDB/internal/rootpublication","Test":"TestConsumedStableResourceUnionRefusesFlatAndDirectoryInputs/directory"}
{"Action":"output","Package":"github.com/snissn/gomap/TreeDB/internal/rootpublication","Test":"TestConsumedStableResourceUnionRefusesFlatAndDirectoryInputs/directory","Output":"=== RUN   TestConsumedStableResourceUnionRefusesFlatAndDirectoryInputs/directory\n"}
{"Action":"output","Package":"github.com/snissn/gomap/TreeDB/internal/rootpublication","Test":"TestConsumedStableResourceUnionRefusesFlatAndDirectoryInputs/directory","Output":"--- PASS: TestConsumedStableResourceUnionRefusesFlatAndDirectoryInputs/directory (0.00s)\n"}
{"Action":"pass","Package":"github.com/snissn/gomap/TreeDB/internal/rootpublication","Test":"TestConsumedStableResourceUnionRefusesFlatAndDirectoryInputs/directory"}
{"Action":"output","Package":"github.com/snissn/gomap/TreeDB/internal/rootpublication","Test":"TestConsumedStableResourceUnionRefusesFlatAndDirectoryInputs","Output":"--- PASS: TestConsumedStableResourceUnionRefusesFlatAndDirectoryInputs (0.00s)\n"}
{"Action":"pass","Package":"github.com/snissn/gomap/TreeDB/internal/rootpublication","Test":"TestConsumedStableResourceUnionRefusesFlatAndDirectoryInputs"}
{"Action":"run","Package":"github.com/snissn/gomap/TreeDB/internal/rootpublication","Test":"TestCloneStableResourceForSelector"}
{"Action":"output","Package":"github.com/snissn/gomap/TreeDB/internal/rootpublication","Test":"TestCloneStableResourceForSelector","Output":"=== RUN   TestCloneStableResourceForSelector\n"}
{"Action":"run","Package":"github.com/snissn/gomap/TreeDB/internal/rootpublication","Test":"TestCloneStableResourceForSelector/key_mismatch"}
{"Action":"output","Package":"github.com/snissn/gomap/TreeDB/internal/rootpublication","Test":"TestCloneStableResourceForSelector/key_mismatch","Output":"=== RUN   TestCloneStableResourceForSelector/key_mismatch\n"}
{"Action":"output","Package":"github.com/snissn/gomap/TreeDB/internal/rootpublication","Test":"TestCloneStableResourceForSelector/key_mismatch","Output":"--- PASS: TestCloneStableResourceForSelector/key_mismatch (0.00s)\n"}
{"Action":"pass","Package":"github.com/snissn/gomap/TreeDB/internal/rootpublication","Test":"TestCloneStableResourceForSelector/key_mismatch"}
{"Action":"run","Package":"github.com/snissn/gomap/TreeDB/internal/rootpublication","Test":"TestCloneStableResourceForSelector/absent_obligation"}
{"Action":"output","Package":"github.com/snissn/gomap/TreeDB/internal/rootpublication","Test":"TestCloneStableResourceForSelector/absent_obligation","Output":"=== RUN   TestCloneStableResourceForSelector/absent_obligation\n"}
{"Action":"output","Package":"github.com/snissn/gomap/TreeDB/internal/rootpublication","Test":"TestCloneStableResourceForSelector/absent_obligation","Output":"--- PASS: TestCloneStableResourceForSelector/absent_obligation (0.00s)\n"}
{"Action":"pass","Package":"github.com/snissn/gomap/TreeDB/internal/rootpublication","Test":"TestCloneStableResourceForSelector/absent_obligation"}
{"Action":"run","Package":"github.com/snissn/gomap/TreeDB/internal/rootpublication","Test":"TestCloneStableResourceForSelector/conflicting_obligation"}
{"Action":"output","Package":"github.com/snissn/gomap/TreeDB/internal/rootpublication","Test":"TestCloneStableResourceForSelector/conflicting_obligation","Output":"=== RUN   TestCloneStableResourceForSelector/conflicting_obligation\n"}
{"Action":"output","Package":"github.com/snissn/gomap/TreeDB/internal/rootpublication","Test":"TestCloneStableResourceForSelector/conflicting_obligation","Output":"--- PASS: TestCloneStableResourceForSelector/conflicting_obligation (0.00s)\n"}
{"Action":"pass","Package":"github.com/snissn/gomap/TreeDB/internal/rootpublication","Test":"TestCloneStableResourceForSelector/conflicting_obligation"}
{"Action":"output","Package":"github.com/snissn/gomap/TreeDB/internal/rootpublication","Test":"TestCloneStableResourceForSelector","Output":"--- PASS: TestCloneStableResourceForSelector (0.00s)\n"}
{"Action":"pass","Package":"github.com/snissn/gomap/TreeDB/internal/rootpublication","Test":"TestCloneStableResourceForSelector"}
{"Action":"run","Package":"github.com/snissn/gomap/TreeDB/internal/rootpublication","Test":"TestCloneStableResourceForSelectorRejectsReleasedSource"}
{"Action":"output","Package":"github.com/snissn/gomap/TreeDB/internal/rootpublication","Test":"TestCloneStableResourceForSelectorRejectsReleasedSource","Output":"=== RUN   TestCloneStableResourceForSelectorRejectsReleasedSource\n"}
{"Action":"output","Package":"github.com/snissn/gomap/TreeDB/internal/rootpublication","Test":"TestCloneStableResourceForSelectorRejectsReleasedSource","Output":"--- PASS: TestCloneStableResourceForSelectorRejectsReleasedSource (0.00s)\n"}
{"Action":"pass","Package":"github.com/snissn/gomap/TreeDB/internal/rootpublication","Test":"TestCloneStableResourceForSelectorRejectsReleasedSource"}
{"Action":"run","Package":"github.com/snissn/gomap/TreeDB/internal/rootpublication","Test":"TestCloneStableResourceForSelectorPinsIdentityAndRejectsNamespaceRebound"}
{"Action":"output","Package":"github.com/snissn/gomap/TreeDB/internal/rootpublication","Test":"TestCloneStableResourceForSelectorPinsIdentityAndRejectsNamespaceRebound","Output":"=== RUN   TestCloneStableResourceForSelectorPinsIdentityAndRejectsNamespaceRebound\n"}
{"Action":"output","Package":"github.com/snissn/gomap/TreeDB/internal/rootpublication","Test":"TestCloneStableResourceForSelectorPinsIdentityAndRejectsNamespaceRebound","Output":"--- PASS: TestCloneStableResourceForSelectorPinsIdentityAndRejectsNamespaceRebound (0.00s)\n"}
{"Action":"pass","Package":"github.com/snissn/gomap/TreeDB/internal/rootpublication","Test":"TestCloneStableResourceForSelectorPinsIdentityAndRejectsNamespaceRebound"}
{"Action":"run","Package":"github.com/snissn/gomap/TreeDB/internal/rootpublication","Test":"TestStablePreparedTransferExclusiveClosureAndCleanup"}
{"Action":"output","Package":"github.com/snissn/gomap/TreeDB/internal/rootpublication","Test":"TestStablePreparedTransferExclusiveClosureAndCleanup","Output":"=== RUN   TestStablePreparedTransferExclusiveClosureAndCleanup\n"}
{"Action":"output","Package":"github.com/snissn/gomap/TreeDB/internal/rootpublication","Test":"TestStablePreparedTransferExclusiveClosureAndCleanup","Output":"--- PASS: TestStablePreparedTransferExclusiveClosureAndCleanup (0.00s)\n"}
{"Action":"pass","Package":"github.com/snissn/gomap/TreeDB/internal/rootpublication","Test":"TestStablePreparedTransferExclusiveClosureAndCleanup"}
{"Action":"run","Package":"github.com/snissn/gomap/TreeDB/internal/rootpublication","Test":"TestStablePreparedTransferSurvivingCloneRefusesIncompleteClosure"}
{"Action":"output","Package":"github.com/snissn/gomap/TreeDB/internal/rootpublication","Test":"TestStablePreparedTransferSurvivingCloneRefusesIncompleteClosure","Output":"=== RUN   TestStablePreparedTransferSurvivingCloneRefusesIncompleteClosure\n"}
{"Action":"run","Package":"github.com/snissn/gomap/TreeDB/internal/rootpublication","Test":"TestStablePreparedTransferSurvivingCloneRefusesIncompleteClosure/without-namespace"}
{"Action":"output","Package":"github.com/snissn/gomap/TreeDB/internal/rootpublication","Test":"TestStablePreparedTransferSurvivingCloneRefusesIncompleteClosure/without-namespace","Output":"=== RUN   TestStablePreparedTransferSurvivingCloneRefusesIncompleteClosure/without-namespace\n"}
{"Action":"output","Package":"github.com/snissn/gomap/TreeDB/internal/rootpublication","Test":"TestStablePreparedTransferSurvivingCloneRefusesIncompleteClosure/without-namespace","Output":"--- PASS: TestStablePreparedTransferSurvivingCloneRefusesIncompleteClosure/without-namespace (0.00s)\n"}
{"Action":"pass","Package":"github.com/snissn/gomap/TreeDB/internal/rootpublication","Test":"TestStablePreparedTransferSurvivingCloneRefusesIncompleteClosure/without-namespace"}
{"Action":"run","Package":"github.com/snissn/gomap/TreeDB/internal/rootpublication","Test":"TestStablePreparedTransferSurvivingCloneRefusesIncompleteClosure/with-namespace"}
{"Action":"output","Package":"github.com/snissn/gomap/TreeDB/internal/rootpublication","Test":"TestStablePreparedTransferSurvivingCloneRefusesIncompleteClosure/with-namespace","Output":"=== RUN   TestStablePreparedTransferSurvivingCloneRefusesIncompleteClosure/with-namespace\n"}
{"Action":"output","Package":"github.com/snissn/gomap/TreeDB/internal/rootpublication","Test":"TestStablePreparedTransferSurvivingCloneRefusesIncompleteClosure/with-namespace","Output":"--- PASS: TestStablePreparedTransferSurvivingCloneRefusesIncompleteClosure/with-namespace (0.00s)\n"}
{"Action":"pass","Package":"github.com/snissn/gomap/TreeDB/internal/rootpublication","Test":"TestStablePreparedTransferSurvivingCloneRefusesIncompleteClosure/with-namespace"}
{"Action":"output","Package":"github.com/snissn/gomap/TreeDB/internal/rootpublication","Test":"TestStablePreparedTransferSurvivingCloneRefusesIncompleteClosure","Output":"--- PASS: TestStablePreparedTransferSurvivingCloneRefusesIncompleteClosure (0.00s)\n"}
{"Action":"pass","Package":"github.com/snissn/gomap/TreeDB/internal/rootpublication","Test":"TestStablePreparedTransferSurvivingCloneRefusesIncompleteClosure"}
{"Action":"run","Package":"github.com/snissn/gomap/TreeDB/internal/rootpublication","Test":"TestStableTerminalReservedGateRetryUsesImmutableGenerationAndNoLateDebit"}
{"Action":"output","Package":"github.com/snissn/gomap/TreeDB/internal/rootpublication","Test":"TestStableTerminalReservedGateRetryUsesImmutableGenerationAndNoLateDebit","Output":"=== RUN   TestStableTerminalReservedGateRetryUsesImmutableGenerationAndNoLateDebit\n"}
{"Action":"output","Package":"github.com/snissn/gomap/TreeDB/internal/rootpublication","Test":"TestStableTerminalReservedGateRetryUsesImmutableGenerationAndNoLateDebit","Output":"--- PASS: TestStableTerminalReservedGateRetryUsesImmutableGenerationAndNoLateDebit (0.00s)\n"}
{"Action":"pass","Package":"github.com/snissn/gomap/TreeDB/internal/rootpublication","Test":"TestStableTerminalReservedGateRetryUsesImmutableGenerationAndNoLateDebit"}
{"Action":"run","Package":"github.com/snissn/gomap/TreeDB/internal/rootpublication","Test":"TestStableTerminalReservedBackingChargesCurrentAndFutureRegistryBorrowers"}
{"Action":"output","Package":"github.com/snissn/gomap/TreeDB/internal/rootpublication","Test":"TestStableTerminalReservedBackingChargesCurrentAndFutureRegistryBorrowers","Output":"=== RUN   TestStableTerminalReservedBackingChargesCurrentAndFutureRegistryBorrowers\n"}
{"Action":"output","Package":"github.com/snissn/gomap/TreeDB/internal/rootpublication","Test":"TestStableTerminalReservedBackingChargesCurrentAndFutureRegistryBorrowers","Output":"--- PASS: TestStableTerminalReservedBackingChargesCurrentAndFutureRegistryBorrowers (0.00s)\n"}
{"Action":"pass","Package":"github.com/snissn/gomap/TreeDB/internal/rootpublication","Test":"TestStableTerminalReservedBackingChargesCurrentAndFutureRegistryBorrowers"}
{"Action":"run","Package":"github.com/snissn/gomap/TreeDB/internal/rootpublication","Test":"TestStableTerminalReservedWholeInputRefusesBeforeConstructorEffects"}
{"Action":"output","Package":"github.com/snissn/gomap/TreeDB/internal/rootpublication","Test":"TestStableTerminalReservedWholeInputRefusesBeforeConstructorEffects","Output":"=== RUN   TestStableTerminalReservedWholeInputRefusesBeforeConstructorEffects\n"}
{"Action":"output","Package":"github.com/snissn/gomap/TreeDB/internal/rootpublication","Test":"TestStableTerminalReservedWholeInputRefusesBeforeConstructorEffects","Output":"--- PASS: TestStableTerminalReservedWholeInputRefusesBeforeConstructorEffects (0.00s)\n"}
{"Action":"pass","Package":"github.com/snissn/gomap/TreeDB/internal/rootpublication","Test":"TestStableTerminalReservedWholeInputRefusesBeforeConstructorEffects"}
{"Action":"run","Package":"github.com/snissn/gomap/TreeDB/internal/rootpublication","Test":"TestTerminalDeleteReservationRefusesForeignDuplicateAndReleasedPinsBeforeDebit"}
{"Action":"output","Package":"github.com/snissn/gomap/TreeDB/internal/rootpublication","Test":"TestTerminalDeleteReservationRefusesForeignDuplicateAndReleasedPinsBeforeDebit","Output":"=== RUN   TestTerminalDeleteReservationRefusesForeignDuplicateAndReleasedPinsBeforeDebit\n"}
{"Action":"output","Package":"github.com/snissn/gomap/TreeDB/internal/rootpublication","Test":"TestTerminalDeleteReservationRefusesForeignDuplicateAndReleasedPinsBeforeDebit","Output":"--- PASS: TestTerminalDeleteReservationRefusesForeignDuplicateAndReleasedPinsBeforeDebit (0.00s)\n"}
{"Action":"pass","Package":"github.com/snissn/gomap/TreeDB/internal/rootpublication","Test":"TestTerminalDeleteReservationRefusesForeignDuplicateAndReleasedPinsBeforeDebit"}
{"Action":"run","Package":"github.com/snissn/gomap/TreeDB/internal/rootpublication","Test":"TestStableTerminalWholeDBGroupRefusalBeforePublication"}
{"Action":"output","Package":"github.com/snissn/gomap/TreeDB/internal/rootpublication","Test":"TestStableTerminalWholeDBGroupRefusalBeforePublication","Output":"=== RUN   TestStableTerminalWholeDBGroupRefusalBeforePublication\n"}
{"Action":"output","Package":"github.com/snissn/gomap/TreeDB/internal/rootpublication","Test":"TestStableTerminalWholeDBGroupRefusalBeforePublication","Output":"--- PASS: TestStableTerminalWholeDBGroupRefusalBeforePublication (0.00s)\n"}
{"Action":"pass","Package":"github.com/snissn/gomap/TreeDB/internal/rootpublication","Test":"TestStableTerminalWholeDBGroupRefusalBeforePublication"}
{"Action":"run","Package":"github.com/snissn/gomap/TreeDB/internal/rootpublication","Test":"TestStableTerminalCommittedPartialDBCleanupKeepsOwnerAndCOWOnce"}
{"Action":"output","Package":"github.com/snissn/gomap/TreeDB/internal/rootpublication","Test":"TestStableTerminalCommittedPartialDBCleanupKeepsOwnerAndCOWOnce","Output":"=== RUN   TestStableTerminalCommittedPartialDBCleanupKeepsOwnerAndCOWOnce\n"}
{"Action":"output","Package":"github.com/snissn/gomap/TreeDB/internal/rootpublication","Test":"TestStableTerminalCommittedPartialDBCleanupKeepsOwnerAndCOWOnce","Output":"--- PASS: TestStableTerminalCommittedPartialDBCleanupKeepsOwnerAndCOWOnce (0.00s)\n"}
{"Action":"pass","Package":"github.com/snissn/gomap/TreeDB/internal/rootpublication","Test":"TestStableTerminalCommittedPartialDBCleanupKeepsOwnerAndCOWOnce"}
{"Action":"run","Package":"github.com/snissn/gomap/TreeDB/internal/rootpublication","Test":"TestStableTerminalAliasRoleRejectedBeforeCreditAndPublication"}
{"Action":"output","Package":"github.com/snissn/gomap/TreeDB/internal/rootpublication","Test":"TestStableTerminalAliasRoleRejectedBeforeCreditAndPublication","Output":"=== RUN   TestStableTerminalAliasRoleRejectedBeforeCreditAndPublication\n"}
{"Action":"output","Package":"github.com/snissn/gomap/TreeDB/internal/rootpublication","Test":"TestStableTerminalAliasRoleRejectedBeforeCreditAndPublication","Output":"--- PASS: TestStableTerminalAliasRoleRejectedBeforeCreditAndPublication (0.00s)\n"}
{"Action":"pass","Package":"github.com/snissn/gomap/TreeDB/internal/rootpublication","Test":"TestStableTerminalAliasRoleRejectedBeforeCreditAndPublication"}
{"Action":"run","Package":"github.com/snissn/gomap/TreeDB/internal/rootpublication","Test":"TestTokenOperationReleaseWaitsForActualAdmittedAliases"}
{"Action":"output","Package":"github.com/snissn/gomap/TreeDB/internal/rootpublication","Test":"TestTokenOperationReleaseWaitsForActualAdmittedAliases","Output":"=== RUN   TestTokenOperationReleaseWaitsForActualAdmittedAliases\n"}
{"Action":"output","Package":"github.com/snissn/gomap/TreeDB/internal/rootpublication","Test":"TestTokenOperationReleaseWaitsForActualAdmittedAliases","Output":"--- PASS: TestTokenOperationReleaseWaitsForActualAdmittedAliases (0.00s)\n"}
{"Action":"pass","Package":"github.com/snissn/gomap/TreeDB/internal/rootpublication","Test":"TestTokenOperationReleaseWaitsForActualAdmittedAliases"}
{"Action":"run","Package":"github.com/snissn/gomap/TreeDB/internal/rootpublication","Test":"TestTokenOperationReentrantReleaseAndCallbackPanicCustody"}
{"Action":"output","Package":"github.com/snissn/gomap/TreeDB/internal/rootpublication","Test":"TestTokenOperationReentrantReleaseAndCallbackPanicCustody","Output":"=== RUN   TestTokenOperationReentrantReleaseAndCallbackPanicCustody\n"}
{"Action":"run","Package":"github.com/snissn/gomap/TreeDB/internal/rootpublication","Test":"TestTokenOperationReentrantReleaseAndCallbackPanicCustody/reentrant"}
{"Action":"output","Package":"github.com/snissn/gomap/TreeDB/internal/rootpublication","Test":"TestTokenOperationReentrantReleaseAndCallbackPanicCustody/reentrant","Output":"=== RUN   TestTokenOperationReentrantReleaseAndCallbackPanicCustody/reentrant\n"}
{"Action":"output","Package":"github.com/snissn/gomap/TreeDB/internal/rootpublication","Test":"TestTokenOperationReentrantReleaseAndCallbackPanicCustody/reentrant","Output":"--- PASS: TestTokenOperationReentrantReleaseAndCallbackPanicCustody/reentrant (0.00s)\n"}
{"Action":"pass","Package":"github.com/snissn/gomap/TreeDB/internal/rootpublication","Test":"TestTokenOperationReentrantReleaseAndCallbackPanicCustody/reentrant"}
{"Action":"run","Package":"github.com/snissn/gomap/TreeDB/internal/rootpublication","Test":"TestTokenOperationReentrantReleaseAndCallbackPanicCustody/operation"}
{"Action":"output","Package":"github.com/snissn/gomap/TreeDB/internal/rootpublication","Test":"TestTokenOperationReentrantReleaseAndCallbackPanicCustody/operation","Output":"=== RUN   TestTokenOperationReentrantReleaseAndCallbackPanicCustody/operation\n"}
{"Action":"output","Package":"github.com/snissn/gomap/TreeDB/internal/rootpublication","Test":"TestTokenOperationReentrantReleaseAndCallbackPanicCustody/operation","Output":"--- PASS: TestTokenOperationReentrantReleaseAndCallbackPanicCustody/operation (0.00s)\n"}
{"Action":"pass","Package":"github.com/snissn/gomap/TreeDB/internal/rootpublication","Test":"TestTokenOperationReentrantReleaseAndCallbackPanicCustody/operation"}
{"Action":"run","Package":"github.com/snissn/gomap/TreeDB/internal/rootpublication","Test":"TestTokenOperationReentrantReleaseAndCallbackPanicCustody/release"}
{"Action":"output","Package":"github.com/snissn/gomap/TreeDB/internal/rootpublication","Test":"TestTokenOperationReentrantReleaseAndCallbackPanicCustody/release","Output":"=== RUN   TestTokenOperationReentrantReleaseAndCallbackPanicCustody/release\n"}
{"Action":"output","Package":"github.com/snissn/gomap/TreeDB/internal/rootpublication","Test":"TestTokenOperationReentrantReleaseAndCallbackPanicCustody/release","Output":"--- PASS: TestTokenOperationReentrantReleaseAndCallbackPanicCustody/release (0.00s)\n"}
{"Action":"pass","Package":"github.com/snissn/gomap/TreeDB/internal/rootpublication","Test":"TestTokenOperationReentrantReleaseAndCallbackPanicCustody/release"}
{"Action":"output","Package":"github.com/snissn/gomap/TreeDB/internal/rootpublication","Test":"TestTokenOperationReentrantReleaseAndCallbackPanicCustody","Output":"--- PASS: TestTokenOperationReentrantReleaseAndCallbackPanicCustody (0.00s)\n"}
{"Action":"pass","Package":"github.com/snissn/gomap/TreeDB/internal/rootpublication","Test":"TestTokenOperationReentrantReleaseAndCallbackPanicCustody"}
{"Action":"run","Package":"github.com/snissn/gomap/TreeDB/internal/rootpublication","Test":"TestTokenConcreteProviderBothClonePathsAfterOriginalOwnerClose"}
{"Action":"output","Package":"github.com/snissn/gomap/TreeDB/internal/rootpublication","Test":"TestTokenConcreteProviderBothClonePathsAfterOriginalOwnerClose","Output":"=== RUN   TestTokenConcreteProviderBothClonePathsAfterOriginalOwnerClose\n"}
{"Action":"run","Package":"github.com/snissn/gomap/TreeDB/internal/rootpublication","Test":"TestTokenConcreteProviderBothClonePathsAfterOriginalOwnerClose/false"}
{"Action":"output","Package":"github.com/snissn/gomap/TreeDB/internal/rootpublication","Test":"TestTokenConcreteProviderBothClonePathsAfterOriginalOwnerClose/false","Output":"=== RUN   TestTokenConcreteProviderBothClonePathsAfterOriginalOwnerClose/false\n"}
{"Action":"output","Package":"github.com/snissn/gomap/TreeDB/internal/rootpublication","Test":"TestTokenConcreteProviderBothClonePathsAfterOriginalOwnerClose/false","Output":"--- PASS: TestTokenConcreteProviderBothClonePathsAfterOriginalOwnerClose/false (0.00s)\n"}
{"Action":"pass","Package":"github.com/snissn/gomap/TreeDB/internal/rootpublication","Test":"TestTokenConcreteProviderBothClonePathsAfterOriginalOwnerClose/false"}
{"Action":"run","Package":"github.com/snissn/gomap/TreeDB/internal/rootpublication","Test":"TestTokenConcreteProviderBothClonePathsAfterOriginalOwnerClose/true"}
{"Action":"output","Package":"github.com/snissn/gomap/TreeDB/internal/rootpublication","Test":"TestTokenConcreteProviderBothClonePathsAfterOriginalOwnerClose/true","Output":"=== RUN   TestTokenConcreteProviderBothClonePathsAfterOriginalOwnerClose/true\n"}
{"Action":"output","Package":"github.com/snissn/gomap/TreeDB/internal/rootpublication","Test":"TestTokenConcreteProviderBothClonePathsAfterOriginalOwnerClose/true","Output":"--- PASS: TestTokenConcreteProviderBothClonePathsAfterOriginalOwnerClose/true (0.00s)\n"}
{"Action":"pass","Package":"github.com/snissn/gomap/TreeDB/internal/rootpublication","Test":"TestTokenConcreteProviderBothClonePathsAfterOriginalOwnerClose/true"}
{"Action":"output","Package":"github.com/snissn/gomap/TreeDB/internal/rootpublication","Test":"TestTokenConcreteProviderBothClonePathsAfterOriginalOwnerClose","Output":"--- PASS: TestTokenConcreteProviderBothClonePathsAfterOriginalOwnerClose (0.01s)\n"}
{"Action":"pass","Package":"github.com/snissn/gomap/TreeDB/internal/rootpublication","Test":"TestTokenConcreteProviderBothClonePathsAfterOriginalOwnerClose"}
{"Action":"run","Package":"github.com/snissn/gomap/TreeDB/internal/rootpublication","Test":"TestTokenCallbackOriginNeverBecomesOwnedAfterScrub"}
{"Action":"output","Package":"github.com/snissn/gomap/TreeDB/internal/rootpublication","Test":"TestTokenCallbackOriginNeverBecomesOwnedAfterScrub","Output":"=== RUN   TestTokenCallbackOriginNeverBecomesOwnedAfterScrub\n"}
{"Action":"output","Package":"github.com/snissn/gomap/TreeDB/internal/rootpublication","Test":"TestTokenCallbackOriginNeverBecomesOwnedAfterScrub","Output":"--- PASS: TestTokenCallbackOriginNeverBecomesOwnedAfterScrub (0.00s)\n"}
{"Action":"pass","Package":"github.com/snissn/gomap/TreeDB/internal/rootpublication","Test":"TestTokenCallbackOriginNeverBecomesOwnedAfterScrub"}
{"Action":"run","Package":"github.com/snissn/gomap/TreeDB/internal/rootpublication","Test":"TestBuilderDisposalCallbacksOutsideLinearIndexedAndViewGates"}
{"Action":"output","Package":"github.com/snissn/gomap/TreeDB/internal/rootpublication","Test":"TestBuilderDisposalCallbacksOutsideLinearIndexedAndViewGates","Output":"=== RUN   TestBuilderDisposalCallbacksOutsideLinearIndexedAndViewGates\n"}
{"Action":"run","Package":"github.com/snissn/gomap/TreeDB/internal/rootpublication","Test":"TestBuilderDisposalCallbacksOutsideLinearIndexedAndViewGates/linear/state/false"}
{"Action":"output","Package":"github.com/snissn/gomap/TreeDB/internal/rootpublication","Test":"TestBuilderDisposalCallbacksOutsideLinearIndexedAndViewGates/linear/state/false","Output":"=== RUN   TestBuilderDisposalCallbacksOutsideLinearIndexedAndViewGates/linear/state/false\n"}
{"Action":"output","Package":"github.com/snissn/gomap/TreeDB/internal/rootpublication","Test":"TestBuilderDisposalCallbacksOutsideLinearIndexedAndViewGates/linear/state/false","Output":"--- PASS: TestBuilderDisposalCallbacksOutsideLinearIndexedAndViewGates/linear/state/false (0.00s)\n"}
{"Action":"pass","Package":"github.com/snissn/gomap/TreeDB/internal/rootpublication","Test":"TestBuilderDisposalCallbacksOutsideLinearIndexedAndViewGates/linear/state/false"}
{"Action":"run","Package":"github.com/snissn/gomap/TreeDB/internal/rootpublication","Test":"TestBuilderDisposalCallbacksOutsideLinearIndexedAndViewGates/linear/state/true"}
{"Action":"output","Package":"github.com/snissn/gomap/TreeDB/internal/rootpublication","Test":"TestBuilderDisposalCallbacksOutsideLinearIndexedAndViewGates/linear/state/true","Output":"=== RUN   TestBuilderDisposalCallbacksOutsideLinearIndexedAndViewGates/linear/state/true\n"}
{"Action":"output","Package":"github.com/snissn/gomap/TreeDB/internal/rootpublication","Test":"TestBuilderDisposalCallbacksOutsideLinearIndexedAndViewGates/linear/state/true","Output":"--- PASS: TestBuilderDisposalCallbacksOutsideLinearIndexedAndViewGates/linear/state/true (0.00s)\n"}
{"Action":"pass","Package":"github.com/snissn/gomap/TreeDB/internal/rootpublication","Test":"TestBuilderDisposalCallbacksOutsideLinearIndexedAndViewGates/linear/state/true"}
{"Action":"run","Package":"github.com/snissn/gomap/TreeDB/internal/rootpublication","Test":"TestBuilderDisposalCallbacksOutsideLinearIndexedAndViewGates/linear/add/false"}
{"Action":"output","Package":"github.com/snissn/gomap/TreeDB/internal/rootpublication","Test":"TestBuilderDisposalCallbacksOutsideLinearIndexedAndViewGates/linear/add/false","Output":"=== RUN   TestBuilderDisposalCallbacksOutsideLinearIndexedAndViewGates/linear/add/false\n"}
{"Action":"output","Package":"github.com/snissn/gomap/TreeDB/internal/rootpublication","Test":"TestBuilderDisposalCallbacksOutsideLinearIndexedAndViewGates/linear/add/false","Output":"--- PASS: TestBuilderDisposalCallbacksOutsideLinearIndexedAndViewGates/linear/add/false (0.00s)\n"}
{"Action":"pass","Package":"github.com/snissn/gomap/TreeDB/internal/rootpublication","Test":"TestBuilderDisposalCallbacksOutsideLinearIndexedAndViewGates/linear/add/false"}
{"Action":"run","Package":"github.com/snissn/gomap/TreeDB/internal/rootpublication","Test":"TestBuilderDisposalCallbacksOutsideLinearIndexedAndViewGates/linear/add/true"}
{"Action":"output","Package":"github.com/snissn/gomap/TreeDB/internal/rootpublication","Test":"TestBuilderDisposalCallbacksOutsideLinearIndexedAndViewGates/linear/add/true","Output":"=== RUN   TestBuilderDisposalCallbacksOutsideLinearIndexedAndViewGates/linear/add/true\n"}
{"Action":"output","Package":"github.com/snissn/gomap/TreeDB/internal/rootpublication","Test":"TestBuilderDisposalCallbacksOutsideLinearIndexedAndViewGates/linear/add/true","Output":"--- PASS: TestBuilderDisposalCallbacksOutsideLinearIndexedAndViewGates/linear/add/true (0.00s)\n"}
{"Action":"pass","Package":"github.com/snissn/gomap/TreeDB/internal/rootpublication","Test":"TestBuilderDisposalCallbacksOutsideLinearIndexedAndViewGates/linear/add/true"}
{"Action":"run","Package":"github.com/snissn/gomap/TreeDB/internal/rootpublication","Test":"TestBuilderDisposalCallbacksOutsideLinearIndexedAndViewGates/linear/abandon/false"}
{"Action":"output","Package":"github.com/snissn/gomap/TreeDB/internal/rootpublication","Test":"TestBuilderDisposalCallbacksOutsideLinearIndexedAndViewGates/linear/abandon/false","Output":"=== RUN   TestBuilderDisposalCallbacksOutsideLinearIndexedAndViewGates/linear/abandon/false\n"}
{"Action":"output","Package":"github.com/snissn/gomap/TreeDB/internal/rootpublication","Test":"TestBuilderDisposalCallbacksOutsideLinearIndexedAndViewGates/linear/abandon/false","Output":"--- PASS: TestBuilderDisposalCallbacksOutsideLinearIndexedAndViewGates/linear/abandon/false (0.00s)\n"}
{"Action":"pass","Package":"github.com/snissn/gomap/TreeDB/internal/rootpublication","Test":"TestBuilderDisposalCallbacksOutsideLinearIndexedAndViewGates/linear/abandon/false"}
{"Action":"run","Package":"github.com/snissn/gomap/TreeDB/internal/rootpublication","Test":"TestBuilderDisposalCallbacksOutsideLinearIndexedAndViewGates/linear/abandon/true"}
{"Action":"output","Package":"github.com/snissn/gomap/TreeDB/internal/rootpublication","Test":"TestBuilderDisposalCallbacksOutsideLinearIndexedAndViewGates/linear/abandon/true","Output":"=== RUN   TestBuilderDisposalCallbacksOutsideLinearIndexedAndViewGates/linear/abandon/true\n"}
{"Action":"output","Package":"github.com/snissn/gomap/TreeDB/internal/rootpublication","Test":"TestBuilderDisposalCallbacksOutsideLinearIndexedAndViewGates/linear/abandon/true","Output":"--- PASS: TestBuilderDisposalCallbacksOutsideLinearIndexedAndViewGates/linear/abandon/true (0.00s)\n"}
{"Action":"pass","Package":"github.com/snissn/gomap/TreeDB/internal/rootpublication","Test":"TestBuilderDisposalCallbacksOutsideLinearIndexedAndViewGates/linear/abandon/true"}
{"Action":"run","Package":"github.com/snissn/gomap/TreeDB/internal/rootpublication","Test":"TestBuilderDisposalCallbacksOutsideLinearIndexedAndViewGates/indexed/state/false"}
{"Action":"output","Package":"github.com/snissn/gomap/TreeDB/internal/rootpublication","Test":"TestBuilderDisposalCallbacksOutsideLinearIndexedAndViewGates/indexed/state/false","Output":"=== RUN   TestBuilderDisposalCallbacksOutsideLinearIndexedAndViewGates/indexed/state/false\n"}
{"Action":"output","Package":"github.com/snissn/gomap/TreeDB/internal/rootpublication","Test":"TestBuilderDisposalCallbacksOutsideLinearIndexedAndViewGates/indexed/state/false","Output":"--- PASS: TestBuilderDisposalCallbacksOutsideLinearIndexedAndViewGates/indexed/state/false (0.00s)\n"}
{"Action":"pass","Package":"github.com/snissn/gomap/TreeDB/internal/rootpublication","Test":"TestBuilderDisposalCallbacksOutsideLinearIndexedAndViewGates/indexed/state/false"}
{"Action":"run","Package":"github.com/snissn/gomap/TreeDB/internal/rootpublication","Test":"TestBuilderDisposalCallbacksOutsideLinearIndexedAndViewGates/indexed/state/true"}
{"Action":"output","Package":"github.com/snissn/gomap/TreeDB/internal/rootpublication","Test":"TestBuilderDisposalCallbacksOutsideLinearIndexedAndViewGates/indexed/state/true","Output":"=== RUN   TestBuilderDisposalCallbacksOutsideLinearIndexedAndViewGates/indexed/state/true\n"}
{"Action":"output","Package":"github.com/snissn/gomap/TreeDB/internal/rootpublication","Test":"TestBuilderDisposalCallbacksOutsideLinearIndexedAndViewGates/indexed/state/true","Output":"--- PASS: TestBuilderDisposalCallbacksOutsideLinearIndexedAndViewGates/indexed/state/true (0.00s)\n"}
{"Action":"pass","Package":"github.com/snissn/gomap/TreeDB/internal/rootpublication","Test":"TestBuilderDisposalCallbacksOutsideLinearIndexedAndViewGates/indexed/state/true"}
{"Action":"run","Package":"github.com/snissn/gomap/TreeDB/internal/rootpublication","Test":"TestBuilderDisposalCallbacksOutsideLinearIndexedAndViewGates/indexed/add/false"}
{"Action":"output","Package":"github.com/snissn/gomap/TreeDB/internal/rootpublication","Test":"TestBuilderDisposalCallbacksOutsideLinearIndexedAndViewGates/indexed/add/false","Output":"=== RUN   TestBuilderDisposalCallbacksOutsideLinearIndexedAndViewGates/indexed/add/false\n"}
{"Action":"output","Package":"github.com/snissn/gomap/TreeDB/internal/rootpublication","Test":"TestBuilderDisposalCallbacksOutsideLinearIndexedAndViewGates/indexed/add/false","Output":"--- PASS: TestBuilderDisposalCallbacksOutsideLinearIndexedAndViewGates/indexed/add/false (0.00s)\n"}
{"Action":"pass","Package":"github.com/snissn/gomap/TreeDB/internal/rootpublication","Test":"TestBuilderDisposalCallbacksOutsideLinearIndexedAndViewGates/indexed/add/false"}
{"Action":"run","Package":"github.com/snissn/gomap/TreeDB/internal/rootpublication","Test":"TestBuilderDisposalCallbacksOutsideLinearIndexedAndViewGates/indexed/add/true"}
{"Action":"output","Package":"github.com/snissn/gomap/TreeDB/internal/rootpublication","Test":"TestBuilderDisposalCallbacksOutsideLinearIndexedAndViewGates/indexed/add/true","Output":"=== RUN   TestBuilderDisposalCallbacksOutsideLinearIndexedAndViewGates/indexed/add/true\n"}
{"Action":"output","Package":"github.com/snissn/gomap/TreeDB/internal/rootpublication","Test":"TestBuilderDisposalCallbacksOutsideLinearIndexedAndViewGates/indexed/add/true","Output":"--- PASS: TestBuilderDisposalCallbacksOutsideLinearIndexedAndViewGates/indexed/add/true (0.00s)\n"}
{"Action":"pass","Package":"github.com/snissn/gomap/TreeDB/internal/rootpublication","Test":"TestBuilderDisposalCallbacksOutsideLinearIndexedAndViewGates/indexed/add/true"}
{"Action":"run","Package":"github.com/snissn/gomap/TreeDB/internal/rootpublication","Test":"TestBuilderDisposalCallbacksOutsideLinearIndexedAndViewGates/indexed/abandon/false"}
{"Action":"output","Package":"github.com/snissn/gomap/TreeDB/internal/rootpublication","Test":"TestBuilderDisposalCallbacksOutsideLinearIndexedAndViewGates/indexed/abandon/false","Output":"=== RUN   TestBuilderDisposalCallbacksOutsideLinearIndexedAndViewGates/indexed/abandon/false\n"}
{"Action":"output","Package":"github.com/snissn/gomap/TreeDB/internal/rootpublication","Test":"TestBuilderDisposalCallbacksOutsideLinearIndexedAndViewGates/indexed/abandon/false","Output":"--- PASS: TestBuilderDisposalCallbacksOutsideLinearIndexedAndViewGates/indexed/abandon/false (0.00s)\n"}
{"Action":"pass","Package":"github.com/snissn/gomap/TreeDB/internal/rootpublication","Test":"TestBuilderDisposalCallbacksOutsideLinearIndexedAndViewGates/indexed/abandon/false"}
{"Action":"run","Package":"github.com/snissn/gomap/TreeDB/internal/rootpublication","Test":"TestBuilderDisposalCallbacksOutsideLinearIndexedAndViewGates/indexed/abandon/true"}
{"Action":"output","Package":"github.com/snissn/gomap/TreeDB/internal/rootpublication","Test":"TestBuilderDisposalCallbacksOutsideLinearIndexedAndViewGates/indexed/abandon/true","Output":"=== RUN   TestBuilderDisposalCallbacksOutsideLinearIndexedAndViewGates/indexed/abandon/true\n"}
{"Action":"output","Package":"github.com/snissn/gomap/TreeDB/internal/rootpublication","Test":"TestBuilderDisposalCallbacksOutsideLinearIndexedAndViewGates/indexed/abandon/true","Output":"--- PASS: TestBuilderDisposalCallbacksOutsideLinearIndexedAndViewGates/indexed/abandon/true (0.00s)\n"}
{"Action":"pass","Package":"github.com/snissn/gomap/TreeDB/internal/rootpublication","Test":"TestBuilderDisposalCallbacksOutsideLinearIndexedAndViewGates/indexed/abandon/true"}
{"Action":"run","Package":"github.com/snissn/gomap/TreeDB/internal/rootpublication","Test":"TestBuilderDisposalCallbacksOutsideLinearIndexedAndViewGates/view/state/false"}
{"Action":"output","Package":"github.com/snissn/gomap/TreeDB/internal/rootpublication","Test":"TestBuilderDisposalCallbacksOutsideLinearIndexedAndViewGates/view/state/false","Output":"=== RUN   TestBuilderDisposalCallbacksOutsideLinearIndexedAndViewGates/view/state/false\n"}
{"Action":"output","Package":"github.com/snissn/gomap/TreeDB/internal/rootpublication","Test":"TestBuilderDisposalCallbacksOutsideLinearIndexedAndViewGates/view/state/false","Output":"--- PASS: TestBuilderDisposalCallbacksOutsideLinearIndexedAndViewGates/view/state/false (0.00s)\n"}
{"Action":"pass","Package":"github.com/snissn/gomap/TreeDB/internal/rootpublication","Test":"TestBuilderDisposalCallbacksOutsideLinearIndexedAndViewGates/view/state/false"}
{"Action":"run","Package":"github.com/snissn/gomap/TreeDB/internal/rootpublication","Test":"TestBuilderDisposalCallbacksOutsideLinearIndexedAndViewGates/view/state/true"}
{"Action":"output","Package":"github.com/snissn/gomap/TreeDB/internal/rootpublication","Test":"TestBuilderDisposalCallbacksOutsideLinearIndexedAndViewGates/view/state/true","Output":"=== RUN   TestBuilderDisposalCallbacksOutsideLinearIndexedAndViewGates/view/state/true\n"}
{"Action":"output","Package":"github.com/snissn/gomap/TreeDB/internal/rootpublication","Test":"TestBuilderDisposalCallbacksOutsideLinearIndexedAndViewGates/view/state/true","Output":"--- PASS: TestBuilderDisposalCallbacksOutsideLinearIndexedAndViewGates/view/state/true (0.00s)\n"}
{"Action":"pass","Package":"github.com/snissn/gomap/TreeDB/internal/rootpublication","Test":"TestBuilderDisposalCallbacksOutsideLinearIndexedAndViewGates/view/state/true"}
{"Action":"run","Package":"github.com/snissn/gomap/TreeDB/internal/rootpublication","Test":"TestBuilderDisposalCallbacksOutsideLinearIndexedAndViewGates/view/add/false"}
{"Action":"output","Package":"github.com/snissn/gomap/TreeDB/internal/rootpublication","Test":"TestBuilderDisposalCallbacksOutsideLinearIndexedAndViewGates/view/add/false","Output":"=== RUN   TestBuilderDisposalCallbacksOutsideLinearIndexedAndViewGates/view/add/false\n"}
{"Action":"output","Package":"github.com/snissn/gomap/TreeDB/internal/rootpublication","Test":"TestBuilderDisposalCallbacksOutsideLinearIndexedAndViewGates/view/add/false","Output":"--- PASS: TestBuilderDisposalCallbacksOutsideLinearIndexedAndViewGates/view/add/false (0.00s)\n"}
{"Action":"pass","Package":"github.com/snissn/gomap/TreeDB/internal/rootpublication","Test":"TestBuilderDisposalCallbacksOutsideLinearIndexedAndViewGates/view/add/false"}
{"Action":"run","Package":"github.com/snissn/gomap/TreeDB/internal/rootpublication","Test":"TestBuilderDisposalCallbacksOutsideLinearIndexedAndViewGates/view/add/true"}
{"Action":"output","Package":"github.com/snissn/gomap/TreeDB/internal/rootpublication","Test":"TestBuilderDisposalCallbacksOutsideLinearIndexedAndViewGates/view/add/true","Output":"=== RUN   TestBuilderDisposalCallbacksOutsideLinearIndexedAndViewGates/view/add/true\n"}
{"Action":"output","Package":"github.com/snissn/gomap/TreeDB/internal/rootpublication","Test":"TestBuilderDisposalCallbacksOutsideLinearIndexedAndViewGates/view/add/true","Output":"--- PASS: TestBuilderDisposalCallbacksOutsideLinearIndexedAndViewGates/view/add/true (0.00s)\n"}
{"Action":"pass","Package":"github.com/snissn/gomap/TreeDB/internal/rootpublication","Test":"TestBuilderDisposalCallbacksOutsideLinearIndexedAndViewGates/view/add/true"}
{"Action":"run","Package":"github.com/snissn/gomap/TreeDB/internal/rootpublication","Test":"TestBuilderDisposalCallbacksOutsideLinearIndexedAndViewGates/view/abandon/false"}
{"Action":"output","Package":"github.com/snissn/gomap/TreeDB/internal/rootpublication","Test":"TestBuilderDisposalCallbacksOutsideLinearIndexedAndViewGates/view/abandon/false","Output":"=== RUN   TestBuilderDisposalCallbacksOutsideLinearIndexedAndViewGates/view/abandon/false\n"}
{"Action":"output","Package":"github.com/snissn/gomap/TreeDB/internal/rootpublication","Test":"TestBuilderDisposalCallbacksOutsideLinearIndexedAndViewGates/view/abandon/false","Output":"--- PASS: TestBuilderDisposalCallbacksOutsideLinearIndexedAndViewGates/view/abandon/false (0.00s)\n"}
{"Action":"pass","Package":"github.com/snissn/gomap/TreeDB/internal/rootpublication","Test":"TestBuilderDisposalCallbacksOutsideLinearIndexedAndViewGates/view/abandon/false"}
{"Action":"run","Package":"github.com/snissn/gomap/TreeDB/internal/rootpublication","Test":"TestBuilderDisposalCallbacksOutsideLinearIndexedAndViewGates/view/abandon/true"}
{"Action":"output","Package":"github.com/snissn/gomap/TreeDB/internal/rootpublication","Test":"TestBuilderDisposalCallbacksOutsideLinearIndexedAndViewGates/view/abandon/true","Output":"=== RUN   TestBuilderDisposalCallbacksOutsideLinearIndexedAndViewGates/view/abandon/true\n"}
{"Action":"output","Package":"github.com/snissn/gomap/TreeDB/internal/rootpublication","Test":"TestBuilderDisposalCallbacksOutsideLinearIndexedAndViewGates/view/abandon/true","Output":"--- PASS: TestBuilderDisposalCallbacksOutsideLinearIndexedAndViewGates/view/abandon/true (0.00s)\n"}
{"Action":"pass","Package":"github.com/snissn/gomap/TreeDB/internal/rootpublication","Test":"TestBuilderDisposalCallbacksOutsideLinearIndexedAndViewGates/view/abandon/true"}
{"Action":"output","Package":"github.com/snissn/gomap/TreeDB/internal/rootpublication","Test":"TestBuilderDisposalCallbacksOutsideLinearIndexedAndViewGates","Output":"--- PASS: TestBuilderDisposalCallbacksOutsideLinearIndexedAndViewGates (0.00s)\n"}
{"Action":"pass","Package":"github.com/snissn/gomap/TreeDB/internal/rootpublication","Test":"TestBuilderDisposalCallbacksOutsideLinearIndexedAndViewGates"}
{"Action":"run","Package":"github.com/snissn/gomap/TreeDB/internal/rootpublication","Test":"TestTokenCloneRefusalBalancesOriginalCreatorAndObservation"}
{"Action":"output","Package":"github.com/snissn/gomap/TreeDB/internal/rootpublication","Test":"TestTokenCloneRefusalBalancesOriginalCreatorAndObservation","Output":"=== RUN   TestTokenCloneRefusalBalancesOriginalCreatorAndObservation\n"}
{"Action":"output","Package":"github.com/snissn/gomap/TreeDB/internal/rootpublication","Test":"TestTokenCloneRefusalBalancesOriginalCreatorAndObservation","Output":"--- PASS: TestTokenCloneRefusalBalancesOriginalCreatorAndObservation (0.00s)\n"}
{"Action":"pass","Package":"github.com/snissn/gomap/TreeDB/internal/rootpublication","Test":"TestTokenCloneRefusalBalancesOriginalCreatorAndObservation"}
{"Action":"run","Package":"github.com/snissn/gomap/TreeDB/internal/rootpublication","Test":"TestBuilderNestedViewMergeDisposalOutsideParentAndChildGates"}
{"Action":"output","Package":"github.com/snissn/gomap/TreeDB/internal/rootpublication","Test":"TestBuilderNestedViewMergeDisposalOutsideParentAndChildGates","Output":"=== RUN   TestBuilderNestedViewMergeDisposalOutsideParentAndChildGates\n"}
{"Action":"output","Package":"github.com/snissn/gomap/TreeDB/internal/rootpublication","Test":"TestBuilderNestedViewMergeDisposalOutsideParentAndChildGates","Output":"--- PASS: TestBuilderNestedViewMergeDisposalOutsideParentAndChildGates (0.00s)\n"}
{"Action":"pass","Package":"github.com/snissn/gomap/TreeDB/internal/rootpublication","Test":"TestBuilderNestedViewMergeDisposalOutsideParentAndChildGates"}
{"Action":"run","Package":"github.com/snissn/gomap/TreeDB/internal/rootpublication","Test":"TestTokenOrdinaryMetadataAdmissionConcurrentRelease"}
{"Action":"output","Package":"github.com/snissn/gomap/TreeDB/internal/rootpublication","Test":"TestTokenOrdinaryMetadataAdmissionConcurrentRelease","Output":"=== RUN   TestTokenOrdinaryMetadataAdmissionConcurrentRelease\n"}
{"Action":"output","Package":"github.com/snissn/gomap/TreeDB/internal/rootpublication","Test":"TestTokenOrdinaryMetadataAdmissionConcurrentRelease","Output":"--- PASS: TestTokenOrdinaryMetadataAdmissionConcurrentRelease (0.00s)\n"}
{"Action":"pass","Package":"github.com/snissn/gomap/TreeDB/internal/rootpublication","Test":"TestTokenOrdinaryMetadataAdmissionConcurrentRelease"}
{"Action":"run","Package":"github.com/snissn/gomap/TreeDB/internal/rootpublication","Test":"TestTokenPhaseOneKnownControlClasses"}
{"Action":"output","Package":"github.com/snissn/gomap/TreeDB/internal/rootpublication","Test":"TestTokenPhaseOneKnownControlClasses","Output":"=== RUN   TestTokenPhaseOneKnownControlClasses\n"}
{"Action":"output","Package":"github.com/snissn/gomap/TreeDB/internal/rootpublication","Test":"TestTokenPhaseOneKnownControlClasses","Output":"--- PASS: TestTokenPhaseOneKnownControlClasses (0.00s)\n"}
{"Action":"pass","Package":"github.com/snissn/gomap/TreeDB/internal/rootpublication","Test":"TestTokenPhaseOneKnownControlClasses"}
{"Action":"run","Package":"github.com/snissn/gomap/TreeDB/internal/rootpublication","Test":"TestTokenSharedCloneWithoutRegistryRetainsNilReleaseEnvironment"}
{"Action":"output","Package":"github.com/snissn/gomap/TreeDB/internal/rootpublication","Test":"TestTokenSharedCloneWithoutRegistryRetainsNilReleaseEnvironment","Output":"=== RUN   TestTokenSharedCloneWithoutRegistryRetainsNilReleaseEnvironment\n"}
{"Action":"run","Package":"github.com/snissn/gomap/TreeDB/internal/rootpublication","Test":"TestTokenSharedCloneWithoutRegistryRetainsNilReleaseEnvironment/default"}
{"Action":"output","Package":"github.com/snissn/gomap/TreeDB/internal/rootpublication","Test":"TestTokenSharedCloneWithoutRegistryRetainsNilReleaseEnvironment/default","Output":"=== RUN   TestTokenSharedCloneWithoutRegistryRetainsNilReleaseEnvironment/default\n"}
{"Action":"output","Package":"github.com/snissn/gomap/TreeDB/internal/rootpublication","Test":"TestTokenSharedCloneWithoutRegistryRetainsNilReleaseEnvironment/default","Output":"--- PASS: TestTokenSharedCloneWithoutRegistryRetainsNilReleaseEnvironment/default (0.00s)\n"}
{"Action":"pass","Package":"github.com/snissn/gomap/TreeDB/internal/rootpublication","Test":"TestTokenSharedCloneWithoutRegistryRetainsNilReleaseEnvironment/default"}
{"Action":"run","Package":"github.com/snissn/gomap/TreeDB/internal/rootpublication","Test":"TestTokenSharedCloneWithoutRegistryRetainsNilReleaseEnvironment/provider"}
{"Action":"output","Package":"github.com/snissn/gomap/TreeDB/internal/rootpublication","Test":"TestTokenSharedCloneWithoutRegistryRetainsNilReleaseEnvironment/provider","Output":"=== RUN   TestTokenSharedCloneWithoutRegistryRetainsNilReleaseEnvironment/provider\n"}
{"Action":"output","Package":"github.com/snissn/gomap/TreeDB/internal/rootpublication","Test":"TestTokenSharedCloneWithoutRegistryRetainsNilReleaseEnvironment/provider","Output":"--- PASS: TestTokenSharedCloneWithoutRegistryRetainsNilReleaseEnvironment/provider (0.00s)\n"}
{"Action":"pass","Package":"github.com/snissn/gomap/TreeDB/internal/rootpublication","Test":"TestTokenSharedCloneWithoutRegistryRetainsNilReleaseEnvironment/provider"}
{"Action":"run","Package":"github.com/snissn/gomap/TreeDB/internal/rootpublication","Test":"TestTokenSharedCloneWithoutRegistryRetainsNilReleaseEnvironment/legacy"}
{"Action":"output","Package":"github.com/snissn/gomap/TreeDB/internal/rootpublication","Test":"TestTokenSharedCloneWithoutRegistryRetainsNilReleaseEnvironment/legacy","Output":"=== RUN   TestTokenSharedCloneWithoutRegistryRetainsNilReleaseEnvironment/legacy\n"}
{"Action":"output","Package":"github.com/snissn/gomap/TreeDB/internal/rootpublication","Test":"TestTokenSharedCloneWithoutRegistryRetainsNilReleaseEnvironment/legacy","Output":"--- PASS: TestTokenSharedCloneWithoutRegistryRetainsNilReleaseEnvironment/legacy (0.00s)\n"}
{"Action":"pass","Package":"github.com/snissn/gomap/TreeDB/internal/rootpublication","Test":"TestTokenSharedCloneWithoutRegistryRetainsNilReleaseEnvironment/legacy"}
{"Action":"output","Package":"github.com/snissn/gomap/TreeDB/internal/rootpublication","Test":"TestTokenSharedCloneWithoutRegistryRetainsNilReleaseEnvironment","Output":"--- PASS: TestTokenSharedCloneWithoutRegistryRetainsNilReleaseEnvironment (0.01s)\n"}
{"Action":"pass","Package":"github.com/snissn/gomap/TreeDB/internal/rootpublication","Test":"TestTokenSharedCloneWithoutRegistryRetainsNilReleaseEnvironment"}
{"Action":"run","Package":"github.com/snissn/gomap/TreeDB/internal/rootpublication","Test":"TestTokenPhysicalCloneWithoutRegistryRetainsNilReleaseEnvironment"}
{"Action":"output","Package":"github.com/snissn/gomap/TreeDB/internal/rootpublication","Test":"TestTokenPhysicalCloneWithoutRegistryRetainsNilReleaseEnvironment","Output":"=== RUN   TestTokenPhysicalCloneWithoutRegistryRetainsNilReleaseEnvironment\n"}
{"Action":"run","Package":"github.com/snissn/gomap/TreeDB/internal/rootpublication","Test":"TestTokenPhysicalCloneWithoutRegistryRetainsNilReleaseEnvironment/default"}
{"Action":"output","Package":"github.com/snissn/gomap/TreeDB/internal/rootpublication","Test":"TestTokenPhysicalCloneWithoutRegistryRetainsNilReleaseEnvironment/default","Output":"=== RUN   TestTokenPhysicalCloneWithoutRegistryRetainsNilReleaseEnvironment/default\n"}
{"Action":"output","Package":"github.com/snissn/gomap/TreeDB/internal/rootpublication","Test":"TestTokenPhysicalCloneWithoutRegistryRetainsNilReleaseEnvironment/default","Output":"--- PASS: TestTokenPhysicalCloneWithoutRegistryRetainsNilReleaseEnvironment/default (0.00s)\n"}
{"Action":"pass","Package":"github.com/snissn/gomap/TreeDB/internal/rootpublication","Test":"TestTokenPhysicalCloneWithoutRegistryRetainsNilReleaseEnvironment/default"}
{"Action":"run","Package":"github.com/snissn/gomap/TreeDB/internal/rootpublication","Test":"TestTokenPhysicalCloneWithoutRegistryRetainsNilReleaseEnvironment/provider"}
{"Action":"output","Package":"github.com/snissn/gomap/TreeDB/internal/rootpublication","Test":"TestTokenPhysicalCloneWithoutRegistryRetainsNilReleaseEnvironment/provider","Output":"=== RUN   TestTokenPhysicalCloneWithoutRegistryRetainsNilReleaseEnvironment/provider\n"}
{"Action":"output","Package":"github.com/snissn/gomap/TreeDB/internal/rootpublication","Test":"TestTokenPhysicalCloneWithoutRegistryRetainsNilReleaseEnvironment/provider","Output":"--- PASS: TestTokenPhysicalCloneWithoutRegistryRetainsNilReleaseEnvironment/provider (0.00s)\n"}
{"Action":"pass","Package":"github.com/snissn/gomap/TreeDB/internal/rootpublication","Test":"TestTokenPhysicalCloneWithoutRegistryRetainsNilReleaseEnvironment/provider"}
{"Action":"run","Package":"github.com/snissn/gomap/TreeDB/internal/rootpublication","Test":"TestTokenPhysicalCloneWithoutRegistryRetainsNilReleaseEnvironment/legacy"}
{"Action":"output","Package":"github.com/snissn/gomap/TreeDB/internal/rootpublication","Test":"TestTokenPhysicalCloneWithoutRegistryRetainsNilReleaseEnvironment/legacy","Output":"=== RUN   TestTokenPhysicalCloneWithoutRegistryRetainsNilReleaseEnvironment/legacy\n"}
{"Action":"output","Package":"github.com/snissn/gomap/TreeDB/internal/rootpublication","Test":"TestTokenPhysicalCloneWithoutRegistryRetainsNilReleaseEnvironment/legacy","Output":"--- PASS: TestTokenPhysicalCloneWithoutRegistryRetainsNilReleaseEnvironment/legacy (0.00s)\n"}
{"Action":"pass","Package":"github.com/snissn/gomap/TreeDB/internal/rootpublication","Test":"TestTokenPhysicalCloneWithoutRegistryRetainsNilReleaseEnvironment/legacy"}
{"Action":"output","Package":"github.com/snissn/gomap/TreeDB/internal/rootpublication","Test":"TestTokenPhysicalCloneWithoutRegistryRetainsNilReleaseEnvironment","Output":"--- PASS: TestTokenPhysicalCloneWithoutRegistryRetainsNilReleaseEnvironment (0.01s)\n"}
{"Action":"pass","Package":"github.com/snissn/gomap/TreeDB/internal/rootpublication","Test":"TestTokenPhysicalCloneWithoutRegistryRetainsNilReleaseEnvironment"}
{"Action":"output","Package":"github.com/snissn/gomap/TreeDB/internal/rootpublication","Output":"FAIL\n"}
{"Action":"fail","Package":"github.com/snissn/gomap/TreeDB/internal/rootpublication"}
